epoch,train_loss,val_loss,lr,best_val_loss_so_far
0,0.041541394777596,0.043623176869004965,0.0,inf
1,0.03851976548321545,0.04143990948796272,2e-09,0.043623176869004965
2,0.03835938172414899,0.03850472345948219,4e-09,0.04143990948796272
3,0.03883643262088299,0.04138218937441707,6.000000000000001e-09,0.03850472345948219
4,0.03950591618195176,0.03871047776192427,8e-09,0.03850472345948219
5,0.03721574414521456,0.037068358855322,1e-08,0.03850472345948219
6,0.03624971583485603,0.038916829973459244,1.2000000000000002e-08,0.037068358855322
7,0.03520506573840976,0.0339342150837183,1.4000000000000001e-08,0.037068358855322
8,0.03473659115843475,0.03652322245761752,1.6e-08,0.0339342150837183
9,0.035126170841977,0.034670504508540034,1.8000000000000002e-08,0.0339342150837183
10,0.03328178566880524,0.03692825580947101,2e-08,0.0339342150837183
11,0.03811077470891178,0.03491075010970235,2.2000000000000002e-08,0.0339342150837183
12,0.03581747622229159,0.03424035431817174,2.4000000000000003e-08,0.0339342150837183
13,0.033905371790751815,0.034443762851879,2.6000000000000005e-08,0.0339342150837183
14,0.03109638812020421,0.03458249825052917,2.8000000000000003e-08,0.0339342150837183
15,0.031619197921827435,0.031910309102386236,3.0000000000000004e-08,0.0339342150837183
16,0.035070091718807817,0.031248015584424138,3.2e-08,0.031910309102386236
17,0.03093891148455441,0.0319971670396626,3.4e-08,0.031248015584424138
18,0.0308738115709275,0.030740315560251474,3.6000000000000005e-08,0.031248015584424138
19,0.028440315509214997,0.030110904248431325,3.8e-08,0.030740315560251474
20,0.03103086957708001,0.03037042240612209,4e-08,0.030110904248431325
21,0.029983468586578965,0.030445671174675226,4.2e-08,0.030110904248431325
22,0.02836276078596711,0.030473384307697415,4.4000000000000004e-08,0.030110904248431325
23,0.029083288740366697,0.028625907143577933,4.6e-08,0.030110904248431325
24,0.02811342873610556,0.027812854619696736,4.8000000000000006e-08,0.028625907143577933
25,0.0260050802025944,0.02752677141688764,5e-08,0.027812854619696736
26,0.026274075964465737,0.026513039134442806,5.200000000000001e-08,0.02752677141688764
27,0.02670291531831026,0.026155287865549326,5.4e-08,0.026513039134442806
28,0.026693008840084076,0.024439336732029915,5.6000000000000005e-08,0.026155287865549326
29,0.022742062341421843,0.025042404886335135,5.8e-08,0.024439336732029915
30,0.025424796156585217,0.02483854815363884,6.000000000000001e-08,0.024439336732029915
31,0.024041587254032493,0.025591142708435655,6.2e-08,0.024439336732029915
32,0.02231301716528833,0.02399661368690431,6.4e-08,0.024439336732029915
33,0.022982804337516427,0.022506916197016835,6.600000000000001e-08,0.02399661368690431
34,0.023645474575459957,0.021520672366023064,6.8e-08,0.022506916197016835
35,0.022607706021517515,0.025228191865608096,7e-08,0.021520672366023064
36,0.022438350832089782,0.020953601924702525,7.200000000000001e-08,0.021520672366023064
37,0.02063830546103418,0.021485454635694623,7.400000000000001e-08,0.020953601924702525
38,0.02228659368120134,0.02046546246856451,7.6e-08,0.020953601924702525
39,0.02186015946790576,0.01961264992132783,7.800000000000001e-08,0.02046546246856451
40,0.02129456284455955,0.019339132588356733,8e-08,0.01961264992132783
41,0.021337187383323908,0.02028264570981264,8.2e-08,0.019339132588356733
42,0.01949957082979381,0.01878105173818767,8.4e-08,0.019339132588356733
43,0.018994240323081613,0.018017250229604542,8.6e-08,0.01878105173818767
44,0.01859135157428682,0.017574200173839927,8.800000000000001e-08,0.018017250229604542
45,0.017846986884251237,0.018036858644336462,9.000000000000001e-08,0.017574200173839927
46,0.01841991487890482,0.018319724826142192,9.2e-08,0.017574200173839927
47,0.01893875258974731,0.018034028355032206,9.400000000000001e-08,0.017574200173839927
48,0.017627254012040794,0.018221076694317162,9.600000000000001e-08,0.017574200173839927
49,0.017487740027718246,0.017116641043685377,9.800000000000002e-08,0.017574200173839927
50,0.015676324954256415,0.016814301488921046,1e-07,0.017116641043685377
51,0.017649981891736388,0.016253794310614467,1.0200000000000001e-07,0.016814301488921046
52,0.017540987581014633,0.015576280071400106,1.0400000000000002e-07,0.016253794310614467
53,0.017159365699626505,0.015541396336629987,1.0600000000000002e-07,0.015576280071400106
54,0.01674450747668743,0.015502398484386504,1.08e-07,0.015541396336629987
55,0.015920952311716974,0.015535135171376169,1.1e-07,0.015502398484386504
56,0.01578998554032296,0.015393094741739333,1.1200000000000001e-07,0.015502398484386504
57,0.015224446426145732,0.014268654631450772,1.1400000000000001e-07,0.015393094741739333
58,0.015194057603366673,0.015124650672078133,1.16e-07,0.014268654631450772
59,0.01495853706728667,0.013299722922965884,1.1800000000000001e-07,0.014268654631450772
60,0.014879507478326559,0.014141688239760697,1.2000000000000002e-07,0.013299722922965884
61,0.014787723193876445,0.014337822329252958,1.22e-07,0.013299722922965884
62,0.014699453022331,0.014084425172768533,1.24e-07,0.013299722922965884
63,0.014419954037293792,0.0138031275710091,1.2600000000000002e-07,0.013299722922965884
64,0.014820106676779687,0.014547236612997949,1.28e-07,0.013299722922965884
65,0.01438301126472652,0.013841287116520107,1.3000000000000003e-07,0.013299722922965884
66,0.013927495572715998,0.013255675323307514,1.3200000000000002e-07,0.013299722922965884
67,0.014315480599179864,0.014357296633534133,1.34e-07,0.013255675323307514
68,0.014408993301913142,0.013255202444270253,1.36e-07,0.013255675323307514
69,0.013372144079767168,0.01331455004401505,1.3800000000000002e-07,0.013255202444270253
70,0.013156885281205177,0.013267090893350542,1.4e-07,0.013255202444270253
71,0.013216661405749619,0.013743427582085133,1.42e-07,0.013255202444270253
72,0.012344626942649484,0.013573344214819372,1.4400000000000002e-07,0.013255202444270253
73,0.012914388673380017,0.012380056665278971,1.46e-07,0.013255202444270253
74,0.013359618023969233,0.012687468668445945,1.4800000000000003e-07,0.012380056665278971
75,0.013251901953481138,0.013437240850180387,1.5e-07,0.012380056665278971
76,0.012828784296289086,0.013067675405181944,1.52e-07,0.012380056665278971
77,0.01270457194186747,0.012409145594574511,1.54e-07,0.012380056665278971
78,0.013032205984927714,0.012648166972212493,1.5600000000000002e-07,0.012380056665278971
79,0.013096446637064219,0.012918714201077819,1.58e-07,0.012380056665278971
80,0.012569419923238456,0.012971334625035524,1.6e-07,0.012380056665278971
81,0.012950999429449439,0.01339746406301856,1.6200000000000002e-07,0.012380056665278971
82,0.012748681474477053,0.012759821605868638,1.64e-07,0.012380056665278971
83,0.012301646871492267,0.013519351719878614,1.6600000000000003e-07,0.012380056665278971
84,0.013308487366884947,0.012105788919143379,1.68e-07,0.012380056665278971
85,0.012582991505041718,0.012491397792473435,1.7000000000000001e-07,0.012105788919143379
86,0.012647048803046346,0.012663950677961111,1.72e-07,0.012105788919143379
87,0.012576904380694032,0.012712277821265161,1.7400000000000002e-07,0.012105788919143379
88,0.012714811833575368,0.012750895810313523,1.7600000000000001e-07,0.012105788919143379
89,0.01274792046751827,0.013029628898948431,1.78e-07,0.012105788919143379
90,0.0126413453835994,0.012082215631380677,1.8000000000000002e-07,0.012105788919143379
91,0.012311391532421112,0.013074885937385261,1.8200000000000002e-07,0.012082215631380677
92,0.013082656194455922,0.013232924859039485,1.84e-07,0.012082215631380677
93,0.011441603070124984,0.012221732293255627,1.86e-07,0.012082215631380677
94,0.012025770265609026,0.012553112348541617,1.8800000000000002e-07,0.012082215631380677
95,0.012427574023604393,0.01238752412609756,1.9000000000000003e-07,0.012082215631380677
96,0.012423103558830917,0.01240394206251949,1.9200000000000003e-07,0.012082215631380677
97,0.012051262659952044,0.01201123499777168,1.9400000000000002e-07,0.012082215631380677
98,0.012691103969700634,0.012210116256028414,1.9600000000000003e-07,0.01201123499777168
99,0.011919628945179284,0.012786220759153366,1.98e-07,0.01201123499777168
100,0.012106188922189176,0.013051021960563958,2e-07,0.01201123499777168
101,0.012660472770221531,0.01178804156370461,2.02e-07,0.01201123499777168
102,0.011433222098276019,0.011222409550100565,2.0400000000000003e-07,0.01178804156370461
103,0.012188291177153587,0.012365695321932435,2.0600000000000002e-07,0.011222409550100565
104,0.012344346498139203,0.012125327484682202,2.0800000000000004e-07,0.011222409550100565
105,0.012184362742118537,0.012054194463416934,2.1000000000000003e-07,0.011222409550100565
106,0.012054125079885125,0.012142601422965527,2.1200000000000005e-07,0.011222409550100565
107,0.011674406472593546,0.012378931394778192,2.14e-07,0.011222409550100565
108,0.011659042560495436,0.011795867350883782,2.16e-07,0.011222409550100565
109,0.01195010740775615,0.011621853336691856,2.1800000000000002e-07,0.011222409550100565
110,0.011978639755398035,0.011580253718420863,2.2e-07,0.011222409550100565
111,0.012028373195789754,0.01122620573733002,2.2200000000000003e-07,0.011222409550100565
112,0.012533941771835089,0.012060683919116855,2.2400000000000002e-07,0.011222409550100565
113,0.011616860516369343,0.01162182108964771,2.2600000000000004e-07,0.011222409550100565
114,0.011037532472983003,0.01181458169594407,2.2800000000000003e-07,0.011222409550100565
115,0.011360826902091503,0.012052344856783748,2.3000000000000005e-07,0.011222409550100565
116,0.012720227125100791,0.011511109536513686,2.32e-07,0.011222409550100565
117,0.011514234123751521,0.012252144981175661,2.34e-07,0.011222409550100565
118,0.01090534043032676,0.011157085536979139,2.3600000000000002e-07,0.011222409550100565
119,0.011874366784468293,0.01129785436205566,2.3800000000000001e-07,0.011157085536979139
120,0.012011949438601732,0.011530450312420726,2.4000000000000003e-07,0.011157085536979139
121,0.011154082487337291,0.011468191631138325,2.42e-07,0.011157085536979139
122,0.012188373249955475,0.011970228631980717,2.44e-07,0.011157085536979139
123,0.011523286462761462,0.011420257505960763,2.4600000000000006e-07,0.011157085536979139
124,0.011520868982188404,0.011719184927642345,2.48e-07,0.011157085536979139
125,0.011624999810010195,0.011714050080627203,2.5e-07,0.011157085536979139
126,0.011502209468744695,0.011538682621903718,2.5200000000000003e-07,0.011157085536979139
127,0.011243056156672537,0.011479315580800176,2.54e-07,0.011157085536979139
128,0.011893805698491633,0.011567611363716424,2.56e-07,0.011157085536979139
129,0.012092468561604619,0.010655902442522347,2.58e-07,0.011157085536979139
130,0.011771580902859569,0.011324884137138724,2.6000000000000005e-07,0.010655902442522347
131,0.011444617295637727,0.011283451225608587,2.6200000000000004e-07,0.010655902442522347
132,0.011771738296374679,0.011019831988960505,2.6400000000000003e-07,0.010655902442522347
133,0.011786939925514162,0.010904725058935583,2.66e-07,0.010655902442522347
134,0.01132510183379054,0.011556737590581179,2.68e-07,0.010655902442522347
135,0.011751162935979664,0.011067233164794743,2.7e-07,0.010655902442522347
136,0.011726969620212913,0.010808132006786764,2.72e-07,0.010655902442522347
137,0.011277363169938326,0.010698253870941699,2.7400000000000004e-07,0.010655902442522347
138,0.011398433241993189,0.010929457028396428,2.7600000000000004e-07,0.010655902442522347
139,0.011785072972998023,0.011612454312853515,2.7800000000000003e-07,0.010655902442522347
140,0.011251979041844606,0.011081077973358333,2.8e-07,0.010655902442522347
141,0.011230034288018942,0.010742214159108698,2.82e-07,0.010655902442522347
142,0.011219793581403792,0.01128938770852983,2.84e-07,0.010655902442522347
143,0.01086318923626095,0.011831229319795966,2.86e-07,0.010655902442522347
144,0.011391996871680021,0.011514238663949072,2.8800000000000004e-07,0.010655902442522347
145,0.011413944303058088,0.01129719812888652,2.9000000000000003e-07,0.010655902442522347
146,0.010982387699186802,0.011072550085373223,2.92e-07,0.010655902442522347
147,0.011206786730326712,0.010882135131396353,2.94e-07,0.010655902442522347
148,0.011174443643540144,0.011134232394397259,2.9600000000000006e-07,0.010655902442522347
149,0.011357121053151786,0.011334207723848522,2.9800000000000005e-07,0.010655902442522347
150,0.010962382541038096,0.01095321832690388,3e-07,0.010655902442522347
151,0.010455681942403316,0.010385803529061377,3.0200000000000003e-07,0.010655902442522347
152,0.011401938740164042,0.011667509330436587,3.04e-07,0.010385803529061377
153,0.01120618695858866,0.011047041858546436,3.06e-07,0.010385803529061377
154,0.01130094169639051,0.010862410650588572,3.08e-07,0.010385803529061377
155,0.010486542014405131,0.011555691016837955,3.1000000000000005e-07,0.010385803529061377
156,0.011898076510988176,0.011796779464930296,3.1200000000000004e-07,0.010385803529061377
157,0.01034939894452691,0.011525344103574753,3.1400000000000003e-07,0.010385803529061377
158,0.01225258526392281,0.010563395451754332,3.16e-07,0.010385803529061377
159,0.010516795446164906,0.011323096696287394,3.18e-07,0.010385803529061377
160,0.01124716061167419,0.010451775509864092,3.2e-07,0.010385803529061377
161,0.011187023716047406,0.010177632211707532,3.22e-07,0.010385803529061377
162,0.011184785515069962,0.011034839786589146,3.2400000000000004e-07,0.010177632211707532
163,0.011694251792505383,0.011624318431131542,3.2600000000000003e-07,0.010177632211707532
164,0.011211024248041213,0.011084583820775151,3.28e-07,0.010177632211707532
165,0.010838913032785058,0.010102716158144176,3.3e-07,0.010177632211707532
166,0.010674656950868666,0.010411078343167901,3.3200000000000006e-07,0.010102716158144176
167,0.011163590475916862,0.011186239193193614,3.34e-07,0.010102716158144176
168,0.01077870896551758,0.010741463978774846,3.36e-07,0.010102716158144176
169,0.010855952510610223,0.01058879483025521,3.3800000000000004e-07,0.010102716158144176
170,0.011779893771745265,0.011007770313881338,3.4000000000000003e-07,0.010102716158144176
171,0.011257699690759182,0.010006199358031154,3.42e-07,0.010102716158144176
172,0.009551306255161762,0.010791060165502131,3.44e-07,0.010006199358031154
173,0.010919324588030577,0.01159778272267431,3.4600000000000005e-07,0.010006199358031154
174,0.01091891631949693,0.011053918860852718,3.4800000000000005e-07,0.010006199358031154
175,0.010526322526857257,0.010985860484652221,3.5e-07,0.010006199358031154
176,0.011332120280712843,0.009988241246901453,3.5200000000000003e-07,0.010006199358031154
177,0.01067752402741462,0.01064399303868413,3.54e-07,0.009988241246901453
178,0.01103716972284019,0.01010132534429431,3.56e-07,0.009988241246901453
179,0.010691206785850227,0.010727202519774437,3.58e-07,0.009988241246901453
180,0.011174834333360195,0.010059196501970291,3.6000000000000005e-07,0.009988241246901453
181,0.01098886108957231,0.010673485114239156,3.6200000000000004e-07,0.009988241246901453
182,0.010767403640784323,0.010471652029082179,3.6400000000000003e-07,0.009988241246901453
183,0.010073167737573385,0.0107091274112463,3.660000000000001e-07,0.009988241246901453
184,0.010899592540226877,0.010685560991987586,3.68e-07,0.009988241246901453
185,0.010279127396643162,0.01080285373609513,3.7e-07,0.009988241246901453
186,0.011147194309160113,0.010709406924434006,3.72e-07,0.009988241246901453
187,0.011332257417961955,0.010539906448684633,3.7400000000000004e-07,0.009988241246901453
188,0.0103136912221089,0.011121440096758306,3.7600000000000003e-07,0.009988241246901453
189,0.010874792002141476,0.010852833394892514,3.78e-07,0.009988241246901453
190,0.010367284645326436,0.011054529109969735,3.8000000000000007e-07,0.009988241246901453
191,0.011224720510654151,0.010438655386678874,3.8200000000000006e-07,0.009988241246901453
192,0.01051115128211677,0.010332451784051955,3.8400000000000005e-07,0.009988241246901453
193,0.010800278396345675,0.011222842265851796,3.86e-07,0.009988241246901453
194,0.010152008733712137,0.01102988061029464,3.8800000000000003e-07,0.009988241246901453
195,0.010019639856182039,0.011014066985808313,3.9e-07,0.009988241246901453
196,0.010378160863183439,0.010752247180789709,3.9200000000000007e-07,0.009988241246901453
197,0.011326841893605888,0.01100544398650527,3.94e-07,0.009988241246901453
198,0.011142046540044248,0.010456183808855712,3.96e-07,0.009988241246901453
199,0.010701677994802594,0.010669242241419852,3.98e-07,0.009988241246901453
200,0.010831692605279386,0.01070710935164243,4e-07,0.009988241246901453
201,0.011301142862066627,0.01071675110142678,4.02e-07,0.009988241246901453
202,0.010434160591103137,0.010406227316707373,4.04e-07,0.009988241246901453
203,0.010954431141726673,0.010526449652388692,4.06e-07,0.009988241246901453
204,0.011315162293612957,0.010044049471616745,4.0800000000000005e-07,0.009988241246901453
205,0.010106891975738108,0.010896873078309,4.1000000000000004e-07,0.009988241246901453
206,0.010787100880406797,0.010752802714705467,4.1200000000000004e-07,0.009988241246901453
207,0.010999819613061845,0.010995683027431369,4.1400000000000003e-07,0.009988241246901453
208,0.010980928898788989,0.010731927934102714,4.1600000000000007e-07,0.009988241246901453
209,0.010842479299753904,0.010301577625796199,4.1800000000000006e-07,0.009988241246901453
210,0.011027762084268034,0.010136290569789708,4.2000000000000006e-07,0.009988241246901453
211,0.010947512579150498,0.01087463740259409,4.2200000000000005e-07,0.009988241246901453
212,0.010210829437710345,0.011493629775941372,4.240000000000001e-07,0.009988241246901453
213,0.010549710714258254,0.010773136047646403,4.260000000000001e-07,0.009988241246901453
214,0.01063904887996614,0.010433011571876705,4.28e-07,0.009988241246901453
215,0.01082079962361604,0.011354000307619572,4.3e-07,0.009988241246901453
216,0.00990254816133529,0.010885356809012592,4.32e-07,0.009988241246901453
217,0.01035167754162103,0.010317106731235981,4.34e-07,0.009988241246901453
218,0.010375680983997881,0.011223938083276153,4.3600000000000004e-07,0.009988241246901453
219,0.01108241337351501,0.010670354240573943,4.3800000000000003e-07,0.009988241246901453
220,0.010600461740978062,0.01121711079031229,4.4e-07,0.009988241246901453
221,0.01071369752753526,0.010464999126270413,4.42e-07,0.009988241246901453
222,0.01060858042910695,0.01011639495845884,4.4400000000000006e-07,0.009988241246901453
223,0.010844811331480742,0.010666269226931036,4.4600000000000005e-07,0.009988241246901453
224,0.010770465712994337,0.010484291356988251,4.4800000000000004e-07,0.009988241246901453
225,0.010144877713173628,0.010716103599406779,4.5000000000000003e-07,0.009988241246901453
226,0.010738233802840114,0.010369884897954762,4.520000000000001e-07,0.009988241246901453
227,0.01093955128453672,0.01037703559268266,4.5400000000000007e-07,0.009988241246901453
228,0.01019498216919601,0.010505842510610819,4.5600000000000006e-07,0.009988241246901453
229,0.010840297676622868,0.010829114937223494,4.5800000000000005e-07,0.009988241246901453
230,0.010474369628354907,0.010138854442629963,4.600000000000001e-07,0.009988241246901453
231,0.01064204832073301,0.010652677621692419,4.62e-07,0.009988241246901453
232,0.010939067462459207,0.010293321101926267,4.64e-07,0.009988241246901453
233,0.010776457842439413,0.011129773687571287,4.66e-07,0.009988241246901453
234,0.009725112351588905,0.010607015225104988,4.68e-07,0.009988241246901453
235,0.010985630680806935,0.010651377961039543,4.7e-07,0.009988241246901453
236,0.010103437467478216,0.010451527894474566,4.7200000000000004e-07,0.009988241246901453
237,0.010819666204042733,0.0105872240383178,4.7400000000000004e-07,0.009988241246901453
238,0.010642759269103408,0.010204770718701184,4.7600000000000003e-07,0.009988241246901453
239,0.009882239974103868,0.01059190568048507,4.78e-07,0.009988241246901453
240,0.010782442288473248,0.01019162405282259,4.800000000000001e-07,0.009988241246901453
241,0.010820534429512918,0.010400886880233884,4.82e-07,0.009988241246901453
242,0.010147015622351319,0.010400345083326101,4.84e-07,0.009988241246901453
243,0.009908504202030599,0.011091889929957688,4.860000000000001e-07,0.009988241246901453
244,0.01003949309233576,0.010129153612069786,4.88e-07,0.009988241246901453
245,0.010352365439757705,0.010268461890518665,4.900000000000001e-07,0.009988241246901453
246,0.01036309776827693,0.010394216980785131,4.920000000000001e-07,0.009988241246901453
247,0.010874777450226247,0.010617712629027665,4.940000000000001e-07,0.009988241246901453
248,0.010109295602887869,0.010537035414017737,4.96e-07,0.009988241246901453
249,0.010276372660882771,0.010259563801810145,4.98e-07,0.009988241246901453
250,0.009990358143113554,0.01041536231059581,5e-07,0.009988241246901453
251,0.010358878411352634,0.010429577552713454,5.02e-07,0.009988241246901453
252,0.010045723989605904,0.01073013839777559,5.040000000000001e-07,0.009988241246901453
253,0.011041962425224483,0.011017647804692388,5.06e-07,0.009988241246901453
254,0.010810970677994192,0.011602508602663875,5.08e-07,0.009988241246901453
255,0.010541527881287038,0.010814424022100866,5.1e-07,0.009988241246901453
256,0.010516605572775006,0.010723319021053612,5.12e-07,0.009988241246901453
257,0.009806370362639427,0.010709508555009961,5.140000000000001e-07,0.009988241246901453
258,0.010624566115438938,0.010359022300690413,5.16e-07,0.009988241246901453
259,0.011370536871254444,0.010682928143069148,5.180000000000001e-07,0.009988241246901453
260,0.01076169137377292,0.010900326073169708,5.200000000000001e-07,0.009988241246901453
261,0.010231887688860297,0.010295162093825638,5.22e-07,0.009988241246901453
262,0.010781466378830373,0.010440841317176819,5.240000000000001e-07,0.009988241246901453
263,0.010870814556255937,0.010729368426837027,5.260000000000001e-07,0.009988241246901453
264,0.010480036260560155,0.01064877596218139,5.280000000000001e-07,0.009988241246901453
265,0.010439877514727414,0.010248515871353447,5.3e-07,0.009988241246901453
266,0.01047129393555224,0.010161596583202481,5.32e-07,0.009988241246901453
267,0.010467539192177355,0.010166348074562848,5.34e-07,0.009988241246901453
268,0.010395343997515738,0.01080679555889219,5.36e-07,0.009988241246901453
269,0.01129959465470165,0.01065612630918622,5.38e-07,0.009988241246901453
270,0.010569909703917801,0.010063160094432533,5.4e-07,0.009988241246901453
271,0.01066639507189393,0.010623611393384635,5.420000000000001e-07,0.009988241246901453
272,0.01105963729787618,0.010019563604146242,5.44e-07,0.009988241246901453
273,0.010257487767376006,0.01048458053264767,5.46e-07,0.009988241246901453
274,0.009963406948372722,0.010443836450576782,5.480000000000001e-07,0.009988241246901453
275,0.010247861850075424,0.009917922667227685,5.5e-07,0.009988241246901453
276,0.010574692743830383,0.010470408364199102,5.520000000000001e-07,0.009917922667227685
277,0.010288283578120172,0.009734432911500335,5.540000000000001e-07,0.009917922667227685
278,0.010528588434681296,0.010504287667572498,5.560000000000001e-07,0.009734432911500335
279,0.009956097579561174,0.009694904903881252,5.580000000000001e-07,0.009734432911500335
280,0.010568415629677474,0.010317017324268818,5.6e-07,0.009694904903881252
281,0.010171741945669055,0.010546891600824893,5.620000000000001e-07,0.009694904903881252
282,0.010071434895507991,0.01067617756780237,5.64e-07,0.009694904903881252
283,0.009881586534902453,0.01010127819608897,5.66e-07,0.009694904903881252
284,0.009838164143729955,0.010300483671016991,5.68e-07,0.009694904903881252
285,0.009641584125347435,0.010481343721039593,5.7e-07,0.009694904903881252
286,0.01027145516127348,0.010141623439267278,5.72e-07,0.009694904903881252
287,0.010050985380075872,0.010103545617312193,5.74e-07,0.009694904903881252
288,0.010421351413242519,0.010572119615972042,5.760000000000001e-07,0.009694904903881252
289,0.01051198155619204,0.010047001647762954,5.78e-07,0.009694904903881252
290,0.010987261775881052,0.010274896281771362,5.800000000000001e-07,0.009694904903881252
291,0.010689495829865336,0.010642879642546177,5.820000000000001e-07,0.009694904903881252
292,0.011241326224990189,0.0106967386091128,5.84e-07,0.009694904903881252
293,0.009704336058348417,0.009903671103529632,5.860000000000001e-07,0.009694904903881252
294,0.010137252393178642,0.009943847078830004,5.88e-07,0.009694904903881252
295,0.010175205999985337,0.010631534969434142,5.900000000000001e-07,0.009694904903881252
296,0.010596409090794623,0.010209356783889234,5.920000000000001e-07,0.009694904903881252
297,0.010163872968405485,0.010509660933166742,5.94e-07,0.009694904903881252
298,0.0109595408430323,0.010010636411607265,5.960000000000001e-07,0.009694904903881252
299,0.010090727242641151,0.010679957806132734,5.98e-07,0.009694904903881252
300,0.009910045424476266,0.01074126607272774,6e-07,0.009694904903881252
301,0.010675786063075066,0.010210505104623735,6.02e-07,0.009694904903881252
302,0.010011488222517073,0.010187731124460697,6.040000000000001e-07,0.009694904903881252
303,0.009457257459871471,0.010451112058945,6.06e-07,0.009694904903881252
304,0.010047681047581136,0.010884031536988914,6.08e-07,0.009694904903881252
305,0.010093481512740254,0.010635255370289087,6.100000000000001e-07,0.009694904903881252
306,0.010328302159905434,0.01031496876385063,6.12e-07,0.009694904903881252
307,0.010653318953700364,0.010334777645766735,6.140000000000001e-07,0.009694904903881252
308,0.010433982824906707,0.010627608047798276,6.16e-07,0.009694904903881252
309,0.01051032217219472,0.010660362895578146,6.180000000000001e-07,0.009694904903881252
310,0.010404468514025211,0.01069915562402457,6.200000000000001e-07,0.009694904903881252
311,0.010194922215305269,0.00993764481972903,6.22e-07,0.009694904903881252
312,0.01014833920635283,0.010566221084445715,6.240000000000001e-07,0.009694904903881252
313,0.010501268901862204,0.011043160106055439,6.260000000000001e-07,0.009694904903881252
314,0.01035448512993753,0.010871046921238303,6.280000000000001e-07,0.009694904903881252
315,0.009399638045579195,0.011011773021891713,6.300000000000001e-07,0.009694904903881252
316,0.009892308502458036,0.010427570785395801,6.32e-07,0.009694904903881252
317,0.010317907785065472,0.009802019107155502,6.34e-07,0.009694904903881252
318,0.010057488572783768,0.010840755188837647,6.36e-07,0.009694904903881252
319,0.010118472622707486,0.010111454641446471,6.380000000000001e-07,0.009694904903881252
320,0.01074773445725441,0.010412610718049109,6.4e-07,0.009694904903881252
321,0.009893554146401584,0.010478842596057802,6.420000000000001e-07,0.009694904903881252
322,0.010420134640298784,0.010536028421483934,6.44e-07,0.009694904903881252
323,0.010783680365420878,0.010369993513450027,6.46e-07,0.009694904903881252
324,0.009968959144316614,0.010519922245293856,6.480000000000001e-07,0.009694904903881252
325,0.010233391774818301,0.010012973099946976,6.5e-07,0.009694904903881252
326,0.010710794012993574,0.009234573692083359,6.520000000000001e-07,0.009694904903881252
327,0.010586243472062051,0.010604138253256679,6.540000000000001e-07,0.009234573692083359
328,0.01029697572812438,0.010272411745972931,6.56e-07,0.009234573692083359
329,0.010501546901650727,0.01081054680980742,6.580000000000001e-07,0.009234573692083359
330,0.010949029470793903,0.010489923995919526,6.6e-07,0.009234573692083359
331,0.010240303119644523,0.010162949562072754,6.620000000000001e-07,0.009234573692083359
332,0.010978546226397157,0.01083090784959495,6.640000000000001e-07,0.009234573692083359
333,0.010222917422652245,0.01096107461489737,6.660000000000001e-07,0.009234573692083359
334,0.010207681043539196,0.009987941826693714,6.68e-07,0.009234573692083359
335,0.010569920879788697,0.010353317484259605,6.7e-07,0.009234573692083359
336,0.010627561365254223,0.01098582532722503,6.72e-07,0.009234573692083359
337,0.010203516227193177,0.009772542049176991,6.74e-07,0.009234573692083359
338,0.01037805201485753,0.010258674854412675,6.760000000000001e-07,0.009234573692083359
339,0.010378015460446477,0.010343883070163429,6.78e-07,0.009234573692083359
340,0.011063340702094138,0.010852381237782538,6.800000000000001e-07,0.009234573692083359
341,0.01035972242243588,0.01070906559471041,6.820000000000001e-07,0.009234573692083359
342,0.01104631437920034,0.010232933214865625,6.84e-07,0.009234573692083359
343,0.01071384851820767,0.00987199752125889,6.860000000000001e-07,0.009234573692083359
344,0.010777988703921437,0.010238982271403074,6.88e-07,0.009234573692083359
345,0.010256547247990966,0.010105442022904754,6.900000000000001e-07,0.009234573692083359
346,0.011546811438165605,0.01067748258356005,6.920000000000001e-07,0.009234573692083359
347,0.010610592202283442,0.010289872880093753,6.94e-07,0.009234573692083359
348,0.009966508252546191,0.011339602642692626,6.960000000000001e-07,0.009234573692083359
349,0.010456174495629966,0.010237532085739076,6.980000000000001e-07,0.009234573692083359
350,0.01077180786523968,0.010888142511248589,7e-07,0.009234573692083359
351,0.009739426663145423,0.009893320384435356,7.02e-07,0.009234573692083359
352,0.010101264109835029,0.010445139952935278,7.040000000000001e-07,0.009234573692083359
353,0.010288185440003872,0.010374673176556826,7.06e-07,0.009234573692083359
354,0.010460621095262468,0.010321651585400105,7.08e-07,0.009234573692083359
355,0.010298203327693045,0.010522826691158116,7.100000000000001e-07,0.009234573692083359
356,0.010422375868074596,0.01073668384924531,7.12e-07,0.009234573692083359
357,0.010254309512674809,0.010302763432264328,7.140000000000001e-07,0.009234573692083359
358,0.010539832292124629,0.010325898765586317,7.16e-07,0.009234573692083359
359,0.010850276914425194,0.010211576009169221,7.18e-07,0.009234573692083359
360,0.009687588782981038,0.010069568525068462,7.200000000000001e-07,0.009234573692083359
361,0.01054676400963217,0.009783165878616273,7.22e-07,0.009234573692083359
362,0.010790612315759063,0.01094963401556015,7.240000000000001e-07,0.009234573692083359
363,0.010395905817858875,0.010271309642121196,7.260000000000001e-07,0.009234573692083359
364,0.0104428791673854,0.009967185033019632,7.280000000000001e-07,0.009234573692083359
365,0.01019999326672405,0.010139519989024848,7.300000000000001e-07,0.009234573692083359
366,0.010614374652504921,0.010760798119008541,7.320000000000001e-07,0.009234573692083359
367,0.009778180276043713,0.01040987588930875,7.34e-07,0.009234573692083359
368,0.010156209347769618,0.010544342803768814,7.36e-07,0.009234573692083359
369,0.00998818560037762,0.010888394783250988,7.380000000000001e-07,0.009234573692083359
370,0.010643228539265692,0.01044286647811532,7.4e-07,0.009234573692083359
371,0.010326368152163923,0.010096783051267266,7.420000000000001e-07,0.009234573692083359
372,0.010556283872574568,0.01021790283266455,7.44e-07,0.009234573692083359
373,0.010401921113952994,0.010368776274845004,7.46e-07,0.009234573692083359
374,0.011009109788574278,0.010406465618871152,7.480000000000001e-07,0.009234573692083359
375,0.010665228706784546,0.01045050856191665,7.5e-07,0.009234573692083359
376,0.009325347724370658,0.010631042066961527,7.520000000000001e-07,0.009234573692083359
377,0.01021420385222882,0.009864377439953387,7.540000000000001e-07,0.009234573692083359
378,0.010671464260667562,0.009756913990713656,7.56e-07,0.009234573692083359
379,0.010456256684847176,0.010103468783199787,7.580000000000001e-07,0.009234573692083359
380,0.010814404231496155,0.009739072062075138,7.600000000000001e-07,0.009234573692083359
381,0.010234526474960148,0.010314197978004813,7.620000000000001e-07,0.009234573692083359
382,0.010478323325514793,0.01041129429358989,7.640000000000001e-07,0.009234573692083359
383,0.010523421573452652,0.009367784718051553,7.660000000000001e-07,0.009234573692083359
384,0.01050559408031404,0.01039615401532501,7.680000000000001e-07,0.009234573692083359
385,0.009963507764041424,0.010545765399001539,7.7e-07,0.009234573692083359
386,0.010179019416682422,0.009958468028344214,7.72e-07,0.009234573692083359
387,0.010799846844747663,0.010557755711488426,7.74e-07,0.009234573692083359
388,0.009729207376949489,0.010212872759439051,7.760000000000001e-07,0.009234573692083359
389,0.00950813654344529,0.010564551572315395,7.78e-07,0.009234573692083359
390,0.010654725600033998,0.009970655664801598,7.8e-07,0.009234573692083359
391,0.010051993187516928,0.009917466551996768,7.820000000000001e-07,0.009234573692083359
392,0.010852945502847433,0.010037835570983589,7.840000000000001e-07,0.009234573692083359
393,0.010488664149306715,0.010486802202649415,7.860000000000001e-07,0.009234573692083359
394,0.010465680272318423,0.010499654687009752,7.88e-07,0.009234573692083359
395,0.010182150057516992,0.009864787803962827,7.900000000000001e-07,0.009234573692083359
396,0.010239388910122216,0.01073626521974802,7.92e-07,0.009234573692083359
397,0.010291583137586713,0.010671100462786853,7.94e-07,0.009234573692083359
398,0.010380352498032153,0.01009980111848563,7.96e-07,0.009234573692083359
399,0.010837835143320262,0.010339360567741096,7.980000000000001e-07,0.009234573692083359
400,0.011036625481210649,0.010268930811434984,8e-07,0.009234573692083359
401,0.01057319634128362,0.01075796817895025,8.020000000000001e-07,0.009234573692083359
402,0.010534856817685068,0.010183335514739156,8.04e-07,0.009234573692083359
403,0.010956916725263,0.01009780983440578,8.060000000000001e-07,0.009234573692083359
404,0.010385363944806159,0.010069419862702489,8.08e-07,0.009234573692083359
405,0.010830636019818485,0.010118985082954168,8.100000000000001e-07,0.009234573692083359
406,0.010063436813652515,0.01029508956708014,8.12e-07,0.009234573692083359
407,0.010558741516433656,0.010457019787281752,8.140000000000002e-07,0.009234573692083359
408,0.010107388836331666,0.010148017550818622,8.160000000000001e-07,0.009234573692083359
409,0.009895288967527449,0.010049181641079485,8.180000000000002e-07,0.009234573692083359
410,0.010289639583788812,0.010245867306366563,8.200000000000001e-07,0.009234573692083359
411,0.010620341752655804,0.010202121338807046,8.22e-07,0.009234573692083359
412,0.01083980139810592,0.010579083929769695,8.240000000000001e-07,0.009234573692083359
413,0.01021105342078954,0.01058079896029085,8.26e-07,0.009234573692083359
414,0.01014824619051069,0.009865900268778205,8.280000000000001e-07,0.009234573692083359
415,0.010857816552743316,0.010457274154759943,8.3e-07,0.009234573692083359
416,0.01058915036264807,0.010268010548315942,8.320000000000001e-07,0.009234573692083359
417,0.010131783201359212,0.00994548771996051,8.34e-07,0.009234573692083359
418,0.01083680463489145,0.009511449374258518,8.360000000000001e-07,0.009234573692083359
419,0.010103507549501956,0.010721611441113055,8.380000000000001e-07,0.009234573692083359
420,0.010544267017394304,0.00966215564403683,8.400000000000001e-07,0.009234573692083359
421,0.010450972360558808,0.010274443309754133,8.42e-07,0.009234573692083359
422,0.010534238535910845,0.010733071132563055,8.440000000000001e-07,0.009234573692083359
423,0.010097772814333439,0.010306304669938982,8.46e-07,0.009234573692083359
424,0.00979492103215307,0.010012049810029566,8.480000000000002e-07,0.009234573692083359
425,0.01069206406828016,0.01048424153123051,8.5e-07,0.009234573692083359
426,0.010086280293762684,0.010146985878236592,8.520000000000002e-07,0.009234573692083359
427,0.010144851868972182,0.01025116303935647,8.540000000000001e-07,0.009234573692083359
428,0.00955891644116491,0.010448078159242868,8.56e-07,0.009234573692083359
429,0.010241583571769297,0.010525241261348128,8.580000000000001e-07,0.009234573692083359
430,0.01006868202239275,0.010109502356499434,8.6e-07,0.009234573692083359
431,0.009964449214749038,0.009932244778610766,8.620000000000001e-07,0.009234573692083359
432,0.010055101593025029,0.010022026719525456,8.64e-07,0.009234573692083359
433,0.010059464839287102,0.010349824675358832,8.66e-07,0.009234573692083359
434,0.01049209467601031,0.010440330719575286,8.68e-07,0.009234573692083359
435,0.009012995578814298,0.009837539517320693,8.700000000000001e-07,0.009234573692083359
436,0.009879437158815563,0.009892639354802668,8.720000000000001e-07,0.009234573692083359
437,0.009986458579078317,0.009781259577721357,8.740000000000001e-07,0.009234573692083359
438,0.010233992245048285,0.010106041561812162,8.760000000000001e-07,0.009234573692083359
439,0.009441558213438839,0.010809454717673361,8.780000000000001e-07,0.009234573692083359
440,0.009481729008257389,0.010014475206844509,8.8e-07,0.009234573692083359
441,0.009811233263462782,0.010515967500396073,8.820000000000002e-07,0.009234573692083359
442,0.011078150128014386,0.010548440273851156,8.84e-07,0.009234573692083359
443,0.010289252852089703,0.011010974063538015,8.860000000000002e-07,0.009234573692083359
444,0.010532831773161888,0.010550567065365613,8.880000000000001e-07,0.009234573692083359
445,0.010520598385483027,0.010740249417722225,8.9e-07,0.009234573692083359
446,0.010174759896472096,0.010025710798799992,8.920000000000001e-07,0.009234573692083359
447,0.010701078805141151,0.00954254565294832,8.94e-07,0.009234573692083359
448,0.010245856828987598,0.010082890396006405,8.960000000000001e-07,0.009234573692083359
449,0.010614721686579287,0.010645575472153723,8.98e-07,0.009234573692083359
450,0.010320633184164762,0.010046300361864269,9.000000000000001e-07,0.009234573692083359
451,0.009647998143918812,0.00984696380328387,9.02e-07,0.009234573692083359
452,0.00969716050894931,0.009884063620120287,9.040000000000002e-07,0.009234573692083359
453,0.01076724217273295,0.009740097098983824,9.06e-07,0.009234573692083359
454,0.010240304516628385,0.010505183949135244,9.080000000000001e-07,0.009234573692083359
455,0.010643869522027671,0.009625854436308146,9.100000000000001e-07,0.009234573692083359
456,0.01047889655455947,0.010418927995488048,9.120000000000001e-07,0.009234573692083359
457,0.010091548087075353,0.010130900307558477,9.140000000000001e-07,0.009234573692083359
458,0.00982369005214423,0.01004743343219161,9.160000000000001e-07,0.009234573692083359
459,0.00993514305446297,0.009636029484681785,9.18e-07,0.009234573692083359
460,0.010025734547525644,0.00985128607135266,9.200000000000002e-07,0.009234573692083359
461,0.010252397507429123,0.010309637291356921,9.22e-07,0.009234573692083359
462,0.010040462715551257,0.010076248203404248,9.24e-07,0.009234573692083359
463,0.010192724177613854,0.009986982797272503,9.260000000000001e-07,0.009234573692083359
464,0.010487556573934853,0.009797861683182418,9.28e-07,0.009234573692083359
465,0.009382133837789297,0.010139320977032185,9.300000000000001e-07,0.009234573692083359
466,0.01014008978381753,0.010726719861850142,9.32e-07,0.009234573692083359
467,0.010120181133970618,0.01036180427763611,9.340000000000001e-07,0.009234573692083359
468,0.010176956537179649,0.010200163233093917,9.36e-07,0.009234573692083359
469,0.010466446517966688,0.010292934835888445,9.380000000000002e-07,0.009234573692083359
470,0.010049144795630127,0.010470563778653741,9.4e-07,0.009234573692083359
471,0.009950781357474625,0.009667122270911932,9.420000000000002e-07,0.009234573692083359
472,0.010261912946589291,0.01008680451195687,9.440000000000001e-07,0.009234573692083359
473,0.010355843347497284,0.009100864757783711,9.460000000000001e-07,0.009234573692083359
474,0.011045523569919169,0.010634439415298402,9.480000000000001e-07,0.009100864757783711
475,0.010195142473094165,0.010382436914369464,9.500000000000001e-07,0.009100864757783711
476,0.010653560399077833,0.00924154877429828,9.520000000000001e-07,0.009100864757783711
477,0.010203750454820693,0.009681057184934616,9.54e-07,0.009100864757783711
478,0.010636431979946792,0.010278467321768403,9.56e-07,0.009100864757783711
479,0.010978356120176613,0.010331822908483446,9.58e-07,0.009100864757783711
480,0.00995344528928399,0.010803006123751402,9.600000000000001e-07,0.009100864757783711
481,0.010804096003994346,0.009759754058904946,9.62e-07,0.009100864757783711
482,0.01019632292445749,0.009937407448887825,9.64e-07,0.009100864757783711
483,0.010449890629388392,0.009973188862204552,9.66e-07,0.009100864757783711
484,0.01039009669329971,0.010682132095098495,9.68e-07,0.009100864757783711
485,0.00973569497000426,0.010024228948168457,9.7e-07,0.009100864757783711
486,0.010659720050171018,0.010750601883046329,9.720000000000002e-07,0.009100864757783711
487,0.010105168214067817,0.009752102778293192,9.740000000000001e-07,0.009100864757783711
488,0.009822903666645288,0.010060712811537087,9.76e-07,0.009100864757783711
489,0.01081762695685029,0.00998127565253526,9.78e-07,0.009100864757783711
490,0.010253118816763163,0.010869715828448534,9.800000000000001e-07,0.009100864757783711
491,0.009833625634200871,0.010185395134612918,9.82e-07,0.009100864757783711
492,0.009544000844471157,0.01006061874795705,9.840000000000002e-07,0.009100864757783711
493,0.010070764226838946,0.010470296605490148,9.860000000000002e-07,0.009100864757783711
494,0.009969905717298388,0.010077325510792434,9.880000000000001e-07,0.009100864757783711
495,0.01018752425443381,0.010233947774395347,9.9e-07,0.009100864757783711
496,0.010741377482190728,0.010184658574871719,9.92e-07,0.009100864757783711
497,0.009457779524382204,0.010586126241832972,9.940000000000001e-07,0.009100864757783711
498,0.010112741263583302,0.010628270800225437,9.96e-07,0.009100864757783711
499,0.010203401325270534,0.009743109694682062,9.98e-07,0.009100864757783711
500,0.010135236545465887,0.009864916326478124,1e-06,0.009100864757783711
501,0.009913924732245505,0.010103486012667418,1.002e-06,0.009100864757783711
502,0.010001062299124897,0.010068234289065003,1.004e-06,0.009100864757783711
503,0.010220831609331071,0.010169790242798626,1.0060000000000002e-06,0.009100864757783711
504,0.010572288185358047,0.01030755799729377,1.0080000000000001e-06,0.009100864757783711
505,0.010505901300348341,0.01039173488970846,1.01e-06,0.009100864757783711
506,0.010582454851828516,0.010440067970193923,1.012e-06,0.009100864757783711
507,0.010555849177762866,0.010110947419889271,1.0140000000000002e-06,0.009100864757783711
508,0.010332377278245986,0.010082640452310443,1.016e-06,0.009100864757783711
509,0.010369646828621626,0.010459907236509025,1.0180000000000002e-06,0.009100864757783711
510,0.010181894758716226,0.009857785888016224,1.02e-06,0.009100864757783711
511,0.01040947437286377,0.010321809444576502,1.0220000000000001e-06,0.009100864757783711
512,0.010325765004381537,0.009957851143553853,1.024e-06,0.009100864757783711
513,0.009855971205979586,0.010074719786643982,1.026e-06,0.009100864757783711
514,0.00983562192413956,0.010217280243523419,1.0280000000000002e-06,0.009100864757783711
515,0.010101336520165205,0.010430792579427361,1.03e-06,0.009100864757783711
516,0.010894438833929598,0.009731485624797642,1.032e-06,0.009100864757783711
517,0.009831083239987493,0.010229943902231753,1.034e-06,0.009100864757783711
518,0.009873490897007287,0.010104952496476471,1.0360000000000001e-06,0.009100864757783711
519,0.010480735334567726,0.010691020637750626,1.038e-06,0.009100864757783711
520,0.010164499282836914,0.010635518585331738,1.0400000000000002e-06,0.009100864757783711
521,0.009769287658855319,0.009813294280320406,1.0420000000000001e-06,0.009100864757783711
522,0.01008357631508261,0.009903212427161634,1.044e-06,0.009100864757783711
523,0.00953931815456599,0.0102178844390437,1.046e-06,0.009100864757783711
524,0.01065156573895365,0.010358058498241007,1.0480000000000002e-06,0.009100864757783711
525,0.01010933332145214,0.00970421836245805,1.0500000000000001e-06,0.009100864757783711
526,0.009922919794917107,0.010410492424853146,1.0520000000000003e-06,0.009100864757783711
527,0.010219723219051957,0.010089237592183053,1.054e-06,0.009100864757783711
528,0.010414139134809375,0.010097661288455129,1.0560000000000001e-06,0.009100864757783711
529,0.009671287261880934,0.010408224305137992,1.058e-06,0.009100864757783711
530,0.010389757808297873,0.009903129190206528,1.06e-06,0.009100864757783711
531,0.010485585662536323,0.009923433302901685,1.0620000000000002e-06,0.009100864757783711
532,0.009819920756854117,0.01030310825444758,1.064e-06,0.009100864757783711
533,0.00948483485262841,0.010211926884949207,1.066e-06,0.009100864757783711
534,0.009537213540170342,0.010238874703645706,1.068e-06,0.009100864757783711
535,0.010410727874841541,0.01058245962485671,1.0700000000000001e-06,0.009100864757783711
536,0.010292264283634722,0.010929133626632392,1.072e-06,0.009100864757783711
537,0.010170323424972594,0.010140803060494363,1.0740000000000002e-06,0.009100864757783711
538,0.010171323316171765,0.010351323639042675,1.076e-06,0.009100864757783711
539,0.010104996676091105,0.009898135671392083,1.078e-06,0.009100864757783711
540,0.009820813429541886,0.010209905914962292,1.08e-06,0.009100864757783711
541,0.009604755905456841,0.010393668548204005,1.0820000000000002e-06,0.009100864757783711
542,0.009885413921438158,0.009720239671878517,1.0840000000000001e-06,0.009100864757783711
543,0.009636299102567136,0.009881112026050687,1.086e-06,0.009100864757783711
544,0.009990753140300512,0.009585909312590957,1.088e-06,0.009100864757783711
545,0.00970488740131259,0.01021680876147002,1.0900000000000002e-06,0.009100864757783711
546,0.010383554850704968,0.009898887132294476,1.092e-06,0.009100864757783711
547,0.01065451477188617,0.010730940965004265,1.094e-06,0.009100864757783711
548,0.009877127828076482,0.009835617151111364,1.0960000000000002e-06,0.009100864757783711
549,0.010530823026783764,0.00992839050013572,1.0980000000000001e-06,0.009100864757783711
550,0.010773858637548983,0.009846007858868688,1.1e-06,0.009100864757783711
551,0.010829180595465004,0.009921247779857367,1.102e-06,0.009100864757783711
552,0.009810009272769094,0.009923321893438697,1.1040000000000001e-06,0.009100864757783711
553,0.010146481916308403,0.010508124600164592,1.106e-06,0.009100864757783711
554,0.010609214543364942,0.0105565752601251,1.1080000000000002e-06,0.009100864757783711
555,0.010458491160534322,0.011095057940110564,1.11e-06,0.009100864757783711
556,0.01087441248819232,0.00954629690386355,1.1120000000000001e-06,0.009100864757783711
557,0.009636557660996914,0.010399219463579357,1.114e-06,0.009100864757783711
558,0.010144839063286781,0.010498629068024457,1.1160000000000002e-06,0.009100864757783711
559,0.01016430917661637,0.009899419266730547,1.1180000000000001e-06,0.009100864757783711
560,0.010060353321023285,0.010197573225013912,1.12e-06,0.009100864757783711
561,0.01023515546694398,0.010283263283781707,1.122e-06,0.009100864757783711
562,0.00983969948720187,0.010407121619209647,1.1240000000000002e-06,0.009100864757783711
563,0.010402746265754104,0.01047566533088684,1.126e-06,0.009100864757783711
564,0.009637916693463922,0.010087602538987994,1.128e-06,0.009100864757783711
565,0.009904540667776018,0.009785073285456747,1.1300000000000002e-06,0.009100864757783711
566,0.010525297955609858,0.010266968165524304,1.132e-06,0.009100864757783711
567,0.009991593309678137,0.010269377613440156,1.134e-06,0.009100864757783711
568,0.010467245592735708,0.009520879480987787,1.136e-06,0.009100864757783711
569,0.010467850021086633,0.010029875906184316,1.1380000000000002e-06,0.009100864757783711
570,0.009759263833984733,0.009414341766387224,1.14e-06,0.009100864757783711
571,0.010117398691363633,0.009717771434225142,1.142e-06,0.009100864757783711
572,0.010174925904721022,0.010747675551101565,1.144e-06,0.009100864757783711
573,0.009410545346327126,0.009910193679388613,1.1460000000000001e-06,0.009100864757783711
574,0.010278483852744102,0.009863292099907994,1.148e-06,0.009100864757783711
575,0.009826286928728223,0.009928395855240524,1.1500000000000002e-06,0.009100864757783711
576,0.009912615641951561,0.010079015628434718,1.1520000000000002e-06,0.009100864757783711
577,0.010156792937777936,0.009889419772662222,1.154e-06,0.009100864757783711
578,0.01001798186916858,0.009774475009180605,1.156e-06,0.009100864757783711
579,0.009885538835078478,0.00994718144647777,1.1580000000000002e-06,0.009100864757783711
580,0.009338862146250904,0.009603931452147663,1.1600000000000001e-06,0.009100864757783711
581,0.010109963710419834,0.010829717735759914,1.162e-06,0.009100864757783711
582,0.01010558009147644,0.009376716800034046,1.1640000000000002e-06,0.009100864757783711
583,0.010083512170240283,0.010240179020911455,1.166e-06,0.009100864757783711
584,0.010462920763529837,0.010250127175822854,1.168e-06,0.009100864757783711
585,0.009884755127131939,0.009892946691252291,1.17e-06,0.009100864757783711
586,0.010018281638622284,0.009229313232935965,1.1720000000000002e-06,0.009100864757783711
587,0.009875264368019998,0.010307950899004936,1.1740000000000001e-06,0.009100864757783711
588,0.010239766561426222,0.010092396289110184,1.176e-06,0.009100864757783711
589,0.009833468007855117,0.010105538414791226,1.178e-06,0.009100864757783711
590,0.009272740921005607,0.011004035477526486,1.1800000000000001e-06,0.009100864757783711
591,0.010070605669170618,0.010322232905309647,1.182e-06,0.009100864757783711
592,0.011103007127530873,0.009619555668905377,1.1840000000000002e-06,0.009100864757783711
593,0.009494528407230973,0.009587109729181975,1.1860000000000002e-06,0.009100864757783711
594,0.009817593323532492,0.010501657146960497,1.188e-06,0.009100864757783711
595,0.00998056522803381,0.009748824522830546,1.19e-06,0.009100864757783711
596,0.00915539136622101,0.010278602945618331,1.1920000000000002e-06,0.009100864757783711
597,0.009710722719319165,0.010604459559544921,1.1940000000000001e-06,0.009100864757783711
598,0.009788982803002,0.00944640941452235,1.196e-06,0.009100864757783711
599,0.010526070953346789,0.00997358770109713,1.198e-06,0.009100864757783711
600,0.00983399001415819,0.010049869306385517,1.2e-06,0.009100864757783711
601,0.010551993735134602,0.010009704157710075,1.202e-06,0.009100864757783711
602,0.010816136957146227,0.009772535297088325,1.204e-06,0.009100864757783711
603,0.009767891257070005,0.010082886787131429,1.2060000000000002e-06,0.009100864757783711
604,0.010013355873525143,0.010545546771027148,1.2080000000000001e-06,0.009100864757783711
605,0.009665756893809885,0.009660139097832143,1.21e-06,0.009100864757783711
606,0.010200473014265299,0.008825210039503872,1.212e-06,0.009100864757783711
607,0.009337153402157128,0.010267183999530971,1.2140000000000002e-06,0.008825210039503872
608,0.010250850347802043,0.009991477243602276,1.216e-06,0.008825210039503872
609,0.010033468366600573,0.009812003700062633,1.2180000000000002e-06,0.008825210039503872
610,0.01015937648480758,0.009896071918774396,1.2200000000000002e-06,0.008825210039503872
611,0.010118799516931176,0.009796472266316414,1.2220000000000001e-06,0.008825210039503872
612,0.009997651912271976,0.009358742623589933,1.224e-06,0.008825210039503872
613,0.009697219706140459,0.010345902061089873,1.2260000000000002e-06,0.008825210039503872
614,0.010026013944298029,0.010163249098695815,1.2280000000000001e-06,0.008825210039503872
615,0.010187598876655102,0.009204637841321528,1.23e-06,0.008825210039503872
616,0.010767398867756128,0.009929969208315015,1.232e-06,0.008825210039503872
617,0.009589937049895525,0.009668710525147617,1.234e-06,0.008825210039503872
618,0.009814668563194573,0.009436406544409692,1.2360000000000001e-06,0.008825210039503872
619,0.010613315040245652,0.009687989950180054,1.238e-06,0.008825210039503872
620,0.010760648176074028,0.01027044712100178,1.2400000000000002e-06,0.008825210039503872
621,0.010316716274246573,0.009625495527870953,1.2420000000000001e-06,0.008825210039503872
622,0.010291683254763484,0.010010786354541779,1.244e-06,0.008825210039503872
623,0.00984576647169888,0.009881797945126891,1.246e-06,0.008825210039503872
624,0.010032656020484865,0.009261907893233001,1.2480000000000002e-06,0.008825210039503872
625,0.009462957852520049,0.010130817419849336,1.25e-06,0.008825210039503872
626,0.009480374807026237,0.01052930997684598,1.2520000000000003e-06,0.008825210039503872
627,0.010001631686463952,0.01051538367755711,1.254e-06,0.008825210039503872
628,0.010368478717282414,0.009488747105933726,1.2560000000000001e-06,0.008825210039503872
629,0.00988471950404346,0.010017018066719174,1.258e-06,0.008825210039503872
630,0.00986618734896183,0.00991415255703032,1.2600000000000002e-06,0.008825210039503872
631,0.009942288510501385,0.009575126692652702,1.2620000000000002e-06,0.008825210039503872
632,0.010060469503514469,0.010015148320235312,1.264e-06,0.008825210039503872
633,0.009737452026456594,0.00967222813051194,1.266e-06,0.008825210039503872
634,0.010405216715298593,0.009377003239933401,1.268e-06,0.008825210039503872
635,0.010776942479424179,0.010059303953312337,1.2700000000000001e-06,0.008825210039503872
636,0.00963560410309583,0.009507593349553645,1.272e-06,0.008825210039503872
637,0.01015429012477398,0.010040622320957482,1.2740000000000002e-06,0.008825210039503872
638,0.010420547449029982,0.009373258100822568,1.2760000000000001e-06,0.008825210039503872
639,0.010450057219713926,0.009788531286176294,1.278e-06,0.008825210039503872
640,0.01017121213953942,0.010393072967417538,1.28e-06,0.008825210039503872
641,0.010118550155311823,0.009922790108248591,1.2820000000000002e-06,0.008825210039503872
642,0.00954916002228856,0.010135214892216027,1.2840000000000001e-06,0.008825210039503872
643,0.010170670109800994,0.010199426556937397,1.2860000000000003e-06,0.008825210039503872
644,0.009806694462895393,0.01021127076819539,1.288e-06,0.008825210039503872
645,0.009917089366354048,0.00954485172405839,1.2900000000000001e-06,0.008825210039503872
646,0.00964203686453402,0.009605520754121244,1.292e-06,0.008825210039503872
647,0.010277658700942993,0.010670506046153605,1.2940000000000002e-06,0.008825210039503872
648,0.009715380147099495,0.009803420398384333,1.2960000000000002e-06,0.008825210039503872
649,0.010262093739584088,0.010170898051001132,1.2980000000000001e-06,0.008825210039503872
650,0.009813374374061823,0.010268967598676682,1.3e-06,0.008825210039503872
651,0.010156260686926544,0.010088868672028184,1.302e-06,0.008825210039503872
652,0.010127406101673841,0.010222779237665236,1.3040000000000001e-06,0.008825210039503872
653,0.01007432269398123,0.010150249465368688,1.306e-06,0.008825210039503872
654,0.009495442500337958,0.00915175152476877,1.3080000000000002e-06,0.008825210039503872
655,0.010236477828584611,0.009292560047470033,1.31e-06,0.008825210039503872
656,0.009516653954051435,0.009931194828823209,1.312e-06,0.008825210039503872
657,0.009689955390058458,0.009103351272642612,1.314e-06,0.008825210039503872
658,0.009872804046608508,0.009298472781665623,1.3160000000000002e-06,0.008825210039503872
659,0.009249570197425783,0.009674888220615685,1.3180000000000001e-06,0.008825210039503872
660,0.010061208275146782,0.009607852436602116,1.32e-06,0.008825210039503872
661,0.010169736458919942,0.009048297419212759,1.322e-06,0.008825210039503872
662,0.010702244006097317,0.008997446508146822,1.3240000000000002e-06,0.008825210039503872
663,0.01009645953308791,0.009985733428038657,1.326e-06,0.008825210039503872
664,0.009743512491695583,0.010249651037156582,1.3280000000000002e-06,0.008825210039503872
665,0.00992792274337262,0.009140082984231412,1.3300000000000002e-06,0.008825210039503872
666,0.0093907619593665,0.010075524100102484,1.3320000000000001e-06,0.008825210039503872
667,0.010385618195869029,0.009539218386635184,1.334e-06,0.008825210039503872
668,0.009844703483395278,0.009699956397525966,1.336e-06,0.008825210039503872
669,0.010253254207782447,0.010111732874065638,1.3380000000000001e-06,0.008825210039503872
670,0.009230171330273151,0.010447380831465125,1.34e-06,0.008825210039503872
671,0.009849829599261284,0.009526380221359432,1.3420000000000002e-06,0.008825210039503872
672,0.00949188822414726,0.009233822231180966,1.344e-06,0.008825210039503872
673,0.009996038163080812,0.009553104639053345,1.3460000000000001e-06,0.008825210039503872
674,0.009947611950337887,0.010082811117172241,1.348e-06,0.008825210039503872
675,0.009787343791685998,0.009749377612024546,1.3500000000000002e-06,0.008825210039503872
676,0.010437978664413095,0.00996116257738322,1.3520000000000001e-06,0.008825210039503872
677,0.009492454410064965,0.010078501305542886,1.354e-06,0.008825210039503872
678,0.009868748369626701,0.01027107227127999,1.356e-06,0.008825210039503872
679,0.009806277579627931,0.009634340065531433,1.3580000000000002e-06,0.008825210039503872
680,0.009528380876872689,0.00987535307649523,1.3600000000000001e-06,0.008825210039503872
681,0.009597195545211434,0.009875823743641376,1.3620000000000003e-06,0.008825210039503872
682,0.009658753755502403,0.009988606791011989,1.3640000000000002e-06,0.008825210039503872
683,0.009582957951352,0.010099752340465784,1.366e-06,0.008825210039503872
684,0.009463244467042387,0.009606900159269571,1.368e-06,0.008825210039503872
685,0.010083241970278323,0.00961160333827138,1.37e-06,0.008825210039503872
686,0.009401646442711353,0.008912042365409434,1.3720000000000002e-06,0.008825210039503872
687,0.009695287211798131,0.00961926078889519,1.374e-06,0.008825210039503872
688,0.009858354460448027,0.009631553082726896,1.376e-06,0.008825210039503872
689,0.010199026437476277,0.009905010694637895,1.378e-06,0.008825210039503872
690,0.009747919160872698,0.009482894442044199,1.3800000000000001e-06,0.008825210039503872
691,0.009490724885836244,0.009453147184103727,1.382e-06,0.008825210039503872
692,0.010284222778864205,0.009852607268840075,1.3840000000000002e-06,0.008825210039503872
693,0.009544915752485394,0.009907246450893581,1.3860000000000002e-06,0.008825210039503872
694,0.009248392656445503,0.010136870318092406,1.388e-06,0.008825210039503872
695,0.009321722260210663,0.009786405833438039,1.39e-06,0.008825210039503872
696,0.009932023822329938,0.009879826451651752,1.3920000000000002e-06,0.008825210039503872
697,0.009976477362215519,0.009709300007671118,1.3940000000000001e-06,0.008825210039503872
698,0.009275517542846501,0.009339391777757555,1.3960000000000003e-06,0.008825210039503872
699,0.01001877523958683,0.00974001712165773,1.3980000000000002e-06,0.008825210039503872
700,0.009088526829145849,0.009590638161171228,1.4e-06,0.008825210039503872
701,0.009571204078383744,0.00934383348794654,1.402e-06,0.008825210039503872
702,0.009365076257381588,0.010167224565520883,1.404e-06,0.008825210039503872
703,0.009023831109516323,0.009792200988158584,1.4060000000000002e-06,0.008825210039503872
704,0.009418578294571489,0.00943964149337262,1.4080000000000001e-06,0.008825210039503872
705,0.01002336957026273,0.00925617408938706,1.41e-06,0.008825210039503872
706,0.01012418360915035,0.009325474733486772,1.412e-06,0.008825210039503872
707,0.009349648607894778,0.00970162299927324,1.4140000000000001e-06,0.008825210039503872
708,0.010527071310207248,0.009791605756618083,1.416e-06,0.008825210039503872
709,0.00981063349172473,0.009569103945977986,1.4180000000000002e-06,0.008825210039503872
710,0.009996269596740603,0.009948274586349726,1.4200000000000002e-06,0.008825210039503872
711,0.008990914968308061,0.009255991724785417,1.4220000000000001e-06,0.008825210039503872
712,0.010429741349071264,0.009446074021980166,1.424e-06,0.008825210039503872
713,0.009197994077112526,0.009712917264550924,1.4260000000000002e-06,0.008825210039503872
714,0.009230914583895355,0.008877309097442776,1.4280000000000001e-06,0.008825210039503872
715,0.009790698415599763,0.009172117686830461,1.4300000000000003e-06,0.008825210039503872
716,0.010407252237200737,0.009300398407503963,1.432e-06,0.008825210039503872
717,0.009677893714979291,0.009293237759266049,1.434e-06,0.008825210039503872
718,0.009754289989359677,0.010009346762672067,1.436e-06,0.008825210039503872
719,0.009633986745029688,0.009337908704765141,1.438e-06,0.008825210039503872
720,0.009871876682154834,0.009505750727839768,1.4400000000000002e-06,0.008825210039503872
721,0.009670225321315229,0.009656340349465609,1.4420000000000001e-06,0.008825210039503872
722,0.009928366052918136,0.010570239275693893,1.444e-06,0.008825210039503872
723,0.009965899982489645,0.00886985269607976,1.446e-06,0.008825210039503872
724,0.009695257525891066,0.009694141102954745,1.4480000000000002e-06,0.008825210039503872
725,0.008944613276980817,0.00977582624182105,1.45e-06,0.008825210039503872
726,0.009764815564267337,0.009727159282192588,1.4520000000000002e-06,0.008825210039503872
727,0.009318661293946207,0.010226934915408492,1.4540000000000002e-06,0.008825210039503872
728,0.009276843979023397,0.009598756907507777,1.4560000000000001e-06,0.008825210039503872
729,0.009812820237129927,0.009817418176680803,1.458e-06,0.008825210039503872
730,0.009506533038802445,0.009824649663642049,1.4600000000000002e-06,0.008825210039503872
731,0.009905324783176184,0.009590416448190808,1.4620000000000001e-06,0.008825210039503872
732,0.009544422675389796,0.009474623366259038,1.4640000000000003e-06,0.008825210039503872
733,0.01016444677952677,0.009455471008550376,1.466e-06,0.008825210039503872
734,0.010250978404656053,0.009438674780540168,1.468e-06,0.008825210039503872
735,0.009044176433235407,0.010033255792222917,1.4700000000000001e-06,0.008825210039503872
736,0.009060585114639252,0.009735028841532767,1.472e-06,0.008825210039503872
737,0.009209554176777601,0.009818452992476523,1.4740000000000002e-06,0.008825210039503872
738,0.009091240237466991,0.010272002313286066,1.4760000000000001e-06,0.008825210039503872
739,0.009350594249553978,0.00881975662196055,1.478e-06,0.008825210039503872
740,0.009652977576479316,0.009014103561639786,1.48e-06,0.00881975662196055
741,0.01008417911361903,0.009076638787519187,1.4820000000000002e-06,0.00881975662196055
742,0.009952881024219096,0.009882766171358526,1.4840000000000001e-06,0.00881975662196055
743,0.008958966820500791,0.0091975157847628,1.4860000000000003e-06,0.00881975662196055
744,0.009459534892812371,0.009941077441908419,1.488e-06,0.00881975662196055
745,0.009080579387955368,0.009397411486133933,1.4900000000000001e-06,0.00881975662196055
746,0.009053282090462744,0.009160616435110569,1.492e-06,0.00881975662196055
747,0.00985879311338067,0.009585756692104042,1.4940000000000002e-06,0.00881975662196055
748,0.008479346637614071,0.00911288318457082,1.4960000000000002e-06,0.00881975662196055
749,0.009487291215918958,0.009646969032473862,1.498e-06,0.00881975662196055
750,0.009424096555449069,0.009132423205301166,1.5e-06,0.00881975662196055
751,0.009916446637362242,0.009038537100423127,1.502e-06,0.00881975662196055
752,0.009165095747448504,0.009611049317754805,1.5040000000000001e-06,0.00881975662196055
753,0.010370506206527352,0.009231590840499848,1.506e-06,0.00881975662196055
754,0.009404428419657052,0.0092537502059713,1.5080000000000002e-06,0.00881975662196055
755,0.009279576013796031,0.00939038535580039,1.5100000000000002e-06,0.00881975662196055
756,0.00940626475494355,0.008890138007700443,1.512e-06,0.00881975662196055
757,0.009451808291487396,0.009161448455415666,1.514e-06,0.00881975662196055
758,0.009512113872915506,0.008951778174377978,1.5160000000000002e-06,0.00881975662196055
759,0.00950581522192806,0.009363480552565306,1.5180000000000001e-06,0.00881975662196055
760,0.009092913242056966,0.009331624896731228,1.5200000000000003e-06,0.00881975662196055
761,0.009030845132656395,0.00931930891238153,1.522e-06,0.00881975662196055
762,0.009346882754471153,0.009560609352774918,1.5240000000000001e-06,0.00881975662196055
763,0.008889456221368164,0.009567916044034064,1.526e-06,0.00881975662196055
764,0.009812942240387201,0.009862218867056072,1.5280000000000002e-06,0.00881975662196055
765,0.009382946416735649,0.008747278596274555,1.5300000000000002e-06,0.00881975662196055
766,0.00920596404466778,0.009448569500818849,1.5320000000000001e-06,0.008747278596274555
767,0.00829576631076634,0.00958780397195369,1.534e-06,0.008747278596274555
768,0.009136714914347976,0.008853007515426725,1.5360000000000002e-06,0.008747278596274555
769,0.00934675510507077,0.009938034694641829,1.5380000000000001e-06,0.008747278596274555
770,0.009540867933537811,0.009334287489764392,1.54e-06,0.008747278596274555
771,0.009030197456013411,0.00878282927442342,1.5420000000000002e-06,0.008747278596274555
772,0.009658080409280956,0.00987243204144761,1.544e-06,0.008747278596274555
773,0.009642636228818446,0.009279147139750421,1.546e-06,0.008747278596274555
774,0.009244921617209911,0.009359905612654984,1.548e-06,0.008747278596274555
775,0.009278578334487975,0.009636861272156239,1.5500000000000002e-06,0.008747278596274555
776,0.009371647145599127,0.009487306349910796,1.5520000000000001e-06,0.008747278596274555
777,0.00964901759289205,0.00892708491301164,1.554e-06,0.008747278596274555
778,0.009340782708022743,0.00903007376473397,1.556e-06,0.008747278596274555
779,0.008881217683665454,0.009050930384546518,1.5580000000000002e-06,0.008747278596274555
780,0.008849801262840629,0.009882985148578882,1.56e-06,0.008747278596274555
781,0.009720595204271376,0.009940893156453967,1.5620000000000002e-06,0.008747278596274555
782,0.009292410977650434,0.008957824378740042,1.5640000000000002e-06,0.008747278596274555
783,0.009425721946172416,0.00915103789884597,1.5660000000000001e-06,0.008747278596274555
784,0.008988511515781283,0.0087933738832362,1.5680000000000003e-06,0.008747278596274555
785,0.0092394127859734,0.009111765015404671,1.5700000000000002e-06,0.008747278596274555
786,0.00973389158025384,0.00946309871505946,1.5720000000000002e-06,0.008747278596274555
787,0.009117120469454676,0.009683570126071572,1.574e-06,0.008747278596274555
788,0.009516881895251572,0.009179771528579295,1.576e-06,0.008747278596274555
789,0.009271671646274626,0.009233405580744147,1.5780000000000002e-06,0.008747278596274555
790,0.008352572680450976,0.00946292030857876,1.5800000000000001e-06,0.008747278596274555
791,0.009627474588342011,0.008940656087361276,1.582e-06,0.008747278596274555
792,0.008950044983066618,0.008236549445427954,1.584e-06,0.008747278596274555
793,0.00918248575180769,0.008735469542443752,1.5860000000000004e-06,0.008236549445427954
794,0.008973124553449452,0.009417947847396135,1.588e-06,0.008236549445427954
795,0.009064625017344952,0.009984845644794405,1.59e-06,0.008236549445427954
796,0.009403646574355662,0.009129720623604953,1.592e-06,0.008236549445427954
797,0.008940103580243886,0.009584810119122267,1.5940000000000003e-06,0.008236549445427954
798,0.009662485681474209,0.008641990658361465,1.5960000000000003e-06,0.008236549445427954
799,0.009002214181236923,0.009058531722985208,1.5980000000000002e-06,0.008236549445427954
800,0.008684304659254849,0.009254271280951798,1.6e-06,0.008236549445427954
801,0.009268311667256057,0.008904061862267554,1.6020000000000003e-06,0.008236549445427954
802,0.008822119270917028,0.009746662573888898,1.6040000000000002e-06,0.008236549445427954
803,0.00944074196740985,0.009121564216911793,1.6060000000000002e-06,0.008236549445427954
804,0.009222876862622797,0.009586097265128046,1.608e-06,0.008236549445427954
805,0.008828377001918852,0.008986882225144655,1.61e-06,0.008236549445427954
806,0.009507778100669384,0.009206335875205696,1.6120000000000002e-06,0.008236549445427954
807,0.009417091612704098,0.009224076755344868,1.6140000000000001e-06,0.008236549445427954
808,0.009306476218625903,0.008961347513832152,1.616e-06,0.008236549445427954
809,0.0089128150139004,0.009504938789177686,1.618e-06,0.008236549445427954
810,0.0085791468154639,0.008855525986291468,1.6200000000000002e-06,0.008236549445427954
811,0.00902270438382402,0.00931951159145683,1.622e-06,0.008236549445427954
812,0.009213067300152034,0.008729386900085956,1.624e-06,0.008236549445427954
813,0.008619823376648128,0.008859490510076284,1.626e-06,0.008236549445427954
814,0.008711280184797943,0.009613877744413912,1.6280000000000003e-06,0.008236549445427954
815,0.009070794621948153,0.008862454677000642,1.6300000000000003e-06,0.008236549445427954
816,0.008758559415582567,0.009233332937583327,1.6320000000000002e-06,0.008236549445427954
817,0.008895665756426752,0.008884750073775649,1.634e-06,0.008236549445427954
818,0.00928737036883831,0.009332268382422626,1.6360000000000003e-06,0.008236549445427954
819,0.008970488735940307,0.009294165181927383,1.6380000000000002e-06,0.008236549445427954
820,0.009261287515982985,0.008987355278804898,1.6400000000000002e-06,0.008236549445427954
821,0.009477685438469052,0.008671458577737212,1.6420000000000001e-06,0.008236549445427954
822,0.009022618178278208,0.009396679233759642,1.644e-06,0.008236549445427954
823,0.00892103702062741,0.008514515939168632,1.6460000000000002e-06,0.008236549445427954
824,0.008424109721090645,0.008981282589957118,1.6480000000000001e-06,0.008236549445427954
825,0.009192682802677155,0.008757999050430954,1.65e-06,0.008236549445427954
826,0.008856179716531187,0.008930236159358174,1.652e-06,0.008236549445427954
827,0.009418043424375355,0.009042198420502245,1.6540000000000002e-06,0.008236549445427954
828,0.00938130437862128,0.008924792113248259,1.6560000000000001e-06,0.008236549445427954
829,0.0086027454235591,0.008526468242052943,1.658e-06,0.008236549445427954
830,0.00867618469055742,0.00924206292256713,1.66e-06,0.008236549445427954
831,0.00897963932948187,0.008772600733209401,1.6620000000000004e-06,0.008236549445427954
832,0.008859759487677366,0.00915901834378019,1.6640000000000003e-06,0.008236549445427954
833,0.01000922336243093,0.008400055288802832,1.666e-06,0.008236549445427954
834,0.009070292580872774,0.009067053091712296,1.668e-06,0.008236549445427954
835,0.009040351491421461,0.009383698110468686,1.6700000000000003e-06,0.008236549445427954
836,0.008863739261869341,0.009322260331828147,1.6720000000000003e-06,0.008236549445427954
837,0.008609978132881224,0.008826769364532083,1.6740000000000002e-06,0.008236549445427954
838,0.009449186967685819,0.009453644277527928,1.6760000000000001e-06,0.008236549445427954
839,0.009240173734724522,0.009070338099263608,1.678e-06,0.008236549445427954
840,0.008531587198376656,0.00919676647754386,1.6800000000000002e-06,0.008236549445427954
841,0.009170119767077267,0.008755282149650156,1.6820000000000002e-06,0.008236549445427954
842,0.008492054883390665,0.008896401268430054,1.684e-06,0.008236549445427954
843,0.008364201581571251,0.008996675547678024,1.686e-06,0.008236549445427954
844,0.008977507357485592,0.00902117695659399,1.6880000000000002e-06,0.008236549445427954
845,0.009615649236366153,0.008747860381845385,1.6900000000000001e-06,0.008236549445427954
846,0.00839970022207126,0.009153441525995731,1.692e-06,0.008236549445427954
847,0.008775506226811558,0.009466270101256669,1.694e-06,0.008236549445427954
848,0.008332097786478698,0.009699603309854865,1.6960000000000004e-06,0.008236549445427954
849,0.009011885209474713,0.008586076146457344,1.6980000000000003e-06,0.008236549445427954
850,0.009223991888575256,0.008664464461617172,1.7e-06,0.008236549445427954
851,0.008698732126504183,0.00889097130857408,1.702e-06,0.008236549445427954
852,0.008247795631177723,0.008558727044146508,1.7040000000000003e-06,0.008236549445427954
853,0.00854943779995665,0.009296056115999818,1.7060000000000003e-06,0.008236549445427954
854,0.00879222177900374,0.009226779395248741,1.7080000000000002e-06,0.008236549445427954
855,0.009137761313468218,0.00864552368875593,1.7100000000000001e-06,0.008236549445427954
856,0.009371441788971424,0.008337195555213839,1.712e-06,0.008236549445427954
857,0.008493826375342906,0.00825388845987618,1.7140000000000002e-06,0.008236549445427954
858,0.008519181748852134,0.008330015290994197,1.7160000000000002e-06,0.008236549445427954
859,0.008329384261742234,0.008406498760450631,1.7180000000000001e-06,0.008236549445427954
860,0.008928061579354107,0.00862719671567902,1.72e-06,0.008236549445427954
861,0.008924407418817282,0.008351648284588009,1.7220000000000002e-06,0.008236549445427954
862,0.008596944040618837,0.008677307632751763,1.7240000000000001e-06,0.008236549445427954
863,0.009136444190517068,0.008621040789876133,1.726e-06,0.008236549445427954
864,0.00847605470335111,0.008569837897084653,1.728e-06,0.008236549445427954
865,0.009362175536807626,0.008509658160619438,1.7300000000000004e-06,0.008236549445427954
866,0.008731406240258366,0.008655375626403838,1.732e-06,0.008236549445427954
867,0.008232278923969716,0.008576881664339453,1.734e-06,0.008236549445427954
868,0.0082224762882106,0.008899008913431317,1.736e-06,0.008236549445427954
869,0.008256781613454223,0.008494226261973381,1.7380000000000003e-06,0.008236549445427954
870,0.009198066894896328,0.008719333447515965,1.7400000000000003e-06,0.008236549445427954
871,0.008113830874208361,0.008253739215433598,1.7420000000000002e-06,0.008236549445427954
872,0.008102928521111608,0.008345599693711847,1.7440000000000002e-06,0.008236549445427954
873,0.007837583951186389,0.008456908341031522,1.7459999999999999e-06,0.008236549445427954
874,0.008905524795409292,0.00838282803306356,1.7480000000000002e-06,0.008236549445427954
875,0.008184440492186695,0.008123140956740826,1.7500000000000002e-06,0.008236549445427954
876,0.008487082028295845,0.008321151428390294,1.7520000000000001e-06,0.008123140956740826
877,0.008724204613827169,0.008725295774638653,1.754e-06,0.008123140956740826
878,0.00822002865606919,0.008580869354773313,1.7560000000000002e-06,0.008123140956740826
879,0.008446601335890591,0.00852736085653305,1.7580000000000002e-06,0.008123140956740826
880,0.007667706115171313,0.008479040174279362,1.76e-06,0.008123140956740826
881,0.008766875136643648,0.007700826216023415,1.762e-06,0.008123140956740826
882,0.008365401241462678,0.008276916050817817,1.7640000000000004e-06,0.007700826216023415
883,0.008158965094480664,0.008413685660343617,1.7660000000000001e-06,0.007700826216023415
884,0.008503805554937571,0.00886470713885501,1.768e-06,0.007700826216023415
885,0.008863202529028058,0.008377151854801923,1.77e-06,0.007700826216023415
886,0.007866838073823601,0.008993624476715922,1.7720000000000004e-06,0.007700826216023415
887,0.008235485758632421,0.00848786364076659,1.7740000000000003e-06,0.007700826216023415
888,0.00830419606063515,0.00853221194120124,1.7760000000000002e-06,0.007700826216023415
889,0.00785129057476297,0.008343293273355812,1.7780000000000002e-06,0.007700826216023415
890,0.007955808483529836,0.008374789787922055,1.78e-06,0.007700826216023415
891,0.007957724912557751,0.008719387580640614,1.7820000000000003e-06,0.007700826216023415
892,0.008790792722720653,0.007858788187149912,1.7840000000000002e-06,0.007700826216023415
893,0.008061879372689873,0.008123243052978069,1.7860000000000001e-06,0.007700826216023415
894,0.008863918541464955,0.007914104731753469,1.788e-06,0.007700826216023415
895,0.007711760699748993,0.008316347724758089,1.7900000000000002e-06,0.007700826216023415
896,0.008497099101077765,0.008054854057263583,1.7920000000000002e-06,0.007700826216023415
897,0.008584252675063908,0.00795155600644648,1.794e-06,0.007700826216023415
898,0.008200386364478618,0.00859064981341362,1.796e-06,0.007700826216023415
899,0.00817198766162619,0.008210141153540462,1.7980000000000002e-06,0.007700826216023415
900,0.008721079560928047,0.008651657844893634,1.8000000000000001e-06,0.007700826216023415
901,0.008600680099334568,0.008436642528977245,1.802e-06,0.007700826216023415
902,0.008344747649971396,0.008715867646969855,1.804e-06,0.007700826216023415
903,0.008587306772824377,0.008230362902395427,1.8060000000000004e-06,0.007700826216023415
904,0.007810897601302713,0.008125248365104198,1.8080000000000003e-06,0.007700826216023415
905,0.008046926057431847,0.0076796613284386694,1.8100000000000002e-06,0.007700826216023415
906,0.007442412956152111,0.008876863459590822,1.812e-06,0.0076796613284386694
907,0.008771486580371857,0.008627243340015411,1.814e-06,0.0076796613284386694
908,0.007973978586960584,0.007873074093367904,1.8160000000000003e-06,0.0076796613284386694
909,0.007822445244528353,0.007977878209203482,1.8180000000000002e-06,0.0076796613284386694
910,0.007891140354331583,0.008333585050422698,1.8200000000000002e-06,0.0076796613284386694
911,0.00798652635421604,0.008300257031805813,1.822e-06,0.0076796613284386694
912,0.007950178871396929,0.008474409638438374,1.8240000000000002e-06,0.0076796613284386694
913,0.008387616195250303,0.008123373670969158,1.8260000000000002e-06,0.0076796613284386694
914,0.007845449377782643,0.008301744528580457,1.8280000000000001e-06,0.0076796613284386694
915,0.00726463709725067,0.008151727437507361,1.83e-06,0.0076796613284386694
916,0.008494411187712103,0.007974923588335514,1.8320000000000002e-06,0.0076796613284386694
917,0.008441383833996952,0.007987054472323507,1.8340000000000001e-06,0.0076796613284386694
918,0.008504870464093983,0.0073141825851053,1.836e-06,0.0076796613284386694
919,0.007303243386559188,0.007925999001599848,1.838e-06,0.0073141825851053
920,0.007725212199147791,0.007604608603287488,1.8400000000000004e-06,0.0073141825851053
921,0.00764624570729211,0.007806190522387624,1.8420000000000003e-06,0.0073141825851053
922,0.007518442755099386,0.008488062885589898,1.844e-06,0.0073141825851053
923,0.008169879671186209,0.008011190744582564,1.846e-06,0.0073141825851053
924,0.008502287382725626,0.007633700792212039,1.848e-06,0.0073141825851053
925,0.00791179173393175,0.007680537586566061,1.8500000000000003e-06,0.0073141825851053
926,0.007785491063259542,0.007843939180020243,1.8520000000000002e-06,0.0073141825851053
927,0.007748293748591095,0.00785268162144348,1.8540000000000002e-06,0.0073141825851053
928,0.00774956401437521,0.007918552844785154,1.856e-06,0.0073141825851053
929,0.007985050557181239,0.007540761027485132,1.8580000000000003e-06,0.0073141825851053
930,0.007836628705263138,0.00727195997023955,1.8600000000000002e-06,0.0073141825851053
931,0.0077183820540085435,0.007152430131100118,1.8620000000000001e-06,0.00727195997023955
932,0.007926657272037119,0.007696151325944811,1.864e-06,0.007152430131100118
933,0.007696134736761451,0.007703482348006219,1.8660000000000002e-06,0.007152430131100118
934,0.007505034329369664,0.008144486346282065,1.8680000000000002e-06,0.007152430131100118
935,0.007945995894260705,0.008286136551760137,1.87e-06,0.007152430131100118
936,0.008329707430675626,0.007798957987688482,1.872e-06,0.007152430131100118
937,0.007610244618263096,0.007860158919356763,1.8740000000000004e-06,0.007152430131100118
938,0.007907011255156249,0.0076996771967969835,1.8760000000000003e-06,0.007152430131100118
939,0.007521910825744271,0.007915945025160909,1.878e-06,0.007152430131100118
940,0.007777714752592146,0.00807926181005314,1.88e-06,0.007152430131100118
941,0.007752879522740841,0.007734072336461395,1.882e-06,0.007152430131100118
942,0.007439673936460167,0.007259204285219312,1.8840000000000003e-06,0.007152430131100118
943,0.008127234352286905,0.008227858052123338,1.8860000000000002e-06,0.007152430131100118
944,0.007265052699949592,0.007534066215157509,1.8880000000000002e-06,0.007152430131100118
945,0.007915827562101185,0.007973684289027005,1.8900000000000001e-06,0.007152430131100118
946,0.008287537028081715,0.0077925476361997426,1.8920000000000003e-06,0.007152430131100118
947,0.008057108265347779,0.007418838329613209,1.8940000000000002e-06,0.007152430131100118
948,0.007440562243573368,0.007863409526180476,1.8960000000000001e-06,0.007152430131100118
949,0.007597609364893287,0.007394308166112751,1.898e-06,0.007152430131100118
950,0.007676913344766945,0.0073556514689698815,1.9000000000000002e-06,0.007152430131100118
951,0.007083929609507322,0.007256562355905771,1.9020000000000002e-06,0.007152430131100118
952,0.007268074085004628,0.007356027257628739,1.9040000000000001e-06,0.007152430131100118
953,0.007489954470656812,0.007661756360903382,1.906e-06,0.007152430131100118
954,0.007561179110780358,0.007882968173362315,1.908e-06,0.007152430131100118
955,0.008029523130971938,0.007299572986084968,1.9100000000000003e-06,0.007152430131100118
956,0.007480251486413181,0.007699245412368327,1.912e-06,0.007152430131100118
957,0.007584640348795801,0.007548709283582866,1.9140000000000002e-06,0.007152430131100118
958,0.007942210999317467,0.008315695740748197,1.916e-06,0.007152430131100118
959,0.0069044295232743025,0.007866891857702285,1.918e-06,0.007152430131100118
960,0.00830569997197017,0.00817988911876455,1.9200000000000003e-06,0.007152430131100118
961,0.0076225177035667,0.007743932190351188,1.922e-06,0.007152430131100118
962,0.007697940105572343,0.0071640973328612745,1.924e-06,0.007152430131100118
963,0.007549393107183278,0.007362176838796586,1.9260000000000003e-06,0.007152430131100118
964,0.00730131147429347,0.007689551217481494,1.928e-06,0.007152430131100118
965,0.007054782996419817,0.007115287589840591,1.93e-06,0.007152430131100118
966,0.0076423410209827125,0.007383928343188018,1.932e-06,0.007115287589840591
967,0.007695313717704266,0.007434277853462845,1.9340000000000005e-06,0.007115287589840591
968,0.007196866150479764,0.007597193238325417,1.936e-06,0.007115287589840591
969,0.007722906477283686,0.007984624535311013,1.9380000000000003e-06,0.007115287589840591
970,0.008531983767170459,0.0076928489143028855,1.94e-06,0.007115287589840591
971,0.007337519433349371,0.007299650926142931,1.942e-06,0.007115287589840591
972,0.007169281714595854,0.007716061256360263,1.9440000000000004e-06,0.007115287589840591
973,0.007173744321335107,0.007359807379543781,1.946e-06,0.007115287589840591
974,0.006672765011899173,0.007620973978191614,1.9480000000000002e-06,0.007115287589840591
975,0.006866128765977919,0.007038252777419984,1.95e-06,0.007115287589840591
976,0.008071338466834277,0.007901934732217342,1.952e-06,0.007038252777419984
977,0.0069337195018306375,0.008030388329643756,1.9540000000000003e-06,0.007038252777419984
978,0.007441661728080362,0.007460179214831442,1.956e-06,0.007038252777419984
979,0.006835423817392439,0.007359248411376029,1.958e-06,0.007038252777419984
980,0.007475848484318703,0.0075371559942141175,1.9600000000000003e-06,0.007038252777419984
981,0.0073435266967862844,0.007662307005375624,1.962e-06,0.007038252777419984
982,0.007077333924826235,0.007234612014144659,1.964e-06,0.007038252777419984
983,0.007898283773101866,0.007466243288945407,1.966e-06,0.007038252777419984
984,0.006927996466401964,0.007623065495863557,1.9680000000000005e-06,0.007038252777419984
985,0.007305051083676517,0.0074724817532114685,1.97e-06,0.007038252777419984
986,0.007055510708596557,0.007845329528208822,1.9720000000000003e-06,0.007038252777419984
987,0.007500612875446677,0.007180642569437623,1.974e-06,0.007038252777419984
988,0.007610333326738328,0.007942258729599416,1.9760000000000002e-06,0.007038252777419984
989,0.007755451602861285,0.007542335486505181,1.9780000000000004e-06,0.007038252777419984
990,0.007408477482385933,0.007114577281754464,1.98e-06,0.007038252777419984
991,0.007259415346197784,0.0071849701926112175,1.9820000000000003e-06,0.007038252777419984
992,0.0075164115987718105,0.007325387035962194,1.984e-06,0.007038252777419984
993,0.006849094352219254,0.006726407213136554,1.986e-06,0.007038252777419984
994,0.007294113049283624,0.007498734805267304,1.9880000000000003e-06,0.006726407213136554
995,0.006741518271155655,0.006619941268581897,1.99e-06,0.006726407213136554
996,0.006859346409328282,0.0071562264347448945,1.992e-06,0.006619941268581897
997,0.007116469030734152,0.007365023717284203,1.9940000000000003e-06,0.006619941268581897
998,0.007114558946341276,0.007512784155551344,1.996e-06,0.006619941268581897
999,0.007395118533167988,0.006469427258707583,1.998e-06,0.006619941268581897
1000,0.0072912939940579236,0.007512692187447101,2e-06,0.006469427258707583
1001,0.007533701020292938,0.0072941166581586,2.0020000000000005e-06,0.006469427258707583
1002,0.007269028224982321,0.007651655236259103,2.004e-06,0.006469427258707583
1003,0.007214945391751826,0.006827125384006649,2.006e-06,0.006469427258707583
1004,0.007435728039126843,0.007088966551236808,2.008e-06,0.006469427258707583
1005,0.0070932923699729145,0.006770651205442846,2.0100000000000002e-06,0.006469427258707583
1006,0.007323098136112094,0.007624752586707473,2.0120000000000004e-06,0.006469427258707583
1007,0.006636123463977128,0.007453323574736714,2.014e-06,0.006469427258707583
1008,0.007085850753355771,0.00637104973429814,2.0160000000000003e-06,0.006469427258707583
1009,0.006519294169265777,0.007674305408727378,2.018e-06,0.00637104973429814
1010,0.007831967959646136,0.0068748234189115465,2.02e-06,0.00637104973429814
1011,0.006673857569694519,0.0071352394297719,2.0220000000000003e-06,0.00637104973429814
1012,0.006880304135847837,0.007244769367389381,2.024e-06,0.00637104973429814
1013,0.006639096071012318,0.007080880226567388,2.026e-06,0.00637104973429814
1014,0.0065184037666767836,0.00677405355963856,2.0280000000000003e-06,0.00637104973429814
1015,0.006203974946402013,0.00702804239699617,2.03e-06,0.00637104973429814
1016,0.006871466874144971,0.006520619033835828,2.032e-06,0.00637104973429814
1017,0.006997536576818675,0.007480348111130297,2.034e-06,0.00637104973429814
1018,0.007000578450970352,0.007193897326942533,2.0360000000000005e-06,0.00637104973429814
1019,0.006782418116927147,0.00713681650813669,2.0380000000000002e-06,0.00637104973429814
1020,0.006622844317462295,0.006709710229188204,2.04e-06,0.00637104973429814
1021,0.0068581977393478155,0.006351672927848995,2.042e-06,0.00637104973429814
1022,0.0069083222770132124,0.007031653716694564,2.0440000000000003e-06,0.006351672927848995
1023,0.006920969113707542,0.006901328801177442,2.0460000000000004e-06,0.006351672927848995
1024,0.006711478519719094,0.006711801281198859,2.048e-06,0.006351672927848995
1025,0.007239546859636903,0.006668361311312765,2.0500000000000003e-06,0.006351672927848995
1026,0.0059816171997226775,0.006252997205592692,2.052e-06,0.006351672927848995
1027,0.00664453738136217,0.006478596478700638,2.054e-06,0.006252997205592692
1028,0.006770361273083836,0.006701703823637217,2.0560000000000003e-06,0.006252997205592692
1029,0.007093682303093374,0.0063177887932397425,2.058e-06,0.006252997205592692
1030,0.0068681114935316145,0.007147866184823215,2.06e-06,0.006252997205592692
1031,0.007008612039498985,0.006518612033687532,2.0620000000000003e-06,0.006252997205592692
1032,0.006281144102104008,0.005798569181933999,2.064e-06,0.006252997205592692
1033,0.006473036133684218,0.007103950134478509,2.066e-06,0.005798569181933999
1034,0.006741126941051334,0.006516991590615362,2.068e-06,0.005798569181933999
1035,0.006454208225477487,0.006893430312629789,2.0700000000000005e-06,0.005798569181933999
1036,0.0068866576184518635,0.00640709325671196,2.0720000000000002e-06,0.005798569181933999
1037,0.0059628396993502975,0.006509578204713762,2.074e-06,0.005798569181933999
1038,0.007182282977737486,0.006673200521618128,2.076e-06,0.005798569181933999
1039,0.007269093825016171,0.006799455266445875,2.0780000000000003e-06,0.005798569181933999
1040,0.006639874365646392,0.006391145288944244,2.0800000000000004e-06,0.005798569181933999
1041,0.006412218033801764,0.006502631702460349,2.082e-06,0.005798569181933999
1042,0.006728241918608546,0.006683804094791412,2.0840000000000003e-06,0.005798569181933999
1043,0.0065216984949074686,0.006266912503633648,2.086e-06,0.005798569181933999
1044,0.007113964937161654,0.006553581275511533,2.088e-06,0.005798569181933999
1045,0.006152904650662094,0.0067669880809262395,2.0900000000000003e-06,0.005798569181933999
1046,0.006341671047266573,0.007049635867588222,2.092e-06,0.005798569181933999
1047,0.006355428777169436,0.006672717921901494,2.094e-06,0.005798569181933999
1048,0.006341598054859787,0.0069514260976575315,2.0960000000000003e-06,0.005798569181933999
1049,0.006457977695390582,0.006434573500882834,2.098e-06,0.005798569181933999
1050,0.00646141596371308,0.00617540767416358,2.1000000000000002e-06,0.005798569181933999
1051,0.006837097636889666,0.006710767571348697,2.102e-06,0.005798569181933999
1052,0.006588534219190478,0.006472948647569865,2.1040000000000005e-06,0.005798569181933999
1053,0.006537262292113155,0.005874514172319323,2.1060000000000002e-06,0.005798569181933999
1054,0.006379415863193572,0.0064758353983052075,2.108e-06,0.005798569181933999
1055,0.006261141155846417,0.0061200332711450756,2.11e-06,0.005798569181933999
1056,0.006512786203529686,0.00726101704640314,2.1120000000000003e-06,0.005798569181933999
1057,0.006188605213537812,0.006878378742840141,2.1140000000000004e-06,0.005798569181933999
1058,0.006189565290696919,0.0073964386829175055,2.116e-06,0.005798569181933999
1059,0.006529184291139245,0.0063055819482542574,2.118e-06,0.005798569181933999
1060,0.006659452279563993,0.006513367348816246,2.12e-06,0.005798569181933999
1061,0.006636803154833615,0.006434704177081585,2.122e-06,0.005798569181933999
1062,0.0064087677164934576,0.00676202739123255,2.1240000000000003e-06,0.005798569181933999
1063,0.0059984836261719465,0.006691157177556306,2.126e-06,0.005798569181933999
1064,0.0062513931188732386,0.006164018297567964,2.128e-06,0.005798569181933999
1065,0.00573028257349506,0.005881941469851881,2.1300000000000004e-06,0.005798569181933999
1066,0.005922410520724952,0.006620463798753917,2.132e-06,0.005798569181933999
1067,0.005973248626105487,0.006111484428402036,2.1340000000000002e-06,0.005798569181933999
1068,0.0058695824118331075,0.006058591068722308,2.136e-06,0.005798569181933999
1069,0.005808898597024381,0.005359194095944986,2.138e-06,0.005798569181933999
1070,0.006155529641546309,0.006680726422928274,2.1400000000000003e-06,0.005359194095944986
1071,0.005567875399719924,0.006093026080634445,2.142e-06,0.005359194095944986
1072,0.006345201283693314,0.0069193916860967875,2.144e-06,0.005359194095944986
1073,0.005795640987344086,0.005668049037922174,2.1460000000000003e-06,0.005359194095944986
1074,0.006387102708686143,0.006795258086640388,2.1480000000000004e-06,0.005359194095944986
1075,0.005849695240613073,0.006033852172549814,2.15e-06,0.005359194095944986
1076,0.005689313082257286,0.006251426471862942,2.152e-06,0.005359194095944986
1077,0.00580332858953625,0.006035998580045998,2.154e-06,0.005359194095944986
1078,0.00581308756954968,0.006141101475805044,2.156e-06,0.005359194095944986
1079,0.0060240746242925525,0.005796291690785438,2.1580000000000003e-06,0.005359194095944986
1080,0.006042121909558773,0.006143102946225554,2.16e-06,0.005359194095944986
1081,0.006165626808069646,0.005752180702984333,2.1620000000000002e-06,0.005359194095944986
1082,0.0063145303865894675,0.0067894040839746594,2.1640000000000004e-06,0.005359194095944986
1083,0.006156336166895926,0.0054190243245102465,2.166e-06,0.005359194095944986
1084,0.006278342625591904,0.005912036867812276,2.1680000000000002e-06,0.005359194095944986
1085,0.005965965217910707,0.00612806505523622,2.17e-06,0.005359194095944986
1086,0.005892691086046398,0.005900310876313597,2.172e-06,0.005359194095944986
1087,0.005724100454244763,0.0056827487424016,2.1740000000000003e-06,0.005359194095944986
1088,0.005858253396581858,0.006255746411625296,2.176e-06,0.005359194095944986
1089,0.0056775936973281205,0.0054944579023867846,2.178e-06,0.005359194095944986
1090,0.005757096165325493,0.006068421062082052,2.1800000000000003e-06,0.005359194095944986
1091,0.006678650912363082,0.006325285416096449,2.1820000000000005e-06,0.005359194095944986
1092,0.006123343424405903,0.005520087317563593,2.184e-06,0.005359194095944986
1093,0.005829727917443961,0.005917749658692628,2.186e-06,0.005359194095944986
1094,0.0061201584758237,0.007278919802047312,2.188e-06,0.005359194095944986
1095,0.006519601040054113,0.006830959115177393,2.19e-06,0.005359194095944986
1096,0.006219406961463392,0.006077265541534871,2.1920000000000004e-06,0.005359194095944986
1097,0.006389252026565373,0.005926757701672614,2.194e-06,0.005359194095944986
1098,0.0067489215871319175,0.005658328183926642,2.1960000000000002e-06,0.005359194095944986
1099,0.005891779117519036,0.005730545672122389,2.1980000000000004e-06,0.005359194095944986
1100,0.005796992452815175,0.005914306093472987,2.2e-06,0.005359194095944986
1101,0.005900586547795683,0.00572480948176235,2.2020000000000003e-06,0.005359194095944986
1102,0.005944477044977248,0.005755034857429564,2.204e-06,0.005359194095944986
1103,0.005382812465541065,0.005727141397073865,2.206e-06,0.005359194095944986
1104,0.006083623098675162,0.006260650523472577,2.2080000000000003e-06,0.005359194095944986
1105,0.005792751500848681,0.005840081779751927,2.21e-06,0.005359194095944986
1106,0.005936018947977573,0.006083587417379022,2.212e-06,0.005359194095944986
1107,0.006007996620610356,0.0058377612149342895,2.2140000000000003e-06,0.005359194095944986
1108,0.005910385225433856,0.005883623496629298,2.2160000000000005e-06,0.005359194095944986
1109,0.005537345015909523,0.005733648664318025,2.218e-06,0.005359194095944986
1110,0.00570735102519393,0.005578267446253449,2.22e-06,0.005359194095944986
1111,0.005665812088409439,0.005335660418495536,2.222e-06,0.005359194095944986
1112,0.005496280558872968,0.006214061169885099,2.2240000000000002e-06,0.005335660418495536
1113,0.006368340109474957,0.006281498179305345,2.2260000000000004e-06,0.005335660418495536
1114,0.006244732707273215,0.00564278825186193,2.228e-06,0.005335660418495536
1115,0.005624095443636179,0.005494713608641177,2.2300000000000002e-06,0.005335660418495536
1116,0.005614161374978721,0.0064054336689878255,2.2320000000000004e-06,0.005335660418495536
1117,0.005576448107603937,0.006568232201971114,2.234e-06,0.005335660418495536
1118,0.005597176612354815,0.00603331602178514,2.2360000000000003e-06,0.005335660418495536
1119,0.006265065632760525,0.005337519047316164,2.238e-06,0.005335660418495536
1120,0.0054627689241897315,0.005805840482935309,2.24e-06,0.005335660418495536
1121,0.005925555480644107,0.005238324316451326,2.2420000000000003e-06,0.005335660418495536
1122,0.005623064062092453,0.00527652507298626,2.244e-06,0.005238324316451326
1123,0.005495518620591611,0.006135764589998871,2.246e-06,0.005238324316451326
1124,0.005971852922812104,0.005555357725825161,2.2480000000000003e-06,0.005238324316451326
1125,0.005505816719960421,0.005676934670191258,2.25e-06,0.005238324316451326
1126,0.006106480956077576,0.005726238072384149,2.252e-06,0.005238324316451326
1127,0.005363548989407718,0.005531795904971659,2.254e-06,0.005238324316451326
1128,0.006069089693482965,0.005568325519561768,2.256e-06,0.005238324316451326
1129,0.005500062368810177,0.005727534706238657,2.2580000000000002e-06,0.005238324316451326
1130,0.005914359935559332,0.0054409095901064575,2.2600000000000004e-06,0.005238324316451326
1131,0.006273509468883276,0.0057762881624512374,2.262e-06,0.005238324316451326
1132,0.005884616868570447,0.005033529247157276,2.264e-06,0.005238324316451326
1133,0.005373755062464625,0.00546150712762028,2.2660000000000004e-06,0.005033529247157276
1134,0.005768259637989104,0.005937260575592518,2.268e-06,0.005033529247157276
1135,0.005523071973584592,0.005866344319656491,2.2700000000000003e-06,0.005033529247157276
1136,0.00578853563638404,0.005712282320018858,2.272e-06,0.005033529247157276
1137,0.006178629060741514,0.006432070804294199,2.274e-06,0.005033529247157276
1138,0.005496393074281514,0.005692805978469551,2.2760000000000003e-06,0.005033529247157276
1139,0.0054772208677604795,0.00639339309418574,2.278e-06,0.005033529247157276
1140,0.005713710968848318,0.005194722005398944,2.28e-06,0.005033529247157276
1141,0.005262507183942944,0.0055632496369071305,2.2820000000000003e-06,0.005033529247157276
1142,0.0051524374284781516,0.006258890789467841,2.284e-06,0.005033529247157276
1143,0.0054462841944769025,0.006121983577031642,2.2860000000000002e-06,0.005033529247157276
1144,0.005840186087880284,0.005026423372328281,2.288e-06,0.005033529247157276
1145,0.005764750007074326,0.005572649592068046,2.29e-06,0.005026423372328281
1146,0.005938908609095961,0.005793308198917657,2.2920000000000002e-06,0.005026423372328281
1147,0.005807482113596052,0.005267553322482854,2.2940000000000004e-06,0.005026423372328281
1148,0.0057125206221826375,0.005500434315763414,2.296e-06,0.005026423372328281
1149,0.005662730021867901,0.0059886007802560925,2.298e-06,0.005026423372328281
1150,0.00537736393744126,0.0057750174892134964,2.3000000000000004e-06,0.005026423372328281
1151,0.005480267049279064,0.0060667096404358745,2.302e-06,0.005026423372328281
1152,0.005507240945007652,0.005277642834698781,2.3040000000000003e-06,0.005026423372328281
1153,0.005238012498011813,0.006261823873501271,2.306e-06,0.005026423372328281
1154,0.005931942141614854,0.005314425798133016,2.308e-06,0.005026423372328281
1155,0.0051924645667895675,0.0049507652875036,2.3100000000000003e-06,0.005026423372328281
1156,0.005482127715367824,0.005674118176102638,2.312e-06,0.0049507652875036
1157,0.005643934477120638,0.006409897294361144,2.314e-06,0.0049507652875036
1158,0.005616899172309786,0.0057279051980003715,2.3160000000000004e-06,0.0049507652875036
1159,0.004938567406497896,0.005183751491131261,2.318e-06,0.0049507652875036
1160,0.005062645417638123,0.005371914245188236,2.3200000000000002e-06,0.0049507652875036
1161,0.005240826343651861,0.005048884253483266,2.322e-06,0.0049507652875036
1162,0.005436139937955886,0.00513968983432278,2.324e-06,0.0049507652875036
1163,0.005635402223560959,0.005263887869659811,2.3260000000000003e-06,0.0049507652875036
1164,0.005163109686691314,0.006034063233528286,2.3280000000000004e-06,0.0049507652875036
1165,0.005132092221174389,0.005809796042740345,2.33e-06,0.0049507652875036
1166,0.004655424185330048,0.00497479597106576,2.332e-06,0.0049507652875036
1167,0.005696245760191232,0.00523910199990496,2.3340000000000004e-06,0.0049507652875036
1168,0.0049788885517045856,0.005478948063682765,2.336e-06,0.0049507652875036
1169,0.005389872647356242,0.004984972852980718,2.3380000000000003e-06,0.0049507652875036
1170,0.005212222633417696,0.005105936579639092,2.34e-06,0.0049507652875036
1171,0.005510816990863532,0.0052345829317346215,2.342e-06,0.0049507652875036
1172,0.004989073087926954,0.005016223440179601,2.3440000000000003e-06,0.0049507652875036
1173,0.005653121508657932,0.005575974413659424,2.346e-06,0.0049507652875036
1174,0.004887664166744798,0.005469570285640657,2.3480000000000002e-06,0.0049507652875036
1175,0.005387334735132754,0.0054771764553152025,2.3500000000000004e-06,0.0049507652875036
1176,0.0049414848908782005,0.0052870093495585024,2.352e-06,0.0049507652875036
1177,0.005491163465194404,0.005286302184686065,2.3540000000000002e-06,0.0049507652875036
1178,0.005500672967173159,0.005272018141113222,2.356e-06,0.0049507652875036
1179,0.004781018040375784,0.005610192660242319,2.358e-06,0.0049507652875036
1180,0.0052204374223947525,0.005162842688150704,2.3600000000000003e-06,0.0049507652875036
1181,0.00510012760059908,0.00504991936031729,2.362e-06,0.0049507652875036
1182,0.0056258339318446815,0.005402276758104563,2.364e-06,0.0049507652875036
1183,0.005461206310428679,0.005148024240043014,2.366e-06,0.0049507652875036
1184,0.005497937498148531,0.006147153733763844,2.3680000000000005e-06,0.0049507652875036
1185,0.005345862475223839,0.005792949115857482,2.37e-06,0.0049507652875036
1186,0.005486882757395506,0.005170407239347696,2.3720000000000003e-06,0.0049507652875036
1187,0.0050340048619546,0.005504097614903003,2.374e-06,0.0049507652875036
1188,0.005498389189597219,0.004968548251781613,2.376e-06,0.0049507652875036
1189,0.0057557871914468706,0.004608357208780944,2.3780000000000004e-06,0.0049507652875036
1190,0.004913017328362912,0.005429671262390912,2.38e-06,0.004608357208780944
1191,0.005352560838218778,0.005020072334446013,2.3820000000000002e-06,0.004608357208780944
1192,0.005038916831836104,0.004856800194829702,2.3840000000000004e-06,0.004608357208780944
1193,0.005306998908054084,0.005449190241051838,2.386e-06,0.004608357208780944
1194,0.00505199353210628,0.004968683933839202,2.3880000000000003e-06,0.004608357208780944
1195,0.0047004890511743724,0.005464633926749229,2.39e-06,0.004608357208780944
1196,0.004445172060513869,0.005156364699359983,2.392e-06,0.004608357208780944
1197,0.004944707790855318,0.005330027604941279,2.3940000000000003e-06,0.004608357208780944
1198,0.005123447976075113,0.005236328230239451,2.396e-06,0.004608357208780944
1199,0.004898367100395262,0.005120231915498152,2.398e-06,0.004608357208780944
1200,0.004747928120195866,0.005058218026533723,2.4e-06,0.004608357208780944
1201,0.00559993798378855,0.004239819390932098,2.4020000000000005e-06,0.004608357208780944
1202,0.005568220687564462,0.005640565825160593,2.404e-06,0.004239819390932098
1203,0.005646892299409956,0.005796839133836329,2.4060000000000003e-06,0.004239819390932098
1204,0.005266233318252489,0.005300811491906643,2.408e-06,0.004239819390932098
1205,0.005294955975841731,0.004584364534821361,2.4100000000000002e-06,0.004239819390932098
1206,0.005277022311929613,0.005318460986018181,2.4120000000000004e-06,0.004239819390932098
1207,0.004579769942210987,0.0052482428145594895,2.414e-06,0.004239819390932098
1208,0.005293089663609862,0.005081333656562492,2.4160000000000002e-06,0.004239819390932098
1209,0.005300673074088991,0.005469095951411873,2.4180000000000004e-06,0.004239819390932098
1210,0.005705220624804497,0.00543519074562937,2.42e-06,0.004239819390932098
1211,0.005076246277894825,0.004766985424794257,2.4220000000000003e-06,0.004239819390932098
1212,0.004747436381876469,0.004780790535733104,2.424e-06,0.004239819390932098
1213,0.00473880919162184,0.005767019581981003,2.426e-06,0.004239819390932098
1214,0.005263226950773969,0.0061052743112668395,2.4280000000000003e-06,0.004239819390932098
1215,0.005311279703164473,0.005039256124291569,2.43e-06,0.004239819390932098
1216,0.005203888169489801,0.005109854624606669,2.432e-06,0.004239819390932098
1217,0.0045739958877675235,0.00487100169993937,2.434e-06,0.004239819390932098
1218,0.005712618178222328,0.005664406751748174,2.4360000000000005e-06,0.004239819390932098
1219,0.005214931879891083,0.0054963924922049046,2.438e-06,0.004239819390932098
1220,0.0052836567629128695,0.005355718312785029,2.4400000000000004e-06,0.004239819390932098
1221,0.005362352996598929,0.004888069262960926,2.442e-06,0.004239819390932098
1222,0.004968750989064574,0.004958036239258945,2.4440000000000002e-06,0.004239819390932098
1223,0.004983182298019528,0.004685104155214503,2.4460000000000004e-06,0.004239819390932098
1224,0.004663318453822285,0.005170999211259186,2.448e-06,0.004239819390932098
1225,0.004800038877874613,0.004590307275066152,2.4500000000000003e-06,0.004239819390932098
1226,0.005120502668432891,0.00584763556253165,2.4520000000000004e-06,0.004239819390932098
1227,0.004707534797489643,0.004487500962568447,2.454e-06,0.004239819390932098
1228,0.005507187044713646,0.004946570756146684,2.4560000000000003e-06,0.004239819390932098
1229,0.004762734344694763,0.004966822802089155,2.458e-06,0.004239819390932098
1230,0.0049715248751454055,0.00463611597660929,2.46e-06,0.004239819390932098
1231,0.004537729633739218,0.004642321320716292,2.4620000000000003e-06,0.004239819390932098
1232,0.005108235345687717,0.004512675222940743,2.464e-06,0.004239819390932098
1233,0.00476392888231203,0.004723532183561474,2.466e-06,0.004239819390932098
1234,0.004786968202097341,0.005714632861781865,2.468e-06,0.004239819390932098
1235,0.005328270315658301,0.005658872541971505,2.4700000000000005e-06,0.004239819390932098
1236,0.004708409425802529,0.0051201292662881315,2.4720000000000002e-06,0.004239819390932098
1237,0.004988056025467813,0.0047776520368643105,2.4740000000000004e-06,0.004239819390932098
1238,0.004579861124511808,0.00470812973799184,2.476e-06,0.004239819390932098
1239,0.0052078595908824354,0.00465053494554013,2.4780000000000002e-06,0.004239819390932098
1240,0.004896331578493118,0.00497381656896323,2.4800000000000004e-06,0.004239819390932098
1241,0.005000356934033334,0.005343023338355124,2.482e-06,0.004239819390932098
1242,0.005548350571189076,0.004699573444668204,2.4840000000000003e-06,0.004239819390932098
1243,0.004486231919145212,0.005317533417837694,2.4860000000000004e-06,0.004239819390932098
1244,0.004765974677866325,0.005103610164951533,2.488e-06,0.004239819390932098
1245,0.005619034462142736,0.005209808994550258,2.4900000000000003e-06,0.004239819390932098
1246,0.005036125454353169,0.005034022324252874,2.492e-06,0.004239819390932098
1247,0.004433803202118725,0.005004308186471462,2.494e-06,0.004239819390932098
1248,0.0046771218767389655,0.005272310634609312,2.4960000000000003e-06,0.004239819390932098
1249,0.00491350592346862,0.00463251952896826,2.498e-06,0.004239819390932098
1250,0.004613428958691657,0.004612850520061329,2.5e-06,0.004239819390932098
1251,0.005018785421270877,0.004935372620820999,2.502e-06,0.004239819390932098
1252,0.005254186980891973,0.004891113960184157,2.5040000000000005e-06,0.004239819390932098
1253,0.005102982424432412,0.004858717671595514,2.5060000000000002e-06,0.004239819390932098
1254,0.00484970718389377,0.005146873067133129,2.508e-06,0.004239819390932098
1255,0.004837397777009755,0.004973520990461111,2.51e-06,0.004239819390932098
1256,0.004458918090676889,0.005755952472100034,2.5120000000000003e-06,0.004239819390932098
1257,0.005063630058430135,0.004730460583232343,2.5140000000000004e-06,0.004239819390932098
1258,0.00494592945324257,0.0049974309804383665,2.516e-06,0.004239819390932098
1259,0.005200194602366537,0.005166990275029093,2.5180000000000003e-06,0.004239819390932098
1260,0.005399448913522065,0.005338713061064482,2.5200000000000004e-06,0.004239819390932098
1261,0.004832622624235228,0.00521478068549186,2.522e-06,0.004239819390932098
1262,0.00458323719794862,0.004817030043341219,2.5240000000000003e-06,0.004239819390932098
1263,0.005031137901823968,0.005149217671714723,2.526e-06,0.004239819390932098
1264,0.004659997008275241,0.004715458431746811,2.528e-06,0.004239819390932098
1265,0.004554888146230951,0.005076100875157863,2.5300000000000003e-06,0.004239819390932098
1266,0.0055008765193633735,0.0046006230695638806,2.532e-06,0.004239819390932098
1267,0.00528759032022208,0.00488276468240656,2.5340000000000002e-06,0.004239819390932098
1268,0.004852772282902151,0.005018284893594682,2.536e-06,0.004239819390932098
1269,0.005300755932694301,0.004702104546595365,2.5380000000000005e-06,0.004239819390932098
1270,0.0047700499126221985,0.004768308048369363,2.5400000000000002e-06,0.004239819390932098
1271,0.005524305364815518,0.0046074842975940555,2.542e-06,0.004239819390932098
1272,0.0050329263031017035,0.005686851101927459,2.544e-06,0.004239819390932098
1273,0.004929621238261461,0.005052768741734326,2.5460000000000003e-06,0.004239819390932098
1274,0.004863425740040839,0.004891234857495874,2.5480000000000004e-06,0.004239819390932098
1275,0.004985645762644708,0.004976081778295338,2.55e-06,0.004239819390932098
1276,0.005162218527402729,0.00486239924794063,2.5520000000000003e-06,0.004239819390932098
1277,0.0055228128912858665,0.00540842633927241,2.5540000000000004e-06,0.004239819390932098
1278,0.0048670202668290585,0.005398951354436576,2.556e-06,0.004239819390932098
1279,0.004620914434781298,0.004882845445536077,2.5580000000000003e-06,0.004239819390932098
1280,0.005283735110424459,0.0050202792044728994,2.56e-06,0.004239819390932098
1281,0.00489711033878848,0.005143520858837292,2.562e-06,0.004239819390932098
1282,0.004716578347142786,0.004863609035965055,2.5640000000000004e-06,0.004239819390932098
1283,0.004830839374335483,0.004436829331098124,2.566e-06,0.004239819390932098
1284,0.004880092135863379,0.004703929036622867,2.5680000000000002e-06,0.004239819390932098
1285,0.004875257902313024,0.00543222192209214,2.57e-06,0.004239819390932098
1286,0.004903311841189861,0.00451695139054209,2.5720000000000005e-06,0.004239819390932098
1287,0.005026166851166636,0.005277147749438882,2.5740000000000003e-06,0.004239819390932098
1288,0.005403031245805323,0.004977906646672636,2.576e-06,0.004239819390932098
1289,0.00477368978317827,0.004911980009637773,2.578e-06,0.004239819390932098
1290,0.004973857867298648,0.004549686913378537,2.5800000000000003e-06,0.004239819390932098
1291,0.0050083271926268935,0.004440276825334877,2.5820000000000004e-06,0.004239819390932098
1292,0.004337252874393016,0.004383878462249413,2.584e-06,0.004239819390932098
1293,0.0049628418055363,0.00458174615050666,2.5860000000000003e-06,0.004239819390932098
1294,0.004772586922626942,0.005104602663777769,2.5880000000000005e-06,0.004239819390932098
1295,0.005003152647987008,0.00464311390533112,2.59e-06,0.004239819390932098
1296,0.004867442650720477,0.004714526585303247,2.5920000000000003e-06,0.004239819390932098
1297,0.0046451405505649745,0.005049269529990852,2.594e-06,0.004239819390932098
1298,0.004807671240996569,0.005031732085626572,2.5960000000000002e-06,0.004239819390932098
1299,0.00525403197389096,0.005039038311224431,2.5980000000000004e-06,0.004239819390932098
1300,0.0051365449908189476,0.006376502511557192,2.6e-06,0.004239819390932098
1301,0.005122562200995162,0.004562669288134202,2.6020000000000002e-06,0.004239819390932098
1302,0.005095988977700472,0.004967937362380326,2.604e-06,0.004239819390932098
1303,0.004943200008710846,0.005101752700284123,2.606e-06,0.004239819390932098
1304,0.004373833711724728,0.004173891735263169,2.6080000000000003e-06,0.004239819390932098
1305,0.004998122371034697,0.00446135553647764,2.61e-06,0.004173891735263169
1306,0.005225846543908119,0.004781781433848664,2.612e-06,0.004173891735263169
1307,0.004912117728963494,0.005288962507620454,2.6140000000000003e-06,0.004173891735263169
1308,0.004728166793938726,0.00515123619697988,2.6160000000000004e-06,0.004173891735263169
1309,0.00520227785455063,0.004746139136841521,2.618e-06,0.004173891735263169
1310,0.0045219199964776635,0.005385645490605384,2.62e-06,0.004173891735263169
1311,0.004456935072084889,0.004562284710118547,2.6220000000000005e-06,0.004173891735263169
1312,0.004750986234284937,0.004796969500603154,2.624e-06,0.004173891735263169
1313,0.004733789130114019,0.0047550618764944375,2.6260000000000004e-06,0.004173891735263169
1314,0.005190430645598099,0.0046865637996234,2.628e-06,0.004173891735263169
1315,0.0052358953398652375,0.005567095387959853,2.6300000000000002e-06,0.004173891735263169
1316,0.004960401856806129,0.00503421388566494,2.6320000000000004e-06,0.004173891735263169
1317,0.004467661841772497,0.004495351749937981,2.634e-06,0.004173891735263169
1318,0.004751232627313584,0.004891221789875999,2.6360000000000003e-06,0.004173891735263169
1319,0.004639001359464601,0.005292960093356669,2.638e-06,0.004173891735263169
1320,0.004801568808034062,0.0049105637008324265,2.64e-06,0.004173891735263169
1321,0.005052549939136952,0.005161835462786257,2.6420000000000003e-06,0.004173891735263169
1322,0.004747241124277934,0.005048438441008329,2.644e-06,0.004173891735263169
1323,0.004424847254995257,0.005054317822214216,2.646e-06,0.004173891735263169
1324,0.004764234094182029,0.004785282741067931,2.6480000000000003e-06,0.004173891735263169
1325,0.005227873858530074,0.004862631671130657,2.6500000000000005e-06,0.004173891735263169
1326,0.004420917452080175,0.004911965341307223,2.652e-06,0.004173891735263169
1327,0.004284773953258991,0.0046801936405245215,2.654e-06,0.004173891735263169
1328,0.005186717811739072,0.0052548389649018645,2.6560000000000005e-06,0.004173891735263169
1329,0.005081826791865751,0.00464438003837131,2.6580000000000002e-06,0.004173891735263169
1330,0.004821167269255966,0.005030154396081343,2.6600000000000004e-06,0.004173891735263169
1331,0.00537271611392498,0.004825113690458238,2.662e-06,0.004173891735263169
1332,0.004891434247838333,0.004760201147291809,2.6640000000000002e-06,0.004173891735263169
1333,0.00417493941495195,0.0044753273541573435,2.6660000000000004e-06,0.004173891735263169
1334,0.004817870678380132,0.004415071598486975,2.668e-06,0.004173891735263169
1335,0.0050584046402946115,0.004682316037360579,2.6700000000000003e-06,0.004173891735263169
1336,0.0045634817506652325,0.0046429651556536555,2.672e-06,0.004173891735263169
1337,0.005115630279760808,0.004614864708855748,2.674e-06,0.004173891735263169
1338,0.005180743639357388,0.004159490577876568,2.6760000000000003e-06,0.004173891735263169
1339,0.004973622184479609,0.005156375846127048,2.678e-06,0.004159490577876568
1340,0.005259701982140541,0.004963733837939799,2.68e-06,0.004159490577876568
1341,0.004662347695557401,0.004874350503087044,2.6820000000000003e-06,0.004159490577876568
1342,0.00490043600439094,0.0048286550445482135,2.6840000000000005e-06,0.004159490577876568
1343,0.005063804157543927,0.004420108889462426,2.686e-06,0.004159490577876568
1344,0.005987886863294989,0.004658223217120394,2.688e-06,0.004159490577876568
1345,0.004613784549292177,0.0050902856746688485,2.6900000000000005e-06,0.004159490577876568
1346,0.004633867501979694,0.004999260883778334,2.6920000000000002e-06,0.004159490577876568
1347,0.0050815746653825045,0.00478196088806726,2.6940000000000004e-06,0.004159490577876568
1348,0.004993110662326217,0.004671202565077692,2.696e-06,0.004159490577876568
1349,0.004593389050569385,0.004390907677588984,2.6980000000000003e-06,0.004159490577876568
1350,0.005101752583868802,0.004917143553029746,2.7000000000000004e-06,0.004159490577876568
1351,0.00539539594319649,0.004921092127915472,2.702e-06,0.004159490577876568
1352,0.005262708582449704,0.0048643400077708066,2.7040000000000003e-06,0.004159490577876568
1353,0.005356018780730665,0.0042590355151332915,2.706e-06,0.004159490577876568
1354,0.004524558695266023,0.005363003117963672,2.708e-06,0.004159490577876568
1355,0.004820456204470247,0.005556829913984984,2.7100000000000003e-06,0.004159490577876568
1356,0.005206649133469909,0.005009161919588223,2.712e-06,0.004159490577876568
1357,0.0046644693065900356,0.004648791684303433,2.714e-06,0.004159490577876568
1358,0.004448065970791504,0.004336937505286187,2.7160000000000003e-06,0.004159490577876568
1359,0.00508914579404518,0.004972759837983176,2.718e-06,0.004159490577876568
1360,0.004479373514186591,0.004418295284267515,2.7200000000000002e-06,0.004159490577876568
1361,0.004501880786847323,0.004510457249125466,2.722e-06,0.004159490577876568
1362,0.004514269297942519,0.0042702680511865765,2.7240000000000005e-06,0.004159490577876568
1363,0.005109530407935381,0.004732027970021591,2.7260000000000002e-06,0.004159490577876568
1364,0.004663277417421341,0.004866509378189221,2.7280000000000004e-06,0.004159490577876568
1365,0.00511167268268764,0.004839749191887677,2.73e-06,0.004159490577876568
1366,0.0047139937814790756,0.005328664439730346,2.732e-06,0.004159490577876568
1367,0.004874104051850736,0.0043905326165258884,2.7340000000000004e-06,0.004159490577876568
1368,0.004679815319832414,0.004478456714423373,2.736e-06,0.004159490577876568
1369,0.004500017821555957,0.0044708470813930035,2.7380000000000003e-06,0.004159490577876568
1370,0.004245885415002704,0.004588938085362315,2.74e-06,0.004159490577876568
1371,0.004631067247828469,0.00445232359925285,2.742e-06,0.004159490577876568
1372,0.004642344865715131,0.0051026291330344975,2.7440000000000003e-06,0.004159490577876568
1373,0.005146830168087035,0.004805013828445226,2.746e-06,0.004159490577876568
1374,0.004716959607321769,0.004992765607312322,2.748e-06,0.004159490577876568
1375,0.004913350392598659,0.005491069925483316,2.7500000000000004e-06,0.004159490577876568
1376,0.004925854329485446,0.004864532849751413,2.752e-06,0.004159490577876568
1377,0.004667951143346727,0.004347267793491483,2.7540000000000002e-06,0.004159490577876568
1378,0.00468874501530081,0.004544009076198563,2.756e-06,0.004159490577876568
1379,0.005177871702471748,0.004309550655307248,2.7580000000000005e-06,0.004159490577876568
1380,0.004390763002447784,0.004838389781070873,2.7600000000000003e-06,0.004159490577876568
1381,0.00471251702401787,0.004663996369345114,2.7620000000000004e-06,0.004159490577876568
1382,0.00487526273354888,0.004657141165807843,2.764e-06,0.004159490577876568
1383,0.004535212880000472,0.004448547260835767,2.766e-06,0.004159490577876568
1384,0.004697163094533607,0.004576267558149993,2.7680000000000004e-06,0.004159490577876568
1385,0.0047566240828018636,0.004241729388013482,2.77e-06,0.004159490577876568
1386,0.005060269148088992,0.004841445072088391,2.7720000000000003e-06,0.004159490577876568
1387,0.004976646916475147,0.004803377465577796,2.774e-06,0.004159490577876568
1388,0.0050138565129600465,0.005068350466899574,2.776e-06,0.004159490577876568
1389,0.005356104869861156,0.004665150481741875,2.7780000000000003e-06,0.004159490577876568
1390,0.00455397434416227,0.005039955489337444,2.78e-06,0.004159490577876568
1391,0.004719157266663387,0.004584528942359611,2.7820000000000002e-06,0.004159490577876568
1392,0.004788297752384096,0.00547340780030936,2.7840000000000004e-06,0.004159490577876568
1393,0.004772746178787202,0.005126486124936491,2.786e-06,0.004159490577876568
1394,0.004986554209608585,0.00466622068779543,2.7880000000000002e-06,0.004159490577876568
1395,0.004742684599477798,0.0054110760684125125,2.79e-06,0.004159490577876568
1396,0.00463068502722308,0.004849010467296466,2.7920000000000005e-06,0.004159490577876568
1397,0.0051108450861647725,0.004471428372198716,2.7940000000000003e-06,0.004159490577876568
1398,0.005144310067407787,0.0043973611609544605,2.7960000000000004e-06,0.004159490577876568
1399,0.004408703098306432,0.00532380910590291,2.798e-06,0.004159490577876568
1400,0.005015682778321207,0.004776215762831271,2.8e-06,0.004159490577876568
1401,0.00481401538127102,0.005103240458993241,2.8020000000000004e-06,0.004159490577876568
1402,0.004979910503607243,0.004265317926183343,2.804e-06,0.004159490577876568
1403,0.0044703338062390685,0.004809906356967986,2.8060000000000003e-06,0.004159490577876568
1404,0.004637148784240708,0.004655955242924392,2.808e-06,0.004159490577876568
1405,0.004225417040288448,0.004210962331853807,2.81e-06,0.004159490577876568
1406,0.004705366591224447,0.004163280129432678,2.8120000000000004e-06,0.004159490577876568
1407,0.004642758751288056,0.004866626724833623,2.814e-06,0.004159490577876568
1408,0.0045330442080739886,0.004552694445010275,2.8160000000000002e-06,0.004159490577876568
1409,0.004567235620925203,0.004644333792384714,2.8180000000000004e-06,0.004159490577876568
1410,0.004664317850256339,0.004096752323675901,2.82e-06,0.004159490577876568
1411,0.005171819648239762,0.005088203644845635,2.8220000000000003e-06,0.004096752323675901
1412,0.00466902059270069,0.005172115284949541,2.824e-06,0.004096752323675901
1413,0.00508444884326309,0.00456892725196667,2.8260000000000006e-06,0.004096752323675901
1414,0.005232944764429703,0.004608972143614665,2.8280000000000003e-06,0.004096752323675901
1415,0.004723411868326366,0.004841743619181216,2.8300000000000004e-06,0.004096752323675901
1416,0.004719839780591428,0.00483078247634694,2.832e-06,0.004096752323675901
1417,0.004812274069990963,0.004842606926104054,2.834e-06,0.004096752323675901
1418,0.00473922336823307,0.004910149786155671,2.8360000000000005e-06,0.004096752323675901
1419,0.0044827283709309995,0.004505136486841366,2.838e-06,0.004096752323675901
1420,0.004375451186206192,0.004264445218723267,2.8400000000000003e-06,0.004096752323675901
1421,0.004823063442017883,0.004744983889395371,2.842e-06,0.004096752323675901
1422,0.0055405376479029655,0.005061903328169137,2.8440000000000002e-06,0.004096752323675901
1423,0.00497664968133904,0.0051025880966335535,2.8460000000000004e-06,0.004096752323675901
1424,0.004990638874005526,0.005000078526791185,2.848e-06,0.004096752323675901
1425,0.004281853296561167,0.004958475677995011,2.8500000000000002e-06,0.004096752323675901
1426,0.0044517916976474226,0.005035029840655625,2.8520000000000004e-06,0.004096752323675901
1427,0.004491797386435792,0.004677112417994067,2.854e-06,0.004096752323675901
1428,0.00450828971224837,0.0042957497062161565,2.8560000000000003e-06,0.004096752323675901
1429,0.0048817833012435585,0.004533966071903706,2.858e-06,0.004096752323675901
1430,0.004202304291538894,0.004352824413217604,2.8600000000000006e-06,0.004096752323675901
1431,0.004382656392408535,0.0045241155894473195,2.8620000000000003e-06,0.004096752323675901
1432,0.0044363781926222146,0.004452569759450853,2.864e-06,0.004096752323675901
1433,0.00452488221344538,0.00507801232743077,2.866e-06,0.004096752323675901
1434,0.00565431357244961,0.004648879315936938,2.868e-06,0.004096752323675901
1435,0.005355017725378275,0.00519910833099857,2.8700000000000005e-06,0.004096752323675901
1436,0.005143428104929626,0.00469495914876461,2.872e-06,0.004096752323675901
1437,0.005192621087189764,0.00500486817327328,2.8740000000000004e-06,0.004096752323675901
1438,0.004463092045625672,0.00453705555992201,2.876e-06,0.004096752323675901
1439,0.004452232591575012,0.004732559522381052,2.8780000000000002e-06,0.004096752323675901
1440,0.004796578316017985,0.005424865463282913,2.8800000000000004e-06,0.004096752323675901
1441,0.005152077443199232,0.005119129724334925,2.882e-06,0.004096752323675901
1442,0.004024246096378192,0.004906237067189068,2.8840000000000003e-06,0.004096752323675901
1443,0.0047210187767632306,0.004552836180664599,2.8860000000000004e-06,0.004096752323675901
1444,0.004309555690269917,0.004345131077570841,2.888e-06,0.004096752323675901
1445,0.0047161699330899864,0.004800151684321463,2.8900000000000003e-06,0.004096752323675901
1446,0.005323525459971279,0.005186167487408966,2.892e-06,0.004096752323675901
1447,0.004498569935094565,0.004781115974765271,2.8940000000000006e-06,0.004096752323675901
1448,0.00471803339314647,0.004463628138182685,2.8960000000000003e-06,0.004096752323675901
1449,0.00445280532585457,0.004552785132545978,2.898e-06,0.004096752323675901
1450,0.005326425714883953,0.004199445509584621,2.9e-06,0.004096752323675901
1451,0.004332112381234765,0.004656965145841241,2.902e-06,0.004096752323675901
1452,0.004730015469249338,0.004351121460786089,2.9040000000000005e-06,0.004096752323675901
1453,0.004586728435242549,0.004657516605220735,2.9060000000000002e-06,0.004096752323675901
1454,0.004396237607579678,0.004872324294410646,2.9080000000000004e-06,0.004096752323675901
1455,0.004503416595980525,0.0046286117867566645,2.91e-06,0.004096752323675901
1456,0.004659342346712947,0.0048354571335949,2.9120000000000002e-06,0.004096752323675901
1457,0.004642215091735125,0.0047789869713597,2.9140000000000004e-06,0.004096752323675901
1458,0.004225899727316573,0.004552560654701665,2.916e-06,0.004096752323675901
1459,0.004180810850812122,0.00478571659186855,2.9180000000000003e-06,0.004096752323675901
1460,0.004621165833668783,0.004726411338197067,2.9200000000000004e-06,0.004096752323675901
1461,0.004257128079188988,0.00475727827870287,2.922e-06,0.004096752323675901
1462,0.004416896728798747,0.004438101168489084,2.9240000000000003e-06,0.004096752323675901
1463,0.0043018420692533255,0.004709526983788237,2.926e-06,0.004096752323675901
1464,0.004415849543875083,0.004287344956537709,2.9280000000000006e-06,0.004096752323675901
1465,0.004254223313182592,0.004836305510252714,2.9300000000000003e-06,0.004096752323675901
1466,0.004440270364284515,0.00454214375349693,2.932e-06,0.004096752323675901
1467,0.004695898853242397,0.004537018219707534,2.934e-06,0.004096752323675901
1468,0.004945452121319249,0.004495306056924164,2.936e-06,0.004096752323675901
1469,0.004125562030822039,0.003922509640688077,2.9380000000000005e-06,0.004096752323675901
1470,0.004527564189629629,0.004925783141516149,2.9400000000000002e-06,0.003922509640688077
1471,0.004937760590109974,0.00435017971904017,2.9420000000000004e-06,0.003922509640688077
1472,0.004506841069087386,0.004154503520112485,2.944e-06,0.003922509640688077
1473,0.00456504529574886,0.004406573541928083,2.9460000000000003e-06,0.003922509640688077
1474,0.004847516102017835,0.004714122100267559,2.9480000000000004e-06,0.003922509640688077
1475,0.004561435111099854,0.004475297959288582,2.95e-06,0.003922509640688077
1476,0.005122954840771854,0.004940085462294519,2.9520000000000003e-06,0.003922509640688077
1477,0.005032324697822332,0.004861005989369005,2.9540000000000004e-06,0.003922509640688077
1478,0.0046881404996383935,0.004057254875078797,2.956e-06,0.003922509640688077
1479,0.00419127187342383,0.00474049401236698,2.9580000000000003e-06,0.003922509640688077
1480,0.004528591001871973,0.004876640887232497,2.96e-06,0.003922509640688077
1481,0.004967195767676458,0.004484319186303765,2.962e-06,0.003922509640688077
1482,0.004513921914622188,0.004370794573333114,2.9640000000000003e-06,0.003922509640688077
1483,0.004792687279405072,0.004575687955366448,2.966e-06,0.003922509640688077
1484,0.005023920850362629,0.004289926495403051,2.9680000000000002e-06,0.003922509640688077
1485,0.004409530200064182,0.004647771653253585,2.97e-06,0.003922509640688077
1486,0.004402316873893142,0.004490743827773258,2.9720000000000005e-06,0.003922509640688077
1487,0.004850651806918904,0.004775854729814455,2.9740000000000002e-06,0.003922509640688077
1488,0.00448870932450518,0.004546742886304855,2.976e-06,0.003922509640688077
1489,0.0047002468490973115,0.004726379062049091,2.978e-06,0.003922509640688077
1490,0.004724735103081912,0.0042949196358677,2.9800000000000003e-06,0.003922509640688077
1491,0.004849389777518809,0.005385175987612456,2.9820000000000004e-06,0.003922509640688077
1492,0.005185668618651107,0.004304469010094181,2.984e-06,0.003922509640688077
1493,0.004667547065764666,0.0042755353497341275,2.9860000000000003e-06,0.003922509640688077
1494,0.004521656519500539,0.0043673276086337864,2.9880000000000004e-06,0.003922509640688077
1495,0.00446507940068841,0.004258592176483944,2.99e-06,0.003922509640688077
1496,0.00432446479680948,0.005240132944891229,2.9920000000000003e-06,0.003922509640688077
1497,0.00462423829594627,0.004456562310224399,2.994e-06,0.003922509640688077
1498,0.0044553568586707115,0.004730037733679637,2.996e-06,0.003922509640688077
1499,0.004721087170764804,0.005029706109780818,2.9980000000000003e-06,0.003922509640688077
1500,0.0051668147498276085,0.004728291853098199,3e-06,0.003922509640688077
1501,0.004694565897807479,0.005087945726700127,3.0020000000000002e-06,0.003922509640688077
1502,0.004624981142114848,0.004874896083492786,3.004e-06,0.003922509640688077
1503,0.004635379067622125,0.004422209720360115,3.0060000000000005e-06,0.003922509640688077
1504,0.004379154182970524,0.00439607966109179,3.0080000000000003e-06,0.003922509640688077
1505,0.004355775017756969,0.004552825237624347,3.01e-06,0.003922509640688077
1506,0.004556522937491536,0.0046504616911988705,3.012e-06,0.003922509640688077
1507,0.00497758382698521,0.004737503651995212,3.0140000000000003e-06,0.003922509640688077
1508,0.005100028472952545,0.005110940837766975,3.0160000000000004e-06,0.003922509640688077
1509,0.00492434180341661,0.005636451009195298,3.018e-06,0.003922509640688077
1510,0.005250144546153024,0.004685356834670529,3.0200000000000003e-06,0.003922509640688077
1511,0.004488826321903616,0.005604768521152437,3.0220000000000005e-06,0.003922509640688077
1512,0.004548622586298734,0.004448319203220308,3.024e-06,0.003922509640688077
1513,0.004441686469363049,0.004777535970788449,3.0260000000000003e-06,0.003922509640688077
1514,0.004453887260751799,0.0045236733567435294,3.028e-06,0.003922509640688077
1515,0.004554409330012277,0.00394110384513624,3.0300000000000002e-06,0.003922509640688077
1516,0.0038129053136799484,0.004440440301550552,3.0320000000000004e-06,0.003922509640688077
1517,0.005163743102457374,0.005080959992483258,3.034e-06,0.003922509640688077
1518,0.00467087360448204,0.00464788411045447,3.0360000000000002e-06,0.003922509640688077
1519,0.004768192418850958,0.004156074137426913,3.038e-06,0.003922509640688077
1520,0.0037149010167922825,0.004647967871278524,3.0400000000000005e-06,0.003922509640688077
1521,0.004028991068480536,0.00423968251561746,3.0420000000000003e-06,0.003922509640688077
1522,0.004123340069781989,0.004470638930797577,3.044e-06,0.003922509640688077
1523,0.004551836726022884,0.004248139390256256,3.046e-06,0.003922509640688077
1524,0.004454280337085947,0.00470748424413614,3.0480000000000003e-06,0.003922509640688077
1525,0.004700986028183252,0.004439119104063138,3.0500000000000004e-06,0.003922509640688077
1526,0.004826228832826018,0.004216326487949118,3.052e-06,0.003922509640688077
1527,0.005088802368845791,0.0051260924665257335,3.0540000000000003e-06,0.003922509640688077
1528,0.004841994057642296,0.004359743179520592,3.0560000000000005e-06,0.003922509640688077
1529,0.004204202850814909,0.004375550372060388,3.058e-06,0.003922509640688077
1530,0.004057230311445892,0.004797318746568635,3.0600000000000003e-06,0.003922509640688077
1531,0.00439611601177603,0.004234519205056131,3.062e-06,0.003922509640688077
1532,0.004550171870505437,0.004473117471206933,3.0640000000000002e-06,0.003922509640688077
1533,0.005528927344130352,0.004572220437694341,3.0660000000000004e-06,0.003922509640688077
1534,0.004952005750965327,0.004704874474555254,3.068e-06,0.003922509640688077
1535,0.0045094982197042555,0.004558589193038642,3.0700000000000003e-06,0.003922509640688077
1536,0.0047429988917429,0.004918392369290814,3.0720000000000004e-06,0.003922509640688077
1537,0.004834467399632558,0.004776574409333989,3.0740000000000006e-06,0.003922509640688077
1538,0.0045952733780723065,0.003953805426135659,3.0760000000000003e-06,0.003922509640688077
1539,0.004782080708537251,0.005046307516749948,3.078e-06,0.003922509640688077
1540,0.0044285843323450536,0.00459292673622258,3.08e-06,0.003922509640688077
1541,0.004546354757621884,0.004455765651073307,3.0820000000000003e-06,0.003922509640688077
1542,0.0050012807187158614,0.004984229744877666,3.0840000000000005e-06,0.003922509640688077
1543,0.0049909771187230945,0.0042099388083443046,3.086e-06,0.003922509640688077
1544,0.004320064443163574,0.0044609067554119974,3.088e-06,0.003922509640688077
1545,0.004446032224223018,0.004407511587487534,3.0900000000000005e-06,0.003922509640688077
1546,0.004402699210913852,0.004330309515353292,3.092e-06,0.003922509640688077
1547,0.004637014004401863,0.004714258742751554,3.0940000000000004e-06,0.003922509640688077
1548,0.004482827323954552,0.004172227927483618,3.096e-06,0.003922509640688077
1549,0.0045624696649611,0.0045087505131959915,3.0980000000000002e-06,0.003922509640688077
1550,0.004337776714237407,0.004549717850750312,3.1000000000000004e-06,0.003922509640688077
1551,0.004532101273071021,0.005435801751445979,3.102e-06,0.003922509640688077
1552,0.00481876076082699,0.004068659181939438,3.1040000000000003e-06,0.003922509640688077
1553,0.004286049661459401,0.00415753002744168,3.1060000000000004e-06,0.003922509640688077
1554,0.004683020815718919,0.004304496571421623,3.108e-06,0.003922509640688077
1555,0.004235801694449037,0.004654899035813287,3.1100000000000003e-06,0.003922509640688077
1556,0.004487559053814039,0.004493760672630742,3.112e-06,0.003922509640688077
1557,0.00499215314630419,0.004463579476578161,3.114e-06,0.003922509640688077
1558,0.004610944801243022,0.004312031844165176,3.1160000000000003e-06,0.003922509640688077
1559,0.004734273417852819,0.00451256224187091,3.1180000000000005e-06,0.003922509640688077
1560,0.004961770086083561,0.004968760127667338,3.12e-06,0.003922509640688077
1561,0.004545659641735256,0.004637740028556436,3.122e-06,0.003922509640688077
1562,0.00400768470717594,0.0044130329915788025,3.1240000000000005e-06,0.003922509640688077
1563,0.004634673154214397,0.004582164954626933,3.1260000000000002e-06,0.003922509640688077
1564,0.005927438469370827,0.004580083477776498,3.1280000000000004e-06,0.003922509640688077
1565,0.005179606901947409,0.004666031483793631,3.13e-06,0.003922509640688077
1566,0.005376827670261264,0.006405760359484702,3.1320000000000003e-06,0.003922509640688077
1567,0.005439145781565458,0.005198624450713396,3.134e-06,0.003922509640688077
1568,0.004696173593401909,0.004443213372724131,3.1360000000000006e-06,0.003922509640688077
1569,0.004782948119100183,0.004830083984415978,3.1380000000000007e-06,0.003922509640688077
1570,0.0045077351678628474,0.004785841971170157,3.1400000000000004e-06,0.003922509640688077
1571,0.004403481725603342,0.004651396855479106,3.142e-06,0.003922509640688077
1572,0.004664207284804434,0.004445314552867785,3.1440000000000003e-06,0.003922509640688077
1573,0.004230250779073685,0.004524866497376934,3.146e-06,0.003922509640688077
1574,0.004946442728396505,0.004371547256596386,3.148e-06,0.003922509640688077
1575,0.004980068362783641,0.005225103930570185,3.15e-06,0.003922509640688077
1576,0.004650013550417498,0.004850473720580339,3.152e-06,0.003922509640688077
1577,0.004639267222955823,0.004677836346672848,3.1540000000000006e-06,0.003922509640688077
1578,0.004556267871521413,0.0047519864165224135,3.1560000000000004e-06,0.003922509640688077
1579,0.004946944129187614,0.004443218727828935,3.1580000000000005e-06,0.003922509640688077
1580,0.004897407488897443,0.005736423714552075,3.1600000000000002e-06,0.003922509640688077
1581,0.004638205631636083,0.004905587702523917,3.1620000000000004e-06,0.003922509640688077
1582,0.00472121691564098,0.004881472268607467,3.164e-06,0.003922509640688077
1583,0.004891213844530284,0.004591309756506234,3.1660000000000003e-06,0.003922509640688077
1584,0.004501579649513587,0.004590544587699696,3.168e-06,0.003922509640688077
1585,0.004581361077725887,0.004485581710468978,3.1700000000000006e-06,0.003922509640688077
1586,0.004536857799394056,0.004679045523516834,3.1720000000000007e-06,0.003922509640688077
1587,0.004574213642627001,0.004764727549627423,3.1740000000000004e-06,0.003922509640688077
1588,0.004776209942065179,0.004185655707260594,3.176e-06,0.003922509640688077
1589,0.004419096454512328,0.004671857139328495,3.1780000000000003e-06,0.003922509640688077
1590,0.004442707693669945,0.004542880313238129,3.18e-06,0.003922509640688077
1591,0.004459212766960263,0.004261484398739412,3.182e-06,0.003922509640688077
1592,0.0041581155091989785,0.004113120725378394,3.184e-06,0.003922509640688077
1593,0.004374276933958754,0.004539215064141899,3.186e-06,0.003922509640688077
1594,0.004612041433574632,0.004511866718530655,3.1880000000000006e-06,0.003922509640688077
1595,0.004595629026880488,0.003930493694497272,3.1900000000000004e-06,0.003922509640688077
1596,0.004934434778988361,0.004257630818756297,3.1920000000000005e-06,0.003922509640688077
1597,0.004719250719062984,0.00500648352317512,3.1940000000000003e-06,0.003922509640688077
1598,0.003971422993345186,0.004608424613252282,3.1960000000000004e-06,0.003922509640688077
1599,0.00428014897624962,0.0036888048925902694,3.198e-06,0.003922509640688077
1600,0.004311552009312436,0.004170009022345766,3.2e-06,0.0036888048925902694
1601,0.004569625714793801,0.00443081688717939,3.202e-06,0.0036888048925902694
1602,0.0045053491776343435,0.004134329152293503,3.2040000000000006e-06,0.0036888048925902694
1603,0.0046525248035322875,0.004320770385675132,3.2060000000000003e-06,0.0036888048925902694
1604,0.00418027862906456,0.004245085117872804,3.2080000000000005e-06,0.0036888048925902694
1605,0.004868393763899803,0.004343443899415433,3.21e-06,0.0036888048925902694
1606,0.004703634593170136,0.004747849248815328,3.2120000000000003e-06,0.0036888048925902694
1607,0.004576875740895048,0.004234500142047182,3.214e-06,0.0036888048925902694
1608,0.004750336753204465,0.004084825224708766,3.216e-06,0.0036888048925902694
1609,0.004137660987908021,0.004394976393086836,3.218e-06,0.0036888048925902694
1610,0.004568357020616531,0.004621286963811144,3.22e-06,0.0036888048925902694
1611,0.0043288036249578,0.0040509821847081184,3.2220000000000007e-06,0.0036888048925902694
1612,0.004201216128421947,0.004737596900667995,3.2240000000000004e-06,0.0036888048925902694
1613,0.004148177307797596,0.004157070041401312,3.2260000000000005e-06,0.0036888048925902694
1614,0.00418488378636539,0.00497340556466952,3.2280000000000003e-06,0.0036888048925902694
1615,0.004823531198780984,0.004444294405402616,3.2300000000000004e-06,0.0036888048925902694
1616,0.004171881882939488,0.004442884674062952,3.232e-06,0.0036888048925902694
1617,0.004224002885166556,0.004054681921843439,3.234e-06,0.0036888048925902694
1618,0.004978109442163259,0.005019602278480306,3.236e-06,0.0036888048925902694
1619,0.004719952470622957,0.004987204039935023,3.2380000000000006e-06,0.0036888048925902694
1620,0.004957811965141445,0.0050589077873155475,3.2400000000000003e-06,0.0036888048925902694
1621,0.004448999563464895,0.005566470557823777,3.2420000000000005e-06,0.0036888048925902694
1622,0.0047039102064445615,0.0050455438904464245,3.244e-06,0.0036888048925902694
1623,0.004779976938152686,0.004565574054140598,3.2460000000000003e-06,0.0036888048925902694
1624,0.005273798247799277,0.004353443800937384,3.248e-06,0.0036888048925902694
1625,0.005293056019581854,0.005508155329152942,3.2500000000000002e-06,0.0036888048925902694
1626,0.005395655054599047,0.0045229848474264145,3.252e-06,0.0036888048925902694
1627,0.004803804418770596,0.004839126719161868,3.254e-06,0.0036888048925902694
1628,0.004369511822005734,0.004462433193111792,3.2560000000000007e-06,0.0036888048925902694
1629,0.0048184075858443975,0.004405632353154942,3.2580000000000004e-06,0.0036888048925902694
1630,0.004491230181884021,0.004381080972962081,3.2600000000000006e-06,0.0036888048925902694
1631,0.004948213172610849,0.004815306747332215,3.2620000000000003e-06,0.0036888048925902694
1632,0.004783251381013542,0.004727846826426685,3.2640000000000004e-06,0.0036888048925902694
1633,0.004159324453212321,0.004864543792791665,3.266e-06,0.0036888048925902694
1634,0.004724499391159043,0.0043351764034014195,3.268e-06,0.0036888048925902694
1635,0.004950158065184951,0.004208507161820307,3.27e-06,0.0036888048925902694
1636,0.004547518823528662,0.00497303920565173,3.2720000000000006e-06,0.0036888048925902694
1637,0.004714119131676853,0.004690738773206249,3.2740000000000003e-06,0.0036888048925902694
1638,0.004449076484888792,0.004526410601101816,3.2760000000000005e-06,0.0036888048925902694
1639,0.0044011569989379495,0.004620912921382114,3.278e-06,0.0036888048925902694
1640,0.004364166874438524,0.004451686952961609,3.2800000000000004e-06,0.0036888048925902694
1641,0.004627696558600292,0.004230301885399967,3.282e-06,0.0036888048925902694
1642,0.004743627301650122,0.0047012948198243976,3.2840000000000002e-06,0.0036888048925902694
1643,0.0042875922517850995,0.0048223898047581315,3.286e-06,0.0036888048925902694
1644,0.004269289958756417,0.00404842576244846,3.288e-06,0.0036888048925902694
1645,0.004169288789853454,0.004440127464476973,3.2900000000000007e-06,0.0036888048925902694
1646,0.004639697086531669,0.003999723005108535,3.2920000000000004e-06,0.0036888048925902694
1647,0.004689461580710486,0.004992891161236912,3.2940000000000006e-06,0.0036888048925902694
1648,0.004592753277393058,0.004655724507756531,3.2960000000000003e-06,0.0036888048925902694
1649,0.004428796150023118,0.005193258868530393,3.2980000000000004e-06,0.0036888048925902694
1650,0.004800185153726488,0.005018081050366163,3.3e-06,0.0036888048925902694
1651,0.0044280620058998466,0.004909438022878021,3.302e-06,0.0036888048925902694
1652,0.0042210937244817615,0.005185322021134198,3.304e-06,0.0036888048925902694
1653,0.005001266952604055,0.004534087725915015,3.3060000000000006e-06,0.0036888048925902694
1654,0.00472509820247069,0.005178511026315391,3.3080000000000003e-06,0.0036888048925902694
1655,0.004943736188579351,0.005738166393712163,3.3100000000000005e-06,0.0036888048925902694
1656,0.00521057442529127,0.004185948404483497,3.3120000000000002e-06,0.0036888048925902694
1657,0.004421725287102163,0.004603237030096352,3.3140000000000004e-06,0.0036888048925902694
1658,0.005102969269501045,0.0045277631434146315,3.316e-06,0.0036888048925902694
1659,0.004499477217905223,0.004631993098882958,3.3180000000000003e-06,0.0036888048925902694
1660,0.0045314661401789635,0.004622204054612666,3.32e-06,0.0036888048925902694
1661,0.004064869193825871,0.004396787961013615,3.322e-06,0.0036888048925902694
1662,0.004519198118941858,0.004027492163004354,3.3240000000000007e-06,0.0036888048925902694
1663,0.004276161314919591,0.004585639340803027,3.3260000000000004e-06,0.0036888048925902694
1664,0.004379261954454705,0.004264260845957324,3.3280000000000006e-06,0.0036888048925902694
1665,0.004064419219503179,0.0044135885837022215,3.3300000000000003e-06,0.0036888048925902694
1666,0.004900652711512521,0.0048736413882579654,3.332e-06,0.0036888048925902694
1667,0.00494501629145816,0.00442087822011672,3.334e-06,0.0036888048925902694
1668,0.004352136136731133,0.004374744283268228,3.336e-06,0.0036888048925902694
1669,0.004513928608503193,0.004003406182164326,3.338e-06,0.0036888048925902694
1670,0.004263632901711389,0.0045986491604708135,3.3400000000000006e-06,0.0036888048925902694
1671,0.004804909200174734,0.004195041896309704,3.3420000000000004e-06,0.0036888048925902694
1672,0.004442610923433676,0.0046867659548297524,3.3440000000000005e-06,0.0036888048925902694
1673,0.004589270771248266,0.005160650005564094,3.3460000000000002e-06,0.0036888048925902694
1674,0.0050210507470183074,0.005654628213960677,3.3480000000000004e-06,0.0036888048925902694
1675,0.004659842234104872,0.004913394368486479,3.35e-06,0.0036888048925902694
1676,0.004606795409927145,0.004932950425427407,3.3520000000000003e-06,0.0036888048925902694
1677,0.004422192927449942,0.004212093626847491,3.354e-06,0.0036888048925902694
1678,0.004609005671227351,0.004726146667962894,3.356e-06,0.0036888048925902694
1679,0.004501780145801604,0.004247660719556734,3.3580000000000007e-06,0.0036888048925902694
1680,0.004447729676030576,0.004658186575397849,3.3600000000000004e-06,0.0036888048925902694
1681,0.004556397121632472,0.004739301977679133,3.3620000000000006e-06,0.0036888048925902694
1682,0.004440930555574596,0.004549391131149605,3.3640000000000003e-06,0.0036888048925902694
1683,0.004755279456730932,0.004353680124040693,3.366e-06,0.0036888048925902694
1684,0.004494445631280541,0.0038536533538717777,3.368e-06,0.0036888048925902694
1685,0.00425576011184603,0.004662194347474724,3.37e-06,0.0036888048925902694
1686,0.004219339927658439,0.004074999684235081,3.372e-06,0.0036888048925902694
1687,0.004510574333835393,0.004732684057671577,3.3740000000000006e-06,0.0036888048925902694
1688,0.00493787822779268,0.004820821719476953,3.3760000000000004e-06,0.0036888048925902694
1689,0.0050550506566651165,0.004203039163257927,3.3780000000000005e-06,0.0036888048925902694
1690,0.0039681388007011265,0.00466204879921861,3.3800000000000002e-06,0.0036888048925902694
1691,0.004250969068380073,0.004346590721979737,3.3820000000000004e-06,0.0036888048925902694
1692,0.004356430552434176,0.004515172622632235,3.384e-06,0.0036888048925902694
1693,0.004409264802234247,0.00435142035712488,3.3860000000000003e-06,0.0036888048925902694
1694,0.004353620432084426,0.0038546234427485615,3.388e-06,0.0036888048925902694
1695,0.00500753871165216,0.004069394955877215,3.39e-06,0.0036888048925902694
1696,0.004222465882776305,0.004474939458305016,3.3920000000000007e-06,0.0036888048925902694
1697,0.004579887550789863,0.0042204496276099235,3.3940000000000005e-06,0.0036888048925902694
1698,0.003667736891657114,0.004252844752045348,3.3960000000000006e-06,0.0036888048925902694
1699,0.004499609756749123,0.004365039290860295,3.3980000000000003e-06,0.0036888048925902694
1700,0.004489809944061562,0.004375164193334058,3.4e-06,0.0036888048925902694
1701,0.004620714171323925,0.004139541910262778,3.402e-06,0.0036888048925902694
1702,0.0037452360265888274,0.004282842273823917,3.404e-06,0.0036888048925902694
1703,0.004420820507220924,0.0041718036809470505,3.406e-06,0.0036888048925902694
1704,0.004452873719856143,0.00468283737427555,3.4080000000000007e-06,0.0036888048925902694
1705,0.004168426094111055,0.004724936152342707,3.4100000000000004e-06,0.0036888048925902694
1706,0.0038174837245605886,0.005202090134844184,3.4120000000000005e-06,0.0036888048925902694
1707,0.004600813728757203,0.004432995279785246,3.4140000000000003e-06,0.0036888048925902694
1708,0.004018712032120675,0.004510157014010474,3.4160000000000004e-06,0.0036888048925902694
1709,0.0042396269855089486,0.004450929292943329,3.418e-06,0.0036888048925902694
1710,0.004395008989376947,0.0047162223781924695,3.4200000000000003e-06,0.0036888048925902694
1711,0.004246183612849563,0.003941711678635329,3.422e-06,0.0036888048925902694
1712,0.005175630474695936,0.004551437043119222,3.424e-06,0.0036888048925902694
1713,0.0044682132138404995,0.004737459064926952,3.4260000000000007e-06,0.0036888048925902694
1714,0.005274083756376058,0.004302253684727475,3.4280000000000005e-06,0.0036888048925902694
1715,0.0039055940287653357,0.004105322761461139,3.4300000000000006e-06,0.0036888048925902694
1716,0.004451648506801575,0.004074035881785676,3.4320000000000003e-06,0.0036888048925902694
1717,0.004567440657410771,0.004251595702953637,3.434e-06,0.0036888048925902694
1718,0.004230152000673115,0.004501766001340002,3.4360000000000002e-06,0.0036888048925902694
1719,0.004493486194405705,0.00468284051748924,3.438e-06,0.0036888048925902694
1720,0.004904631583485752,0.0045646219805348665,3.44e-06,0.0036888048925902694
1721,0.0046754271897953,0.004325318936025724,3.4420000000000007e-06,0.0036888048925902694
1722,0.004307064198656008,0.004556359985144809,3.4440000000000004e-06,0.0036888048925902694
1723,0.004827488592127338,0.0038734334520995617,3.4460000000000005e-06,0.0036888048925902694
1724,0.004305688402382657,0.004466522863367572,3.4480000000000003e-06,0.0036888048925902694
1725,0.0043822405859827995,0.004574986203806475,3.4500000000000004e-06,0.0036888048925902694
1726,0.004503427422605455,0.00416037582908757,3.452e-06,0.0036888048925902694
1727,0.004675059026340023,0.004587952047586441,3.4540000000000003e-06,0.0036888048925902694
1728,0.004723068326711655,0.005154839251190424,3.456e-06,0.0036888048925902694
1729,0.00499568396480754,0.005414044833742082,3.4579999999999998e-06,0.0036888048925902694
1730,0.004562935762805864,0.0044274038809817284,3.4600000000000008e-06,0.0036888048925902694
1731,0.004937712394166738,0.004480239702388644,3.4620000000000005e-06,0.0036888048925902694
1732,0.004720912198536098,0.0046473570400848985,3.464e-06,0.0036888048925902694
1733,0.004355631535872817,0.004176796763204038,3.4660000000000004e-06,0.0036888048925902694
1734,0.004624563851393759,0.004249165212968364,3.468e-06,0.0036888048925902694
1735,0.004516406886978075,0.004532968916464597,3.4700000000000002e-06,0.0036888048925902694
1736,0.004392850358271971,0.003993218677351251,3.472e-06,0.0036888048925902694
1737,0.004770644300151616,0.004401325597427785,3.474e-06,0.0036888048925902694
1738,0.004335455858381465,0.004009137803222984,3.4760000000000007e-06,0.0036888048925902694
1739,0.0043000170844607055,0.004529509809799492,3.4780000000000004e-06,0.0036888048925902694
1740,0.00508549198275432,0.004012643446912989,3.4800000000000006e-06,0.0036888048925902694
1741,0.004662581632146612,0.004787462530657649,3.4820000000000003e-06,0.0036888048925902694
1742,0.004140609264140949,0.004049936804221943,3.4840000000000004e-06,0.0036888048925902694
1743,0.00481127281091176,0.004125908366404474,3.486e-06,0.0036888048925902694
1744,0.004006099363323301,0.004471535939956084,3.4880000000000003e-06,0.0036888048925902694
1745,0.004510450002271682,0.0045745481620542705,3.49e-06,0.0036888048925902694
1746,0.004056153789861128,0.004673718736739829,3.4919999999999998e-06,0.0036888048925902694
1747,0.00472845189506188,0.004918180522508919,3.4940000000000008e-06,0.0036888048925902694
1748,0.004639058810425922,0.0044596181833185256,3.4960000000000005e-06,0.0036888048925902694
1749,0.004019108571810648,0.004870878590736538,3.4980000000000002e-06,0.0036888048925902694
1750,0.005289735272526741,0.005363404052332044,3.5000000000000004e-06,0.0036888048925902694
1751,0.004544966883258894,0.004690023051807657,3.502e-06,0.0036888048925902694
1752,0.004742523480672389,0.004463961464352906,3.5040000000000002e-06,0.0036888048925902694
1753,0.004531417594989762,0.004142932681133971,3.506e-06,0.0036888048925902694
1754,0.004402662860229611,0.004503587551880628,3.508e-06,0.0036888048925902694
1755,0.004459312534891069,0.004579585656756535,3.5100000000000007e-06,0.0036888048925902694
1756,0.004331822448875755,0.004165273654507473,3.5120000000000004e-06,0.0036888048925902694
1757,0.004337746388046071,0.004468559549422935,3.5140000000000006e-06,0.0036888048925902694
1758,0.004270261852070689,0.004490746418014169,3.5160000000000003e-06,0.0036888048925902694
1759,0.004580943321343511,0.004938946512993425,3.5180000000000005e-06,0.0036888048925902694
1760,0.00460845825728029,0.004711341782240197,3.52e-06,0.0036888048925902694
1761,0.004054782213643193,0.004522294737398624,3.5220000000000003e-06,0.0036888048925902694
1762,0.0046346469316631556,0.0039706710376776755,3.524e-06,0.0036888048925902694
1763,0.0045234556891955435,0.004266755189746618,3.5259999999999998e-06,0.0036888048925902694
1764,0.004641692008590326,0.0044384392676874995,3.5280000000000008e-06,0.0036888048925902694
1765,0.004400467994855717,0.004690926580224186,3.5300000000000005e-06,0.0036888048925902694
1766,0.0044173138157930225,0.004271149315172806,3.5320000000000002e-06,0.0036888048925902694
1767,0.004640484286937863,0.004476970934774727,3.5340000000000004e-06,0.0036888048925902694
1768,0.004786877485457808,0.004213512525893748,3.536e-06,0.0036888048925902694
1769,0.004312444158131257,0.0044467423285823315,3.5380000000000003e-06,0.0036888048925902694
1770,0.004524937306996435,0.004699544922914356,3.54e-06,0.0036888048925902694
1771,0.004853635065956041,0.004016842460259795,3.542e-06,0.0036888048925902694
1772,0.004289295175112784,0.004499317292356864,3.5440000000000007e-06,0.0036888048925902694
1773,0.004235114727634937,0.004337317077443004,3.5460000000000004e-06,0.0036888048925902694
1774,0.0046598060871474445,0.005243325140327215,3.5480000000000006e-06,0.0036888048925902694
1775,0.004690006870077923,0.004414194729179144,3.5500000000000003e-06,0.0036888048925902694
1776,0.004351325216703117,0.004241732764057815,3.5520000000000005e-06,0.0036888048925902694
1777,0.004643015039619058,0.005219676822889596,3.554e-06,0.0036888048925902694
1778,0.004884104477241635,0.004969364003045484,3.5560000000000003e-06,0.0036888048925902694
1779,0.00461291428655386,0.004724532773252577,3.558e-06,0.0036888048925902694
1780,0.004110752051929012,0.004662810533773154,3.56e-06,0.0036888048925902694
1781,0.004619869403541088,0.004272041987860575,3.562000000000001e-06,0.0036888048925902694
1782,0.004394919465994462,0.004168277664575726,3.5640000000000005e-06,0.0036888048925902694
1783,0.0045249346003402025,0.004375776392407715,3.5660000000000002e-06,0.0036888048925902694
1784,0.004366639070212841,0.0043099661415908486,3.5680000000000004e-06,0.0036888048925902694
1785,0.004534503066679463,0.004263799113687128,3.57e-06,0.0036888048925902694
1786,0.00456499878782779,0.004471206746529788,3.5720000000000003e-06,0.0036888048925902694
1787,0.004530393867753446,0.004726270912215114,3.574e-06,0.0036888048925902694
1788,0.0049303757841698825,0.004343647829955444,3.576e-06,0.0036888048925902694
1789,0.0048324925592169166,0.004416298179421574,3.5780000000000007e-06,0.0036888048925902694
1790,0.004722408426459879,0.003946915821870789,3.5800000000000005e-06,0.0036888048925902694
1791,0.003970712015870959,0.0041867684631142765,3.5820000000000006e-06,0.0036888048925902694
1792,0.004685912164859474,0.004095872194739059,3.5840000000000003e-06,0.0036888048925902694
1793,0.004262661910615861,0.004120253142900765,3.5860000000000005e-06,0.0036888048925902694
1794,0.0043861757148988545,0.004146339691942558,3.588e-06,0.0036888048925902694
1795,0.004355932091129944,0.004341942607425153,3.59e-06,0.0036888048925902694
1796,0.00457396698766388,0.004659239551983774,3.592e-06,0.0036888048925902694
1797,0.004972507304046303,0.004878704494331032,3.594e-06,0.0036888048925902694
1798,0.005109310965053737,0.005238196288701147,3.5960000000000004e-06,0.0036888048925902694
1799,0.005077337031252682,0.005274075083434582,3.5980000000000005e-06,0.0036888048925902694
1800,0.005003780184779316,0.004752819251734763,3.6000000000000003e-06,0.0036888048925902694
1801,0.004614888486685231,0.004830702004255727,3.6020000000000004e-06,0.0036888048925902694
1802,0.0042948240879923105,0.004421021323651075,3.604e-06,0.0036888048925902694
1803,0.00427418333129026,0.004198538517812267,3.6060000000000003e-06,0.0036888048925902694
1804,0.0039890553744044155,0.004412734910147265,3.608e-06,0.0036888048925902694
1805,0.00431409091106616,0.004240139824105427,3.61e-06,0.0036888048925902694
1806,0.004104523512069136,0.0045942344586364925,3.6120000000000007e-06,0.0036888048925902694
1807,0.004948939953465015,0.004620700143277645,3.6140000000000005e-06,0.0036888048925902694
1808,0.004580117092700675,0.004617716505890712,3.6160000000000006e-06,0.0036888048925902694
1809,0.004594116529915482,0.0039772190793883055,3.6180000000000003e-06,0.0036888048925902694
1810,0.004400684469146654,0.004203980817692354,3.6200000000000005e-06,0.0036888048925902694
1811,0.004600105021381751,0.0043662600219249725,3.6220000000000002e-06,0.0036888048925902694
1812,0.004047687922138721,0.004802299197763205,3.624e-06,0.0036888048925902694
1813,0.0037291210901457816,0.0038269590586423874,3.626e-06,0.0036888048925902694
1814,0.004472397471545264,0.004410413384903222,3.628e-06,0.0036888048925902694
1815,0.004712172434665263,0.004089179710717872,3.6300000000000004e-06,0.0036888048925902694
1816,0.004327335424022749,0.0035957225190941244,3.6320000000000005e-06,0.0036888048925902694
1817,0.004204185446724296,0.004141550918575376,3.6340000000000003e-06,0.0035957225190941244
1818,0.004869828466325998,0.003967969678342342,3.6360000000000004e-06,0.0035957225190941244
1819,0.0042713748989626765,0.004351105686509982,3.638e-06,0.0035957225190941244
1820,0.0046384990273509175,0.004510944650974125,3.6400000000000003e-06,0.0035957225190941244
1821,0.004286794428480789,0.0039041598502080888,3.642e-06,0.0035957225190941244
1822,0.004136941133765504,0.004039579478558153,3.644e-06,0.0035957225190941244
1823,0.004229984799167141,0.004128457541810349,3.6460000000000008e-06,0.0035957225190941244
1824,0.004046491259941831,0.004218554502585903,3.6480000000000005e-06,0.0035957225190941244
1825,0.003990291792433709,0.004180154210189357,3.6500000000000006e-06,0.0035957225190941244
1826,0.004270772828022018,0.00426091521512717,3.6520000000000004e-06,0.0035957225190941244
1827,0.004440656979568303,0.004247440578183159,3.6540000000000005e-06,0.0035957225190941244
1828,0.004538971435977146,0.004620942170731723,3.6560000000000002e-06,0.0035957225190941244
1829,0.004343319829786196,0.0040910848765634,3.658e-06,0.0035957225190941244
1830,0.0038467514677904546,0.004138848162256181,3.66e-06,0.0035957225190941244
1831,0.004068290319992229,0.004993933311197907,3.662e-06,0.0035957225190941244
1832,0.004255899577401578,0.004267860815161839,3.6640000000000004e-06,0.0035957225190941244
1833,0.004140826524235308,0.005059395334683359,3.6660000000000006e-06,0.0035957225190941244
1834,0.00462313907337375,0.005237985460553318,3.6680000000000003e-06,0.0035957225190941244
1835,0.004380636906716973,0.005042215459980071,3.6700000000000004e-06,0.0035957225190941244
1836,0.004228283214615658,0.004108631401322782,3.672e-06,0.0035957225190941244
1837,0.004279777785995975,0.004402249382110313,3.6740000000000003e-06,0.0035957225190941244
1838,0.004639762075385079,0.004372984345536679,3.676e-06,0.0035957225190941244
1839,0.0049665747210383415,0.004741769575048238,3.678e-06,0.0035957225190941244
1840,0.004421156132593751,0.004597176070092246,3.6800000000000008e-06,0.0035957225190941244
1841,0.004282929090550169,0.004029993957374245,3.6820000000000005e-06,0.0035957225190941244
1842,0.0037934892461635172,0.004143582482356578,3.6840000000000006e-06,0.0035957225190941244
1843,0.004406610096339136,0.004587042349157855,3.6860000000000004e-06,0.0035957225190941244
1844,0.004622035892680287,0.005013826827052981,3.688e-06,0.0035957225190941244
1845,0.004392902017571032,0.0048268858809024096,3.6900000000000002e-06,0.0035957225190941244
1846,0.004350650880951434,0.004559060878818855,3.692e-06,0.0035957225190941244
1847,0.004883807909209281,0.004201738513074815,3.694e-06,0.0035957225190941244
1848,0.0047080168151296675,0.004268953780410811,3.696e-06,0.0035957225190941244
1849,0.003965053736465052,0.0038772039697505534,3.6980000000000004e-06,0.0035957225190941244
1850,0.004537068773061037,0.004311133234295994,3.7000000000000006e-06,0.0035957225190941244
1851,0.004593104851664975,0.0049665737024042755,3.7020000000000003e-06,0.0035957225190941244
1852,0.00412161712301895,0.004206083744065836,3.7040000000000005e-06,0.0035957225190941244
1853,0.004503949574427679,0.004453832865692675,3.706e-06,0.0035957225190941244
1854,0.004585284215863794,0.004033841338241473,3.7080000000000003e-06,0.0035957225190941244
1855,0.004660134960431606,0.004337512509664521,3.71e-06,0.0035957225190941244
1856,0.004420068929903209,0.004720723343780264,3.712e-06,0.0035957225190941244
1857,0.004254113300703466,0.004366293782368302,3.7140000000000008e-06,0.0035957225190941244
1858,0.003991129226051271,0.004074225289514288,3.7160000000000005e-06,0.0035957225190941244
1859,0.0045211171673145145,0.004778240370796993,3.7180000000000007e-06,0.0035957225190941244
1860,0.004750585911097005,0.004120901168789715,3.7200000000000004e-06,0.0035957225190941244
1861,0.005083884228952229,0.00432780510163866,3.722e-06,0.0035957225190941244
1862,0.0043296064250171185,0.004407660715514794,3.7240000000000003e-06,0.0035957225190941244
1863,0.004356114775873721,0.0043232466850895435,3.726e-06,0.0035957225190941244
1864,0.003921005001757294,0.004488915961701423,3.728e-06,0.0035957225190941244
1865,0.004455451620742679,0.004278699751012027,3.73e-06,0.0035957225190941244
1866,0.004724307713331655,0.004328351351432502,3.7320000000000004e-06,0.0035957225190941244
1867,0.004329939576564357,0.0038900679210200906,3.7340000000000006e-06,0.0035957225190941244
1868,0.004523950396105647,0.00425320805516094,3.7360000000000003e-06,0.0035957225190941244
1869,0.004148256994085386,0.0041650679195299745,3.7380000000000005e-06,0.0035957225190941244
1870,0.004162286990322173,0.00469926034566015,3.74e-06,0.0035957225190941244
1871,0.004199376446194947,0.004420126497279853,3.7420000000000003e-06,0.0035957225190941244
1872,0.004152547131525353,0.004522458708379418,3.744e-06,0.0035957225190941244
1873,0.0044553693442139775,0.004096712073078379,3.7460000000000002e-06,0.0035957225190941244
1874,0.00484944527852349,0.003933582454919815,3.748000000000001e-06,0.0035957225190941244
1875,0.0044859242625534534,0.004089080379344523,3.7500000000000005e-06,0.0035957225190941244
1876,0.00432575773447752,0.0036742874945048243,3.7520000000000007e-06,0.0035957225190941244
1877,0.004363957472378388,0.004109742760192603,3.7540000000000004e-06,0.0035957225190941244
1878,0.004375584307126701,0.0043086787045467645,3.756e-06,0.0035957225190941244
1879,0.0047301634040195495,0.004593550867866725,3.7580000000000003e-06,0.0035957225190941244
1880,0.0044366539805196226,0.00388220175227616,3.76e-06,0.0035957225190941244
1881,0.004307415249058977,0.003937592351576313,3.762e-06,0.0035957225190941244
1882,0.004476308386074379,0.004348788730567321,3.764e-06,0.0035957225190941244
1883,0.00504929682938382,0.004411163536133245,3.7660000000000005e-06,0.0035957225190941244
1884,0.004796878958586603,0.004562666639685631,3.7680000000000006e-06,0.0035957225190941244
1885,0.004423196223797277,0.005873332440387458,3.7700000000000003e-06,0.0035957225190941244
1886,0.005184858309803531,0.004076045821420848,3.7720000000000005e-06,0.0035957225190941244
1887,0.004971775895683095,0.004443851095857099,3.774e-06,0.0035957225190941244
1888,0.004727645835373551,0.004909445269731805,3.7760000000000004e-06,0.0035957225190941244
1889,0.004922757885651663,0.0040624921675771475,3.778e-06,0.0035957225190941244
1890,0.00465326415724121,0.004331467527663335,3.7800000000000002e-06,0.0035957225190941244
1891,0.00432104172068648,0.004166674334555864,3.782000000000001e-06,0.0035957225190941244
1892,0.004006128874607384,0.004553954902803525,3.7840000000000005e-06,0.0035957225190941244
1893,0.0042482253920752555,0.004144725244259462,3.7860000000000007e-06,0.0035957225190941244
1894,0.004555108811473474,0.004272922436939552,3.7880000000000004e-06,0.0035957225190941244
1895,0.004143168771406636,0.004052148753544316,3.79e-06,0.0035957225190941244
1896,0.004456625727470964,0.004287537944037467,3.7920000000000003e-06,0.0035957225190941244
1897,0.004262837232090533,0.004366397537523881,3.794e-06,0.0035957225190941244
1898,0.003860656375763938,0.004207878664601594,3.796e-06,0.0035957225190941244
1899,0.004226983524858952,0.004978624900104478,3.798e-06,0.0035957225190941244
1900,0.004890922165941447,0.003805888904025778,3.8000000000000005e-06,0.0035957225190941244
1901,0.004549429344478995,0.004489001177717,3.8020000000000006e-06,0.0035957225190941244
1902,0.004059221537318081,0.0047117521171458066,3.8040000000000003e-06,0.0035957225190941244
1903,0.004157627437962219,0.004263352922862396,3.8060000000000005e-06,0.0035957225190941244
1904,0.004420774581376463,0.004323574481531978,3.8080000000000002e-06,0.0035957225190941244
1905,0.004246569063980132,0.004159699135925621,3.8100000000000004e-06,0.0035957225190941244
1906,0.004462365846848115,0.00444994171266444,3.812e-06,0.0035957225190941244
1907,0.004383540945127606,0.00456860096892342,3.814e-06,0.0035957225190941244
1908,0.004131634748773649,0.003942877927329391,3.816e-06,0.0035957225190941244
1909,0.004349215945694596,0.0040072288538794965,3.8180000000000005e-06,0.0035957225190941244
1910,0.003897430986398831,0.004274070088285953,3.820000000000001e-06,0.0035957225190941244
1911,0.004999258439056575,0.004804594325833023,3.822e-06,0.0035957225190941244
1912,0.004601514054229483,0.004516342742135748,3.824e-06,0.0035957225190941244
1913,0.004064903827384114,0.005093531159218401,3.826e-06,0.0035957225190941244
1914,0.004466146492632106,0.004313793499022722,3.8280000000000004e-06,0.0035957225190941244
1915,0.00440353449084796,0.0044938509236089885,3.83e-06,0.0035957225190941244
1916,0.004810162499779835,0.004175592737738043,3.832e-06,0.0035957225190941244
1917,0.004530534002697095,0.004531150887487456,3.834000000000001e-06,0.0035957225190941244
1918,0.004347730049630627,0.0040648424183018506,3.836e-06,0.0035957225190941244
1919,0.004503062373260036,0.004117580712772906,3.838e-06,0.0035957225190941244
1920,0.004593467892846093,0.0038045208202674985,3.8400000000000005e-06,0.0035957225190941244
1921,0.004381801292765886,0.004558629647362977,3.842000000000001e-06,0.0035957225190941244
1922,0.004564887814922258,0.004146571038290858,3.844e-06,0.0035957225190941244
1923,0.004048591566970572,0.004368066205643117,3.846e-06,0.0035957225190941244
1924,0.004232105100527406,0.00407003442524001,3.848e-06,0.0035957225190941244
1925,0.004289614444132894,0.004274581908248365,3.85e-06,0.0035957225190941244
1926,0.004689112567575648,0.004187489685136825,3.8520000000000006e-06,0.0035957225190941244
1927,0.0044008828699588776,0.004115319694392383,3.854000000000001e-06,0.0035957225190941244
1928,0.003712234989507124,0.004667141503887251,3.856e-06,0.0035957225190941244
1929,0.004121762089198455,0.0046331923513207585,3.858e-06,0.0035957225190941244
1930,0.004727110936073586,0.004078648547874764,3.86e-06,0.0035957225190941244
1931,0.004822497139684856,0.004442702978849411,3.8620000000000005e-06,0.0035957225190941244
1932,0.004806187149370089,0.003238627774408087,3.864e-06,0.0035957225190941244
1933,0.004567806085105985,0.004475758760236204,3.866e-06,0.003238627774408087
1934,0.004257075168425217,0.004450612963410094,3.868000000000001e-06,0.003238627774408087
1935,0.004502855095779523,0.004207546473480761,3.87e-06,0.003238627774408087
1936,0.0041973912448156625,0.0041194883233401924,3.872e-06,0.003238627774408087
1937,0.004216370958602056,0.004115499235922471,3.8740000000000005e-06,0.003238627774408087
1938,0.004587583069223911,0.0042836951615754515,3.876000000000001e-06,0.003238627774408087
1939,0.004342764557804912,0.00430373614653945,3.878e-06,0.003238627774408087
1940,0.004202085779979825,0.004252450657077134,3.88e-06,0.003238627774408087
1941,0.004639040591428056,0.0044474462629295886,3.882e-06,0.003238627774408087
1942,0.004191437445115298,0.004307775699999183,3.884e-06,0.003238627774408087
1943,0.004618795268470421,0.0040684947452973574,3.8860000000000006e-06,0.003238627774408087
1944,0.003922991716535762,0.003987916395999491,3.888000000000001e-06,0.003238627774408087
1945,0.004024456633487716,0.004521124472375959,3.89e-06,0.003238627774408087
1946,0.005031654785852879,0.0043791759526357055,3.892e-06,0.003238627774408087
1947,0.004806766810361296,0.004224827047437429,3.894e-06,0.003238627774408087
1948,0.00487829529447481,0.004016658174805343,3.8960000000000005e-06,0.003238627774408087
1949,0.004403895698487759,0.004391736816614866,3.898e-06,0.003238627774408087
1950,0.0038161353149916977,0.004089080583071336,3.9e-06,0.003238627774408087
1951,0.004302861518226564,0.003961767361033708,3.902000000000001e-06,0.003238627774408087
1952,0.004485188401304185,0.0040694949275348336,3.904e-06,0.003238627774408087
1953,0.0039043438737280667,0.00366375720477663,3.906e-06,0.003238627774408087
1954,0.004006518924143165,0.004144349310081452,3.9080000000000005e-06,0.003238627774408087
1955,0.004205485980492085,0.004475124442251399,3.910000000000001e-06,0.003238627774408087
1956,0.004284461523639038,0.004672867769841105,3.912e-06,0.003238627774408087
1957,0.004201567557174712,0.00444177005556412,3.914e-06,0.003238627774408087
1958,0.004149248037720099,0.004496584791922942,3.916e-06,0.003238627774408087
1959,0.004428259679116309,0.004496548906899989,3.9180000000000004e-06,0.003238627774408087
1960,0.003999132401077077,0.0042848998855333775,3.920000000000001e-06,0.003238627774408087
1961,0.0040148047264665365,0.004557179578114301,3.922000000000001e-06,0.003238627774408087
1962,0.00402523047523573,0.004319277300965041,3.924e-06,0.003238627774408087
1963,0.004173248540610075,0.004135729395784438,3.926e-06,0.003238627774408087
1964,0.004204183642286807,0.004118538345210254,3.928e-06,0.003238627774408087
1965,0.004282950394554064,0.004600791435223073,3.9300000000000005e-06,0.003238627774408087
1966,0.003994959959527478,0.004523628711467609,3.932e-06,0.003238627774408087
1967,0.004541280504781753,0.0034387235646136105,3.934e-06,0.003238627774408087
1968,0.004187190352240577,0.004155877744778991,3.936000000000001e-06,0.003238627774408087
1969,0.004354539880296215,0.004549492878140882,3.938e-06,0.003238627774408087
1970,0.0047058191848918796,0.003964698873460293,3.94e-06,0.003238627774408087
1971,0.004232168023008853,0.004620595020242035,3.9420000000000005e-06,0.003238627774408087
1972,0.004389847861602902,0.00423196199699305,3.944000000000001e-06,0.003238627774408087
1973,0.0043336387316230685,0.0037496859731618315,3.946e-06,0.003238627774408087
1974,0.0045265489316079766,0.00397983129369095,3.948e-06,0.003238627774408087
1975,0.004127508902456611,0.0040369445632677525,3.95e-06,0.003238627774408087
1976,0.0040077485027723014,0.004411165718920529,3.9520000000000004e-06,0.003238627774408087
1977,0.0038546340074390173,0.004082519881194457,3.954000000000001e-06,0.003238627774408087
1978,0.0040857819258235395,0.004907048627501354,3.956000000000001e-06,0.003238627774408087
1979,0.0047698238922748715,0.004295917751733214,3.958e-06,0.003238627774408087
1980,0.004365222353953868,0.004367286048363894,3.96e-06,0.003238627774408087
1981,0.004337426187703386,0.004106942767975852,3.962e-06,0.003238627774408087
1982,0.0038308207294903696,0.004163678124314174,3.9640000000000005e-06,0.003238627774408087
1983,0.003969178476836532,0.004290202574338764,3.966e-06,0.003238627774408087
1984,0.004179117066087201,0.004452759952982888,3.968e-06,0.003238627774408087
1985,0.00410862360149622,0.004415931005496532,3.970000000000001e-06,0.003238627774408087
1986,0.003950081503717229,0.003990246361354366,3.972e-06,0.003238627774408087
1987,0.004474883811781183,0.0038709910004399717,3.974e-06,0.003238627774408087
1988,0.004111989605007693,0.004418683412950486,3.9760000000000006e-06,0.003238627774408087
1989,0.005119548324728385,0.004544885334325954,3.978000000000001e-06,0.003238627774408087
1990,0.004242701135808602,0.005016491108108312,3.98e-06,0.003238627774408087
1991,0.004443305922904983,0.004378089972306043,3.982e-06,0.003238627774408087
1992,0.00426691395114176,0.004371324845124036,3.984e-06,0.003238627774408087
1993,0.004504012642428279,0.004014650505268946,3.9860000000000005e-06,0.003238627774408087
1994,0.004009078547824174,0.0044789334933739156,3.988000000000001e-06,0.003238627774408087
1995,0.004005163413239643,0.004463651130208746,3.990000000000001e-06,0.003238627774408087
1996,0.003958341607358307,0.004088552028406411,3.992e-06,0.003238627774408087
1997,0.004478303890209645,0.00455215253168717,3.994e-06,0.003238627774408087
1998,0.004446345963515341,0.004319144121836871,3.996e-06,0.003238627774408087
1999,0.0043887866486329585,0.004400400765007362,3.9980000000000005e-06,0.003238627774408087
2000,0.004514300642767921,0.004165343503700569,4e-06,0.003238627774408087
2001,0.004374711395939812,0.0037587240512948483,4.002e-06,0.003238627774408087
2002,0.004455410351511091,0.0038916468911338598,4.004000000000001e-06,0.003238627774408087
2003,0.004816252505406737,0.004121718724491075,4.006e-06,0.003238627774408087
2004,0.004551136022200808,0.003965097392210737,4.008e-06,0.003238627774408087
2005,0.004226248187478632,0.004366713896160945,4.0100000000000006e-06,0.003238627774408087
2006,0.00476896547479555,0.004064001812366769,4.012e-06,0.003238627774408087
2007,0.004926201334455982,0.00432656190241687,4.014e-06,0.003238627774408087
2008,0.004021689062938094,0.0036979132564738393,4.016e-06,0.003238627774408087
2009,0.004213305423036218,0.004565664887195453,4.018e-06,0.003238627774408087
2010,0.0040676078060641885,0.004256853426340967,4.0200000000000005e-06,0.003238627774408087
2011,0.004330543742980808,0.0037112317222636193,4.022000000000001e-06,0.003238627774408087
2012,0.0042183993209619075,0.003927692072466016,4.024000000000001e-06,0.003238627774408087
2013,0.003366321820067242,0.004495528090046719,4.026e-06,0.003238627774408087
2014,0.003791063791140914,0.004046248912345618,4.028e-06,0.003238627774408087
2015,0.004629254952305928,0.004198833805276081,4.03e-06,0.003238627774408087
2016,0.003421984612941742,0.004637452191673219,4.0320000000000005e-06,0.003238627774408087
2017,0.004514478059718385,0.00426101332413964,4.034e-06,0.003238627774408087
2018,0.00414841336896643,0.0044819861359428614,4.036e-06,0.003238627774408087
2019,0.004343955428339541,0.004123435297515243,4.038000000000001e-06,0.003238627774408087
2020,0.00440495676593855,0.004264467163011432,4.04e-06,0.003238627774408087
2021,0.004660052218241617,0.0045063036668580025,4.0420000000000004e-06,0.003238627774408087
2022,0.004322228720411658,0.0042659581231419,4.044000000000001e-06,0.003238627774408087
2023,0.0044002388312947005,0.004525679309153929,4.046e-06,0.003238627774408087
2024,0.004612019605701789,0.004095042822882533,4.048e-06,0.003238627774408087
2025,0.003853537986287847,0.003910043073119596,4.05e-06,0.003238627774408087
2026,0.0040790276834741235,0.004177152412012219,4.052e-06,0.003238627774408087
2027,0.0042959622805938125,0.004802599607501179,4.0540000000000005e-06,0.003238627774408087
2028,0.004093467374332249,0.004108080029254779,4.056000000000001e-06,0.003238627774408087
2029,0.004596043203491718,0.003663983545266092,4.058000000000001e-06,0.003238627774408087
2030,0.0040295947110280395,0.003967318538343534,4.06e-06,0.003238627774408087
2031,0.003950718091800809,0.00460300239501521,4.062e-06,0.003238627774408087
2032,0.004771919455379248,0.004581192071782425,4.064e-06,0.003238627774408087
2033,0.004180008632829413,0.004071737377671525,4.0660000000000005e-06,0.003238627774408087
2034,0.004084044456249103,0.003739207430044189,4.068e-06,0.003238627774408087
2035,0.004058489575982094,0.004369430476799607,4.07e-06,0.003238627774408087
2036,0.004212361614918336,0.0051875271601602435,4.072000000000001e-06,0.003238627774408087
2037,0.004592817713273689,0.0052659252542071044,4.074e-06,0.003238627774408087
2038,0.0046567282697651535,0.005070626211818308,4.0760000000000004e-06,0.003238627774408087
2039,0.004541639762464911,0.004045703972224146,4.078000000000001e-06,0.003238627774408087
2040,0.003843710321234539,0.0045672311971429735,4.08e-06,0.003238627774408087
2041,0.004138300893828273,0.00503450253745541,4.082e-06,0.003238627774408087
2042,0.004213551030261442,0.0041832454153336585,4.084e-06,0.003238627774408087
2043,0.004038621758809313,0.0036968844942748547,4.086e-06,0.003238627774408087
2044,0.004459221905563027,0.004363609914435074,4.0880000000000005e-06,0.003238627774408087
2045,0.004564214061247185,0.004307975759729743,4.090000000000001e-06,0.003238627774408087
2046,0.004612592107150704,0.0044368093949742615,4.092000000000001e-06,0.003238627774408087
2047,0.004119184042792767,0.004228526580845937,4.094e-06,0.003238627774408087
2048,0.004508656624238938,0.004120686702663079,4.096e-06,0.003238627774408087
2049,0.003756574704311788,0.004380897735245526,4.098e-06,0.003238627774408087
2050,0.0036575211270246655,0.004188663471722975,4.1000000000000006e-06,0.003238627774408087
2051,0.004233378422213718,0.004093616706086323,4.102e-06,0.003238627774408087
2052,0.004361793369753286,0.00430513801984489,4.104e-06,0.003238627774408087
2053,0.003764303692150861,0.00412005340331234,4.106000000000001e-06,0.003238627774408087
2054,0.003964294592151418,0.004271111567504704,4.108e-06,0.003238627774408087
2055,0.003887541824951768,0.004524604446487501,4.1100000000000005e-06,0.003238627774408087
2056,0.0037312424974516034,0.0039213009586092085,4.112000000000001e-06,0.003238627774408087
2057,0.004240029229549691,0.004335350356996059,4.114e-06,0.003238627774408087
2058,0.004048832197440788,0.0039033378707244992,4.116e-06,0.003238627774408087
2059,0.004053063865285367,0.003760119085200131,4.118e-06,0.003238627774408087
2060,0.003964595030993223,0.0038309164228849113,4.12e-06,0.003238627774408087
2061,0.004420449986355379,0.004178406088612974,4.1220000000000005e-06,0.003238627774408087
2062,0.004265249037416652,0.0039414967759512365,4.124000000000001e-06,0.003238627774408087
2063,0.004968735243892297,0.003609812702052295,4.126000000000001e-06,0.003238627774408087
2064,0.004493185930186883,0.00496608525281772,4.128e-06,0.003238627774408087
2065,0.0036872225464321673,0.004378868034109473,4.13e-06,0.003238627774408087
2066,0.004055995319504291,0.004637567471945658,4.132e-06,0.003238627774408087
2067,0.004483281110879034,0.004092738061444834,4.1340000000000006e-06,0.003238627774408087
2068,0.004045116598717868,0.0037765734014101326,4.136e-06,0.003238627774408087
2069,0.0045195074926596135,0.0040941915940493345,4.138e-06,0.003238627774408087
2070,0.004354828502982855,0.003961194917792454,4.140000000000001e-06,0.003238627774408087
2071,0.004039055551402271,0.0037162015796639025,4.142e-06,0.003238627774408087
2072,0.004225036420393735,0.0039197874430101365,4.1440000000000005e-06,0.003238627774408087
2073,0.004329435440013185,0.003997091524070129,4.146000000000001e-06,0.003238627774408087
2074,0.004093342955457047,0.0037682848051190376,4.148e-06,0.003238627774408087
2075,0.0038988763408269733,0.004414207651279867,4.15e-06,0.003238627774408087
2076,0.004041309788590297,0.0052772886119782925,4.152e-06,0.003238627774408087
2077,0.003960181842558086,0.004543695016764104,4.154e-06,0.003238627774408087
2078,0.004426477797096595,0.004363308835308999,4.1560000000000005e-06,0.003238627774408087
2079,0.00419977298588492,0.003977934393333271,4.158000000000001e-06,0.003238627774408087
2080,0.004071030940394849,0.003928096615709364,4.160000000000001e-06,0.003238627774408087
2081,0.0040519430476706475,0.004320038919104263,4.162e-06,0.003238627774408087
2082,0.0044661010324489325,0.004916392615996301,4.164e-06,0.003238627774408087
2083,0.00414562426158227,0.003985828050645068,4.1660000000000004e-06,0.003238627774408087
2084,0.004205328499665484,0.0042218817106913775,4.168000000000001e-06,0.003238627774408087
2085,0.00351715215947479,0.004189875995507464,4.17e-06,0.003238627774408087
2086,0.0043149866396561265,0.004312747914809734,4.172e-06,0.003238627774408087
2087,0.004874570557149127,0.0058173747966066,4.174000000000001e-06,0.003238627774408087
2088,0.004859847744228318,0.004280608496628702,4.176e-06,0.003238627774408087
2089,0.004575087543344125,0.004145341808907688,4.1780000000000005e-06,0.003238627774408087
2090,0.004817511886358261,0.0045154116523917764,4.180000000000001e-06,0.003238627774408087
2091,0.004656296077882871,0.004097470751730725,4.182e-06,0.003238627774408087
2092,0.003950798680307344,0.004432006826391444,4.184e-06,0.003238627774408087
2093,0.004496372537687421,0.00420795104582794,4.186e-06,0.003238627774408087
2094,0.004052783333463594,0.004337088990723714,4.188e-06,0.003238627774408087
2095,0.004448074178071693,0.003975298866862431,4.1900000000000005e-06,0.003238627774408087
2096,0.004433474416146055,0.0044703647145070136,4.192000000000001e-06,0.003238627774408087
2097,0.004156168724875897,0.003972346486989409,4.194000000000001e-06,0.003238627774408087
2098,0.004492387146456167,0.004073060670634732,4.196e-06,0.003238627774408087
2099,0.004664454754674807,0.0043732843769248575,4.198e-06,0.003238627774408087
2100,0.0041307861101813614,0.004880442109424621,4.2000000000000004e-06,0.003238627774408087
2101,0.0043513016134966165,0.004166280938079581,4.202000000000001e-06,0.003238627774408087
2102,0.004260312009137124,0.00438843693700619,4.204e-06,0.003238627774408087
2103,0.004496703884797171,0.004704215767560527,4.206e-06,0.003238627774408087
2104,0.0042889580654446036,0.003746753733139485,4.208000000000001e-06,0.003238627774408087
2105,0.004413398157339543,0.004078128695255145,4.21e-06,0.003238627774408087
2106,0.00416764643159695,0.004038668237626553,4.2120000000000005e-06,0.003238627774408087
2107,0.003744684683624655,0.0037668595323339105,4.214000000000001e-06,0.003238627774408087
2108,0.00440147117478773,0.004849181161262095,4.216e-06,0.003238627774408087
2109,0.0040898933075368404,0.00398493351531215,4.218e-06,0.003238627774408087
2110,0.00439626511069946,0.0039337036141660064,4.22e-06,0.003238627774408087
2111,0.0038991894689388573,0.004432362213265151,4.222e-06,0.003238627774408087
2112,0.0040668086730875075,0.004109991539735347,4.2240000000000006e-06,0.003238627774408087
2113,0.004654930409742519,0.003841322584776208,4.226000000000001e-06,0.003238627774408087
2114,0.004541779751889408,0.004177564842393622,4.228000000000001e-06,0.003238627774408087
2115,0.004018610459752381,0.004308882780605927,4.23e-06,0.003238627774408087
2116,0.004486905410885811,0.0037915516877546906,4.232e-06,0.003238627774408087
2117,0.004294056008802727,0.004410798253957182,4.2340000000000005e-06,0.003238627774408087
2118,0.004572788602672517,0.004454118228750303,4.236e-06,0.003238627774408087
2119,0.004527236567810178,0.004603881505317986,4.238e-06,0.003238627774408087
2120,0.004120648169191554,0.004042582004331052,4.24e-06,0.003238627774408087
2121,0.004171655396930873,0.00470518201473169,4.242e-06,0.003238627774408087
2122,0.004527438111836091,0.0044258462730795145,4.244e-06,0.003238627774408087
2123,0.004588383832015097,0.004084686777787283,4.2460000000000005e-06,0.003238627774408087
2124,0.0036353754403535277,0.004330693103838712,4.248000000000001e-06,0.003238627774408087
2125,0.004094085074029863,0.0039674065774306655,4.25e-06,0.003238627774408087
2126,0.0038670977810397744,0.003917013993486762,4.252e-06,0.003238627774408087
2127,0.004180061776423827,0.003953416016884148,4.254e-06,0.003238627774408087
2128,0.0036550759396050125,0.004194047884084284,4.256e-06,0.003238627774408087
2129,0.004426589759532362,0.004025308589916676,4.2580000000000006e-06,0.003238627774408087
2130,0.0036665067600551993,0.004283371701603755,4.260000000000001e-06,0.003238627774408087
2131,0.004459143558051437,0.0048435440112371,4.262000000000001e-06,0.003238627774408087
2132,0.004143339290749282,0.003953410923713818,4.264e-06,0.003238627774408087
2133,0.004464476805878803,0.00413388351444155,4.266e-06,0.003238627774408087
2134,0.0038628632319159806,0.0038797517481725663,4.2680000000000005e-06,0.003238627774408087
2135,0.0042360531515441835,0.003918156260624528,4.27e-06,0.003238627774408087
2136,0.003944829892134294,0.0037740059196949005,4.272e-06,0.003238627774408087
2137,0.004066181892994791,0.004204178141662851,4.274e-06,0.003238627774408087
2138,0.0041276981646660715,0.00404406274901703,4.276e-06,0.003238627774408087
2139,0.004433210357092321,0.004363923770142719,4.278e-06,0.003238627774408087
2140,0.004062993510160595,0.0036636351433116943,4.2800000000000005e-06,0.003238627774408087
2141,0.004500707931583747,0.004280877765268087,4.282000000000001e-06,0.003238627774408087
2142,0.004569140786770731,0.004058214835822582,4.284e-06,0.003238627774408087
2143,0.004387573106214404,0.003985324321547523,4.286e-06,0.003238627774408087
2144,0.004122164071304724,0.004145045881159604,4.288e-06,0.003238627774408087
2145,0.0038791592232882977,0.0037546118546742946,4.2900000000000004e-06,0.003238627774408087
2146,0.00453190240659751,0.0039034285582602024,4.292000000000001e-06,0.003238627774408087
2147,0.003997918305685744,0.004002818604931235,4.294000000000001e-06,0.003238627774408087
2148,0.004038664337713271,0.005060236086137593,4.296000000000001e-06,0.003238627774408087
2149,0.00428222498157993,0.004340896935900673,4.298e-06,0.003238627774408087
2150,0.004347939480794594,0.003723133326275274,4.3e-06,0.003238627774408087
2151,0.003857235045870766,0.0037041782052256167,4.3020000000000005e-06,0.003238627774408087
2152,0.003972182457800955,0.004305930371629074,4.304e-06,0.003238627774408087
2153,0.004628603346645832,0.003788366011576727,4.306e-06,0.003238627774408087
2154,0.004242538096150383,0.004080843151314184,4.308e-06,0.003238627774408087
2155,0.003903949953382835,0.0042205292847938836,4.31e-06,0.003238627774408087
2156,0.00397777755279094,0.0040386521723121405,4.312e-06,0.003238627774408087
2157,0.003688530850922689,0.003893628192599863,4.3140000000000005e-06,0.003238627774408087
2158,0.0039771380252204835,0.004366693319752812,4.316000000000001e-06,0.003238627774408087
2159,0.003960182977607474,0.003748125396668911,4.318e-06,0.003238627774408087
2160,0.004126627027289942,0.004192464577499777,4.32e-06,0.003238627774408087
2161,0.004416524374391884,0.004032672644825652,4.322e-06,0.003238627774408087
2162,0.003796181787038222,0.004299263411667198,4.3240000000000004e-06,0.003238627774408087
2163,0.004578997584758326,0.004275937186321244,4.326000000000001e-06,0.003238627774408087
2164,0.0044198319665156305,0.004041810578200966,4.328000000000001e-06,0.003238627774408087
2165,0.004260802932549268,0.0040840521396603435,4.330000000000001e-06,0.003238627774408087
2166,0.004291493649361655,0.004133032896788791,4.332e-06,0.003238627774408087
2167,0.0043592290312517434,0.0050318867433816195,4.334e-06,0.003238627774408087
2168,0.0041043707460630685,0.004261943104211241,4.3360000000000005e-06,0.003238627774408087
2169,0.00407113807159476,0.004012524150311947,4.338e-06,0.003238627774408087
2170,0.004274831968359649,0.00406528208986856,4.34e-06,0.003238627774408087
2171,0.0047607929445803165,0.0048803791287355125,4.342e-06,0.003238627774408087
2172,0.004178370349109173,0.0051494858344085515,4.344e-06,0.003238627774408087
2173,0.004257942928234115,0.0037796989490743726,4.346e-06,0.003238627774408087
2174,0.004095967946341261,0.003860072640236467,4.3480000000000006e-06,0.003238627774408087
2175,0.004034957382827997,0.00431102782022208,4.350000000000001e-06,0.003238627774408087
2176,0.0040938694146461785,0.004639690218027681,4.352e-06,0.003238627774408087
2177,0.0041387464152649045,0.003885291254846379,4.354e-06,0.003238627774408087
2178,0.004045150009915233,0.0038892271695658565,4.356e-06,0.003238627774408087
2179,0.0036557110433932394,0.003857913048705086,4.3580000000000005e-06,0.003238627774408087
2180,0.003979621455073357,0.003707319701788947,4.360000000000001e-06,0.003238627774408087
2181,0.0037664574338123202,0.0038322033651638776,4.362000000000001e-06,0.003238627774408087
2182,0.0041797882004175335,0.003891184605890885,4.364000000000001e-06,0.003238627774408087
2183,0.004129104607272893,0.0038556740037165582,4.366e-06,0.003238627774408087
2184,0.004046229354571551,0.0038159205578267574,4.368e-06,0.003238627774408087
2185,0.004280438035493717,0.004080268292455003,4.3700000000000005e-06,0.003238627774408087
2186,0.004576209263177589,0.0038399730110540986,4.372e-06,0.003238627774408087
2187,0.0040672196773812175,0.0038625927409157157,4.374e-06,0.003238627774408087
2188,0.003977836866397411,0.004011172044556588,4.376e-06,0.003238627774408087
2189,0.004028726601973176,0.003997692896518856,4.378e-06,0.003238627774408087
2190,0.003944456286262721,0.004194428969640285,4.38e-06,0.003238627774408087
2191,0.0037972951831761748,0.0039218027668539435,4.3820000000000006e-06,0.003238627774408087
2192,0.003943201067158952,0.004453299945453182,4.384000000000001e-06,0.003238627774408087
2193,0.004228127392707393,0.004512051789788529,4.386e-06,0.003238627774408087
2194,0.00378359088790603,0.003833036229480058,4.388e-06,0.003238627774408087
2195,0.004053538403240964,0.003720689914189279,4.39e-06,0.003238627774408087
2196,0.004308260133257136,0.004781521041877568,4.3920000000000005e-06,0.003238627774408087
2197,0.004168892570305616,0.004384037223644555,4.394000000000001e-06,0.003238627774408087
2198,0.00357200120924972,0.00394340034108609,4.396000000000001e-06,0.003238627774408087
2199,0.003946842363802716,0.0043289189634379,4.398000000000001e-06,0.003238627774408087
2200,0.0039050894847605377,0.004036094091134146,4.4e-06,0.003238627774408087
2201,0.004352726187789813,0.0046938309678807855,4.402e-06,0.003238627774408087
2202,0.004179562471108511,0.0039044143923092633,4.4040000000000005e-06,0.003238627774408087
2203,0.004109147732378915,0.004062942520249635,4.406e-06,0.003238627774408087
2204,0.00406694517005235,0.0038168739702086896,4.408e-06,0.003238627774408087
2205,0.004140065721003339,0.004250789352227002,4.41e-06,0.003238627774408087
2206,0.004195455810986459,0.004332418437115848,4.412e-06,0.003238627774408087
2207,0.004039103107061237,0.003993827383965254,4.4140000000000004e-06,0.003238627774408087
2208,0.00402719751582481,0.00420069249230437,4.416000000000001e-06,0.003238627774408087
2209,0.00415221814182587,0.0038383161008823663,4.418000000000001e-06,0.003238627774408087
2210,0.0038141730474308133,0.004244347626809031,4.42e-06,0.003238627774408087
2211,0.004101021593669429,0.004073931457241997,4.422e-06,0.003238627774408087
2212,0.004099910263903439,0.0038761603354942054,4.424e-06,0.003238627774408087
2213,0.0038166324084158987,0.003658709436422214,4.4260000000000005e-06,0.003238627774408087
2214,0.004038506624056026,0.004389917681692168,4.428000000000001e-06,0.003238627774408087
2215,0.0037765541637782007,0.004371739138150588,4.430000000000001e-06,0.003238627774408087
2216,0.0045200240856502205,0.00405730030615814,4.432000000000001e-06,0.003238627774408087
2217,0.004368243651697412,0.0037461013707797974,4.434e-06,0.003238627774408087
2218,0.004079507431015372,0.00406008175923489,4.436e-06,0.003238627774408087
2219,0.004273230588296428,0.00437687843805179,4.4380000000000005e-06,0.003238627774408087
2220,0.003914537985110655,0.004691872629337013,4.44e-06,0.003238627774408087
2221,0.004355510871391743,0.004348914866568521,4.442e-06,0.003238627774408087
2222,0.003934785112505779,0.004152004315983504,4.444e-06,0.003238627774408087
2223,0.0042217407608404756,0.003884233796270564,4.446e-06,0.003238627774408087
2224,0.003932163963327184,0.004305716138333082,4.4480000000000004e-06,0.003238627774408087
2225,0.003913031076081097,0.00404885841999203,4.450000000000001e-06,0.003238627774408087
2226,0.004210117302136496,0.004235369968228042,4.452000000000001e-06,0.003238627774408087
2227,0.0040998346521519125,0.0037731397605966777,4.454e-06,0.003238627774408087
2228,0.003947830060496926,0.003931029117666185,4.456e-06,0.003238627774408087
2229,0.0038744425983168185,0.003859618242131546,4.458e-06,0.003238627774408087
2230,0.003822622587904334,0.0038016882026568055,4.4600000000000005e-06,0.003238627774408087
2231,0.004169034451479092,0.004103226499864832,4.462000000000001e-06,0.003238627774408087
2232,0.0036941162252333015,0.0037194969481788576,4.464000000000001e-06,0.003238627774408087
2233,0.003644695651018992,0.004201540839858353,4.466000000000001e-06,0.003238627774408087
2234,0.0036748088896274567,0.004016551218228415,4.468e-06,0.003238627774408087
2235,0.004095963871804997,0.004374086594907567,4.47e-06,0.003238627774408087
2236,0.004098293749848381,0.003923716023564339,4.4720000000000006e-06,0.003238627774408087
2237,0.003793990472331643,0.0037727314920630306,4.474e-06,0.003238627774408087
2238,0.004007986135547981,0.004142240475630388,4.476e-06,0.003238627774408087
2239,0.004324293666286394,0.004300233325920999,4.478e-06,0.003238627774408087
2240,0.003991426405264065,0.0039394841296598315,4.48e-06,0.003238627774408087
2241,0.0038949071313254535,0.003818382683675736,4.4820000000000005e-06,0.003238627774408087
2242,0.004111576650757343,0.003589257597923279,4.484000000000001e-06,0.003238627774408087
2243,0.0040860486042220145,0.0042147918429691344,4.486000000000001e-06,0.003238627774408087
2244,0.0045478483370970935,0.0038518137589562684,4.488e-06,0.003238627774408087
2245,0.0038081467791926116,0.00467061679228209,4.49e-06,0.003238627774408087
2246,0.004383590741781518,0.0038857478357385844,4.492e-06,0.003238627774408087
2247,0.003957431646995246,0.004065385874127969,4.494e-06,0.003238627774408087
2248,0.004062898049596697,0.004293314181268215,4.496000000000001e-06,0.003238627774408087
2249,0.0042363211687188596,0.004043863882543519,4.498000000000001e-06,0.003238627774408087
2250,0.0040385290631093085,0.004435655602719635,4.5e-06,0.003238627774408087
2251,0.0036582539323717356,0.0035405966627877206,4.502e-06,0.003238627774408087
2252,0.004003191395895556,0.004046313901199028,4.504e-06,0.003238627774408087
2253,0.00422443967545405,0.004149191430769861,4.5060000000000006e-06,0.003238627774408087
2254,0.003976268402766436,0.004159257543506101,4.508e-06,0.003238627774408087
2255,0.003916167537681758,0.004481490876059979,4.51e-06,0.003238627774408087
2256,0.0041531041788402945,0.0037078763416502625,4.512e-06,0.003238627774408087
2257,0.0036169818486087024,0.0043391068174969405,4.514e-06,0.003238627774408087
2258,0.0039573750691488385,0.003946224576793611,4.5160000000000005e-06,0.003238627774408087
2259,0.0042971122020389885,0.0038315645651891828,4.518000000000001e-06,0.003238627774408087
2260,0.004733036708785221,0.005164731934200972,4.520000000000001e-06,0.003238627774408087
2261,0.00499511620728299,0.003701733920024708,4.522e-06,0.003238627774408087
2262,0.004404875071486458,0.00384706276236102,4.524e-06,0.003238627774408087
2263,0.004174819070613012,0.003710368589963764,4.526e-06,0.003238627774408087
2264,0.0036504714807961136,0.004109598463401198,4.528e-06,0.003238627774408087
2265,0.004124040802707896,0.0037086594966240227,4.530000000000001e-06,0.003238627774408087
2266,0.003861392295220867,0.00413774698972702,4.532000000000001e-06,0.003238627774408087
2267,0.004436386108864099,0.004133930924581364,4.534e-06,0.003238627774408087
2268,0.0037405183247756213,0.0038108148146420717,4.536e-06,0.003238627774408087
2269,0.0038793812855146825,0.0038564170245081186,4.5380000000000004e-06,0.003238627774408087
2270,0.0034685568243730813,0.0038866133254487067,4.540000000000001e-06,0.003238627774408087
2271,0.004237609507981688,0.0039567876374349,4.542e-06,0.003238627774408087
2272,0.004009599884739146,0.003345204080687836,4.544e-06,0.003238627774408087
2273,0.00380145525559783,0.004163777572102845,4.546e-06,0.003238627774408087
2274,0.004358678503194824,0.004044689441798255,4.548e-06,0.003238627774408087
2275,0.00423071431578137,0.0042493235087022185,4.5500000000000005e-06,0.003238627774408087
2276,0.004424566111993045,0.003993553546024486,4.552000000000001e-06,0.003238627774408087
2277,0.003942592942621559,0.00397540838457644,4.554000000000001e-06,0.003238627774408087
2278,0.003861250268528238,0.0037008343206252903,4.556e-06,0.003238627774408087
2279,0.004010249918792397,0.003467259870376438,4.558e-06,0.003238627774408087
2280,0.003816740063484758,0.004263628565240651,4.56e-06,0.003238627774408087
2281,0.004626020789146423,0.004431508685229346,4.562e-06,0.003238627774408087
2282,0.004264132323442027,0.004050377960084006,4.564000000000001e-06,0.003238627774408087
2283,0.004020018852315843,0.00400606170296669,4.566000000000001e-06,0.003238627774408087
2284,0.003933130734367296,0.0038563793641515076,4.568e-06,0.003238627774408087
2285,0.004048143920954317,0.003646922908956185,4.57e-06,0.003238627774408087
2286,0.004257486114511266,0.003723534115124494,4.5720000000000004e-06,0.003238627774408087
2287,0.004176917864242569,0.004215294873574749,4.574000000000001e-06,0.003238627774408087
2288,0.004283291345927864,0.004333762277383357,4.576e-06,0.003238627774408087
2289,0.003790911316173151,0.004072910960530862,4.578e-06,0.003238627774408087
2290,0.0038439706549979746,0.003993625956354663,4.58e-06,0.003238627774408087
2291,0.003930804756237194,0.0037428995128721,4.582e-06,0.003238627774408087
2292,0.004577141429763287,0.004385566513519734,4.5840000000000005e-06,0.003238627774408087
2293,0.003948908677557483,0.003920950955944136,4.586000000000001e-06,0.003238627774408087
2294,0.00389889907091856,0.0038520572416018695,4.588000000000001e-06,0.003238627774408087
2295,0.0040871158125810325,0.0038726534112356603,4.59e-06,0.003238627774408087
2296,0.003840098244836554,0.004020356049295515,4.592e-06,0.003238627774408087
2297,0.003768157563172281,0.003918895352398977,4.594e-06,0.003238627774408087
2298,0.003794957068748772,0.004037291422719136,4.596e-06,0.003238627774408087
2299,0.0041117720829788595,0.0035081476089544594,4.598000000000001e-06,0.003238627774408087
2300,0.003952756145736203,0.00376121568842791,4.600000000000001e-06,0.003238627774408087
2301,0.0041974026535172015,0.004184653545962647,4.602e-06,0.003238627774408087
2302,0.00436932934098877,0.004053996992297471,4.604e-06,0.003238627774408087
2303,0.004450450680451468,0.004090565082151443,4.6060000000000005e-06,0.003238627774408087
2304,0.00462148615042679,0.004194005508907139,4.608000000000001e-06,0.003238627774408087
2305,0.0036735770700033754,0.0036751199513673782,4.61e-06,0.003238627774408087
2306,0.004097124910913408,0.003869407606543973,4.612e-06,0.003238627774408087
2307,0.003889863524818793,0.0038880347565282136,4.614e-06,0.003238627774408087
2308,0.00380982510978356,0.0039548145432490855,4.616e-06,0.003238627774408087
2309,0.004184411285677925,0.0041194815712515265,4.6180000000000005e-06,0.003238627774408087
2310,0.003745070716831833,0.0038486171106342226,4.620000000000001e-06,0.003238627774408087
2311,0.003906916914274916,0.003688234428409487,4.622000000000001e-06,0.003238627774408087
2312,0.003936842171242461,0.00440399392391555,4.624e-06,0.003238627774408087
2313,0.003538311255397275,0.003694687591632828,4.626e-06,0.003238627774408087
2314,0.0038926070847082883,0.004765328660141677,4.628e-06,0.003238627774408087
2315,0.004172575369011611,0.0037898035952821374,4.63e-06,0.003238627774408087
2316,0.0038342930492945015,0.00420247801230289,4.632000000000001e-06,0.003238627774408087
2317,0.0038290155644062907,0.003914640808943659,4.634000000000001e-06,0.003238627774408087
2318,0.0039399876550305635,0.004258992586983368,4.636e-06,0.003238627774408087
2319,0.004120278375921771,0.0040872214594855905,4.638e-06,0.003238627774408087
2320,0.004780676448717713,0.0037959777982905507,4.6400000000000005e-06,0.003238627774408087
2321,0.004025220579933375,0.004232766747009009,4.642000000000001e-06,0.003238627774408087
2322,0.0037502458435483277,0.00441367516759783,4.644e-06,0.003238627774408087
2323,0.0038559680979233235,0.003463650617050007,4.646e-06,0.003238627774408087
2324,0.00349574102438055,0.0038633738295175135,4.648e-06,0.003238627774408087
2325,0.003999610431492329,0.004306851944420487,4.65e-06,0.003238627774408087
2326,0.0038221976719796658,0.0036350399896036834,4.6520000000000005e-06,0.003238627774408087
2327,0.003981767746154219,0.003867503604851663,4.654000000000001e-06,0.003238627774408087
2328,0.003997384425019845,0.0038727394421584904,4.656000000000001e-06,0.003238627774408087
2329,0.0037549806875176728,0.003677071101265028,4.658e-06,0.003238627774408087
2330,0.003909678984200582,0.003888236067723483,4.66e-06,0.003238627774408087
2331,0.003979489061748609,0.0034482249175198376,4.6620000000000004e-06,0.003238627774408087
2332,0.003939590067602694,0.0039159491716418415,4.664e-06,0.003238627774408087
2333,0.0037681484827771783,0.003906898113200441,4.666000000000001e-06,0.003238627774408087
2334,0.0037898847367614508,0.0037382897862698883,4.668000000000001e-06,0.003238627774408087
2335,0.0037034188862890005,0.005269854562357068,4.67e-06,0.003238627774408087
2336,0.0035131105687469244,0.003731285163667053,4.672e-06,0.003238627774408087
2337,0.003465393150690943,0.0037151905125938356,4.6740000000000005e-06,0.003238627774408087
2338,0.0038626486202701926,0.004044731118483469,4.676000000000001e-06,0.003238627774408087
2339,0.0038382357743103057,0.004022318171337247,4.678e-06,0.003238627774408087
2340,0.0038130864268168807,0.003639779519289732,4.68e-06,0.003238627774408087
2341,0.003785145760048181,0.0035807278472930193,4.682e-06,0.003238627774408087
2342,0.003943048155633733,0.004785306402482092,4.684e-06,0.003238627774408087
2343,0.0038065436820033938,0.0036847817536909133,4.6860000000000005e-06,0.003238627774408087
2344,0.0038148750318214297,0.0035587011952884495,4.688000000000001e-06,0.003238627774408087
2345,0.004326319351093844,0.004118405369808897,4.690000000000001e-06,0.003238627774408087
2346,0.00403448601718992,0.003834136121440679,4.692e-06,0.003238627774408087
2347,0.004119630058994517,0.003976409352617338,4.694e-06,0.003238627774408087
2348,0.004025019996333867,0.003846897598123178,4.6960000000000004e-06,0.003238627774408087
2349,0.00399967044359073,0.004237920977175236,4.698e-06,0.003238627774408087
2350,0.004076871526194736,0.00385211143293418,4.700000000000001e-06,0.003238627774408087
2351,0.003456824430031702,0.003638841677457094,4.702000000000001e-06,0.003238627774408087
2352,0.0036248223041184247,0.0037184501998126507,4.704e-06,0.003238627774408087
2353,0.0035359100438654423,0.0035757719597313553,4.706e-06,0.003238627774408087
2354,0.003979013301432133,0.0037163271044846624,4.7080000000000005e-06,0.003238627774408087
2355,0.0036074891686439514,0.0038646596658509225,4.710000000000001e-06,0.003238627774408087
2356,0.003607400692999363,0.0039641764597035944,4.712e-06,0.003238627774408087
2357,0.003687759948661551,0.00428148327046074,4.714e-06,0.003238627774408087
2358,0.004084931599209085,0.0050026118697132915,4.716e-06,0.003238627774408087
2359,0.004230988066410646,0.003667075448902324,4.718e-06,0.003238627774408087
2360,0.003476154961390421,0.0037683352129533887,4.7200000000000005e-06,0.003238627774408087
2361,0.004321264510508627,0.0035898839705623686,4.722000000000001e-06,0.003238627774408087
2362,0.004189858649624512,0.00385301373898983,4.724e-06,0.003238627774408087
2363,0.0038159160467330366,0.003689069242682308,4.726e-06,0.003238627774408087
2364,0.0038741459720768034,0.0040177150222007185,4.728e-06,0.003238627774408087
2365,0.0038148442399688065,0.003581458469852805,4.7300000000000005e-06,0.003238627774408087
2366,0.003999063512310386,0.004044646891998127,4.732e-06,0.003238627774408087
2367,0.0036658745957538486,0.003870273445500061,4.734000000000001e-06,0.003238627774408087
2368,0.0037785024323966354,0.004026561044156551,4.736000000000001e-06,0.003238627774408087
2369,0.004125292005483061,0.0038533833285328,4.738e-06,0.003238627774408087
2370,0.003892959241056815,0.0038855200400575995,4.74e-06,0.003238627774408087
2371,0.003251786227338016,0.003699879511259496,4.7420000000000005e-06,0.003238627774408087
2372,0.003930587059585378,0.004074603959452361,4.744000000000001e-06,0.003238627774408087
2373,0.004060622479300946,0.0037186545960139483,4.746e-06,0.003238627774408087
2374,0.004411226662341505,0.0043555989395827055,4.748e-06,0.003238627774408087
2375,0.003936746594263241,0.004190638748696074,4.75e-06,0.003238627774408087
2376,0.003852376452414319,0.0034645349660422653,4.752e-06,0.003238627774408087
2377,0.003480352519545704,0.0035357108572497964,4.7540000000000006e-06,0.003238627774408087
2378,0.0038689871435053647,0.0033866876910906285,4.756000000000001e-06,0.003238627774408087
2379,0.004073713178513572,0.003742888191482052,4.758e-06,0.003238627774408087
2380,0.003606938204029575,0.00399555909098126,4.76e-06,0.003238627774408087
2381,0.004081181192304939,0.003961833601351827,4.762e-06,0.003238627774408087
2382,0.003913470165571198,0.0037398634594865143,4.7640000000000005e-06,0.003238627774408087
2383,0.003788339701713994,0.003769131319131702,4.766e-06,0.003238627774408087
2384,0.003614809305872768,0.00455643076566048,4.768000000000001e-06,0.003238627774408087
2385,0.0041112547914963216,0.004398889956064522,4.770000000000001e-06,0.003238627774408087
2386,0.00352362182457,0.0034544690570328385,4.772e-06,0.003238627774408087
2387,0.003672409657156095,0.0038530680758412927,4.774e-06,0.003238627774408087
2388,0.0036487584584392607,0.0037193600728642195,4.7760000000000005e-06,0.003238627774408087
2389,0.00402203225530684,0.0038902618980500847,4.778000000000001e-06,0.003238627774408087
2390,0.003941864182706922,0.003615865862229839,4.78e-06,0.003238627774408087
2391,0.004595089907525107,0.0036564815090969205,4.782e-06,0.003238627774408087
2392,0.0038444818055722862,0.004387186258099973,4.784e-06,0.003238627774408087
2393,0.003680677735246718,0.004027740680612624,4.7860000000000004e-06,0.003238627774408087
2394,0.003978124965215102,0.003904190642060712,4.7880000000000006e-06,0.003238627774408087
2395,0.003991336445324123,0.004021142871351913,4.790000000000001e-06,0.003238627774408087
2396,0.0035704537003766745,0.0038694171817041934,4.792e-06,0.003238627774408087
2397,0.0036565373884513974,0.003735835518455133,4.794e-06,0.003238627774408087
2398,0.003672207851195708,0.003661466995254159,4.796e-06,0.003238627774408087
2399,0.003520092781400308,0.004151634115260094,4.7980000000000005e-06,0.003238627774408087
2400,0.0035831707646138966,0.004034224228234962,4.8e-06,0.003238627774408087
2401,0.0038617050158791244,0.0037763548316434026,4.802000000000001e-06,0.003238627774408087
2402,0.003483935375697911,0.0033206843945663422,4.804000000000001e-06,0.003238627774408087
2403,0.0038523991242982447,0.0034657572396099567,4.806e-06,0.003238627774408087
2404,0.004110158479306847,0.003633504413301125,4.808e-06,0.003238627774408087
2405,0.004103062965441495,0.0038808673853054643,4.8100000000000005e-06,0.003238627774408087
2406,0.004151285218540579,0.0038104047416709363,4.812000000000001e-06,0.003238627774408087
2407,0.0036849708412773907,0.003999210428446531,4.814e-06,0.003238627774408087
2408,0.003628908161772415,0.0037691840843763202,4.816e-06,0.003238627774408087
2409,0.003800217207754031,0.0037434191908687353,4.818e-06,0.003238627774408087
2410,0.00376064091688022,0.003532487608026713,4.8200000000000004e-06,0.003238627774408087
2411,0.003975068859290332,0.004809535836102441,4.822000000000001e-06,0.003238627774408087
2412,0.0041936764027923346,0.003561275952961296,4.824000000000001e-06,0.003238627774408087
2413,0.003845254745101556,0.003951084916479886,4.826e-06,0.003238627774408087
2414,0.0040993227157741785,0.004069847345817834,4.828e-06,0.003238627774408087
2415,0.0033833454363048077,0.003722262685187161,4.83e-06,0.003238627774408087
2416,0.0037812119990121573,0.0036949251079931855,4.8320000000000005e-06,0.003238627774408087
2417,0.003812167706200853,0.0038224743329919875,4.834e-06,0.003238627774408087
2418,0.004161298391409218,0.004428053187439218,4.836000000000001e-06,0.003238627774408087
2419,0.003753196506295353,0.0038636252284049988,4.838000000000001e-06,0.003238627774408087
2420,0.0037966716918163,0.003880434698658064,4.84e-06,0.003238627774408087
2421,0.0033796997158788145,0.003629176499089226,4.842e-06,0.003238627774408087
2422,0.0036003932473249733,0.003901301883161068,4.8440000000000005e-06,0.003238627774408087
2423,0.003685402713017538,0.00338236617972143,4.846000000000001e-06,0.003238627774408087
2424,0.0035288079088786617,0.003884022851707414,4.848e-06,0.003238627774408087
2425,0.003760052932193503,0.004017017956357449,4.85e-06,0.003238627774408087
2426,0.003843559214146808,0.003809486544923857,4.852e-06,0.003238627774408087
2427,0.003460588864982128,0.003721846209373325,4.8540000000000005e-06,0.003238627774408087
2428,0.0038138806412462145,0.003586277598515153,4.856000000000001e-06,0.003238627774408087
2429,0.0035640087153296918,0.0035123195266351104,4.858000000000001e-06,0.003238627774408087
2430,0.003659112175228074,0.0036187790683470666,4.86e-06,0.003238627774408087
2431,0.0039720388886053115,0.0033267632825300097,4.862e-06,0.003238627774408087
2432,0.0036880668776575476,0.003823955717962235,4.864e-06,0.003238627774408087
2433,0.0035741112078540027,0.0040168026171159,4.8660000000000005e-06,0.003238627774408087
2434,0.003831709560472518,0.004129605134949088,4.868e-06,0.003238627774408087
2435,0.003913199878297746,0.0037977140746079385,4.870000000000001e-06,0.003238627774408087
2436,0.0038015948957763612,0.004128013766603544,4.872000000000001e-06,0.003238627774408087
2437,0.003884059056872502,0.00373584998305887,4.874e-06,0.003238627774408087
2438,0.0036243829235900193,0.003719887841725722,4.876e-06,0.003238627774408087
2439,0.004001609282568097,0.0036865786532871425,4.8780000000000006e-06,0.003238627774408087
2440,0.0037841545999981463,0.0040842092130333185,4.880000000000001e-06,0.003238627774408087
2441,0.0034018578298855573,0.004156486800638959,4.882e-06,0.003238627774408087
2442,0.004383036750368774,0.003719301806995645,4.884e-06,0.003238627774408087
2443,0.003695788123877719,0.003437227598624304,4.886e-06,0.003238627774408087
2444,0.0040179743082262576,0.0034703551209531724,4.8880000000000005e-06,0.003238627774408087
2445,0.003279146709246561,0.0036024856090079993,4.890000000000001e-06,0.003238627774408087
2446,0.004023168090498075,0.0037453758413903415,4.892000000000001e-06,0.003238627774408087
2447,0.003756788035389036,0.0038782769115641713,4.894e-06,0.003238627774408087
2448,0.0039619360759388655,0.0035622069553937763,4.896e-06,0.003238627774408087
2449,0.004310137126594782,0.003927694313460961,4.898e-06,0.003238627774408087
2450,0.004055173310916871,0.003569543157937005,4.9000000000000005e-06,0.003238627774408087
2451,0.0036387513973750174,0.003525633772369474,4.902e-06,0.003238627774408087
2452,0.003674332721857354,0.0041263750463258475,4.904000000000001e-06,0.003238627774408087
2453,0.004112503229407594,0.0033951170335058123,4.906000000000001e-06,0.003238627774408087
2454,0.0035524929116945714,0.004160280630458146,4.908e-06,0.003238627774408087
2455,0.003828782879281789,0.0036721001379191875,4.9100000000000004e-06,0.003238627774408087
2456,0.0035449733259156346,0.0037597391346935183,4.9120000000000006e-06,0.003238627774408087
2457,0.003642833500634879,0.003622293588705361,4.914000000000001e-06,0.003238627774408087
2458,0.0037612996820826083,0.004020917811430991,4.916e-06,0.003238627774408087
2459,0.004041039006551728,0.0036005774163641036,4.918e-06,0.003238627774408087
2460,0.0037049127859063447,0.0036171315878164023,4.92e-06,0.003238627774408087
2461,0.0037294710346031934,0.003292749883257784,4.9220000000000005e-06,0.003238627774408087
2462,0.003581230324925855,0.003728424431756139,4.924000000000001e-06,0.003238627774408087
2463,0.003899912320775911,0.003998017724370584,4.926000000000001e-06,0.003238627774408087
2464,0.003951591701479629,0.0038963271072134376,4.928e-06,0.003238627774408087
2465,0.00422356094350107,0.0031762614380568266,4.93e-06,0.003238627774408087
2466,0.0038725251506548375,0.004562231071759015,4.932e-06,0.0031762614380568266
2467,0.003924003278370947,0.0036285340029280633,4.9340000000000005e-06,0.0031762614380568266
2468,0.003836757503449917,0.00409007744747214,4.936e-06,0.0031762614380568266
2469,0.0037897518486715853,0.0037767925823573023,4.938000000000001e-06,0.0031762614380568266
2470,0.0034122045326512307,0.0039239445177372545,4.940000000000001e-06,0.0031762614380568266
2471,0.003959495545132086,0.0035483184619806707,4.942e-06,0.0031762614380568266
2472,0.0038621778949163854,0.0034627138811629266,4.9440000000000004e-06,0.0031762614380568266
2473,0.004066893947310746,0.003934416570700705,4.946000000000001e-06,0.0031762614380568266
2474,0.004194406414171681,0.0033023440919350833,4.948000000000001e-06,0.0031762614380568266
2475,0.003866080747684464,0.0036899679398629814,4.95e-06,0.0031762614380568266
2476,0.003947203396819532,0.0038239854329731315,4.952e-06,0.0031762614380568266
2477,0.00370249425759539,0.00344850798137486,4.954e-06,0.0031762614380568266
2478,0.0034298565587960184,0.00368159226491116,4.9560000000000005e-06,0.0031762614380568266
2479,0.0036070605856366456,0.003390264610061422,4.958000000000001e-06,0.0031762614380568266
2480,0.0036340192309580743,0.003983461414463818,4.960000000000001e-06,0.0031762614380568266
2481,0.003887692786520347,0.0035003519151359797,4.962e-06,0.0031762614380568266
2482,0.0036771772138308734,0.003543304104823619,4.964e-06,0.0031762614380568266
2483,0.003518962796078995,0.003752876480575651,4.966e-06,0.0031762614380568266
2484,0.0038394606090150774,0.003560170385753736,4.9680000000000005e-06,0.0031762614380568266
2485,0.003680063469801098,0.003583566955057904,4.97e-06,0.0031762614380568266
2486,0.004355787794338539,0.003595201938878745,4.972000000000001e-06,0.0031762614380568266
2487,0.0035601880808826536,0.003293690097052604,4.974000000000001e-06,0.0031762614380568266
2488,0.003672528429888189,0.003245655942009762,4.976e-06,0.0031762614380568266
2489,0.003334827400976792,0.0037000310549046844,4.9780000000000005e-06,0.0031762614380568266
2490,0.0035212822549510747,0.00377237779321149,4.980000000000001e-06,0.0031762614380568266
2491,0.0035431245050858706,0.003770456154597923,4.982e-06,0.0031762614380568266
2492,0.0037802877777721733,0.0038998534146230668,4.984e-06,0.0031762614380568266
2493,0.0037308330938685685,0.0038104419654700905,4.986e-06,0.0031762614380568266
2494,0.0034763769654091448,0.0038245600590016693,4.988e-06,0.0031762614380568266
2495,0.003972252772655338,0.0033297430782113224,4.9900000000000005e-06,0.0031762614380568266
2496,0.003362419083714485,0.003892714827088639,4.992000000000001e-06,0.0031762614380568266
2497,0.003465815359959379,0.004227047960739583,4.994000000000001e-06,0.0031762614380568266
2498,0.00328475289279595,0.003920339077012613,4.996e-06,0.0031762614380568266
2499,0.003947761753806844,0.003778295387746766,4.998e-06,0.0031762614380568266
2500,0.0034965623926836997,0.0038238783890847117,5e-06,0.0031762614380568266
2501,0.003517546327202581,0.0029866411350667477,5.0020000000000006e-06,0.0031762614380568266
2502,0.003503593325149268,0.003985975170508027,5.004e-06,0.0029866411350667477
2503,0.0038949597801547498,0.0039784706314094365,5.006000000000001e-06,0.0029866411350667477
2504,0.003923361044144258,0.0034722975397016853,5.008000000000001e-06,0.0029866411350667477
2505,0.0037809417699463665,0.0036256594758015126,5.01e-06,0.0029866411350667477
2506,0.0035491118323989213,0.00367970037041232,5.0120000000000005e-06,0.0029866411350667477
2507,0.0038552365149371326,0.0038093521434348077,5.014000000000001e-06,0.0029866411350667477
2508,0.003920191724319011,0.004009497613878921,5.016e-06,0.0029866411350667477
2509,0.003867812774842605,0.003820459241978824,5.018e-06,0.0029866411350667477
2510,0.003981538524385542,0.004547364020254463,5.02e-06,0.0029866411350667477
2511,0.0037032017717137933,0.00393016217276454,5.022e-06,0.0029866411350667477
2512,0.003951083461288363,0.00345707219094038,5.0240000000000005e-06,0.0029866411350667477
2513,0.0040843097667675465,0.003592714201658964,5.026000000000001e-06,0.0029866411350667477
2514,0.0037940601469017565,0.00332329620141536,5.028000000000001e-06,0.0029866411350667477
2515,0.0036987018247600645,0.004107390472199768,5.03e-06,0.0029866411350667477
2516,0.0036828702432103455,0.0035611343919299543,5.032e-06,0.0029866411350667477
2517,0.0036894446820952,0.003756723628612235,5.034e-06,0.0029866411350667477
2518,0.003986462281318381,0.0033061334397643805,5.0360000000000006e-06,0.0029866411350667477
2519,0.0032204781600739807,0.0036874573852401227,5.038e-06,0.0029866411350667477
2520,0.0037166327820159495,0.003718143212608993,5.040000000000001e-06,0.0029866411350667477
2521,0.00352945234044455,0.0038818549655843526,5.042000000000001e-06,0.0029866411350667477
2522,0.003918288130080327,0.00344274437520653,5.044e-06,0.0029866411350667477
2523,0.0033826263970695436,0.003996545710833743,5.0460000000000005e-06,0.0029866411350667477
2524,0.0037261448160279542,0.0037896313588134944,5.048000000000001e-06,0.0029866411350667477
2525,0.003760180145036429,0.0036524234456010163,5.05e-06,0.0029866411350667477
2526,0.003787979658227414,0.0036645884392783046,5.052e-06,0.0029866411350667477
2527,0.004106179607333615,0.0036527905031107366,5.054e-06,0.0029866411350667477
2528,0.0036661169142462313,0.003941775124985725,5.056e-06,0.0029866411350667477
2529,0.003695571329444647,0.003598541719838977,5.0580000000000005e-06,0.0029866411350667477
2530,0.003953906474635005,0.0040272584883496165,5.060000000000001e-06,0.0029866411350667477
2531,0.0035909402649849653,0.0037683272385038435,5.062000000000001e-06,0.0029866411350667477
2532,0.0036686147504951805,0.003385559073649347,5.064e-06,0.0029866411350667477
2533,0.0037880464224144816,0.0037660064408555627,5.066e-06,0.0029866411350667477
2534,0.003925225551938638,0.003472293494269252,5.0680000000000004e-06,0.0029866411350667477
2535,0.0038344082713592798,0.003293268702691421,5.070000000000001e-06,0.0029866411350667477
2536,0.00372637968393974,0.0039045730663929135,5.072e-06,0.0029866411350667477
2537,0.003907839010935277,0.0037183067470323294,5.074000000000001e-06,0.0029866411350667477
2538,0.0036904313892591745,0.003563266305718571,5.076000000000001e-06,0.0029866411350667477
2539,0.0039032910426612943,0.0035285436897538602,5.078e-06,0.0029866411350667477
2540,0.0036818162188865244,0.003485501540126279,5.0800000000000005e-06,0.0029866411350667477
2541,0.0032531341712456197,0.0036951377987861633,5.082000000000001e-06,0.0029866411350667477
2542,0.0040102140919771045,0.00352855704841204,5.084e-06,0.0029866411350667477
2543,0.003877357259625569,0.003581923112506047,5.086e-06,0.0029866411350667477
2544,0.0035925505799241364,0.0035614583175629377,5.088e-06,0.0029866411350667477
2545,0.0036862271081190556,0.0033740853832568973,5.09e-06,0.0029866411350667477
2546,0.0036583094333764166,0.0035706806811504066,5.0920000000000005e-06,0.0029866411350667477
2547,0.003614115179516375,0.004018912237370387,5.094000000000001e-06,0.0029866411350667477
2548,0.003386451950063929,0.0033635095169302076,5.096000000000001e-06,0.0029866411350667477
2549,0.003658269182778895,0.0037863181496504694,5.098e-06,0.0029866411350667477
2550,0.003300209529697895,0.003449550917139277,5.1e-06,0.0029866411350667477
2551,0.003639174305135384,0.003594571171561256,5.1020000000000004e-06,0.0029866411350667477
2552,0.003539751225616783,0.0033957061532419175,5.104000000000001e-06,0.0029866411350667477
2553,0.0038740432646591216,0.0035301235038787127,5.106e-06,0.0029866411350667477
2554,0.0029772807320114225,0.0029149164765840396,5.108000000000001e-06,0.0029866411350667477
2555,0.004017130006104708,0.0037717511877417564,5.110000000000001e-06,0.0029149164765840396
2556,0.0037195062323007733,0.00386037168209441,5.112e-06,0.0029149164765840396
2557,0.0036324437824077904,0.0032671911758370697,5.1140000000000005e-06,0.0029149164765840396
2558,0.0035245235194452107,0.0034969675180036575,5.116000000000001e-06,0.0029149164765840396
2559,0.0035795904113911092,0.0036851366457995027,5.118e-06,0.0029149164765840396
2560,0.003398172470042482,0.003252723574405536,5.12e-06,0.0029149164765840396
2561,0.003412175545236096,0.003715311089763418,5.122e-06,0.0029149164765840396
2562,0.0036603420157916844,0.0033579762384761125,5.124e-06,0.0029149164765840396
2563,0.003746405680431053,0.003727937815710902,5.1260000000000006e-06,0.0029149164765840396
2564,0.0036891284107696265,0.0039472927746828645,5.128000000000001e-06,0.0029149164765840396
2565,0.0033643302449490875,0.003562281170161441,5.130000000000001e-06,0.0029149164765840396
2566,0.003821599646471441,0.0038534733175765723,5.132e-06,0.0029149164765840396
2567,0.0038035001780372113,0.004213010310195386,5.134e-06,0.0029149164765840396
2568,0.00352100731106475,0.003703395981574431,5.1360000000000005e-06,0.0029149164765840396
2569,0.004058700433233753,0.003996009007096291,5.138000000000001e-06,0.0029149164765840396
2570,0.003988725191447884,0.0037226556742098182,5.14e-06,0.0029149164765840396
2571,0.003318896167911589,0.003409466677112505,5.142000000000001e-06,0.0029149164765840396
2572,0.0034516212763264775,0.003350620565470308,5.144000000000001e-06,0.0029149164765840396
2573,0.003697112697409466,0.0037181148072704673,5.146e-06,0.0029149164765840396
2574,0.003793817071709782,0.003733540652319789,5.1480000000000005e-06,0.0029149164765840396
2575,0.003418857464566827,0.003738521452760324,5.150000000000001e-06,0.0029149164765840396
2576,0.003611474036006257,0.003351219405885786,5.152e-06,0.0029149164765840396
2577,0.003653510269941762,0.003194852062733844,5.154e-06,0.0029149164765840396
2578,0.0031656853680033237,0.0035074647166766226,5.156e-06,0.0029149164765840396
2579,0.003657137422123924,0.003834099363302812,5.158e-06,0.0029149164765840396
2580,0.0035141189582645893,0.003622787509812042,5.1600000000000006e-06,0.0029149164765840396
2581,0.003476933517958969,0.0037636540073435754,5.162000000000001e-06,0.0029149164765840396
2582,0.00369382172357291,0.0037413897807709873,5.164000000000001e-06,0.0029149164765840396
2583,0.0035019846982322633,0.0035589411563705653,5.166e-06,0.0029149164765840396
2584,0.003925410594092682,0.003270880552008748,5.168e-06,0.0029149164765840396
2585,0.0037141357897780836,0.0036063940497115254,5.1700000000000005e-06,0.0029149164765840396
2586,0.0038385436055250466,0.003958166635129601,5.172000000000001e-06,0.0029149164765840396
2587,0.003998983651399612,0.003343567135743797,5.174e-06,0.0029149164765840396
2588,0.0034613227762747556,0.003730858938070014,5.176000000000001e-06,0.0029149164765840396
2589,0.0032440456852782518,0.0034244160051457584,5.178000000000001e-06,0.0029149164765840396
2590,0.003695311024785042,0.0037348272453527898,5.18e-06,0.0029149164765840396
2591,0.0035493256291374564,0.0036204884527251124,5.1820000000000005e-06,0.0029149164765840396
2592,0.0031883298070169985,0.0034992506843991578,5.184000000000001e-06,0.0029149164765840396
2593,0.0036421189142856747,0.003631716303061694,5.186e-06,0.0029149164765840396
2594,0.003266174142481759,0.0033728272246662527,5.188e-06,0.0029149164765840396
2595,0.0036789144505746663,0.003644352953415364,5.19e-06,0.0029149164765840396
2596,0.0037257960939314216,0.0037191123992670327,5.1920000000000004e-06,0.0029149164765840396
2597,0.003738340747077018,0.0035126201109960675,5.194000000000001e-06,0.0029149164765840396
2598,0.003482774831354618,0.003706762916408479,5.196000000000001e-06,0.0029149164765840396
2599,0.003260222030803561,0.0033044298470485955,5.198000000000001e-06,0.0029149164765840396
2600,0.0033468585461378098,0.003725920512806624,5.2e-06,0.0029149164765840396
2601,0.0036058583937119693,0.003312891843961552,5.202e-06,0.0029149164765840396
2602,0.0036648975510615855,0.0029994274955242872,5.2040000000000005e-06,0.0029149164765840396
2603,0.003704244300024584,0.003221757768187672,5.206e-06,0.0029149164765840396
2604,0.003998126048827544,0.0035394131555221975,5.208e-06,0.0029149164765840396
2605,0.0036798122455365956,0.003574584436137229,5.210000000000001e-06,0.0029149164765840396
2606,0.003421874687774107,0.0030924229067750275,5.212e-06,0.0029149164765840396
2607,0.0034403002937324345,0.0034978967742063105,5.214e-06,0.0029149164765840396
2608,0.003741518477909267,0.003724474285263568,5.2160000000000005e-06,0.0029149164765840396
2609,0.0034595226461533457,0.0034834381367545575,5.218000000000001e-06,0.0029149164765840396
2610,0.003229940455639735,0.0031997071346268058,5.22e-06,0.0029149164765840396
2611,0.00344491601572372,0.00371876748977229,5.222e-06,0.0029149164765840396
2612,0.003559179574949667,0.0035469267168082297,5.224e-06,0.0029149164765840396
2613,0.003651181614259258,0.0036486108147073537,5.2260000000000004e-06,0.0029149164765840396
2614,0.0034927253145724535,0.0037340516573749483,5.228000000000001e-06,0.0029149164765840396
2615,0.003245331987272948,0.0035114356433041394,5.230000000000001e-06,0.0029149164765840396
2616,0.003218461002688855,0.003031151631148532,5.232000000000001e-06,0.0029149164765840396
2617,0.0035394165024627,0.0036569990625139326,5.234e-06,0.0029149164765840396
2618,0.003222591010853648,0.003950848651584238,5.236e-06,0.0029149164765840396
2619,0.00331011027446948,0.0032329370151273906,5.2380000000000005e-06,0.0029149164765840396
2620,0.003804789070272818,0.003442473418544978,5.24e-06,0.0029149164765840396
2621,0.0032815261802170426,0.003662526170955971,5.242e-06,0.0029149164765840396
2622,0.00336774397874251,0.0034957308089360595,5.244000000000001e-06,0.0029149164765840396
2623,0.003152788063744083,0.0032147960737347603,5.246e-06,0.0029149164765840396
2624,0.003449971438385546,0.003345144825289026,5.248e-06,0.0029149164765840396
2625,0.0037418102147057652,0.003247939021093771,5.2500000000000006e-06,0.0029149164765840396
2626,0.003142697300063446,0.003084373427554965,5.252000000000001e-06,0.0029149164765840396
2627,0.003412228950764984,0.0033956925035454333,5.254e-06,0.0029149164765840396
2628,0.0029576710949186236,0.003354769170982763,5.256e-06,0.0029149164765840396
2629,0.003540608915500343,0.0034589475544635206,5.258e-06,0.0029149164765840396
2630,0.0038149544270709157,0.003466204332653433,5.2600000000000005e-06,0.0029149164765840396
2631,0.003550870547769591,0.003234906471334398,5.262000000000001e-06,0.0029149164765840396
2632,0.0034575883182697,0.0032520045060664415,5.264000000000001e-06,0.0029149164765840396
2633,0.0031392675591632724,0.003975015948526561,5.266000000000001e-06,0.0029149164765840396
2634,0.003295525151770562,0.0035789459943771362,5.268e-06,0.0029149164765840396
2635,0.003757893166039139,0.0032729064696468413,5.27e-06,0.0029149164765840396
2636,0.003296917537227273,0.0040324972360394895,5.2720000000000005e-06,0.0029149164765840396
2637,0.003767120942939073,0.0033531883091200143,5.274e-06,0.0029149164765840396
2638,0.0032849785347934812,0.0032048426510300487,5.276e-06,0.0029149164765840396
2639,0.003438458137679845,0.0034154819149989635,5.278000000000001e-06,0.0029149164765840396
2640,0.003275707334978506,0.0033625841606408358,5.28e-06,0.0029149164765840396
2641,0.0033915560925379395,0.0036919047124683857,5.282e-06,0.0029149164765840396
2642,0.0033446919405832887,0.0033996420970652252,5.2840000000000006e-06,0.0029149164765840396
2643,0.003372246981598437,0.0032437633199151605,5.286000000000001e-06,0.0029149164765840396
2644,0.0037806138570886105,0.003226724365958944,5.288e-06,0.0029149164765840396
2645,0.003774095850531012,0.003934239852242172,5.29e-06,0.0029149164765840396
2646,0.0035263332538306713,0.0035537485673557967,5.292e-06,0.0029149164765840396
2647,0.0030644546932308003,0.003203519736416638,5.2940000000000005e-06,0.0029149164765840396
2648,0.0036386258143465966,0.003578369418391958,5.296000000000001e-06,0.0029149164765840396
2649,0.003378956869710237,0.003432829340454191,5.298000000000001e-06,0.0029149164765840396
2650,0.003484593325993046,0.003234884381527081,5.300000000000001e-06,0.0029149164765840396
2651,0.003426812880206853,0.003788105968851596,5.302e-06,0.0029149164765840396
2652,0.0032966878497973084,0.0036277376348152757,5.304e-06,0.0029149164765840396
2653,0.0033259686606470495,0.0031220258097164333,5.3060000000000005e-06,0.0029149164765840396
2654,0.003057910653296858,0.00291167147224769,5.308e-06,0.0029149164765840396
2655,0.0034389832289889455,0.0030147053475957364,5.31e-06,0.00291167147224769
2656,0.00371768104378134,0.0031688464514445513,5.312000000000001e-06,0.00291167147224769
2657,0.003502743144053966,0.0031493894348386675,5.314e-06,0.00291167147224769
2658,0.0032504171831533313,0.003127707925159484,5.3160000000000004e-06,0.00291167147224769
2659,0.0035576119844336063,0.003338174254167825,5.318000000000001e-06,0.00291167147224769
2660,0.0033282574149779975,0.0032312488183379173,5.320000000000001e-06,0.00291167147224769
2661,0.002977647149236873,0.0032478217326570302,5.322e-06,0.00291167147224769
2662,0.002704424608964473,0.0037584923557005823,5.324e-06,0.00291167147224769
2663,0.0033705964451655746,0.0036445729492697865,5.326e-06,0.00291167147224769
2664,0.0034175656619481742,0.0034066727093886584,5.3280000000000005e-06,0.00291167147224769
2665,0.002990808949107304,0.003318363829748705,5.330000000000001e-06,0.00291167147224769
2666,0.0030264647502917796,0.003220681071979925,5.332000000000001e-06,0.00291167147224769
2667,0.0033562162425369024,0.003407604090170935,5.334000000000001e-06,0.00291167147224769
2668,0.002910226146923378,0.0038600836414843798,5.336e-06,0.00291167147224769
2669,0.003303519159089774,0.003495717013720423,5.338e-06,0.00291167147224769
2670,0.00297321830294095,0.0034079292963724583,5.3400000000000005e-06,0.00291167147224769
2671,0.0032748523517511785,0.003407596843317151,5.342e-06,0.00291167147224769
2672,0.0034069695393554866,0.0036004854773636907,5.344e-06,0.00291167147224769
2673,0.0037760239792987704,0.0036664645303972065,5.346000000000001e-06,0.00291167147224769
2674,0.003179652616381645,0.003316363086923957,5.348e-06,0.00291167147224769
2675,0.0037728048919234425,0.0033479886187706143,5.3500000000000004e-06,0.00291167147224769
2676,0.0034716748050414026,0.003291097586043179,5.352000000000001e-06,0.00291167147224769
2677,0.003563841833965853,0.003421811299631372,5.354000000000001e-06,0.00291167147224769
2678,0.003413922036997974,0.0030882637947797775,5.356e-06,0.00291167147224769
2679,0.0034422024327795953,0.0033559875446371734,5.358e-06,0.00291167147224769
2680,0.0029077767685521394,0.0036854220379609615,5.36e-06,0.00291167147224769
2681,0.0029549102764576674,0.003262900485424325,5.3620000000000005e-06,0.00291167147224769
2682,0.0035063438408542424,0.003048311860766262,5.364000000000001e-06,0.00291167147224769
2683,0.0036125498299952596,0.0030532118398696184,5.366000000000001e-06,0.00291167147224769
2684,0.0030707091791555285,0.0031514835718553513,5.368000000000001e-06,0.00291167147224769
2685,0.0032478445791639388,0.003624417062383145,5.37e-06,0.00291167147224769
2686,0.0037418763677123934,0.003113427839707583,5.372e-06,0.00291167147224769
2687,0.0030666119419038296,0.0034562828950583935,5.3740000000000006e-06,0.00291167147224769
2688,0.003313333698315546,0.003839152486762032,5.376e-06,0.00291167147224769
2689,0.0036758218484465033,0.00324745022226125,5.378e-06,0.00291167147224769
2690,0.0030435390362981707,0.003209334216080606,5.380000000000001e-06,0.00291167147224769
2691,0.003275486611528322,0.00338630864280276,5.382e-06,0.00291167147224769
2692,0.003388845972949639,0.0033035653177648783,5.3840000000000005e-06,0.00291167147224769
2693,0.003302165772765875,0.003546652413206175,5.386000000000001e-06,0.00291167147224769
2694,0.003088158555328846,0.0027078020793851465,5.388000000000001e-06,0.00291167147224769
2695,0.0035856926115229726,0.003514025069307536,5.39e-06,0.0027078020793851465
2696,0.003146665432723239,0.0032049788860604167,5.392e-06,0.0027078020793851465
2697,0.0033186889195349067,0.0031905767682474107,5.394e-06,0.0027078020793851465
2698,0.00328038475709036,0.003146171395201236,5.3960000000000005e-06,0.0027078020793851465
2699,0.0031394862453453243,0.0033045171294361353,5.398000000000001e-06,0.0027078020793851465
2700,0.003595252230297774,0.0028426740900613368,5.400000000000001e-06,0.0027078020793851465
2701,0.0034402903984300792,0.0037259449891280383,5.402000000000001e-06,0.0027078020793851465
2702,0.0035678694839589298,0.003130321914795786,5.404e-06,0.0027078020793851465
2703,0.0034972398716490716,0.003259035904193297,5.406e-06,0.0027078020793851465
2704,0.0035596237576100975,0.0030693655426148325,5.4080000000000006e-06,0.0027078020793851465
2705,0.003374689316842705,0.003096986096352339,5.41e-06,0.0027078020793851465
2706,0.003051957522984594,0.0027407740126363933,5.412e-06,0.0027078020793851465
2707,0.0033043021976482123,0.003700350964209065,5.414000000000001e-06,0.0027078020793851465
2708,0.0028723152936436236,0.0029643356101587415,5.416e-06,0.0027078020793851465
2709,0.0030286126129794866,0.002688165637664497,5.4180000000000005e-06,0.0027078020793851465
2710,0.003515501302899793,0.0030574047996196896,5.420000000000001e-06,0.002688165637664497
2711,0.0031021473987493664,0.003071208280744031,5.422000000000001e-06,0.002688165637664497
2712,0.0035742207837756723,0.0035542876576073468,5.424e-06,0.002688165637664497
2713,0.003117286745691672,0.0035184080770704895,5.426e-06,0.002688165637664497
2714,0.003024183737579733,0.0032519301457796246,5.428e-06,0.002688165637664497
2715,0.0029611423960886896,0.0031438318837899715,5.4300000000000005e-06,0.002688165637664497
2716,0.0030142944597173482,0.0030397555674426258,5.432000000000001e-06,0.002688165637664497
2717,0.0032630937930662185,0.003215942793758586,5.434000000000001e-06,0.002688165637664497
2718,0.0030821232649032027,0.00299327852553688,5.436e-06,0.002688165637664497
2719,0.00328962120693177,0.0032009613350965083,5.438e-06,0.002688165637664497
2720,0.003478389437077567,0.003682776354253292,5.4400000000000004e-06,0.002688165637664497
2721,0.0033361231035087258,0.003164776513585821,5.442000000000001e-06,0.002688165637664497
2722,0.003934561973437667,0.00290134601527825,5.444e-06,0.002688165637664497
2723,0.0029911396850366145,0.003175992867909372,5.446e-06,0.002688165637664497
2724,0.003514413663651794,0.0035179411061108112,5.448000000000001e-06,0.002688165637664497
2725,0.003213508112821728,0.0031345612660516053,5.45e-06,0.002688165637664497
2726,0.002854233665857464,0.0030876279924996197,5.4520000000000005e-06,0.002688165637664497
2727,0.0030570387607440352,0.0029864210810046643,5.454000000000001e-06,0.002688165637664497
2728,0.0031412857642862946,0.0031745867745485157,5.456000000000001e-06,0.002688165637664497
2729,0.002836306841345504,0.0034226767311338335,5.458e-06,0.002688165637664497
2730,0.003481031017145142,0.004093155497685075,5.46e-06,0.002688165637664497
2731,0.0033368165604770184,0.0031093794968910515,5.462e-06,0.002688165637664497
2732,0.0035000178031623363,0.003892563807312399,5.464e-06,0.002688165637664497
2733,0.0036025362787768245,0.0034744380973279476,5.466000000000001e-06,0.002688165637664497
2734,0.0032891251612454653,0.003376933978870511,5.468000000000001e-06,0.002688165637664497
2735,0.0032174890220630914,0.0031313129875343293,5.47e-06,0.002688165637664497
2736,0.0033282423100899905,0.003470512281637639,5.472e-06,0.002688165637664497
2737,0.0031066967349033803,0.0031950119882822037,5.4740000000000004e-06,0.002688165637664497
2738,0.0033666751987766474,0.0033998871804215014,5.476000000000001e-06,0.002688165637664497
2739,0.002760745497653261,0.0028561066719703376,5.478e-06,0.002688165637664497
2740,0.0031195553310681134,0.0033148949733003974,5.48e-06,0.002688165637664497
2741,0.0028462665213737637,0.003394260798813775,5.482000000000001e-06,0.002688165637664497
2742,0.003185696550644934,0.0028481882181949914,5.484e-06,0.002688165637664497
2743,0.003307005070382729,0.0029345081420615315,5.4860000000000005e-06,0.002688165637664497
2744,0.0029032684687990695,0.003371944621903822,5.488000000000001e-06,0.002688165637664497
2745,0.00331661818199791,0.0033374610356986523,5.490000000000001e-06,0.002688165637664497
2746,0.0034168521815445274,0.0033364362025167793,5.492e-06,0.002688165637664497
2747,0.002922849584138021,0.0033256591123063117,5.494e-06,0.002688165637664497
2748,0.003089587902650237,0.0031112061988096684,5.496e-06,0.002688165637664497
2749,0.0036571967357303947,0.0038340967148542404,5.498e-06,0.002688165637664497
2750,0.003407144278753549,0.0032276781857945025,5.500000000000001e-06,0.002688165637664497
2751,0.0034209816658403724,0.003147180803352967,5.502000000000001e-06,0.002688165637664497
2752,0.003481208172161132,0.00313335147802718,5.504e-06,0.002688165637664497
2753,0.0029853234882466495,0.003428770141908899,5.506e-06,0.002688165637664497
2754,0.0032667563937138766,0.0034568154951557517,5.5080000000000005e-06,0.002688165637664497
2755,0.003233723051380366,0.0031035478750709444,5.510000000000001e-06,0.002688165637664497
2756,0.003681586735183373,0.0037372088991105556,5.512e-06,0.002688165637664497
2757,0.0033657015301287174,0.003119898698059842,5.514e-06,0.002688165637664497
2758,0.0030675324669573456,0.0037007086793892086,5.516000000000001e-06,0.002688165637664497
2759,0.003359016409376636,0.0026901206583715975,5.518e-06,0.002688165637664497
2760,0.003066800069063902,0.0032228924974333495,5.5200000000000005e-06,0.002688165637664497
2761,0.00315815897192806,0.0036561007145792246,5.522000000000001e-06,0.002688165637664497
2762,0.003487949346890673,0.003143280016956851,5.524000000000001e-06,0.002688165637664497
2763,0.0028845709457527846,0.0035024577227886766,5.526e-06,0.002688165637664497
2764,0.002859194530174136,0.003199674320057966,5.528e-06,0.002688165637664497
2765,0.0031933433783706278,0.002925520369899459,5.53e-06,0.002688165637664497
2766,0.0032207890471909195,0.003139279782772064,5.532e-06,0.002688165637664497
2767,0.003084697644226253,0.003403109614737332,5.534000000000001e-06,0.002688165637664497
2768,0.0035244704922661185,0.0029434849275276065,5.536000000000001e-06,0.002688165637664497
2769,0.002918329497333616,0.003382925846381113,5.538e-06,0.002688165637664497
2770,0.003010148531757295,0.0029755966388620436,5.54e-06,0.002688165637664497
2771,0.0029069155862089247,0.003141670167678967,5.5420000000000005e-06,0.002688165637664497
2772,0.0026574601797619835,0.00345370193826966,5.544000000000001e-06,0.002688165637664497
2773,0.0033205391373485327,0.003343854972627014,5.546e-06,0.002688165637664497
2774,0.003121372894383967,0.0030793828482273966,5.548e-06,0.002688165637664497
2775,0.0032862081425264478,0.002996217110194266,5.550000000000001e-06,0.002688165637664497
2776,0.0035393874277360737,0.0029079907981213182,5.552e-06,0.002688165637664497
2777,0.0030604974599555135,0.0037615506444126368,5.5540000000000005e-06,0.002688165637664497
2778,0.0036440943367779255,0.0028629714797716588,5.556000000000001e-06,0.002688165637664497
2779,0.003437789564486593,0.002735030691837892,5.558000000000001e-06,0.002688165637664497
2780,0.0033427407033741474,0.0029974764911457896,5.56e-06,0.002688165637664497
2781,0.003071245999308303,0.0033938511041924357,5.562e-06,0.002688165637664497
2782,0.0031735547818243504,0.0033518486889079213,5.5640000000000004e-06,0.002688165637664497
2783,0.0033429808681830764,0.0036104235623497516,5.566e-06,0.002688165637664497
2784,0.0033561394666321576,0.003131248551653698,5.568000000000001e-06,0.002688165637664497
2785,0.0026354614383308217,0.003076200606301427,5.570000000000001e-06,0.002688165637664497
2786,0.0029743627237621695,0.0031813636305741966,5.572e-06,0.002688165637664497
2787,0.002954387222416699,0.003523060673614964,5.574e-06,0.002688165637664497
2788,0.0036078756966162473,0.0031806172046344727,5.5760000000000005e-06,0.002688165637664497
2789,0.003218255325919017,0.00309762847609818,5.578000000000001e-06,0.002688165637664497
2790,0.00297858176054433,0.0030885432788636535,5.58e-06,0.002688165637664497
2791,0.0033027935423888266,0.0033137773571070284,5.582e-06,0.002688165637664497
2792,0.003091046091867611,0.0026297938311472535,5.584000000000001e-06,0.002688165637664497
2793,0.0033188671222887933,0.002752016793237999,5.586e-06,0.0026297938311472535
2794,0.0029179769626352936,0.003092193976044655,5.5880000000000005e-06,0.0026297938311472535
2795,0.0034152683219872415,0.002940905833384022,5.590000000000001e-06,0.0026297938311472535
2796,0.0025324654416181147,0.0030839039536658674,5.592000000000001e-06,0.0026297938311472535
2797,0.003035655157873407,0.002849473588867113,5.594e-06,0.0026297938311472535
2798,0.0029711382230743766,0.003187256952514872,5.596e-06,0.0026297938311472535
2799,0.0032006737892515957,0.003413501341128722,5.5980000000000004e-06,0.0026297938311472535
2800,0.003024447418283671,0.0028226963622728363,5.6e-06,0.0026297938311472535
2801,0.0030066499311942607,0.003099118039244786,5.602000000000001e-06,0.0026297938311472535
2802,0.0031046294316183776,0.0030619131575804204,5.604000000000001e-06,0.0026297938311472535
2803,0.003235434473026544,0.0034417925926391035,5.606e-06,0.0026297938311472535
2804,0.002789319638395682,0.0029402470390778035,5.608e-06,0.0026297938311472535
2805,0.00259635312249884,0.003315006208140403,5.6100000000000005e-06,0.0026297938311472535
2806,0.003089489880949259,0.003297460061730817,5.612000000000001e-06,0.0026297938311472535
2807,0.0031882403418421745,0.0029889129800722003,5.614e-06,0.0026297938311472535
2808,0.0028637851064559072,0.0033378656662534922,5.616e-06,0.0026297938311472535
2809,0.003234383009839803,0.0030583024490624666,5.618000000000001e-06,0.0026297938311472535
2810,0.0030251317657530308,0.0029562382987933233,5.62e-06,0.0026297938311472535
2811,0.0027759804797824472,0.002996460738359019,5.6220000000000006e-06,0.0026297938311472535
2812,0.0032087091531138867,0.002856796345440671,5.624000000000001e-06,0.0026297938311472535
2813,0.0028392339299898595,0.003325351048260927,5.626000000000001e-06,0.0026297938311472535
2814,0.0033631336700636894,0.0029822684882674366,5.628e-06,0.0026297938311472535
2815,0.0027808436716441065,0.0035400227061472833,5.63e-06,0.0026297938311472535
2816,0.003367505792994052,0.0029740752943325788,5.6320000000000005e-06,0.0026297938311472535
2817,0.0031426014029420912,0.003236246499000117,5.634e-06,0.0026297938311472535
2818,0.0030333818576764315,0.002846904710168019,5.636000000000001e-06,0.0026297938311472535
2819,0.002913976612035185,0.003226994536817074,5.638000000000001e-06,0.0026297938311472535
2820,0.0032563930144533515,0.0029314337589312345,5.64e-06,0.0026297938311472535
2821,0.002912975149229169,0.003139804714010097,5.642e-06,0.0026297938311472535
2822,0.0030612924892921,0.003437528939684853,5.6440000000000005e-06,0.0026297938311472535
2823,0.0031524304940830916,0.0030273155571194366,5.646000000000001e-06,0.0026297938311472535
2824,0.0035215342068113387,0.0029990830516908318,5.648e-06,0.0026297938311472535
2825,0.0034773977531585842,0.0028499621839728206,5.65e-06,0.0026297938311472535
2826,0.003002066136104986,0.0028447152581065893,5.652000000000001e-06,0.0026297938311472535
2827,0.0032037051569204777,0.0031260080286301672,5.654e-06,0.0026297938311472535
2828,0.002858235384337604,0.003096154163358733,5.6560000000000006e-06,0.0026297938311472535
2829,0.003395746723981574,0.002610803087009117,5.658000000000001e-06,0.0026297938311472535
2830,0.002908255162765272,0.0032660541764926165,5.660000000000001e-06,0.002610803087009117
2831,0.0028332561923889443,0.0026612004439812154,5.662e-06,0.002610803087009117
2832,0.0030006008746568114,0.0028371338557917625,5.664e-06,0.002610803087009117
2833,0.0032456452900078148,0.002846918680006638,5.6660000000000005e-06,0.002610803087009117
2834,0.0032674923713784665,0.002954258059617132,5.668e-06,0.002610803087009117
2835,0.0029158872785046697,0.0028355190879665315,5.670000000000001e-06,0.002610803087009117
2836,0.003194130666088313,0.002898027509218082,5.672000000000001e-06,0.002610803087009117
2837,0.0027980386512354016,0.002851973462384194,5.674e-06,0.002610803087009117
2838,0.0027652984426822513,0.002687976695597172,5.676e-06,0.002610803087009117
2839,0.002904259192291647,0.002698632684769109,5.6780000000000005e-06,0.002610803087009117
2840,0.00270865744096227,0.0033492245711386204,5.680000000000001e-06,0.002610803087009117
2841,0.0032031170558184385,0.003078170120716095,5.682e-06,0.002610803087009117
2842,0.003053383406950161,0.002835365157807246,5.684e-06,0.002610803087009117
2843,0.003502198960632086,0.0026481509557925165,5.686000000000001e-06,0.002610803087009117
2844,0.003219269186956808,0.0033926086907740682,5.6880000000000004e-06,0.002610803087009117
2845,0.0028620373632293195,0.0028236870421096683,5.690000000000001e-06,0.002610803087009117
2846,0.002967832930153236,0.0033009738253895193,5.692000000000001e-06,0.002610803087009117
2847,0.00280531651515048,0.0027477492403704673,5.694e-06,0.002610803087009117
2848,0.0029212020453996956,0.0030598508601542562,5.696e-06,0.002610803087009117
2849,0.002682425343664363,0.0032366585510317236,5.698e-06,0.002610803087009117
2850,0.003446867223829031,0.002977617987198755,5.7000000000000005e-06,0.002610803087009117
2851,0.0026582752470858395,0.0031708886672277004,5.702e-06,0.002610803087009117
2852,0.003124477341771126,0.002637450903421268,5.704000000000001e-06,0.002610803087009117
2853,0.0030306526459753513,0.0033683500078041106,5.706000000000001e-06,0.002610803087009117
2854,0.002995306276716292,0.0029794641595799476,5.708e-06,0.002610803087009117
2855,0.0028489360120147467,0.00324708191328682,5.71e-06,0.002610803087009117
2856,0.002917596430052072,0.0038546411087736487,5.7120000000000005e-06,0.002610803087009117
2857,0.002877036720747128,0.0030425138829741627,5.714000000000001e-06,0.002610803087009117
2858,0.0032314218988176435,0.0032611561473459005,5.716e-06,0.002610803087009117
2859,0.0034457199508324265,0.003531849884893745,5.718e-06,0.002610803087009117
2860,0.0032900933001656085,0.0031953718862496316,5.720000000000001e-06,0.002610803087009117
2861,0.003094237297773361,0.002788322977721691,5.7220000000000004e-06,0.002610803087009117
2862,0.0030014658259460703,0.0028727977187372744,5.724000000000001e-06,0.002610803087009117
2863,0.0029555083601735532,0.003206998255336657,5.726000000000001e-06,0.002610803087009117
2864,0.0032729097874835134,0.0026441980444360524,5.728e-06,0.002610803087009117
2865,0.002803892464726232,0.002843521215254441,5.73e-06,0.002610803087009117
2866,0.0030477270192932338,0.0031098510953597724,5.732e-06,0.002610803087009117
2867,0.003174786310410127,0.0029104774293955415,5.7340000000000005e-06,0.002610803087009117
2868,0.003219954000087455,0.002693464048206806,5.736e-06,0.002610803087009117
2869,0.0030018301331438124,0.003026190184755251,5.738000000000001e-06,0.002610803087009117
2870,0.00299441086826846,0.0035347137600183487,5.740000000000001e-06,0.002610803087009117
2871,0.0030533053795807064,0.002904795837821439,5.742e-06,0.002610803087009117
2872,0.002800477610435337,0.0029959917010273784,5.744e-06,0.002610803087009117
2873,0.0027181930490769446,0.0025998446508310735,5.7460000000000006e-06,0.002610803087009117
2874,0.0030044564337003976,0.003127670817775652,5.748000000000001e-06,0.0025998446508310735
2875,0.002923107735114172,0.0026456970372237265,5.75e-06,0.0025998446508310735
2876,0.0030331933812703937,0.0030877221433911473,5.752e-06,0.0025998446508310735
2877,0.0029107577283866704,0.003129362885374576,5.754000000000001e-06,0.0025998446508310735
2878,0.0026539470127318054,0.0029260074661578983,5.7560000000000005e-06,0.0025998446508310735
2879,0.003239147976273671,0.0032252054661512375,5.758000000000001e-06,0.0025998446508310735
2880,0.0027235361048951745,0.0028127459227107465,5.760000000000001e-06,0.0025998446508310735
2881,0.00284820151864551,0.0034322182182222605,5.762e-06,0.0025998446508310735
2882,0.002849476528353989,0.0028940039774170145,5.764e-06,0.0025998446508310735
2883,0.0035826665407512337,0.0031266609439626336,5.766e-06,0.0025998446508310735
2884,0.0028660589596256614,0.0031487044761888683,5.7680000000000005e-06,0.0025998446508310735
2885,0.0030204119393602014,0.0032493776525370777,5.77e-06,0.0025998446508310735
2886,0.0027944527537329122,0.0030537070997525007,5.772000000000001e-06,0.0025998446508310735
2887,0.0028514183941297233,0.0029728922236245126,5.774000000000001e-06,0.0025998446508310735
2888,0.0029523262928705662,0.0027710084832506254,5.776e-06,0.0025998446508310735
2889,0.0026224826578982174,0.0027716637850971892,5.778e-06,0.0025998446508310735
2890,0.0025904649373842403,0.0031163692474365234,5.7800000000000006e-06,0.0025998446508310735
2891,0.002881746622733772,0.0026378412876510993,5.782000000000001e-06,0.0025998446508310735
2892,0.003001419361680746,0.0027651350828818977,5.784e-06,0.0025998446508310735
2893,0.0025711442285683006,0.0030841599800623953,5.786e-06,0.0025998446508310735
2894,0.002905154920881614,0.0025137397169601172,5.788000000000001e-06,0.0025998446508310735
2895,0.0023458923678845167,0.0029190864879637957,5.7900000000000005e-06,0.0025137397169601172
2896,0.0028615247283596545,0.0031581544026266783,5.792000000000001e-06,0.0025137397169601172
2897,0.003424321039346978,0.0033461556886322796,5.794000000000001e-06,0.0025137397169601172
2898,0.002944912324892357,0.002848179079592228,5.796e-06,0.0025137397169601172
2899,0.002706337400013581,0.002878418526961468,5.798e-06,0.0025137397169601172
2900,0.002666772052180022,0.0030495095415972173,5.8e-06,0.0025137397169601172
2901,0.0027352606994099915,0.002785845979815349,5.8020000000000005e-06,0.0025137397169601172
2902,0.0029082641267450526,0.0031752163195051253,5.804e-06,0.0025137397169601172
2903,0.002480379567714408,0.0027509618375916034,5.806000000000001e-06,0.0025137397169601172
2904,0.0027541664021555334,0.002898052742239088,5.808000000000001e-06,0.0025137397169601172
2905,0.0029892370221205056,0.002996725932462141,5.81e-06,0.0025137397169601172
2906,0.003080970956943929,0.003440127009525895,5.8120000000000004e-06,0.0025137397169601172
2907,0.002771938030491583,0.0028116415487602353,5.814000000000001e-06,0.0025137397169601172
2908,0.0029363272478803992,0.0029440161597449332,5.816000000000001e-06,0.0025137397169601172
2909,0.002660033613210544,0.002925306136603467,5.818e-06,0.0025137397169601172
2910,0.002730747713940218,0.002618201353470795,5.82e-06,0.0025137397169601172
2911,0.002462771735736169,0.002658284967765212,5.822000000000001e-06,0.0025137397169601172
2912,0.0033611955877859145,0.002827464195434004,5.8240000000000005e-06,0.0025137397169601172
2913,0.0028501650667749345,0.002679248893400654,5.826000000000001e-06,0.0025137397169601172
2914,0.0024913010420277715,0.0032254045945592225,5.828000000000001e-06,0.0025137397169601172
2915,0.0031275875808205456,0.0032132247579284012,5.83e-06,0.0025137397169601172
2916,0.002993915812112391,0.0030622702033724636,5.832e-06,0.0025137397169601172
2917,0.0026806249807123095,0.002546077565057203,5.834e-06,0.0025137397169601172
2918,0.002704160928260535,0.003064777876716107,5.8360000000000005e-06,0.0025137397169601172
2919,0.0029054948536213487,0.0030570380913559347,5.838e-06,0.0025137397169601172
2920,0.00289602589327842,0.00287567573832348,5.840000000000001e-06,0.0025137397169601172
2921,0.0027196921728318557,0.0025267639430239797,5.842000000000001e-06,0.0025137397169601172
2922,0.002601752494229004,0.002788673125905916,5.844e-06,0.0025137397169601172
2923,0.0030698240152560174,0.00291657613706775,5.8460000000000004e-06,0.0025137397169601172
2924,0.0035274710098747164,0.003702677524415776,5.848000000000001e-06,0.0025137397169601172
2925,0.0029711075767409056,0.0023589273332618177,5.850000000000001e-06,0.0025137397169601172
2926,0.0027982908650301397,0.0029159455152694136,5.852e-06,0.0023589273332618177
2927,0.0026917197392322123,0.0022264190047280863,5.854e-06,0.0023589273332618177
2928,0.0031365268223453313,0.0031373125093523413,5.856000000000001e-06,0.0022264190047280863
2929,0.0031492106209043413,0.0029455747426254675,5.8580000000000005e-06,0.0022264190047280863
2930,0.003248946712119505,0.0029469032015185803,5.860000000000001e-06,0.0022264190047280863
2931,0.002676807518582791,0.0028966883255634457,5.862000000000001e-06,0.0022264190047280863
2932,0.0031838516297284514,0.0033327770070172846,5.864e-06,0.0022264190047280863
2933,0.0027192530396860093,0.002832508384017274,5.866e-06,0.0022264190047280863
2934,0.002377392229391262,0.002841391833499074,5.868e-06,0.0022264190047280863
2935,0.0029212897934485227,0.0030530375661328435,5.8700000000000005e-06,0.0022264190047280863
2936,0.0028657563671004027,0.0031386814662255347,5.872e-06,0.0022264190047280863
2937,0.002926003930042498,0.0028538263868540525,5.874000000000001e-06,0.0022264190047280863
2938,0.0028202941466588527,0.0026521355321165174,5.876000000000001e-06,0.0022264190047280863
2939,0.0030661608034279197,0.0028978862974327058,5.878e-06,0.0022264190047280863
2940,0.0026742761838249862,0.0029309674573596567,5.8800000000000005e-06,0.0022264190047280863
2941,0.0027672366122715175,0.0029287220386322588,5.882000000000001e-06,0.0022264190047280863
2942,0.0030670791456941515,0.0029567500459961593,5.884000000000001e-06,0.0022264190047280863
2943,0.003194682445609942,0.0029116426885593683,5.886e-06,0.0022264190047280863
2944,0.00288735656067729,0.0028537649486679584,5.888e-06,0.0022264190047280863
2945,0.0030938089767005295,0.0026020092918770388,5.890000000000001e-06,0.0022264190047280863
2946,0.0026256001874571666,0.002909175760578364,5.8920000000000005e-06,0.0022264190047280863
2947,0.0033509531494928524,0.0029838555492460728,5.894000000000001e-06,0.0022264190047280863
2948,0.002958964672870934,0.002637963232700713,5.896000000000001e-06,0.0022264190047280863
2949,0.0027815574721898884,0.003016968781594187,5.898e-06,0.0022264190047280863
2950,0.002446751357638277,0.0030739156645722687,5.9e-06,0.0022264190047280863
2951,0.002842639427399263,0.002870985641493462,5.902e-06,0.0022264190047280863
2952,0.002883146604290232,0.0025828775396803394,5.9040000000000006e-06,0.0022264190047280863
2953,0.0028974492015549913,0.002343494852539152,5.906e-06,0.0022264190047280863
2954,0.00292752668610774,0.002741135613177903,5.908000000000001e-06,0.0022264190047280863
2955,0.0027818137605208904,0.0031966678507160395,5.910000000000001e-06,0.0022264190047280863
2956,0.002786044031381607,0.002745805773884058,5.912e-06,0.0022264190047280863
2957,0.0030110731458989903,0.0028206708811922,5.9140000000000005e-06,0.0022264190047280863
2958,0.0028169059223728254,0.002790179307339713,5.916000000000001e-06,0.0022264190047280863
2959,0.002985185565194115,0.0025384166510775685,5.918e-06,0.0022264190047280863
2960,0.003107710654148832,0.0030115300905890763,5.92e-06,0.0022264190047280863
2961,0.0029059575172141194,0.0027797999209724367,5.922e-06,0.0022264190047280863
2962,0.003263785329181701,0.0027292334125377238,5.924e-06,0.0022264190047280863
2963,0.002640341335791163,0.0030122542229946703,5.9260000000000005e-06,0.0022264190047280863
2964,0.00301545430556871,0.0028074693109374493,5.928000000000001e-06,0.0022264190047280863
2965,0.0027341835375409573,0.0025392125826328993,5.930000000000001e-06,0.0022264190047280863
2966,0.002624056884087622,0.002956435811938718,5.932e-06,0.0022264190047280863
2967,0.002512390448828228,0.0031285203294828534,5.934e-06,0.0022264190047280863
2968,0.002975319162942469,0.0030259732739068568,5.9360000000000004e-06,0.0022264190047280863
2969,0.0026950711908284575,0.0029509006126318127,5.9380000000000006e-06,0.0022264190047280863
2970,0.002568626034189947,0.0027950936928391457,5.94e-06,0.0022264190047280863
2971,0.002625388326123357,0.002500761445844546,5.942000000000001e-06,0.0022264190047280863
2972,0.0032718074799049646,0.0027263821830274537,5.944000000000001e-06,0.0022264190047280863
2973,0.0027704615640686825,0.0028586771804839373,5.946e-06,0.0022264190047280863
2974,0.0026648754137568176,0.0026088526792591438,5.9480000000000005e-06,0.0022264190047280863
2975,0.0027845492149936035,0.00290028442395851,5.950000000000001e-06,0.0022264190047280863
2976,0.0031656824867241085,0.0031031895196065307,5.952e-06,0.0022264190047280863
2977,0.0031200811790768057,0.0027041542052756995,5.954e-06,0.0022264190047280863
2978,0.0029863477393519133,0.003287238097982481,5.956e-06,0.0022264190047280863
2979,0.002897066413424909,0.002934475109213963,5.958e-06,0.0022264190047280863
2980,0.002777597837848589,0.002824596856953576,5.9600000000000005e-06,0.0022264190047280863
2981,0.0026395184686407447,0.0028430396923795342,5.962000000000001e-06,0.0022264190047280863
2982,0.0024708851997274905,0.00271715440612752,5.964000000000001e-06,0.0022264190047280863
2983,0.0026769695396069437,0.002761423878837377,5.966e-06,0.0022264190047280863
2984,0.002835899867932312,0.003014020505361259,5.968e-06,0.0022264190047280863
2985,0.0027276985347270966,0.0031795274990145117,5.9700000000000004e-06,0.0022264190047280863
2986,0.0030566161731258035,0.002799231850076467,5.972000000000001e-06,0.0022264190047280863
2987,0.0031215433264151216,0.0030098384886514395,5.974e-06,0.0022264190047280863
2988,0.0030868501344230026,0.0026606885076034814,5.976000000000001e-06,0.0022264190047280863
2989,0.002656234020832926,0.0026552748604444787,5.978000000000001e-06,0.0022264190047280863
2990,0.0028345094178803265,0.003288968262495473,5.98e-06,0.0022264190047280863
2991,0.0029285818891366944,0.002670104819117114,5.9820000000000005e-06,0.0022264190047280863
2992,0.0026805676898220554,0.0030301923252409324,5.984000000000001e-06,0.0022264190047280863
2993,0.002939968660939485,0.003062599804252386,5.986e-06,0.0022264190047280863
2994,0.003155905695166439,0.0033501084544695914,5.988e-06,0.0022264190047280863
2995,0.002827412827173248,0.0027726542321033776,5.99e-06,0.0022264190047280863
2996,0.002561660687206313,0.0026340561598772183,5.992e-06,0.0022264190047280863
2997,0.002432514665997587,0.0030309393478091806,5.9940000000000005e-06,0.0022264190047280863
2998,0.00310013466514647,0.002862137946067378,5.996000000000001e-06,0.0022264190047280863
2999,0.0025501928030280396,0.0027781169046647847,5.998000000000001e-06,0.0022264190047280863
3000,0.0026732258847914636,0.002418683041469194,6e-06,0.0022264190047280863
3001,0.0025444047641940415,0.0027496032998897135,6.002e-06,0.0022264190047280863
3002,0.0029827008838765323,0.0025073005381273106,6.0040000000000005e-06,0.0022264190047280863
3003,0.0026343062927480787,0.0025047313538379967,6.006000000000001e-06,0.0022264190047280863
3004,0.0025041727640200406,0.0028015295101795346,6.008e-06,0.0022264190047280863
3005,0.0026014622417278588,0.0028412510582711548,6.010000000000001e-06,0.0022264190047280863
3006,0.002507258264813572,0.002719367970712483,6.012000000000001e-06,0.0022264190047280863
3007,0.0027739974320866168,0.003079887799685821,6.014e-06,0.0022264190047280863
3008,0.0028352698718663305,0.0023163224541349337,6.0160000000000005e-06,0.0022264190047280863
3009,0.0024479630519635975,0.0025606354465708137,6.018000000000001e-06,0.0022264190047280863
3010,0.0028759973065461963,0.0030475477688014507,6.02e-06,0.0022264190047280863
3011,0.0028712103085126728,0.0027616630832199007,6.022e-06,0.0022264190047280863
3012,0.0029951984179206192,0.0026831464492715895,6.024e-06,0.0022264190047280863
3013,0.0028560309729073197,0.0030773468752158806,6.026e-06,0.0022264190047280863
3014,0.002759936498478055,0.0027780645759776235,6.0280000000000006e-06,0.0022264190047280863
3015,0.002906559413531795,0.0026606483734212816,6.030000000000001e-06,0.0022264190047280863
3016,0.0027975477278232574,0.0030490600038319826,6.032000000000001e-06,0.0022264190047280863
3017,0.0027440498961368576,0.0028138042835053056,6.034e-06,0.0022264190047280863
3018,0.0027918185805901885,0.003299910167697817,6.036e-06,0.0022264190047280863
3019,0.0032318897428922355,0.002647456160048023,6.0380000000000005e-06,0.0022264190047280863
3020,0.0031537583854515105,0.0029880444053560495,6.040000000000001e-06,0.0022264190047280863
3021,0.0027091048104921356,0.003003443591296673,6.042e-06,0.0022264190047280863
3022,0.0027085863112006336,0.0023090904142009094,6.044000000000001e-06,0.0022264190047280863
3023,0.002639225422171876,0.0025239560927730054,6.046000000000001e-06,0.0022264190047280863
3024,0.0027929967181989923,0.0024496026017004624,6.048e-06,0.0022264190047280863
3025,0.0025635473430156708,0.0028390253137331456,6.0500000000000005e-06,0.0022264190047280863
3026,0.002866918803192675,0.0025461795448791236,6.052000000000001e-06,0.0022264190047280863
3027,0.002836558152921498,0.0028969732811674476,6.054e-06,0.0022264190047280863
3028,0.002841482521034777,0.0026889843866229057,6.056e-06,0.0022264190047280863
3029,0.002484040625859052,0.002689715940505266,6.058e-06,0.0022264190047280863
3030,0.002548939941334538,0.0024941126466728747,6.0600000000000004e-06,0.0022264190047280863
3031,0.0026588197943056002,0.002842308982508257,6.0620000000000006e-06,0.0022264190047280863
3032,0.002822425711201504,0.0023866160336183384,6.064000000000001e-06,0.0022264190047280863
3033,0.0026038900250568986,0.0026328970270697027,6.066000000000001e-06,0.0022264190047280863
3034,0.0025697529927128926,0.00282397962291725,6.068e-06,0.0022264190047280863
3035,0.002667539840331301,0.0026938807568512857,6.07e-06,0.0022264190047280863
3036,0.002460193310980685,0.002664871120941825,6.0720000000000005e-06,0.0022264190047280863
3037,0.0026660784205887467,0.003152746387058869,6.074000000000001e-06,0.0022264190047280863
3038,0.002810631034662947,0.002699015734833665,6.076e-06,0.0022264190047280863
3039,0.0031109693518374115,0.002663617313373834,6.078000000000001e-06,0.0022264190047280863
3040,0.0024183069181162864,0.0025833546242211014,6.080000000000001e-06,0.0022264190047280863
3041,0.0026786577072925866,0.0026519294769968837,6.082e-06,0.0022264190047280863
3042,0.002741692995186895,0.002679677854757756,6.0840000000000005e-06,0.0022264190047280863
3043,0.0028486954688560218,0.0022998389176791534,6.086000000000001e-06,0.0022264190047280863
3044,0.00276432276587002,0.0026377953763585538,6.088e-06,0.0022264190047280863
3045,0.0026042143144877627,0.0024392409541178495,6.09e-06,0.0022264190047280863
3046,0.0026764325302792713,0.0028795636899303645,6.092e-06,0.0022264190047280863
3047,0.002789477672195062,0.002658464916748926,6.0940000000000004e-06,0.0022264190047280863
3048,0.002598921550088562,0.002856226434232667,6.096000000000001e-06,0.0022264190047280863
3049,0.0027912702644243836,0.0027965109911747277,6.098000000000001e-06,0.0022264190047280863
3050,0.0029299762391019613,0.0032362542406190187,6.100000000000001e-06,0.0022264190047280863
3051,0.0026178538391832262,0.0030982796743046492,6.102e-06,0.0022264190047280863
3052,0.002798044282826595,0.003047130099730566,6.104e-06,0.0022264190047280863
3053,0.002775406028376892,0.0026605415041558444,6.1060000000000005e-06,0.0022264190047280863
3054,0.002873140387237072,0.0028671503823716193,6.108000000000001e-06,0.0022264190047280863
3055,0.00272900759591721,0.0028478980530053377,6.11e-06,0.0022264190047280863
3056,0.002579167630756274,0.002549820943386294,6.112000000000001e-06,0.0022264190047280863
3057,0.0028369178471621126,0.0027587797230808064,6.114000000000001e-06,0.0022264190047280863
3058,0.0026759519532788545,0.0031436175340786576,6.116e-06,0.0022264190047280863
3059,0.0026096042420249432,0.0026320901524741203,6.1180000000000005e-06,0.0022264190047280863
3060,0.0025186142447637394,0.002585626905784011,6.120000000000001e-06,0.0022264190047280863
3061,0.002664908970473334,0.002603280547191389,6.122e-06,0.0022264190047280863
3062,0.0029658929706783965,0.00304160887026228,6.124e-06,0.0022264190047280863
3063,0.002759178023552522,0.0024336045898962766,6.126e-06,0.0022264190047280863
3064,0.0028931854176335037,0.0028330204368103296,6.1280000000000005e-06,0.0022264190047280863
3065,0.0028621255478356034,0.002627172594657168,6.130000000000001e-06,0.0022264190047280863
3066,0.0028325101011432707,0.0026199236745014787,6.132000000000001e-06,0.0022264190047280863
3067,0.002635382494190708,0.0026669591170502827,6.134000000000001e-06,0.0022264190047280863
3068,0.0027742624224629253,0.0027973215765086934,6.136e-06,0.0022264190047280863
3069,0.0028586549742612988,0.0029498900985345244,6.138e-06,0.0022264190047280863
3070,0.0029783425416098908,0.0026116064400412142,6.1400000000000005e-06,0.0022264190047280863
3071,0.002496810906450264,0.002517546701710671,6.142000000000001e-06,0.0022264190047280863
3072,0.0028984998643863946,0.0029989989707246423,6.144000000000001e-06,0.0022264190047280863
3073,0.0024931945372372866,0.0024678822373971343,6.146000000000001e-06,0.0022264190047280863
3074,0.0028864809428341687,0.0027757097559515387,6.148000000000001e-06,0.0022264190047280863
3075,0.002636211778735742,0.002535983978305012,6.15e-06,0.0022264190047280863
3076,0.0028313872317085043,0.0027255467721261084,6.1520000000000006e-06,0.0022264190047280863
3077,0.002730721273110248,0.00312817539088428,6.154000000000001e-06,0.0022264190047280863
3078,0.0030819483508821577,0.0023899357474874705,6.156e-06,0.0022264190047280863
3079,0.0029795139853376895,0.00305330625269562,6.158e-06,0.0022264190047280863
3080,0.0025114871095865965,0.0028042065241606906,6.16e-06,0.0022264190047280863
3081,0.0022561264922842383,0.002630313334520906,6.1620000000000005e-06,0.0022264190047280863
3082,0.0028379859286360443,0.0030668477702420205,6.164000000000001e-06,0.0022264190047280863
3083,0.0029289585072547197,0.00259987564641051,6.166000000000001e-06,0.0022264190047280863
3084,0.0024562890030210838,0.0030175685533322394,6.168000000000001e-06,0.0022264190047280863
3085,0.002766734571196139,0.0024516159028280526,6.17e-06,0.0022264190047280863
3086,0.0028289705369388685,0.0024500436265952885,6.172e-06,0.0022264190047280863
3087,0.0026133017672691494,0.0025032809644471854,6.1740000000000005e-06,0.0022264190047280863
3088,0.002632290983456187,0.0023302575573325157,6.176e-06,0.0022264190047280863
3089,0.002684367063920945,0.002563869857112877,6.178000000000001e-06,0.0022264190047280863
3090,0.0022910528496140614,0.002744149009231478,6.180000000000001e-06,0.0022264190047280863
3091,0.0022712365753250197,0.0025859696470433846,6.182e-06,0.0022264190047280863
3092,0.002589431853266433,0.0029415542376227677,6.184e-06,0.0022264190047280863
3093,0.0025846976786851883,0.0027509439387358725,6.1860000000000006e-06,0.0022264190047280863
3094,0.0029269664373714477,0.0026507598377065733,6.188000000000001e-06,0.0022264190047280863
3095,0.0026516718935454264,0.0029202763689681888,6.19e-06,0.0022264190047280863
3096,0.0024498449929524213,0.003211311632185243,6.192e-06,0.0022264190047280863
3097,0.0028643546102102846,0.002512168706743978,6.194e-06,0.0022264190047280863
3098,0.002669376670382917,0.0025600774097256362,6.1960000000000005e-06,0.0022264190047280863
3099,0.0027974170225206763,0.0027168561064172536,6.198000000000001e-06,0.0022264190047280863
3100,0.0024868673062883317,0.0024463823065161705,6.200000000000001e-06,0.0022264190047280863
3101,0.0024448173644486815,0.0029936758510302752,6.202000000000001e-06,0.0022264190047280863
3102,0.0026202527224086225,0.0025940159684978426,6.204e-06,0.0022264190047280863
3103,0.003083240531850606,0.0025895592843880877,6.206e-06,0.0022264190047280863
3104,0.0026116691587958485,0.0029775600705761462,6.2080000000000005e-06,0.0022264190047280863
3105,0.0030063884041737765,0.002609479532111436,6.21e-06,0.0022264190047280863
3106,0.0027727599517675117,0.0024432685459032655,6.212000000000001e-06,0.0022264190047280863
3107,0.0028063554782420397,0.00225582106213551,6.214000000000001e-06,0.0022264190047280863
3108,0.0022454029094660655,0.0024691747967153788,6.216e-06,0.0022264190047280863
3109,0.002674846531590447,0.0025964398228097707,6.2180000000000004e-06,0.0022264190047280863
3110,0.0027237641625106335,0.0027657646569423378,6.220000000000001e-06,0.0022264190047280863
3111,0.002808300676406361,0.002272868950967677,6.222000000000001e-06,0.0022264190047280863
3112,0.0026245418121106923,0.0024981944443425164,6.224e-06,0.0022264190047280863
3113,0.003067281941184774,0.002560637367423624,6.226e-06,0.0022264190047280863
3114,0.0024281210644403473,0.0028192116151330993,6.228e-06,0.0022264190047280863
3115,0.002445320540573448,0.002604366367449984,6.2300000000000005e-06,0.0022264190047280863
3116,0.0025635550264269114,0.002658357232576236,6.232000000000001e-06,0.0022264190047280863
3117,0.002604258625069633,0.0024571803078288212,6.234000000000001e-06,0.0022264190047280863
3118,0.0032689319050405174,0.0024368945305468515,6.236000000000001e-06,0.0022264190047280863
3119,0.0025795435503823683,0.0025375497061759233,6.238e-06,0.0022264190047280863
3120,0.0025977007462643087,0.0026255709381075576,6.24e-06,0.0022264190047280863
3121,0.0023928135342430323,0.00231434938905295,6.2420000000000005e-06,0.0022264190047280863
3122,0.0030682145443279296,0.00247419104562141,6.244e-06,0.0022264190047280863
3123,0.0026799545012181625,0.002520525304134935,6.246000000000001e-06,0.0022264190047280863
3124,0.002764006523648277,0.0023096344229998067,6.248000000000001e-06,0.0022264190047280863
3125,0.0025250686157960445,0.0028222639521118253,6.25e-06,0.0022264190047280863
3126,0.0025941931671695784,0.0029580283880932257,6.2520000000000004e-06,0.0022264190047280863
3127,0.0025094995216932148,0.002840793749783188,6.254e-06,0.0022264190047280863
3128,0.0024687585537321866,0.0026867044653045014,6.256000000000001e-06,0.0022264190047280863
3129,0.0025766727776499465,0.0029996345983818173,6.258000000000001e-06,0.0022264190047280863
3130,0.00278361163509544,0.002466810357873328,6.26e-06,0.0022264190047280863
3131,0.0026111887709703296,0.002823895396431908,6.262000000000001e-06,0.0022264190047280863
3132,0.0027843883726745844,0.003148469957523048,6.2640000000000005e-06,0.0022264190047280863
3133,0.0027594425482675433,0.0024427984753856435,6.266000000000001e-06,0.0022264190047280863
3134,0.0029666374321095645,0.0026890896406257525,6.268e-06,0.0022264190047280863
3135,0.002290097967488691,0.0028132802981417626,6.270000000000001e-06,0.0022264190047280863
3136,0.002519658941309899,0.0028078609611839056,6.272000000000001e-06,0.0022264190047280863
3137,0.0027484090824145824,0.002716190356295556,6.274e-06,0.0022264190047280863
3138,0.002616726153064519,0.0028666906582657248,6.276000000000001e-06,0.0022264190047280863
3139,0.0026672921667341143,0.002562073350418359,6.278e-06,0.0022264190047280863
3140,0.0025958206388168037,0.0026063809636980295,6.280000000000001e-06,0.0022264190047280863
3141,0.0030439633410423994,0.0027064252935815603,6.282e-06,0.0022264190047280863
3142,0.0027832278865389526,0.002550477991462685,6.284e-06,0.0022264190047280863
3143,0.002979311248054728,0.0023632182565052062,6.286e-06,0.0022264190047280863
3144,0.0028804550820495933,0.0025239834212698042,6.288000000000001e-06,0.0022264190047280863
3145,0.002517893968615681,0.00239092945412267,6.290000000000001e-06,0.0022264190047280863
3146,0.0025798819842748344,0.0025943982473108917,6.292e-06,0.0022264190047280863
3147,0.003032081454875879,0.0030088555940892547,6.294000000000001e-06,0.0022264190047280863
3148,0.0024714389292057604,0.00263670994900167,6.296e-06,0.0022264190047280863
3149,0.0027160582540091127,0.0021149381063878536,6.2980000000000005e-06,0.0022264190047280863
3150,0.002430422813631594,0.0024601355398772284,6.3e-06,0.0021149381063878536
3151,0.002920516562880948,0.0025329765921924263,6.302000000000001e-06,0.0021149381063878536
3152,0.0025843704352155328,0.0024290683068102226,6.304e-06,0.0021149381063878536
3153,0.0022572379239136353,0.002523526651202701,6.306e-06,0.0021149381063878536
3154,0.00264082191279158,0.002458926275721751,6.308000000000001e-06,0.0021149381063878536
3155,0.0024886412284104154,0.0025073712749872357,6.3100000000000006e-06,0.0021149381063878536
3156,0.0021611499250866473,0.00261612341273576,6.312000000000001e-06,0.0021149381063878536
3157,0.002583226072601974,0.002691620582481846,6.314e-06,0.0021149381063878536
3158,0.0027218382456339896,0.0021219091868260875,6.316000000000001e-06,0.0021149381063878536
3159,0.002566404509707354,0.0026450369914527982,6.318e-06,0.0021149381063878536
3160,0.0025059848121600226,0.002416678558802232,6.3200000000000005e-06,0.0021149381063878536
3161,0.0024882787256501615,0.002874155150493607,6.322e-06,0.0021149381063878536
3162,0.0025591622397769243,0.002795158827211708,6.324000000000001e-06,0.0021149381063878536
3163,0.0026875033654505387,0.0026276786520611495,6.326000000000001e-06,0.0021149381063878536
3164,0.002573724719695747,0.002516626409487799,6.328e-06,0.0021149381063878536
3165,0.0026633570960257202,0.002418283707811497,6.330000000000001e-06,0.0021149381063878536
3166,0.0026470153825357556,0.0024603043566457927,6.3320000000000005e-06,0.0021149381063878536
3167,0.002346309440326877,0.0026323616912122816,6.334000000000001e-06,0.0021149381063878536
3168,0.003001998149557039,0.0024007894098758698,6.336e-06,0.0021149381063878536
3169,0.002756819929345511,0.0028434304986149073,6.338000000000001e-06,0.0021149381063878536
3170,0.002666365835466422,0.002693221904337406,6.340000000000001e-06,0.0021149381063878536
3171,0.002678020333405584,0.0021433781512314454,6.3420000000000004e-06,0.0021149381063878536
3172,0.0024448504846077412,0.002232948929304257,6.3440000000000014e-06,0.0021149381063878536
3173,0.002376665608608164,0.002518367880838923,6.346e-06,0.0021149381063878536
3174,0.0025446569197811186,0.0023558435059385374,6.348000000000001e-06,0.0021149381063878536
3175,0.0027467399486340582,0.0026433717575855553,6.35e-06,0.0021149381063878536
3176,0.0025820508162723854,0.003109792829491198,6.352e-06,0.0021149381063878536
3177,0.0024928180791903287,0.0027003091818187386,6.354e-06,0.0021149381063878536
3178,0.002687274813069962,0.0024555950658395886,6.356000000000001e-06,0.0021149381063878536
3179,0.0023618421546416357,0.0025798496353672817,6.358000000000001e-06,0.0021149381063878536
3180,0.002317555437912233,0.002931964030722156,6.36e-06,0.0021149381063878536
3181,0.002587123555713333,0.0026385446544736624,6.362000000000001e-06,0.0021149381063878536
3182,0.0025452562258578837,0.00234497754718177,6.364e-06,0.0021149381063878536
3183,0.002510733000235632,0.002353325515286997,6.3660000000000005e-06,0.0021149381063878536
3184,0.002952918817754835,0.002432138833682984,6.368e-06,0.0021149381063878536
3185,0.0027525135228643194,0.002687456872081384,6.370000000000001e-06,0.0021149381063878536
3186,0.002448437429848127,0.0025264369032811373,6.372e-06,0.0021149381063878536
3187,0.002828072232659906,0.002545500741689466,6.374e-06,0.0021149381063878536
3188,0.0024894756206776947,0.002718395960982889,6.376000000000001e-06,0.0021149381063878536
3189,0.0026531118637649342,0.0028264888387639076,6.378000000000001e-06,0.0021149381063878536
3190,0.002685831190319732,0.0022804055333836004,6.380000000000001e-06,0.0021149381063878536
3191,0.0026118607202079147,0.0025970988208428025,6.382e-06,0.0021149381063878536
3192,0.0029540715331677347,0.0027316489431541413,6.384000000000001e-06,0.0021149381063878536
3193,0.0024032978690229356,0.0024108919460559264,6.386e-06,0.0021149381063878536
3194,0.002595779689727351,0.0027338237705407664,6.3880000000000005e-06,0.0021149381063878536
3195,0.002914373151725158,0.0028135601023677737,6.39e-06,0.0021149381063878536
3196,0.0032199455599766225,0.002376953125349246,6.392000000000001e-06,0.0021149381063878536
3197,0.0027635689330054447,0.002725963684497401,6.394000000000001e-06,0.0021149381063878536
3198,0.0025790210638660938,0.0023336568410741165,6.396e-06,0.0021149381063878536
3199,0.0027530004153959453,0.002422948891762644,6.398000000000001e-06,0.0021149381063878536
3200,0.002446375772706233,0.0025682788400445133,6.4e-06,0.0021149381063878536
3201,0.00271007556875702,0.0025837767170742154,6.402000000000001e-06,0.0021149381063878536
3202,0.002481213625287637,0.0026034690090455115,6.404e-06,0.0021149381063878536
3203,0.0024496738624293357,0.0024541863094782457,6.406e-06,0.0021149381063878536
3204,0.0030750190489925444,0.0022415251296479255,6.408000000000001e-06,0.0021149381063878536
3205,0.0025541334762237966,0.0026360536576248705,6.4100000000000005e-06,0.0021149381063878536
3206,0.002308965486008674,0.002803904702886939,6.412000000000001e-06,0.0021149381063878536
3207,0.0024191464472096413,0.002383211685810238,6.414e-06,0.0021149381063878536
3208,0.002572623110609129,0.002375247495365329,6.416000000000001e-06,0.0021149381063878536
3209,0.002580301690613851,0.003105460637016222,6.418e-06,0.0021149381063878536
3210,0.002342890205909498,0.0024103138857753947,6.42e-06,0.0021149381063878536
3211,0.0028805604961235076,0.0026049592124763876,6.422e-06,0.0021149381063878536
3212,0.0026165984745603055,0.0023744553327560425,6.424000000000001e-06,0.0021149381063878536
3213,0.002298693812917918,0.002274660437251441,6.426000000000001e-06,0.0021149381063878536
3214,0.00241136817203369,0.002417956813587807,6.428e-06,0.0021149381063878536
3215,0.0026233810640405864,0.0025306053285021335,6.430000000000001e-06,0.0021149381063878536
3216,0.0023992560454644263,0.0030920911667635664,6.432e-06,0.0021149381063878536
3217,0.00260459647688549,0.002989705477375537,6.4340000000000006e-06,0.0021149381063878536
3218,0.0028431847458705306,0.002420363642158918,6.436e-06,0.0021149381063878536
3219,0.002567036237451248,0.002322218511835672,6.438000000000001e-06,0.0021149381063878536
3220,0.0024642252537887543,0.002565098839113489,6.44e-06,0.0021149381063878536
3221,0.0026487268041819334,0.002611735777463764,6.442e-06,0.0021149381063878536
3222,0.002537113061407581,0.002412359113804996,6.444000000000001e-06,0.0021149381063878536
3223,0.0026736932923085988,0.0024641667696414515,6.446000000000001e-06,0.0021149381063878536
3224,0.002543841692386195,0.0022729342890670523,6.448000000000001e-06,0.0021149381063878536
3225,0.0023472586035495624,0.0026113237836398184,6.45e-06,0.0021149381063878536
3226,0.002660276193637401,0.0024928000930231065,6.452000000000001e-06,0.0021149381063878536
3227,0.0024954962136689574,0.002314460391062312,6.454e-06,0.0021149381063878536
3228,0.0025450600951444358,0.0027837832749355584,6.4560000000000005e-06,0.0021149381063878536
3229,0.002844381087925285,0.0025504498335067183,6.458e-06,0.0021149381063878536
3230,0.0025596103514544666,0.0028101638599764556,6.460000000000001e-06,0.0021149381063878536
3231,0.0029239316936582327,0.0027072993834735826,6.462000000000001e-06,0.0021149381063878536
3232,0.0023854727915022522,0.0025109684793278575,6.464e-06,0.0021149381063878536
3233,0.0023015462065814063,0.002621822524815798,6.466000000000001e-06,0.0021149381063878536
3234,0.00223699385242071,0.002597872546175495,6.468e-06,0.0021149381063878536
3235,0.002746334546827711,0.002485315068042837,6.470000000000001e-06,0.0021149381063878536
3236,0.002594990364741534,0.0023311156255658716,6.472e-06,0.0021149381063878536
3237,0.002394436814938672,0.0024813423806335777,6.474e-06,0.0021149381063878536
3238,0.002448027822538279,0.003314754692837596,6.476000000000001e-06,0.0021149381063878536
3239,0.002704928076127544,0.0025550984137225896,6.4780000000000005e-06,0.0021149381063878536
3240,0.002284589849296026,0.0025692150666145608,6.480000000000001e-06,0.0021149381063878536
3241,0.0025344269670313224,0.0022997874912107363,6.482e-06,0.0021149381063878536
3242,0.0027396531077101827,0.0021553431142820045,6.484000000000001e-06,0.0021149381063878536
3243,0.002792786981444806,0.002710341737838462,6.486e-06,0.0021149381063878536
3244,0.003034931723959744,0.0029168726468924433,6.488e-06,0.0021149381063878536
3245,0.002652582246810198,0.0025784591562114656,6.49e-06,0.0021149381063878536
3246,0.002742707816651091,0.0023369321424979717,6.492000000000001e-06,0.0021149381063878536
3247,0.002387708271271549,0.0024522918392904103,6.494000000000001e-06,0.0021149381063878536
3248,0.002423810350592248,0.002107888998580165,6.496e-06,0.0021149381063878536
3249,0.0023544378200313076,0.0024849842011462897,6.498000000000001e-06,0.002107888998580165
3250,0.0021969102963339537,0.002385853309533559,6.5000000000000004e-06,0.002107888998580165
3251,0.0023808803962310776,0.002525739255361259,6.502000000000001e-06,0.002107888998580165
3252,0.0025266567681683227,0.002464941586367786,6.504e-06,0.002107888998580165
3253,0.002339292535907589,0.0023828301491448656,6.506000000000001e-06,0.002107888998580165
3254,0.0026430349971633404,0.0024442845897283405,6.508e-06,0.002107888998580165
3255,0.0025762688601389527,0.0021992054098518565,6.51e-06,0.002107888998580165
3256,0.00210548953327816,0.002336588586331345,6.512000000000001e-06,0.002107888998580165
3257,0.003002084355102852,0.002804905758239329,6.514000000000001e-06,0.002107888998580165
3258,0.0023016535851638764,0.002486969402525574,6.516000000000001e-06,0.002107888998580165
3259,0.0025492977438261732,0.002487905614543706,6.518e-06,0.002107888998580165
3260,0.0024644069926580414,0.0024071279622148722,6.520000000000001e-06,0.002107888998580165
3261,0.0026190440985374153,0.002250701014418155,6.522e-06,0.002107888998580165
3262,0.002430558524793014,0.002126444363966584,6.5240000000000006e-06,0.002107888998580165
3263,0.0025263514689868316,0.0024514265678590164,6.526e-06,0.002107888998580165
3264,0.0025930229166988283,0.0026712517137639225,6.528000000000001e-06,0.002107888998580165
3265,0.002461326206685044,0.0024057187838479877,6.530000000000001e-06,0.002107888998580165
3266,0.0023642883461434394,0.0023587793548358604,6.532e-06,0.002107888998580165
3267,0.0022549403947778046,0.0023468460130970925,6.534000000000001e-06,0.002107888998580165
3268,0.0025819755683187395,0.0024510194634785876,6.536e-06,0.002107888998580165
3269,0.0021902081061853096,0.0026243351749144495,6.538000000000001e-06,0.002107888998580165
3270,0.002905729226768017,0.003425739530939609,6.54e-06,0.002107888998580165
3271,0.002422576566459611,0.0026498721563257277,6.542e-06,0.002107888998580165
3272,0.002376522737904452,0.0022747590992366895,6.544000000000001e-06,0.002107888998580165
3273,0.002513571278541349,0.0023476190253859386,6.5460000000000005e-06,0.002107888998580165
3274,0.0024819838581606746,0.0023123618884710595,6.548000000000001e-06,0.002107888998580165
3275,0.002134578739060089,0.0022928252583369613,6.55e-06,0.002107888998580165
3276,0.0025743347068782896,0.0029073326732032,6.552000000000001e-06,0.002107888998580165
3277,0.002408624524832703,0.002393987961113453,6.554e-06,0.002107888998580165
3278,0.002408192362054251,0.0023672562674619257,6.556e-06,0.002107888998580165
3279,0.0024699465429876,0.0023863687238190323,6.558e-06,0.002107888998580165
3280,0.002630643779411912,0.002287887007696554,6.560000000000001e-06,0.002107888998580165
3281,0.0023764637298882008,0.0027732047310564667,6.562000000000001e-06,0.002107888998580165
3282,0.0024440965644316748,0.002451528562232852,6.564e-06,0.002107888998580165
3283,0.0025502702919766307,0.0023597460240125656,6.566000000000001e-06,0.002107888998580165
3284,0.002645443892106414,0.0026845527754630893,6.5680000000000005e-06,0.002107888998580165
3285,0.0028909303655382246,0.0030788572039455175,6.570000000000001e-06,0.002107888998580165
3286,0.0026055728376377374,0.002541504829423502,6.572e-06,0.002107888998580165
3287,0.0021187249367358163,0.002377388780587353,6.574000000000001e-06,0.002107888998580165
3288,0.0026187459734501317,0.002496717876056209,6.576e-06,0.002107888998580165
3289,0.002338936537853442,0.002988469263073057,6.578e-06,0.002107888998580165
3290,0.002626852205139585,0.0022854698763694614,6.580000000000001e-06,0.002107888998580165
3291,0.0025132841255981475,0.002743520002695732,6.582000000000001e-06,0.002107888998580165
3292,0.0022867857478559017,0.0030282657244242728,6.584000000000001e-06,0.002107888998580165
3293,0.0027979666483588517,0.002430987515253946,6.586e-06,0.002107888998580165
3294,0.002756572619546205,0.0025865468924166635,6.588000000000001e-06,0.002107888998580165
3295,0.002308125636773184,0.002609084316645749,6.5900000000000004e-06,0.002107888998580165
3296,0.0027885852905455977,0.0026475083868717775,6.592000000000001e-06,0.002107888998580165
3297,0.0025473645218880847,0.0028495704318629578,6.594e-06,0.002107888998580165
3298,0.0027240702329436317,0.002329015653231181,6.596000000000001e-06,0.002107888998580165
3299,0.0026865146355703473,0.00253437519131694,6.598000000000001e-06,0.002107888998580165
3300,0.0025784728495636955,0.0024634678848087788,6.6e-06,0.002107888998580165
3301,0.002659186371602118,0.0024735778861213475,6.602000000000001e-06,0.002107888998580165
3302,0.002430144522804767,0.0025384922919329256,6.604e-06,0.002107888998580165
3303,0.0023924036067910492,0.0025317890831502154,6.606000000000001e-06,0.002107888998580165
3304,0.0024328716681338847,0.002437802409986034,6.608e-06,0.002107888998580165
3305,0.002707922365516424,0.002828455966664478,6.61e-06,0.002107888998580165
3306,0.0026455355546204373,0.00238945271121338,6.612000000000001e-06,0.002107888998580165
3307,0.0022907872480573133,0.0021548255172092468,6.6140000000000005e-06,0.002107888998580165
3308,0.002134485126589425,0.0023108982568373904,6.616000000000001e-06,0.002107888998580165
3309,0.0024117401480907574,0.0024044684105319902,6.618e-06,0.002107888998580165
3310,0.0023145843879319727,0.0023783093347446993,6.620000000000001e-06,0.002107888998580165
3311,0.0029100051324348897,0.002446237805997953,6.622e-06,0.002107888998580165
3312,0.0028867119690403342,0.0024623050267109647,6.6240000000000004e-06,0.002107888998580165
3313,0.0023165733291534707,0.002619376464281231,6.626e-06,0.002107888998580165
3314,0.0025783397868508473,0.002296744176419452,6.628000000000001e-06,0.002107888998580165
3315,0.00234744323824998,0.002534328436013311,6.630000000000001e-06,0.002107888998580165
3316,0.002801602240651846,0.0020099097746424377,6.632e-06,0.002107888998580165
3317,0.0026733425620477647,0.0023652162053622305,6.634000000000001e-06,0.0020099097746424377
3318,0.00211644233786501,0.002787644974887371,6.6360000000000005e-06,0.0020099097746424377
3319,0.002445391844958067,0.0024002815189305693,6.638000000000001e-06,0.0020099097746424377
3320,0.002686643769266084,0.002684417995624244,6.64e-06,0.0020099097746424377
3321,0.0022678469395032153,0.0021634824806824327,6.642000000000001e-06,0.0020099097746424377
3322,0.0022377791756298393,0.002232883416581899,6.644e-06,0.0020099097746424377
3323,0.0024729291326366365,0.0025647837028373033,6.646e-06,0.0020099097746424377
3324,0.0025196252681780607,0.002248245044029318,6.648000000000001e-06,0.0020099097746424377
3325,0.002626230358146131,0.00263819211977534,6.650000000000001e-06,0.0020099097746424377
3326,0.0026409061247250065,0.0020974438812118024,6.652000000000001e-06,0.0020099097746424377
3327,0.0022162311070133,0.0025747804902493954,6.654e-06,0.0020099097746424377
3328,0.0020705887000076473,0.0024321595701621845,6.656000000000001e-06,0.0020099097746424377
3329,0.0026358800096204504,0.002346344874240458,6.658e-06,0.0020099097746424377
3330,0.002432442008284852,0.0027959462313447148,6.660000000000001e-06,0.0020099097746424377
3331,0.0026615826063789427,0.0023425816907547414,6.662e-06,0.0020099097746424377
3332,0.0024418423417955637,0.002283947978867218,6.664e-06,0.0020099097746424377
3333,0.002326618428924121,0.0023071311152307317,6.666000000000001e-06,0.0020099097746424377
3334,0.002666966523975134,0.002571493008872494,6.668e-06,0.0020099097746424377
3335,0.002407189822406508,0.0025063359789783135,6.6700000000000005e-06,0.0020099097746424377
3336,0.0022614283370785415,0.0022848434891784564,6.672e-06,0.0020099097746424377
3337,0.0024001368874451146,0.0019196748035028577,6.674000000000001e-06,0.0020099097746424377
3338,0.0027362326363800094,0.001967714269994758,6.676e-06,0.0019196748035028577
3339,0.0025060693151317537,0.0025879663007799536,6.678e-06,0.0019196748035028577
3340,0.0023810360580682755,0.002382444145041518,6.680000000000001e-06,0.0019196748035028577
3341,0.002367253939155489,0.0024247619876405224,6.6820000000000006e-06,0.0019196748035028577
3342,0.0026082317490363494,0.0024981720052892342,6.684000000000001e-06,0.0019196748035028577
3343,0.00235830491874367,0.0020448198629310355,6.686e-06,0.0019196748035028577
3344,0.00250900060927961,0.002217001063399948,6.688000000000001e-06,0.0019196748035028577
3345,0.0022292587673291564,0.00224014392006211,6.69e-06,0.0019196748035028577
3346,0.0022169717703945935,0.002453499284456484,6.6920000000000005e-06,0.0019196748035028577
3347,0.002380063771852292,0.002256236330140382,6.694e-06,0.0019196748035028577
3348,0.0026119107787963003,0.0023594026279170066,6.696000000000001e-06,0.0019196748035028577
3349,0.0024952830863185227,0.002372162474785,6.698000000000001e-06,0.0019196748035028577
3350,0.002288807780132629,0.002442225712002255,6.7e-06,0.0019196748035028577
3351,0.002309910880285315,0.0025441477046115324,6.702000000000001e-06,0.0019196748035028577
3352,0.0023547666642116383,0.0025907440576702356,6.7040000000000005e-06,0.0019196748035028577
3353,0.002108977103489451,0.0022740068816347048,6.706000000000001e-06,0.0019196748035028577
3354,0.002621623469167389,0.002257464569993317,6.708e-06,0.0019196748035028577
3355,0.0021296080958563834,0.0024208924296544865,6.710000000000001e-06,0.0019196748035028577
3356,0.002364001193200238,0.0023549491306766868,6.712e-06,0.0019196748035028577
3357,0.0022553312446689233,0.0021177162270760164,6.7140000000000004e-06,0.0019196748035028577
3358,0.002613280725199729,0.0023149165062932298,6.7160000000000014e-06,0.0019196748035028577
3359,0.0025067027017939836,0.002253889571875334,6.718000000000001e-06,0.0019196748035028577
3360,0.0024967976787593216,0.002784816548228264,6.720000000000001e-06,0.0019196748035028577
3361,0.0026394716696813703,0.0028667812002822757,6.722e-06,0.0019196748035028577
3362,0.0020437907660380006,0.0024349688173970208,6.724000000000001e-06,0.0019196748035028577
3363,0.0022277165699051693,0.0027437872777227312,6.726e-06,0.0019196748035028577
3364,0.002468308521201834,0.0022345238976413384,6.728000000000001e-06,0.0019196748035028577
3365,0.0024362003605347127,0.0022763729066355154,6.73e-06,0.0019196748035028577
3366,0.0025131166621576995,0.00255108175042551,6.732e-06,0.0019196748035028577
3367,0.0024833575007505715,0.002387020838796161,6.734000000000001e-06,0.0019196748035028577
3368,0.002444961472065188,0.002377088720095344,6.736e-06,0.0019196748035028577
3369,0.0025449226377531886,0.0023616732796654105,6.7380000000000005e-06,0.0019196748035028577
3370,0.002298874707776122,0.002299744970514439,6.74e-06,0.0019196748035028577
3371,0.00225356433656998,0.002087274828227237,6.742000000000001e-06,0.0019196748035028577
3372,0.00268340518232435,0.002675515948794782,6.744e-06,0.0019196748035028577
3373,0.0025481364864390343,0.002749477163888514,6.746e-06,0.0019196748035028577
3374,0.003256894851801917,0.002340769482543692,6.748000000000001e-06,0.0019196748035028577
3375,0.0023553834907943383,0.002239139488665387,6.750000000000001e-06,0.0019196748035028577
3376,0.0021881995926378295,0.0020287209044909105,6.752000000000001e-06,0.0019196748035028577
3377,0.002331380092073232,0.0021725638362113386,6.754e-06,0.0019196748035028577
3378,0.002263112968648784,0.002274931888678111,6.756000000000001e-06,0.0019196748035028577
3379,0.0022717925312463194,0.0023272865219041705,6.758e-06,0.0019196748035028577
3380,0.0024518707068637013,0.0022196612262632698,6.7600000000000005e-06,0.0019196748035028577
3381,0.002477880392689258,0.0023362412466667593,6.762e-06,0.0019196748035028577
3382,0.002389579880400561,0.002319845647434704,6.764000000000001e-06,0.0019196748035028577
3383,0.002554931677877903,0.0023970237671164796,6.766000000000001e-06,0.0019196748035028577
3384,0.002201974974013865,0.0022889928659424186,6.768e-06,0.0019196748035028577
3385,0.002357057383051142,0.0022911948763066903,6.770000000000001e-06,0.0019196748035028577
3386,0.0022529782145284116,0.0021954931871732697,6.7720000000000006e-06,0.0019196748035028577
3387,0.0024571429094066843,0.002214520631241612,6.774000000000001e-06,0.0019196748035028577
3388,0.0021503945608856156,0.00244453243794851,6.776e-06,0.0019196748035028577
3389,0.002393529677647166,0.0021743992110714316,6.778000000000001e-06,0.0019196748035028577
3390,0.0023814234882593155,0.0023452912719221786,6.78e-06,0.0019196748035028577
3391,0.002485164412064478,0.002387808621278964,6.7820000000000005e-06,0.0019196748035028577
3392,0.002757264854153618,0.0021910722280154005,6.7840000000000015e-06,0.0019196748035028577
3393,0.002392611000686884,0.0033338529465254396,6.786000000000001e-06,0.0019196748035028577
3394,0.0026857455231947824,0.0022072750580264255,6.788000000000001e-06,0.0019196748035028577
3395,0.0028277898527448997,0.0026849742862395942,6.79e-06,0.0019196748035028577
3396,0.002612817261251621,0.0021264308743411675,6.792000000000001e-06,0.0019196748035028577
3397,0.0024272317241411656,0.0026027016865555197,6.794e-06,0.0019196748035028577
3398,0.0026015288749476895,0.0024698057677596807,6.796000000000001e-06,0.0019196748035028577
3399,0.0022106564574642107,0.002487372621544637,6.798e-06,0.0019196748035028577
3400,0.0027028179029002786,0.002191967359976843,6.8e-06,0.0019196748035028577
3401,0.0024472259246977046,0.002624082291731611,6.802000000000001e-06,0.0019196748035028577
3402,0.0026005824329331517,0.0023292270197998732,6.804e-06,0.0019196748035028577
3403,0.00239130605768878,0.0020650581864174455,6.8060000000000006e-06,0.0019196748035028577
3404,0.0023931005562189966,0.0020171396172372624,6.808e-06,0.0019196748035028577
3405,0.0021042472653789446,0.0022846397187095135,6.810000000000001e-06,0.0019196748035028577
3406,0.0023051360913086683,0.0022434362181229517,6.812e-06,0.0019196748035028577
3407,0.002391618661931716,0.002241601308924146,6.814e-06,0.0019196748035028577
3408,0.0024097227724269032,0.0024621367774670944,6.816000000000001e-06,0.0019196748035028577
3409,0.002486039651557803,0.0022973688173806295,6.818000000000001e-06,0.0019196748035028577
3410,0.0024796924844849855,0.002535302861360833,6.820000000000001e-06,0.0019196748035028577
3411,0.002065145905362442,0.002218248395365663,6.822e-06,0.0019196748035028577
3412,0.0022889727260917425,0.002306006892467849,6.824000000000001e-06,0.0019196748035028577
3413,0.002210027989349328,0.0025658487138571218,6.826e-06,0.0019196748035028577
3414,0.0025372443633386865,0.002712450223043561,6.8280000000000005e-06,0.0019196748035028577
3415,0.0024803331471048295,0.002426702660159208,6.83e-06,0.0019196748035028577
3416,0.0023850549623603,0.0027495374670252204,6.832000000000001e-06,0.0019196748035028577
3417,0.002536950574722141,0.0024247737310361117,6.834000000000001e-06,0.0019196748035028577
3418,0.002212154693552293,0.0023979289398994297,6.836e-06,0.0019196748035028577
3419,0.002332115254830569,0.00212655020004604,6.838000000000001e-06,0.0019196748035028577
3420,0.002103997117956169,0.0021757552167400718,6.840000000000001e-06,0.0019196748035028577
3421,0.0024141227768268436,0.001977169216843322,6.842000000000001e-06,0.0019196748035028577
3422,0.002361556558753364,0.00241816567722708,6.844e-06,0.0019196748035028577
3423,0.0023056606587488204,0.0026511852629482746,6.846000000000001e-06,0.0019196748035028577
3424,0.002731084416154772,0.002410645131021738,6.848e-06,0.0019196748035028577
3425,0.002536161686293781,0.0022453786368714646,6.8500000000000005e-06,0.0019196748035028577
3426,0.0021401899866759777,0.002204993856139481,6.8520000000000015e-06,0.0019196748035028577
3427,0.0021875561942579225,0.0023579378030262887,6.854000000000001e-06,0.0019196748035028577
3428,0.0023694903356954455,0.002612725191283971,6.856000000000001e-06,0.0019196748035028577
3429,0.0024695464671822265,0.0023130852641770616,6.858e-06,0.0019196748035028577
3430,0.0025221988616976887,0.003080438866163604,6.860000000000001e-06,0.0019196748035028577
3431,0.00265421238145791,0.00236680124362465,6.862e-06,0.0019196748035028577
3432,0.002348091351450421,0.002156213187845424,6.864000000000001e-06,0.0019196748035028577
3433,0.0022146138071548194,0.0028122081712353975,6.866e-06,0.0019196748035028577
3434,0.00219757498416584,0.0022540440841112286,6.868e-06,0.0019196748035028577
3435,0.0022702076676068828,0.002531573612941429,6.870000000000001e-06,0.0019196748035028577
3436,0.0025626700080465525,0.002827386633725837,6.8720000000000004e-06,0.0019196748035028577
3437,0.002081377708236687,0.0022412989055737853,6.874000000000001e-06,0.0019196748035028577
3438,0.0020635676773963496,0.002207644851296209,6.876e-06,0.0019196748035028577
3439,0.0023037204809952527,0.0021770436578663066,6.878000000000001e-06,0.0019196748035028577
3440,0.0022995018953224644,0.002027891532634385,6.88e-06,0.0019196748035028577
3441,0.0024959996226243675,0.0025455164577579126,6.882e-06,0.0019196748035028577
3442,0.0026116032677236944,0.002796489716274664,6.884000000000001e-06,0.0019196748035028577
3443,0.0021741753444075584,0.0021910613286308944,6.886000000000001e-06,0.0019196748035028577
3444,0.002345463100937195,0.002003668952966109,6.888000000000001e-06,0.0019196748035028577
3445,0.002494640226359479,0.002501801456674002,6.89e-06,0.0019196748035028577
3446,0.0023675910779275,0.0021312829630915076,6.892000000000001e-06,0.0019196748035028577
3447,0.002650822643772699,0.0024993386323330924,6.894e-06,0.0019196748035028577
3448,0.0018877233669627458,0.0018756152712740004,6.8960000000000006e-06,0.0019196748035028577
3449,0.0022106410760898143,0.0021601289336103946,6.898e-06,0.0018756152712740004
3450,0.0026073531626025215,0.0024830531037878245,6.900000000000001e-06,0.0018756152712740004
3451,0.002420233009615913,0.0024864179140422493,6.902000000000001e-06,0.0018756152712740004
3452,0.002324651548406109,0.00241538965201471,6.904e-06,0.0018756152712740004
3453,0.0024481563887093216,0.0022145692200865597,6.906000000000001e-06,0.0018756152712740004
3454,0.00242505113419611,0.002547343334299512,6.908000000000001e-06,0.0018756152712740004
3455,0.002214164414908737,0.0023435506591340527,6.910000000000001e-06,0.0018756152712740004
3456,0.002590871212305501,0.0026918264193227515,6.912e-06,0.0018756152712740004
3457,0.0023687414650339633,0.0022131492878543213,6.914000000000001e-06,0.0018756152712740004
3458,0.002243004448246211,0.00259080360410735,6.9159999999999995e-06,0.0018756152712740004
3459,0.0022077596513554454,0.002127384825143963,6.9180000000000005e-06,0.0018756152712740004
3460,0.002132218287442811,0.0027669781411532313,6.9200000000000015e-06,0.0018756152712740004
3461,0.0023634343669982627,0.002462848089635372,6.922e-06,0.0018756152712740004
3462,0.0026200271968264133,0.0022547078115167096,6.924000000000001e-06,0.0018756152712740004
3463,0.002391757778241299,0.0022838076547486708,6.926e-06,0.0018756152712740004
3464,0.0024889601190807298,0.0024905257450882345,6.928e-06,0.0018756152712740004
3465,0.002312893426278606,0.002175722984247841,6.93e-06,0.0018756152712740004
3466,0.0025384563341503963,0.002157964452635497,6.932000000000001e-06,0.0018756152712740004
3467,0.0020816359465243295,0.002544085684348829,6.934e-06,0.0018756152712740004
3468,0.0022550604917341843,0.002186602432630025,6.936e-06,0.0018756152712740004
3469,0.0025429757952224463,0.002144250291166827,6.938000000000001e-06,0.0018756152712740004
3470,0.0022946213284740224,0.0023070091265253723,6.9400000000000005e-06,0.0018756152712740004
3471,0.001898982111015357,0.0024170341494027525,6.942000000000001e-06,0.0018756152712740004
3472,0.0020065982243977487,0.002316515427082777,6.944e-06,0.0018756152712740004
3473,0.002277820953167975,0.0023379607737297192,6.946000000000001e-06,0.0018756152712740004
3474,0.0022315374662866816,0.0021626238885801286,6.948e-06,0.0018756152712740004
3475,0.0022426152281695977,0.0021810282196383923,6.95e-06,0.0018756152712740004
3476,0.002405989056569524,0.002356336757657118,6.952000000000001e-06,0.0018756152712740004
3477,0.0024426263553323224,0.0026110616454388946,6.954000000000001e-06,0.0018756152712740004
3478,0.0021334533957997337,0.0024088047357508913,6.956000000000001e-06,0.0018756152712740004
3479,0.002213932908489369,0.002225688280304894,6.958e-06,0.0018756152712740004
3480,0.0023338510509347543,0.0026213052915409207,6.960000000000001e-06,0.0018756152712740004
3481,0.002177881688112393,0.00230695289792493,6.9620000000000004e-06,0.0018756152712740004
3482,0.0025140469224425033,0.0023038359213387594,6.964000000000001e-06,0.0018756152712740004
3483,0.002328866205061786,0.002274812082760036,6.966e-06,0.0018756152712740004
3484,0.0024546101776650175,0.0020900335221085697,6.968000000000001e-06,0.0018756152712740004
3485,0.00217275031900499,0.002182282682042569,6.970000000000001e-06,0.0018756152712740004
3486,0.002337892379728146,0.002356513883569278,6.972e-06,0.0018756152712740004
3487,0.0022161278320709243,0.0023131849302444607,6.974000000000001e-06,0.0018756152712740004
3488,0.0018144425848731771,0.001968625030713156,6.976000000000001e-06,0.0018756152712740004
3489,0.002262414651340805,0.002408112515695393,6.978000000000001e-06,0.0018756152712740004
3490,0.0021290897711878642,0.002833763064700179,6.98e-06,0.0018756152712740004
3491,0.0023378631158266217,0.0026630948996171355,6.982000000000001e-06,0.0018756152712740004
3492,0.001967292744666338,0.001914178326842375,6.9839999999999995e-06,0.0018756152712740004
3493,0.002365252861636691,0.002324876099009998,6.9860000000000005e-06,0.0018756152712740004
3494,0.002028058355790563,0.002273417660035193,6.9880000000000015e-06,0.0018756152712740004
3495,0.002085815867758356,0.0022337258415063843,6.99e-06,0.0018756152712740004
3496,0.002094813564326614,0.0025258742680307478,6.992000000000001e-06,0.0018756152712740004
3497,0.002287807743414305,0.002201096882345155,6.994e-06,0.0018756152712740004
3498,0.002099012490361929,0.0020957237866241485,6.9960000000000004e-06,0.0018756152712740004
3499,0.002490943152224645,0.002269465330755338,6.998e-06,0.0018756152712740004
3500,0.0022124606766737998,0.002245760435471311,7.000000000000001e-06,0.0018756152712740004
3501,0.0020864315592916682,0.0025587894051568583,7.002e-06,0.0018756152712740004
3502,0.002456148969940841,0.0023696610296610743,7.004e-06,0.0018756152712740004
3503,0.002427765663014725,0.0024198788159992546,7.006000000000001e-06,0.0018756152712740004
3504,0.002539102832088247,0.0022570574801648036,7.0080000000000005e-06,0.0018756152712740004
3505,0.001985212802537717,0.0020442596869543195,7.010000000000001e-06,0.0018756152712740004
3506,0.0022642053954768926,0.0019192235049558803,7.012e-06,0.0018756152712740004
3507,0.002395649251411669,0.0024533439136575907,7.014000000000001e-06,0.0018756152712740004
3508,0.002317967970157042,0.002549948141677305,7.016e-06,0.0018756152712740004
3509,0.0024510598741471767,0.002257574858958833,7.018e-06,0.0018756152712740004
3510,0.00200246021267958,0.002456007627188228,7.020000000000001e-06,0.0018756152712740004
3511,0.002278736137668602,0.002268589785671793,7.022000000000001e-06,0.0018756152712740004
3512,0.002540030880481936,0.0022885780490469187,7.024000000000001e-06,0.0018756152712740004
3513,0.0024678997142473236,0.002791838167468086,7.026e-06,0.0018756152712740004
3514,0.002333332653506659,0.002275913881021552,7.028000000000001e-06,0.0018756152712740004
3515,0.002115058043273166,0.0022244378487812355,7.0300000000000005e-06,0.0018756152712740004
3516,0.0022547173721250147,0.0021021497523179278,7.032000000000001e-06,0.0018756152712740004
3517,0.00220093663665466,0.0022431148536270484,7.034e-06,0.0018756152712740004
3518,0.002558240943471901,0.0021663015068043023,7.036000000000001e-06,0.0018756152712740004
3519,0.0022104338131612167,0.0023811727442080155,7.038000000000001e-06,0.0018756152712740004
3520,0.002469219340127893,0.0020982056157663465,7.04e-06,0.0018756152712740004
3521,0.0024525495391571894,0.002761967887636274,7.042000000000001e-06,0.0018756152712740004
3522,0.0020428491552593186,0.0026419192436151206,7.044000000000001e-06,0.0018756152712740004
3523,0.00221090842387639,0.002116384115652181,7.046000000000001e-06,0.0018756152712740004
3524,0.0024234737211372703,0.002210849881521426,7.048e-06,0.0018756152712740004
3525,0.0022434496640926227,0.002394773327978328,7.050000000000001e-06,0.0018756152712740004
3526,0.002459117749822326,0.002397835472947918,7.0519999999999996e-06,0.0018756152712740004
3527,0.0024697584594832733,0.0022049653198337182,7.0540000000000006e-06,0.0018756152712740004
3528,0.0020994967489968985,0.002470274659572169,7.0560000000000016e-06,0.0018756152712740004
3529,0.0019768607598962262,0.0022959167836233974,7.058e-06,0.0018756152712740004
3530,0.0023924151464598253,0.0024574827984906733,7.060000000000001e-06,0.0018756152712740004
3531,0.0022368244390236214,0.00203806055651512,7.062e-06,0.0018756152712740004
3532,0.0022880791075294837,0.002393461953033693,7.0640000000000005e-06,0.0018756152712740004
3533,0.0021035946992924437,0.0023884880065452307,7.066e-06,0.0018756152712740004
3534,0.002201202994911,0.0020166238682577386,7.068000000000001e-06,0.0018756152712740004
3535,0.0022031534026609734,0.002274789134389721,7.07e-06,0.0018756152712740004
3536,0.0021886731265112758,0.00251757817750331,7.072e-06,0.0018756152712740004
3537,0.0019305803871247917,0.002029506053077057,7.074000000000001e-06,0.0018756152712740004
3538,0.0025865345378406346,0.00223201114567928,7.0760000000000005e-06,0.0018756152712740004
3539,0.002134218579158187,0.0023296289436984807,7.078000000000001e-06,0.0018756152712740004
3540,0.0024399018147960305,0.002384546911343932,7.08e-06,0.0018756152712740004
3541,0.002081046797684394,0.002263183443574235,7.082000000000001e-06,0.0018756152712740004
3542,0.002260707478853874,0.00226347720308695,7.084e-06,0.0018756152712740004
3543,0.002215608401456848,0.0024167345254682004,7.0860000000000004e-06,0.0018756152712740004
3544,0.0024568461085436866,0.0021550811652559787,7.0880000000000014e-06,0.0018756152712740004
3545,0.002000196065637283,0.0019633269985206425,7.090000000000001e-06,0.0018756152712740004
3546,0.00234843316138722,0.0023568634496768937,7.092000000000001e-06,0.0018756152712740004
3547,0.0022969471901888028,0.0023297326115425676,7.094e-06,0.0018756152712740004
3548,0.0019054442818742245,0.002225750300567597,7.096000000000001e-06,0.0018756152712740004
3549,0.0021725540136685595,0.0021564458729699254,7.0980000000000005e-06,0.0018756152712740004
3550,0.002223652831162326,0.0020342894276836887,7.100000000000001e-06,0.0018756152712740004
3551,0.002235671869129874,0.002216453358414583,7.102e-06,0.0018756152712740004
3552,0.002124630642356351,0.0021801936673000455,7.104000000000001e-06,0.0018756152712740004
3553,0.002215284461271949,0.0023973747884156182,7.106000000000001e-06,0.0018756152712740004
3554,0.002228016295703128,0.001977267864276655,7.108e-06,0.0018756152712740004
3555,0.0022583662648685277,0.002170352585380897,7.110000000000001e-06,0.0018756152712740004
3556,0.0022226454311748967,0.0023741666664136574,7.112000000000001e-06,0.0018756152712740004
3557,0.0022039156465325505,0.0024303888203576207,7.114000000000001e-06,0.0018756152712740004
3558,0.002244566974695772,0.0021269623102853075,7.116e-06,0.0018756152712740004
3559,0.0021594956051558256,0.0021545375930145383,7.118000000000001e-06,0.0018756152712740004
3560,0.0019661234109662473,0.002772345731500536,7.12e-06,0.0018756152712740004
3561,0.002410973291262053,0.0020238114666426554,7.122000000000001e-06,0.0018756152712740004
3562,0.0022394688276108354,0.0021912973461439833,7.124000000000002e-06,0.0018756152712740004
3563,0.0019010389223694801,0.002236334577901289,7.126e-06,0.0018756152712740004
3564,0.002045311586698517,0.0025248440797440708,7.128000000000001e-06,0.0018756152712740004
3565,0.0021883679582970217,0.0023014422768028453,7.13e-06,0.0018756152712740004
3566,0.002062558720353991,0.002124166800058447,7.1320000000000005e-06,0.0018756152712740004
3567,0.0020703732589026913,0.0021393533825175837,7.134e-06,0.0018756152712740004
3568,0.0018012775981333107,0.0023290051467483863,7.136000000000001e-06,0.0018756152712740004
3569,0.001969342425581999,0.0020109056204091758,7.138e-06,0.0018756152712740004
3570,0.0020160343556199223,0.002157604249077849,7.14e-06,0.0018756152712740004
3571,0.0023522689152741805,0.002088350025587715,7.142000000000001e-06,0.0018756152712740004
3572,0.0023165694146882743,0.0021160466712899506,7.1440000000000005e-06,0.0018756152712740004
3573,0.0023812393919797614,0.002066215660306625,7.146000000000001e-06,0.0018756152712740004
3574,0.0019418845768086612,0.0021152697154320776,7.148e-06,0.0018756152712740004
3575,0.0020041354873683304,0.002068491972750053,7.150000000000001e-06,0.0018756152712740004
3576,0.002119353521266021,0.002191267820307985,7.152e-06,0.0018756152712740004
3577,0.002307711256435141,0.002080577702145092,7.1540000000000005e-06,0.0018756152712740004
3578,0.002069718815619126,0.0021152394328964874,7.1560000000000015e-06,0.0018756152712740004
3579,0.0021059220744064078,0.002218026595073752,7.158000000000001e-06,0.0018756152712740004
3580,0.0023471290769521147,0.0023407885164488107,7.160000000000001e-06,0.0018756152712740004
3581,0.0018671507859835401,0.001962383830687031,7.162e-06,0.0018756152712740004
3582,0.00237893481971696,0.001861504148109816,7.164000000000001e-06,0.0018756152712740004
3583,0.00213139048719313,0.002112238566041924,7.1660000000000005e-06,0.001861504148109816
3584,0.0019924063235521317,0.002449232808430679,7.168000000000001e-06,0.001861504148109816
3585,0.002195526991272345,0.002123074547853321,7.17e-06,0.001861504148109816
3586,0.002219354108092375,0.002579665189841762,7.172000000000001e-06,0.001861504148109816
3587,0.0022487701062345877,0.002357476652832702,7.174000000000001e-06,0.001861504148109816
3588,0.0023350372503045946,0.00212744198506698,7.176e-06,0.001861504148109816
3589,0.0023302435292862356,0.0024307545536430553,7.178000000000001e-06,0.001861504148109816
3590,0.00242510910902638,0.0023634240933461115,7.18e-06,0.001861504148109816
3591,0.002197417663410306,0.0022453573619714007,7.182000000000001e-06,0.001861504148109816
3592,0.002061654216959141,0.0022279382101260126,7.184e-06,0.001861504148109816
3593,0.0022975102183409035,0.002535405321395956,7.186e-06,0.001861504148109816
3594,0.0020434580656001344,0.0021770904713775963,7.188e-06,0.001861504148109816
3595,0.0022059848270146176,0.002142140321666375,7.190000000000001e-06,0.001861504148109816
3596,0.0021104287588968873,0.002127330095390789,7.192000000000001e-06,0.001861504148109816
3597,0.00200029082770925,0.0024355458590434864,7.194e-06,0.001861504148109816
3598,0.0026988890749635175,0.0019894795113941655,7.196000000000001e-06,0.001861504148109816
3599,0.0020714155834866688,0.0023714674316579476,7.198e-06,0.001861504148109816
3600,0.002079411075101234,0.0022411380050471053,7.2000000000000005e-06,0.001861504148109816
3601,0.0020568679610732943,0.0021707897540181875,7.202e-06,0.001861504148109816
3602,0.0020889772567898035,0.0023663988686166704,7.204000000000001e-06,0.001861504148109816
3603,0.002314910394488834,0.0021412338828668,7.206e-06,0.001861504148109816
3604,0.002163659257348627,0.0019723917212104425,7.208e-06,0.001861504148109816
3605,0.0022673687926726416,0.0024104493932100013,7.210000000000001e-06,0.001861504148109816
3606,0.0022041010670363903,0.002028091825195588,7.2120000000000006e-06,0.001861504148109816
3607,0.002167063212255016,0.001939792520715855,7.214000000000001e-06,0.001861504148109816
3608,0.0022124050447018817,0.00245117892336566,7.216e-06,0.001861504148109816
3609,0.002195445791585371,0.00231858242477756,7.218000000000001e-06,0.001861504148109816
3610,0.002179994306061417,0.002033311262493953,7.22e-06,0.001861504148109816
3611,0.0019146954582538456,0.0023585202143294737,7.2220000000000005e-06,0.001861504148109816
3612,0.001715521968435496,0.0021824845753144473,7.2240000000000015e-06,0.001861504148109816
3613,0.002083428975311108,0.002081334459944628,7.226000000000001e-06,0.001861504148109816
3614,0.0021757683280156925,0.0024068476632237434,7.228000000000001e-06,0.001861504148109816
3615,0.0022548437846126035,0.0021068367059342563,7.23e-06,0.001861504148109816
3616,0.0023933994089020416,0.002379707890213467,7.232000000000001e-06,0.001861504148109816
3617,0.0023536895314464346,0.0020790487760677934,7.2340000000000005e-06,0.001861504148109816
3618,0.002144330632290803,0.0020929602469550446,7.236000000000001e-06,0.001861504148109816
3619,0.0022092877188697457,0.002674579794984311,7.238e-06,0.001861504148109816
3620,0.001989126598346047,0.002317962032975629,7.240000000000001e-06,0.001861504148109816
3621,0.0019573115569073707,0.0019723738078027964,7.242000000000001e-06,0.001861504148109816
3622,0.002014391458942555,0.0021572942641796544,7.2440000000000004e-06,0.001861504148109816
3623,0.001969513512449339,0.0021402335114544258,7.2460000000000014e-06,0.001861504148109816
3624,0.0024239636113634333,0.00213928337325342,7.248e-06,0.001861504148109816
3625,0.00207445296109654,0.002023832901613787,7.250000000000001e-06,0.001861504148109816
3626,0.0020889215084025636,0.0020687522628577426,7.252e-06,0.001861504148109816
3627,0.0019618908845586702,0.0020069611782673746,7.254e-06,0.001861504148109816
3628,0.0020414997707121074,0.002190199273172766,7.256e-06,0.001861504148109816
3629,0.002011859367485158,0.0020462819666136056,7.258000000000001e-06,0.001861504148109816
3630,0.002174798893975094,0.0022462514898506925,7.260000000000001e-06,0.001861504148109816
3631,0.0021443767909659073,0.0022472546552307904,7.262e-06,0.001861504148109816
3632,0.0021557646978180856,0.0019326218753121793,7.264000000000001e-06,0.001861504148109816
3633,0.0024104961048578843,0.002398107695626095,7.266e-06,0.001861504148109816
3634,0.002235702020698227,0.0018905446486314759,7.2680000000000005e-06,0.001861504148109816
3635,0.0020121713605476543,0.001959386427188292,7.27e-06,0.001861504148109816
3636,0.002042236243141815,0.0020977451640646905,7.272000000000001e-06,0.001861504148109816
3637,0.001970718367374502,0.0023037206556182355,7.274e-06,0.001861504148109816
3638,0.002162463468266651,0.0021345515560824424,7.276e-06,0.001861504148109816
3639,0.002350266295252368,0.002334617733140476,7.278000000000001e-06,0.001861504148109816
3640,0.0019931619317503646,0.0022370318474713713,7.280000000000001e-06,0.001861504148109816
3641,0.00191680078569334,0.002093184826662764,7.282000000000001e-06,0.001861504148109816
3642,0.0021774121705675498,0.0022020351461833343,7.284e-06,0.001861504148109816
3643,0.0022531784197781235,0.002244852075818926,7.286000000000001e-06,0.001861504148109816
3644,0.002230929836514406,0.0022792823001509532,7.288e-06,0.001861504148109816
3645,0.0021689745917683467,0.0019595370249589905,7.2900000000000005e-06,0.001861504148109816
3646,0.0018962586327688769,0.0021680934441974387,7.2920000000000015e-06,0.001861504148109816
3647,0.002210777282016352,0.0018970830860780552,7.294000000000001e-06,0.001861504148109816
3648,0.001985755647183396,0.001965704112080857,7.296000000000001e-06,0.001861504148109816
3649,0.002197312656790018,0.0019459323812043294,7.298e-06,0.001861504148109816
3650,0.0021828527242178097,0.001818716002162546,7.300000000000001e-06,0.001861504148109816
3651,0.002224320254754275,0.002312244236236438,7.3020000000000006e-06,0.001818716002162546
3652,0.0021005712333135307,0.0022407892101909965,7.304000000000001e-06,0.001818716002162546
3653,0.002242931950604543,0.002241702561150305,7.306e-06,0.001818716002162546
3654,0.0020619664137484506,0.0018422638531774282,7.308000000000001e-06,0.001818716002162546
3655,0.002064659318421036,0.001912521052872762,7.310000000000001e-06,0.001818716002162546
3656,0.002177435380872339,0.0018747277063084766,7.3120000000000005e-06,0.001818716002162546
3657,0.0018964095215778798,0.001772124960552901,7.3140000000000015e-06,0.001818716002162546
3658,0.0020402739028213546,0.001990129516343586,7.316e-06,0.001772124960552901
3659,0.0025225370191037655,0.0019356700358912349,7.318000000000001e-06,0.001772124960552901
3660,0.002238547007436864,0.002324038010556251,7.32e-06,0.001772124960552901
3661,0.00242187557159923,0.0018233454611618072,7.322e-06,0.001772124960552901
3662,0.0023668075155001134,0.002123507554642856,7.324e-06,0.001772124960552901
3663,0.001919288668432273,0.002382030143053271,7.326000000000001e-06,0.001772124960552901
3664,0.002024419780354947,0.0024003541620913893,7.328000000000001e-06,0.001772124960552901
3665,0.0022187600407050923,0.0018701209628488868,7.33e-06,0.001772124960552901
3666,0.002043881730060093,0.0019843965710606426,7.332000000000001e-06,0.001772124960552901
3667,0.0021313001052476466,0.0024926530168158934,7.3340000000000004e-06,0.001772124960552901
3668,0.002275433187605813,0.002324397675693035,7.3360000000000006e-06,0.001772124960552901
3669,0.00216961266414728,0.0016826668434077874,7.338e-06,0.001772124960552901
3670,0.0020576399692799896,0.0022407384967664257,7.340000000000001e-06,0.0016826668434077874
3671,0.0018513981631258503,0.0022127927950350568,7.342e-06,0.0016826668434077874
3672,0.0021859992702957243,0.0021996638824930415,7.344e-06,0.0016826668434077874
3673,0.0020178756094537675,0.0018744500121101737,7.346000000000001e-06,0.0016826668434077874
3674,0.0017950369365280494,0.002191173145547509,7.348000000000001e-06,0.0016826668434077874
3675,0.0020142087305430323,0.0021259792702039704,7.350000000000001e-06,0.0016826668434077874
3676,0.001993299141759053,0.0019213518971810117,7.352e-06,0.0016826668434077874
3677,0.0020850987784797326,0.0021690827707061544,7.354000000000001e-06,0.0016826668434077874
3678,0.0018423403234919533,0.0019694499351317063,7.356e-06,0.0016826668434077874
3679,0.0021839229739271104,0.0019074233860010281,7.3580000000000005e-06,0.0016826668434077874
3680,0.0018888995109591633,0.002139627031283453,7.3600000000000015e-06,0.0016826668434077874
3681,0.0021260336216073483,0.0021378312667366117,7.362000000000001e-06,0.0016826668434077874
3682,0.0022118495544418693,0.002176217836677097,7.364000000000001e-06,0.0016826668434077874
3683,0.0020647105266107246,0.0020019235234940425,7.366e-06,0.0016826668434077874
3684,0.002105273466440849,0.002116961870342493,7.368000000000001e-06,0.0016826668434077874
3685,0.002332274612854235,0.0021375244832597673,7.37e-06,0.0016826668434077874
3686,0.001888306564069353,0.0021994685084791854,7.372000000000001e-06,0.0016826668434077874
3687,0.0021978840086376294,0.0021240156202111393,7.374e-06,0.0016826668434077874
3688,0.002204164120485075,0.0020237323915353045,7.376e-06,0.0016826668434077874
3689,0.0020435314218048006,0.0021974429400870577,7.378000000000001e-06,0.0016826668434077874
3690,0.001987137453397736,0.0024313949106726795,7.3800000000000005e-06,0.0016826668434077874
3691,0.0019829028606181964,0.0024011912901187316,7.382000000000001e-06,0.0016826668434077874
3692,0.002332604883122258,0.0020372699364088476,7.384e-06,0.0016826668434077874
3693,0.002316823578439653,0.002060632308712229,7.386000000000001e-06,0.0016826668434077874
3694,0.0019786093762377277,0.001992683013668284,7.388e-06,0.0016826668434077874
3695,0.0020485906570684165,0.001958286578883417,7.39e-06,0.0016826668434077874
3696,0.0021091866365168244,0.0016928285913309082,7.392e-06,0.0016826668434077874
3697,0.002240771136712283,0.0021396614611148834,7.394000000000001e-06,0.0016826668434077874
3698,0.00231525328126736,0.0019955189200118184,7.396000000000001e-06,0.0016826668434077874
3699,0.0021517510613193735,0.0020339055045042187,7.398e-06,0.0016826668434077874
3700,0.002298014413099736,0.0019457572634564713,7.400000000000001e-06,0.0016826668434077874
3701,0.002052575640846044,0.002138836309313774,7.4020000000000005e-06,0.0016826668434077874
3702,0.0022933163854759187,0.00213712002732791,7.404000000000001e-06,0.0016826668434077874
3703,0.0021397954842541367,0.002141771503374912,7.406e-06,0.0016826668434077874
3704,0.0025459246389800683,0.002320210769539699,7.408000000000001e-06,0.0016826668434077874
3705,0.001989656186196953,0.001834140275605023,7.41e-06,0.0016826668434077874
3706,0.00207520455296617,0.0018886677862610668,7.412e-06,0.0016826668434077874
3707,0.0019855011632898822,0.002082034174236469,7.414000000000001e-06,0.0016826668434077874
3708,0.0020358414330985397,0.0020073325431440026,7.416000000000001e-06,0.0016826668434077874
3709,0.0021139047166798264,0.0017229590594070032,7.418000000000001e-06,0.0016826668434077874
3710,0.0018820354016497731,0.002107777283526957,7.42e-06,0.0016826668434077874
3711,0.001977802414330654,0.0019425869249971583,7.422000000000001e-06,0.0016826668434077874
3712,0.0019437828741502017,0.002176454509026371,7.424e-06,0.0016826668434077874
3713,0.0019030026451218873,0.0022249418980209157,7.4260000000000006e-06,0.0016826668434077874
3714,0.0019462011696305126,0.0020411965087987483,7.4280000000000016e-06,0.0016826668434077874
3715,0.0020339190668892115,0.0020582298457156867,7.430000000000001e-06,0.0016826668434077874
3716,0.002092207796522416,0.0019861585460603237,7.432000000000001e-06,0.0016826668434077874
3717,0.0019264283910160884,0.0022103185328887776,7.434e-06,0.0016826668434077874
3718,0.0017856068443506956,0.001797078046365641,7.436000000000001e-06,0.0016826668434077874
3719,0.001787801767932251,0.0017319652251899242,7.438e-06,0.0016826668434077874
3720,0.0017747182719176635,0.0021891734650125727,7.440000000000001e-06,0.0016826668434077874
3721,0.002353168369154446,0.0018318439688300714,7.442e-06,0.0016826668434077874
3722,0.0020298260351410136,0.0019638412341009825,7.444e-06,0.0016826668434077874
3723,0.0021577084553427994,0.002041026746155694,7.446000000000001e-06,0.0016826668434077874
3724,0.0019828929071081802,0.002041296276729554,7.4480000000000005e-06,0.0016826668434077874
3725,0.0019721222488442436,0.0020300736650824547,7.450000000000001e-06,0.0016826668434077874
3726,0.001948264442034997,0.0017729087849147618,7.452e-06,0.0016826668434077874
3727,0.0019129542633891106,0.0021273905731504783,7.454000000000001e-06,0.0016826668434077874
3728,0.0019498608453432098,0.002053007236099802,7.456e-06,0.0016826668434077874
3729,0.002229108416941017,0.00204341413336806,7.458e-06,0.0016826668434077874
3730,0.0021302723907865584,0.0019731029751710594,7.46e-06,0.0016826668434077874
3731,0.00180881614505779,0.0020391388970892876,7.462000000000001e-06,0.0016826668434077874
3732,0.0019661236729007214,0.001843186459154822,7.464000000000001e-06,0.0016826668434077874
3733,0.0019890974363079295,0.0019527246186044067,7.466e-06,0.0016826668434077874
3734,0.0017039977537933737,0.0018938016874017194,7.468000000000001e-06,0.0016826668434077874
3735,0.002160639487556182,0.0017705564969219267,7.4700000000000005e-06,0.0016826668434077874
3736,0.0023318687453866005,0.002039925879216753,7.472000000000001e-06,0.0016826668434077874
3737,0.0019830370001727715,0.0021649592381436378,7.474e-06,0.0016826668434077874
3738,0.002182039839681238,0.002073314055451192,7.476000000000001e-06,0.0016826668434077874
3739,0.0021247452532406896,0.0019243575661676005,7.478e-06,0.0016826668434077874
3740,0.0023965537984622642,0.002256752864923328,7.48e-06,0.0016826668434077874
3741,0.0017904768174048513,0.0020713806297862902,7.482000000000001e-06,0.0016826668434077874
3742,0.0019807086646324024,0.001760375962476246,7.484000000000001e-06,0.0016826668434077874
3743,0.002012128577916883,0.001951379410456866,7.486000000000001e-06,0.0016826668434077874
3744,0.0019362386810826138,0.0019126832048641518,7.488e-06,0.0016826668434077874
3745,0.002107753636664711,0.002007865594350733,7.490000000000001e-06,0.0016826668434077874
3746,0.0021105602791067213,0.0019967163825640455,7.4920000000000004e-06,0.0016826668434077874
3747,0.0022954911401029676,0.0018433603836456314,7.494000000000001e-06,0.0016826668434077874
3748,0.0020890382875222713,0.002378595614572987,7.496000000000002e-06,0.0016826668434077874
3749,0.002058511192444712,0.0018240243662148714,7.498000000000001e-06,0.0016826668434077874
3750,0.0018246789113618433,0.001948135788552463,7.500000000000001e-06,0.0016826668434077874
3751,0.0018106093048118055,0.0021103514009155333,7.502e-06,0.0016826668434077874
3752,0.0019444222562015057,0.0019154068431816995,7.504000000000001e-06,0.0016826668434077874
3753,0.002106483094394207,0.001947634416865185,7.506e-06,0.0016826668434077874
3754,0.0020582966244546697,0.001967347227036953,7.508000000000001e-06,0.0016826668434077874
3755,0.0020062307739863172,0.001853437817771919,7.51e-06,0.0016826668434077874
3756,0.00201520137488842,0.0020149821939412504,7.512e-06,0.0016826668434077874
3757,0.0020523705752566457,0.0017160685383714736,7.514000000000001e-06,0.0016826668434077874
3758,0.0019944795785704628,0.0019500980124576017,7.5160000000000005e-06,0.0016826668434077874
3759,0.0020832910377066582,0.0021786514116683975,7.518000000000001e-06,0.0016826668434077874
3760,0.0018812826165230945,0.0020852106827078387,7.52e-06,0.0016826668434077874
3761,0.0021246589603833854,0.0021573277917923406,7.522000000000001e-06,0.0016826668434077874
3762,0.0021757247450295836,0.0017954387876670808,7.524e-06,0.0016826668434077874
3763,0.0020025984704261646,0.0020400703797349706,7.5260000000000004e-06,0.0016826668434077874
3764,0.001960788358701393,0.0018748612492345273,7.528e-06,0.0016826668434077874
3765,0.00197466483223252,0.002338804231840186,7.530000000000001e-06,0.0016826668434077874
3766,0.002221078160800971,0.0020075364445801824,7.532000000000001e-06,0.0016826668434077874
3767,0.002090958019834943,0.0019381108140805736,7.534e-06,0.0016826668434077874
3768,0.002364514279179275,0.0019104970415355638,7.536000000000001e-06,0.0016826668434077874
3769,0.0020381313952384517,0.002356543220230378,7.5380000000000005e-06,0.0016826668434077874
3770,0.0021574566926574335,0.002021736479946412,7.540000000000001e-06,0.0016826668434077874
3771,0.0019572009914554656,0.0019731904176296666,7.542e-06,0.0016826668434077874
3772,0.0018392032507108524,0.0018962212197948247,7.544000000000001e-06,0.0016826668434077874
3773,0.0018748941802186891,0.0020896691567031667,7.546e-06,0.0016826668434077874
3774,0.0027141117316205055,0.001955594649189152,7.548e-06,0.0016826668434077874
3775,0.0018895689863711596,0.0023070804309099913,7.550000000000001e-06,0.0016826668434077874
3776,0.0020509046007646248,0.002038142250967212,7.552000000000001e-06,0.0016826668434077874
3777,0.002119334923918359,0.002044507855316624,7.554000000000001e-06,0.0016826668434077874
3778,0.0018035100656561553,0.001839209406170994,7.556e-06,0.0016826668434077874
3779,0.0020008337742183357,0.0018579297175165266,7.558000000000001e-06,0.0016826668434077874
3780,0.0017097150412155315,0.0021637853351421654,7.5600000000000005e-06,0.0016826668434077874
3781,0.0019466113444650546,0.001801260790671222,7.562000000000001e-06,0.0016826668434077874
3782,0.001965911142178811,0.001642286020796746,7.564000000000002e-06,0.0016826668434077874
3783,0.0018654996383702382,0.001946997523191385,7.566000000000001e-06,0.001642286020796746
3784,0.001780680860974826,0.0021183666249271482,7.568000000000001e-06,0.001642286020796746
3785,0.001963173534022644,0.001907550889882259,7.57e-06,0.001642286020796746
3786,0.0018772022012853995,0.001875109868706204,7.572000000000001e-06,0.001642286020796746
3787,0.002068461966700852,0.0017893193726195022,7.574e-06,0.001642286020796746
3788,0.002313731878530234,0.002269298362080008,7.576000000000001e-06,0.001642286020796746
3789,0.0019594627810874954,0.002073241732432507,7.578e-06,0.001642286020796746
3790,0.0018889464408857748,0.0017634385148994625,7.58e-06,0.001642286020796746
3791,0.0019991123263025656,0.002023663284489885,7.582000000000001e-06,0.001642286020796746
3792,0.0018871893553296104,0.0017594894889043644,7.5840000000000006e-06,0.001642286020796746
3793,0.001581576478201896,0.0019224585266783834,7.586000000000001e-06,0.001642286020796746
3794,0.0019488718098727986,0.002143083984265104,7.588e-06,0.001642286020796746
3795,0.0020003803947474808,0.0019858593732351437,7.590000000000001e-06,0.001642286020796746
3796,0.0017742866330081597,0.001781411876436323,7.592e-06,0.001642286020796746
3797,0.0021583821799140424,0.0020846378174610436,7.5940000000000005e-06,0.001642286020796746
3798,0.0018167497619288042,0.0020763200300280005,7.596e-06,0.001642286020796746
3799,0.0019374339753994718,0.002065124674118124,7.598000000000001e-06,0.001642286020796746
3800,0.001970971323316917,0.0023131679627113044,7.600000000000001e-06,0.001642286020796746
3801,0.001904229138744995,0.002434389156405814,7.602e-06,0.001642286020796746
3802,0.0019451657281024382,0.002034988676314242,7.604000000000001e-06,0.001642286020796746
3803,0.0020160083804512396,0.001759163467795588,7.6060000000000005e-06,0.001642286020796746
3804,0.0016818557924125344,0.0018774251220747828,7.608000000000001e-06,0.001642286020796746
3805,0.002124278456903994,0.0021249730489216745,7.61e-06,0.001642286020796746
3806,0.002088839974021539,0.002044344408204779,7.612000000000001e-06,0.001642286020796746
3807,0.0019767762132687494,0.002013845383771695,7.614e-06,0.001642286020796746
3808,0.0016979686479317024,0.002226309588877484,7.6160000000000004e-06,0.001642286020796746
3809,0.0021174584981054068,0.0019093864830210805,7.6180000000000014e-06,0.001642286020796746
3810,0.0019424787460593507,0.0022539850615430623,7.620000000000001e-06,0.001642286020796746
3811,0.001886418045614846,0.0020496878278208897,7.622000000000001e-06,0.001642286020796746
3812,0.0018980056920554489,0.002511638740543276,7.624e-06,0.001642286020796746
3813,0.0018836700910469517,0.001802964456146583,7.626000000000001e-06,0.001642286020796746
3814,0.0019486133533064276,0.001985900307772681,7.628e-06,0.001642286020796746
3815,0.0021769693557871506,0.002127069019479677,7.630000000000001e-06,0.001642286020796746
3816,0.0025835717242443934,0.0021267782285576686,7.632e-06,0.001642286020796746
3817,0.0017975355294765905,0.0020444154797587544,7.634e-06,0.001642286020796746
3818,0.002264412949443795,0.001962392751011066,7.636000000000001e-06,0.001642286020796746
3819,0.002004365436732769,0.002359910708037205,7.638e-06,0.001642286020796746
3820,0.0019962206279160455,0.0017433274915674701,7.640000000000001e-06,0.001642286020796746
3821,0.0020677194697782397,0.0018766850989777595,7.642e-06,0.001642286020796746
3822,0.001899912691442296,0.002008377661695704,7.644e-06,0.001642286020796746
3823,0.00202490235096775,0.0019149188010487705,7.646e-06,0.001642286020796746
3824,0.002033649478107691,0.002101356949424371,7.648e-06,0.001642286020796746
3825,0.002197901747422293,0.0021981893805786967,7.650000000000001e-06,0.001642286020796746
3826,0.001878540773759596,0.0024775674974080175,7.652e-06,0.001642286020796746
3827,0.002207745928899385,0.0017964061407838017,7.654000000000002e-06,0.001642286020796746
3828,0.0019367927015991881,0.0023145546292653307,7.656000000000001e-06,0.001642286020796746
3829,0.0016918381734285504,0.002153944587917067,7.658e-06,0.001642286020796746
3830,0.002314887518878095,0.0019109830318484455,7.66e-06,0.001642286020796746
3831,0.0018877071852330118,0.001984713031561114,7.662e-06,0.001642286020796746
3832,0.0019037780439248309,0.0017808040720410645,7.664e-06,0.001642286020796746
3833,0.0016601163370069116,0.0021948616340523586,7.666e-06,0.001642286020796746
3834,0.0022578085627174005,0.0020502048428170383,7.668000000000002e-06,0.001642286020796746
3835,0.0017470189050072804,0.0017896795470733196,7.670000000000001e-06,0.001642286020796746
3836,0.001984196060220711,0.0021832535712746903,7.672e-06,0.001642286020796746
3837,0.001653780127526261,0.0017892571777338162,7.674e-06,0.001642286020796746
3838,0.001993520971154794,0.002259755929117091,7.676e-06,0.001642286020796746
3839,0.0018518613942433149,0.0019376504060346633,7.678e-06,0.001642286020796746
3840,0.0017779870104277506,0.001859439566032961,7.680000000000001e-06,0.001642286020796746
3841,0.0018621874041855335,0.0018451977521181107,7.682e-06,0.001642286020796746
3842,0.0016059735498856753,0.0016394828126067296,7.684000000000001e-06,0.001642286020796746
3843,0.001709521617158316,0.001887653736048378,7.686e-06,0.0016394828126067296
3844,0.00204151330399327,0.001933846840984188,7.688e-06,0.0016394828126067296
3845,0.0017317833699053153,0.0021893198718316853,7.690000000000001e-06,0.0016394828126067296
3846,0.0021926829358562827,0.0025839042209554464,7.692e-06,0.0016394828126067296
3847,0.002119073862559162,0.001972476762603037,7.694000000000001e-06,0.0016394828126067296
3848,0.0019842751644318923,0.0016024554352043197,7.696e-06,0.0016394828126067296
3849,0.0018089111399604008,0.002123701313394122,7.698000000000002e-06,0.0016024554352043197
3850,0.002091670670779422,0.0020704662892967463,7.7e-06,0.0016024554352043197
3851,0.001729431955027394,0.0022494835284305736,7.702e-06,0.0016024554352043197
3852,0.0021316772035788745,0.0017006735579343513,7.704000000000001e-06,0.0016024554352043197
3853,0.0020738919265568256,0.0018038314738078043,7.706e-06,0.0016024554352043197
3854,0.001964615556062199,0.001979511245735921,7.708000000000001e-06,0.0016024554352043197
3855,0.001672622049227357,0.0017887123976834118,7.71e-06,0.0016024554352043197
3856,0.0021447856270242482,0.0015887135814409703,7.712e-06,0.0016024554352043197
3857,0.0017410306609235704,0.002283329828060232,7.714e-06,0.0015887135814409703
3858,0.001953963699634187,0.0019263667345512658,7.716e-06,0.0015887135814409703
3859,0.001991983110201545,0.0017828337877290323,7.718000000000001e-06,0.0015887135814409703
3860,0.0017866903071990237,0.001858387011452578,7.72e-06,0.0015887135814409703
3861,0.0016836984577821568,0.0019095051538897678,7.722000000000002e-06,0.0015887135814409703
3862,0.002081485523376614,0.0019726645259652287,7.724000000000001e-06,0.0015887135814409703
3863,0.0016495798190589994,0.0017231551464647055,7.726e-06,0.0015887135814409703
3864,0.0017394480673829094,0.0017291951517108828,7.728e-06,0.0015887135814409703
3865,0.001989486292586662,0.002026425107032992,7.73e-06,0.0015887135814409703
3866,0.00214003273868002,0.0017872662574518472,7.732e-06,0.0015887135814409703
3867,0.002058822530671023,0.0017184804601129144,7.734e-06,0.0015887135814409703
3868,0.0020616050896933302,0.001852680608863011,7.736000000000002e-06,0.0015887135814409703
3869,0.002040454506641254,0.00193380173004698,7.738000000000001e-06,0.0015887135814409703
3870,0.0017976198651012965,0.0018668060365598649,7.74e-06,0.0015887135814409703
3871,0.00191483560774941,0.0018076341220876202,7.742e-06,0.0015887135814409703
3872,0.0017250157106900588,0.0018314240005565807,7.744e-06,0.0015887135814409703
3873,0.00179860093339812,0.0019784873438766226,7.746e-06,0.0015887135814409703
3874,0.0016719968989491463,0.001771793540683575,7.748000000000001e-06,0.0015887135814409703
3875,0.0015854769299039617,0.0017860071820905432,7.75e-06,0.0015887135814409703
3876,0.001604941935511306,0.0018309850129298866,7.752000000000001e-06,0.0015887135814409703
3877,0.0016477318276884034,0.001640727830817923,7.754e-06,0.0015887135814409703
3878,0.0019483686628518626,0.0020973891660105437,7.756e-06,0.0015887135814409703
3879,0.0019068644614890218,0.0018666689284145832,7.758000000000001e-06,0.0015887135814409703
3880,0.0020046570425620303,0.0018614123546285555,7.76e-06,0.0015887135814409703
3881,0.0018575785361463204,0.0018328380829188973,7.762000000000001e-06,0.0015887135814409703
3882,0.0017736864829203114,0.0018181022169301286,7.764e-06,0.0015887135814409703
3883,0.002025701483944431,0.0019402291654841974,7.766e-06,0.0015887135814409703
3884,0.0019657583034131676,0.0019421379111008719,7.768e-06,0.0015887135814409703
3885,0.0016696709353709593,0.0016809778608148918,7.77e-06,0.0015887135814409703
3886,0.0016702440625522286,0.0018570085958344862,7.772000000000001e-06,0.0015887135814409703
3887,0.0015582514752168208,0.0017617383055039681,7.774e-06,0.0015887135814409703
3888,0.002143088378943503,0.0019841419270960614,7.776000000000001e-06,0.0015887135814409703
3889,0.00196538025920745,0.0019870370160788298,7.778e-06,0.0015887135814409703
3890,0.0021407830790849403,0.0018274545000167564,7.78e-06,0.0015887135814409703
3891,0.0020410841098055243,0.0017169468919746578,7.782e-06,0.0015887135814409703
3892,0.0017259689557249658,0.0018321321840630844,7.784e-06,0.0015887135814409703
3893,0.0017275037826038897,0.0018794776260619983,7.786000000000001e-06,0.0015887135814409703
3894,0.001740994252031669,0.0017562917928444222,7.788e-06,0.0015887135814409703
3895,0.0017239980807062238,0.0018750784220173955,7.790000000000002e-06,0.0015887135814409703
3896,0.001861024444224313,0.001978021886316128,7.792000000000001e-06,0.0015887135814409703
3897,0.002007432878599502,0.0018644424417288974,7.794e-06,0.0015887135814409703
3898,0.0016599203809164464,0.001973504025954753,7.796e-06,0.0015887135814409703
3899,0.0017327348905382678,0.0021386752923717722,7.798e-06,0.0015887135814409703
3900,0.0019556308980099857,0.0016092212754301727,7.8e-06,0.0015887135814409703
3901,0.0017112227360485122,0.001828986976761371,7.802000000000001e-06,0.0015887135814409703
3902,0.0019364218605915084,0.0016770792135503143,7.804000000000002e-06,0.0015887135814409703
3903,0.0019485370139591396,0.0017482706607552245,7.806000000000001e-06,0.0015887135814409703
3904,0.0016750991344451904,0.0018890933861257508,7.808e-06,0.0015887135814409703
3905,0.0017878850339911878,0.0016174955235328525,7.81e-06,0.0015887135814409703
3906,0.001753883989294991,0.0017388215055689216,7.812e-06,0.0015887135814409703
3907,0.001751130330376327,0.0017197349516209215,7.814e-06,0.0015887135814409703
3908,0.001583650300744921,0.001785570362699218,7.816000000000001e-06,0.0015887135814409703
3909,0.0021115264535183087,0.0016509510605828837,7.818e-06,0.0015887135814409703
3910,0.00182986882282421,0.0018744472472462803,7.820000000000001e-06,0.0015887135814409703
3911,0.001682390400674194,0.0017740409821271896,7.822e-06,0.0015887135814409703
3912,0.0017502255795989186,0.0018728449067566544,7.824e-06,0.0015887135814409703
3913,0.0017644760373514146,0.0017227227508556098,7.826000000000001e-06,0.0015887135814409703
3914,0.0016534576716367155,0.0019839472079183906,7.828e-06,0.0015887135814409703
3915,0.0017753230640664697,0.0020011670712847263,7.830000000000001e-06,0.0015887135814409703
3916,0.001756931233103387,0.0019524681119946763,7.832e-06,0.0015887135814409703
3917,0.0017301525367656723,0.0015889281057752669,7.834e-06,0.0015887135814409703
3918,0.0019469495600787923,0.0019160925294272602,7.836000000000001e-06,0.0015887135814409703
3919,0.0020750303665408865,0.0016400911408709362,7.838e-06,0.0015887135814409703
3920,0.0016834381240187213,0.0019634201744338498,7.840000000000001e-06,0.0015887135814409703
3921,0.0017855109908850864,0.0019000241882167757,7.842e-06,0.0015887135814409703
3922,0.0018006824102485552,0.00147991455742158,7.844000000000001e-06,0.0015887135814409703
3923,0.002096047974191606,0.0016594451008131728,7.846e-06,0.00147991455742158
3924,0.0017868229479063302,0.002364718005992472,7.848e-06,0.00147991455742158
3925,0.0020670670055551454,0.0019056445598835126,7.85e-06,0.00147991455742158
3926,0.001967805452295579,0.0016888995742192492,7.852e-06,0.00147991455742158
3927,0.0017945829749805853,0.0018288951978320256,7.854000000000001e-06,0.00147991455742158
3928,0.0016527021653018892,0.0017312079144176096,7.856e-06,0.00147991455742158
3929,0.0016490360139869153,0.0017268923111259937,7.858000000000002e-06,0.00147991455742158
3930,0.0018296158377779648,0.0015931375819491223,7.860000000000001e-06,0.00147991455742158
3931,0.001863637997303158,0.001772786257788539,7.862e-06,0.00147991455742158
3932,0.0017401937657268718,0.0017078922683140263,7.864e-06,0.00147991455742158
3933,0.0019166171841789037,0.0017754700529621914,7.866e-06,0.00147991455742158
3934,0.001890643616206944,0.002037868689512834,7.868e-06,0.00147991455742158
3935,0.0017722580814734101,0.0017071954789571464,7.870000000000001e-06,0.00147991455742158
3936,0.001773953132214956,0.0017215272382600233,7.872000000000002e-06,0.00147991455742158
3937,0.0019947101682191715,0.001961535250302404,7.874000000000001e-06,0.00147991455742158
3938,0.0018451916403137147,0.0019012317206943408,7.876e-06,0.00147991455742158
3939,0.0015666423860238865,0.001993667014176026,7.878e-06,0.00147991455742158
3940,0.0018568229425000027,0.0020253721595508978,7.88e-06,0.00147991455742158
3941,0.001820946010411717,0.0021874059311812744,7.882e-06,0.00147991455742158
3942,0.0016006456135073677,0.0019075096060987562,7.884000000000001e-06,0.00147991455742158
3943,0.0015769149322295561,0.0019250735640525818,7.886e-06,0.00147991455742158
3944,0.0016430685645900667,0.002210606646258384,7.888000000000001e-06,0.00147991455742158
3945,0.0018041927105514333,0.001988722593523562,7.89e-06,0.00147991455742158
3946,0.001983094378374517,0.0018909004284068942,7.892e-06,0.00147991455742158
3947,0.0016224969294853508,0.00198815185285639,7.894000000000001e-06,0.00147991455742158
3948,0.002181349991587922,0.0018380159453954548,7.896e-06,0.00147991455742158
3949,0.0016613049374427646,0.001666015428781975,7.898000000000001e-06,0.00147991455742158
3950,0.0017334943840978667,0.0019307514739921317,7.9e-06,0.00147991455742158
3951,0.0018702958332141861,0.0019448284001555294,7.902e-06,0.00147991455742158
3952,0.0019053352007176727,0.002046847701421939,7.904000000000001e-06,0.00147991455742158
3953,0.0017766612145351246,0.0017625873297220096,7.906e-06,0.00147991455742158
3954,0.0017320769693469629,0.0017803234077291563,7.908000000000001e-06,0.00147991455742158
3955,0.0017690550157567486,0.001799056786694564,7.91e-06,0.00147991455742158
3956,0.001834252616390586,0.0018446137983119115,7.912000000000001e-06,0.00147991455742158
3957,0.0017956704541575164,0.0017624435713514686,7.914e-06,0.00147991455742158
3958,0.0015621456841472536,0.0016371042147511616,7.916e-06,0.00147991455742158
3959,0.0019443015335127711,0.0018473172967787832,7.918e-06,0.00147991455742158
3960,0.001817713666241616,0.0017751797859091312,7.92e-06,0.00147991455742158
3961,0.0018434906814945862,0.002022045402554795,7.922000000000001e-06,0.00147991455742158
3962,0.0018580856849439442,0.0018140928004868329,7.924e-06,0.00147991455742158
3963,0.0019741960568353534,0.0017859411163954064,7.926000000000002e-06,0.00147991455742158
3964,0.00197067427507136,0.0019312169024487957,7.928000000000001e-06,0.00147991455742158
3965,0.0020261341123841703,0.0016667645395500585,7.93e-06,0.00147991455742158
3966,0.0017155287932837382,0.0019117548363283277,7.932e-06,0.00147991455742158
3967,0.0019886104273609817,0.0016398180596297607,7.934e-06,0.00147991455742158
3968,0.00177430386247579,0.0016436716105090454,7.936e-06,0.00147991455742158
3969,0.001805418374715373,0.0016087877738755196,7.938000000000001e-06,0.00147991455742158
3970,0.001367246986774262,0.0016306792240357026,7.940000000000002e-06,0.00147991455742158
3971,0.0019169016304658726,0.001666402502451092,7.942000000000001e-06,0.00147991455742158
3972,0.0019801553135039285,0.0017489816236775368,7.944e-06,0.00147991455742158
3973,0.001848444589995779,0.0022219783277250826,7.946e-06,0.00147991455742158
3974,0.0019681099511217326,0.001861087657744065,7.948e-06,0.00147991455742158
3975,0.0018182210333179682,0.0018040676222881302,7.95e-06,0.00147991455742158
3976,0.0015332391849369742,0.0017604057939024642,7.952000000000001e-06,0.00147991455742158
3977,0.002062811254290864,0.0017995691596297547,7.954e-06,0.00147991455742158
3978,0.0018461474974174052,0.0016237581730820239,7.956000000000001e-06,0.00147991455742158
3979,0.001720477725029923,0.0016450076072942466,7.958e-06,0.00147991455742158
3980,0.0017212394595844671,0.0020114008657401428,7.96e-06,0.00147991455742158
3981,0.0020511907641775906,0.0017441965028410777,7.962000000000001e-06,0.00147991455742158
3982,0.0018449171766405925,0.0016698275867383927,7.964e-06,0.00147991455742158
3983,0.0015458085399586707,0.0015522554313065484,7.966000000000001e-06,0.00147991455742158
3984,0.0018041200819425285,0.001864637146354653,7.968e-06,0.00147991455742158
3985,0.0018652727594599128,0.001842728815972805,7.97e-06,0.00147991455742158
3986,0.0018863504519686103,0.002043006112216972,7.972000000000001e-06,0.00147991455742158
3987,0.001685621726210229,0.001708189069177024,7.974e-06,0.00147991455742158
3988,0.001500688202213496,0.001568317209603265,7.976000000000001e-06,0.00147991455742158
3989,0.0015919573925202712,0.0017170943319797516,7.978e-06,0.00147991455742158
3990,0.001918025256600231,0.001719540319754742,7.980000000000002e-06,0.00147991455742158
3991,0.00167805356613826,0.0017861879023257643,7.982e-06,0.00147991455742158
3992,0.0014650897646788508,0.001674904953688383,7.984e-06,0.00147991455742158
3993,0.00153636684990488,0.001835591101553291,7.986e-06,0.00147991455742158
3994,0.0018372975901002064,0.0017019399529090151,7.988e-06,0.00147991455742158
3995,0.001857509239926003,0.001637739478610456,7.990000000000001e-06,0.00147991455742158
3996,0.001890337691293098,0.0019233028724556789,7.992e-06,0.00147991455742158
3997,0.0017939137760549784,0.0016084202798083425,7.994000000000002e-06,0.00147991455742158
3998,0.0017526637093396857,0.0017367212567478418,7.996000000000001e-06,0.00147991455742158
3999,0.0015227693947963417,0.0020802176150027663,7.998e-06,0.00147991455742158
4000,0.0016177305951714516,0.001606013611308299,8e-06,0.00147991455742158
4001,0.0016916783497435972,0.0016343774914275855,8.002e-06,0.00147991455742158
4002,0.001792905037291348,0.0018171520350733772,8.004e-06,0.00147991455742158
4003,0.0019105994142591953,0.001858590534538962,8.006000000000001e-06,0.00147991455742158
4004,0.001841616045567207,0.0017154312081402168,8.008000000000002e-06,0.00147991455742158
4005,0.0016253820795100182,0.001939007779583335,8.010000000000001e-06,0.00147991455742158
4006,0.00224312259524595,0.0017112467321567237,8.012e-06,0.00147991455742158
4007,0.0017706835642457008,0.0019988649582955986,8.014e-06,0.00147991455742158
4008,0.0016831354441819713,0.0016385155249736272,8.016e-06,0.00147991455742158
4009,0.0018374646606389433,0.0017514345527160913,8.018e-06,0.00147991455742158
4010,0.0016779837314970791,0.001643627430894412,8.020000000000001e-06,0.00147991455742158
4011,0.0016190379828913137,0.0017222314927494153,8.022e-06,0.00147991455742158
4012,0.0019059361075051129,0.0016617031360510737,8.024e-06,0.00147991455742158
4013,0.0015005109016783535,0.0017482419134466909,8.026e-06,0.00147991455742158
4014,0.001748924216371961,0.0016344705218216404,8.028e-06,0.00147991455742158
4015,0.0017853961762739345,0.0017808421252993867,8.030000000000001e-06,0.00147991455742158
4016,0.0016795632691355422,0.001816079588024877,8.032e-06,0.00147991455742158
4017,0.0015397650568047538,0.0016562460077693686,8.034000000000001e-06,0.00147991455742158
4018,0.0017738549213390797,0.0017933123745024204,8.036e-06,0.00147991455742158
4019,0.0016958630149019882,0.0016222739650402218,8.038e-06,0.00147991455742158
4020,0.0019538396154530346,0.0017104401922551915,8.040000000000001e-06,0.00147991455742158
4021,0.0015940041921567172,0.0014610820508096367,8.042e-06,0.00147991455742158
4022,0.002006289447308518,0.0016607505676802248,8.044000000000001e-06,0.0014610820508096367
4023,0.0015328315930673853,0.0015935567353153601,8.046e-06,0.0014610820508096367
4024,0.0017719049355946481,0.0017441826494177803,8.048000000000002e-06,0.0014610820508096367
4025,0.0017773442377801985,0.001948891906067729,8.050000000000001e-06,0.0014610820508096367
4026,0.0017068812303477898,0.0015892100491328165,8.052e-06,0.0014610820508096367
4027,0.0017712053813738748,0.0016001429175958037,8.054e-06,0.0014610820508096367
4028,0.0016836067516123876,0.0017475214990554377,8.056e-06,0.0014610820508096367
4029,0.0017441184318158776,0.0016907988174352795,8.058000000000001e-06,0.0014610820508096367
4030,0.0018307220161659643,0.0014526888189720921,8.06e-06,0.0014610820508096367
4031,0.0016516513423994184,0.0016613592888461426,8.062000000000002e-06,0.0014526888189720921
4032,0.0017514160281280056,0.001743734668707475,8.064000000000001e-06,0.0014526888189720921
4033,0.0016132142045535147,0.0016142111271619797,8.066e-06,0.0014526888189720921
4034,0.0016924441588344052,0.0015972882538335398,8.068e-06,0.0014526888189720921
4035,0.001639804249862209,0.0017183116433443502,8.07e-06,0.0014526888189720921
4036,0.0018701052176766098,0.0015897432895144448,8.072e-06,0.0014526888189720921
4037,0.001766082423273474,0.0016404710913775489,8.074000000000001e-06,0.0014526888189720921
4038,0.002032155593042262,0.0019507355318637565,8.076000000000002e-06,0.0014526888189720921
4039,0.0018358043889747933,0.0020287297520553693,8.078000000000001e-06,0.0014526888189720921
4040,0.001785003929398954,0.0018687572737690061,8.08e-06,0.0014526888189720921
4041,0.0017720158793963492,0.0015333575429394841,8.082e-06,0.0014526888189720921
4042,0.0016463330248370767,0.0016133395256474614,8.084000000000001e-06,0.0014526888189720921
4043,0.001699939472018741,0.0018778601515805349,8.086e-06,0.0014526888189720921
4044,0.0016046215168898925,0.001827769709052518,8.088000000000001e-06,0.0014526888189720921
4045,0.0017910071765072644,0.0015331621034420095,8.09e-06,0.0014526888189720921
4046,0.0014810867724008858,0.0017496140208095312,8.092e-06,0.0014526888189720921
4047,0.001825718252803199,0.002012711760471575,8.094e-06,0.0014526888189720921
4048,0.0016425679641542956,0.0019367487111594528,8.096e-06,0.0014526888189720921
4049,0.001890884741442278,0.0018450052157277241,8.098000000000001e-06,0.0014526888189720921
4050,0.0019700705306604505,0.0019081271311733872,8.1e-06,0.0014526888189720921
4051,0.0017373008886352181,0.001743139117024839,8.102000000000001e-06,0.0014526888189720921
4052,0.0018098656582878903,0.0018454494565958157,8.104e-06,0.0014526888189720921
4053,0.0017868225404527038,0.0017734630237100646,8.106e-06,0.0014526888189720921
4054,0.001777074343408458,0.0018754773773252964,8.108000000000001e-06,0.0014526888189720921
4055,0.0017421302327420563,0.001706210256088525,8.11e-06,0.0014526888189720921
4056,0.0017151700158137828,0.0016949936107266694,8.112000000000001e-06,0.0014526888189720921
4057,0.0017181684670504183,0.0016325693432008848,8.114e-06,0.0014526888189720921
4058,0.0017977005772991106,0.0019324573077028617,8.116000000000002e-06,0.0014526888189720921
4059,0.0015240592620102689,0.001605580051545985,8.118000000000001e-06,0.0014526888189720921
4060,0.0018469826609361917,0.0017367031832691282,8.12e-06,0.0014526888189720921
4061,0.001573208355694078,0.0017649313813308254,8.122e-06,0.0014526888189720921
4062,0.0017965301813092083,0.001664776966208592,8.124e-06,0.0014526888189720921
4063,0.0017321383929811418,0.0017800690839067101,8.126000000000001e-06,0.0014526888189720921
4064,0.0017112707864725962,0.0018472783704055473,8.128e-06,0.0014526888189720921
4065,0.0017765457887435332,0.0018787652079481632,8.130000000000002e-06,0.0014526888189720921
4066,0.0019767076591961086,0.0018388877069810405,8.132000000000001e-06,0.0014526888189720921
4067,0.001657149026868865,0.0017012288590194657,8.134e-06,0.0014526888189720921
4068,0.0020020543015562,0.0016671992343617603,8.136e-06,0.0014526888189720921
4069,0.001844853046350181,0.0018014879096881486,8.138e-06,0.0014526888189720921
4070,0.001798481825971976,0.0015737033972982317,8.14e-06,0.0014526888189720921
4071,0.0015526178904110566,0.001702213499811478,8.142000000000001e-06,0.0014526888189720921
4072,0.0016132371820276603,0.001832658817875199,8.144000000000002e-06,0.0014526888189720921
4073,0.0016051552520366386,0.001725120295304805,8.146000000000001e-06,0.0014526888189720921
4074,0.001962459835340269,0.0015762661205371842,8.148e-06,0.0014526888189720921
4075,0.0018044252356048673,0.0016294289962388575,8.15e-06,0.0014526888189720921
4076,0.0016722820000723004,0.00169926650414709,8.152000000000001e-06,0.0014526888189720921
4077,0.0017619432328501716,0.0015361923433374614,8.154e-06,0.0014526888189720921
4078,0.0018778769444907084,0.0016499989287694916,8.156000000000001e-06,0.0014526888189720921
4079,0.0015542630935669877,0.0017177797853946686,8.158e-06,0.0014526888189720921
4080,0.0014487159787677228,0.0015839489860809408,8.16e-06,0.0014526888189720921
4081,0.0018493662209948525,0.0015729909937363118,8.162e-06,0.0014526888189720921
4082,0.0017279660096392035,0.0015888761990936473,8.164e-06,0.0014526888189720921
4083,0.0018306370329810306,0.001371212027152069,8.166000000000001e-06,0.0014526888189720921
4084,0.001593604072695598,0.0015370198671007529,8.168e-06,0.001371212027152069
4085,0.0017736457230057567,0.001527554530184716,8.170000000000001e-06,0.001371212027152069
4086,0.0017816904437495396,0.0015010062197688967,8.172e-06,0.001371212027152069
4087,0.0019185889832442626,0.0015555467252852395,8.174e-06,0.001371212027152069
4088,0.0014509993343381211,0.001585907710250467,8.176000000000001e-06,0.001371212027152069
4089,0.0016331684601027519,0.002000557113206014,8.178e-06,0.001371212027152069
4090,0.001764926448231563,0.0020164802263025194,8.180000000000001e-06,0.001371212027152069
4091,0.0019188209844287485,0.0018602881755214185,8.182e-06,0.001371212027152069
4092,0.0015338746452471241,0.0017040183302015066,8.184000000000002e-06,0.001371212027152069
4093,0.0016010073013603687,0.001904011471197009,8.186000000000001e-06,0.001371212027152069
4094,0.001912800027639605,0.0016501292266184464,8.188e-06,0.001371212027152069
4095,0.0014358077023644,0.0015402123099192977,8.19e-06,0.001371212027152069
4096,0.0016433840501122177,0.001486535431467928,8.192e-06,0.001371212027152069
4097,0.0017693793633952737,0.0018285226251464337,8.194000000000002e-06,0.001371212027152069
4098,0.0017009455768857151,0.0018244497186969966,8.196e-06,0.001371212027152069
4099,0.001625320132006891,0.0017945882864296436,8.198000000000002e-06,0.001371212027152069
4100,0.001812930277083069,0.0015876547840889543,8.200000000000001e-06,0.001371212027152069
4101,0.0015978157462086529,0.0018178941681981087,8.202e-06,0.001371212027152069
4102,0.0016163983673322946,0.0016287446778733283,8.204e-06,0.001371212027152069
4103,0.001792627983377315,0.0020876924536423758,8.206e-06,0.001371212027152069
4104,0.0018030921783065423,0.0015604596846969798,8.208e-06,0.001371212027152069
4105,0.0015809939795872197,0.001873710789368488,8.210000000000001e-06,0.001371212027152069
4106,0.0017779541376512498,0.0017418321367586032,8.212000000000002e-06,0.001371212027152069
4107,0.0021171494445297867,0.0017148788028862327,8.214e-06,0.001371212027152069
4108,0.0017281086620641872,0.0014458313380600885,8.216e-06,0.001371212027152069
4109,0.0019449461542535573,0.0017006604903144762,8.218e-06,0.001371212027152069
4110,0.0017420649382984266,0.001472456700867042,8.220000000000001e-06,0.001371212027152069
4111,0.0016400452150264755,0.0019675563235068694,8.222e-06,0.001371212027152069
4112,0.0017050419992301613,0.0016250603221124038,8.224000000000001e-06,0.001371212027152069
4113,0.001739950748742558,0.0015964895646902733,8.226e-06,0.001371212027152069
4114,0.0015942543977871537,0.0019116668408969417,8.228e-06,0.001371212027152069
4115,0.0017424691177438945,0.0017099952237913385,8.23e-06,0.001371212027152069
4116,0.001656435546465218,0.0018124848138540983,8.232e-06,0.001371212027152069
4117,0.0015965688071446493,0.001719518331810832,8.234000000000001e-06,0.001371212027152069
4118,0.0014692251133965328,0.0019165609264746308,8.236e-06,0.001371212027152069
4119,0.001831502333516255,0.001626413402846083,8.238000000000001e-06,0.001371212027152069
4120,0.0015177633467828855,0.0016260246193269268,8.24e-06,0.001371212027152069
4121,0.0016231161571340635,0.001606460333277937,8.242e-06,0.001371212027152069
4122,0.001737281185341999,0.001883623917819932,8.244000000000001e-06,0.001371212027152069
4123,0.001538086638902314,0.0014786992978770286,8.246e-06,0.001371212027152069
4124,0.0017591444629942998,0.0014704143104609102,8.248000000000001e-06,0.001371212027152069
4125,0.001879185758298263,0.0012990020695724525,8.25e-06,0.001371212027152069
4126,0.0016578845970798284,0.0014863732067169622,8.252000000000002e-06,0.0012990020695724525
4127,0.0019294438825454563,0.0016723462322261184,8.254000000000001e-06,0.0012990020695724525
4128,0.0017173901287605986,0.0016979749634629115,8.256e-06,0.0012990020695724525
4129,0.0014924074421287514,0.0016086613177321851,8.258e-06,0.0012990020695724525
4130,0.0016922355280257761,0.001836567636928521,8.26e-06,0.0012990020695724525
4131,0.001871826287242584,0.001810448316973634,8.262000000000002e-06,0.0012990020695724525
4132,0.0017162948352051899,0.0017674289410933852,8.264e-06,0.0012990020695724525
4133,0.0016804428159957752,0.0016038010799093172,8.266000000000002e-06,0.0012990020695724525
4134,0.0017564206063980237,0.0017033519834512845,8.268000000000001e-06,0.0012990020695724525
4135,0.0014716642181156203,0.001797176621039398,8.27e-06,0.0012990020695724525
4136,0.0015415039379149675,0.0016433459968538955,8.272e-06,0.0012990020695724525
4137,0.001796826851204969,0.0017901651008287445,8.274e-06,0.0012990020695724525
4138,0.0017762802162906155,0.001865485537564382,8.276e-06,0.0012990020695724525
4139,0.0018273214373039082,0.0016374760452890769,8.278000000000001e-06,0.0012990020695724525
4140,0.0015533224359387532,0.0016551658845855854,8.280000000000002e-06,0.0012990020695724525
4141,0.001707018687739037,0.0017481412360211834,8.282e-06,0.0012990020695724525
4142,0.0016903067735256627,0.0015457140834769234,8.284e-06,0.0012990020695724525
4143,0.0014574542437912896,0.001505955558968708,8.286e-06,0.0012990020695724525
4144,0.0014987370668677613,0.0018686329713091254,8.288000000000001e-06,0.0012990020695724525
4145,0.0018544620543252677,0.001812526665162295,8.29e-06,0.0012990020695724525
4146,0.0015414157242048532,0.0017447685677325353,8.292000000000001e-06,0.0012990020695724525
4147,0.0016290320345433429,0.0016917426401050761,8.294e-06,0.0012990020695724525
4148,0.0016391708195442334,0.0016975149046629667,8.296e-06,0.0012990020695724525
4149,0.0014491487963823602,0.0015074906332301907,8.298000000000001e-06,0.0012990020695724525
4150,0.001736401580274105,0.0019680689583765343,8.3e-06,0.0012990020695724525
4151,0.0015944686310831457,0.0015179399051703513,8.302000000000001e-06,0.0012990020695724525
4152,0.001831922767451033,0.0014094020589254797,8.304e-06,0.0012990020695724525
4153,0.001728940274915658,0.0015100159507710487,8.306000000000001e-06,0.0012990020695724525
4154,0.0015721536619821563,0.0016593846958130598,8.308e-06,0.0012990020695724525
4155,0.0013482561262208037,0.0016837958100950345,8.31e-06,0.0012990020695724525
4156,0.0017828118870966136,0.0016230904730036855,8.312000000000001e-06,0.0012990020695724525
4157,0.0016164011613000184,0.0017257969157071784,8.314e-06,0.0012990020695724525
4158,0.0016853708075359464,0.001661454480199609,8.316000000000001e-06,0.0012990020695724525
4159,0.0015978145238477737,0.0014771101414225996,8.318e-06,0.0012990020695724525
4160,0.0015571560361422598,0.0017340865306323394,8.320000000000002e-06,0.0012990020695724525
4161,0.0016263302240986377,0.0016464063373859972,8.322000000000001e-06,0.0012990020695724525
4162,0.0017039976955857128,0.0015444129094248638,8.324e-06,0.0012990020695724525
4163,0.001568870633491315,0.0015054223913466558,8.326e-06,0.0012990020695724525
4164,0.0014728860114701092,0.00178979363408871,8.328e-06,0.0012990020695724525
4165,0.0013987596321385354,0.0015276587073458359,8.330000000000002e-06,0.0012990020695724525
4166,0.0017006952548399568,0.0016655525396345183,8.332000000000001e-06,0.0012990020695724525
4167,0.0018365969008300453,0.0014778230543015525,8.334000000000002e-06,0.0012990020695724525
4168,0.0017306359659414738,0.001897607697173953,8.336000000000001e-06,0.0012990020695724525
4169,0.0014116589445620775,0.0016010223043849692,8.338e-06,0.0012990020695724525
4170,0.0014779902849113569,0.0015996681904653087,8.34e-06,0.0012990020695724525
4171,0.001673091173870489,0.0016852624394232407,8.342e-06,0.0012990020695724525
4172,0.0015819633554201573,0.0021059263090137392,8.344e-06,0.0012990020695724525
4173,0.001750093390000984,0.0016753041418269277,8.346000000000001e-06,0.0012990020695724525
4174,0.001707505012745969,0.0015171856939559802,8.348000000000002e-06,0.0012990020695724525
4175,0.0014865006087347865,0.001760013765306212,8.35e-06,0.0012990020695724525
4176,0.001904697361169383,0.0015883930609561503,8.352e-06,0.0012990020695724525
4177,0.001449733812478371,0.0016228693784796633,8.354e-06,0.0012990020695724525
4178,0.0014800427161389962,0.0015331307367887348,8.356000000000001e-06,0.0012990020695724525
4179,0.0015049430658109486,0.0014022129180375487,8.358e-06,0.0012990020695724525
4180,0.0017135586094809696,0.0017655944539001212,8.360000000000001e-06,0.0012990020695724525
4181,0.0016780915757408366,0.0016042746865423396,8.362e-06,0.0012990020695724525
4182,0.0016217299562413245,0.0019028531824005768,8.364e-06,0.0012990020695724525
4183,0.0014818739000475034,0.0017058299417840317,8.366000000000001e-06,0.0012990020695724525
4184,0.0015019001148175448,0.0014742941712029278,8.368e-06,0.0012990020695724525
4185,0.0016171824972843751,0.0017754130676621571,8.370000000000001e-06,0.0012990020695724525
4186,0.0017968738538911566,0.0016127520648296922,8.372e-06,0.0012990020695724525
4187,0.0015337516379076988,0.0014799625787418336,8.374000000000001e-06,0.0012990020695724525
4188,0.0016780624282546341,0.0015341692778747529,8.376e-06,0.0012990020695724525
4189,0.0016618509544059634,0.0014707737718708813,8.378e-06,0.0012990020695724525
4190,0.0017066577274817973,0.0015948081272654235,8.380000000000001e-06,0.0012990020695724525
4191,0.0015579747123410925,0.0017283201596001163,8.382e-06,0.0012990020695724525
4192,0.0014856871566735208,0.0016674842627253383,8.384000000000001e-06,0.0012990020695724525
4193,0.0016663206843077205,0.00155114741937723,8.386e-06,0.0012990020695724525
4194,0.0014636643172707409,0.0015987317165127024,8.388000000000002e-06,0.0012990020695724525
4195,0.0017494777857791632,0.0016822095567476936,8.390000000000001e-06,0.0012990020695724525
4196,0.0015970226741046645,0.0018039245624095201,8.392e-06,0.0012990020695724525
4197,0.0015678486233809963,0.0017422611417714506,8.394e-06,0.0012990020695724525
4198,0.00144390018976992,0.0020017118222313,8.396e-06,0.0012990020695724525
4199,0.0017291540425503626,0.001443433779058978,8.398000000000002e-06,0.0012990020695724525
4200,0.0014334381121443585,0.0016561901575187221,8.400000000000001e-06,0.0012990020695724525
4201,0.0014459546218859032,0.0018299272487638518,8.402000000000002e-06,0.0012990020695724525
4202,0.00180148879007902,0.0016519586351932958,8.404000000000001e-06,0.0012990020695724525
4203,0.00160023396165343,0.0016372231184504926,8.406e-06,0.0012990020695724525
4204,0.0017342458813800476,0.0018425957096042112,8.408e-06,0.0012990020695724525
4205,0.0017626161134103313,0.001619562870473601,8.41e-06,0.0012990020695724525
4206,0.001747359478031285,0.0015039303107187152,8.412e-06,0.0012990020695724525
4207,0.001637736553675495,0.0020363781368359923,8.414000000000001e-06,0.0012990020695724525
4208,0.0016776815464254469,0.0015001093997852877,8.416000000000002e-06,0.0012990020695724525
4209,0.001751204181346111,0.001741298707202077,8.418e-06,0.0012990020695724525
4210,0.0015815102960914373,0.0016912240535020828,8.42e-06,0.0012990020695724525
4211,0.0012934426995343529,0.0016209773602895439,8.422e-06,0.0012990020695724525
4212,0.0014727063826285303,0.0013684483856195584,8.424000000000001e-06,0.0012990020695724525
4213,0.0014441391613218002,0.0015126567159313709,8.426e-06,0.0012990020695724525
4214,0.0015971817629178986,0.0016046574455685914,8.428000000000001e-06,0.0012990020695724525
4215,0.0015945412014843896,0.0018180642364313826,8.43e-06,0.0012990020695724525
4216,0.0017001515516312793,0.001598448259755969,8.432e-06,0.0012990020695724525
4217,0.0016078304615803063,0.001548185115098022,8.434000000000001e-06,0.0012990020695724525
4218,0.0015961454409989528,0.0015064895851537585,8.436e-06,0.0012990020695724525
4219,0.001727186405332759,0.0014646590716438368,8.438000000000001e-06,0.0012990020695724525
4220,0.0016317943955073133,0.0015417776157846674,8.44e-06,0.0012990020695724525
4221,0.0016099359636427835,0.0014361554785864428,8.442000000000002e-06,0.0012990020695724525
4222,0.001657570173847489,0.0015608990070177242,8.444e-06,0.0012990020695724525
4223,0.0016380867164116353,0.001787175118806772,8.446e-06,0.0012990020695724525
4224,0.0015294425684260204,0.001537665375508368,8.448000000000001e-06,0.0012990020695724525
4225,0.0014563073636963964,0.0014589038910344243,8.45e-06,0.0012990020695724525
4226,0.0015789563476573676,0.0016249496111413464,8.452000000000001e-06,0.0012990020695724525
4227,0.0016691723722033203,0.0015276417252607644,8.454e-06,0.0012990020695724525
4228,0.0015509546501562,0.0019814665283774957,8.456000000000002e-06,0.0012990020695724525
4229,0.001853868379839696,0.0014925784562365152,8.458000000000001e-06,0.0012990020695724525
4230,0.0016672506462782621,0.0018913406529463828,8.46e-06,0.0012990020695724525
4231,0.0018228778499178588,0.0014767895045224577,8.462e-06,0.0012990020695724525
4232,0.001642353759962134,0.001553927009808831,8.464e-06,0.0012990020695724525
4233,0.0015928176580928266,0.0014475068164756522,8.466000000000002e-06,0.0012990020695724525
4234,0.0016117812920128927,0.0015781994370627217,8.468000000000001e-06,0.0012990020695724525
4235,0.0017002545500872657,0.0020655095868278295,8.470000000000002e-06,0.0012990020695724525
4236,0.0016606785211479291,0.0018009487394010648,8.472e-06,0.0012990020695724525
4237,0.00160176694043912,0.0014969397452659905,8.474e-06,0.0012990020695724525
4238,0.0018642586073838174,0.0014791141729801893,8.476e-06,0.0012990020695724525
4239,0.0015753647749079391,0.001728540111798793,8.478e-06,0.0012990020695724525
4240,0.0014826029218966141,0.001559974713018164,8.48e-06,0.0012990020695724525
4241,0.0016355202096747234,0.0015288383001461625,8.482000000000001e-06,0.0012990020695724525
4242,0.0014309482357930392,0.0014266310026869178,8.484e-06,0.0012990020695724525
4243,0.0013702338765142485,0.0015580406470689923,8.486e-06,0.0012990020695724525
4244,0.0015134597342694178,0.0018452083750162274,8.488e-06,0.0012990020695724525
4245,0.0015001672582002357,0.001496335127740167,8.49e-06,0.0012990020695724525
4246,0.001657719985814765,0.001484452557633631,8.492000000000001e-06,0.0012990020695724525
4247,0.001415728242136538,0.001611952146049589,8.494e-06,0.0012990020695724525
4248,0.0017374300950905308,0.00156762074038852,8.496000000000001e-06,0.0012990020695724525
4249,0.0017575410602148622,0.0017365746025461704,8.498e-06,0.0012990020695724525
4250,0.0016231063345912844,0.001530927256681025,8.5e-06,0.0012990020695724525
4251,0.0015737144130980596,0.0014311085833469406,8.502000000000001e-06,0.0012990020695724525
4252,0.0017174644890474156,0.0013996096677146852,8.504e-06,0.0012990020695724525
4253,0.0015936037962092087,0.0015204726514639333,8.506000000000001e-06,0.0012990020695724525
4254,0.001443775268853642,0.0013380612508626655,8.508e-06,0.0012990020695724525
4255,0.0015319926023948938,0.0015261024091159925,8.510000000000002e-06,0.0012990020695724525
4256,0.0014971361233619973,0.00176756847940851,8.512e-06,0.0012990020695724525
4257,0.0017588522896403447,0.0017418796342099085,8.514e-06,0.0012990020695724525
4258,0.0016000195610104129,0.0018585873040137812,8.516000000000001e-06,0.0012990020695724525
4259,0.0014540706615662202,0.0016184994747163728,8.518e-06,0.0012990020695724525
4260,0.0016559800133109093,0.0014030997699592263,8.520000000000001e-06,0.0012990020695724525
4261,0.001416801183950156,0.0019347245979588479,8.522e-06,0.0012990020695724525
4262,0.0016183379775611684,0.0015607090463163331,8.524000000000002e-06,0.0012990020695724525
4263,0.0015947391657391563,0.001785081869456917,8.526000000000001e-06,0.0012990020695724525
4264,0.001630727740121074,0.0017284036584896967,8.528e-06,0.0012990020695724525
4265,0.001558767442475073,0.0018145724316127598,8.53e-06,0.0012990020695724525
4266,0.001716841070447117,0.0014316478773253039,8.532e-06,0.0012990020695724525
4267,0.0016322312731062993,0.001581432094099,8.534000000000002e-06,0.0012990020695724525
4268,0.001544619612104725,0.0016580264345975593,8.536000000000001e-06,0.0012990020695724525
4269,0.001438977022189647,0.0015499497239943594,8.538000000000002e-06,0.0012990020695724525
4270,0.0015298445941880345,0.0016937517502810806,8.54e-06,0.0012990020695724525
4271,0.001838858748669736,0.001546748957480304,8.542e-06,0.0012990020695724525
4272,0.0016122312226798385,0.0016173395270016044,8.544e-06,0.0012990020695724525
4273,0.0014574577216990292,0.0015735991182737052,8.546000000000001e-06,0.0012990020695724525
4274,0.0015306083369068801,0.0016208268934860826,8.548e-06,0.0012990020695724525
4275,0.00157319319259841,0.0014984263543738052,8.550000000000001e-06,0.0012990020695724525
4276,0.0017335098527837545,0.0013771466619800776,8.552e-06,0.0012990020695724525
4277,0.00144954705319833,0.001536012816359289,8.554e-06,0.0012990020695724525
4278,0.0015891513467067853,0.001329309816355817,8.556e-06,0.0012990020695724525
4279,0.0016501983045600355,0.001525564570329152,8.558e-06,0.0012990020695724525
4280,0.0017197836423292756,0.0015516314015258104,8.560000000000001e-06,0.0012990020695724525
4281,0.001371306978398934,0.0016573696921113878,8.562e-06,0.0012990020695724525
4282,0.0019495555170578882,0.0013172618564567529,8.564000000000001e-06,0.0012990020695724525
4283,0.0015144415810937062,0.001583809164003469,8.566e-06,0.0012990020695724525
4284,0.001669963079621084,0.0014610915241064504,8.568e-06,0.0012990020695724525
4285,0.0018180449260398746,0.0014309569378383458,8.570000000000001e-06,0.0012990020695724525
4286,0.0015240529901348054,0.0018024292367044836,8.572e-06,0.0012990020695724525
4287,0.0014175861433614045,0.0018156368896597996,8.574000000000001e-06,0.0012990020695724525
4288,0.0014972406206652522,0.0013600657403003424,8.576e-06,0.0012990020695724525
4289,0.0015517787833232433,0.0016385656781494617,8.578000000000002e-06,0.0012990020695724525
4290,0.0015447298501385376,0.0017204747709911317,8.580000000000001e-06,0.0012990020695724525
4291,0.0017151929496321827,0.0014984020817792043,8.582e-06,0.0012990020695724525
4292,0.0013937360927229747,0.001472422831284348,8.584000000000001e-06,0.0012990020695724525
4293,0.0015230745484586805,0.0015607908862875775,8.586e-06,0.0012990020695724525
4294,0.001550988614326343,0.0017340018384857103,8.588000000000001e-06,0.0012990020695724525
4295,0.001592018932569772,0.0014654894621344283,8.59e-06,0.0012990020695724525
4296,0.0015012766889412887,0.0017957429081434384,8.592000000000002e-06,0.0012990020695724525
4297,0.0015644569211872295,0.0018432420765748248,8.594000000000001e-06,0.0012990020695724525
4298,0.0015979635645635426,0.001713585777906701,8.596e-06,0.0012990020695724525
4299,0.001343455965979956,0.0015718231443315744,8.598e-06,0.0012990020695724525
4300,0.001593475928530097,0.0015831917698960751,8.6e-06,0.0012990020695724525
4301,0.0013687120517715812,0.0014308014942798764,8.602000000000002e-06,0.0012990020695724525
4302,0.001443957386072725,0.0015868866321397945,8.604000000000001e-06,0.0012990020695724525
4303,0.00163823836192023,0.0022268625325523317,8.606000000000002e-06,0.0012990020695724525
4304,0.0016909566620597616,0.0015860938146943226,8.608e-06,0.0012990020695724525
4305,0.0017458978691138327,0.0016306372854160145,8.61e-06,0.0012990020695724525
4306,0.0015520144734182395,0.001799636782379821,8.612e-06,0.0012990020695724525
4307,0.0016432440461358055,0.0015947081410558894,8.614000000000001e-06,0.0012990020695724525
4308,0.0014909534074831754,0.0016179440135601908,8.616e-06,0.0012990020695724525
4309,0.0016166591958608478,0.001547578940517269,8.618000000000001e-06,0.0012990020695724525
4310,0.0016106753173517063,0.0012685799301834777,8.62e-06,0.0012990020695724525
4311,0.001572378707351163,0.0014434430631808937,8.622e-06,0.0012685799301834777
4312,0.0014736013690708205,0.0015419854171341285,8.624e-06,0.0012685799301834777
4313,0.0016978628846118227,0.0016424381319666281,8.626e-06,0.0012685799301834777
4314,0.001438367209630087,0.001377992935886141,8.628000000000001e-06,0.0012685799301834777
4315,0.0014970562042435631,0.0015582206106046215,8.63e-06,0.0012685799301834777
4316,0.0013412909029284492,0.001438432140275836,8.632000000000001e-06,0.0012685799301834777
4317,0.0014652268291683868,0.0012677273189183325,8.634e-06,0.0012685799301834777
4318,0.0015362332487711683,0.001536760712042451,8.636e-06,0.0012677273189183325
4319,0.00150978090823628,0.0013722021540161222,8.638000000000001e-06,0.0012677273189183325
4320,0.0016721731080906466,0.001520150552096311,8.64e-06,0.0012677273189183325
4321,0.0015801407280378044,0.0014676132996100932,8.642000000000001e-06,0.0012677273189183325
4322,0.0015553851262666285,0.0015117464063223451,8.644e-06,0.0012677273189183325
4323,0.001824276172555983,0.0015734256157884374,8.646000000000002e-06,0.0012677273189183325
4324,0.0014975375961512327,0.0014836193586234003,8.648000000000001e-06,0.0012677273189183325
4325,0.0013514262100216001,0.001480303515563719,8.65e-06,0.0012677273189183325
4326,0.00166077702306211,0.001545372375403531,8.652000000000001e-06,0.0012677273189183325
4327,0.0016574905021116138,0.0014626121410401538,8.654e-06,0.0012677273189183325
4328,0.001545082253869623,0.0015749913727631792,8.656000000000001e-06,0.0012677273189183325
4329,0.0016565891564823687,0.0013439010945148766,8.658e-06,0.0012677273189183325
4330,0.0016859178722370416,0.001781098049832508,8.660000000000002e-06,0.0012677273189183325
4331,0.0015789887984283268,0.0014533341163769364,8.662000000000001e-06,0.0012677273189183325
4332,0.0013676932430826128,0.0013623482445836999,8.664e-06,0.0012677273189183325
4333,0.001751597534166649,0.001604941047844477,8.666e-06,0.0012677273189183325
4334,0.0014812771114520729,0.001674590734182857,8.668e-06,0.0012677273189183325
4335,0.0015408004401251674,0.0015080794837558642,8.670000000000002e-06,0.0012677273189183325
4336,0.0015578922975691967,0.0017797405598685145,8.672000000000001e-06,0.0012677273189183325
4337,0.0015121500910026953,0.0016431185504188761,8.674000000000002e-06,0.0012677273189183325
4338,0.0014793276059208438,0.0014922409318387508,8.676e-06,0.0012677273189183325
4339,0.0014912407204974443,0.0015385936858365312,8.678e-06,0.0012677273189183325
4340,0.001608891790965572,0.0014460116217378527,8.68e-06,0.0012677273189183325
4341,0.001464894536184147,0.0013960289070382714,8.682000000000001e-06,0.0012677273189183325
4342,0.0015133681590668857,0.0016202624829020351,8.684e-06,0.0012677273189183325
4343,0.0015230971766868606,0.0016180465026991442,8.686000000000001e-06,0.0012677273189183325
4344,0.0015535553975496441,0.0017216824344359338,8.688e-06,0.0012677273189183325
4345,0.0017839089268818498,0.001618117508769501,8.69e-06,0.0012677273189183325
4346,0.0016703252622392029,0.0018879868439398706,8.692e-06,0.0012677273189183325
4347,0.0018394940707366914,0.0018140037427656353,8.694e-06,0.0012677273189183325
4348,0.001611243249499239,0.0014750392874702811,8.696000000000001e-06,0.0012677273189183325
4349,0.001645820462726988,0.0015303881955333054,8.698e-06,0.0012677273189183325
4350,0.0014129331757430919,0.0013609563538921066,8.700000000000001e-06,0.0012677273189183325
4351,0.0016806244238978252,0.001376205516862683,8.702e-06,0.0012677273189183325
4352,0.0016596347995800897,0.001485414308262989,8.704e-06,0.0012677273189183325
4353,0.0013668052124558017,0.0014990537165431306,8.706000000000001e-06,0.0012677273189183325
4354,0.0015894771204330027,0.0016398229054175317,8.708e-06,0.0012677273189183325
4355,0.001810415109503083,0.0016538157942704856,8.710000000000001e-06,0.0012677273189183325
4356,0.0016722317377571017,0.0015298311918741092,8.712e-06,0.0012677273189183325
4357,0.001818237971747294,0.0017144517478300259,8.714000000000002e-06,0.0012677273189183325
4358,0.0015845065208850428,0.0015123942866921425,8.716000000000001e-06,0.0012677273189183325
4359,0.0016207057051360607,0.0014302221534308046,8.718e-06,0.0012677273189183325
4360,0.0015779005552758463,0.001601946190930903,8.720000000000001e-06,0.0012677273189183325
4361,0.001374212559312582,0.0015071081288624555,8.722e-06,0.0012677273189183325
4362,0.0016495299496455118,0.0014913224877091125,8.724000000000002e-06,0.0012677273189183325
4363,0.001498490004451014,0.0015294408076442778,8.726e-06,0.0012677273189183325
4364,0.0017199630965478718,0.0016651017940603197,8.728000000000002e-06,0.0012677273189183325
4365,0.0016088476841105148,0.0018371566839050502,8.73e-06,0.0012677273189183325
4366,0.0015012606600066647,0.001485754459281452,8.732e-06,0.0012677273189183325
4367,0.0015695739712100476,0.0015415871021104977,8.734e-06,0.0012677273189183325
4368,0.0013894510702812113,0.001614179345779121,8.736e-06,0.0012677273189183325
4369,0.0015465313190361485,0.0016196803626371548,8.738000000000002e-06,0.0012677273189183325
4370,0.0015181233757175505,0.0014980119012761861,8.740000000000001e-06,0.0012677273189183325
4371,0.001572603199747391,0.0015860031853662804,8.742e-06,0.0012677273189183325
4372,0.0014700082101626322,0.0012640519926208071,8.744e-06,0.0012677273189183325
4373,0.0013621605176012963,0.0019319181301398203,8.746e-06,0.0012640519926208071
4374,0.0014779816992813721,0.0015275073747034185,8.748e-06,0.0012640519926208071
4375,0.0015132625048863702,0.0016824538906803355,8.750000000000001e-06,0.0012640519926208071
4376,0.001582455006428063,0.0013990917650517076,8.752e-06,0.0012640519926208071
4377,0.0012833535802201368,0.001390752149745822,8.754000000000001e-06,0.0012640519926208071
4378,0.0017158726695924997,0.0017174896493088454,8.756e-06,0.0012640519926208071
4379,0.001483167870901525,0.0013646362931467593,8.758e-06,0.0012640519926208071
4380,0.0013134884284227155,0.001270283231860958,8.76e-06,0.0012640519926208071
4381,0.0016089200362330303,0.001452621232601814,8.762e-06,0.0012640519926208071
4382,0.0018323317781323567,0.0014790521454415284,8.764000000000001e-06,0.0012640519926208071
4383,0.0013977699854876846,0.0017021375097101554,8.766e-06,0.0012640519926208071
4384,0.0015827350216568448,0.0017066515429178253,8.768000000000001e-06,0.0012640519926208071
4385,0.0016846077051013708,0.0013962142111267895,8.77e-06,0.0012640519926208071
4386,0.0016086613468360156,0.001458123282645829,8.772e-06,0.0012640519926208071
4387,0.0014051479665795341,0.0016501884965691715,8.774000000000001e-06,0.0012640519926208071
4388,0.0015198480541585013,0.0014084368740441278,8.776e-06,0.0012640519926208071
4389,0.0012897019914817065,0.0014938015665393323,8.778000000000001e-06,0.0012640519926208071
4390,0.0015419548435602337,0.0015705871919635683,8.78e-06,0.0012640519926208071
4391,0.0015073325630510226,0.0014839196228422225,8.782000000000002e-06,0.0012640519926208071
4392,0.0014395968537428416,0.0014404212997760624,8.784000000000001e-06,0.0012640519926208071
4393,0.0016593612381257117,0.0012520691598183475,8.786e-06,0.0012640519926208071
4394,0.001422572080628015,0.0014812463195994496,8.788000000000001e-06,0.0012520691598183475
4395,0.0013324886895134114,0.0014239497686503455,8.79e-06,0.0012520691598183475
4396,0.0016324084426742047,0.0014220410521375015,8.792000000000002e-06,0.0012520691598183475
4397,0.0016290274797938764,0.0015150560502661392,8.794e-06,0.0012520691598183475
4398,0.001479360886150971,0.0014255055139074102,8.796000000000002e-06,0.0012520691598183475
4399,0.0014176757540553808,0.001559882060973905,8.798e-06,0.0012520691598183475
4400,0.0015786601870786399,0.0014327345488709398,8.8e-06,0.0012520691598183475
4401,0.001606319725397043,0.0017683603218756616,8.802e-06,0.0012520691598183475
4402,0.0015835488156881183,0.0013850353861926123,8.804e-06,0.0012520691598183475
4403,0.0012858663758379407,0.001379640969389584,8.806000000000002e-06,0.0012520691598183475
4404,0.0017388986161677167,0.0015610878326697275,8.808000000000001e-06,0.0012520691598183475
4405,0.0014919120003469288,0.0016405032947659492,8.81e-06,0.0012520691598183475
4406,0.001355466985842213,0.001588609244208783,8.812e-06,0.0012520691598183475
4407,0.001548969157738611,0.0013789531803922728,8.814e-06,0.0012520691598183475
4408,0.0015304308471968397,0.0014700397587148473,8.816e-06,0.0012520691598183475
4409,0.0016648493547108956,0.001482220584875904,8.818000000000001e-06,0.0012520691598183475
4410,0.0015281391606549732,0.0014107324241194874,8.82e-06,0.0012520691598183475
4411,0.0014346450479933992,0.0015684193131164648,8.822000000000001e-06,0.0012520691598183475
4412,0.0013601745886262506,0.0014077951927902177,8.824e-06,0.0012520691598183475
4413,0.0015136704460019246,0.0015610283880960196,8.826e-06,0.0012520691598183475
4414,0.0015223668451653793,0.001758171827532351,8.828000000000001e-06,0.0012520691598183475
4415,0.0013730559076066129,0.001149247029388789,8.83e-06,0.0012520691598183475
4416,0.001425970156560652,0.001539537392091006,8.832000000000001e-06,0.001149247029388789
4417,0.0014518367825075984,0.0012014580861432478,8.834e-06,0.001149247029388789
4418,0.00152283109491691,0.001466601766878739,8.836000000000001e-06,0.001149247029388789
4419,0.001534065646410454,0.001465169043513015,8.838e-06,0.001149247029388789
4420,0.0016333313978975639,0.0017292876436840743,8.84e-06,0.001149247029388789
4421,0.0016458176396554336,0.0013494098820956424,8.842000000000001e-06,0.001149247029388789
4422,0.0017440290757804178,0.0014841836964478716,8.844e-06,0.001149247029388789
4423,0.0012875460088253021,0.001497113931691274,8.846000000000001e-06,0.001149247029388789
4424,0.0013547829585149884,0.0014469267189269885,8.848e-06,0.001149247029388789
4425,0.0014799997807131149,0.0016624877462163568,8.850000000000002e-06,0.001149247029388789
4426,0.0014891952159814537,0.001562102828756906,8.852000000000001e-06,0.001149247029388789
4427,0.001489289636083413,0.001351380517007783,8.854e-06,0.001149247029388789
4428,0.001325578530668281,0.0015575293655274436,8.856000000000001e-06,0.001149247029388789
4429,0.0016669015894876793,0.0014861859672237188,8.858e-06,0.001149247029388789
4430,0.001585711564985104,0.0012003342853859067,8.860000000000002e-06,0.001149247029388789
4431,0.0016095087776193395,0.0013427726225927472,8.862000000000001e-06,0.001149247029388789
4432,0.0013877532037440687,0.001460352708818391,8.864000000000002e-06,0.001149247029388789
4433,0.0016034511645557359,0.0014357506152009591,8.866e-06,0.001149247029388789
4434,0.0015910706424620003,0.0016508585395058617,8.868e-06,0.001149247029388789
4435,0.0013312733499333262,0.0015687635750509799,8.87e-06,0.001149247029388789
4436,0.001460331113776192,0.0016389603551942855,8.872e-06,0.001149247029388789
4437,0.0013510206044884399,0.0013886220986023545,8.874000000000002e-06,0.001149247029388789
4438,0.0015084904589457437,0.0015577632730128244,8.876000000000001e-06,0.001149247029388789
4439,0.0014507848682114854,0.0013738946581725031,8.878e-06,0.001149247029388789
4440,0.0015717903661425225,0.001455746649298817,8.88e-06,0.001149247029388789
4441,0.0014088143580011092,0.0014715846118633635,8.882e-06,0.001149247029388789
4442,0.0016509004053659737,0.001508209214080125,8.884e-06,0.001149247029388789
4443,0.0015876121615292504,0.0017410825385013595,8.886000000000001e-06,0.001149247029388789
4444,0.0014950468175811693,0.0014899129018886015,8.888e-06,0.001149247029388789
4445,0.0014079962056712247,0.0017441429663449526,8.890000000000001e-06,0.001149247029388789
4446,0.0018406164745101705,0.0015184340154519305,8.892e-06,0.001149247029388789
4447,0.0015636868629371747,0.001497202756581828,8.894e-06,0.001149247029388789
4448,0.001557283685542643,0.0014488770975731313,8.896000000000001e-06,0.001149247029388789
4449,0.0012809892505174503,0.0013141353410901502,8.898e-06,0.001149247029388789
4450,0.00139543971454259,0.0015454531967407092,8.900000000000001e-06,0.001149247029388789
4451,0.001494064403232187,0.0014117738319328055,8.902e-06,0.001149247029388789
4452,0.0013657604140462354,0.0015951946115819737,8.904000000000001e-06,0.001149247029388789
4453,0.001509373054432217,0.0015270514122676104,8.906e-06,0.001149247029388789
4454,0.0014370533026522025,0.001636538581806235,8.908e-06,0.001149247029388789
4455,0.0016920413327170536,0.0016472422139486298,8.910000000000001e-06,0.001149247029388789
4456,0.0016434025528724305,0.0015992585249477997,8.912e-06,0.001149247029388789
4457,0.0016064509836724028,0.0014240084128687158,8.914000000000001e-06,0.001149247029388789
4458,0.0013994478940730914,0.0015397097740788013,8.916e-06,0.001149247029388789
4459,0.0015275359328370541,0.0013593767653219402,8.918000000000002e-06,0.001149247029388789
4460,0.0013808661678922363,0.0014784606391913258,8.920000000000001e-06,0.001149247029388789
4461,0.0013844899222021922,0.0013397080183494836,8.922e-06,0.001149247029388789
4462,0.0015405600424855947,0.0015959171869326383,8.924000000000001e-06,0.001149247029388789
4463,0.0014982230786699802,0.0014273445194703527,8.926e-06,0.001149247029388789
4464,0.0015797183732502162,0.0016950239514699206,8.928000000000002e-06,0.001149247029388789
4465,0.0012719773876597174,0.0014337167522171512,8.930000000000001e-06,0.001149247029388789
4466,0.0016034342697821558,0.001519376746728085,8.932000000000002e-06,0.001149247029388789
4467,0.0013957763148937374,0.0014765600208193064,8.934e-06,0.001149247029388789
4468,0.0014642632595496252,0.0015036106706247665,8.936e-06,0.001149247029388789
4469,0.0014370357675943524,0.001660066089243628,8.938e-06,0.001149247029388789
4470,0.0014582120929844677,0.0015798005042597651,8.94e-06,0.001149247029388789
4471,0.0015783170965733007,0.0014666549395769835,8.942000000000002e-06,0.001149247029388789
4472,0.0012910600780742243,0.0015064195467857644,8.944000000000001e-06,0.001149247029388789
4473,0.0017233813705388457,0.001385117560857907,8.946e-06,0.001149247029388789
4474,0.001515840966021642,0.0016673679347150028,8.948e-06,0.001149247029388789
4475,0.001519059602287598,0.001175385739770718,8.95e-06,0.001149247029388789
4476,0.0015224679373204708,0.0013691855056094937,8.952e-06,0.001149247029388789
4477,0.001437967162928544,0.001823629005230032,8.954000000000001e-06,0.001149247029388789
4478,0.0015014830132713541,0.0013610525493277237,8.956e-06,0.001149247029388789
4479,0.0013748337732977234,0.0017575309466337785,8.958000000000001e-06,0.001149247029388789
4480,0.0014397052509593777,0.0015799700559000485,8.96e-06,0.001149247029388789
4481,0.0016205399006139487,0.0016407726507168263,8.962e-06,0.001149247029388789
4482,0.0013136513298377395,0.0015061703888932243,8.964000000000001e-06,0.001149247029388789
4483,0.0013665555597981438,0.001357753855700139,8.966e-06,0.001149247029388789
4484,0.0013444737342069857,0.001587447477504611,8.968000000000001e-06,0.001149247029388789
4485,0.0014496004150714725,0.0015457401750609279,8.97e-06,0.001149247029388789
4486,0.0015821922934264876,0.0012969621675438248,8.972000000000002e-06,0.001149247029388789
4487,0.0015344590865424834,0.00156637562031392,8.974e-06,0.001149247029388789
4488,0.0016185998974833637,0.0014441190578509122,8.976e-06,0.001149247029388789
4489,0.0017135637026512995,0.0014264688943512738,8.978000000000001e-06,0.001149247029388789
4490,0.0016964207316050306,0.0014425865447265096,8.98e-06,0.001149247029388789
4491,0.0012812306886189617,0.0015497257409151644,8.982000000000001e-06,0.001149247029388789
4492,0.0013307275221450254,0.001442448075977154,8.984e-06,0.001149247029388789
4493,0.001481723491451703,0.0016970010619843379,8.986000000000002e-06,0.001149247029388789
4494,0.0015060719597386196,0.0016979439096758142,8.988e-06,0.001149247029388789
4495,0.0015332993789343163,0.0015501935995416716,8.99e-06,0.001149247029388789
4496,0.0015342052793130279,0.0012977155201951973,8.992000000000001e-06,0.001149247029388789
4497,0.001272823486942798,0.001201028389914427,8.994e-06,0.001149247029388789
4498,0.001471687966841273,0.0016497918986715376,8.996000000000002e-06,0.001149247029388789
4499,0.0013183218979975209,0.0017739775066729635,8.998000000000001e-06,0.001149247029388789
4500,0.001400145898514893,0.0013465473311953247,9e-06,0.001149247029388789
4501,0.0012509738371591084,0.001556627481477335,9.002e-06,0.001149247029388789
4502,0.0015916633565211669,0.0012788457243004814,9.004e-06,0.001149247029388789
4503,0.0014002171956235543,0.0013802082103211433,9.006e-06,0.001149247029388789
4504,0.0014030639576958492,0.0015604345535393804,9.008e-06,0.001149247029388789
4505,0.001254546907148324,0.0017949262401089072,9.010000000000002e-06,0.001149247029388789
4506,0.0010763956961454824,0.0013897137687308714,9.012000000000001e-06,0.001149247029388789
4507,0.0014594559761462733,0.0014031869068276137,9.014e-06,0.001149247029388789
4508,0.0013948989362688735,0.0016326264158124104,9.016e-06,0.001149247029388789
4509,0.0013383317418629304,0.0013880078549846075,9.018e-06,0.001149247029388789
4510,0.0016759899735916406,0.0015925542102195323,9.02e-06,0.001149247029388789
4511,0.0014829153515165672,0.0015026288019726053,9.022000000000001e-06,0.001149247029388789
4512,0.0015383263671537861,0.0013775312545476481,9.024e-06,0.001149247029388789
4513,0.0014968975374358706,0.0015736222121631727,9.026000000000001e-06,0.001149247029388789
4514,0.0014043436822248623,0.001710975033347495,9.028e-06,0.001149247029388789
4515,0.0016864138015080243,0.001386883763188962,9.03e-06,0.001149247029388789
4516,0.0013213459678809159,0.0014519410178763792,9.032000000000001e-06,0.001149247029388789
4517,0.001504308747826144,0.0015365729777840897,9.034e-06,0.001149247029388789
4518,0.0014342506765387952,0.0011356171962688677,9.036000000000001e-06,0.001149247029388789
4519,0.0014080256223678589,0.0013710245475522242,9.038e-06,0.0011356171962688677
4520,0.0013482164576998912,0.0013753086095675826,9.040000000000002e-06,0.0011356171962688677
4521,0.0015083874750416726,0.0013350910667213611,9.042e-06,0.0011356171962688677
4522,0.0014631866506533697,0.0014950283948564902,9.044e-06,0.0011356171962688677
4523,0.0014579481721739285,0.0013047909596934915,9.046000000000001e-06,0.0011356171962688677
4524,0.0012623434304259717,0.0014197447599144652,9.048e-06,0.0011356171962688677
4525,0.0013791102755931206,0.0013280580751597881,9.050000000000001e-06,0.0011356171962688677
4526,0.0015068021311890334,0.0014381461587618105,9.052e-06,0.0011356171962688677
4527,0.0013525259055313654,0.001518668417702429,9.054000000000002e-06,0.0011356171962688677
4528,0.001407263640430756,0.0016072560247266665,9.056e-06,0.0011356171962688677
4529,0.0015550057432847098,0.001502883867942728,9.058e-06,0.0011356171962688677
4530,0.001402693975251168,0.0014651669771410525,9.060000000000001e-06,0.0011356171962688677
4531,0.0015297670252039097,0.001811014677514322,9.062e-06,0.0011356171962688677
4532,0.0015693954192101955,0.0013428496968117543,9.064000000000002e-06,0.0011356171962688677
4533,0.0016201340986299329,0.0014183346356730908,9.066000000000001e-06,0.0011356171962688677
4534,0.00182577088708058,0.001469329850806389,9.068e-06,0.0011356171962688677
4535,0.001515122436103411,0.0014710539908264764,9.07e-06,0.0011356171962688677
4536,0.0015672087465645745,0.001316326997766737,9.072e-06,0.0011356171962688677
4537,0.0014332957362057641,0.0013923975348006934,9.074e-06,0.0011356171962688677
4538,0.0014730826951563358,0.0015470585494767874,9.076000000000001e-06,0.0011356171962688677
4539,0.0011246656431467272,0.0014414719116757624,9.078000000000002e-06,0.0011356171962688677
4540,0.00162300107331248,0.0013101180957164615,9.080000000000001e-06,0.0011356171962688677
4541,0.0015852355427341536,0.0012801613484043628,9.082e-06,0.0011356171962688677
4542,0.0015006967732915655,0.0015814354846952483,9.084e-06,0.0011356171962688677
4543,0.0015672411536797881,0.0012707618589047343,9.086e-06,0.0011356171962688677
4544,0.0015651421999791637,0.0013036244854447432,9.088e-06,0.0011356171962688677
4545,0.001716052764095366,0.0016840537573443726,9.090000000000001e-06,0.0011356171962688677
4546,0.0014019375230418518,0.0013590042508440092,9.092e-06,0.0011356171962688677
4547,0.0014126645837677643,0.0016743718297220767,9.094000000000001e-06,0.0011356171962688677
4548,0.0015653845039196312,0.0011109461120213382,9.096e-06,0.0011356171962688677
4549,0.0013414145651040599,0.0014575450186384842,9.098e-06,0.0011109461120213382
4550,0.0015267243434209377,0.0013545248366426677,9.100000000000001e-06,0.0011109461120213382
4551,0.0014866074925521389,0.001515565498266369,9.102e-06,0.0011109461120213382
4552,0.0014102543718763627,0.0014316497254185379,9.104000000000001e-06,0.0011109461120213382
4553,0.001305322082771454,0.0015049757057568058,9.106e-06,0.0011109461120213382
4554,0.0013626409927383065,0.0014211325760697946,9.108000000000002e-06,0.0011109461120213382
4555,0.0015206391108222306,0.0014691886608488858,9.110000000000001e-06,0.0011109461120213382
4556,0.001670614568865858,0.0013268498951219954,9.112e-06,0.0011109461120213382
4557,0.0015996280417311937,0.0015386862796731293,9.114000000000001e-06,0.0011109461120213382
4558,0.0012840830531786196,0.0012652037621592171,9.116e-06,0.0011109461120213382
4559,0.0015975528949638829,0.0014873808540869504,9.118000000000001e-06,0.0011109461120213382
4560,0.0015727342397440225,0.0011963661454501562,9.12e-06,0.0011109461120213382
4561,0.0014520641707349569,0.0012703371394309215,9.122000000000002e-06,0.0011109461120213382
4562,0.0015922109014354646,0.0014420717488974333,9.124e-06,0.0011109461120213382
4563,0.001396855448547285,0.0014387874398380518,9.126e-06,0.0011109461120213382
4564,0.0013161984243197367,0.001771004346664995,9.128000000000001e-06,0.0011109461120213382
4565,0.001283128782233689,0.0013261407220852561,9.13e-06,0.0011109461120213382
4566,0.001255126262549311,0.0015427900580107234,9.132000000000002e-06,0.0011109461120213382
4567,0.0015088344371179119,0.001269614222110249,9.134000000000001e-06,0.0011109461120213382
4568,0.0013861676488886587,0.0015803809292265214,9.136e-06,0.0011109461120213382
4569,0.0014752640126971528,0.0015107613362488337,9.138e-06,0.0011109461120213382
4570,0.0014476956421276554,0.0015027646804810502,9.14e-06,0.0011109461120213382
4571,0.001354129723040387,0.0011640335214906372,9.142e-06,0.0011109461120213382
4572,0.0018504143663449213,0.001654740030062385,9.144000000000001e-06,0.0011109461120213382
4573,0.0014037020737305284,0.0014030414022272453,9.146000000000002e-06,0.0011109461120213382
4574,0.0013210679971962236,0.0013492830039467663,9.148000000000001e-06,0.0011109461120213382
4575,0.0018060356960631907,0.0015658102493034676,9.15e-06,0.0011109461120213382
4576,0.0013738031120738015,0.001306129910517484,9.152e-06,0.0011109461120213382
4577,0.0013683421857422218,0.0014476177893811837,9.154e-06,0.0011109461120213382
4578,0.0014175379037624225,0.0011665884958347306,9.156e-06,0.0011109461120213382
4579,0.0014189485009410419,0.0014838618517387658,9.158000000000001e-06,0.0011109461120213382
4580,0.0013489275734173134,0.001435825164662674,9.16e-06,0.0011109461120213382
4581,0.0014871909661451355,0.0015684936006437056,9.162000000000001e-06,0.0011109461120213382
4582,0.0015538966399617493,0.0016716940517653711,9.164e-06,0.0011109461120213382
4583,0.0013675837180926464,0.0012592083658091724,9.166e-06,0.0011109461120213382
4584,0.0016127063499880023,0.0012285677075851709,9.168000000000001e-06,0.0011109461120213382
4585,0.0014779850753257051,0.0013749907811870798,9.17e-06,0.0011109461120213382
4586,0.0014907981385476887,0.0014752807473996654,9.172000000000001e-06,0.0011109461120213382
4587,0.0014294798311311752,0.0013588204456027597,9.174e-06,0.0011109461120213382
4588,0.0014722061750944704,0.0013836019643349573,9.176000000000002e-06,0.0011109461120213382
4589,0.0012945363559992984,0.0014162654042593203,9.178000000000001e-06,0.0011109461120213382
4590,0.0012888159981230274,0.0011981318748439662,9.18e-06,0.0011109461120213382
4591,0.0015472467639483511,0.001396253937855363,9.182000000000001e-06,0.0011109461120213382
4592,0.0013425153229036368,0.0015128571540117264,9.184e-06,0.0011109461120213382
4593,0.0013829085655743256,0.0014895180356688797,9.186000000000001e-06,0.0011109461120213382
4594,0.0013784966940875165,0.0013968921994091943,9.188e-06,0.0011109461120213382
4595,0.001392499660141766,0.0016741208237363026,9.19e-06,0.0011109461120213382
4596,0.0014356602914631367,0.00146317551843822,9.192e-06,0.0011109461120213382
4597,0.0014212331152521074,0.0014982902139308862,9.194e-06,0.0011109461120213382
4598,0.0013748840865446255,0.0015803988499101251,9.196000000000001e-06,0.0011109461120213382
4599,0.0013071652792859823,0.0013144830445526168,9.198e-06,0.0011109461120213382
4600,0.0014847558122710325,0.001414221194863785,9.200000000000002e-06,0.0011109461120213382
4601,0.0013780044537270442,0.0011915569193661213,9.202000000000001e-06,0.0011109461120213382
4602,0.0014006843775860034,0.0012403624059516005,9.204e-06,0.0011109461120213382
4603,0.001582727360073477,0.0014230724118533544,9.206e-06,0.0011109461120213382
4604,0.0011989282356807962,0.0014381454966496676,9.208e-06,0.0011109461120213382
4605,0.0012065036207786761,0.0014594799868064001,9.21e-06,0.0011109461120213382
4606,0.0014158066042000428,0.0014697934384457767,9.212000000000001e-06,0.0011109461120213382
4607,0.001453249693440739,0.001281009564991109,9.214000000000002e-06,0.0011109461120213382
4608,0.0013486739990185015,0.0013415139619610272,9.216000000000001e-06,0.0011109461120213382
4609,0.0015467136108782142,0.0014688794180983678,9.218e-06,0.0011109461120213382
4610,0.0012427585243131034,0.0015877863625064492,9.22e-06,0.0011109461120213382
4611,0.0015517901920247823,0.0011873677212861367,9.222e-06,0.0011109461120213382
4612,0.0014579504932044074,0.001243891594640445,9.224e-06,0.0011109461120213382
4613,0.001410733864759095,0.0015646268147975206,9.226000000000001e-06,0.0011109461120213382
4614,0.0013422718693618663,0.0012199948978377506,9.228e-06,0.0011109461120213382
4615,0.0012390915580908768,0.00146683759521693,9.230000000000001e-06,0.0011109461120213382
4616,0.0014858990543871187,0.001466841684305109,9.232e-06,0.0011109461120213382
4617,0.0012996855293749832,0.0016100464708870277,9.234e-06,0.0011109461120213382
4618,0.0018258880882058293,0.0013892177303205244,9.236000000000001e-06,0.0011109461120213382
4619,0.001308591294218786,0.001411268240190111,9.238e-06,0.0011109461120213382
4620,0.0012791196641046554,0.0015198260662145913,9.240000000000001e-06,0.0011109461120213382
4621,0.0015232227597152814,0.0013709523191209882,9.242e-06,0.0011109461120213382
4622,0.0012718334182864055,0.001444163077394478,9.244000000000002e-06,0.0011109461120213382
4623,0.0014246045320760459,0.0012323130504228175,9.246000000000001e-06,0.0011109461120213382
4624,0.0016828926309244707,0.001625079479708802,9.248e-06,0.0011109461120213382
4625,0.0014060320536373183,0.0014050286554265767,9.250000000000001e-06,0.0011109461120213382
4626,0.0012688907372648828,0.001585601334227249,9.252e-06,0.0011109461120213382
4627,0.00138291044277139,0.0011570296410354786,9.254000000000002e-06,0.0011109461120213382
4628,0.0016177831566892564,0.0014400880027096719,9.256e-06,0.0011109461120213382
4629,0.0014602497758460231,0.001257748474017717,9.258e-06,0.0011109461120213382
4630,0.001525668689282611,0.001474047705414705,9.26e-06,0.0011109461120213382
4631,0.0013305563843459822,0.00148298530257307,9.262e-06,0.0011109461120213382
4632,0.001443321663828101,0.0017782221984816715,9.264000000000001e-06,0.0011109461120213382
4633,0.001494760945206508,0.0014619699359172955,9.266e-06,0.0011109461120213382
4634,0.0012792440902558155,0.001159325533080846,9.268000000000002e-06,0.0011109461120213382
4635,0.0013805794369545765,0.0017172469524666667,9.270000000000001e-06,0.0011109461120213382
4636,0.0014459587109740824,0.001155083482444752,9.272e-06,0.0011109461120213382
4637,0.001382207396090962,0.00137703274958767,9.274e-06,0.0011109461120213382
4638,0.0015777349326526746,0.0014520851254928857,9.276e-06,0.0011109461120213382
4639,0.0014167089539114386,0.0011813941018772312,9.278e-06,0.0011109461120213382
4640,0.0014429465736611746,0.0014047980803297833,9.280000000000001e-06,0.0011109461120213382
4641,0.0013880526676075533,0.001345310389297083,9.282000000000002e-06,0.0011109461120213382
4642,0.0013516646140487865,0.001630624603421893,9.284000000000001e-06,0.0011109461120213382
4643,0.0015308896181522869,0.0016054890147643164,9.286e-06,0.0011109461120213382
4644,0.001497115685197059,0.0013686362653970718,9.288e-06,0.0011109461120213382
4645,0.0013971956868772395,0.0012391496129566804,9.29e-06,0.0011109461120213382
4646,0.0014820925134699792,0.0015011164214229211,9.292e-06,0.0011109461120213382
4647,0.0014951960474718362,0.0016067253454821184,9.294000000000001e-06,0.0011109461120213382
4648,0.0015674662427045405,0.001509053588961251,9.296e-06,0.0011109461120213382
4649,0.001197457968373783,0.0015792275953572243,9.298000000000001e-06,0.0011109461120213382
4650,0.0014924184943083674,0.0016072122380137444,9.3e-06,0.0011109461120213382
4651,0.0013589726804639213,0.0015209763951133937,9.302e-06,0.0011109461120213382
4652,0.0012734108822769485,0.001499809317465406,9.304000000000001e-06,0.0011109461120213382
4653,0.0014164039966999553,0.0012677499107667245,9.306e-06,0.0011109461120213382
4654,0.0012118214144720696,0.0016489274858031422,9.308000000000001e-06,0.0011109461120213382
4655,0.0017673682305030525,0.0012578678579302505,9.31e-06,0.0011109461120213382
4656,0.0013377368959481828,0.0014125614397926256,9.312000000000002e-06,0.0011109461120213382
4657,0.0013793588732369244,0.0013125508194207214,9.314000000000001e-06,0.0011109461120213382
4658,0.0017231926176464185,0.0013432932100840844,9.316e-06,0.0011109461120213382
4659,0.001331309940724168,0.0014334670340758748,9.318000000000001e-06,0.0011109461120213382
4660,0.001500381316873245,0.0012408766779117286,9.32e-06,0.0011109461120213382
4661,0.0014486374566331506,0.0014485825959127396,9.322000000000002e-06,0.0011109461120213382
4662,0.0013186322830733843,0.0014285990182543173,9.324000000000001e-06,0.0011109461120213382
4663,0.001483756845118478,0.001164280329248868,9.326e-06,0.0011109461120213382
4664,0.0015594972064718604,0.001452738666557707,9.328e-06,0.0011109461120213382
4665,0.0015630668785888702,0.0017076669610105455,9.33e-06,0.0011109461120213382
4666,0.0017316248995484784,0.0013155450360500254,9.332000000000001e-06,0.0011109461120213382
4667,0.001367164913972374,0.0014376286417245865,9.334e-06,0.0011109461120213382
4668,0.0012288068392081186,0.0014354314625961706,9.336000000000002e-06,0.0011109461120213382
4669,0.0013944776583230123,0.001243814404006116,9.338000000000001e-06,0.0011109461120213382
4670,0.0011830787843791768,0.0015473807143280283,9.34e-06,0.0011109461120213382
4671,0.0013018830795772374,0.001388058764860034,9.342e-06,0.0011109461120213382
4672,0.0014884043048368767,0.0011150445134262554,9.344e-06,0.0011109461120213382
4673,0.0012596319138538092,0.001280849304748699,9.346e-06,0.0011109461120213382
4674,0.0015416784735862166,0.0014532532659359276,9.348000000000001e-06,0.0011109461120213382
4675,0.0012874424355686642,0.0011214866099180654,9.350000000000002e-06,0.0011109461120213382
4676,0.0015187792596407235,0.00133129749156069,9.352000000000001e-06,0.0011109461120213382
4677,0.0015324068226618692,0.0012255083638592623,9.354e-06,0.0011109461120213382
4678,0.0013144523982191458,0.0015766722717671655,9.356e-06,0.0011109461120213382
4679,0.0016655370272928849,0.001424438029062003,9.358000000000001e-06,0.0011109461120213382
4680,0.0013094758542138152,0.0015043033054098487,9.36e-06,0.0011109461120213382
4681,0.0013177132859709673,0.0015067176063894294,9.362000000000001e-06,0.0011109461120213382
4682,0.0012507445353548974,0.0014091911143623292,9.364e-06,0.0011109461120213382
4683,0.0013498361076926813,0.0012609787372639403,9.366000000000001e-06,0.0011109461120213382
4684,0.0013978916103951633,0.0015640418423572555,9.368e-06,0.0011109461120213382
4685,0.0012639860215131193,0.001326700505160261,9.37e-06,0.0011109461120213382
4686,0.0012957576764165424,0.0011620191726251505,9.372000000000001e-06,0.0011109461120213382
4687,0.0012139641039539129,0.001339960057521239,9.374e-06,0.0011109461120213382
4688,0.0013631398469442502,0.001242961829120759,9.376000000000001e-06,0.0011109461120213382
4689,0.0012915926927234977,0.00146130655775778,9.378e-06,0.0011109461120213382
4690,0.001453871329431422,0.0015587561356369406,9.380000000000002e-06,0.0011109461120213382
4691,0.0011900777535629459,0.0014075769504415803,9.382000000000001e-06,0.0011109461120213382
4692,0.0014180870639393106,0.0010440768674015999,9.384e-06,0.0011109461120213382
4693,0.0012075245394953527,0.001327226244029589,9.386000000000001e-06,0.0010440768674015999
4694,0.0014189381327014416,0.001271637447644025,9.388e-06,0.0010440768674015999
4695,0.0014785943349124864,0.0013563247193815187,9.390000000000002e-06,0.0010440768674015999
4696,0.0013764035102212802,0.0012094573176000267,9.392000000000001e-06,0.0010440768674015999
4697,0.0014017565627000295,0.0013809752272209153,9.394e-06,0.0010440768674015999
4698,0.0016023523930925876,0.0013127765050739981,9.396e-06,0.0010440768674015999
4699,0.0013165402706363238,0.0017254309204872698,9.398e-06,0.0010440768674015999
4700,0.0014134657249087468,0.0011687009755405597,9.400000000000001e-06,0.0010440768674015999
4701,0.0013579866936197504,0.0015365547151304781,9.402e-06,0.0010440768674015999
4702,0.0014834751782473177,0.0014645476476289332,9.404000000000002e-06,0.0010440768674015999
4703,0.001557688126922585,0.0013112037122482434,9.406000000000001e-06,0.0010440768674015999
4704,0.0015657381736673415,0.0013013654679525644,9.408e-06,0.0010440768674015999
4705,0.0013110325380694121,0.0013456591477734037,9.41e-06,0.0010440768674015999
4706,0.0013629282839247026,0.0016012266569305211,9.412e-06,0.0010440768674015999
4707,0.00129094255680684,0.0013719004637096077,9.414e-06,0.0010440768674015999
4708,0.0013931724679423496,0.0014337062166305259,9.416000000000001e-06,0.0010440768674015999
4709,0.0015601132909068838,0.0013466140953823924,9.418000000000002e-06,0.0010440768674015999
4710,0.0015039224090287462,0.0014124481822364032,9.420000000000001e-06,0.0010440768674015999
4711,0.0014038061926839873,0.0013640589168062434,9.422e-06,0.0010440768674015999
4712,0.0016146924463100731,0.0015551100805168971,9.424e-06,0.0010440768674015999
4713,0.001476706711400766,0.0015618015750078484,9.426000000000001e-06,0.0010440768674015999
4714,0.0014485107240034267,0.0012286054115975276,9.428e-06,0.0010440768674015999
4715,0.0013514615566236898,0.0014061234396649525,9.430000000000001e-06,0.0010440768674015999
4716,0.0012924044785904698,0.001675870007602498,9.432e-06,0.0010440768674015999
4717,0.001291317690629512,0.001258998949197121,9.434000000000001e-06,0.0010440768674015999
4718,0.0013956388866063207,0.0014436575002036989,9.436e-06,0.0010440768674015999
4719,0.0013936654286226258,0.001430371376045514,9.438e-06,0.0010440768674015999
4720,0.0013520994689315557,0.0015022443840280175,9.440000000000001e-06,0.0010440768674015999
4721,0.0014245584607124329,0.0014800467470195144,9.442e-06,0.0010440768674015999
4722,0.0013273799340822734,0.001438525563571602,9.444000000000001e-06,0.0010440768674015999
4723,0.0014773835137020797,0.001439535197278019,9.446e-06,0.0010440768674015999
4724,0.0013359992444748059,0.001286393977352418,9.448e-06,0.0010440768674015999
4725,0.00145291059743613,0.0017977200477616861,9.450000000000001e-06,0.0010440768674015999
4726,0.0011362104123691097,0.001245100298547186,9.452e-06,0.0010440768674015999
4727,0.0014273986962507479,0.0013431516999844462,9.454000000000001e-06,0.0010440768674015999
4728,0.001486270790337585,0.001387654454447329,9.456e-06,0.0010440768674015999
4729,0.0013470780831994489,0.001374818035401404,9.458000000000002e-06,0.0010440768674015999
4730,0.0010878710090764798,0.0013250312404124998,9.460000000000001e-06,0.0010440768674015999
4731,0.0012321462854743004,0.001427511335350573,9.462e-06,0.0010440768674015999
4732,0.001313995111559052,0.0015354538772953674,9.464e-06,0.0010440768674015999
4733,0.001591777487192303,0.0014243775367503986,9.466e-06,0.0010440768674015999
4734,0.0014608378551201895,0.001222680373757612,9.468000000000002e-06,0.0010440768674015999
4735,0.0014275585490395315,0.0013584339249064215,9.47e-06,0.0010440768674015999
4736,0.001262048230273649,0.0014581018695025705,9.472000000000002e-06,0.0010440768674015999
4737,0.0012705359040410258,0.0011696932415361516,9.474000000000001e-06,0.0010440768674015999
4738,0.001463214575778693,0.0011460183013696223,9.476e-06,0.0010440768674015999
4739,0.0013185035204514861,0.0011926705119549297,9.478e-06,0.0010440768674015999
4740,0.001347858167719096,0.0013051159039605409,9.48e-06,0.0010440768674015999
4741,0.0014497250085696578,0.00130347692174837,9.482e-06,0.0010440768674015999
4742,0.001137537561589852,0.0015266869377228431,9.484000000000001e-06,0.0010440768674015999
4743,0.0014208524371497333,0.0015511813398916274,9.486000000000002e-06,0.0010440768674015999
4744,0.0013915997551521286,0.001506972112110816,9.488000000000001e-06,0.0010440768674015999
4745,0.0013064859522273764,0.0014052987171453424,9.49e-06,0.0010440768674015999
4746,0.0014665065973531455,0.0012673725068452768,9.492e-06,0.0010440768674015999
4747,0.0013891883354517631,0.001200676750158891,9.494000000000001e-06,0.0010440768674015999
4748,0.0013285890308907256,0.0013578471698565409,9.496e-06,0.0010440768674015999
4749,0.001284547572140582,0.0012054134349455126,9.498000000000001e-06,0.0010440768674015999
4750,0.001351172468275763,0.0014672906108899042,9.5e-06,0.0010440768674015999
4751,0.0011905096471309662,0.0012962347536813468,9.502000000000002e-06,0.0010440768674015999
4752,0.0013625252759084105,0.0012049472134094685,9.504e-06,0.0010440768674015999
4753,0.0012628323675016873,0.0011529828188940883,9.506e-06,0.0010440768674015999
4754,0.0013593293042504229,0.0015475136242457666,9.508000000000001e-06,0.0010440768674015999
4755,0.0013884088693885133,0.001143948407843709,9.51e-06,0.0010440768674015999
4756,0.0013961492222733796,0.0013308393681654707,9.512000000000001e-06,0.0010440768674015999
4757,0.0013176291467971168,0.0017025303168338723,9.514e-06,0.0010440768674015999
4758,0.001237210162798874,0.0012224577512824908,9.516e-06,0.0010440768674015999
4759,0.0013859313185093924,0.0012589488469529897,9.518000000000001e-06,0.0010440768674015999
4760,0.0012504923506639898,0.001393624086631462,9.52e-06,0.0010440768674015999
4761,0.0013382542674662545,0.0014821475706412457,9.522000000000001e-06,0.0010440768674015999
4762,0.0011806494876509532,0.0013077373514533974,9.524e-06,0.0010440768674015999
4763,0.0013426601435639895,0.0011687631340464577,9.526000000000002e-06,0.0010440768674015999
4764,0.00156461913138628,0.0012164004729129374,9.528000000000001e-06,0.0010440768674015999
4765,0.0012897928390884772,0.0013047975589870475,9.53e-06,0.0010440768674015999
4766,0.0014393515230040066,0.0012366854207357392,9.532e-06,0.0010440768674015999
4767,0.0015088065119925886,0.0013358556388993748,9.534e-06,0.0010440768674015999
4768,0.0012344173446763307,0.0012060609660693444,9.536000000000002e-06,0.0010440768674015999
4769,0.001310904262936674,0.0017720643227221444,9.538e-06,0.0010440768674015999
4770,0.0012372546116239391,0.0011887507716892287,9.540000000000002e-06,0.0010440768674015999
4771,0.0011897867661900818,0.001431911477993708,9.542000000000001e-06,0.0010440768674015999
4772,0.0013608477311208844,0.001393520382407587,9.544e-06,0.0010440768674015999
4773,0.001541255034680944,0.0013485389572451822,9.546e-06,0.0010440768674015999
4774,0.0012316184001974761,0.0012171853813924827,9.548e-06,0.0010440768674015999
4775,0.0013634667848236859,0.0013400457974057645,9.55e-06,0.0010440768674015999
4776,0.0012912530801258981,0.0012650373464566655,9.552000000000001e-06,0.0010440768674015999
4777,0.001400345761794597,0.0015399601106764749,9.554000000000002e-06,0.0010440768674015999
4778,0.0013492054858943447,0.001330363105807919,9.556000000000001e-06,0.0010440768674015999
4779,0.0014356599567690864,0.0013213490310590714,9.558e-06,0.0010440768674015999
4780,0.001453392906114459,0.0012257705384399742,9.56e-06,0.0010440768674015999
4781,0.0013448919780785218,0.0011576513134059496,9.562000000000001e-06,0.0010440768674015999
4782,0.0013733862360822968,0.001411588047631085,9.564e-06,0.0010440768674015999
4783,0.00157967783161439,0.0014580830611521378,9.566000000000001e-06,0.0010440768674015999
4784,0.0015149072132771835,0.0015737692883703858,9.568e-06,0.0010440768674015999
4785,0.0015028607012936845,0.0014166881010169163,9.570000000000002e-06,0.0010440768674015999
4786,0.0011985509991063736,0.0013491388817783445,9.572000000000001e-06,0.0010440768674015999
4787,0.0015244258393067867,0.0013724986274610274,9.574e-06,0.0010440768674015999
4788,0.0013169507947168313,0.0013157645662431605,9.576000000000001e-06,0.0010440768674015999
4789,0.0013171244718250819,0.0013857877129339613,9.578e-06,0.0010440768674015999
4790,0.001284319514525123,0.0011341091158101335,9.580000000000001e-06,0.0010440768674015999
4791,0.0013716999092139304,0.0012603547074832022,9.582e-06,0.0010440768674015999
4792,0.0013459931942634284,0.0014664309710497037,9.584e-06,0.0010440768674015999
4793,0.0014535475056618452,0.0013485813251463696,9.586000000000001e-06,0.0010440768674015999
4794,0.0016329739009961486,0.001176437122921925,9.588e-06,0.0010440768674015999
4795,0.0011681310352287255,0.0016180309612536803,9.590000000000001e-06,0.0010440768674015999
4796,0.0011829446084448136,0.001398894441081211,9.592e-06,0.0010440768674015999
4797,0.0011938873285544105,0.001269997148483526,9.594000000000002e-06,0.0010440768674015999
4798,0.0012663960005738772,0.001255269737157505,9.596000000000001e-06,0.0010440768674015999
4799,0.001336307541350834,0.0014172828814480454,9.598e-06,0.0010440768674015999
4800,0.0014346799143822864,0.0014577206820831634,9.6e-06,0.0010440768674015999
4801,0.0011735038715414703,0.0014590404753107578,9.602e-06,0.0010440768674015999
4802,0.0014547622049576603,0.0012797227172995917,9.604000000000002e-06,0.0010440768674015999
4803,0.0012416775425663218,0.0012595817970577627,9.606000000000001e-06,0.0010440768674015999
4804,0.001261844314285554,0.0011758082400774583,9.608000000000002e-06,0.0010440768674015999
4805,0.0011761805071728304,0.0012776972580468282,9.610000000000001e-06,0.0010440768674015999
4806,0.001128660500398837,0.0012451867878553458,9.612e-06,0.0010440768674015999
4807,0.0012378365936456248,0.001463684646296315,9.614e-06,0.0010440768674015999
4808,0.0014212498354027048,0.0015058231219882146,9.616e-06,0.0010440768674015999
4809,0.0013902036880608648,0.0014888279692968354,9.618e-06,0.0010440768674015999
4810,0.0015217426553135738,0.00152861193055287,9.620000000000001e-06,0.0010440768674015999
4811,0.001404408787493594,0.0012152310373494402,9.622000000000002e-06,0.0010440768674015999
4812,0.0013525630711228587,0.001471891489927657,9.624000000000001e-06,0.0010440768674015999
4813,0.001360056245175656,0.0014379111817106605,9.626e-06,0.0010440768674015999
4814,0.0013186864234739915,0.0012667870614677668,9.628e-06,0.0010440768674015999
4815,0.0013576018391177058,0.0013627914231619798,9.630000000000001e-06,0.0010440768674015999
4816,0.0014747716268175282,0.0015194999796221964,9.632e-06,0.0010440768674015999
4817,0.0012742479157168418,0.0014136561658233404,9.634000000000001e-06,0.0010440768674015999
4818,0.0013144783879397437,0.0011945578589802608,9.636e-06,0.0010440768674015999
4819,0.0015409280022140592,0.0012619591652764939,9.638000000000002e-06,0.0010440768674015999
4820,0.001202324841869995,0.0014184167957864702,9.640000000000001e-06,0.0010440768674015999
4821,0.0011607287015067413,0.0014005420744069852,9.642e-06,0.0010440768674015999
4822,0.001255816336197313,0.0014482476108241826,9.644000000000001e-06,0.0010440768674015999
4823,0.0013547738635679707,0.0013046837266301736,9.646e-06,0.0010440768674015999
4824,0.0013628147717099637,0.0012965828354936093,9.648000000000001e-06,0.0010440768674015999
4825,0.0014183671009959653,0.0014162394654704258,9.65e-06,0.0010440768674015999
4826,0.0013510265489458106,0.0011491880577523261,9.652e-06,0.0010440768674015999
4827,0.0015344197308877483,0.001674990911851637,9.654000000000001e-06,0.0010440768674015999
4828,0.0013908482214901596,0.0013695844099856913,9.656e-06,0.0010440768674015999
4829,0.001208718771522399,0.0013075498573016375,9.658000000000001e-06,0.0010440768674015999
4830,0.0012270482548046857,0.0010798410512506962,9.66e-06,0.0010440768674015999
4831,0.0015086148050613701,0.001402108697220683,9.662000000000002e-06,0.0010440768674015999
4832,0.001421082233719062,0.0014061188703635707,9.664000000000001e-06,0.0010440768674015999
4833,0.0013757871929556131,0.001420799337211065,9.666e-06,0.0010440768674015999
4834,0.001396550564095378,0.0014050545287318528,9.668e-06,0.0010440768674015999
4835,0.001242571022885386,0.0014957389212213457,9.67e-06,0.0010440768674015999
4836,0.0013111435764585622,0.0011825433321064338,9.672000000000002e-06,0.0010440768674015999
4837,0.0011044866114389151,0.001238858254509978,9.674000000000001e-06,0.0010440768674015999
4838,0.001139317566412501,0.0010868433528230526,9.676000000000002e-06,0.0010440768674015999
4839,0.0012816598173230886,0.0012623860384337604,9.678000000000001e-06,0.0010440768674015999
4840,0.0013408418672042899,0.0013261148051242344,9.68e-06,0.0010440768674015999
4841,0.0012147215311415493,0.001492330469773151,9.682e-06,0.0010440768674015999
4842,0.0013488294353010133,0.00135025531926658,9.684e-06,0.0010440768674015999
4843,0.0012512330868048593,0.0012412011419655755,9.686e-06,0.0010440768674015999
4844,0.0012113846387364902,0.0014048884040676057,9.688000000000001e-06,0.0010440768674015999
4845,0.0013833545745001175,0.0014366368268383667,9.690000000000002e-06,0.0010440768674015999
4846,0.0015341530088335276,0.0014392855227924883,9.692000000000001e-06,0.0010440768674015999
4847,0.0015627657267032191,0.0013185172647354193,9.694e-06,0.0010440768674015999
4848,0.0011161235233885236,0.001420986867742613,9.696e-06,0.0010440768674015999
4849,0.0012965741188963875,0.0014093794452492148,9.698000000000001e-06,0.0010440768674015999
4850,0.001449540999601595,0.001290663014515303,9.7e-06,0.0010440768674015999
4851,0.0013420585746644065,0.0016520142744411714,9.702000000000001e-06,0.0010440768674015999
4852,0.001266206738364417,0.0011860681843245402,9.704e-06,0.0010440768674015999
4853,0.001330389924987685,0.0014387987030204386,9.706e-06,0.0010440768674015999
4854,0.0014404307585209608,0.0012491711386246607,9.708000000000001e-06,0.0010440768674015999
4855,0.0012246329861227423,0.0015890735448920168,9.71e-06,0.0010440768674015999
4856,0.0011803791421698406,0.001322504183917772,9.712000000000001e-06,0.0010440768674015999
4857,0.0014214757975423709,0.0013613824703497812,9.714e-06,0.0010440768674015999
4858,0.0013652876659762114,0.001345652126474306,9.716000000000002e-06,0.0010440768674015999
4859,0.0011195467304787599,0.001571106244227849,9.718e-06,0.0010440768674015999
4860,0.0011788111514761113,0.0013874289725208655,9.72e-06,0.0010440768674015999
4861,0.0015189015830401331,0.0013528859562939033,9.722000000000001e-06,0.0010440768674015999
4862,0.0013456448577926494,0.0015770127647556365,9.724e-06,0.0010440768674015999
4863,0.0014122884458629414,0.0014816319453530014,9.726000000000001e-06,0.0010440768674015999
4864,0.0015345404390245676,0.0013642438570968807,9.728e-06,0.0010440768674015999
4865,0.001393817445205059,0.0017485190473962575,9.730000000000002e-06,0.0010440768674015999
4866,0.001441771222744137,0.0013615822972496971,9.732000000000001e-06,0.0010440768674015999
4867,0.0011557703182916157,0.0011226488131796941,9.734e-06,0.0010440768674015999
4868,0.0013692452703253366,0.0012497901334427297,9.736e-06,0.0010440768674015999
4869,0.0013755816034972668,0.0013606467691715807,9.738e-06,0.0010440768674015999
4870,0.0012877670960733667,0.0012537618167698383,9.740000000000002e-06,0.0010440768674015999
4871,0.0011807082482846454,0.001302801290876232,9.742000000000001e-06,0.0010440768674015999
4872,0.0012387830356601626,0.0012160416226834059,9.744000000000002e-06,0.0010440768674015999
4873,0.0012848545375163667,0.0011975838642683811,9.746000000000001e-06,0.0010440768674015999
4874,0.0014068484233575873,0.001168910959677305,9.748e-06,0.0010440768674015999
4875,0.001251518406206742,0.00111880645272322,9.75e-06,0.0010440768674015999
4876,0.001231824186106678,0.0012973721022717655,9.752e-06,0.0010440768674015999
4877,0.0012991361727472395,0.0013246075322967954,9.754e-06,0.0010440768674015999
4878,0.0014502317208098248,0.0015311395836761221,9.756000000000001e-06,0.0010440768674015999
4879,0.0013568553258664906,0.001740293693728745,9.758000000000002e-06,0.0010440768674015999
4880,0.0014850364314042963,0.0013817166618537158,9.760000000000001e-06,0.0010440768674015999
4881,0.0014761804341105744,0.0015017831246950664,9.762e-06,0.0010440768674015999
4882,0.0014930002798791975,0.0013189349483582191,9.764e-06,0.0010440768674015999
4883,0.0013995226472616196,0.0013440960174193606,9.766000000000001e-06,0.0010440768674015999
4884,0.001116149069275707,0.0014701706677442417,9.768e-06,0.0010440768674015999
4885,0.0013276754471007735,0.0013519244093913585,9.770000000000001e-06,0.0010440768674015999
4886,0.0014367567637236789,0.001339068250672426,9.772e-06,0.0010440768674015999
4887,0.001136730490543414,0.0011978254187852144,9.774e-06,0.0010440768674015999
4888,0.0012881847578682937,0.0012840803829021752,9.776000000000001e-06,0.0010440768674015999
4889,0.0013546548943850212,0.0011762787180487067,9.778e-06,0.0010440768674015999
4890,0.0013126817211741582,0.0013086093531455845,9.780000000000001e-06,0.0010440768674015999
4891,0.0014517805320792831,0.0012345099385129288,9.782e-06,0.0010440768674015999
4892,0.0012454867828637362,0.0012309316589380614,9.784000000000002e-06,0.0010440768674015999
4893,0.0011682890472002327,0.0013150926170055754,9.786e-06,0.0010440768674015999
4894,0.0013084234087727964,0.0011229209776502103,9.788e-06,0.0010440768674015999
4895,0.0014716310251969844,0.0014055001083761454,9.790000000000001e-06,0.0010440768674015999
4896,0.0013720585848204792,0.0011685763747664168,9.792e-06,0.0010440768674015999
4897,0.0013878072350053117,0.0012065832852385938,9.794000000000001e-06,0.0010440768674015999
4898,0.0014342611611937173,0.0013385639613261446,9.796e-06,0.0010440768674015999
4899,0.001610109131434001,0.0012942956236656755,9.798000000000002e-06,0.0010440768674015999
4900,0.001345867320196703,0.0014140409184619784,9.800000000000001e-06,0.0010440768674015999
4901,0.0014086018563830294,0.0014040507521713153,9.802e-06,0.0010440768674015999
4902,0.001347525350865908,0.00123305063607404,9.804e-06,0.0010440768674015999
4903,0.0013911726637161337,0.0011413163956603967,9.806e-06,0.0010440768674015999
4904,0.0014598152629332617,0.001298316019529011,9.808000000000002e-06,0.0010440768674015999
4905,0.001237253483850509,0.0013731172075495124,9.810000000000001e-06,0.0010440768674015999
4906,0.0012897614506073296,0.0011529581679496914,9.812000000000002e-06,0.0010440768674015999
4907,0.00134917268587742,0.0012903427850687876,9.814000000000001e-06,0.0010440768674015999
4908,0.0011830102594103664,0.001272707391763106,9.816e-06,0.0010440768674015999
4909,0.0013163526164134964,0.0013852558622602373,9.818e-06,0.0010440768674015999
4910,0.0012817023671232164,0.0013556775593315251,9.820000000000001e-06,0.0010440768674015999
4911,0.0013443235438899137,0.0010281802096869797,9.822e-06,0.0010440768674015999
4912,0.001226415035489481,0.001505304331658408,9.824000000000001e-06,0.0010281802096869797
4913,0.001408496347721666,0.0014843125027255155,9.826000000000002e-06,0.0010281802096869797
4914,0.0014913252089172602,0.0014367136463988572,9.828000000000001e-06,0.0010281802096869797
4915,0.001382226197165437,0.0013809811644023284,9.83e-06,0.0010281802096869797
4916,0.0012954505364177749,0.001497189157817047,9.832e-06,0.0010281802096869797
4917,0.0013844217319274321,0.0013334616523934528,9.834000000000001e-06,0.0010281802096869797
4918,0.0012634778759093024,0.001400625827955082,9.836e-06,0.0010281802096869797
4919,0.0017259761661989614,0.001354567488306202,9.838000000000001e-06,0.0010281802096869797
4920,0.0013726048055104911,0.0012153642237535678,9.84e-06,0.0010281802096869797
4921,0.0014654231490567327,0.0014467396249528974,9.842e-06,0.0010281802096869797
4922,0.0012777663068845868,0.0012789974207407795,9.844000000000001e-06,0.0010281802096869797
4923,0.0013004387001274154,0.0013309888599906117,9.846e-06,0.0010281802096869797
4924,0.0013118576825945638,0.0014076402803766541,9.848000000000001e-06,0.0010281802096869797
4925,0.0014518793686875142,0.0014634983454016037,9.85e-06,0.0010281802096869797
4926,0.001278466428630054,0.0012730131420539692,9.852000000000002e-06,0.0010281802096869797
4927,0.0013371936074690893,0.0013230860349722207,9.854000000000001e-06,0.0010281802096869797
4928,0.0012107708098483272,0.0011711871411534958,9.856e-06,0.0010281802096869797
4929,0.0013287174660945311,0.0011919649768969975,9.858000000000001e-06,0.0010281802096869797
4930,0.0011900047175004147,0.001236975978827104,9.86e-06,0.0010281802096869797
4931,0.0016548917119507678,0.001439109633793123,9.862000000000001e-06,0.0010281802096869797
4932,0.001422145331162028,0.001128973948652856,9.864e-06,0.0010281802096869797
4933,0.001219190759002231,0.001180690982437227,9.866000000000002e-06,0.0010281802096869797
4934,0.0013950389111414552,0.00126077050663298,9.868000000000001e-06,0.0010281802096869797
4935,0.0013876300072297454,0.001351015605905559,9.87e-06,0.0010281802096869797
4936,0.0011755704254028387,0.0011511663687997498,9.872e-06,0.0010281802096869797
4937,0.0012694486940745264,0.0011653399487840943,9.874e-06,0.0010281802096869797
4938,0.001025813733576797,0.0013636104413308203,9.876000000000002e-06,0.0010281802096869797
4939,0.0012657126208068803,0.0013091491273371503,9.878000000000001e-06,0.0010281802096869797
4940,0.0010998562138411216,0.0012244260651641525,9.880000000000002e-06,0.0010281802096869797
4941,0.001272214409254957,0.0012186617459519766,9.882000000000001e-06,0.0010281802096869797
4942,0.0016877834277693182,0.001465637280489318,9.884e-06,0.0010281802096869797
4943,0.00164886936545372,0.0011951607011724263,9.886e-06,0.0010281802096869797
4944,0.0015031794901005924,0.0014910649479134008,9.888000000000001e-06,0.0010281802096869797
4945,0.0013029018809902482,0.001315428686211817,9.89e-06,0.0010281802096869797
4946,0.0014850316511001438,0.0013155965207261033,9.892000000000001e-06,0.0010281802096869797
4947,0.0012276227353140712,0.0013403089105850086,9.894000000000002e-06,0.0010281802096869797
4948,0.0012517040813690983,0.0013077547628199682,9.896000000000001e-06,0.0010281802096869797
4949,0.0015832573553780094,0.0011296284792479128,9.898e-06,0.0010281802096869797
4950,0.0013952594890724868,0.0011271494586253539,9.9e-06,0.0010281802096869797
4951,0.0013988655409775674,0.0014656123094027862,9.902000000000001e-06,0.0010281802096869797
4952,0.0014570941275451332,0.0014743277424713597,9.904e-06,0.0010281802096869797
4953,0.001539458375191316,0.0011850352530018426,9.906000000000001e-06,0.0010281802096869797
4954,0.001225486455950886,0.0013547327980631962,9.908e-06,0.0010281802096869797
4955,0.001307833008468151,0.0011120881463284604,9.91e-06,0.0010281802096869797
4956,0.0013946516992291436,0.001166112910141237,9.912000000000001e-06,0.0010281802096869797
4957,0.0012438896010280587,0.0014129166302154772,9.914e-06,0.0010281802096869797
4958,0.0011666487553156912,0.001146463371696882,9.916000000000001e-06,0.0010281802096869797
4959,0.0013109094288665801,0.0011752034188248217,9.918e-06,0.0010281802096869797
4960,0.0015049289359012619,0.0012468909553717822,9.920000000000002e-06,0.0010281802096869797
4961,0.0011567701803869568,0.0012126885922043584,9.922000000000001e-06,0.0010281802096869797
4962,0.0013950665306765586,0.0013027166714891791,9.924e-06,0.0010281802096869797
4963,0.0012553050619317219,0.0013775620027445257,9.926000000000001e-06,0.0010281802096869797
4964,0.0011483040507300757,0.0012672661687247455,9.928e-06,0.0010281802096869797
4965,0.0012621507412404753,0.001178126440208871,9.930000000000001e-06,0.0010281802096869797
4966,0.0012925548653583974,0.0012175790907349437,9.932e-06,0.0010281802096869797
4967,0.0012109708914067596,0.001479193328123074,9.934000000000002e-06,0.0010281802096869797
4968,0.001275444752536714,0.0012534421402961016,9.936000000000001e-06,0.0010281802096869797
4969,0.0015703080207458697,0.0011521203050506301,9.938e-06,0.0010281802096869797
4970,0.0015451861545443535,0.0013815322236041538,9.94e-06,0.0010281802096869797
4971,0.001115972554543987,0.0011218360523344018,9.942e-06,0.0010281802096869797
4972,0.0012338397500570863,0.0013068487969576381,9.944000000000002e-06,0.0010281802096869797
4973,0.001362314316793345,0.0012746486172545701,9.946000000000001e-06,0.0010281802096869797
4974,0.0011950619591516443,0.0014348444019560702,9.948000000000002e-06,0.0010281802096869797
4975,0.0012518159273895435,0.00122493567323545,9.950000000000001e-06,0.0010281802096869797
4976,0.0012790536347893067,0.0015695109032094479,9.952e-06,0.0010281802096869797
4977,0.0015096107381395996,0.0014693311750306748,9.954e-06,0.0010281802096869797
4978,0.0013576351484516636,0.0013620985118905082,9.956000000000001e-06,0.0010281802096869797
4979,0.0013671385822817683,0.0013162404575268738,9.958e-06,0.0010281802096869797
4980,0.0011573129013413563,0.0011011172537109815,9.960000000000001e-06,0.0010281802096869797
4981,0.0013494934028130956,0.0011331456480547786,9.962000000000002e-06,0.0010281802096869797
4982,0.0011070219479734078,0.001420701781171374,9.964e-06,0.0010281802096869797
4983,0.0012426504472387023,0.0013113437162246555,9.966e-06,0.0010281802096869797
4984,0.0011448049699538387,0.0013240254265838303,9.968e-06,0.0010281802096869797
4985,0.0016024877404561266,0.001408310177794192,9.970000000000001e-06,0.0010281802096869797
4986,0.001236925418197643,0.0012430081478669308,9.972e-06,0.0010281802096869797
4987,0.0014367178810061887,0.0011855823686346412,9.974000000000001e-06,0.0010281802096869797
4988,0.0013627501393784769,0.001306387821387034,9.976e-06,0.0010281802096869797
4989,0.0013458376633934677,0.0014806412218604237,9.978e-06,0.0010281802096869797
4990,0.0013885359512642026,0.0012771187321050093,9.980000000000001e-06,0.0010281802096869797
4991,0.001401880246703513,0.001251609151950106,9.982e-06,0.0010281802096869797
4992,0.0011345462844474241,0.001393262908095494,9.984000000000001e-06,0.0010281802096869797
4993,0.0013355495320865884,0.0012732165268971585,9.986e-06,0.0010281802096869797
4994,0.0012923809481435455,0.0013291436043800786,9.988000000000002e-06,0.0010281802096869797
4995,0.0012137759404140525,0.001403536822181195,9.990000000000001e-06,0.0010281802096869797
4996,0.0013701766365556978,0.00123489489487838,9.992e-06,0.0010281802096869797
4997,0.0013227305607870221,0.001363269504508935,9.994000000000001e-06,0.0010281802096869797
4998,0.0016313086671289057,0.001317253139859531,9.996e-06,0.0010281802096869797
4999,0.0014604282114305533,0.0013331823574844748,9.998000000000002e-06,0.0010281802096869797
5000,0.001497378856583964,0.00148216378147481,1e-05,0.0010281802096869797
5001,0.0012934454207425006,0.0011863004983752035,9.999999111735634e-06,0.0010281802096869797
5002,0.001085992313164752,0.0012833824730478227,9.999996446942884e-06,0.0010281802096869797
5003,0.001316151043283753,0.0011894880371983163,9.999992005622802e-06,0.0010281802096869797
5004,0.0014552762295352295,0.0013313242598087527,9.999985787777144e-06,0.0010281802096869797
5005,0.0011607979031396098,0.0012063121394021437,9.999977793408363e-06,0.0010281802096869797
5006,0.001023577387968544,0.0015173487190622836,9.999968022519613e-06,0.0010281802096869797
5007,0.0013412326952675357,0.001508236862719059,9.999956475114757e-06,0.0010281802096869797
5008,0.0012190132038085721,0.001407055271556601,9.999943151198347e-06,0.0010281802096869797
5009,0.001402459995006211,0.0012788174790330231,9.999928050775646e-06,0.0010281802096869797
5010,0.0014070818288018927,0.0011730170153896324,9.999911173852617e-06,0.0010281802096869797
5011,0.001279146847082302,0.0011865613705595024,9.999892520435922e-06,0.0010281802096869797
5012,0.0011382093725842424,0.0011557662146515213,9.999872090532925e-06,0.0010281802096869797
5013,0.0012369850228424184,0.001434548044926487,9.999849884151689e-06,0.0010281802096869797
5014,0.0014684469933854416,0.00122501978330547,9.999825901300983e-06,0.0010281802096869797
5015,0.0012559252500068396,0.0013317622942849994,9.999800141990275e-06,0.0010281802096869797
5016,0.0012726975037367083,0.001418578191078268,9.999772606229733e-06,0.0010281802096869797
5017,0.0012978799786651507,0.001318767484917771,9.999743294030231e-06,0.0010281802096869797
5018,0.0011243440385442227,0.0010647661692928523,9.999712205403336e-06,0.0010281802096869797
5019,0.0013231335178716108,0.0013202168192947283,9.999679340361327e-06,0.0010281802096869797
5020,0.001361284390441142,0.0011728415702236816,9.999644698917173e-06,0.0010281802096869797
5021,0.001422429078957066,0.0014549928455380723,9.999608281084555e-06,0.0010281802096869797
5022,0.0013642460980918258,0.0011964531295234337,9.999570086877845e-06,0.0010281802096869797
5023,0.0014355496095959097,0.0013612139664473943,9.999530116312125e-06,0.0010281802096869797
5024,0.001330761231656652,0.0011535123994690366,9.999488369403174e-06,0.0010281802096869797
5025,0.0013184724521124735,0.0015265577094396576,9.999444846167474e-06,0.0010281802096869797
5026,0.0011849312286358327,0.0012944954651175067,9.999399546622204e-06,0.0010281802096869797
5027,0.0012595194712048396,0.0011752350546885282,9.999352470785252e-06,0.0010281802096869797
5028,0.001340310940577183,0.0015174853397184052,9.9993036186752e-06,0.0010281802096869797
5029,0.0013947607003501616,0.00123189615260344,9.999252990311333e-06,0.0010281802096869797
5030,0.0012062921596225351,0.00151338961586589,9.999200585713641e-06,0.0010281802096869797
5031,0.0013322463200893253,0.0012311466634855606,9.99914640490281e-06,0.0010281802096869797
5032,0.001316743713687174,0.0012586947850650176,9.999090447900235e-06,0.0010281802096869797
5033,0.0010666064554243349,0.0012144620559411123,9.999032714728e-06,0.0010281802096869797
5034,0.001298936942475848,0.0013449370526359417,9.9989732054089e-06,0.0010281802096869797
5035,0.0013573214237112552,0.0013222036286606453,9.99891191996643e-06,0.0010281802096869797
5036,0.001176658297481481,0.00137705330416793,9.998848858424781e-06,0.0010281802096869797
5037,0.001413452555425465,0.001225499261636287,9.998784020808851e-06,0.0010281802096869797
5038,0.0012188020773464814,0.0012518115399871022,9.998717407144238e-06,0.0010281802096869797
5039,0.001084733179595787,0.0012536260110209696,9.998649017457237e-06,0.0010281802096869797
5040,0.0014431784293265082,0.0012072340105078183,9.99857885177485e-06,0.0010281802096869797
5041,0.001161823580332566,0.0012812435743398964,9.998506910124776e-06,0.0010281802096869797
5042,0.001131699958932586,0.001306468722759746,9.998433192535416e-06,0.0010281802096869797
5043,0.0011712422710843384,0.0011927634841413237,9.998357699035874e-06,0.0010281802096869797
5044,0.0015708429127698764,0.0012031837250106037,9.998280429655952e-06,0.0010281802096869797
5045,0.0014477845979854465,0.0012697241618297994,9.998201384426155e-06,0.0010281802096869797
5046,0.0013590284943347797,0.0014968672476243228,9.99812056337769e-06,0.0010281802096869797
5047,0.001221574013470672,0.0012271697632968426,9.998037966542462e-06,0.0010281802096869797
5048,0.0014004446275066584,0.0013559882281697355,9.99795359395308e-06,0.0010281802096869797
5049,0.0013043216604273766,0.0016157704521901906,9.997867445642856e-06,0.0010281802096869797
5050,0.001382932641718071,0.0012842264404753223,9.997779521645793e-06,0.0010281802096869797
5051,0.0011860394151881337,0.001255777315236628,9.997689821996607e-06,0.0010281802096869797
5052,0.0010378278529969975,0.0013613713235827163,9.99759834673071e-06,0.0010281802096869797
5053,0.0012144916545366868,0.0016198336306842975,9.997505095884213e-06,0.0010281802096869797
5054,0.001108243093767669,0.0011817593549494632,9.99741006949393e-06,0.0010281802096869797
5055,0.0014640379740740173,0.0011642868266790174,9.997313267597378e-06,0.0010281802096869797
5056,0.0011814663594122976,0.0012628799959202297,9.997214690232773e-06,0.0010281802096869797
5057,0.0012180479534436017,0.0014350173078128137,9.997114337439028e-06,0.0010281802096869797
5058,0.001365401920338627,0.0010378897859482095,9.997012209255765e-06,0.0010281802096869797
5059,0.001103854418033734,0.0013366029888857156,9.996908305723299e-06,0.0010281802096869797
5060,0.0011179987413925119,0.0014093077843426727,9.996802626882653e-06,0.0010281802096869797
5061,0.0014134664452285506,0.001064698131813202,9.996695172775544e-06,0.0010281802096869797
5062,0.0012516174610937014,0.0013474517763825133,9.996585943444395e-06,0.0010281802096869797
5063,0.0012563400159706362,0.001270884669793304,9.99647493893233e-06,0.0010281802096869797
5064,0.0011757278043660335,0.0010998992147506215,9.996362159283166e-06,0.0010281802096869797
5065,0.0014045298739802092,0.0012868818594142795,9.99624760454143e-06,0.0010281802096869797
5066,0.0012936948842252605,0.0012866176621173508,9.996131274752349e-06,0.0010281802096869797
5067,0.0010768059219117276,0.0010242353673675098,9.996013169961846e-06,0.0010281802096869797
5068,0.0012144598294980824,0.0011695250868797302,9.995893290216545e-06,0.0010242353673675098
5069,0.0014355435778270476,0.0013514155070879497,9.995771635563775e-06,0.0010242353673675098
5070,0.001334444350504782,0.001511749200290069,9.995648206051562e-06,0.0010242353673675098
5071,0.0014311450431705453,0.0012087242139386944,9.995523001728636e-06,0.0010242353673675098
5072,0.001404084949172102,0.0012911828671349213,9.995396022644421e-06,0.0010242353673675098
5073,0.0012707410933217034,0.0013079683485557325,9.995267268849052e-06,0.0010242353673675098
5074,0.001210203961818479,0.0013935611423221417,9.995136740393358e-06,0.0010242353673675098
5075,0.0012725375636364333,0.001312552994932048,9.995004437328866e-06,0.0010242353673675098
5076,0.0012692487580352463,0.001274466616450809,9.994870359707809e-06,0.0010242353673675098
5077,0.001168223905551713,0.001437627084669657,9.99473450758312e-06,0.0010242353673675098
5078,0.0012085454291081987,0.0010385325076640584,9.99459688100843e-06,0.0010242353673675098
5079,0.0013122935051796958,0.0012313796178204939,9.994457480038072e-06,0.0010242353673675098
5080,0.001238627162820194,0.0011573109804885462,9.99431630472708e-06,0.0010242353673675098
5081,0.0011240485400776379,0.0014112276548985392,9.994173355131185e-06,0.0010242353673675098
5082,0.0014239932934287935,0.0014143526641419157,9.994028631306826e-06,0.0010242353673675098
5083,0.0014115035737631842,0.0014020180387888104,9.993882133311134e-06,0.0010242353673675098
5084,0.0012858178160968237,0.0015005240784375928,9.993733861201944e-06,0.0010242353673675098
5085,0.0015059754805406556,0.001325607328908518,9.993583815037794e-06,0.0010242353673675098
5086,0.0012625441813725047,0.0012554572022054344,9.993431994877918e-06,0.0010242353673675098
5087,0.0011960079573327675,0.001199883954541292,9.993278400782253e-06,0.0010242353673675098
5088,0.0012324730050750077,0.0016823412152007222,9.993123032811436e-06,0.0010242353673675098
5089,0.0011916728253709152,0.0012262320233276114,9.992965891026802e-06,0.0010242353673675098
5090,0.0013105512189213187,0.0010250034392811358,9.99280697549039e-06,0.0010242353673675098
5091,0.0011366736216587014,0.0011655000344035216,9.992646286264934e-06,0.0010242353673675098
5092,0.0012400096020428464,0.001203544823511038,9.992483823413875e-06,0.0010242353673675098
5093,0.0011823472304968163,0.0011998075569863431,9.992319587001352e-06,0.0010242353673675098
5094,0.0012086447459296323,0.0014575865789083764,9.992153577092197e-06,0.0010242353673675098
5095,0.00128555122500984,0.001452979471650906,9.991985793751955e-06,0.0010242353673675098
5096,0.0013421912299236283,0.0012388973918859847,9.991816237046858e-06,0.0010242353673675098
5097,0.001368549870676361,0.0013467426542774774,9.991644907043849e-06,0.0010242353673675098
5098,0.0013672017230419442,0.001404752823873423,9.991471803810563e-06,0.0010242353673675098
5099,0.0012386151283863,0.0012021261791232973,9.991296927415343e-06,0.0010242353673675098
5100,0.0013694128138013184,0.0012810167099814862,9.991120277927222e-06,0.0010242353673675098
5101,0.0012686789996223524,0.0012247205595485866,9.990941855415943e-06,0.0010242353673675098
5102,0.0011839072831207886,0.0013115147230564617,9.99076165995194e-06,0.0010242353673675098
5103,0.00125297447812045,0.0012989355673198588,9.990579691606355e-06,0.0010242353673675098
5104,0.0015250628421199508,0.0012387271199258976,9.990395950451025e-06,0.0010242353673675098
5105,0.001148634182754904,0.0011512519413372502,9.990210436558488e-06,0.0010242353673675098
5106,0.0012006590113742277,0.0013202504851506092,9.99002315000198e-06,0.0010242353673675098
5107,0.0011529041003086604,0.0011597541088121943,9.989834090855443e-06,0.0010242353673675098
5108,0.0011711166662280448,0.001222033693920821,9.98964325919351e-06,0.0010242353673675098
5109,0.0012379320032778196,0.0012296449567656964,9.989450655091522e-06,0.0010242353673675098
5110,0.0011710327453329228,0.0013232906931079924,9.989256278625514e-06,0.0010242353673675098
5111,0.001318626556894742,0.0013031343696638942,9.989060129872224e-06,0.0010242353673675098
5112,0.0015224800008581951,0.0014114616205915809,9.988862208909087e-06,0.0010242353673675098
5113,0.0012515802663983777,0.001350871410977561,9.98866251581424e-06,0.0010242353673675098
5114,0.0014155326280160807,0.0013721723516937345,9.988461050666518e-06,0.0010242353673675098
5115,0.0011749979603337124,0.001298597315326333,9.988257813545457e-06,0.0010242353673675098
5116,0.0011751152342185378,0.0013592169489129446,9.988052804531291e-06,0.0010242353673675098
5117,0.001386043441016227,0.001274891968932934,9.987846023704956e-06,0.0010242353673675098
5118,0.0012798899479093961,0.0012658200939767994,9.987637471148084e-06,0.0010242353673675098
5119,0.0011629400250967592,0.0011212518948013894,9.98742714694301e-06,0.0010242353673675098
5120,0.0012660903666983359,0.001319826435064897,9.987215051172763e-06,0.0010242353673675098
5121,0.001243381128006149,0.0013845568319084123,9.987001183921079e-06,0.0010242353673675098
5122,0.001287953979044687,0.001415223567164503,9.986785545272389e-06,0.0010242353673675098
5123,0.0014206461346475407,0.000987067054666113,9.98656813531182e-06,0.0010242353673675098
5124,0.0012585200311150402,0.001429776515578851,9.986348954125207e-06,0.000987067054666113
5125,0.0010722326769609936,0.0013682231510756537,9.986128001799077e-06,0.000987067054666113
5126,0.0012084509653504938,0.0014867966892779805,9.985905278420657e-06,0.000987067054666113
5127,0.0013076585455564782,0.0012068406795151532,9.985680784077878e-06,0.000987067054666113
5128,0.0012518270741566084,0.001373400489683263,9.985454518859363e-06,0.000987067054666113
5129,0.0011776990868384019,0.0012422117215464823,9.985226482854442e-06,0.000987067054666113
5130,0.001264318467292469,0.001307732985878829,9.984996676153135e-06,0.000987067054666113
5131,0.001031397441693116,0.001322593008808326,9.98476509884617e-06,0.000987067054666113
5132,0.0012214613670948893,0.0012034299870720133,9.98453175102497e-06,0.000987067054666113
5133,0.0012172616698080674,0.0011958286268054508,9.984296632781656e-06,0.000987067054666113
5134,0.0012159329126006924,0.00139693844539579,9.984059744209047e-06,0.000987067054666113
5135,0.001214954536408186,0.0012561842013383284,9.983821085400665e-06,0.000987067054666113
5136,0.0016541226214030758,0.0013584852058556862,9.983580656450731e-06,0.000987067054666113
5137,0.0013874443102395162,0.0014356630854308605,9.983338457454159e-06,0.000987067054666113
5138,0.0012762625265168026,0.0012218397096148692,9.983094488506567e-06,0.000987067054666113
5139,0.0011045609862776473,0.0012648682459257543,9.982848749704267e-06,0.000987067054666113
5140,0.0014816415641689673,0.0013320680154720321,9.982601241144277e-06,0.000987067054666113
5141,0.0013983206372358836,0.0012098040024284273,9.982351962924307e-06,0.000987067054666113
5142,0.0013866103035979904,0.0011882717444677837,9.982100915142769e-06,0.000987067054666113
5143,0.001068905090505723,0.0011137262335978448,9.981848097898773e-06,0.000987067054666113
5144,0.0014066523144720122,0.0012503137259045616,9.981593511292127e-06,0.000987067054666113
5145,0.0014528036554111168,0.0014241052194847725,9.981337155423336e-06,0.000987067054666113
5146,0.0011377030532457866,0.0012299728987272829,9.981079030393608e-06,0.000987067054666113
5147,0.0013425063007161953,0.0012933695470564999,9.980819136304846e-06,0.000987067054666113
5148,0.001218979108671192,0.0011789458367275074,9.980557473259649e-06,0.000987067054666113
5149,0.0011232961260247976,0.0010768634019768797,9.98029404136132e-06,0.000987067054666113
5150,0.0014025176787981763,0.0012817844180972315,9.98002884071386e-06,0.000987067054666113
5151,0.0012831445201300085,0.0012569631217047572,9.979761871421964e-06,0.000987067054666113
5152,0.0012424609594745561,0.001214815980347339,9.979493133591025e-06,0.000987067054666113
5153,0.0012110896714148112,0.0013552085074479692,9.979222627327139e-06,0.000987067054666113
5154,0.0011330431589158252,0.0012715712582576089,9.978950352737097e-06,0.000987067054666113
5155,0.0011707437588484026,0.0013366996718104929,9.978676309928389e-06,0.000987067054666113
5156,0.0010959043938782997,0.0010992413444910198,9.9784004990092e-06,0.000987067054666113
5157,0.001306526639382355,0.0012622513168025762,9.978122920088421e-06,0.000987067054666113
5158,0.0012896440384793095,0.0013447380770230666,9.977843573275631e-06,0.000987067054666113
5159,0.0014912501137587242,0.0014042904949747026,9.977562458681116e-06,0.000987067054666113
5160,0.0015037979028420523,0.0016240004188148305,9.977279576415852e-06,0.000987067054666113
5161,0.001486874112742953,0.0012638183834496886,9.976994926591516e-06,0.000987067054666113
5162,0.0014470455425907858,0.0017192841623909771,9.976708509320487e-06,0.000987067054666113
5163,0.0014037624569027685,0.001278297437238507,9.976420324715835e-06,0.000987067054666113
5164,0.0012838577167713083,0.0013660169643117115,9.976130372891332e-06,0.000987067054666113
5165,0.0012321750036790036,0.0011038292868761346,9.975838653961446e-06,0.000987067054666113
5166,0.001184820976050105,0.001182955333206337,9.975545168041343e-06,0.000987067054666113
5167,0.0010306744297849946,0.001199374150019139,9.975249915246887e-06,0.000987067054666113
5168,0.0012127899899496697,0.0015183040814008564,9.974952895694638e-06,0.000987067054666113
5169,0.0012868394260294735,0.0011672433756757528,9.974654109501855e-06,0.000987067054666113
5170,0.0013827742222929373,0.001261012403119821,9.974353556786497e-06,0.000987067054666113
5171,0.0010392732001491822,0.001294694717216771,9.974051237667212e-06,0.000987067054666113
5172,0.001033048945828341,0.0014364923190441914,9.973747152263353e-06,0.000987067054666113
5173,0.0013431664192466997,0.0011299472389509901,9.973441300694972e-06,0.000987067054666113
5174,0.0010498683041078039,0.001212083239806816,9.97313368308281e-06,0.000987067054666113
5175,0.0012804950965801254,0.0011707822559401393,9.97282429954831e-06,0.000987067054666113
5176,0.0012285445627640001,0.0011901549078174867,9.972513150213613e-06,0.000987067054666113
5177,0.001184224478492979,0.0012092582910554484,9.972200235201553e-06,0.000987067054666113
5178,0.0016067894030129537,0.0014762869395781308,9.971885554635669e-06,0.000987067054666113
5179,0.00162444771558512,0.0013421331605059095,9.971569108640188e-06,0.000987067054666113
5180,0.001296720867685508,0.0013552240561693907,9.971250897340039e-06,0.000987067054666113
5181,0.001413965699612163,0.0016532857262063771,9.970930920860846e-06,0.000987067054666113
5182,0.0013181606700527482,0.0014955748774809763,9.970609179328932e-06,0.000987067054666113
5183,0.001188324298709631,0.0013381846802076325,9.970285672871315e-06,0.000987067054666113
5184,0.0013124032921041362,0.0012165415828349069,9.96996040161571e-06,0.000987067054666113
5185,0.0013559989602072164,0.0011000496306223795,9.969633365690528e-06,0.000987067054666113
5186,0.001166414083854761,0.0013074047528789379,9.96930456522488e-06,0.000987067054666113
5187,0.0011101048949058168,0.0013095960894133896,9.968974000348567e-06,0.000987067054666113
5188,0.001277577262953855,0.0011470731988083571,9.968641671192098e-06,0.000987067054666113
5189,0.001174242453998886,0.0013604073828901164,9.968307577886663e-06,0.000987067054666113
5190,0.0012830907653551549,0.0011875160707859322,9.967971720564161e-06,0.000987067054666113
5191,0.0012185955201857723,0.0012900960573460907,9.967634099357184e-06,0.000987067054666113
5192,0.0014458474179264158,0.0015033976669656113,9.96729471439902e-06,0.000987067054666113
5193,0.0012488788706832565,0.0011857512799906544,9.966953565823648e-06,0.000987067054666113
5194,0.0011505912043503486,0.0012393356519169174,9.96661065376575e-06,0.000987067054666113
5195,0.0011351316352374852,0.001278154544706922,9.966265978360709e-06,0.000987067054666113
5196,0.0013605095737148076,0.0013433261774480343,9.965919539744587e-06,0.000987067054666113
5197,0.001460652900277637,0.0011755588639061898,9.965571338054158e-06,0.000987067054666113
5198,0.0013152010360499844,0.0011470878234831616,9.965221373426887e-06,0.000987067054666113
5199,0.0013053581060376018,0.0010710502974689007,9.964869646000933e-06,0.000987067054666113
5200,0.0010488318221177906,0.0013533393939724192,9.964516155915152e-06,0.000987067054666113
5201,0.0013147609570296481,0.0010430178008391522,9.964160903309095e-06,0.000987067054666113
5202,0.0014299513495643623,0.0013665869264514185,9.963803888323014e-06,0.000987067054666113
5203,0.001080457732314244,0.001376694104692433,9.963445111097853e-06,0.000987067054666113
5204,0.001131312019424513,0.0011416813140385784,9.963084571775246e-06,0.000987067054666113
5205,0.0013238558967714198,0.0011070002801716328,9.962722270497534e-06,0.000987067054666113
5206,0.0011985745150013827,0.0013481472196872346,9.962358207407745e-06,0.000987067054666113
5207,0.0012252909655217081,0.001475640689022839,9.961992382649606e-06,0.000987067054666113
5208,0.0012816639864468016,0.0015813782665645704,9.961624796367536e-06,0.000987067054666113
5209,0.0013493650185409933,0.0013913199582020752,9.961255448706658e-06,0.000987067054666113
5210,0.0010403847409179434,0.0014256335707614198,9.96088433981278e-06,0.000987067054666113
5211,0.0012843598015024327,0.0013602206672658212,9.960511469832412e-06,0.000987067054666113
5212,0.001159513158199843,0.0011269084134255536,9.960136838912757e-06,0.000987067054666113
5213,0.0011424965705373324,0.0011122392170364037,9.959760447201713e-06,0.000987067054666113
5214,0.0012651479191845283,0.0011776880419347435,9.959382294847872e-06,0.000987067054666113
5215,0.0010871416088775732,0.0013866240478819236,9.959002382000525e-06,0.000987067054666113
5216,0.0013307883782545105,0.0013187773583922535,9.958620708809655e-06,0.000987067054666113
5217,0.0012787708401447162,0.0013779518558294512,9.95823727542594e-06,0.000987067054666113
5218,0.001403159178153146,0.0012687804628512822,9.957852082000752e-06,0.000987067054666113
5219,0.0014734684882569127,0.001370485799270682,9.957465128686162e-06,0.000987067054666113
5220,0.0011803613597294316,0.0010952230222756043,9.957076415634931e-06,0.000987067054666113
5221,0.0013017779565416276,0.0012482352321967483,9.956685943000518e-06,0.000987067054666113
5222,0.0011428895377321169,0.001227427099365741,9.956293710937076e-06,0.000987067054666113
5223,0.0012257430789759383,0.001033373329846654,9.95589971959945e-06,0.000987067054666113
5224,0.0011418822105042636,0.001074124222213868,9.955503969143183e-06,0.000987067054666113
5225,0.0012617014872375876,0.0013209126263973303,9.95510645972451e-06,0.000987067054666113
5226,0.001210737922519911,0.001265988961677067,9.954707191500362e-06,0.000987067054666113
5227,0.001392919584759511,0.0013873645875719376,9.954306164628363e-06,0.000987067054666113
5228,0.0012585535223479383,0.0012536922513390891,9.953903379266835e-06,0.000987067054666113
5229,0.001077597749826964,0.0013293784504639916,9.953498835574787e-06,0.000987067054666113
5230,0.0012277522255317308,0.0010324504182790406,9.953092533711929e-06,0.000987067054666113
5231,0.001258006268471945,0.0011085211590398103,9.952684473838664e-06,0.000987067054666113
5232,0.0010759448414319195,0.0011831822921521962,9.952274656116083e-06,0.000987067054666113
5233,0.001288502782699652,0.001460169929487165,9.95186308070598e-06,0.000987067054666113
5234,0.0011794683523476124,0.001110941855586134,9.951449747770837e-06,0.000987067054666113
5235,0.0013817214930895716,0.0012157204837421887,9.951034657473828e-06,0.000987067054666113
5236,0.0011533987926668487,0.0015038505080156028,9.95061780997883e-06,0.000987067054666113
5237,0.0013642070698551834,0.0011910615576198325,9.950199205450403e-06,0.000987067054666113
5238,0.0014302333001978695,0.0011778320622397587,9.94977884405381e-06,0.000987067054666113
5239,0.000959270320890937,0.0011324223087285645,9.949356725954996e-06,0.000987067054666113
5240,0.001161903579486534,0.0012198068288853392,9.948932851320614e-06,0.000987067054666113
5241,0.0012610908888746053,0.0011591888978728093,9.948507220317998e-06,0.000987067054666113
5242,0.0010970477160299197,0.0012677030608756468,9.948079833115184e-06,0.000987067054666113
5243,0.0012873586674686521,0.0014711199764860794,9.947650689880895e-06,0.000987067054666113
5244,0.001503104555013124,0.0013246479938970879,9.94721979078455e-06,0.000987067054666113
5245,0.001329048041952774,0.0011715127402567305,9.946787135996263e-06,0.000987067054666113
5246,0.001210341724799946,0.001077081156836357,9.946352725686837e-06,0.000987067054666113
5247,0.0013060909695923328,0.0012635836683330126,9.945916560027772e-06,0.000987067054666113
5248,0.0013723878073506057,0.0014124410226941109,9.94547863919126e-06,0.000987067054666113
5249,0.0010840594477485865,0.0012623588554561138,9.945038963350184e-06,0.000987067054666113
5250,0.0011950856787734665,0.0012978228478459641,9.94459753267812e-06,0.000987067054666113
5251,0.0013524350215448067,0.0011404108663555235,9.94415434734934e-06,0.000987067054666113
5252,0.0014628707431256771,0.0013672523127752356,9.943709407538805e-06,0.000987067054666113
5253,0.0011169277640874498,0.0012033414604957215,9.94326271342217e-06,0.000987067054666113
5254,0.0012322066104388796,0.0014326981035992503,9.942814265175784e-06,0.000987067054666113
5255,0.0013775099941994995,0.001217756376718171,9.942364062976688e-06,0.000987067054666113
5256,0.0014728413370903581,0.0012992800038773566,9.941912107002611e-06,0.000987067054666113
5257,0.0012778491945937276,0.000985283732006792,9.941458397431982e-06,0.000987067054666113
5258,0.001128894517023582,0.0012287229910725728,9.941002934443916e-06,0.000985283732006792
5259,0.0010589560988591984,0.0012921215093228966,9.940545718218224e-06,0.000985283732006792
5260,0.0011528555187396705,0.00140905479202047,9.940086748935407e-06,0.000985283732006792
5261,0.0013046235690126196,0.0011713097046595067,9.939626026776658e-06,0.000985283732006792
5262,0.0011903111662832089,0.0011022666149074212,9.939163551923865e-06,0.000985283732006792
5263,0.0010819355520652607,0.0013713451335206628,9.938699324559606e-06,0.000985283732006792
5264,0.0014670264208689332,0.0015049524663481861,9.938233344867146e-06,0.000985283732006792
5265,0.0011914824863197282,0.0011157377739436924,9.93776561303045e-06,0.000985283732006792
5266,0.001266873106942512,0.0011946592640015297,9.937296129234171e-06,0.000985283732006792
5267,0.0013453161882353015,0.0011605716426856816,9.936824893663654e-06,0.000985283732006792
5268,0.0011271815965301357,0.001012370667012874,9.936351906504936e-06,0.000985283732006792
5269,0.0011973926302744076,0.0014607461271225475,9.93587716794474e-06,0.000985283732006792
5270,0.0011697846566676162,0.0010560180380707607,9.935400678170492e-06,0.000985283732006792
5271,0.0015564496716251597,0.0012813167704734951,9.934922437370298e-06,0.000985283732006792
5272,0.0015519681182922795,0.0013447570527205244,9.934442445732963e-06,0.000985283732006792
5273,0.0011474886778159998,0.0012754036288242787,9.933960703447975e-06,0.000985283732006792
5274,0.0010515470057725906,0.0013020395490457304,9.933477210705525e-06,0.000985283732006792
5275,0.0011630211520241573,0.0014385562608367763,9.932991967696484e-06,0.000985283732006792
5276,0.0014274347049649805,0.0011785434326156974,9.932504974612419e-06,0.000985283732006792
5277,0.0012157631499576382,0.0015235108221531846,9.932016231645587e-06,0.000985283732006792
5278,0.0014071776386117563,0.0012494324255385436,9.931525738988936e-06,0.000985283732006792
5279,0.001141728469519876,0.0014603410745621659,9.931033496836105e-06,0.000985283732006792
5280,0.001419977197656408,0.001281970224226825,9.930539505381425e-06,0.000985283732006792
5281,0.001283629608224146,0.00129897786246147,9.930043764819913e-06,0.000985283732006792
5282,0.0012414289958542213,0.0011684978599078022,9.929546275347283e-06,0.000985283732006792
5283,0.0012750856840284541,0.001354901833110489,9.929047037159933e-06,0.000985283732006792
5284,0.00110206390672829,0.0011326170788379386,9.928546050454953e-06,0.000985283732006792
5285,0.00118109804316191,0.0012478432399802841,9.92804331543013e-06,0.000985283732006792
5286,0.0013322262384463102,0.001363138173473999,9.927538832283932e-06,0.000985283732006792
5287,0.0011464862618595362,0.0012277315399842337,9.92703260121552e-06,0.000985283732006792
5288,0.0011511745906318538,0.0011646442872006446,9.92652462242475e-06,0.000985283732006792
5289,0.001202451043354813,0.0011454652703832835,9.92601489611216e-06,0.000985283732006792
5290,0.0012186017193016596,0.0014611729857278988,9.925503422478985e-06,0.000985283732006792
5291,0.0011168194396304898,0.001220681326230988,9.924990201727144e-06,0.000985283732006792
5292,0.0010679210026864894,0.001095549509045668,9.92447523405925e-06,0.000985283732006792
5293,0.0010748651257017627,0.0012309022422414273,9.923958519678603e-06,0.000985283732006792
5294,0.0012720548111246899,0.001413671299815178,9.923440058789196e-06,0.000985283732006792
5295,0.000978051233687438,0.0013154495100025088,9.922919851595707e-06,0.000985283732006792
5296,0.00129904333880404,0.0012225432874402031,9.922397898303506e-06,0.000985283732006792
5297,0.001318110036663711,0.001268475694814697,9.921874199118653e-06,0.000985283732006792
5298,0.0012935026752529666,0.0012574550637509674,9.921348754247893e-06,0.000985283732006792
5299,0.0011097149472334422,0.00118496386858169,9.920821563898667e-06,0.000985283732006792
5300,0.0013956507900729775,0.0011915103095816448,9.920292628279101e-06,0.000985283732006792
5301,0.0011202627574675716,0.0011911113251699135,9.919761947598007e-06,0.000985283732006792
5302,0.0012643578156712465,0.0012559812748804688,9.919229522064892e-06,0.000985283732006792
5303,0.0010794089321279898,0.0012859967318945564,9.91869535188995e-06,0.000985283732006792
5304,0.0011778418484027497,0.00123437507863855,9.91815943728406e-06,0.000985283732006792
5305,0.001359378598863259,0.00142926969419932,9.917621778458795e-06,0.000985283732006792
5306,0.0012025506803183816,0.0012408609691192396,9.917082375626414e-06,0.000985283732006792
5307,0.0013275280507514253,0.0014063045236980543,9.916541228999865e-06,0.000985283732006792
5308,0.00129369357455289,0.001297941169468686,9.915998338792781e-06,0.000985283732006792
5309,0.001323427350143902,0.0012068256837665103,9.915453705219491e-06,0.000985283732006792
5310,0.0012830797713831998,0.0011375124013284221,9.914907328495004e-06,0.000985283732006792
5311,0.0013420147442957386,0.001178522543341387,9.914359208835023e-06,0.000985283732006792
5312,0.0012741122336592525,0.0011237761937081814,9.913809346455936e-06,0.000985283732006792
5313,0.0014562019059667364,0.001247754342330154,9.91325774157482e-06,0.000985283732006792
5314,0.0014444469707086682,0.001056271605193615,9.91270439440944e-06,0.000985283732006792
5315,0.001195405660837423,0.0011257601654506288,9.912149305178251e-06,0.000985283732006792
5316,0.0011383185847080313,0.0013474254301399924,9.91159247410039e-06,0.000985283732006792
5317,0.0010689351693145,0.0012451801012502983,9.911033901395685e-06,0.000985283732006792
5318,0.0012933576799696311,0.0012260793737368658,9.910473587284655e-06,0.000985283732006792
5319,0.0015772730112075806,0.0013515984901459888,9.9099115319885e-06,0.000985283732006792
5320,0.0013190863755880855,0.0014842143282294273,9.909347735729112e-06,0.000985283732006792
5321,0.001240649857209064,0.001069108497176785,9.908782198729067e-06,0.000985283732006792
5322,0.0012113972697989084,0.0012300340677029453,9.908214921211633e-06,0.000985283732006792
5323,0.0011809484494733624,0.0014999252744019032,9.907645903400762e-06,0.000985283732006792
5324,0.0013215087674325332,0.0010083705274155363,9.90707514552109e-06,0.000985283732006792
5325,0.0012322057809797116,0.0012485168990679085,9.906502647797946e-06,0.000985283732006792
5326,0.0011658170624286868,0.0011286453300272115,9.905928410457343e-06,0.000985283732006792
5327,0.0012315260755713098,0.0014125372617854737,9.905352433725979e-06,0.000985283732006792
5328,0.0013083869853289798,0.0014115950179984793,9.904774717831242e-06,0.000985283732006792
5329,0.001132923956902232,0.0013216385705163702,9.904195263001203e-06,0.000985283732006792
5330,0.0011091889318777248,0.0012889967692899518,9.903614069464624e-06,0.000985283732006792
5331,0.00136336811556248,0.001204735119245015,9.903031137450953e-06,0.000985283732006792
5332,0.0012974310957361013,0.0013761558220721781,9.902446467190317e-06,0.000985283732006792
5333,0.0010529399005463347,0.0012526117934612557,9.901860058913535e-06,0.000985283732006792
5334,0.0012504438200267032,0.0013625065330415964,9.901271912852117e-06,0.000985283732006792
5335,0.001173718053905759,0.001150508876889944,9.90068202923825e-06,0.000985283732006792
5336,0.001257366020581685,0.0010679367260308936,9.90009040830481e-06,0.000985283732006792
5337,0.0014686495778732933,0.0013893067371100187,9.899497050285362e-06,0.000985283732006792
5338,0.001370295649394393,0.001422185065166559,9.898901955414152e-06,0.000985283732006792
5339,0.0010688371112337336,0.0012519248120952398,9.898305123926116e-06,0.000985283732006792
5340,0.0014600555005017668,0.0012126268338761292,9.897706556056872e-06,0.000985283732006792
5341,0.0013102541415719315,0.0013150322920409963,9.897106252042726e-06,0.000985283732006792
5342,0.001265188999241218,0.0010968916394631378,9.896504212120669e-06,0.000985283732006792
5343,0.0013213473721407354,0.0013826148788211867,9.895900436528376e-06,0.000985283732006792
5344,0.0011224728150409646,0.0012414615630405024,9.895294925504207e-06,0.000985283732006792
5345,0.0013016446682740934,0.0013804441477986984,9.894687679287211e-06,0.000985283732006792
5346,0.001127764226112049,0.001368522600387223,9.894078698117119e-06,0.000985283732006792
5347,0.001202493964228779,0.001131338271079585,9.893467982234343e-06,0.000985283732006792
5348,0.0010973298849421553,0.00122234156151535,9.892855531879989e-06,0.000985283732006792
5349,0.0014028026052983478,0.001309372324612923,9.892241347295838e-06,0.000985283732006792
5350,0.0013249722178443335,0.0012945913040312007,9.891625428724365e-06,0.000985283732006792
5351,0.0015407864848384634,0.0011989244376309216,9.89100777640872e-06,0.000985283732006792
5352,0.0011349566193530336,0.0012044204777339473,9.890388390592748e-06,0.000985283732006792
5353,0.0012382933200569823,0.0011065474536735564,9.889767271520968e-06,0.000985283732006792
5354,0.0010103605090989731,0.0011778880434576422,9.88914441943859e-06,0.000985283732006792
5355,0.0011573978990782052,0.001391948404489085,9.888519834591506e-06,0.000985283732006792
5356,0.0012389919720590115,0.0013689478364540264,9.887893517226292e-06,0.000985283732006792
5357,0.001143812929512933,0.001234749288414605,9.887265467590209e-06,0.000985283732006792
5358,0.0013041736383456737,0.0013510697172023356,9.8866356859312e-06,0.000985283732006792
5359,0.0011518374230945483,0.0013763158349320292,9.886004172497891e-06,0.000985283732006792
5360,0.0012347519950708374,0.0012659909843932837,9.885370927539598e-06,0.000985283732006792
5361,0.0012605903757503256,0.0013511420984286815,9.884735951306313e-06,0.000985283732006792
5362,0.0010966375848511234,0.001077011962479446,9.884099244048715e-06,0.000985283732006792
5363,0.0011790788048529066,0.0011104769946541637,9.883460806018167e-06,0.000985283732006792
5364,0.001516800475656055,0.0015885333850746974,9.882820637466712e-06,0.000985283732006792
5365,0.0015341504622483626,0.001173052514786832,9.88217873864708e-06,0.000985283732006792
5366,0.0012022553128190339,0.001110611563490238,9.881535109812683e-06,0.000985283732006792
5367,0.0011839676299132407,0.0013036852033110335,9.880889751217616e-06,0.000985283732006792
5368,0.0011538314138306305,0.0012295144551899284,9.880242663116654e-06,0.000985283732006792
5369,0.0013682096177944914,0.0012278283975319937,9.879593845765258e-06,0.000985283732006792
5370,0.0012029875215375796,0.001472449985158164,9.878943299419571e-06,0.000985283732006792
5371,0.0012761152393068187,0.001280376673093997,9.878291024336419e-06,0.000985283732006792
5372,0.0011415217522880994,0.001028567370667588,9.877637020773306e-06,0.000985283732006792
5373,0.001064762684109155,0.001218885590787977,9.876981288988431e-06,0.000985283732006792
5374,0.0012445710162864998,0.00126952888967935,9.876323829240658e-06,0.000985283732006792
5375,0.001386293486575596,0.001220428297528997,9.875664641789545e-06,0.000985283732006792
5376,0.0011916883449885063,0.0011156938853673637,9.87500372689533e-06,0.000985283732006792
5377,0.00118828935228521,0.0012020102658425458,9.87434108481893e-06,0.000985283732006792
5378,0.0013416068031801842,0.0012296091663301922,9.873676715821944e-06,0.000985283732006792
5379,0.0012057067579007708,0.0013558977443608455,9.873010620166659e-06,0.000985283732006792
5380,0.0011425512639107183,0.0012243181554367766,9.872342798116034e-06,0.000985283732006792
5381,0.0010800778909469955,0.0012059332293574698,9.871673249933717e-06,0.000985283732006792
5382,0.0012546971483970992,0.0011659524752758443,9.871001975884035e-06,0.000985283732006792
5383,0.0010724404564825818,0.0011130024868180044,9.870328976231997e-06,0.000985283732006792
5384,0.0011478919404908083,0.0012461254664231092,9.869654251243291e-06,0.000985283732006792
5385,0.0011936191222048365,0.0012416564568411559,9.86897780118429e-06,0.000985283732006792
5386,0.0014310932165244594,0.0012811415654141456,9.868299626322044e-06,0.000985283732006792
5387,0.0010712913572206162,0.0012794956201105379,9.867619726924284e-06,0.000985283732006792
5388,0.0013787396892439574,0.0010666866292012855,9.86693810325943e-06,0.000985283732006792
5389,0.0012126089277444407,0.0011385115067241713,9.866254755596567e-06,0.000985283732006792
5390,0.001050403414410539,0.00119920406723395,9.865569684205477e-06,0.000985283732006792
5391,0.0011710643811966293,0.0016215438081417233,9.864882889356612e-06,0.000985283732006792
5392,0.0012547797959996387,0.0012968750525033101,9.864194371321109e-06,0.000985283732006792
5393,0.0012401486601447687,0.0011733565479516983,9.863504130370785e-06,0.000985283732006792
5394,0.0010824040800798684,0.0011007744105882011,9.862812166778134e-06,0.000985283732006792
5395,0.0013428450183710083,0.0012722765895887278,9.862118480816332e-06,0.000985283732006792
5396,0.0012729564259643666,0.0011966133897658437,9.861423072759237e-06,0.000985283732006792
5397,0.0012963513581780717,0.0014225934355636127,9.860725942881385e-06,0.000985283732006792
5398,0.001338991307420656,0.0012953256373293698,9.860027091457992e-06,0.000985283732006792
5399,0.001101706933695823,0.0012235659887664951,9.859326518764953e-06,0.000985283732006792
5400,0.0009645456084399484,0.0010300242065568455,9.858624225078841e-06,0.000985283732006792
5401,0.001061575167113915,0.0013305388856679201,9.857920210676914e-06,0.000985283732006792
5402,0.0015216536994557828,0.0011441738679422997,9.857214475837102e-06,0.000985283732006792
5403,0.0011176657571922988,0.0013010107213631272,9.85650702083802e-06,0.000985283732006792
5404,0.0013023307983530685,0.001162887827376835,9.855797845958962e-06,0.000985283732006792
5405,0.0011600639118114486,0.0011962284843320958,9.855086951479895e-06,0.000985283732006792
5406,0.0012987318114028312,0.0012180212434032,9.854374337681472e-06,0.000985283732006792
5407,0.0011025007261196151,0.0010254160952172242,9.853660004845019e-06,0.000985283732006792
5408,0.0011756031308323145,0.001130925229517743,9.852943953252547e-06,0.000985283732006792
5409,0.0013088652412989177,0.0014235981361707672,9.852226183186738e-06,0.000985283732006792
5410,0.0014062718255445361,0.0014291283077909611,9.851506694930958e-06,0.000985283732006792
5411,0.0013204766510170884,0.0012725153501378372,9.85078548876925e-06,0.000985283732006792
5412,0.001077743319910951,0.001350731407001149,9.850062564986334e-06,0.000985283732006792
5413,0.001212496601510793,0.0012647707626456395,9.84933792386761e-06,0.000985283732006792
5414,0.001146576127212029,0.0010462978898431174,9.848611565699152e-06,0.000985283732006792
5415,0.0012226808612467721,0.0012104276320314966,9.847883490767718e-06,0.000985283732006792
5416,0.0010694021912058815,0.001073894884029869,9.847153699360738e-06,0.000985283732006792
5417,0.0011872771719936281,0.0011689495950122364,9.846422191766323e-06,0.000985283732006792
5418,0.0009626466853660531,0.0013312790906638838,9.84568896827326e-06,0.000985283732006792
5419,0.001186840316222515,0.0013504472153726965,9.844954029171017e-06,0.000985283732006792
5420,0.0012855760069214739,0.0012287801437196322,9.844217374749734e-06,0.000985283732006792
5421,0.0012830222985940054,0.0011576696633710526,9.84347900530023e-06,0.000985283732006792
5422,0.0010991824965458363,0.0013663339705090038,9.842738921114002e-06,0.000985283732006792
5423,0.0011046219951822422,0.0010509719868423417,9.841997122483222e-06,0.000985283732006792
5424,0.001167992246337235,0.0013280474377097562,9.841253609700744e-06,0.000985283732006792
5425,0.0011946673694183119,0.0012224031961522996,9.840508383060092e-06,0.000985283732006792
5426,0.001320090246736072,0.0015188826364465058,9.839761442855471e-06,0.000985283732006792
5427,0.0011992536674370058,0.0011362738441675901,9.839012789381762e-06,0.000985283732006792
5428,0.0011366307371645235,0.0011449488447397016,9.83826242293452e-06,0.000985283732006792
5429,0.0010352665340178646,0.0011692973857861944,9.837510343809978e-06,0.000985283732006792
5430,0.0011347833642503247,0.0011463853661553003,9.836756552305045e-06,0.000985283732006792
5431,0.001191411334730219,0.001035300265357364,9.836001048717306e-06,0.000985283732006792
5432,0.001310461200773716,0.00148066041583661,9.835243833345021e-06,0.000985283732006792
5433,0.0012728996007353999,0.0011168909768457524,9.83448490648713e-06,0.000985283732006792
5434,0.0012066667550243437,0.00132660788949579,9.833724268443241e-06,0.000985283732006792
5435,0.0012331488687777892,0.0015198135806713253,9.832961919513645e-06,0.000985283732006792
5436,0.0012183843064121902,0.0012173089126008563,9.832197859999305e-06,0.000985283732006792
5437,0.0013002874911762774,0.001112682613893412,9.831432090201854e-06,0.000985283732006792
5438,0.0013258648541523144,0.001152110649854876,9.830664610423615e-06,0.000985283732006792
5439,0.0012861944996984676,0.0011009394802385941,9.829895420967572e-06,0.000985283732006792
5440,0.001109333366912324,0.0010685129673220217,9.829124522137386e-06,0.000985283732006792
5441,0.0011911582332686521,0.001240273064468056,9.828351914237402e-06,0.000985283732006792
5442,0.0010938431878457777,0.0014189669382176362,9.82757759757263e-06,0.000985283732006792
5443,0.0013552479358622804,0.0012181568090454675,9.826801572448757e-06,0.000985283732006792
5444,0.0011356977192917839,0.0011062037301599048,9.826023839172146e-06,0.000985283732006792
5445,0.0010777381103252992,0.0012499337099143304,9.825244398049834e-06,0.000985283732006792
5446,0.001163144494057633,0.0013581599996541627,9.824463249389533e-06,0.000985283732006792
5447,0.0013530116848414764,0.0011113046639366075,9.823680393499627e-06,0.000985283732006792
5448,0.0012501058808993548,0.001054151711286977,9.822895830689177e-06,0.000985283732006792
5449,0.0011638028881861828,0.001350208156509325,9.822109561267914e-06,0.000985283732006792
5450,0.001121897563280072,0.0011682777912938036,9.821321585546244e-06,0.000985283732006792
5451,0.0011789728159783408,0.0012795071088476107,9.82053190383525e-06,0.000985283732006792
5452,0.001125523260270711,0.0010790283558890224,9.819740516446684e-06,0.000985283732006792
5453,0.0012336834333837032,0.0011862806641147472,9.818947423692974e-06,0.000985283732006792
5454,0.0012040413857903332,0.0013412159605650231,9.818152625887218e-06,0.000985283732006792
5455,0.0012108211303711869,0.0012823375218431465,9.817356123343194e-06,0.000985283732006792
5456,0.001197395562485326,0.0013805082126054913,9.816557916375346e-06,0.000985283732006792
5457,0.0012071181190549396,0.0011330561610520817,9.815758005298791e-06,0.000985283732006792
5458,0.0011613516180659644,0.0013556987614720128,9.814956390429327e-06,0.000985283732006792
5459,0.0013001192273804918,0.0013608768495032564,9.814153072083413e-06,0.000985283732006792
5460,0.0012486784034990706,0.0013493706210283563,9.813348050578192e-06,0.000985283732006792
5461,0.0012323723203735426,0.0011690071187331341,9.81254132623147e-06,0.000985283732006792
5462,0.0011350284694344737,0.0011497175219119526,9.811732899361728e-06,0.000985283732006792
5463,0.0012787828309228644,0.0012845750752603635,9.810922770288126e-06,0.000985283732006792
5464,0.001269362066523172,0.00137067491596099,9.810110939330484e-06,0.000985283732006792
5465,0.0010926216637017205,0.0011448178920545615,9.8092974068093e-06,0.000985283732006792
5466,0.0012377843304420821,0.001212113565998152,9.808482173045748e-06,0.000985283732006792
5467,0.001050558166753035,0.0013750209036516026,9.807665238361668e-06,0.000985283732006792
5468,0.001272324960154947,0.001263978163478896,9.80684660307957e-06,0.000985283732006792
5469,0.0012071815945091657,0.0012720150334644131,9.806026267522643e-06,0.000985283732006792
5470,0.0013730258724535815,0.0011228385483263992,9.805204232014738e-06,0.000985283732006792
5471,0.0012178835313534364,0.0012075337581336498,9.804380496880383e-06,0.000985283732006792
5472,0.0013224819558672607,0.0011732545390259475,9.803555062444779e-06,0.000985283732006792
5473,0.0012669762727455236,0.0010301055008312687,9.80272792903379e-06,0.000985283732006792
5474,0.0009710006052046083,0.001219462683366146,9.801899096973953e-06,0.000985283732006792
5475,0.001159915882453788,0.001220182079123333,9.801068566592486e-06,0.000985283732006792
5476,0.0012007753102807328,0.0012231427972437814,9.800236338217264e-06,0.000985283732006792
5477,0.0010734161915024742,0.0010974163233186118,9.799402412176837e-06,0.000985283732006792
5478,0.0011635656774160452,0.0011839719954878092,9.798566788800428e-06,0.000985283732006792
5479,0.0010189965469180606,0.0011862743413075805,9.797729468417926e-06,0.000985283732006792
5480,0.0011929812535527162,0.001253303540579509,9.796890451359895e-06,0.000985283732006792
5481,0.0011515885780681856,0.0013258098551887088,9.796049737957562e-06,0.000985283732006792
5482,0.001380609188345261,0.0011356383765814826,9.795207328542828e-06,0.000985283732006792
5483,0.0014087272138567641,0.0013410850442596711,9.794363223448263e-06,0.000985283732006792
5484,0.0010411794646643102,0.0013390227977652103,9.793517423007109e-06,0.000985283732006792
5485,0.0012955152778886259,0.0014620057481806725,9.792669927553272e-06,0.000985283732006792
5486,0.0010422192499390803,0.0011244196793995798,9.79182073742133e-06,0.000985283732006792
5487,0.0012853583684773184,0.0011141944560222328,9.790969852946532e-06,0.000985283732006792
5488,0.001088290060579311,0.0011875013442477211,9.790117274464788e-06,0.000985283732006792
5489,0.001203441213874612,0.0014709174720337614,9.78926300231269e-06,0.000985283732006792
5490,0.0012160772166680545,0.0011858566867886111,9.788407036827487e-06,0.000985283732006792
5491,0.0012238094495842233,0.001401382265612483,9.787549378347098e-06,0.000985283732006792
5492,0.0012585542135639116,0.0013641789628309198,9.78669002721012e-06,0.000985283732006792
5493,0.0012930484444950707,0.0011471901962067932,9.785828983755805e-06,0.000985283732006792
5494,0.0010967790367431007,0.0012442630031728186,9.784966248324082e-06,0.000985283732006792
5495,0.0013194488419685513,0.0014228867803467438,9.784101821255545e-06,0.000985283732006792
5496,0.0012219337586429901,0.0012231745567987673,9.783235702891457e-06,0.000985283732006792
5497,0.001140273394412361,0.001265241087821778,9.782367893573746e-06,0.000985283732006792
5498,0.0011141758222947828,0.0013199269815231673,9.78149839364501e-06,0.000985283732006792
5499,0.00107685370312538,0.0011641960009001195,9.780627203448515e-06,0.000985283732006792
5500,0.0012199935736134648,0.0011077896851929836,9.779754323328192e-06,0.000985283732006792
5501,0.001143268651503604,0.0011607079795794562,9.77887975362864e-06,0.000985283732006792
5502,0.0013978967617731541,0.0012595926455105655,9.778003494695126e-06,0.000985283732006792
5503,0.0010572004612185992,0.0014156870893202722,9.777125546873582e-06,0.000985283732006792
5504,0.0011361102806404233,0.00114899125037482,9.776245910510609e-06,0.000985283732006792
5505,0.001093619313905947,0.0012745988788083196,9.775364585953472e-06,0.000985283732006792
5506,0.001221014084876515,0.0012284275944693945,9.774481573550109e-06,0.000985283732006792
5507,0.0013201419351389632,0.0012572386622196063,9.773596873649113e-06,0.000985283732006792
5508,0.0011496441147755831,0.0012024378374917433,9.772710486599752e-06,0.000985283732006792
5509,0.0014255137721193023,0.0009815860685193911,9.771822412751957e-06,0.000985283732006792
5510,0.0012063167596352287,0.0011664207268040627,9.770932652456327e-06,0.0009815860685193911
5511,0.001152399112470448,0.0014060281100682914,9.770041206064124e-06,0.0009815860685193911
5512,0.0011815941979875788,0.0011046376384911127,9.769148073927276e-06,0.0009815860685193911
5513,0.0012708909052889794,0.001087487857148517,9.76825325639838e-06,0.0009815860685193911
5514,0.0010995697739417665,0.001172611999209039,9.767356753830695e-06,0.0009815860685193911
5515,0.0010958507118630223,0.001240238758327905,9.766458566578145e-06,0.0009815860685193911
5516,0.0011764818627852947,0.0013705649616895244,9.765558694995321e-06,0.0009815860685193911
5517,0.0011374036694178358,0.001140762833529152,9.764657139437477e-06,0.0009815860685193911
5518,0.0012336629442870617,0.001350605409243144,9.763753900260533e-06,0.0009815860685193911
5519,0.001276040158700198,0.0012745327621814795,9.762848977821074e-06,0.0009815860685193911
5520,0.0011383118326193653,0.0012743578990921378,9.76194237247635e-06,0.0009815860685193911
5521,0.0011626856139628217,0.0013880250771762803,9.761034084584273e-06,0.0009815860685193911
5522,0.001156769838416949,0.001253690687008202,9.760124114503422e-06,0.0009815860685193911
5523,0.0013193325576139614,0.0011165017713210545,9.759212462593037e-06,0.0009815860685193911
5524,0.0011527032038429752,0.0010929544005193748,9.758299129213024e-06,0.0009815860685193911
5525,0.0012522711913334206,0.0011007274879375473,9.757384114723955e-06,0.0009815860685193911
5526,0.0013056182797299698,0.0011532520802575164,9.75646741948706e-06,0.0009815860685193911
5527,0.0011765720846597105,0.0014494780552922748,9.755549043864237e-06,0.0009815860685193911
5528,0.0012826732781832106,0.0011832371310447343,9.754628988218049e-06,0.0009815860685193911
5529,0.0013897251992602833,0.0013503108275472187,9.753707252911714e-06,0.0009815860685193911
5530,0.0010865976655622944,0.00124259183940012,9.752783838309122e-06,0.0009815860685193911
5531,0.0012535399873740971,0.0012325424686423503,9.751858744774823e-06,0.0009815860685193911
5532,0.0013975778201711364,0.001100709087040741,9.750931972674025e-06,0.0009815860685193911
5533,0.0013205571158323437,0.0013260098203318194,9.75000352237261e-06,0.0009815860685193911
5534,0.0012045950861647725,0.0013738429042859934,9.749073394237108e-06,0.0009815860685193911
5535,0.0012825490775867365,0.0013057260657660663,9.748141588634725e-06,0.0009815860685193911
5536,0.0013054601586190984,0.001206230757816229,9.747208105933319e-06,0.0009815860685193911
5537,0.001049942395184189,0.0012536199355963618,9.746272946501416e-06,0.0009815860685193911
5538,0.001041393967170734,0.0012237720147822984,9.7453361107082e-06,0.0009815860685193911
5539,0.0012351539044175297,0.0011555731616681442,9.744397598923524e-06,0.0009815860685193911
5540,0.0011378278577467427,0.001003773693810217,9.743457411517891e-06,0.0009815860685193911
5541,0.0011881908649229445,0.0012271019877516665,9.742515548862476e-06,0.0009815860685193911
5542,0.0014844629695289768,0.0012743730112561025,9.741572011329112e-06,0.0009815860685193911
5543,0.0013096868351567537,0.0011746271411539055,9.740626799290292e-06,0.0009815860685193911
5544,0.0011059996904805303,0.0014288928650785238,9.739679913119168e-06,0.0009815860685193911
5545,0.0011704153221216984,0.0010395766803412698,9.738731353189558e-06,0.0009815860685193911
5546,0.0011749152617994696,0.0014795787574257702,9.73778111987594e-06,0.0009815860685193911
5547,0.001060617869370617,0.0012771710171364248,9.73682921355345e-06,0.0009815860685193911
5548,0.0014470489404629916,0.001118210617278237,9.735875634597881e-06,0.0009815860685193911
5549,0.001341988259810023,0.001344275711744558,9.734920383385698e-06,0.0009815860685193911
5550,0.0012550449682748877,0.0014278573507908732,9.733963460294016e-06,0.0009815860685193911
5551,0.0013024289801251143,0.0011079921023338102,9.733004865700612e-06,0.0009815860685193911
5552,0.001135446160333231,0.0010153516341233626,9.732044599983924e-06,0.0009815860685193911
5553,0.0010677603640942834,0.0013657248491654173,9.731082663523052e-06,0.0009815860685193911
5554,0.0012100687381462194,0.0013825049172737636,9.730119056697752e-06,0.0009815860685193911
5555,0.0009604994993424043,0.0010323469250579365,9.729153779888439e-06,0.0009815860685193911
5556,0.0010887572425417602,0.0010935089594568126,9.728186833476191e-06,0.0009815860685193911
5557,0.0011670508683891967,0.0011461684844107367,9.727218217842745e-06,0.0009815860685193911
5558,0.0011698862290359102,0.0012270463485037908,9.72624793337049e-06,0.0009815860685193911
5559,0.0010962325759464875,0.0012409919872879982,9.725275980442483e-06,0.0009815860685193911
5560,0.0010819438321050256,0.0009731122700031847,9.724302359442434e-06,0.0009815860685193911
5561,0.0012009383863187395,0.0010615514183882624,9.723327070754715e-06,0.0009731122700031847
5562,0.0012606666932697408,0.0013152465617167763,9.72235011476435e-06,0.0009731122700031847
5563,0.0011770652054110542,0.0013550812436733395,9.721371491857032e-06,0.0009731122700031847
5564,0.0010687509493436664,0.0012087674040230922,9.7203912024191e-06,0.0009731122700031847
5565,0.0012306974895182066,0.0011300014666630886,9.719409246837561e-06,0.0009731122700031847
5566,0.0011111340281786397,0.0014815758768236265,9.718425625500074e-06,0.0009731122700031847
5567,0.0012021075017401017,0.0014099383552093059,9.717440338794956e-06,0.0009731122700031847
5568,0.001197311059513595,0.0011695419962052256,9.716453387111185e-06,0.0009731122700031847
5569,0.001176357218355406,0.0011602527665672824,9.715464770838392e-06,0.0009731122700031847
5570,0.0010291783837601542,0.0010748932254500687,9.714474490366866e-06,0.0009731122700031847
5571,0.0009517548824078403,0.001274205875233747,9.713482546087557e-06,0.0009731122700031847
5572,0.0012035204999847338,0.0011929819302167743,9.712488938392069e-06,0.0009731122700031847
5573,0.0012780503238900565,0.0012774225615430623,9.711493667672658e-06,0.0009731122700031847
5574,0.0013106522892485373,0.001241007135831751,9.710496734322246e-06,0.0009731122700031847
5575,0.0012012325969408266,0.001231720350915566,9.709498138734405e-06,0.0009731122700031847
5576,0.0011188284261152148,0.001300201976846438,9.708497881303362e-06,0.0009731122700031847
5577,0.0013337962445802987,0.0014148493064567447,9.707495962424008e-06,0.0009731122700031847
5578,0.0012119002785766497,0.0012574824650073424,9.70649238249188e-06,0.0009731122700031847
5579,0.001131342134613078,0.0011420780065236613,9.705487141903179e-06,0.0009731122700031847
5580,0.0014088927418924868,0.0011802171502495185,9.704480241054755e-06,0.0009731122700031847
5581,0.0012567179146572016,0.0011248226219322532,9.703471680344119e-06,0.0009731122700031847
5582,0.0011906455038115382,0.0010781585006043315,9.702461460169433e-06,0.0009731122700031847
5583,0.001268189022084698,0.001010193387628533,9.701449580929518e-06,0.0009731122700031847
5584,0.00115248431393411,0.0011585609172470868,9.700436043023844e-06,0.0009731122700031847
5585,0.001036273650242947,0.0014135766250547022,9.699420846852545e-06,0.0009731122700031847
5586,0.0010625290451571345,0.0012667445553233847,9.6984039928164e-06,0.0009731122700031847
5587,0.0012535427522379905,0.001231232614372857,9.697385481316849e-06,0.0009731122700031847
5588,0.0012388223258312792,0.0010377401922596619,9.696365312755982e-06,0.0009731122700031847
5589,0.0012486937703215517,0.0011864631305797957,9.695343487536551e-06,0.0009731122700031847
5590,0.0009776466686162166,0.0010726073014666326,9.69432000606195e-06,0.0009731122700031847
5591,0.001104028255213052,0.0012893166131107137,9.693294868736236e-06,0.0009731122700031847
5592,0.0010694700686144643,0.001102152069506701,9.692268075964118e-06,0.0009731122700031847
5593,0.0010675948942662217,0.0010007780583691783,9.691239628150955e-06,0.0009731122700031847
5594,0.0012071335295331664,0.001368621007713955,9.690209525702764e-06,0.0009731122700031847
5595,0.0011696079891407862,0.0013569329894380644,9.689177769026211e-06,0.0009731122700031847
5596,0.0013633633207064122,0.0012203676451463252,9.68814435852862e-06,0.0009731122700031847
5597,0.0012708641006611288,0.0014993224103818648,9.687109294617963e-06,0.0009731122700031847
5598,0.0011644336700555868,0.0012314751002122648,9.686072577702867e-06,0.0009731122700031847
5599,0.00102655006776331,0.0013674654401256703,9.685034208192614e-06,0.0009731122700031847
5600,0.0011508987081469968,0.0010311218866263516,9.683994186497132e-06,0.0009731122700031847
5601,0.0011098562317783944,0.0011777482577599585,9.682952513027008e-06,0.0009731122700031847
5602,0.001269727603357751,0.0011075662914663553,9.681909188193474e-06,0.0009731122700031847
5603,0.0010848554375115782,0.0012600939444382675,9.680864212408425e-06,0.0009731122700031847
5604,0.0012891830847365782,0.001036465349898208,9.679817586084397e-06,0.0009731122700031847
5605,0.00131541550217662,0.00128884785954142,9.67876930963458e-06,0.0009731122700031847
5606,0.0011592804876272567,0.0012279682341613807,9.677719383472817e-06,0.0009731122700031847
5607,0.0011521862907102332,0.0011544589069671929,9.676667808013605e-06,0.0009731122700031847
5608,0.0010302429727744311,0.0010900199340539984,9.675614583672089e-06,0.0009731122700031847
5609,0.0010345175542170182,0.001101838133763522,9.674559710864064e-06,0.0009731122700031847
5610,0.0010774686161312275,0.0012574077627505176,9.673503190005978e-06,0.0009731122700031847
5611,0.0013072704459773377,0.0011312186179566197,9.672445021514925e-06,0.0009731122700031847
5612,0.0011940192634938285,0.0013620074460050091,9.67138520580866e-06,0.0009731122700031847
5613,0.0010906952229561284,0.000973430804151576,9.670323743305576e-06,0.0009731122700031847
5614,0.0011130879647680558,0.0011584310050238855,9.669260634424723e-06,0.0009731122700031847
5615,0.0010359629304730333,0.0013713213411392644,9.6681958795858e-06,0.0009731122700031847
5616,0.0011843839238281362,0.0011568137852009386,9.667129479209156e-06,0.0009731122700031847
5617,0.0010761221055872738,0.0012255401743459515,9.66606143371579e-06,0.0009731122700031847
5618,0.001065327764081303,0.0011670874737319537,9.664991743527344e-06,0.0009731122700031847
5619,0.0012858244954259135,0.0011557945690583438,9.66392040906612e-06,0.0009731122700031847
5620,0.001280882854189258,0.0011774809609050862,9.662847430755062e-06,0.0009731122700031847
5621,0.0008864652627380565,0.0012414767552400008,9.661772809017766e-06,0.0009731122700031847
5622,0.0012058299980708398,0.001183695625513792,9.660696544278474e-06,0.0009731122700031847
5623,0.0013801020468235947,0.0011728922399925068,9.659618636962079e-06,0.0009731122700031847
5624,0.0013360864177229814,0.0012013798477710225,9.658539087494122e-06,0.0009731122700031847
5625,0.0012638353800866753,0.0013535834732465446,9.65745789630079e-06,0.0009731122700031847
5626,0.0011175153122167103,0.001126431285229046,9.656375063808924e-06,0.0009731122700031847
5627,0.0010417804660391994,0.0011964315199293196,9.655290590446008e-06,0.0009731122700031847
5628,0.0011658230068860576,0.0010600446767057292,9.654204476640172e-06,0.0009731122700031847
5629,0.001233417533512693,0.001064688061887864,9.6531167228202e-06,0.0009731122700031847
5630,0.00129883480258286,0.0013068725966149941,9.652027329415518e-06,0.0009731122700031847
5631,0.001280547287024092,0.0015069917135406286,9.650936296856201e-06,0.0009731122700031847
5632,0.0010894346560235135,0.0010996440832968801,9.649843625572973e-06,0.0009731122700031847
5633,0.001146995033195708,0.0010848326710402034,9.648749315997202e-06,0.0009731122700031847
5634,0.0010776756971608847,0.001132421035435982,9.647653368560905e-06,0.0009731122700031847
5635,0.0013004885258851573,0.00132646912970813,9.646555783696743e-06,0.0009731122700031847
5636,0.0010148008150281385,0.0011604965329752304,9.645456561838029e-06,0.0009731122700031847
5637,0.0011927215018658899,0.0012612369973794557,9.644355703418713e-06,0.0009731122700031847
5638,0.0012185404266347177,0.001006424834486097,9.643253208873401e-06,0.0009731122700031847
5639,0.0011970976265729405,0.0010235172812826931,9.642149078637339e-06,0.0009731122700031847
5640,0.0013560376610257663,0.0011426762575865723,9.641043313146418e-06,0.0009731122700031847
5641,0.0013068594707874581,0.0011605918189161457,9.639935912837178e-06,0.0009731122700031847
5642,0.0012022356750094332,0.001140151172876358,9.638826878146805e-06,0.0009731122700031847
5643,0.0012825336016248912,0.0012051285011693835,9.637716209513127e-06,0.0009731122700031847
5644,0.001112394398660399,0.001156797785370145,9.636603907374617e-06,0.0009731122700031847
5645,0.0011161088768858463,0.001036053006828297,9.635489972170396e-06,0.0009731122700031847
5646,0.001286218932364136,0.0011056966031901538,9.634374404340228e-06,0.0009731122700031847
5647,0.001145761321822647,0.0011401812225813046,9.633257204324522e-06,0.0009731122700031847
5648,0.0012864518139394931,0.0014532912900904194,9.63213837256433e-06,0.0009731122700031847
5649,0.0012125732755521312,0.0014054692874196917,9.631017909501347e-06,0.0009731122700031847
5650,0.0010847050943993963,0.0013221912304288708,9.629895815577915e-06,0.0009731122700031847
5651,0.001091450874810107,0.0011651638997136615,9.628772091237022e-06,0.0009731122700031847
5652,0.0010833944761543535,0.0012453207964426838,9.627646736922296e-06,0.0009731122700031847
5653,0.0010892959908233024,0.001440558728063479,9.626519753078005e-06,0.0009731122700031847
5654,0.0012382199784042314,0.0011714242791640572,9.625391140149068e-06,0.0009731122700031847
5655,0.0011690042447298765,0.0011778413972933777,9.624260898581042e-06,0.0009731122700031847
5656,0.0010969345748890191,0.0014044871204532683,9.623129028820129e-06,0.0009731122700031847
5657,0.00122436361561995,0.001050848608429078,9.621995531313175e-06,0.0009731122700031847
5658,0.0011016669595846906,0.0011115597008029,9.620860406507661e-06,0.0009731122700031847
5659,0.0011984034717897885,0.0009726392017910257,9.619723654851722e-06,0.0009731122700031847
5660,0.000969017026363872,0.000992809895251412,9.61858527679413e-06,0.0009726392017910257
5661,0.0012082824323442765,0.0012354821665212512,9.617445272784294e-06,0.0009726392017910257
5662,0.001075936532288324,0.001086201737052761,9.616303643272275e-06,0.0009726392017910257
5663,0.0012363029381958768,0.0012559199021779932,9.615160388708766e-06,0.0009726392017910257
5664,0.0013298593257786706,0.0010712194343796,9.614015509545105e-06,0.0009726392017910257
5665,0.001252364949323237,0.0011671446191030554,9.612869006233276e-06,0.0009726392017910257
5666,0.0011891517860931344,0.001224436768097803,9.6117208792259e-06,0.0009726392017910257
5667,0.0012566004079417326,0.0012329956953180954,9.610571128976235e-06,0.0009726392017910257
5668,0.001330835082626436,0.0012220572534715757,9.60941975593819e-06,0.0009726392017910257
5669,0.0014181557562551461,0.0010801541793625802,9.608266760566304e-06,0.0009726392017910257
5670,0.0010834380227606744,0.0012835411980631761,9.607112143315763e-06,0.0009726392017910257
5671,0.0012841605785069987,0.001120083914429415,9.605955904642393e-06,0.0009726392017910257
5672,0.001332788830040954,0.001199509933940135,9.604798045002658e-06,0.0009726392017910257
5673,0.001217165365233086,0.001202096238557715,9.603638564853663e-06,0.0009726392017910257
5674,0.0012417903344612569,0.0014035042840987444,9.60247746465315e-06,0.0009726392017910257
5675,0.0009426659307791851,0.001267320905753877,9.601314744859504e-06,0.0009726392017910257
5676,0.0010341247834730893,0.001235971023561433,9.600150405931751e-06,0.0009726392017910257
5677,0.0012834735243814066,0.001244750506884884,9.59898444832955e-06,0.0009726392017910257
5678,0.001286589256778825,0.0011568952613743022,9.597816872513205e-06,0.0009726392017910257
5679,0.0011099638068117201,0.0012361110348138027,9.596647678943656e-06,0.0009726392017910257
5680,0.0013642200283356942,0.0012424304077285342,9.595476868082481e-06,0.0009726392017910257
5681,0.0012773169437423348,0.001436186270439066,9.594304440391899e-06,0.0009726392017910257
5682,0.0011176775733474642,0.0010179913660977036,9.593130396334765e-06,0.0009726392017910257
5683,0.0013912790745962411,0.0013096916081849486,9.591954736374572e-06,0.0009726392017910257
5684,0.0012884091411251575,0.0011832759628305212,9.590777460975456e-06,0.0009726392017910257
5685,0.00130183497822145,0.0009997415836551227,9.589598570602181e-06,0.0009726392017910257
5686,0.0010321303707314655,0.0012123899796279147,9.588418065720159e-06,0.0009726392017910257
5687,0.001070344413165003,0.001065374177414924,9.58723594679543e-06,0.0009726392017910257
5688,0.0012694786637439393,0.0012592862258316018,9.586052214294682e-06,0.0009726392017910257
5689,0.0012820353585993871,0.0012429900525603443,9.584866868685228e-06,0.0009726392017910257
5690,0.00139659099659184,0.0012434030286385678,9.583679910435027e-06,0.0009726392017910257
5691,0.001102508555050008,0.0011185925686731935,9.58249134001267e-06,0.0009726392017910257
5692,0.0011553604563232511,0.000986043713055551,9.581301157887387e-06,0.0009726392017910257
5693,0.0011511743286973797,0.001083388451661449,9.580109364529041e-06,0.0009726392017910257
5694,0.0010766444975160994,0.0014968448813306168,9.578915960408135e-06,0.0009726392017910257
5695,0.001250944915227592,0.00134260250342777,9.577720945995806e-06,0.0009726392017910257
5696,0.0011887392975040711,0.0012084845002391376,9.576524321763825e-06,0.0009726392017910257
5697,0.0012080399174010381,0.0012132144474890083,9.575326088184601e-06,0.0009726392017910257
5698,0.0009481545639573596,0.0012694158576778136,9.574126245731178e-06,0.0009726392017910257
5699,0.0010433379720780067,0.0014124404697213322,9.572924794877238e-06,0.0009726392017910257
5700,0.001348353223875165,0.0012925788469146937,9.571721736097089e-06,0.0009726392017910257
5701,0.0013211166733526625,0.0010329918513889425,9.570517069865682e-06,0.0009726392017910257
5702,0.001204593776492402,0.0012839658520533703,9.569310796658603e-06,0.0009726392017910257
5703,0.0010481891076778993,0.0012097269645892084,9.568102916952062e-06,0.0009726392017910257
5704,0.0009269522779504769,0.0012381932538119145,9.56689343122292e-06,0.0009726392017910257
5705,0.0011499159809318371,0.001126405295508448,9.565682339948658e-06,0.0009726392017910257
5706,0.0010470322449691594,0.0010299780915374868,9.564469643607395e-06,0.0009726392017910257
5707,0.001230114277859684,0.0012152196941315196,9.563255342677886e-06,0.0009726392017910257
5708,0.0011392540764063597,0.0013038913530181162,9.562039437639517e-06,0.0009726392017910257
5709,0.001374309416860342,0.0012821691998397,9.56082192897231e-06,0.0009726392017910257
5710,0.0012060938606737182,0.001189244670968037,9.559602817156912e-06,0.0009726392017910257
5711,0.0012445222091628239,0.001056051318300888,9.558382102674617e-06,0.0009726392017910257
5712,0.0011998878107988276,0.0009540732062305324,9.55715978600734e-06,0.0009726392017910257
5713,0.0013705488090636209,0.0010890377816394903,9.555935867637634e-06,0.0009540732062305324
5714,0.0009753035992616788,0.0013534730896935798,9.554710348048678e-06,0.0009540732062305324
5715,0.0012673957535298541,0.0012518961666501127,9.553483227724292e-06,0.0009540732062305324
5716,0.0011903519334737211,0.0010498483461560681,9.552254507148923e-06,0.0009540732062305324
5717,0.0014592408406315371,0.0013578859143308364,9.55102418680765e-06,0.0009540732062305324
5718,0.0013760529836872593,0.0014594637541449629,9.549792267186182e-06,0.0009540732062305324
5719,0.001157117381808348,0.0012750526148010977,9.548558748770865e-06,0.0009540732062305324
5720,0.0011592505616135895,0.0011279664395260625,9.54732363204867e-06,0.0009540732062305324
5721,0.0012033758539473638,0.0011011744500137866,9.546086917507203e-06,0.0009540732062305324
5722,0.001067948862328194,0.001293193912715651,9.544848605634698e-06,0.0009540732062305324
5723,0.0010860127804335207,0.0012148058449383825,9.543608696920023e-06,0.0009540732062305324
5724,0.0011100079645984806,0.0011123705480713397,9.542367191852671e-06,0.0009540732062305324
5725,0.0012524657358881086,0.0011656344213406555,9.541124090922771e-06,0.0009540732062305324
5726,0.001260149510926567,0.0014238309158827178,9.539879394621079e-06,0.0009540732062305324
5727,0.0012538112860056572,0.0010567789286142215,9.538633103438982e-06,0.0009540732062305324
5728,0.001125326394685544,0.0010013496794272214,9.537385217868495e-06,0.0009540732062305324
5729,0.0009706760902190581,0.0011000360391335562,9.536135738402263e-06,0.0009540732062305324
5730,0.0011986182580585591,0.0013468434772221372,9.534884665533564e-06,0.0009540732062305324
5731,0.0011487144001876004,0.0013251202617539093,9.533631999756296e-06,0.0009540732062305324
5732,0.000953674032643903,0.0013017703749937937,9.532377741564996e-06,0.0009540732062305324
5733,0.0009139997200691141,0.0014089110045460984,9.531121891454825e-06,0.0009540732062305324
5734,0.00104549993557157,0.000980064898612909,9.529864449921572e-06,0.0009540732062305324
5735,0.001346153068880085,0.0012790596010745503,9.528605417461653e-06,0.0009540732062305324
5736,0.0013534687459468842,0.0012853971638833173,9.527344794572117e-06,0.0009540732062305324
5737,0.0010949817733489908,0.0009795204096008092,9.526082581750638e-06,0.0009540732062305324
5738,0.0010631914410623722,0.0012572887062560767,9.524818779495515e-06,0.0009540732062305324
5739,0.0011118667025584728,0.0010791992244776338,9.523553388305681e-06,0.0009540732062305324
5740,0.0012965314963366836,0.0010158925215364434,9.522286408680688e-06,0.0009540732062305324
5741,0.0011710628168657422,0.0011817447884823196,9.521017841120722e-06,0.0009540732062305324
5742,0.0010686101813917048,0.0012076588391209953,9.519747686126593e-06,0.0009540732062305324
5743,0.0013363385733100586,0.001309434650465846,9.518475944199738e-06,0.0009540732062305324
5744,0.001135660168074537,0.0013387961516855285,9.517202615842221e-06,0.0009540732062305324
5745,0.0011918569507542998,0.0012811837950721383,9.515927701556731e-06,0.0009540732062305324
5746,0.0012230406355229206,0.0011442919712862931,9.514651201846584e-06,0.0009540732062305324
5747,0.0012017838162137195,0.0013918748736614361,9.513373117215723e-06,0.0009540732062305324
5748,0.0013187703807489015,0.0010971489173243754,9.512093448168716e-06,0.0009540732062305324
5749,0.0012769877721439116,0.001288435327296611,9.510812195210755e-06,0.0009540732062305324
5750,0.0010849748141481541,0.0012621951100300066,9.509529358847657e-06,0.0009540732062305324
5751,0.0010674428776837885,0.0013251411292003468,9.508244939585868e-06,0.0009540732062305324
5752,0.0011815438119811006,0.0011571988579817116,9.506958937932453e-06,0.0009540732062305324
5753,0.0011887216605828144,0.0012804447978851385,9.505671354395107e-06,0.0009540732062305324
5754,0.0011553514486877248,0.001229827968927566,9.50438218948215e-06,0.0009540732062305324
5755,0.0011420982264098711,0.0011368556224624626,9.503091443702522e-06,0.0009540732062305324
5756,0.0011939962205360644,0.0011117668254883029,9.501799117565788e-06,0.0009540732062305324
5757,0.0013073943628114648,0.00122742289386224,9.500505211582137e-06,0.0009540732062305324
5758,0.0013312753435457125,0.001141202861617785,9.499209726262387e-06,0.0009540732062305324
5759,0.0013419317110674456,0.0012280934897717088,9.497912662117971e-06,0.0009540732062305324
5760,0.0009642789882491343,0.0011759831031668,9.49661401966095e-06,0.0009540732062305324
5761,0.0010807215949171223,0.0011682276308420114,9.49531379940401e-06,0.0009540732062305324
5762,0.0010656501835910603,0.0011574006857699715,9.494012001860454e-06,0.0009540732062305324
5763,0.0011253015327383764,0.0010496190880076028,9.492708627544213e-06,0.0009540732062305324
5764,0.0010081848595291376,0.0012428890986484475,9.49140367696984e-06,0.0009540732062305324
5765,0.0011856374985654838,0.0010429501562612131,9.490097150652505e-06,0.0009540732062305324
5766,0.000983075369731523,0.0009772878038347699,9.488789049108005e-06,0.0009540732062305324
5767,0.0010859036920010112,0.001091337515390478,9.487479372852761e-06,0.0009540732062305324
5768,0.0012545148565550335,0.0009352148990728892,9.48616812240381e-06,0.0009540732062305324
5769,0.0012166671949671581,0.001227178072440438,9.484855298278812e-06,0.0009352148990728892
5770,0.0011509130272315815,0.001090701793145854,9.48354090099605e-06,0.0009352148990728892
5771,0.0013465176161844283,0.0011872838222188875,9.482224931074427e-06,0.0009352148990728892
5772,0.0011085102232755162,0.0011852831303258426,9.480907389033468e-06,0.0009352148990728892
5773,0.001218748206156306,0.0012815005611628294,9.479588275393317e-06,0.0009352148990728892
5774,0.0015087792417034507,0.0013565865592681803,9.47826759067474e-06,0.0009352148990728892
5775,0.0012084693153155968,0.0009982010233215988,9.476945335399122e-06,0.0009352148990728892
5776,0.0013359735239646398,0.0014076600709813647,9.475621510088467e-06,0.0009352148990728892
5777,0.0012895081963506527,0.0011378271374269389,9.474296115265401e-06,0.0009352148990728892
5778,0.0014479748861049302,0.0011277412922936492,9.472969151453173e-06,0.0009352148990728892
5779,0.0013779802320641465,0.0010140674276044592,9.47164061917564e-06,0.0009352148990728892
5780,0.0012071478995494545,0.0012256610061740503,9.47031051895729e-06,0.0009352148990728892
5781,0.001100851412047632,0.0009844838787103072,9.468978851323225e-06,0.0009352148990728892
5782,0.0011644290570984595,0.0011151823637192138,9.467645616799166e-06,0.0009352148990728892
5783,0.0014100890621193685,0.001206694018037524,9.466310815911454e-06,0.0009352148990728892
5784,0.0010263505391776562,0.0011471184188849293,9.464974449187046e-06,0.0009352148990728892
5785,0.001175680590677075,0.0010852846098714508,9.463636517153517e-06,0.0009352148990728892
5786,0.001029323750117328,0.0012740977181238122,9.462297020339063e-06,0.0009352148990728892
5787,0.0014570101702702232,0.0011082932542194612,9.460955959272499e-06,0.0009352148990728892
5788,0.0010382929467596114,0.001059010137396399,9.459613334483247e-06,0.0009352148990728892
5789,0.0009698420981294475,0.0010565267948550172,9.458269146501362e-06,0.0009352148990728892
5790,0.0010224456782452762,0.0010173292248509824,9.456923395857503e-06,0.0009352148990728892
5791,0.001110406024963595,0.001119484986702446,9.455576083082955e-06,0.0009352148990728892
5792,0.0011297817036393099,0.0010196485309279524,9.454227208709612e-06,0.0009352148990728892
5793,0.0010753436727100052,0.0011111704079667106,9.452876773269991e-06,0.0009352148990728892
5794,0.0010746793195721693,0.0011696122237481177,9.451524777297221e-06,0.0009352148990728892
5795,0.0010142784667550586,0.0010796994174597785,9.45017122132505e-06,0.0009352148990728892
5796,0.001253243892278988,0.0010853352869162336,9.448816105887837e-06,0.0009352148990728892
5797,0.0011756897220038809,0.0010404166168882512,9.447459431520564e-06,0.0009352148990728892
5798,0.0010718921985244378,0.0011416255219955929,9.446101198758822e-06,0.0009352148990728892
5799,0.0010474647569935769,0.0012584631112986244,9.444741408138823e-06,0.0009352148990728892
5800,0.001199061363877263,0.0011333836446283385,9.443380060197387e-06,0.0009352148990728892
5801,0.0010756094052339904,0.0011034688577638008,9.442017155471956e-06,0.0009352148990728892
5802,0.0010403698761365376,0.0013332914822967723,9.44065269450058e-06,0.0009352148990728892
5803,0.0011266547735431232,0.0011260077444603667,9.439286677821927e-06,0.0009352148990728892
5804,0.0009320852841483429,0.0011002208266290836,9.437919105975282e-06,0.0009352148990728892
5805,0.0012103780900361016,0.0011499214379000477,9.43654997950054e-06,0.0009352148990728892
5806,0.0012333207632764243,0.001165641428087838,9.435179298938205e-06,0.0009352148990728892
5807,0.0010171849935431965,0.001249260749318637,9.433807064829407e-06,0.0009352148990728892
5808,0.0009709592268336564,0.001451804069802165,9.432433277715878e-06,0.0009352148990728892
5809,0.0011409673243178986,0.0009943384357029572,9.43105793813997e-06,0.0009352148990728892
5810,0.001101128218579106,0.0009142462440649979,9.429681046644641e-06,0.0009352148990728892
5811,0.0012798128664144315,0.0011682312688208185,9.428302603773472e-06,0.0009142462440649979
5812,0.001080758127500303,0.0010115348268300295,9.426922610070645e-06,0.0009142462440649979
5813,0.0010784605547087267,0.001387462172715459,9.425541066080964e-06,0.0009142462440649979
5814,0.0009707612698548473,0.0010239399125566706,9.424157972349838e-06,0.0009142462440649979
5815,0.0012268328428035602,0.0010257354369969107,9.422773329423292e-06,0.0009142462440649979
5816,0.0010433183197164908,0.0011512561468407512,9.421387137847958e-06,0.0009142462440649979
5817,0.0011108107719337568,0.0010333209720556624,9.419999398171086e-06,0.0009142462440649979
5818,0.0012750142341246828,0.0011402131203794852,9.418610110940532e-06,0.0009142462440649979
5819,0.0010302228474756703,0.0012083391338819638,9.417219276704766e-06,0.0009142462440649979
5820,0.001078998473531101,0.0011181521622347645,9.415826896012866e-06,0.0009142462440649979
5821,0.001069393525540363,0.0014325291122077033,9.414432969414522e-06,0.0009142462440649979
5822,0.0014020683374837972,0.001147714297985658,9.413037497460035e-06,0.0009142462440649979
5823,0.000999344716547057,0.0011574414384085685,9.411640480700314e-06,0.0009142462440649979
5824,0.0012714956756099127,0.0011954231740674004,9.410241919686879e-06,0.0009142462440649979
5825,0.0011677654038066976,0.0011621784651651978,9.408841814971862e-06,0.0009142462440649979
5826,0.0010406009678263217,0.0010342045352444984,9.407440167108e-06,0.0009142462440649979
5827,0.0012062487585353665,0.0011763227739720605,9.40603697664864e-06,0.0009142462440649979
5828,0.0012125726716476493,0.0010670956326066516,9.404632244147742e-06,0.0009142462440649979
5829,0.0010719180572777987,0.0011679799354169518,9.403225970159874e-06,0.0009142462440649979
5830,0.0010228629616904072,0.0010816807407536544,9.401818155240205e-06,0.0009142462440649979
5831,0.0011300379555905238,0.0012671077201957814,9.400408799944523e-06,0.0009142462440649979
5832,0.0010217570088570938,0.0009880415964289568,9.398997904829218e-06,0.0009142462440649979
5833,0.0011870333255501464,0.0013607571454485878,9.397585470451288e-06,0.0009142462440649979
5834,0.0011542609136085957,0.0010493081208551303,9.396171497368338e-06,0.0009142462440649979
5835,0.0010888547767535783,0.0012432134681148455,9.394755986138587e-06,0.0009142462440649979
5836,0.0012747878790833056,0.0011104616423835978,9.393338937320853e-06,0.0009142462440649979
5837,0.0012658311752602458,0.0010887462922255509,9.391920351474563e-06,0.0009142462440649979
5838,0.0012659145140787587,0.0012558365633594804,9.390500229159756e-06,0.0009142462440649979
5839,0.0011005985870724544,0.0013059751072432846,9.389078570937072e-06,0.0009142462440649979
5840,0.0011292256822343916,0.001175178367702756,9.387655377367759e-06,0.0009142462440649979
5841,0.0014910262252669781,0.0011234168850933202,9.386230649013673e-06,0.0009142462440649979
5842,0.0011968533362960443,0.0011232486067456193,9.384804386437272e-06,0.0009142462440649979
5843,0.0010204031932516955,0.0011484114584163763,9.383376590201622e-06,0.0009142462440649979
5844,0.0010539717113715596,0.0014419432118302211,9.381947260870396e-06,0.0009142462440649979
5845,0.0011025655403500423,0.0010758683638414368,9.380516399007868e-06,0.0009142462440649979
5846,0.0010895989835262299,0.001061295930412598,9.379084005178923e-06,0.0009142462440649979
5847,0.0011462823022156954,0.0010007803575717844,9.377650079949044e-06,0.0009142462440649979
5848,0.001071982660505455,0.0012113978300476447,9.376214623884325e-06,0.0009142462440649979
5849,0.0013215307335485704,0.0015095678973011672,9.37477763755146e-06,0.0009142462440649979
5850,0.001134747508331202,0.0010315708859707229,9.373339121517748e-06,0.0009142462440649979
5851,0.001160578067356255,0.001253173359145876,9.37189907635109e-06,0.0009142462440649979
5852,0.001034818655170966,0.001207167500979267,9.37045750262e-06,0.0009142462440649979
5853,0.0011526808812050149,0.0010291158832842484,9.369014400893582e-06,0.0009142462440649979
5854,0.0014402390515897423,0.0011459552697488107,9.367569771741552e-06,0.0009142462440649979
5855,0.0013138182694092393,0.0011193928658030927,9.366123615734227e-06,0.0009142462440649979
5856,0.0012929066651850007,0.0010077368424390443,9.364675933442526e-06,0.0009142462440649979
5857,0.0009981114126276225,0.0011050327811972238,9.363226725437971e-06,0.0009142462440649979
5858,0.0010777209681691602,0.001267699248273857,9.361775992292686e-06,0.0009142462440649979
5859,0.0011771021454478614,0.0012655499522225,9.360323734579398e-06,0.0009142462440649979
5860,0.0011890228124684654,0.000996563074295409,9.358869952871437e-06,0.0009142462440649979
5861,0.0011452546532382257,0.0011746521049644798,9.35741464774273e-06,0.0009142462440649979
5862,0.0012880880749435164,0.0011830791409010999,9.35595781976781e-06,0.0009142462440649979
5863,0.0011113240543636493,0.0012012230727123097,9.354499469521807e-06,0.0009142462440649979
5864,0.0011597090342547745,0.0012032193553750403,9.353039597580459e-06,0.0009142462440649979
5865,0.001243438178789802,0.0011620577715802938,9.3515782045201e-06,0.0009142462440649979
5866,0.00113193821744062,0.001194550066429656,9.35011529091766e-06,0.0009142462440649979
5867,0.0009765072973095812,0.0010507200640859082,9.348650857350678e-06,0.0009142462440649979
5868,0.0008887477160897106,0.0012225483151269145,9.34718490439729e-06,0.0009142462440649979
5869,0.001109122698835563,0.001049166232405696,9.34571743263623e-06,0.0009142462440649979
5870,0.0011303140709060244,0.001076894135621842,9.344248442646829e-06,0.0009142462440649979
5871,0.0011636016206466593,0.0010599473462207243,9.342777935009025e-06,0.0009142462440649979
5872,0.001099281493225135,0.0010814722336363047,9.34130591030335e-06,0.0009142462440649979
5873,0.001091472957341466,0.0012303346666158177,9.339832369110938e-06,0.0009142462440649979
5874,0.0013341515659703873,0.0009410417915205471,9.338357312013515e-06,0.0009142462440649979
5875,0.0012694195393123664,0.0011978449329035357,9.336880739593415e-06,0.0009142462440649979
5876,0.0012172535789432004,0.0013825035348418169,9.335402652433564e-06,0.0009142462440649979
5877,0.00115493774501374,0.0009252051750081591,9.333923051117486e-06,0.0009142462440649979
5878,0.0011994074011454359,0.0011942713681492023,9.332441936229306e-06,0.0009142462440649979
5879,0.0011528818504302762,0.0010965127003146335,9.330959308353742e-06,0.0009142462440649979
5880,0.0012027972843497992,0.0009947542857844383,9.329475168076115e-06,0.0009142462440649979
5881,0.0013100075302645564,0.0011199574946658686,9.327989515982338e-06,0.0009142462440649979
5882,0.0010811115134856664,0.0013285795212141238,9.326502352658923e-06,0.0009142462440649979
5883,0.0013096772745484486,0.0010996898345183581,9.325013678692981e-06,0.0009142462440649979
5884,0.001036260808177758,0.0010318325439584441,9.323523494672214e-06,0.0009142462440649979
5885,0.001138509665906895,0.0011222646498936228,9.322031801184925e-06,0.0009142462440649979
5886,0.0012383778157527559,0.0010518006747588515,9.32053859882001e-06,0.0009142462440649979
5887,0.0012455216492526233,0.0010796603091876023,9.319043888166962e-06,0.0009142462440649979
5888,0.0009729306766530499,0.0011691339241224341,9.317547669815869e-06,0.0009142462440649979
5889,0.0012160430778749287,0.0011153787854709662,9.316049944357413e-06,0.0009142462440649979
5890,0.0011605783074628562,0.0012936676212120801,9.314550712382875e-06,0.0009142462440649979
5891,0.0010853786006919108,0.0011633196627371944,9.313049974484126e-06,0.0009142462440649979
5892,0.0012367733143037185,0.001252482004929334,9.311547731253634e-06,0.0009142462440649979
5893,0.00107207425753586,0.0010874835497816093,9.310043983284461e-06,0.0009142462440649979
5894,0.001018643713905476,0.0011181108493474312,9.308538731170265e-06,0.0009142462440649979
5895,0.0012811139386030845,0.001031657615385484,9.307031975505291e-06,0.0009142462440649979
5896,0.0012064207912771963,0.000964083184953779,9.305523716884386e-06,0.0009142462440649979
5897,0.0011892463371623307,0.0010670332485460676,9.304013955902983e-06,0.0009142462440649979
5898,0.0014160819846438244,0.0011238867082283832,9.302502693157117e-06,0.0009142462440649979
5899,0.001230267997016199,0.0010922188230324537,9.300989929243407e-06,0.0009142462440649979
5900,0.0011081560587626882,0.0011096819580416195,9.299475664759068e-06,0.0009142462440649979
5901,0.0012379854670143686,0.0012329688179306686,9.29795990030191e-06,0.0009142462440649979
5902,0.001100196604966186,0.0010023929571616463,9.29644263647033e-06,0.0009142462440649979
5903,0.001170344854472205,0.0011997406982118264,9.294923873863323e-06,0.0009142462440649979
5904,0.0011323673243168741,0.0009927441788022406,9.29340361308047e-06,0.0009142462440649979
5905,0.0011639130971161649,0.0010653935678419657,9.291881854721946e-06,0.0009142462440649979
5906,0.0010684114386094734,0.0011379033167031594,9.290358599388517e-06,0.0009142462440649979
5907,0.00128037080867216,0.0011648227518890053,9.288833847681541e-06,0.0009142462440649979
5908,0.0011855008342536166,0.0011983922813669778,9.287307600202967e-06,0.0009142462440649979
5909,0.0011877355645992793,0.0011678376904455945,9.28577985755533e-06,0.0009142462440649979
5910,0.0011736685555661097,0.0011424182375776581,9.284250620341762e-06,0.0009142462440649979
5911,0.0009228442577295937,0.001093640472390689,9.28271988916598e-06,0.0009142462440649979
5912,0.0011853909891215153,0.0010257168469252065,9.281187664632291e-06,0.0009142462440649979
5913,0.001017673799651675,0.0010338530773879029,9.279653947345594e-06,0.0009142462440649979
5914,0.0009810827032197267,0.0011905668943654746,9.278118737911378e-06,0.0009142462440649979
5915,0.0010974220640491694,0.0009928792642313056,9.276582036935718e-06,0.0009142462440649979
5916,0.0011345554012223147,0.0011852130046463571,9.27504384502528e-06,0.0009142462440649979
5917,0.0010970848306897096,0.0009540218088659458,9.273504162787316e-06,0.0009142462440649979
5918,0.0011434414409450255,0.0010605684437905438,9.27196299082967e-06,0.0009142462440649979
5919,0.0010973696116707288,0.0010339445288991556,9.270420329760772e-06,0.0009142462440649979
5920,0.0010549338912824169,0.0009942914839484729,9.268876180189639e-06,0.0009142462440649979
5921,0.0011374319001333788,0.0012106119320378639,9.267330542725877e-06,0.0009142462440649979
5922,0.0011390800136723556,0.0011999433627352118,9.26578341797968e-06,0.0009142462440649979
5923,0.0010773237008834258,0.0012244682511663996,9.26423480656183e-06,0.0009142462440649979
5924,0.0012945423659402877,0.001253755108336918,9.262684709083689e-06,0.0009142462440649979
5925,0.0012461255028028972,0.0010578231449471787,9.261133126157218e-06,0.0009142462440649979
5926,0.0011029317756765522,0.001228347813594155,9.259580058394952e-06,0.0009142462440649979
5927,0.0012001711802440695,0.0011652232715277933,9.258025506410018e-06,0.0009142462440649979
5928,0.0011606558255152777,0.0012993272321182303,9.25646947081613e-06,0.0009142462440649979
5929,0.0012959702071384527,0.0010964147877530195,9.254911952227587e-06,0.0009142462440649979
5930,0.001069193283910863,0.001147829636465758,9.253352951259271e-06,0.0009142462440649979
5931,0.0012471438021748327,0.0011078841052949429,9.251792468526652e-06,0.0009142462440649979
5932,0.0014040934111108072,0.0011362516233930364,9.250230504645783e-06,0.0009142462440649979
5933,0.001105104835005477,0.0011934361973544583,9.248667060233302e-06,0.0009142462440649979
5934,0.0011303569190204144,0.0012153800635132939,9.247102135906435e-06,0.0009142462440649979
5935,0.0010200370161328465,0.0010381293395766988,9.245535732282987e-06,0.0009142462440649979
5936,0.001229568268172443,0.0010390846437076107,9.243967849981348e-06,0.0009142462440649979
5937,0.0014432815805776045,0.0013268977345433086,9.242398489620496e-06,0.0009142462440649979
5938,0.001286888655158691,0.0010551903542364016,9.240827651819988e-06,0.0009142462440649979
5939,0.0011279379687039182,0.001001548211206682,9.239255337199967e-06,0.0009142462440649979
5940,0.001033891829138156,0.0011284036445431411,9.237681546381158e-06,0.0009142462440649979
5941,0.000902872190636117,0.0011000183367286809,9.236106279984866e-06,0.0009142462440649979
5942,0.0012767335283569992,0.0012629938501049764,9.234529538632985e-06,0.0009142462440649979
5943,0.0011720918264472857,0.0012988350208615884,9.232951322947985e-06,0.0009142462440649979
5944,0.0010839956084964797,0.0009687346682767384,9.23137163355292e-06,0.0009142462440649979
5945,0.0011888589870068245,0.0012722823303192854,9.22979047107143e-06,0.0009142462440649979
5946,0.0010584359770291485,0.000868985167471692,9.228207836127728e-06,0.0009142462440649979
5947,0.0009643478115322068,0.0010961087828036398,9.226623729346618e-06,0.000868985167471692
5948,0.001049603037245106,0.0011134995584143326,9.225038151353476e-06,0.000868985167471692
5949,0.0010269532867823727,0.0010075080208480358,9.223451102774267e-06,0.000868985167471692
5950,0.0011838593491120264,0.0013498856787919067,9.221862584235529e-06,0.000868985167471692
5951,0.001311107371293474,0.0012223468438605778,9.220272596364386e-06,0.000868985167471692
5952,0.0010210484033450484,0.0012653661542572081,9.218681139788541e-06,0.000868985167471692
5953,0.001046935169142671,0.0011153705709148198,9.217088215136273e-06,0.000868985167471692
5954,0.0011781026332755573,0.0009084005650947802,9.215493823036446e-06,0.000868985167471692
5955,0.001177952712168917,0.0010091390722664073,9.2138979641185e-06,0.000868985167471692
5956,0.0012432253643055446,0.0011716344888554886,9.212300639012453e-06,0.000868985167471692
5957,0.0011731922786566429,0.0014021167080500163,9.210701848348905e-06,0.000868985167471692
5958,0.001259076816495508,0.0014792476722504944,9.209101592759036e-06,0.000868985167471692
5959,0.0013370006199693307,0.0012584501964738593,9.207499872874596e-06,0.000868985167471692
5960,0.0010520279465708882,0.001327852689428255,9.205896689327923e-06,0.000868985167471692
5961,0.001202015446324367,0.0010589273224468343,9.204292042751929e-06,0.000868985167471692
5962,0.0010840815011761151,0.0011180396395502612,9.2026859337801e-06,0.000868985167471692
5963,0.0011041911857319064,0.0011220005981158465,9.201078363046502e-06,0.000868985167471692
5964,0.0010068954798043706,0.0013909751796745695,9.199469331185782e-06,0.000868985167471692
5965,0.0009880533107207157,0.0009859202982624993,9.197858838833157e-06,0.000868985167471692
5966,0.0012958597435499541,0.0008994185336632654,9.196246886624425e-06,0.000868985167471692
5967,0.0011346172832418233,0.0011333973016007803,9.194633475195962e-06,0.000868985167471692
5968,0.00108984018152114,0.0010666435118764639,9.193018605184711e-06,0.000868985167471692
5969,0.001044804674165789,0.0011219714069738984,9.191402277228204e-06,0.000868985167471692
5970,0.0010975993573083542,0.0010698036494432017,9.189784491964536e-06,0.000868985167471692
5971,0.0010738941709860228,0.0011502333582029678,9.188165250032387e-06,0.000868985167471692
5972,0.000988572632195428,0.0011231717726332135,9.186544552071006e-06,0.000868985167471692
5973,0.0012451214279280975,0.001024466342641972,9.184922398720219e-06,0.000868985167471692
5974,0.0011437821231083944,0.001227007174747996,9.183298790620428e-06,0.000868985167471692
5975,0.0010118794161826372,0.0009055958507815376,9.181673728412607e-06,0.000868985167471692
5976,0.001092720907763578,0.0010866804514080286,9.180047212738303e-06,0.000868985167471692
5977,0.001243656915903557,0.001150213305663783,9.17841924423964e-06,0.000868985167471692
5978,0.0013316831173142418,0.00126984065718716,9.176789823559316e-06,0.000868985167471692
5979,0.0011850601877085865,0.001171932730358094,9.175158951340598e-06,0.000868985167471692
5980,0.0010498605261091143,0.0010451740308781154,9.17352662822733e-06,0.000868985167471692
5981,0.0011875086420332082,0.0011988428959739394,9.171892854863925e-06,0.000868985167471692
5982,0.0011788211777457036,0.0012997467129025608,9.170257631895373e-06,0.000868985167471692
5983,0.0012803027566405945,0.0012480689838412218,9.168620959967234e-06,0.000868985167471692
5984,0.0011086746017099358,0.0014303874340839684,9.16698283972564e-06,0.000868985167471692
5985,0.0011911883775610477,0.0011888091030414216,9.165343271817294e-06,0.000868985167471692
5986,0.0010594411942292936,0.0010883497816394083,9.16370225688947e-06,0.000868985167471692
5987,0.0012736874778056517,0.0009755629289429635,9.16205979559002e-06,0.000868985167471692
5988,0.001106601397623308,0.0011620853838394396,9.160415888567358e-06,0.000868985167471692
5989,0.0011040003228117712,0.0009671287261880934,9.158770536470473e-06,0.000868985167471692
5990,0.0010357107676099986,0.001103709073504433,9.157123739948923e-06,0.000868985167471692
5991,0.0011042952246498317,0.0009334396891063079,9.155475499652839e-06,0.000868985167471692
5992,0.0011118299516965635,0.0010053173391497694,9.15382581623292e-06,0.000868985167471692
5993,0.001022504387947265,0.0009944597841240466,9.152174690340432e-06,0.000868985167471692
5994,0.0010038987820735201,0.0009589569963281974,9.150522122627218e-06,0.000868985167471692
5995,0.0010558434441918507,0.0011903092672582716,9.148868113745682e-06,0.000868985167471692
5996,0.001166493762866594,0.0012886594486190006,9.147212664348802e-06,0.000868985167471692
5997,0.0011664926714729518,0.0011464461276773363,9.14555577509012e-06,0.000868985167471692
5998,0.0012579159083543345,0.001109555312723387,9.143897446623757e-06,0.000868985167471692
5999,0.0009686540506663732,0.0010912549769273028,9.142237679604388e-06,0.000868985167471692
6000,0.0010348076684749685,0.0010570076265139505,9.140576474687265e-06,0.000868985167471692
6001,0.0009865826286841184,0.00126078261382645,9.138913832528205e-06,0.000868985167471692
6002,0.001114356993639376,0.0011832423915620893,9.137249753783593e-06,0.000868985167471692
6003,0.0011111170169897377,0.0011108514299849048,9.135584239110381e-06,0.000868985167471692
6004,0.001085731273633428,0.0009287123903050087,9.13391728916609e-06,0.000868985167471692
6005,0.0010102412343258038,0.0010426725057186559,9.132248904608802e-06,0.000868985167471692
6006,0.001042672316543758,0.0011223427281947806,9.130579086097172e-06,0.000868985167471692
6007,0.0010743862876552157,0.0010938838386209682,9.128907834290413e-06,0.000868985167471692
6008,0.0013142280949978158,0.0011237497019465081,9.127235149848313e-06,0.000868985167471692
6009,0.0012021449365420267,0.0011410796869313344,9.125561033431221e-06,0.000868985167471692
6010,0.0012771917536156252,0.0013082636578474194,9.123885485700049e-06,0.000868985167471692
6011,0.0010898592809098773,0.0010992234529112466,9.122208507316281e-06,0.000868985167471692
6012,0.0010443636638228782,0.0014204200197127648,9.120530098941956e-06,0.000868985167471692
6013,0.0011395038382033817,0.0013256636084406637,9.118850261239689e-06,0.000868985167471692
6014,0.0014454533011303283,0.0010568723300821148,9.117168994872649e-06,0.000868985167471692
6015,0.0012682387969107367,0.0011109869010397233,9.115486300504575e-06,0.000868985167471692
6016,0.0009330953325843439,0.0011328053296892904,9.113802178799768e-06,0.000868985167471692
6017,0.0011152904262416996,0.001030388921208214,9.112116630423091e-06,0.000868985167471692
6018,0.0011812261145678349,0.0013009482718189247,9.110429656039977e-06,0.000868985167471692
6019,0.000938885219511576,0.0011913904090761207,9.108741256316409e-06,0.000868985167471692
6020,0.0013762471717200242,0.0010370834497734904,9.107051431918946e-06,0.000868985167471692
6021,0.0013049974440946244,0.001057851237419527,9.105360183514702e-06,0.000868985167471692
6022,0.0009682765157776885,0.0008217452923418023,9.103667511771354e-06,0.000868985167471692
6023,0.0010263583171763457,0.0011217970895813778,9.101973417357146e-06,0.0008217452923418023
6024,0.0010912334400927648,0.0012318717272137292,9.100277900940876e-06,0.0008217452923418023
6025,0.000951398367760703,0.0011315560914226808,9.098580963191908e-06,0.0008217452923418023
6026,0.0013881156919524074,0.0013600174424936995,9.096882604780167e-06,0.0008217452923418023
6027,0.0011847557761939242,0.0009682668169261888,9.095182826376136e-06,0.0008217452923418023
6028,0.0011883180777658708,0.0011416084671509452,9.093481628650864e-06,0.0008217452923418023
6029,0.00107106984796701,0.0009834014708758332,9.091779012275951e-06,0.0008217452923418023
6030,0.0011531853378983214,0.0010250522536807694,9.09007497792357e-06,0.0008217452923418023
6031,0.0010115594050148502,0.001113982762035448,9.088369526266443e-06,0.0008217452923418023
6032,0.0011328705004416406,0.001179647799290251,9.086662657977855e-06,0.0008217452923418023
6033,0.0011563640218810178,0.001132881581725087,9.084954373731652e-06,0.0008217452923418023
6034,0.0011831567899207585,0.001055060449289158,9.083244674202237e-06,0.0008217452923418023
6035,0.0013309475252754055,0.00102261797292158,9.081533560064573e-06,0.0008217452923418023
6036,0.001072028506314382,0.0012504862606874667,9.079821031994177e-06,0.0008217452923418023
6037,0.0010815401547006331,0.000968756212387234,9.078107090667135e-06,0.0008217452923418023
6038,0.0010531007937970571,0.0010606335126794875,9.076391736760076e-06,0.0008217452923418023
6039,0.001209227048093453,0.0010841427720151842,9.074674970950202e-06,0.0008217452923418023
6040,0.0010501459473744035,0.0011344742233632132,9.07295679391526e-06,0.0008217452923418023
6041,0.0011512548226164654,0.0010626516886986792,9.07123720633356e-06,0.0008217452923418023
6042,0.0012116292855353095,0.0011467792646726593,9.069516208883968e-06,0.0008217452923418023
6043,0.0012019895511912182,0.001348876059637405,9.06779380224591e-06,0.0008217452923418023
6044,0.00101116017322056,0.0013649501197505742,9.066069987099359e-06,0.0008217452923418023
6045,0.0013384620760916732,0.0011729617835953832,9.064344764124853e-06,0.0008217452923418023
6046,0.001202831837872509,0.0010635739090503193,9.062618134003482e-06,0.0008217452923418023
6047,0.0012959069936187007,0.001558860341901891,9.060890097416894e-06,0.0008217452923418023
6048,0.0012710794690065086,0.0015514143815380521,9.059160655047289e-06,0.0008217452923418023
6049,0.0010731305883382447,0.0009751789912115782,9.057429807577422e-06,0.0008217452923418023
6050,0.0013653122805408202,0.001294766363571398,9.055697555690607e-06,0.0008217452923418023
6051,0.0011504911017254926,0.0011560886487131938,9.053963900070709e-06,0.0008217452923418023
6052,0.0010153299081139266,0.0010414657081128098,9.052228841402148e-06,0.0008217452923418023
6053,0.0011611392910708673,0.0011179255816387013,9.050492380369895e-06,0.0008217452923418023
6054,0.001274175381695386,0.001105952716898173,9.04875451765948e-06,0.0008217452923418023
6055,0.0013731971121160313,0.0009243912863894366,9.04701525395698e-06,0.0008217452923418023
6056,0.0014786554020247422,0.0011289144822512753,9.045274589949036e-06,0.0008217452923418023
6057,0.0011233907353016548,0.0011445339623605832,9.043532526322827e-06,0.0008217452923418023
6058,0.0011345174425514415,0.001018052535073366,9.041789063766097e-06,0.0008217452923418023
6059,0.0009320685421698727,0.0009368231330881827,9.040044202967134e-06,0.0008217452923418023
6060,0.0010474764931132086,0.0009541826948407106,9.038297944614785e-06,0.0008217452923418023
6061,0.001059599540894851,0.000989460044365842,9.036550289398443e-06,0.0008217452923418023
6062,0.0009697312052594498,0.0009202159344567917,9.034801238008055e-06,0.0008217452923418023
6063,0.0009240680155926384,0.0010880108311539516,9.033050791134119e-06,0.0008217452923418023
6064,0.0011099589901277795,0.00144623590313131,9.031298949467683e-06,0.0008217452923418023
6065,0.0009682603558758274,0.0011254459313931875,9.029545713700346e-06,0.0008217452923418023
6066,0.0010697317702579312,0.0010325600014766678,9.02779108452426e-06,0.0008217452923418023
6067,0.000998495081148576,0.0009177753672702238,9.02603506263212e-06,0.0008217452923418023
6068,0.001111366022087168,0.0011910868124687113,9.024277648717182e-06,0.0008217452923418023
6069,0.0010182130354223773,0.0011257077494519763,9.022518843473242e-06,0.0008217452923418023
6070,0.0009901365119731054,0.0012314389387029223,9.020758647594647e-06,0.0008217452923418023
6071,0.0012706445486401208,0.0010010622936533764,9.018997061776296e-06,0.0008217452923418023
6072,0.0010799924639286473,0.0012358280582702719,9.017234086713636e-06,0.0008217452923418023
6073,0.0010305846299161203,0.0010578600486041978,9.015469723102661e-06,0.0008217452923418023
6074,0.00101609972625738,0.0013255048252176493,9.013703971639915e-06,0.0008217452923418023
6075,0.0013476451713358983,0.0010874651925405487,9.011936833022485e-06,0.0008217452923418023
6076,0.0011073519635829143,0.0011208752621314488,9.010168307948013e-06,0.0008217452923418023
6077,0.0010545779732638039,0.0010874648723984137,9.008398397114682e-06,0.0008217452923418023
6078,0.0010636090373736806,0.0012254435496288352,9.006627101221227e-06,0.0008217452923418023
6079,0.0010708780828281306,0.0011936981245526113,9.004854420966926e-06,0.0008217452923418023
6080,0.0010951142103294842,0.0010775185946840793,9.003080357051606e-06,0.0008217452923418023
6081,0.0009998652094509453,0.0012921196612296626,9.001304910175639e-06,0.0008217452923418023
6082,0.0011907536536455154,0.0012533789267763495,8.999528081039944e-06,0.0008217452923418023
6083,0.0011854614276671782,0.0012501421879278496,8.997749870345985e-06,0.0008217452923418023
6084,0.00107541852776194,0.001127872230426874,8.99597027879577e-06,0.0008217452923418023
6085,0.0012457389020710252,0.001224365500092972,8.994189307091854e-06,0.0008217452923418023
6086,0.001254146671271883,0.0013995713452459313,8.992406955937337e-06,0.0008217452923418023
6087,0.0010095318357343785,0.0012087927243555896,8.990623226035863e-06,0.0008217452923418023
6088,0.0010960114450426772,0.0012946192873641849,8.988838118091623e-06,0.0008217452923418023
6089,0.0011576797915040515,0.0012561084076878615,8.987051632809343e-06,0.0008217452923418023
6090,0.0009661652584327385,0.001143894114647992,8.985263770894303e-06,0.0008217452923418023
6091,0.0010111574592883699,0.0011006446366081946,8.983474533052323e-06,0.0008217452923418023
6092,0.0010933616431429982,0.0010295576430507936,8.981683919989764e-06,0.0008217452923418023
6093,0.0011375125468475744,0.0012264231336303055,8.979891932413533e-06,0.0008217452923418023
6094,0.0011258881204412319,0.00122069961798843,8.978098571031079e-06,0.0008217452923418023
6095,0.0011890267269336618,0.001125241193221882,8.97630383655039e-06,0.0008217452923418023
6096,0.0010258754991809838,0.001163493529020343,8.974507729680003e-06,0.0008217452923418023
6097,0.0013121515221428126,0.0010800819654832594,8.972710251128988e-06,0.0008217452923418023
6098,0.0011522944259922951,0.0013617458171211183,8.970911401606963e-06,0.0008217452923418023
6099,0.0010538327624090016,0.0011350585482432507,8.969111181824084e-06,0.0008217452923418023
6100,0.0011410070437705144,0.001050274819135666,8.967309592491052e-06,0.0008217452923418023
6101,0.0012988250018679537,0.0013600094389403239,8.965506634319104e-06,0.0008217452923418023
6102,0.0011623484460869804,0.0014388580675586127,8.963702308020022e-06,0.0008217452923418023
6103,0.001082899558241479,0.0010083779197884724,8.96189661430612e-06,0.0008217452923418023
6104,0.0010338986539863981,0.0012020948779536411,8.960089553890263e-06,0.0008217452923418023
6105,0.0010852542400243692,0.0011388426210032776,8.958281127485846e-06,0.0008217452923418023
6106,0.0009552457777317613,0.0012397204482113011,8.956471335806809e-06,0.0008217452923418023
6107,0.0009294690025853924,0.0012947294453624636,8.954660179567629e-06,0.0008217452923418023
6108,0.0011619743236224167,0.001180348641355522,8.952847659483319e-06,0.0008217452923418023
6109,0.0011822883534478024,0.001201045211928431,8.951033776269438e-06,0.0008217452923418023
6110,0.0011874205447384156,0.0010388960290583782,8.949218530642075e-06,0.0008217452923418023
6111,0.001199188074679114,0.0012186975291115232,8.947401923317862e-06,0.0008217452923418023
6112,0.0011427039062255062,0.0012167628592578694,8.945583955013966e-06,0.0008217452923418023
6113,0.0012111074247513898,0.0011265152934356593,8.94376462644809e-06,0.0008217452923418023
6114,0.0011978978873230517,0.0012486559862736613,8.94194393833848e-06,0.0008217452923418023
6115,0.0010298682464053854,0.0011477122970973141,8.940121891403913e-06,0.0008217452923418023
6116,0.0011712037157849409,0.0012914281178382225,8.938298486363704e-06,0.0008217452923418023
6117,0.0011219925290788524,0.0010767216226668097,8.936473723937706e-06,0.0008217452923418023
6118,0.0011994115120614879,0.001441883185179904,8.934647604846303e-06,0.0008217452923418023
6119,0.0013242573040770367,0.001065195639966987,8.93282012981042e-06,0.0008217452923418023
6120,0.0011170361685799435,0.0012567200246849097,8.930991299551516e-06,0.0008217452923418023
6121,0.0012888687197118998,0.0012104944253223948,8.929161114791583e-06,0.0008217452923418023
6122,0.0012361826229607686,0.0010790020023705438,8.92732957625315e-06,0.0008217452923418023
6123,0.0010829428501892835,0.0011186265764990821,8.925496684659278e-06,0.0008217452923418023
6124,0.001048468955559656,0.0010232690256088972,8.923662440733565e-06,0.0008217452923418023
6125,0.0012931654346175492,0.001129340918851085,8.92182684520014e-06,0.0008217452923418023
6126,0.001094208077120129,0.0009830184717429802,8.919989898783668e-06,0.0008217452923418023
6127,0.0008876263746060431,0.001114093785872683,8.918151602209348e-06,0.0008217452923418023
6128,0.0012399410115904175,0.0011401692681829445,8.916311956202905e-06,0.0008217452923418023
6129,0.0010977534402627498,0.0010542149393586442,8.914470961490607e-06,0.0008217452923418023
6130,0.0011515681544551626,0.0010185599967371672,8.91262861879925e-06,0.0008217452923418023
6131,0.0013504989692592062,0.0011639308722806163,8.910784928856158e-06,0.0008217452923418023
6132,0.0010180275348830037,0.0014173486779327504,8.908939892389194e-06,0.0008217452923418023
6133,0.001114602513553109,0.0009959390226867981,8.907093510126745e-06,0.0008217452923418023
6134,0.00095764895377215,0.0012039118446409702,8.905245782797738e-06,0.0008217452923418023
6135,0.0011664138874039054,0.0013329405046533793,8.903396711131624e-06,0.0008217452923418023
6136,0.0011555930250324309,0.0010084409077535383,8.90154629585839e-06,0.0008217452923418023
6137,0.001074404819519259,0.0011536932870512828,8.899694537708545e-06,0.0008217452923418023
6138,0.001257767406059429,0.00111914481385611,8.897841437413139e-06,0.0008217452923418023
6139,0.0010373650438850746,0.001076440377801191,8.895986995703746e-06,0.0008217452923418023
6140,0.0012066119961673394,0.0011394360262784176,8.894131213312468e-06,0.0008217452923418023
6141,0.0011770062992582098,0.0012500692755565979,8.89227409097194e-06,0.0008217452923418023
6142,0.0009210774005623534,0.0010900376000790857,8.890415629415324e-06,0.0008217452923418023
6143,0.0013017902601859532,0.0011986908139078878,8.888555829376312e-06,0.0008217452923418023
6144,0.0011384755052858964,0.001059849608282093,8.886694691589121e-06,0.0008217452923418023
6145,0.0013298737758304924,0.0011645500781014562,8.884832216788502e-06,0.0008217452923418023
6146,0.001168187809525989,0.001130710807046853,8.882968405709729e-06,0.0008217452923418023
6147,0.001099140317819547,0.0009484075999353081,8.881103259088605e-06,0.0008217452923418023
6148,0.0015176680171862245,0.0012624903392861597,8.879236777661462e-06,0.0008217452923418023
6149,0.0012325941424933262,0.0012957057042513043,8.877368962165155e-06,0.0008217452923418023
6150,0.001080174661183264,0.0012029748831992038,8.87549981333707e-06,0.0008217452923418023
6151,0.0011239465238759294,0.001169637791463174,8.873629331915114e-06,0.0008217452923418023
6152,0.0010503585072001442,0.0010329885117243975,8.871757518637727e-06,0.0008217452923418023
6153,0.001177766862383578,0.0010607891090330668,8.86988437424387e-06,0.0008217452923418023
6154,0.0011102762291557156,0.0010169313027290627,8.86800989947303e-06,0.0008217452923418023
6155,0.00123230923054507,0.0010936115504591726,8.866134095065221e-06,0.0008217452923418023
6156,0.0009934401896316558,0.0009367893144371919,8.864256961760982e-06,0.0008217452923418023
6157,0.0010274250162183307,0.0011883446350111626,8.862378500301372e-06,0.0008217452923418023
6158,0.0011857747522299178,0.0010282067960361019,8.860498711427982e-06,0.0008217452923418023
6159,0.001148067312897183,0.0011533534197951667,8.85861759588292e-06,0.0008217452923418023
6160,0.0009777036757441238,0.00122529443615349,8.856735154408821e-06,0.0008217452923418023
6161,0.0011657929717330262,0.0010722155202529393,8.854851387748842e-06,0.0008217452923418023
6162,0.0011003556428477168,0.0011946369995712303,8.852966296646668e-06,0.0008217452923418023
6163,0.0010106451736646704,0.0013910388515796512,8.8510798818465e-06,0.0008217452923418023
6164,0.0011824813700513914,0.0010457513271830976,8.849192144093065e-06,0.0008217452923418023
6165,0.0013145828925189562,0.001196942939714063,8.847303084131613e-06,0.0008217452923418023
6166,0.0011691911931848153,0.0010176568030146882,8.845412702707916e-06,0.0008217452923418023
6167,0.0012889478384749964,0.0009965413846657611,8.843521000568263e-06,0.0008217452923418023
6168,0.0012552845291793346,0.001290560991037637,8.841627978459471e-06,0.0008217452923418023
6169,0.0010544670949457213,0.0012221328215673566,8.839733637128874e-06,0.0008217452923418023
6170,0.001220332778757438,0.001339944610663224,8.837837977324328e-06,0.0008217452923418023
6171,0.001404752030794043,0.0010083625093102455,8.83594099979421e-06,0.0008217452923418023
6172,0.0012180741468910128,0.0012402795982779935,8.834042705287415e-06,0.0008217452923418023
6173,0.0011066227889386937,0.0010613315826049075,8.832143094553364e-06,0.0008217452923418023
6174,0.0011851730814669281,0.0013440308393910527,8.830242168341988e-06,0.0008217452923418023
6175,0.0011934027425013483,0.0009522535183350556,8.828339927403745e-06,0.0008217452923418023
6176,0.0011816244950750843,0.0011285940927336924,8.826436372489609e-06,0.0008217452923418023
6177,0.0011127773686894216,0.0009685536206234246,8.824531504351074e-06,0.0008217452923418023
6178,0.0012328856173553504,0.0013699384508072399,8.822625323740152e-06,0.0008217452923418023
6179,0.001171934127341956,0.0008709102257853374,8.820717831409374e-06,0.0008217452923418023
6180,0.0011575021271710284,0.0015406678285216913,8.818809028111784e-06,0.0008217452923418023
6181,0.0010412874980829656,0.0009598491742508486,8.81689891460095e-06,0.0008217452923418023
6182,0.0010671166674001142,0.0012408926850184798,8.814987491630952e-06,0.0008217452923418023
6183,0.0010414709613542072,0.0012338459855527617,8.813074759956396e-06,0.0008217452923418023
6184,0.0012243072196724825,0.0008658126898808405,8.81116072033239e-06,0.0008217452923418023
6185,0.0011476300423964858,0.0011139449707116,8.809245373514572e-06,0.0008217452923418023
6186,0.0013022274360992014,0.0011388723069103435,8.807328720259089e-06,0.0008217452923418023
6187,0.0008104757362161763,0.001115303544793278,8.805410761322604e-06,0.0008217452923418023
6188,0.0010636630249791779,0.0010472739522811025,8.8034914974623e-06,0.0008217452923418023
6189,0.000999327799945604,0.0011912233385373838,8.801570929435868e-06,0.0008217452923418023
6190,0.0010263825170113705,0.0014133213553577662,8.799649058001522e-06,0.0008217452923418023
6191,0.00108871421252843,0.0010669908951967955,8.797725883917982e-06,0.0008217452923418023
6192,0.0013313148956513032,0.0010830660976353101,8.79580140794449e-06,0.0008217452923418023
6193,0.000963451479037758,0.0012158866447862238,8.793875630840797e-06,0.0008217452923418023
6194,0.0010253108557662927,0.0010860484690056182,8.791948553367171e-06,0.0008217452923418023
6195,0.0009879212593659759,0.0011905752471648157,8.79002017628439e-06,0.0008217452923418023
6196,0.0009795480873435736,0.0013587142311735079,8.788090500353747e-06,0.0008217452923418023
6197,0.0010166245483560488,0.0010824548517121002,8.786159526337048e-06,0.0008217452923418023
6198,0.0011938060051761568,0.0012668759663938545,8.78422725499661e-06,0.0008217452923418023
6199,0.0014050270619918592,0.001015629808534868,8.782293687095264e-06,0.0008217452923418023
6200,0.0013652105481014587,0.0014320497866719961,8.780358823396352e-06,0.0008217452923418023
6201,0.0010611992765916511,0.000903415770153515,8.778422664663729e-06,0.0008217452923418023
6202,0.0008871564641594887,0.0010379846789874136,8.776485211661757e-06,0.0008217452923418023
6203,0.0011837773272418417,0.0010763229729491286,8.774546465155312e-06,0.0008217452923418023
6204,0.0009825187735259533,0.0011691485633491538,8.772606425909782e-06,0.0008217452923418023
6205,0.000999542884528637,0.001036882480548229,8.770665094691063e-06,0.0008217452923418023
6206,0.0010106007757713087,0.0013020811456954107,8.768722472265562e-06,0.0008217452923418023
6207,0.0008643557375762612,0.0012070192242390476,8.766778559400196e-06,0.0008217452923418023
6208,0.0010671374038793147,0.0010710572969401255,8.76483335686239e-06,0.0008217452923418023
6209,0.0011219274601899087,0.0010557844434515573,8.762886865420081e-06,0.0008217452923418023
6210,0.0010699596678023227,0.0010156315474887379,8.760939085841712e-06,0.0008217452923418023
6211,0.001211674534715712,0.0011354570087860338,8.758990018896232e-06,0.0008217452923418023
6212,0.0011899324235855602,0.001401661902491469,8.757039665353107e-06,0.0008217452923418023
6213,0.0011495933431433514,0.0011005167325492948,8.755088025982304e-06,0.0008217452923418023
6214,0.0011186338160769083,0.0010962133819703013,8.753135101554299e-06,0.0008217452923418023
6215,0.0014168227862683125,0.001114160768338479,8.751180892840074e-06,0.0008217452923418023
6216,0.0010667695896700025,0.0010297747649019584,8.749225400611125e-06,0.0008217452923418023
6217,0.0011475372666609474,0.0012203150399727747,8.747268625639442e-06,0.0008217452923418023
6218,0.001022760166961234,0.0012246725600562058,8.745310568697534e-06,0.0008217452923418023
6219,0.0013585192355094478,0.0014147794718155637,8.743351230558409e-06,0.0008217452923418023
6220,0.0011169568824698217,0.0011491636687424034,8.741390611995582e-06,0.0008217452923418023
6221,0.0010439224570291117,0.0011453297556727193,8.739428713783075e-06,0.0008217452923418023
6222,0.0011033619666704908,0.0011726074808393605,8.737465536695417e-06,0.0008217452923418023
6223,0.0013529198840842582,0.0009700843293103389,8.735501081507633e-06,0.0008217452923418023
6224,0.0012888498458778486,0.0011079177711508237,8.733535348995266e-06,0.0008217452923418023
6225,0.0012099836894776672,0.0012388553950586356,8.731568339934351e-06,0.0008217452923418023
6226,0.0009527639631414786,0.0010539175491430797,8.729600055101433e-06,0.0008217452923418023
6227,0.0009614011505618691,0.0010530318177188747,8.72763049527356e-06,0.0008217452923418023
6228,0.0012508160943980329,0.001143646593845915,8.725659661228286e-06,0.0008217452923418023
6229,0.0012187235843157396,0.0013927412728662603,8.72368755374366e-06,0.0008217452923418023
6230,0.0011182793386979029,0.0012169303372502327,8.72171417359824e-06,0.0008217452923418023
6231,0.0012935174308950081,0.0011452878097770736,8.719739521571088e-06,0.0008217452923418023
6232,0.00093888706760481,0.0009877653501462191,8.717763598441764e-06,0.0008217452923418023
6233,0.0011324635706841946,0.001028490274620708,8.71578640499033e-06,0.0008217452923418023
6234,0.0011429054211475886,0.0010162127218791284,8.713807941997354e-06,0.0008217452923418023
6235,0.0012155757794971578,0.0010767008570837788,8.711828210243896e-06,0.0008217452923418023
6236,0.001085193653125316,0.001054349479090888,8.709847210511527e-06,0.0008217452923418023
6237,0.001212053670315072,0.001333994892775081,8.707864943582316e-06,0.0008217452923418023
6238,0.001121866145695094,0.0012970192256034352,8.705881410238826e-06,0.0008217452923418023
6239,0.0009172589197987691,0.0013601198952528648,8.703896611264126e-06,0.0008217452923418023
6240,0.0012171514899819158,0.00094848801381886,8.701910547441786e-06,0.0008217452923418023
6241,0.0011199370128451847,0.0011425518750911579,8.699923219555867e-06,0.0008217452923418023
6242,0.001163113054644782,0.0013083160883979872,8.69793462839094e-06,0.0008217452923418023
6243,0.0016031186896725558,0.0011872370378114283,8.695944774732068e-06,0.0008217452923418023
6244,0.0009325170831289142,0.0010962545202346519,8.693953659364812e-06,0.0008217452923418023
6245,0.0012816140078939497,0.0010785472331917845,8.691961283075232e-06,0.0008217452923418023
6246,0.0013431327533908188,0.000985873535682913,8.689967646649892e-06,0.0008217452923418023
6247,0.001027839483867865,0.0012560394825413823,8.687972750875842e-06,0.0008217452923418023
6248,0.0012385659138089977,0.0009660088035161607,8.685976596540638e-06,0.0008217452923418023
6249,0.0012347024676273577,0.0011957221358898096,8.683979184432332e-06,0.0008217452923418023
6250,0.0011448553050286137,0.001039472786942497,8.681980515339464e-06,0.0008217452923418023
6251,0.0011533057622727938,0.0010883766444749199,8.679980590051085e-06,0.0008217452923418023
6252,0.0011759241169784218,0.0013014622600167058,8.677979409356729e-06,0.0008217452923418023
6253,0.0010707207984523848,0.0012499766453402117,8.675976974046433e-06,0.0008217452923418023
6254,0.0010839562310138717,0.0010246590609312989,8.673973284910723e-06,0.0008217452923418023
6255,0.0010337832645745948,0.001197243807837367,8.671968342740627e-06,0.0008217452923418023
6256,0.0010829776510945521,0.00111016993469093,8.669962148327664e-06,0.0008217452923418023
6257,0.0011988260012003593,0.0011732782440958545,8.667954702463847e-06,0.0008217452923418023
6258,0.0011290417533018626,0.0012498726646299474,8.665946005941686e-06,0.0008217452923418023
6259,0.001234526418556925,0.001026379075483419,8.663936059554179e-06,0.0008217452923418023
6260,0.0012635907551157288,0.001192501760669984,8.661924864094823e-06,0.0008217452923418023
6261,0.0010994646872859448,0.0010434729338157922,8.659912420357604e-06,0.0008217452923418023
6262,0.0010160826132050715,0.0010523228484089486,8.657898729137008e-06,0.0008217452923418023
6263,0.0010207692539552227,0.0010620522225508466,8.655883791228004e-06,0.0008217452923418023
6264,0.0009831885690800846,0.001127318522776477,8.653867607426058e-06,0.0008217452923418023
6265,0.0012692094460362568,0.0012370833137538284,8.65185017852713e-06,0.0008217452923418023
6266,0.0010304993629688397,0.0009999479589168914,8.649831505327665e-06,0.0008217452923418023
6267,0.0010687493631849065,0.001106048650399316,8.647811588624607e-06,0.0008217452923418023
6268,0.0009562983541400172,0.0010768732536234893,8.645790429215385e-06,0.0008217452923418023
6269,0.0011663232653518207,0.00101963850465836,8.64376802789792e-06,0.0008217452923418023
6270,0.0009502073517069221,0.001301346012041904,8.641744385470628e-06,0.0008217452923418023
6271,0.001175101577246096,0.0010664565925253555,8.639719502732408e-06,0.0008217452923418023
6272,0.0010436869415570982,0.0012139263126300648,8.637693380482649e-06,0.0008217452923418023
6273,0.0012623738948605023,0.0014507407686323859,8.635666019521238e-06,0.0008217452923418023
6274,0.0009727644865051843,0.0013319907593540847,8.63363742064854e-06,0.0008217452923418023
6275,0.0010755028197309002,0.0012294906482566148,8.631607584665415e-06,0.0008217452923418023
6276,0.001116144827392418,0.0010346637936891057,8.629576512373212e-06,0.0008217452923418023
6277,0.0010617439838824794,0.000997538139927201,8.627544204573765e-06,0.0008217452923418023
6278,0.001149550786067266,0.0010884412113227881,8.625510662069396e-06,0.0008217452923418023
6279,0.001209418216603808,0.0010070623466162942,8.623475885662914e-06,0.0008217452923418023
6280,0.0012712180614471436,0.00123097457253607,8.621439876157623e-06,0.0008217452923418023
6281,0.0010069201598525979,0.001213832430948969,8.6194026343573e-06,0.0008217452923418023
6282,0.0010341871238779277,0.001138799481850583,8.61736416106622e-06,0.0008217452923418023
6283,0.0011266283690929413,0.0011645950653473847,8.615324457089139e-06,0.0008217452923418023
6284,0.0010833305059350096,0.0011578256599023007,8.613283523231299e-06,0.0008217452923418023
6285,0.0010672739226720296,0.0009153279243037105,8.611241360298429e-06,0.0008217452923418023
6286,0.0009591864509275183,0.0011704229254974052,8.609197969096743e-06,0.0008217452923418023
6287,0.0012317072323639877,0.0012005161406705156,8.607153350432939e-06,0.0008217452923418023
6288,0.0010602565162116662,0.0011808490671683103,8.605107505114199e-06,0.0008217452923418023
6289,0.0011524695073603652,0.0011566386892809533,8.603060433948192e-06,0.0008217452923418023
6290,0.0011568160480237566,0.0012001300201518461,8.601012137743069e-06,0.0008217452923418023
6291,0.0012190033958177082,0.0009903219906846061,8.598962617307464e-06,0.0008217452923418023
6292,0.0009187404502881691,0.0009342625926365145,8.596911873450496e-06,0.0008217452923418023
6293,0.0011493742058519274,0.0009582296988810413,8.594859906981766e-06,0.0008217452923418023
6294,0.0011103012511739507,0.0014363662630785257,8.592806718711357e-06,0.0008217452923418023
6295,0.0010985369444824755,0.0010027203534264117,8.590752309449838e-06,0.0008217452923418023
6296,0.001204227446578443,0.0010108401766046882,8.588696680008254e-06,0.0008217452923418023
6297,0.001041968702338636,0.000911202332645189,8.586639831198136e-06,0.0008217452923418023
6298,0.0013263372529763728,0.0011777552354033105,8.584581763831497e-06,0.0008217452923418023
6299,0.0012845042656408623,0.0010648100069374777,8.582522478720828e-06,0.0008217452923418023
6300,0.0010261305214953609,0.0011191232042619959,8.580461976679099e-06,0.0008217452923418023
6301,0.0011384445897419937,0.0010791933527798392,8.578400258519769e-06,0.0008217452923418023
6302,0.0010779627700685523,0.0009660658615757711,8.57633732505677e-06,0.0008217452923418023
6303,0.0011544658700586297,0.001110602701373864,8.574273177104514e-06,0.0008217452923418023
6304,0.0011030297755496576,0.0011779954438679852,8.572207815477895e-06,0.0008217452923418023
6305,0.0009995337240980007,0.0008985365784610622,8.570141240992285e-06,0.0008217452923418023
6306,0.0011299823308945633,0.0009629420528654009,8.568073454463534e-06,0.0008217452923418023
6307,0.0011074673675466329,0.0010139983642147854,8.566004456707973e-06,0.0008217452923418023
6308,0.001142053421062883,0.00103831786691444,8.563934248542407e-06,0.0008217452923418023
6309,0.0010211276530753821,0.0009840697384788655,8.561862830784124e-06,0.0008217452923418023
6310,0.0011834325559902936,0.0011348300467943773,8.559790204250887e-06,0.0008217452923418023
6311,0.0010497268158360384,0.0009503110413788818,8.557716369760935e-06,0.0008217452923418023
6312,0.0010638888052199036,0.0010546722114668228,8.555641328132983e-06,0.0008217452923418023
6313,0.0009985662472900003,0.001173794771602843,8.553565080186229e-06,0.0008217452923418023
6314,0.0010757188429124653,0.0010817099682753906,8.551487626740339e-06,0.0008217452923418023
6315,0.001179570026579313,0.001059478883689735,8.54940896861546e-06,0.0008217452923418023
6316,0.0010547669444349594,0.001037891568557825,8.547329106632215e-06,0.0008217452923418023
6317,0.0009569069588906132,0.0011653268375084735,8.545248041611698e-06,0.0008217452923418023
6318,0.001021310017677024,0.0011499024840304628,8.543165774375482e-06,0.0008217452923418023
6319,0.0009558949022903107,0.0011136889224871993,8.541082305745613e-06,0.0008217452923418023
6320,0.001099402128602378,0.0010606703654048033,8.53899763654461e-06,0.0008217452923418023
6321,0.001262663397938013,0.001209688387461938,8.53691176759547e-06,0.0008217452923418023
6322,0.0013045625819358975,0.0012443069572327659,8.534824699721658e-06,0.0008217452923418023
6323,0.0010285406387993135,0.0008947794267442077,8.532736433747118e-06,0.0008217452923418023
6324,0.0012924135298817419,0.0011526760063134134,8.530646970496263e-06,0.0008217452923418023
6325,0.0011126789249829017,0.0011026445790776052,8.52855631079398e-06,0.0008217452923418023
6326,0.0009772293560672551,0.0011192272868356667,8.52646445546563e-06,0.0008217452923418023
6327,0.000973564492596779,0.001052123203407973,8.52437140533704e-06,0.0008217452923418023
6328,0.0009900542354444042,0.0010300711874151602,8.522277161234519e-06,0.0008217452923418023
6329,0.0009995065556722693,0.0011929083411814645,8.520181723984837e-06,0.0008217452923418023
6330,0.001033747714245692,0.0009486065464443527,8.51808509441524e-06,0.0008217452923418023
6331,0.0011651818276732229,0.0011660804084385745,8.515987273353447e-06,0.0008217452923418023
6332,0.0010414702046546154,0.00110250979923876,8.51388826162764e-06,0.0008217452923418023
6333,0.0012036019688821398,0.0010354923724662513,8.51178806006648e-06,0.0008217452923418023
6334,0.0013496278043021448,0.0011835196055471897,8.509686669499091e-06,0.0008217452923418023
6335,0.000975417482550256,0.0011973735090577975,8.50758409075507e-06,0.0008217452923418023
6336,0.001095787636586465,0.0010261717470712028,8.505480324664478e-06,0.0008217452923418023
6337,0.0010155713389394805,0.001061877264874056,8.503375372057854e-06,0.0008217452923418023
6338,0.001131427925429307,0.0011465039860922843,8.501269233766197e-06,0.0008217452923418023
6339,0.001173241063952446,0.0011415941698942333,8.499161910620978e-06,0.0008217452923418023
6340,0.0010507092374609783,0.0011553852236829698,8.497053403454132e-06,0.0008217452923418023
6341,0.0012392872595228255,0.0011514363141031936,8.49494371309807e-06,0.0008217452923418023
6342,0.001066225093381945,0.0011009208028553985,8.492832840385657e-06,0.0008217452923418023
6343,0.0012280928203836083,0.0009474732360104099,8.490720786150238e-06,0.0008217452923418023
6344,0.0011626500636339188,0.0011292343551758677,8.488607551225616e-06,0.0008217452923418023
6345,0.0009470497752772644,0.0010935481695923954,8.486493136446064e-06,0.0008217452923418023
6346,0.0011852796378661878,0.0011699709211825393,8.484377542646318e-06,0.0008217452923418023
6347,0.0010084665264002979,0.0012775303694070317,8.482260770661583e-06,0.0008217452923418023
6348,0.0011474772545625456,0.001256371419003699,8.480142821327524e-06,0.0008217452923418023
6349,0.0009711802558740601,0.0009243660315405577,8.478023695480275e-06,0.0008217452923418023
6350,0.0010534774264669977,0.000928176028537564,8.475903393956434e-06,0.0008217452923418023
6351,0.0010554541149758734,0.000971197550825309,8.473781917593062e-06,0.0008217452923418023
6352,0.0011859836886287667,0.0012103339468012564,8.471659267227687e-06,0.0008217452923418023
6353,0.0010557217974564992,0.0009776937076821923,8.469535443698292e-06,0.0008217452923418023
6354,0.0012256065383553505,0.0010107061098096892,8.467410447843335e-06,0.0008217452923418023
6355,0.00114158280484844,0.0011324704319122247,8.465284280501728e-06,0.0008217452923418023
6356,0.0012371061457088217,0.0009521300307824276,8.463156942512844e-06,0.0008217452923418023
6357,0.001046438657795079,0.0010836657529580407,8.461028434716532e-06,0.0008217452923418023
6358,0.0010880791523959488,0.0011186730916961096,8.458898757953083e-06,0.0008217452923418023
6359,0.0009458418426220305,0.0011420069058658555,8.456767913063267e-06,0.0008217452923418023
6360,0.001119812011893373,0.001020114723360166,8.454635900888304e-06,0.0008217452923418023
6361,0.0011393322492949665,0.0013953645757283084,8.452502722269881e-06,0.0008217452923418023
6362,0.0011539952174643986,0.0011136143293697387,8.450368378050139e-06,0.0008217452923418023
6363,0.0009374738729093224,0.0009337326482636854,8.44823286907169e-06,0.0008217452923418023
6364,0.001052580468240194,0.0010776523704407737,8.446096196177594e-06,0.0008217452923418023
6365,0.0011279318496235646,0.0009265414919354953,8.443958360211375e-06,0.0008217452923418023
6366,0.0009892312009469606,0.0009508674629614688,8.44181936201702e-06,0.0008217452923418023
6367,0.0010047562318504788,0.0011981077477685176,8.439679202438971e-06,0.0008217452923418023
6368,0.0010880479894694872,0.001192256633657962,8.437537882322127e-06,0.0008217452923418023
6369,0.0011012760223820806,0.0010294439998688176,8.43539540251185e-06,0.0008217452923418023
6370,0.001072446335456334,0.001074208994396031,8.433251763853955e-06,0.0008217452923418023
6371,0.0010696440949686803,0.0010513410670682788,8.431106967194718e-06,0.0008217452923418023
6372,0.0010667674723663367,0.0012219245545566082,8.42896101338087e-06,0.0008217452923418023
6373,0.0012137627563788556,0.0012167886161478236,8.426813903259598e-06,0.0008217452923418023
6374,0.0011683510456350632,0.0010174779818044044,8.424665637678551e-06,0.0008217452923418023
6375,0.0010832668049260974,0.0011080932963523082,8.422516217485826e-06,0.0008217452923418023
6376,0.0010809785744640976,0.0012118796148570254,8.420365643529984e-06,0.0008217452923418023
6377,0.0011034194976673461,0.001024085831886623,8.418213916660035e-06,0.0008217452923418023
6378,0.0011996708853985183,0.001089368379325606,8.416061037725447e-06,0.0008217452923418023
6379,0.0008505599907948636,0.0009429176061530598,8.413907007576142e-06,0.0008217452923418023
6380,0.0010816325011546724,0.0010982069361489266,8.411751827062501e-06,0.0008217452923418023
6381,0.0010992131501552649,0.0010358115468989126,8.409595497035348e-06,0.0008217452923418023
6382,0.0009636892427806742,0.0010745922845671885,8.407438018345974e-06,0.0008217452923418023
6383,0.001268681422516238,0.0010549592261668295,8.405279391846115e-06,0.0008217452923418023
6384,0.0010745190011220984,0.0009759994645719416,8.403119618387963e-06,0.0008217452923418023
6385,0.0011189292927156202,0.0009409341364516877,8.400958698824162e-06,0.0008217452923418023
6386,0.001115789302275516,0.0012542223412310705,8.398796634007809e-06,0.0008217452923418023
6387,0.0011726502561941743,0.0009603725411579944,8.396633424792453e-06,0.0008217452923418023
6388,0.0011560840866877697,0.001043526099238079,8.394469072032093e-06,0.0008217452923418023
6389,0.0009796294762054458,0.0011219115112908185,8.392303576581186e-06,0.0008217452923418023
6390,0.001056171466188971,0.0011976359965046868,8.39013693929463e-06,0.0008217452923418023
6391,0.001418098618160002,0.0013620084937429056,8.387969161027782e-06,0.0008217452923418023
6392,0.0011938656025449745,0.0010773885296657681,8.385800242636445e-06,0.0008217452923418023
6393,0.0009295344061683863,0.0010011115300585516,8.383630184976877e-06,0.0008217452923418023
6394,0.0011570062997634523,0.0009625546590541489,8.381458988905778e-06,0.0008217452923418023
6395,0.0010514571113162674,0.0011223752662772313,8.379286655280303e-06,0.0008217452923418023
6396,0.0012579740869114175,0.0011423887917771935,8.377113184958057e-06,0.0008217452923418023
6397,0.0012080752348992974,0.0009618924668757245,8.37493857879709e-06,0.0008217452923418023
6398,0.0011041529942303896,0.0009135415821219794,8.372762837655901e-06,0.0008217452923418023
6399,0.0010565197953837924,0.001070248290488962,8.37058596239344e-06,0.0008217452923418023
6400,0.0011804846581071615,0.0009598126998753287,8.368407953869105e-06,0.0008217452923418023
6401,0.000843235342472326,0.0009769760727067478,8.366228812942734e-06,0.0008217452923418023
6402,0.0008618251886218786,0.0009761739711393602,8.36404854047462e-06,0.0008217452923418023
6403,0.0010042260109912604,0.000996548515104223,8.361867137325501e-06,0.0008217452923418023
6404,0.001079422581824474,0.001165465422673151,8.359684604356558e-06,0.0008217452923418023
6405,0.001242665879544802,0.0011408942882553674,8.357500942429424e-06,0.0008217452923418023
6406,0.001073512241418939,0.0012537880247691646,8.355316152406169e-06,0.0008217452923418023
6407,0.0012232077424414456,0.001112195910536684,8.35313023514932e-06,0.0008217452923418023
6408,0.0011713767380570062,0.0010698242476792075,8.350943191521838e-06,0.0008217452923418023
6409,0.001052513973263558,0.001421733533788938,8.348755022387132e-06,0.0008217452923418023
6410,0.0011323295402689837,0.0009566691223881207,8.34656572860906e-06,0.0008217452923418023
6411,0.0010127963687409647,0.0009372861968586221,8.344375311051919e-06,0.0008217452923418023
6412,0.0010335290426155552,0.0011058398449677043,8.342183770580453e-06,0.0008217452923418023
6413,0.0010820828247233294,0.0009266969500458799,8.339991108059844e-06,0.0008217452923418023
6414,0.0011028580775018781,0.0011765775925596245,8.337797324355724e-06,0.0008217452923418023
6415,0.001043400880007539,0.0011801006548921578,8.335602420334161e-06,0.0008217452923418023
6416,0.0009486646522418596,0.001102107846236322,8.33340639686167e-06,0.0008217452923418023
6417,0.0009829762784647755,0.0009670552317402326,8.331209254805207e-06,0.0008217452923418023
6418,0.0008906238144845702,0.0008940209518186748,8.329010995032166e-06,0.0008217452923418023
6419,0.0012147943998570554,0.0011454779232735746,8.32681161841039e-06,0.0008217452923418023
6420,0.0012579179528984241,0.0011752976424759254,8.324611125808152e-06,0.0008217452923418023
6421,0.0010349795338697731,0.0010030023840954527,8.322409518094177e-06,0.0008217452923418023
6422,0.001042974843585398,0.0010203188794548623,8.320206796137621e-06,0.0008217452923418023
6423,0.0012252460437593982,0.0011461135509307496,8.318002960808086e-06,0.0008217452923418023
6424,0.0011949870240641758,0.001046982331899926,8.315798012975612e-06,0.0008217452923418023
6425,0.0011011159003828652,0.0010487537874723785,8.313591953510674e-06,0.0008217452923418023
6426,0.0010174264825764112,0.0010354251935495995,8.311384783284192e-06,0.0008217452923418023
6427,0.0008960956183727831,0.0009328502201242372,8.309176503167521e-06,0.0008217452923418023
6428,0.0012400722625898197,0.001031641942972783,8.306967114032456e-06,0.0008217452923418023
6429,0.0012100537642254494,0.0012463181701605208,8.304756616751228e-06,0.0008217452923418023
6430,0.0011721903647412546,0.001229551067808643,8.302545012196507e-06,0.0008217452923418023
6431,0.0010148221772396937,0.0011854373224196024,8.300332301241398e-06,0.0008217452923418023
6432,0.0010415854630991817,0.0010187606530962512,8.298118484759445e-06,0.0008217452923418023
6433,0.0010667046517482959,0.0012103549306630157,8.295903563624628e-06,0.0008217452923418023
6434,0.0010729831992648542,0.001402224981575273,8.293687538711365e-06,0.0008217452923418023
6435,0.0012148937603342347,0.0010919708947767504,8.291470410894503e-06,0.0008217452923418023
6436,0.0011667047219816595,0.0010920197528321296,8.28925218104933e-06,0.0008217452923418023
6437,0.0013793288890155964,0.0010433956267661415,8.287032850051572e-06,0.0008217452923418023
6438,0.0011485366776469164,0.0011078052848461084,8.28481241877738e-06,0.0008217452923418023
6439,0.0010911619101534598,0.001324495577136986,8.28259088810335e-06,0.0008217452923418023
6440,0.0011988278056378476,0.0010376401332905516,8.280368258906505e-06,0.0008217452923418023
6441,0.0009584446015651338,0.0010189932072535157,8.278144532064303e-06,0.0008217452923418023
6442,0.0009765414797584526,0.0011071524568251334,8.275919708454639e-06,0.0008217452923418023
6443,0.0011426001365180127,0.0011066411898355,8.273693788955833e-06,0.0008217452923418023
6444,0.0012831729909521528,0.001177400401502382,8.27146677444665e-06,0.0008217452923418023
6445,0.0012470511501305737,0.0009433190789422952,8.269238665806272e-06,0.0008217452923418023
6446,0.0012084207628504373,0.0010739460121840239,8.267009463914326e-06,0.0008217452923418023
6447,0.0011895611169165932,0.00122272023872938,8.264779169650865e-06,0.0008217452923418023
6448,0.0010445371954119764,0.001230372436111793,8.262547783896375e-06,0.0008217452923418023
6449,0.0010631911936798133,0.001111742363718804,8.260315307531768e-06,0.0008217452923418023
6450,0.001136576698627323,0.0010323575916117989,8.258081741438396e-06,0.0008217452923418023
6451,0.000937724435061682,0.0008441055251751095,8.255847086498029e-06,0.0008217452923418023
6452,0.0012607674798346125,0.0010689586124499328,8.253611343592876e-06,0.0008217452923418023
6453,0.0009982508272514679,0.0010476415482116863,8.251374513605574e-06,0.0008217452923418023
6454,0.0010490628628758714,0.0009183933580061421,8.249136597419189e-06,0.0008217452923418023
6455,0.0011014159681508318,0.0009397075773449615,8.246897595917212e-06,0.0008217452923418023
6456,0.0009494099576841109,0.0009261832819902338,8.244657509983567e-06,0.0008217452923418023
6457,0.001068811492586974,0.0009354554058518261,8.242416340502604e-06,0.0008217452923418023
6458,0.0010461822603247128,0.0009780753898667172,8.240174088359099e-06,0.0008217452923418023
6459,0.001239216944668442,0.0009893050955724902,8.237930754438263e-06,0.0008217452923418023
6460,0.0009504202607786283,0.0009681847514002584,8.235686339625726e-06,0.0008217452923418023
6461,0.001012048582197167,0.0010713567025959492,8.233440844807544e-06,0.0008217452923418023
6462,0.0012132096526329406,0.0009551502589602023,8.231194270870208e-06,0.0008217452923418023
6463,0.0011470772515167482,0.001086814641894307,8.228946618700626e-06,0.0008217452923418023
6464,0.0010660640182322823,0.0009951581232598983,8.226697889186139e-06,0.0008217452923418023
6465,0.0010157520300708711,0.001174303310108371,8.224448083214507e-06,0.0008217452923418023
6466,0.0012497839852585457,0.0011902913756784983,8.222197201673919e-06,0.0008217452923418023
6467,0.001348157471511513,0.0012270390216144733,8.219945245452986e-06,0.0008217452923418023
6468,0.0009930700034601614,0.0012203712394693866,8.217692215440745e-06,0.0008217452923418023
6469,0.001080571484635584,0.0008663611952215433,8.21543811252666e-06,0.0008217452923418023
6470,0.0010572187311481684,0.0010019665423897095,8.213182937600612e-06,0.0008217452923418023
6471,0.0008763107180129737,0.0009090954554267228,8.210926691552907e-06,0.0008217452923418023
6472,0.001040963594277855,0.0009197335020871833,8.208669375274278e-06,0.0008217452923418023
6473,0.0009990747421397828,0.0010979488070006482,8.206410989655878e-06,0.0008217452923418023
6474,0.0010097198755829595,0.0011407067431719042,8.204151535589278e-06,0.0008217452923418023
6475,0.0011398249480407685,0.0010734307434177026,8.20189101396648e-06,0.0008217452923418023
6476,0.0010358409635955468,0.0010736692129285075,8.199629425679897e-06,0.0008217452923418023
6477,0.0010223287899862044,0.0010788472573040053,8.19736677162237e-06,0.0008217452923418023
6478,0.001073580286174547,0.0011122699070256203,8.195103052687162e-06,0.0008217452923418023
6479,0.0009331485780421644,0.000929948131670244,8.19283826976795e-06,0.0008217452923418023
6480,0.0010747993001132272,0.0010495728347450495,8.190572423758836e-06,0.0008217452923418023
6481,0.0012675357138505206,0.0009168748147203587,8.188305515554338e-06,0.0008217452923418023
6482,0.0011814684112323448,0.0009574940195307136,8.186037546049399e-06,0.0008217452923418023
6483,0.001097594664315693,0.0013502252841135487,8.183768516139374e-06,0.0008217452923418023
6484,0.0010856680746655911,0.0009993313869927078,8.181498426720041e-06,0.0008217452923418023
6485,0.0011521767155500129,0.0010024743605754338,8.179227278687599e-06,0.0008217452923418023
6486,0.001168665876321029,0.0012498517462518066,8.176955072938654e-06,0.0008217452923418023
6487,0.0010477823016117327,0.0011752436475944705,8.174681810370244e-06,0.0008217452923418023
6488,0.0010772501409519464,0.0011546270325197838,8.172407491879812e-06,0.0008217452923418023
6489,0.0010733923627412878,0.001077763910870999,8.170132118365227e-06,0.0008217452923418023
6490,0.001068541438144166,0.0011006285712937824,8.167855690724767e-06,0.0008217452923418023
6491,0.0010930943753919564,0.0012867006589658558,8.16557820985713e-06,0.0008217452923418023
6492,0.0011463432892924175,0.0011269171227468178,8.163299676661434e-06,0.0008217452923418023
6493,0.0009988669771701097,0.0011254941709921695,8.1610200920372e-06,0.0008217452923418023
6494,0.0011324211227474734,0.0011641056189546362,8.158739456884378e-06,0.0008217452923418023
6495,0.0009733314218465239,0.0012362797133391723,8.156457772103326e-06,0.0008217452923418023
6496,0.001141499938967172,0.001432344302884303,8.154175038594813e-06,0.0008217452923418023
6497,0.0012327356089372188,0.0008130776914185844,8.151891257260031e-06,0.0008217452923418023
6498,0.0012340472239884548,0.0010822838812600821,8.149606429000579e-06,0.0008130776914185844
6499,0.0009895647744997405,0.0010177343065151945,8.14732055471847e-06,0.0008130776914185844
6500,0.0009059600633918308,0.0009881692385533825,8.14503363531613e-06,0.0008130776914185844
6501,0.0011269004171481356,0.000954248993366491,8.1427456716964e-06,0.0008130776914185844
6502,0.0011394820758141577,0.0012695789846475236,8.140456664762532e-06,0.0008130776914185844
6503,0.0009778995008673519,0.0009962874537450261,8.138166615418191e-06,0.0008130776914185844
6504,0.0009999499234254472,0.0012915638362756,8.13587552456745e-06,0.0008130776914185844
6505,0.0013009847607463598,0.0010221452976111323,8.133583393114796e-06,0.0008130776914185844
6506,0.000992114539258182,0.001244524071807973,8.131290221965127e-06,0.0008130776914185844
6507,0.0009739009765326045,0.001001003744022455,8.128996012023748e-06,0.0008130776914185844
6508,0.0010392535768914968,0.0011113169603049755,8.12670076419638e-06,0.0008130776914185844
6509,0.0009251634983229451,0.0009796119120437652,8.12440447938915e-06,0.0008130776914185844
6510,0.001039408874930814,0.0011479268505354412,8.122107158508593e-06,0.0008130776914185844
6511,0.0010763710597530007,0.0010423478452139534,8.119808802461655e-06,0.0008130776914185844
6512,0.0009404901575180702,0.0011027885411749594,8.117509412155694e-06,0.0008130776914185844
6513,0.0010493947629584,0.001175921832327731,8.11520898849847e-06,0.0008130776914185844
6514,0.0012032153608743101,0.001134968661062885,8.112907532398153e-06,0.0008130776914185844
6515,0.0010564700060058385,0.0009358918759971857,8.110605044763323e-06,0.0008130776914185844
6516,0.0009648704872233793,0.001184041306260042,8.108301526502965e-06,0.0008130776914185844
6517,0.0009952144464477897,0.0010390702591394074,8.105996978526473e-06,0.0008130776914185844
6518,0.0009909116197377443,0.001082720009435434,8.103691401743645e-06,0.0008130776914185844
6519,0.0014784029335714877,0.0010757749623735435,8.101384797064684e-06,0.0008130776914185844
6520,0.001145125279435888,0.0013026727829128504,8.099077165400204e-06,0.0008130776914185844
6521,0.0009444420866202563,0.0013176490247133188,8.09676850766122e-06,0.0008130776914185844
6522,0.0011598387864069082,0.0010695128657971509,8.094458824759156e-06,0.0008130776914185844
6523,0.001213760166137945,0.001047701749484986,8.092148117605837e-06,0.0008130776914185844
6524,0.0011042625410482287,0.0008815328910714015,8.08983638711349e-06,0.0008130776914185844
6525,0.0009723465554998256,0.0009417256005690433,8.087523634194755e-06,0.0008130776914185844
6526,0.0011130980856250972,0.0009391182102262974,8.085209859762665e-06,0.0008130776914185844
6527,0.0011931913177249953,0.0010633522106218152,8.082895064730666e-06,0.0008130776914185844
6528,0.0013628044907818548,0.0010952216616715305,8.080579250012599e-06,0.0008130776914185844
6529,0.001001277421892155,0.0009838741025305353,8.078262416522715e-06,0.0008130776914185844
6530,0.0011295536023681052,0.001057735295034945,8.07594456517566e-06,0.0008130776914185844
6531,0.0012736921344185248,0.0010341067754779942,8.073625696886484e-06,0.0008130776914185844
6532,0.0011336262978147715,0.0009897205527522601,8.071305812570643e-06,0.0008130776914185844
6533,0.0011486137082101777,0.000927088905882556,8.068984913143989e-06,0.0008130776914185844
6534,0.001217318706039805,0.0010287928307661787,8.066662999522774e-06,0.0008130776914185844
6535,0.0012191479472676292,0.0009338410382042639,8.064340072623657e-06,0.0008130776914185844
6536,0.0008545706077711657,0.0011727242526831105,8.062016133363691e-06,0.0008130776914185844
6537,0.0010769680011435412,0.0009756915242178366,8.059691182660328e-06,0.0008130776914185844
6538,0.0011583405721466988,0.0013458003886626102,8.057365221431425e-06,0.0008130776914185844
6539,0.0011570707938517444,0.0010576096756267361,8.055038250595233e-06,0.0008130776914185844
6540,0.00096693654631963,0.0012046874326188117,8.052710271070405e-06,0.0008130776914185844
6541,0.0011208219293621369,0.0010360411761212163,8.050381283775988e-06,0.0008130776914185844
6542,0.0010608478405629285,0.0010022405986092053,8.04805128963143e-06,0.0008130776914185844
6543,0.0008211893728002906,0.0011081451884820126,8.045720289556576e-06,0.0008130776914185844
6544,0.0011479287932161242,0.0011520418847794645,8.043388284471669e-06,0.0008130776914185844
6545,0.0015717465139459819,0.0013187975418986753,8.041055275297348e-06,0.0008130776914185844
6546,0.0011351357534294948,0.0013557108031818643,8.038721262954645e-06,0.0008130776914185844
6547,0.0011520029802341014,0.0009565056461724453,8.036386248364993e-06,0.0008130776914185844
6548,0.001008401915896684,0.0011715268701664172,8.03405023245022e-06,0.0008130776914185844
6549,0.0012371676712064072,0.0011626686682575382,8.031713216132546e-06,0.0008130776914185844
6550,0.0010756868432508782,0.0010328755452064797,8.029375200334588e-06,0.0008130776914185844
6551,0.0010369277733843774,0.0010838940725079738,8.02703618597936e-06,0.0008130776914185844
6552,0.0009478804058744572,0.0010137630961253308,8.024696173990265e-06,0.0008130776914185844
6553,0.0010949748539132997,0.0009129842728725635,8.022355165291105e-06,0.0008130776914185844
6554,0.0011414236287237145,0.0011848210197058506,8.020013160806071e-06,0.0008130776914185844
6555,0.0011569410271476954,0.0011081903794547543,8.017670161459753e-06,0.0008130776914185844
6556,0.0011851941380882636,0.0010365434136474505,8.015326168177125e-06,0.0008130776914185844
6557,0.001161024956672918,0.0009989207101170905,8.012981181883562e-06,0.0008130776914185844
6558,0.0011473678750917315,0.0011285863511147909,8.010635203504826e-06,0.0008130776914185844
6559,0.0012001499635516666,0.0011922164194402285,8.008288233967071e-06,0.0008130776914185844
6560,0.0012193174407002516,0.0010716164688346907,8.005940274196847e-06,0.0008130776914185844
6561,0.0015114791167434305,0.0012569491009344347,8.003591325121087e-06,0.0008130776914185844
6562,0.0010877183303819038,0.0010647431190591305,8.001241387667123e-06,0.0008130776914185844
6563,0.0010251507846987806,0.0009776476872502826,7.998890462762671e-06,0.0008130776914185844
6564,0.0010602992624626495,0.0010426161461509764,7.996538551335839e-06,0.0008130776914185844
6565,0.0010982530293404125,0.0010890716730500571,7.994185654315123e-06,0.0008130776914185844
6566,0.0012662633816944435,0.0010795098860398866,7.991831772629412e-06,0.0008130776914185844
6567,0.001110207667807117,0.0012225744940224104,7.98947690720798e-06,0.0008130776914185844
6568,0.001221759375766851,0.0010605217394186184,7.987121058980492e-06,0.0008130776914185844
6569,0.001148169772932306,0.001071019476512447,7.984764228876996e-06,0.0008130776914185844
6570,0.0009033666865434498,0.0010389090311946347,7.982406417827937e-06,0.0008130776914185844
6571,0.0009558761084917933,0.0010560132504906505,7.980047626764135e-06,0.0008130776914185844
6572,0.0010652784185367636,0.0011121982752229087,7.977687856616808e-06,0.0008130776914185844
6573,0.0011694713102770038,0.0010907828982453793,7.975327108317552e-06,0.0008130776914185844
6574,0.0009063598408829421,0.001033631335303653,7.972965382798357e-06,0.0008130776914185844
6575,0.0011435450942371972,0.0011726002267096192,7.970602680991593e-06,0.0008130776914185844
6576,0.0010585913842078298,0.0012399711704347283,7.968239003830016e-06,0.0008130776914185844
6577,0.0010591621030471288,0.0010799279116326943,7.965874352246772e-06,0.0008130776914185844
6578,0.0009620390192139894,0.0011407269412302412,7.963508727175384e-06,0.0008130776914185844
6579,0.0010510249121580273,0.0010104396642418578,7.961142129549765e-06,0.0008130776914185844
6580,0.0011451969112385996,0.0011733967185136862,7.958774560304212e-06,0.0008130776914185844
6581,0.0010772773093776777,0.0010947988557745703,7.956406020373401e-06,0.0008130776914185844
6582,0.0011256646030233242,0.001193384603539016,7.954036510692394e-06,0.0008130776914185844
6583,0.0010851658953470178,0.0012210546628921293,7.951666032196638e-06,0.0008130776914185844
6584,0.0011145504176965915,0.0009325198043370619,7.949294585821958e-06,0.0008130776914185844
6585,0.001527433625597041,0.0010911395293078385,7.946922172504567e-06,0.0008130776914185844
6586,0.001254661357961595,0.0009188097610604018,7.944548793181053e-06,0.0008130776914185844
6587,0.0010885163355851546,0.0011178298736922443,7.942174448788388e-06,0.0008130776914185844
6588,0.001133229467086494,0.0011688516387948766,7.93979914026393e-06,0.0008130776914185844
6589,0.001039027723891195,0.0012288293146411888,7.937422868545409e-06,0.0008130776914185844
6590,0.00106851413147524,0.0012259258510312065,7.935045634570942e-06,0.0008130776914185844
6591,0.0012554418281069957,0.0014226922139641829,7.93266743927902e-06,0.0008130776914185844
6592,0.0012047020936734043,0.0011079199030064046,7.930288283608521e-06,0.0008130776914185844
6593,0.0011680814350256696,0.001037830203131307,7.927908168498696e-06,0.0008130776914185844
6594,0.000959670331212692,0.0011997125620837323,7.925527094889175e-06,0.0008130776914185844
6595,0.001162412911071442,0.0011318131146254018,7.923145063719971e-06,0.0008130776914185844
6596,0.0013141710514901206,0.0009483768662903458,7.92076207593147e-06,0.0008130776914185844
6597,0.0011724324358510785,0.0010027651296695694,7.91837813246444e-06,0.0008130776914185844
6598,0.0010540696530370042,0.001054065149219241,7.915993234260024e-06,0.0008130776914185844
6599,0.0010056332685053349,0.0010592649268801324,7.91360738225974e-06,0.0008130776914185844
6600,0.0010695589298848063,0.0010257061367155984,7.911220577405485e-06,0.0008130776914185844
6601,0.0010891857818933204,0.0010073219309560955,7.908832820639533e-06,0.0008130776914185844
6602,0.0011534031727933325,0.0011666216742014512,7.906444112904531e-06,0.0008130776914185844
6603,0.001148138071584981,0.0010308731434633955,7.904054455143505e-06,0.0008130776914185844
6604,0.001046095771016553,0.0009723864131956361,7.901663848299854e-06,0.0008130776914185844
6605,0.0011603746170294471,0.0010727180997491814,7.89927229331735e-06,0.0008130776914185844
6606,0.0010960910294670612,0.0013697442191187292,7.89687979114014e-06,0.0008130776914185844
6607,0.0011427534554968588,0.0010804322955664247,7.894486342712748e-06,0.0008130776914185844
6608,0.0009378952454426326,0.0011681144751491956,7.892091948980072e-06,0.0008130776914185844
6609,0.0011609990906435996,0.0012086480928701349,7.889696610887376e-06,0.0008130776914185844
6610,0.0010421499100630172,0.00117059814510867,7.887300329380303e-06,0.0008130776914185844
6611,0.0010496012546354905,0.0011942320561502129,7.884903105404868e-06,0.0008130776914185844
6612,0.0011750947451218963,0.0007970749647938646,7.882504939907457e-06,0.0008130776914185844
6613,0.0010225454534520395,0.0010698560945456848,7.880105833834829e-06,0.0007970749647938646
6614,0.001105572642700281,0.0010262890209560283,7.877705788134108e-06,0.0007970749647938646
6615,0.0012289762817090377,0.0008498169045196846,7.8753048037528e-06,0.0007970749647938646
6616,0.0011805355388787575,0.0010723699815571308,7.872902881638772e-06,0.0007970749647938646
6617,0.00125474786182167,0.0009143336646957323,7.870500022740265e-06,0.0007970749647938646
6618,0.0011899279270437546,0.0012994767821510322,7.868096228005892e-06,0.0007970749647938646
6619,0.001106462899770122,0.0009313223781646229,7.865691498384632e-06,0.0007970749647938646
6620,0.0010388607552158646,0.0011309303445159458,7.863285834825832e-06,0.0007970749647938646
6621,0.0010142204482690431,0.0012015738611808047,7.860879238279212e-06,0.0007970749647938646
6622,0.000980870121566113,0.0015992110566003248,7.858471709694858e-06,0.0007970749647938646
6623,0.0010099899518536404,0.0011863629770232365,7.856063250023224e-06,0.0007970749647938646
6624,0.0011919598036911339,0.000977067684289068,7.853653860215132e-06,0.0007970749647938646
6625,0.0009528616137686186,0.0009862541919574142,7.85124354122177e-06,0.0007970749647938646
6626,0.0009710480517242104,0.0009395229208166711,7.848832293994695e-06,0.0007970749647938646
6627,0.0011579918427742086,0.0010609329547150992,7.846420119485828e-06,0.0007970749647938646
6628,0.0010228598621324636,0.001068141842551995,7.84400701864746e-06,0.0007970749647938646
6629,0.0010212028792011552,0.0011304533545626327,7.841592992432242e-06,0.0007970749647938646
6630,0.0011485344002721831,0.0010658635073923506,7.839178041793193e-06,0.0007970749647938646
6631,0.0012525008860393427,0.0009989627142203972,7.8367621676837e-06,0.0007970749647938646
6632,0.0009145146468654275,0.0011187094205524772,7.83434537105751e-06,0.0007970749647938646
6633,0.001078184875950683,0.0010685524175642058,7.831927652868736e-06,0.0007970749647938646
6634,0.0010260209455736913,0.001029034327075351,7.829509014071855e-06,0.0007970749647938646
6635,0.0010430457041366026,0.001063392912328709,7.827089455621707e-06,0.0007970749647938646
6636,0.0011662777469609864,0.001156930266006384,7.824668978473498e-06,0.0007970749647938646
6637,0.001236655269167386,0.0011606591724557802,7.82224758358279e-06,0.0007970749647938646
6638,0.0013619210803881288,0.0010899256085394882,7.819825271905514e-06,0.0007970749647938646
6639,0.0012402517459122464,0.0009281044476665556,7.817402044397962e-06,0.0007970749647938646
6640,0.0011704413118422963,0.001031086765578948,7.814977902016779e-06,0.0007970749647938646
6641,0.001034610548231285,0.0009526342400931753,7.812552845718985e-06,0.0007970749647938646
6642,0.0010707442706916481,0.001112591773562599,7.810126876461951e-06,0.0007970749647938646
6643,0.0011397213165764697,0.0010341945599066094,7.807699995203411e-06,0.0007970749647938646
6644,0.0011876341231982224,0.0008321324494318105,7.80527220290146e-06,0.0007970749647938646
6645,0.0010787554565467872,0.0011711501647369005,7.802843500514554e-06,0.0007970749647938646
6646,0.0009601860074326396,0.0011129926933790557,7.8004138890015e-06,0.0007970749647938646
6647,0.0009654219102230854,0.0009940427116816863,7.797983369321477e-06,0.0007970749647938646
6648,0.0010635740763973445,0.001093462371500209,7.795551942434012e-06,0.0007970749647938646
6649,0.0011403656753827818,0.0009732984181027859,7.793119609298995e-06,0.0007970749647938646
6650,0.0009233713426510803,0.000953481430769898,7.79068637087667e-06,0.0007970749647938646
6651,0.0010713140218285844,0.0011061374316341244,7.788252228127647e-06,0.0007970749647938646
6652,0.0011617399650276639,0.0010173826303798705,7.78581718201288e-06,0.0007970749647938646
6653,0.0010187681691604666,0.0011374206733307801,7.783381233493692e-06,0.0007970749647938646
6654,0.0010665218069334514,0.0008792329172138125,7.780944383531756e-06,0.0007970749647938646
6655,0.0010107798298122361,0.0009545269276713952,7.778506633089096e-06,0.0007970749647938646
6656,0.0012044905379298143,0.0012920804801979102,7.776067983128106e-06,0.0007970749647938646
6657,0.0010567621429800056,0.001053888125170488,7.77362843461152e-06,0.0007970749647938646
6658,0.0010085551330121234,0.0010304092211299576,7.771187988502437e-06,0.0007970749647938646
6659,0.0008621316592325456,0.0011653427209239453,7.768746645764304e-06,0.0007970749647938646
6660,0.0010015393781941384,0.001184217690024525,7.766304407360924e-06,0.0007970749647938646
6661,0.0010163926854147576,0.0012818883842555806,7.763861274256458e-06,0.0007970749647938646
6662,0.0012226781327626668,0.0010015500156441703,7.761417247415412e-06,0.0007970749647938646
6663,0.0010690870331018232,0.0011824344983324409,7.75897232780265e-06,0.0007970749647938646
6664,0.001102672154956963,0.0009629215346649289,7.75652651638339e-06,0.0007970749647938646
6665,0.0009558067613397725,0.0010297318804077804,7.754079814123195e-06,0.0007970749647938646
6666,0.0010602887414279394,0.0012258482092875056,7.751632221987989e-06,0.0007970749647938646
6667,0.0010313168240827508,0.0012315049825701863,7.749183740944041e-06,0.0007970749647938646
6668,0.0011853749165311456,0.0012482049787649885,7.746734371957972e-06,0.0007970749647938646
6669,0.0012544646306196228,0.001089132550987415,7.744284115996753e-06,0.0007970749647938646
6670,0.0011188362768734805,0.0012577768866322003,7.74183297402771e-06,0.0007970749647938646
6671,0.0011106454112450592,0.001135825936216861,7.739380947018511e-06,0.0007970749647938646
6672,0.0009843343068496324,0.0011107087557320483,7.73692803593718e-06,0.0007970749647938646
6673,0.0009994654610636644,0.0010142664614249952,7.734474241752086e-06,0.0007970749647938646
6674,0.0009712549799587578,0.0010129617585334927,7.732019565431948e-06,0.0007970749647938646
6675,0.0009191832868964411,0.0009813493743422441,7.729564007945834e-06,0.0007970749647938646
6676,0.0009593634604243562,0.0010854643915081397,7.72710757026316e-06,0.0007970749647938646
6677,0.0011243960543652065,0.0010606560463202186,7.724650253353688e-06,0.0007970749647938646
6678,0.0009899911310640164,0.001125392758694943,7.722192058187526e-06,0.0007970749647938646
6679,0.0010366878195782192,0.0011179733992321417,7.719732985735135e-06,0.0007970749647938646
6680,0.0012400671184877865,0.001002374388917815,7.717273036967312e-06,0.0007970749647938646
6681,0.0011743310969904996,0.0010370301097282209,7.714812212855211e-06,0.0007970749647938646
6682,0.0010110254370374605,0.0009996973021770827,7.712350514370324e-06,0.0007970749647938646
6683,0.0012386172165861353,0.0010021562629844993,7.709887942484489e-06,0.0007970749647938646
6684,0.0010920417626039125,0.0012311587779549882,7.707424498169894e-06,0.0007970749647938646
6685,0.0011729334364645183,0.0008768734624027275,7.704960182399066e-06,0.0007970749647938646
6686,0.0009343795318272896,0.0009936889036907814,7.702494996144876e-06,0.0007970749647938646
6687,0.0010959497885778546,0.001104439128539525,7.700028940380544e-06,0.0007970749647938646
6688,0.0011391631196602248,0.0009864011517493054,7.697562016079628e-06,0.0007970749647938646
6689,0.0009945602505467832,0.0009973167543648742,7.695094224216029e-06,0.0007970749647938646
6690,0.0010497944676899351,0.0010335519109503366,7.692625565763995e-06,0.0007970749647938646
6691,0.0009458044805796817,0.0008714030409464613,7.690156041698113e-06,0.0007970749647938646
6692,0.0009768996824277565,0.0010337795683881268,7.687685652993311e-06,0.0007970749647938646
6693,0.000946674044826068,0.0011075645306846127,7.685214400624858e-06,0.0007970749647938646
6694,0.0009386709134560078,0.0008108352449198719,7.682742285568368e-06,0.0007970749647938646
6695,0.0009297169526689686,0.001033862637996208,7.680269308799791e-06,0.0007970749647938646
6696,0.0009603729704394937,0.0010556904308032244,7.67779547129542e-06,0.0007970749647938646
6697,0.001065507618477568,0.0011606105836108327,7.675320774031888e-06,0.0007970749647938646
6698,0.001015415895381011,0.0009818469188758172,7.672845217986162e-06,0.0007970749647938646
6699,0.0011025249914382584,0.0009869993664324284,7.670368804135556e-06,0.0007970749647938646
6700,0.0009400804046890698,0.0012169973997515626,7.667891533457718e-06,0.0007970749647938646
6701,0.0011044057537219487,0.0010633922065608203,7.665413406930637e-06,0.0007970749647938646
6702,0.0012838434049626812,0.0010158525765291415,7.662934425532636e-06,0.0007970749647938646
6703,0.001069981160981115,0.0011295968943159096,7.660454590242376e-06,0.0007970749647938646
6704,0.0010765449624159373,0.0010760647492134012,7.657973902038862e-06,0.0007970749647938646
6705,0.0010554667533142492,0.0009639352429076098,7.655492361901425e-06,0.0007970749647938646
6706,0.0010797832001117058,0.0010088985436595976,7.65300997080974e-06,0.0007970749647938646
6707,0.0010482071447768249,0.0010271463834214956,7.650526729743816e-06,0.0007970749647938646
6708,0.0008341817956534214,0.0010124130567419343,7.648042639683997e-06,0.0007970749647938646
6709,0.0011840558217954822,0.0010417408775538206,7.645557701610964e-06,0.0007970749647938646
6710,0.0009827094982028939,0.0009230186333297752,7.643071916505726e-06,0.0007970749647938646
6711,0.0008941037885961123,0.001068744262738619,7.640585285349638e-06,0.0007970749647938646
6712,0.0008795909161563031,0.0009622630532248877,7.638097809124378e-06,0.0007970749647938646
6713,0.001048514990543481,0.0011603618258959614,7.635609488811965e-06,0.0007970749647938646
6714,0.00123931240523234,0.0010558476205915213,7.633120325394747e-06,0.0007970749647938646
6715,0.0011122857322334312,0.0009968772719730623,7.630630319855406e-06,0.0007970749647938646
6716,0.0010183870981563814,0.0010787349674501456,7.628139473176957e-06,0.0007970749647938646
6717,0.0010677303143893369,0.00113275528565282,7.625647786342749e-06,0.0007970749647938646
6718,0.0010231134729110636,0.001360982634651009,7.623155260336456e-06,0.0007970749647938646
6719,0.0009512505930615589,0.001022102136630565,7.620661896142093e-06,0.0007970749647938646
6720,0.001051101295161061,0.0009235931211151183,7.618167694743998e-06,0.0007970749647938646
6721,0.0010081880609504879,0.001062199859006796,7.6156726571268415e-06,0.0007970749647938646
6722,0.0009288706060033292,0.0010161545651499182,7.613176784275625e-06,0.0007970749647938646
6723,0.0008105911838356405,0.0013106795231578872,7.6106800771756825e-06,0.0007970749647938646
6724,0.0008924212452257052,0.000977056501142215,7.60818253681267e-06,0.0007970749647938646
6725,0.0011660605014185421,0.0009099360322579741,7.60568416417258e-06,0.0007970749647938646
6726,0.0011861131351906806,0.0013494496524799615,7.603184960241731e-06,0.0007970749647938646
6727,0.0009939690789906308,0.001046442186634522,7.600684926006767e-06,0.0007970749647938646
6728,0.0008717512027942576,0.0010857066590688191,7.598184062454662e-06,0.0007970749647938646
6729,0.0011779749765992165,0.0010501031501917168,7.595682370572718e-06,0.0007970749647938646
6730,0.001030782877933234,0.0009723969851620495,7.593179851348563e-06,0.0007970749647938646
6731,0.0013255988669698127,0.0010090507494169287,7.590676505770152e-06,0.0007970749647938646
6732,0.0010408873713458888,0.0010749394205049612,7.588172334825768e-06,0.0007970749647938646
6733,0.0013850165050826035,0.0009749353703227825,7.585667339504016e-06,0.0007970749647938646
6734,0.0009417435721843503,0.0010515101748751476,7.583161520793829e-06,0.0007970749647938646
6735,0.0009302830294473097,0.0010107819398399442,7.580654879684464e-06,0.0007970749647938646
6736,0.0010311683581676334,0.0011136465982417576,7.578147417165503e-06,0.0007970749647938646
6737,0.001045040313329082,0.0011368793129804544,7.575639134226854e-06,0.0007970749647938646
6738,0.0011902985788765363,0.0009445651012356393,7.573130031858746e-06,0.0007970749647938646
6739,0.0011859610822284594,0.0010610985336825252,7.570620111051735e-06,0.0007970749647938646
6740,0.000935031974222511,0.0012198838012409396,7.568109372796697e-06,0.0007970749647938646
6741,0.001006588885502424,0.0010885061419685371,7.565597818084828e-06,0.0007970749647938646
6742,0.0009084073899430223,0.0011975578017882071,7.563085447907656e-06,0.0007970749647938646
6743,0.0011423871110309847,0.0011121786665171385,7.56057226325702e-06,0.0007970749647938646
6744,0.001020888434140943,0.0008970300405053422,7.558058265125088e-06,0.0007970749647938646
6745,0.0008908717572921887,0.0010012757775257342,7.555543454504347e-06,0.0007970749647938646
6746,0.001175447199784685,0.0008932171913329512,7.5530278323876045e-06,0.0007970749647938646
6747,0.0010794014524435624,0.0010360637461417355,7.550511399767987e-06,0.0007970749647938646
6748,0.001093451319320593,0.0010948350172839127,7.547994157638942e-06,0.0007970749647938646
6749,0.0010703830848797224,0.0007462930807378143,7.5454761069942375e-06,0.0007970749647938646
6750,0.0009768173622433096,0.0010317677442799322,7.542957248827961e-06,0.0007462930807378143
6751,0.0009844192754826508,0.0011024478080798872,7.540437584134516e-06,0.0007462930807378143
6752,0.0010752753732958809,0.001117872554459609,7.5379171139086275e-06,0.0007462930807378143
6753,0.0009633051085984334,0.0013449596663122065,7.535395839145336e-06,0.0007462930807378143
6754,0.0010130956507055089,0.0009249081340385601,7.532873760840003e-06,0.0007462930807378143
6755,0.0011668530787574127,0.0010624770657159388,7.530350879988304e-06,0.0007462930807378143
6756,0.0010900073684751987,0.0012927761054015718,7.52782719758623e-06,0.0007462930807378143
6757,0.0009602346108295023,0.001284552585275378,7.525302714630094e-06,0.0007462930807378143
6758,0.0012538873706944287,0.0010414544958621264,7.522777432116522e-06,0.0007462930807378143
6759,0.0009055673654074781,0.0010724986350396648,7.520251351042453e-06,0.0007462930807378143
6760,0.0011289158937870525,0.0010284684612997808,7.517724472405147e-06,0.0007462930807378143
6761,0.0009813212891458534,0.0010650251642800868,7.515196797202171e-06,0.0007462930807378143
6762,0.0008801891526672989,0.0011147010081913322,7.5126683264314165e-06,0.0007462930807378143
6763,0.0010554514665273018,0.0010071601427625865,7.5101390610910785e-06,0.0007462930807378143
6764,0.0009988885358325206,0.0010043027505162172,7.507609002179677e-06,0.0007462930807378143
6765,0.0010788037252495997,0.0009729196972330101,7.505078150696035e-06,0.0007462930807378143
6766,0.0009358085226267576,0.0008883985065040179,7.5025465076392905e-06,0.0007462930807378143
6767,0.001109088960220106,0.0013959241987322457,7.500014074008902e-06,0.0007462930807378143
6768,0.0011239894956815988,0.0008887993753887713,7.49748085080463e-06,0.0007462930807378143
6769,0.0010406688961666077,0.001166677706351038,7.494946839026554e-06,0.0007462930807378143
6770,0.0009954187989933416,0.0010711604118114337,7.492412039675058e-06,0.0007462930807378143
6771,0.0013272794021759182,0.0010506410908419639,7.489876453750842e-06,0.0007462930807378143
6772,0.0009595438532414846,0.0011934545836993493,7.487340082254917e-06,0.0007462930807378143
6773,0.0010766977720777504,0.0011156117980135605,7.484802926188598e-06,0.0007462930807378143
6774,0.0010562002134975046,0.0010498598639969714,7.482264986553522e-06,0.0007462930807378143
6775,0.0011597477932809852,0.0010688747133826837,7.479726264351619e-06,0.0007462930807378143
6776,0.0009690765291452408,0.0009653009692556225,7.477186760585139e-06,0.0007462930807378143
6777,0.0008288861718028784,0.001145698392065242,7.474646476256642e-06,0.0007462930807378143
6778,0.0009854385934886523,0.0009498608487774618,7.472105412368984e-06,0.0007462930807378143
6779,0.001090465644665528,0.0009165520896203816,7.469563569925345e-06,0.0007462930807378143
6780,0.000885727844433859,0.0011112342981505208,7.467020949929198e-06,0.0007462930807378143
6781,0.0011447075885371305,0.001223728984768968,7.464477553384334e-06,0.0007462930807378143
6782,0.0010758060088846833,0.0009534621785860509,7.4619333812948415e-06,0.0007462930807378143
6783,0.0008737530806683935,0.0011768534532166086,7.459388434665122e-06,0.0007462930807378143
6784,0.001493647476308979,0.001059834030456841,7.4568427144998766e-06,0.0007462930807378143
6785,0.0010032424033852294,0.0012445153552107513,7.454296221804122e-06,0.0007462930807378143
6786,0.0010612307014525868,0.0009153823048109189,7.451748957583166e-06,0.0007462930807378143
6787,0.0010886532763834111,0.0009379272742080502,7.449200922842633e-06,0.0007462930807378143
6788,0.0010878079192480072,0.001003690565994475,7.446652118588444e-06,0.0007462930807378143
6789,0.0008797347763902508,0.0010669796101865359,7.444102545826828e-06,0.0007462930807378143
6790,0.0010479134070919827,0.0009900301083689556,7.4415522055643156e-06,0.0007462930807378143
6791,0.0010869579709833488,0.001185467088362202,7.439001098807741e-06,0.0007462930807378143
6792,0.0009988875171984546,0.0009826498280745,7.43644922656424e-06,0.0007462930807378143
6793,0.0011104433360742405,0.0009951149258995429,7.433896589841253e-06,0.0007462930807378143
6794,0.0009055986010935158,0.001140636384661775,7.431343189646517e-06,0.0007462930807378143
6795,0.0009392063147970475,0.0009456475163460709,7.428789026988078e-06,0.0007462930807378143
6796,0.0010630178076098673,0.001014270463201683,7.426234102874276e-06,0.0007462930807378143
6797,0.0008670532697578892,0.0011458900044090115,7.423678418313756e-06,0.0007462930807378143
6798,0.0010107584676006809,0.0009089043305721134,7.421121974315465e-06,0.0007462930807378143
6799,0.0009725870113470592,0.0010886972086154856,7.41856477188864e-06,0.0007462930807378143
6800,0.0011048988599213772,0.0010913466321653686,7.416006812042827e-06,0.0007462930807378143
6801,0.0010291454018442892,0.001026908852509223,7.41344809578787e-06,0.0007462930807378143
6802,0.001048871701641474,0.0010746717380243354,7.410888624133906e-06,0.0007462930807378143
6803,0.001039909380779136,0.0010987496571033262,7.408328398091377e-06,0.0007462930807378143
6804,0.0009685377372079529,0.000967371444858145,7.405767418671019e-06,0.0007462930807378143
6805,0.0014388211129698902,0.0010163089318666607,7.403205686883865e-06,0.0007462930807378143
6806,0.0009873455201159231,0.0009515919737168588,7.400643203741247e-06,0.0007462930807378143
6807,0.0011461760077509098,0.0010329197975806892,7.398079970254793e-06,0.0007462930807378143
6808,0.0012207815234432928,0.0012119092716602609,7.395515987436427e-06,0.0007462930807378143
6809,0.0011568474292289466,0.0010171734174946323,7.392951256298366e-06,0.0007462930807378143
6810,0.0010496957111172378,0.0008240236056735739,7.390385777853129e-06,0.0007462930807378143
6811,0.0009124721036641859,0.001077190594514832,7.3878195531135235e-06,0.0007462930807378143
6812,0.0010646177906892262,0.0010469021508470178,7.3852525830926585e-06,0.0007462930807378143
6813,0.0010271366481902078,0.0010287859186064452,7.382684868803929e-06,0.0007462930807378143
6814,0.0010577467328403145,0.0009962947078747675,7.380116411261028e-06,0.0007462930807378143
6815,0.00100285341613926,0.0009704140175017528,7.3775472114779455e-06,0.0007462930807378143
6816,0.0011200187727808952,0.00106832471647067,7.374977270468957e-06,0.0007462930807378143
6817,0.0010005025469581597,0.0008614885809947737,7.372406589248635e-06,0.0007462930807378143
6818,0.0008503601347911172,0.0008826928533380851,7.369835168831846e-06,0.0007462930807378143
6819,0.0010325001640012488,0.0012226944745634682,7.3672630102337456e-06,0.0007462930807378143
6820,0.0011728492099791765,0.0011517642633407377,7.364690114469779e-06,0.0007462930807378143
6821,0.0008510556071996689,0.0009142223498201929,7.362116482555687e-06,0.0007462930807378143
6822,0.000926781605812721,0.0010316617117496207,7.359542115507497e-06,0.0007462930807378143
6823,0.0010476104725967161,0.00111314812238561,7.3569670143415305e-06,0.0007462930807378143
6824,0.000994199981505517,0.000973555026575923,7.354391180074394e-06,0.0007462930807378143
6825,0.0008968825859483331,0.0009314791750512086,7.35181461372299e-06,0.0007462930807378143
6826,0.001172746495285537,0.0010128321155207232,7.349237316304502e-06,0.0007462930807378143
6827,0.0009281542952521704,0.0010187126899836585,7.346659288836409e-06,0.0007462930807378143
6828,0.001139586529461667,0.0010187833104282618,7.344080532336472e-06,0.0007462930807378143
6829,0.001195600831124466,0.000953469418163877,7.341501047822747e-06,0.0007462930807378143
6830,0.0010444046711199917,0.0010868268727790564,7.338920836313571e-06,0.0007462930807378143
6831,0.0009758414380485192,0.0011188286080141552,7.336339898827572e-06,0.0007462930807378143
6832,0.000806893665867392,0.001030943836667575,7.333758236383664e-06,0.0007462930807378143
6833,0.00116662716754945,0.0011754448714782484,7.331175850001044e-06,0.0007462930807378143
6834,0.0010253352375002578,0.001135801117925439,7.3285927406991985e-06,0.0007462930807378143
6835,0.0009600066259736195,0.0010639296669978648,7.326008909497899e-06,0.0007462930807378143
6836,0.000990422980976291,0.0010367078939452767,7.323424357417201e-06,0.0007462930807378143
6837,0.0010185514693148434,0.0009350417967652902,7.320839085477445e-06,0.0007462930807378143
6838,0.0009368331811856478,0.001009486397379078,7.318253094699253e-06,0.0007462930807378143
6839,0.0009402240684721619,0.0013879027173970826,7.315666386103535e-06,0.0007462930807378143
6840,0.0009226266702171415,0.0009439991554245353,7.313078960711482e-06,0.0007462930807378143
6841,0.0009730792953632772,0.000998215953586623,7.31049081954457e-06,0.0007462930807378143
6842,0.000908692461962346,0.0010766516861622222,7.307901963624553e-06,0.0007462930807378143
6843,0.0010477979813003913,0.0011049570530303754,7.305312393973476e-06,0.0007462930807378143
6844,0.0008710468391655013,0.0009966100114979781,7.302722111613652e-06,0.0007462930807378143
6845,0.0011620702571235597,0.0008726939486223273,7.3001311175676915e-06,0.0007462930807378143
6846,0.0009264942273148336,0.0009608570762793534,7.297539412858474e-06,0.0007462930807378143
6847,0.0009559106692904606,0.00104942535108421,7.2949469985091615e-06,0.0007462930807378143
6848,0.000987050989351701,0.0010273632797179744,7.292353875543203e-06,0.0007462930807378143
6849,0.0010994220210704952,0.000950268040469382,7.289760044984319e-06,0.0007462930807378143
6850,0.0008826308039715514,0.0010305061878170818,7.287165507856513e-06,0.0007462930807378143
6851,0.0009373257053084671,0.0008905953436624259,7.2845702651840684e-06,0.0007462930807378143
6852,0.0008823812822811306,0.0010706423563533463,7.281974317991545e-06,0.0007462930807378143
6853,0.0009557824159855954,0.0008523115029674955,7.279377667303781e-06,0.0007462930807378143
6854,0.000982601173745934,0.0010723170562414452,7.276780314145895e-06,0.0007462930807378143
6855,0.0010202820412814617,0.0010413119453005493,7.27418225954328e-06,0.0007462930807378143
6856,0.0010721131402533501,0.001010624306218233,7.271583504521606e-06,0.0007462930807378143
6857,0.0009656901893322356,0.0009337290612165816,7.268984050106821e-06,0.0007462930807378143
6858,0.0011189687429578044,0.0010900574779952876,7.266383897325148e-06,0.0007462930807378143
6859,0.0010252022184431553,0.0012747511282213964,7.263783047203086e-06,0.0007462930807378143
6860,0.0010651343254721723,0.001026847690809518,7.261181500767412e-06,0.0007462930807378143
6861,0.0011163040471728891,0.0009098236332647502,7.258579259045172e-06,0.0007462930807378143
6862,0.0009303043625550345,0.0009637784896767698,7.2559763230636895e-06,0.0007462930807378143
6863,0.0009624016747693531,0.0011503926289151423,7.253372693850567e-06,0.0007462930807378143
6864,0.0009566996814101003,0.0009345423095510341,7.250768372433671e-06,0.0007462930807378143
6865,0.0010418307065265253,0.0009826386303757317,7.248163359841148e-06,0.0007462930807378143
6866,0.0010419765749247745,0.0012095886122551747,7.2455576571014175e-06,0.0007462930807378143
6867,0.0008408588837482966,0.0010177719232160598,7.2429512652431676e-06,0.0007462930807378143
6868,0.0010851805564016104,0.0011888405788340606,7.240344185295362e-06,0.0007462930807378143
6869,0.0012102782784495503,0.0012916278283228166,7.237736418287231e-06,0.0007462930807378143
6870,0.0009028564236359671,0.0011447886936366558,7.235127965248286e-06,0.0007462930807378143
6871,0.001064589734596666,0.0009630830536480062,7.2325188272082985e-06,0.0007462930807378143
6872,0.0009866165128187276,0.0010152040413231589,7.229909005197314e-06,0.0007462930807378143
6873,0.0011116874156869017,0.001140126791142393,7.227298500245652e-06,0.0007462930807378143
6874,0.0009800964980968274,0.0010154774572583847,7.224687313383896e-06,0.0007462930807378143
6875,0.0009206404283759184,0.0010758581047412008,7.222075445642905e-06,0.0007462930807378143
6876,0.0013224718932178803,0.0010037016836577095,7.219462898053799e-06,0.0007462930807378143
6877,0.0010241088166367263,0.0011531050913617946,7.216849671647971e-06,0.0007462930807378143
6878,0.0011501342814881355,0.000917254808882717,7.214235767457084e-06,0.0007462930807378143
6879,0.001187015739560593,0.001240053570654709,7.211621186513063e-06,0.0007462930807378143
6880,0.0010076706603285857,0.0009951501633622684,7.209005929848106e-06,0.0007462930807378143
6881,0.0009989947284338996,0.0010153039766009897,7.206389998494672e-06,0.0007462930807378143
6882,0.0009468077987548895,0.0010257478279527277,7.203773393485491e-06,0.0007462930807378143
6883,0.0008706767112016678,0.0010739328936324455,7.201156115853556e-06,0.0007462930807378143
6884,0.0011728447279892862,0.0009457326959818602,7.1985381666321275e-06,0.0007462930807378143
6885,0.0011152204679092392,0.001019428724248428,7.195919546854732e-06,0.0007462930807378143
6886,0.0010922491055680439,0.0011014832343789749,7.193300257555158e-06,0.0007462930807378143
6887,0.0011704038042807952,0.0011287213856121525,7.190680299767458e-06,0.0007462930807378143
6888,0.0008885029965313151,0.0011023545084754005,7.188059674525951e-06,0.0007462930807378143
6889,0.0010089930583490059,0.0010742122613009997,7.1854383828652174e-06,0.0007462930807378143
6890,0.0013200878383941017,0.0010262192954542115,7.182816425820102e-06,0.0007462930807378143
6891,0.001309754756221082,0.0010223488861811347,7.180193804425713e-06,0.0007462930807378143
6892,0.0011117942704004236,0.0009644945748732425,7.177570519717421e-06,0.0007462930807378143
6893,0.0012675257312366739,0.00102210181648843,7.1749465727308536e-06,0.0007462930807378143
6894,0.0010469057233422063,0.0013426135992631316,7.172321964501904e-06,0.0007462930807378143
6895,0.0010914533995673992,0.0009054974725586362,7.16969669606673e-06,0.0007462930807378143
6896,0.0010227856619167142,0.0011021731625078246,7.167070768461743e-06,0.0007462930807378143
6897,0.0012272126841708086,0.0009169894328806549,7.164444182723617e-06,0.0007462930807378143
6898,0.0008926792434067465,0.0009526827052468434,7.161816939889287e-06,0.0007462930807378143
6899,0.0010497577386558987,0.000954627845203504,7.159189040995948e-06,0.0007462930807378143
6900,0.0008357728729606606,0.0008592195590608753,7.156560487081052e-06,0.0007462930807378143
6901,0.000962867692578584,0.000952306785620749,7.153931279182309e-06,0.0007462930807378143
6902,0.000981322729785461,0.0012243165547261015,7.151301418337692e-06,0.0007462930807378143
6903,0.0010189418535446748,0.0012174810326541774,7.148670905585426e-06,0.0007462930807378143
6904,0.000977228868578095,0.0010880114205065183,7.146039741963996e-06,0.0007462930807378143
6905,0.0010471024579601362,0.0010519044517423026,7.143407928512146e-06,0.0007462930807378143
6906,0.0011454728301032446,0.0010387424554210156,7.140775466268872e-06,0.0007462930807378143
6907,0.0010631519617163576,0.0009829590489971451,7.138142356273427e-06,0.0007462930807378143
6908,0.0008872277394402772,0.0010944035166176036,7.1355085995653226e-06,0.0007462930807378143
6909,0.0009883073944365606,0.0009201444481732324,7.1328741971843265e-06,0.0007462930807378143
6910,0.0008506269005010836,0.0009257082347176038,7.130239150170456e-06,0.0007462930807378143
6911,0.0010094249228131957,0.0009285563646699302,7.127603459563988e-06,0.0007462930807378143
6912,0.0009509558440186083,0.0010765195038402453,7.124967126405449e-06,0.0007462930807378143
6913,0.0008780639982433058,0.0009061796808964573,7.122330151735624e-06,0.0007462930807378143
6914,0.0009526117210043594,0.0011497813829919323,7.119692536595549e-06,0.0007462930807378143
6915,0.0010217799426754937,0.0009465084222028963,7.117054282026509e-06,0.0007462930807378143
6916,0.000835151098726783,0.0009518967126496136,7.1144153890700495e-06,0.0007462930807378143
6917,0.0009694114996818826,0.0009602778736734763,7.111775858767959e-06,0.0007462930807378143
6918,0.001074705556675326,0.0009781831249711104,7.109135692162289e-06,0.0007462930807378143
6919,0.0008483127821818925,0.000925822023418732,7.10649489029533e-06,0.0007462930807378143
6920,0.000977620336925611,0.0009588149114279076,7.103853454209629e-06,0.0007462930807378143
6921,0.0011183254173374735,0.0009308270091423765,7.1012113849479845e-06,0.0007462930807378143
6922,0.0010030663397628814,0.0009279306323151104,7.098568683553445e-06,0.0007462930807378143
6923,0.001211870439874474,0.0011810758878709748,7.095925351069306e-06,0.0007462930807378143
6924,0.0012015951433568262,0.0010583248658804223,7.093281388539112e-06,0.0007462930807378143
6925,0.0009588290122337639,0.0010602306356304325,7.0906367970066576e-06,0.0007462930807378143
6926,0.001149589690612629,0.0009792609926080331,7.087991577515987e-06,0.0007462930807378143
6927,0.0010683188374969177,0.0010863048664759845,7.0853457311113905e-06,0.0007462930807378143
6928,0.0010410515023977496,0.0011152436709380709,7.0826992588374086e-06,0.0007462930807378143
6929,0.0011298434328637086,0.0010650151598383673,7.0800521617388226e-06,0.0007462930807378143
6930,0.0011887528089573607,0.0010501988217583857,7.077404440860666e-06,0.0007462930807378143
6931,0.0011074782596551813,0.0013258501858217642,7.074756097248219e-06,0.0007462930807378143
6932,0.0010285627940902486,0.001294810681429226,7.072107131947002e-06,0.0007462930807378143
6933,0.001046746525389608,0.0009928706713253632,7.069457546002787e-06,0.0007462930807378143
6934,0.001062929855834227,0.0010083666420541704,7.066807340461589e-06,0.0007462930807378143
6935,0.0009954828710760921,0.00118252190441126,7.064156516369666e-06,0.0007462930807378143
6936,0.0011880504389409907,0.0011374747555237263,7.061505074773523e-06,0.0007462930807378143
6937,0.0011485662034829147,0.0009057813949766569,7.0588530167199044e-06,0.0007462930807378143
6938,0.0011818747370853089,0.0010890922567341477,7.056200343255804e-06,0.0007462930807378143
6939,0.0009426842152606696,0.0009415255626663566,7.053547055428452e-06,0.0007462930807378143
6940,0.0009828966794884764,0.0010962621090584435,7.0508931542853265e-06,0.0007462930807378143
6941,0.000979032258328516,0.0009485343980486505,7.048238640874146e-06,0.0007462930807378143
6942,0.0009606322491890751,0.0010498116462258622,7.045583516242867e-06,0.0007462930807378143
6943,0.0012403699074639007,0.0009699737856863067,7.0429277814396955e-06,0.0007462930807378143
6944,0.0009518504666630179,0.0009832010982790962,7.040271437513071e-06,0.0007462930807378143
6945,0.0010997035933542065,0.0010345856280764565,7.037614485511676e-06,0.0007462930807378143
6946,0.0008984796731965616,0.000872264092322439,7.034956926484432e-06,0.0007462930807378143
6947,0.0008826316625345498,0.0009991887491196394,7.032298761480504e-06,0.0007462930807378143
6948,0.0009964441123884171,0.0010056476967292838,7.029639991549292e-06,0.0007462930807378143
6949,0.0010946686015813611,0.0009492262106505223,7.026980617740433e-06,0.0007462930807378143
6950,0.0011809590287157334,0.001126783958170563,7.024320641103813e-06,0.0007462930807378143
6951,0.000946293213928584,0.0012125742578064092,7.021660062689542e-06,0.0007462930807378143
6952,0.0010328836942790076,0.0015354882780229673,7.0189988835479764e-06,0.0007462930807378143
6953,0.001207057102874387,0.0012610838166438043,7.016337104729709e-06,0.0007462930807378143
6954,0.0010222095297649503,0.001168179303931538,7.013674727285566e-06,0.0007462930807378143
6955,0.0011614700051723048,0.0010714484305935912,7.011011752266613e-06,0.0007462930807378143
6956,0.0010173682749154978,0.0010420108519610949,7.008348180724151e-06,0.0007462930807378143
6957,0.0010985718472511508,0.000932441784243565,7.005684013709714e-06,0.0007462930807378143
6958,0.0012322949769441038,0.001064185875293333,7.0030192522750744e-06,0.0007462930807378143
6959,0.0008719763209228404,0.0010180013123317622,7.000353897472236e-06,0.0007462930807378143
6960,0.0011169227655045688,0.0009412929866812192,6.99768795035344e-06,0.0007462930807378143
6961,0.0009161840498563834,0.001007556616968941,6.995021411971161e-06,0.0007462930807378143
6962,0.0007635887959622778,0.0011189132274012081,6.992354283378105e-06,0.0007462930807378143
6963,0.001056628389051184,0.0011586723776417784,6.989686565627211e-06,0.0007462930807378143
6964,0.0012514615300460719,0.0009558200908941217,6.987018259771656e-06,0.0007462930807378143
6965,0.00096339075389551,0.0010021100824815221,6.9843493668648375e-06,0.0007462930807378143
6966,0.0010586252610664815,0.0008313252474181354,6.981679887960401e-06,0.0007462930807378143
6967,0.0010657237144187093,0.001037323017953895,6.979009824112205e-06,0.0007462930807378143
6968,0.001070129917934537,0.0009165349838440306,6.976339176374358e-06,0.0007462930807378143
6969,0.0009105832286877558,0.0008989355701487511,6.973667945801184e-06,0.0007462930807378143
6970,0.000991430031717755,0.0008649094743304886,6.970996133447241e-06,0.0007462930807378143
6971,0.0010556425258982927,0.0009607277897885069,6.9683237403673234e-06,0.0007462930807378143
6972,0.0014038367080502212,0.0010332295642001554,6.965650767616446e-06,0.0007462930807378143
6973,0.000994751950202044,0.0010675753583200276,6.962977216249856e-06,0.0007462930807378143
6974,0.0009840346610872075,0.0009599805562174879,6.96030308732303e-06,0.0007462930807378143
6975,0.0010264054071740247,0.0010248375037917867,6.957628381891673e-06,0.0007462930807378143
6976,0.0012390259362291545,0.0011572090370464139,6.954953101011715e-06,0.0007462930807378143
6977,0.0012060447843396105,0.0012807566017727368,6.952277245739315e-06,0.0007462930807378143
6978,0.0010163307742914185,0.0011750854173442349,6.949600817130857e-06,0.0007462930807378143
6979,0.0012993215859751217,0.001119845503126271,6.946923816242953e-06,0.0007462930807378143
6980,0.0011088966348324902,0.0011642240642686374,6.944246244132442e-06,0.0007462930807378143
6981,0.0009311143148806877,0.0010614347265800461,6.941568101856388e-06,0.0007462930807378143
6982,0.0010167731234105304,0.001056524648447521,6.938889390472076e-06,0.0007462930807378143
6983,0.0009537683799862862,0.0010721669532358646,6.936210111037021e-06,0.0007462930807378143
6984,0.0009637279435992241,0.0010166799183934927,6.9335302646089585e-06,0.0007462930807378143
6985,0.0009725431809783913,0.000987046216323506,6.930849852245849e-06,0.0007462930807378143
6986,0.0009656955735408701,0.0009234996396116912,6.92816887500588e-06,0.0007462930807378143
6987,0.0009432643200852908,0.0012523833065642975,6.925487333947457e-06,0.0007462930807378143
6988,0.0011897671211045235,0.0009790059411898255,6.922805230129209e-06,0.0007462930807378143
6989,0.0008799290662864223,0.0008166303668986075,6.920122564609989e-06,0.0007462930807378143
6990,0.0008771382053964771,0.0009375628651469015,6.917439338448873e-06,0.0007462930807378143
6991,0.00097277520399075,0.0010459712211741135,6.9147555527051515e-06,0.0007462930807378143
6992,0.0008414532130700536,0.0011936667578993365,6.912071208438344e-06,0.0007462930807378143
6993,0.0009581181875546463,0.0010114822507603094,6.909386306708186e-06,0.0007462930807378143
6994,0.0009024869723361917,0.0009943513869075105,6.9067008485746365e-06,0.0007462930807378143
6995,0.0009749139935593121,0.0010319045395590365,6.904014835097867e-06,0.0007462930807378143
6996,0.0010122370513272472,0.0010590992314973846,6.901328267338278e-06,0.0007462930807378143
6997,0.0011411503874114715,0.0009128031670115888,6.898641146356481e-06,0.0007462930807378143
6998,0.0009187918694806285,0.001021420037432108,6.895953473213309e-06,0.0007462930807378143
6999,0.0009669108694652095,0.0012264359975233674,6.893265248969815e-06,0.0007462930807378143
7000,0.0009603984290151857,0.001150913791207131,6.8905764746872645e-06,0.0007462930807378143
7001,0.001043155963998288,0.0011268066518823616,6.8878871514271446e-06,0.0007462930807378143
7002,0.0011491164841572754,0.0009694508626125753,6.885197280251157e-06,0.0007462930807378143
7003,0.001076719221600797,0.0009437238186364993,6.882506862221219e-06,0.0007462930807378143
7004,0.0009906538980430923,0.0009110935425269417,6.8798158983994705e-06,0.0007462930807378143
7005,0.0011989236154477112,0.0008894871498341672,6.8771243898482536e-06,0.0007462930807378143
7006,0.0010720714999479242,0.0010248181206407025,6.874432337630139e-06,0.0007462930807378143
7007,0.0010647456801962107,0.001173206364910584,6.871739742807905e-06,0.0007462930807378143
7008,0.0008835380285745487,0.0011042319965781644,6.869046606444542e-06,0.0007462930807378143
7009,0.0009913184912875295,0.001196640427224338,6.866352929603262e-06,0.0007462930807378143
7010,0.0009072977045434527,0.0011446341522969306,6.863658713347484e-06,0.0007462930807378143
7011,0.0009285338455811143,0.0009044570870173629,6.860963958740841e-06,0.0007462930807378143
7012,0.001183051361294929,0.0009097641304833815,6.858268666847183e-06,0.0007462930807378143
7013,0.0010930321441264823,0.0009453664752072655,6.855572838730563e-06,0.0007462930807378143
7014,0.0010946762558887713,0.001169637733255513,6.852876475455258e-06,0.0007462930807378143
7015,0.001158487364591565,0.001027447753585875,6.850179578085743e-06,0.0007462930807378143
7016,0.0009987827143049799,0.0011005617197952233,6.847482147686716e-06,0.0007462930807378143
7017,0.0012659877393161878,0.000779819929448422,6.844784185323076e-06,0.0007462930807378143
7018,0.0009538114682072774,0.0011193913742317818,6.8420856920599355e-06,0.0007462930807378143
7019,0.0010809807281475514,0.0009107726364163682,6.8393866689626195e-06,0.0007462930807378143
7020,0.001106049690861255,0.0010343790636397898,6.8366871170966565e-06,0.0007462930807378143
7021,0.001075267486157827,0.00111152035970008,6.833987037527792e-06,0.0007462930807378143
7022,0.0010999010119121522,0.0012675593025051057,6.8312864313219705e-06,0.0007462930807378143
7023,0.0010106549598276615,0.001066270997398533,6.828585299545348e-06,0.0007462930807378143
7024,0.0009302399557782337,0.0010274231099174358,6.82588364326429e-06,0.0007462930807378143
7025,0.001167471935332287,0.0009729332668939605,6.823181463545368e-06,0.0007462930807378143
7026,0.0010244776640320197,0.0010420285107102245,6.820478761455359e-06,0.0007462930807378143
7027,0.0010601928079267964,0.0009879261997411959,6.817775538061248e-06,0.0007462930807378143
7028,0.0009281241218559444,0.0008668927985127084,6.815071794430225e-06,0.0007462930807378143
7029,0.001137425824708771,0.0011750611884053797,6.812367531629683e-06,0.0007462930807378143
7030,0.0010085015092045069,0.0011229332449147478,6.8096627507272235e-06,0.0007462930807378143
7031,0.0009994605497922748,0.001013300454360433,6.806957452790652e-06,0.0007462930807378143
7032,0.0011093285356764682,0.0011300655824015848,6.804251638887975e-06,0.0007462930807378143
7033,0.0011233419936615974,0.001228871195053216,6.801545310087407e-06,0.0007462930807378143
7034,0.0011267093505011871,0.001262162288185209,6.798838467457364e-06,0.0007462930807378143
7035,0.0011560251150513068,0.0013160577000235207,6.796131112066463e-06,0.0007462930807378143
7036,0.00123603583779186,0.001190830058476422,6.793423244983524e-06,0.0007462930807378143
7037,0.0010495298120076768,0.0011107490136055276,6.790714867277574e-06,0.0007462930807378143
7038,0.0010196033399552107,0.000951789814280346,6.788005980017834e-06,0.0007462930807378143
7039,0.0009205803798977286,0.0009968274971470237,6.785296584273732e-06,0.0007462930807378143
7040,0.0011111443309346214,0.0009665936304372735,6.782586681114894e-06,0.0007462930807378143
7041,0.0011306895976304077,0.001154215366113931,6.779876271611144e-06,0.0007462930807378143
7042,0.0010627575538819656,0.0010489093765500002,6.777165356832515e-06,0.0007462930807378143
7043,0.0010619899476296268,0.0010656038430170156,6.774453937849227e-06,0.0007462930807378143
7044,0.0009288023866247386,0.0010293133309460245,6.771742015731709e-06,0.0007462930807378143
7045,0.0012035789404762909,0.00097056501545012,6.769029591550582e-06,0.0007462930807378143
7046,0.0009352249981020577,0.0010249482147628441,6.766316666376673e-06,0.0007462930807378143
7047,0.0009290638263337314,0.0008420990052400157,6.7636032412809965e-06,0.0007462930807378143
7048,0.001034352091664914,0.0009148510653176345,6.760889317334771e-06,0.0007462930807378143
7049,0.0009456393745495006,0.0010215396614512429,6.758174895609414e-06,0.0007462930807378143
7050,0.0010229992985841818,0.0009307445288868621,6.755459977176532e-06,0.0007462930807378143
7051,0.0011049581225961447,0.0010482513534952886,6.752744563107935e-06,0.0007462930807378143
7052,0.0010844009448192082,0.0007691085411352105,6.750028654475624e-06,0.0007462930807378143
7053,0.0011474783241283149,0.0010968023270834237,6.7473122523517945e-06,0.0007462930807378143
7054,0.0010814873749040999,0.0011022760445484892,6.744595357808844e-06,0.0007462930807378143
7055,0.0009671809748397209,0.0011279881437076256,6.741877971919357e-06,0.0007462930807378143
7056,0.0010424915599287488,0.0010227622115053236,6.739160095756113e-06,0.0007462930807378143
7057,0.0010545325276325457,0.0011471457182778977,6.736441730392088e-06,0.0007462930807378143
7058,0.0009931739114108495,0.0009908670326694846,6.7337228769004485e-06,0.0007462930807378143
7059,0.0013626741638290696,0.0010201473196502775,6.7310035363545575e-06,0.0007462930807378143
7060,0.0010162854741793126,0.0008793026136117987,6.728283709827965e-06,0.0007462930807378143
7061,0.0010965297333314084,0.0010905173840001225,6.725563398394414e-06,0.0007462930807378143
7062,0.0010667866008589044,0.0010674614022718742,6.722842603127844e-06,0.0007462930807378143
7063,0.0008859507288434543,0.0011259265593253076,6.720121325102381e-06,0.0007462930807378143
7064,0.0008717304517631419,0.0009647558472352102,6.7173995653923425e-06,0.0007462930807378143
7065,0.0012068402211298235,0.0011152772713103332,6.714677325072235e-06,0.0007462930807378143
7066,0.0010610493263811804,0.001138798557803966,6.711954605216754e-06,0.0007462930807378143
7067,0.000908756883291062,0.0010722376973717473,6.709231406900791e-06,0.0007462930807378143
7068,0.001361747767077759,0.0009092549298657104,6.706507731199418e-06,0.0007462930807378143
7069,0.000971073932305444,0.0013000773469684646,6.703783579187901e-06,0.0007462930807378143
7070,0.0012668570925598033,0.0010867101154872216,6.7010589519416905e-06,0.0007462930807378143
7071,0.001000887859845534,0.0012677164777414873,6.6983338505364265e-06,0.0007462930807378143
7072,0.0010093580567627214,0.0009500356609351002,6.695608276047937e-06,0.0007462930807378143
7073,0.001131243676354643,0.0010226970916846767,6.692882229552235e-06,0.0007462930807378143
7074,0.0011298342724330723,0.0012244398458278738,6.6901557121255195e-06,0.0007462930807378143
7075,0.0010199082680628635,0.0009082711476366967,6.687428724844179e-06,0.0007462930807378143
7076,0.0010775857808766887,0.001040674454998225,6.684701268784781e-06,0.0007462930807378143
7077,0.0010135358024854213,0.0010382156033301726,6.681973345024086e-06,0.0007462930807378143
7078,0.0010842926203622483,0.0009680693474365398,6.679244954639031e-06,0.0007462930807378143
7079,0.0011219346124562435,0.0011200768276466988,6.676516098706745e-06,0.0007462930807378143
7080,0.0010363958863308653,0.0009128762758336961,6.673786778304537e-06,0.0007462930807378143
7081,0.0009210133212036453,0.0009134906649705954,6.671056994509895e-06,0.0007462930807378143
7082,0.0008884062626748346,0.0008712619091966189,6.6683267484005e-06,0.0007462930807378143
7083,0.0009642330478527583,0.001079493304132484,6.665596041054206e-06,0.0007462930807378143
7084,0.0009307847067248076,0.001123161637224257,6.662864873549056e-06,0.0007462930807378143
7085,0.0009088999722735025,0.0009251814408344217,6.66013324696327e-06,0.0007462930807378143
7086,0.001026325327984523,0.0011448746008682065,6.65740116237525e-06,0.0007462930807378143
7087,0.0009022468148032203,0.0014193838069331832,6.6546686208635815e-06,0.0007462930807378143
7088,0.0009929804436978884,0.0010458631368237548,6.651935623507028e-06,0.0007462930807378143
7089,0.0009190335840685293,0.0010818616356118582,6.649202171384533e-06,0.0007462930807378143
7090,0.0010311802034266293,0.0008758339608903043,6.646468265575221e-06,0.0007462930807378143
7091,0.0009771177792572416,0.0011465586358099245,6.643733907158394e-06,0.0007462930807378143
7092,0.0008347177354153246,0.0011203268950339407,6.640999097213533e-06,0.0007462930807378143
7093,0.001277421812119428,0.001329623868514318,6.638263836820299e-06,0.0007462930807378143
7094,0.0009863235100056045,0.000983001766144298,6.6355281270585294e-06,0.0007462930807378143
7095,0.0011178508575540036,0.0010087582777487114,6.6327919690082385e-06,0.0007462930807378143
7096,0.0009401641800650395,0.0010564510375843383,6.630055363749617e-06,0.0007462930807378143
7097,0.001107528732973151,0.000908194670046214,6.6273183123630345e-06,0.0007462930807378143
7098,0.001104252049117349,0.001200511418574024,6.624580815929038e-06,0.0007462930807378143
7099,0.0010371312673669308,0.001161216845503077,6.6218428755283415e-06,0.0007462930807378143
7100,0.001108520373236388,0.0009825032902881503,6.619104492241849e-06,0.0007462930807378143
7101,0.0008535003144061193,0.001015580171952024,6.616365667150621e-06,0.0007462930807378143
7102,0.0009922642493620515,0.0009047132116393186,6.613626401335911e-06,0.0007462930807378143
7103,0.0014894307096255943,0.0010031049459939823,6.610886695879133e-06,0.0007462930807378143
7104,0.000945813582802657,0.001063595940649975,6.60814655186188e-06,0.0007462930807378143
7105,0.0010132226889254525,0.0010359580628573895,6.60540597036592e-06,0.0007462930807378143
7106,0.0010312914237147197,0.0010535449982853606,6.602664952473186e-06,0.0007462930807378143
7107,0.0011145352691528387,0.001026669233397115,6.5999234992657955e-06,0.0007462930807378143
7108,0.0010159746234421618,0.0010758132484625094,6.5971816118260244e-06,0.0007462930807378143
7109,0.0010578678775345907,0.001237676595337689,6.594439291236328e-06,0.0007462930807378143
7110,0.0010843119889614172,0.0009738194858073257,6.591696538579334e-06,0.0007462930807378143
7111,0.0009780802356544882,0.0009402363066328689,6.588953354937834e-06,0.0007462930807378143
7112,0.0008912224293453619,0.0012472987291403115,6.586209741394797e-06,0.0007462930807378143
7113,0.001145207352237776,0.0011086728118243627,6.583465699033357e-06,0.0007462930807378143
7114,0.0010687414760468528,0.0009299862213083543,6.580721228936816e-06,0.0007462930807378143
7115,0.0010466124294907786,0.000923615662031807,6.577976332188649e-06,0.0007462930807378143
7116,0.000973033718764782,0.000981355071417056,6.5752310098724985e-06,0.0007462930807378143
7117,0.0010468351174495183,0.0008413655014010146,6.572485263072173e-06,0.0007462930807378143
7118,0.001026212288707029,0.0010464234364917502,6.569739092871651e-06,0.0007462930807378143
7119,0.0009168871401925571,0.0010378166261943989,6.566992500355077e-06,0.0007462930807378143
7120,0.0011338545446051285,0.0009594309231033549,6.5642454866067625e-06,0.0007462930807378143
7121,0.0010377844155300409,0.0011313657523714937,6.5614980527111815e-06,0.0007462930807378143
7122,0.0010234671499347314,0.0009934766349033453,6.558750199752982e-06,0.0007462930807378143
7123,0.001246640575118363,0.0009812067073653452,6.556001928816972e-06,0.0007462930807378143
7124,0.0011559851263882592,0.0010856793087441474,6.553253240988123e-06,0.0007462930807378143
7125,0.0012290556260268204,0.0009671035877545364,6.550504137351575e-06,0.0007462930807378143
7126,0.0011304785948595963,0.000990631480817683,6.547754618992631e-06,0.0007462930807378143
7127,0.0009978414673241787,0.001016325200907886,6.545004686996755e-06,0.0007462930807378143
7128,0.001261841767700389,0.0008729927212698385,6.54225434244958e-06,0.0007462930807378143
7129,0.000925526321225334,0.0009163562499452382,6.539503586436895e-06,0.0007462930807378143
7130,0.001068290919647552,0.0008394135802518576,6.5367524200446586e-06,0.0007462930807378143
7131,0.0009077601716853678,0.0008955319208325818,6.534000844358983e-06,0.0007462930807378143
7132,0.0010714454110711813,0.001037541514961049,6.531248860466152e-06,0.0007462930807378143
7133,0.0010875183943426237,0.0009520413659629412,6.528496469452603e-06,0.0007462930807378143
7134,0.0011360586067894474,0.0010453089635120705,6.5257436724049335e-06,0.0007462930807378143
7135,0.000969559645454865,0.0009331911787739955,6.522990470409909e-06,0.0007462930807378143
7136,0.0009572931958246045,0.0009973709093173966,6.520236864554448e-06,0.0007462930807378143
7137,0.0009322676851297729,0.0011272502015344799,6.517482855925628e-06,0.0007462930807378143
7138,0.0008988827103166841,0.0011027661603293382,6.514728445610693e-06,0.0007462930807378143
7139,0.00095496292487951,0.0010728158595156856,6.5119736346970365e-06,0.0007462930807378143
7140,0.0009828329202719033,0.0010955988909699954,6.509218424272216e-06,0.0007462930807378143
7141,0.0010677602913347073,0.0010370640666224062,6.506462815423945e-06,0.0007462930807378143
7142,0.0009840134589467198,0.001253528484085109,6.503706809240092e-06,0.0007462930807378143
7143,0.0009905297556542791,0.0011135968306916766,6.500950406808689e-06,0.0007462930807378143
7144,0.0011775662787840702,0.00108327652560547,6.498193609217914e-06,0.0007462930807378143
7145,0.0013299458732944913,0.0011198243882972747,6.4954364175561135e-06,0.0007462930807378143
7146,0.001235519870533608,0.00129737031966215,6.492678832911778e-06,0.0007462930807378143
7147,0.0012314819177845493,0.0009773559650056995,6.489920856373561e-06,0.0007462930807378143
7148,0.0009449439821764827,0.0009636649265303276,6.487162489030268e-06,0.0007462930807378143
7149,0.0009472030142205767,0.0009430064164916985,6.484403731970857e-06,0.0007462930807378143
7150,0.0009322768455604091,0.0011059431853936985,6.481644586284442e-06,0.0007462930807378143
7151,0.0008030898025026545,0.0009400380440638401,6.478885053060291e-06,0.0007462930807378143
7152,0.0012081838503945619,0.0011831735537271015,6.476125133387825e-06,0.0007462930807378143
7153,0.0010041596688097343,0.0009491144010098651,6.473364828356614e-06,0.0007462930807378143
7154,0.0010300095091224648,0.0009610270499251783,6.470604139056384e-06,0.0007462930807378143
7155,0.0010695546006900258,0.0009489813674008474,6.467843066577012e-06,0.0007462930807378143
7156,0.0012224754391354509,0.0010772752430057153,6.465081612008523e-06,0.0007462930807378143
7157,0.0008879578090272844,0.0007759047221043147,6.462319776441099e-06,0.0007462930807378143
7158,0.001070202335540671,0.0010488897387403995,6.459557560965068e-06,0.0007462930807378143
7159,0.0012431342402123846,0.0009776593578862958,6.456794966670907e-06,0.0007462930807378143
7160,0.0008961630664998665,0.000981338947894983,6.4540319946492475e-06,0.0007462930807378143
7161,0.001199575373902917,0.001302045064221602,6.451268645990864e-06,0.0007462930807378143
7162,0.0009915686096064746,0.001089940247766208,6.448504921786685e-06,0.0007462930807378143
7163,0.0011091624546679668,0.0010528598359087482,6.445740823127785e-06,0.0007462930807378143
7164,0.0010588327422738075,0.0010002189665101469,6.442976351105382e-06,0.0007462930807378143
7165,0.001047914607624989,0.0010477410978637636,6.4402115068108526e-06,0.0007462930807378143
7166,0.001059759502822999,0.0010146859713131562,6.437446291335711e-06,0.0007462930807378143
7167,0.0009478380015934817,0.00102739470457891,6.434680705771619e-06,0.0007462930807378143
7168,0.0009841598075581715,0.0011189590513822623,6.431914751210387e-06,0.0007462930807378143
7169,0.0010863977804547176,0.0008720508849364705,6.429148428743968e-06,0.0007462930807378143
7170,0.001031137209793087,0.0009953784610843286,6.426381739464467e-06,0.0007462930807378143
7171,0.0008716165757505223,0.0008189335349015892,6.423614684464125e-06,0.0007462930807378143
7172,0.0009371636551804841,0.0009602365244063549,6.420847264835332e-06,0.0007462930807378143
7173,0.0009641745346016251,0.0009239679420716129,6.418079481670625e-06,0.0007462930807378143
7174,0.0007691356586292386,0.0008342593282577582,6.415311336062674e-06,0.0007462930807378143
7175,0.001019909032038413,0.000995188755041454,6.412542829104306e-06,0.0007462930807378143
7176,0.0009534476703265682,0.001010609426884912,6.409773961888481e-06,0.0007462930807378143
7177,0.0008463733538519591,0.0009710286321933381,6.407004735508304e-06,0.0007462930807378143
7178,0.0011200751541764475,0.000946717023907695,6.404235151057021e-06,0.0007462930807378143
7179,0.0009352639390272088,0.0009313009140896611,6.401465209628019e-06,0.0007462930807378143
7180,0.0010080510837724432,0.0010019041728810407,6.398694912314831e-06,0.0007462930807378143
7181,0.0009126440636464395,0.0010253208674839698,6.395924260211125e-06,0.0007462930807378143
7182,0.0010788729414343834,0.001187447145639453,6.393153254410708e-06,0.0007462930807378143
7183,0.0012385018344502896,0.0008933491844800301,6.39038189600753e-06,0.0007462930807378143
7184,0.0011200845838175155,0.0010922146539087407,6.387610186095683e-06,0.0007462930807378143
7185,0.0010253278087475337,0.0012910969235235825,6.384838125769389e-06,0.0007462930807378143
7186,0.0009147384116658941,0.0009287632565246895,6.38206571612302e-06,0.0007462930807378143
7187,0.0010401937979622744,0.0010479055490577593,6.379292958251072e-06,0.0007462930807378143
7188,0.0009013842791318893,0.001017878828861285,6.37651985324819e-06,0.0007462930807378143
7189,0.0010309506033081561,0.0008323786532855593,6.373746402209152e-06,0.0007462930807378143
7190,0.0009905576589517295,0.0009447158663533628,6.370972606228872e-06,0.0007462930807378143
7191,0.0010151675451197661,0.0009962131225620396,6.3681984664023995e-06,0.0007462930807378143
7192,0.0011072981724282727,0.0011401695082895458,6.365423983824924e-06,0.0007462930807378143
7193,0.001246094259840902,0.0010251266648992896,6.362649159591763e-06,0.0007462930807378143
7194,0.0010681978237698786,0.0009965988647309132,6.359873994798378e-06,0.0007462930807378143
7195,0.0011777614563470706,0.000868225732119754,6.357098490540356e-06,0.0007462930807378143
7196,0.0010732834925875068,0.0009305471612606198,6.354322647913424e-06,0.0007462930807378143
7197,0.0009647045662859455,0.0008704024294274859,6.3515464680134395e-06,0.0007462930807378143
7198,0.0010530673098401166,0.0013563495522248559,6.348769951936397e-06,0.0007462930807378143
7199,0.0011234673074795865,0.0010936542312265374,6.345993100778417e-06,0.0007462930807378143
7200,0.0013929242559242994,0.001174095450551249,6.343215915635762e-06,0.0007462930807378143
7201,0.0008710976326256059,0.001073707804607693,6.340438397604816e-06,0.0007462930807378143
7202,0.0010413670024718158,0.0010478524563950486,6.3376605477821e-06,0.0007462930807378143
7203,0.0009194820813718252,0.000987188883300405,6.334882367264267e-06,0.0007462930807378143
7204,0.0010483597870916128,0.0011361259166733362,6.332103857148094e-06,0.0007462930807378143
7205,0.0009487504794378765,0.0010828622835106216,6.329325018530501e-06,0.0007462930807378143
7206,0.0009220239371643402,0.000960167933953926,6.3265458525085215e-06,0.0007462930807378143
7207,0.001049986960424576,0.0009695371409179643,6.32376636017933e-06,0.0007462930807378143
7208,0.0010907585892709903,0.0009322800324298441,6.320986542640227e-06,0.0007462930807378143
7209,0.0010666039743227884,0.0010592906837700866,6.318206400988638e-06,0.0007462930807378143
7210,0.0010559994661889505,0.0009418273402843624,6.315425936322118e-06,0.0007462930807378143
7211,0.0008240120005211793,0.0009775872676982544,6.312645149738355e-06,0.0007462930807378143
7212,0.0011211599776288494,0.0009704668045742437,6.309864042335154e-06,0.0007462930807378143
7213,0.0013099716525175609,0.0010486917162779719,6.307082615210457e-06,0.0007462930807378143
7214,0.0009288533983635716,0.001044170610839501,6.304300869462324e-06,0.0007462930807378143
7215,0.0009176319872494787,0.0009019427379826084,6.3015188061889455e-06,0.0007462930807378143
7216,0.0009703030227683485,0.0011814656318165362,6.298736426488637e-06,0.0007462930807378143
7217,0.0009825335873756558,0.0009793733988772146,6.295953731459837e-06,0.0007462930807378143
7218,0.0009185546587104909,0.0011200163862667978,6.293170722201108e-06,0.0007462930807378143
7219,0.0011231354001211002,0.001173113654658664,6.29038739981114e-06,0.0007462930807378143
7220,0.0012787617379217409,0.0010275698659825139,6.287603765388743e-06,0.0007462930807378143
7221,0.0009322700934717432,0.0010329440192435868,6.284819820032852e-06,0.0007462930807378143
7222,0.0008113562289508991,0.001200091115606483,6.282035564842526e-06,0.0007462930807378143
7223,0.0009870608118944801,0.0010149382433155552,6.279251000916946e-06,0.0007462930807378143
7224,0.0010263504736940376,0.0009304531340603717,6.276466129355411e-06,0.0007462930807378143
7225,0.0010250604609609582,0.0008764854283072054,6.273680951257342e-06,0.0007462930807378143
7226,0.0009224259192706086,0.0009811462441575713,6.270895467722289e-06,0.0007462930807378143
7227,0.0008433873517788015,0.0010249616461806,6.268109679849914e-06,0.0007462930807378143
7228,0.001030645587889012,0.0008740445191506296,6.265323588740001e-06,0.0007462930807378143
7229,0.0012985035573365167,0.0009758156520547345,6.2625371954924574e-06,0.0007462930807378143
7230,0.0011067462255596183,0.0010823328193509951,6.259750501207302e-06,0.0007462930807378143
7231,0.0011444781339378096,0.000921805934922304,6.256963506984684e-06,0.0007462930807378143
7232,0.0011996595130767673,0.0007851110931369476,6.2541762139248585e-06,0.0007462930807378143
7233,0.001021306416078005,0.0012056112391292118,6.25138862312821e-06,0.0007462930807378143
7234,0.0009991131009883247,0.0008299397741211578,6.2486007356952315e-06,0.0007462930807378143
7235,0.000908553454792127,0.0010763480822788551,6.2458125527265385e-06,0.0007462930807378143
7236,0.0010700377679313533,0.0010123109750566073,6.2430240753228606e-06,0.0007462930807378143
7237,0.0011218665822525509,0.0010839724782272242,6.2402353045850475e-06,0.0007462930807378143
7238,0.0011780671629821882,0.0009959370800061151,6.2374462416140575e-06,0.0007462930807378143
7239,0.0008591727892053314,0.0011082474957220256,6.234656887510969e-06,0.0007462930807378143
7240,0.001077061147952918,0.000983281854132656,6.231867243376977e-06,0.0007462930807378143
7241,0.0009614778828108683,0.0010158914810745046,6.229077310313388e-06,0.0007462930807378143
7242,0.0009528363007120788,0.001201800216222182,6.2262870894216234e-06,0.0007462930807378143
7243,0.0011526301605044864,0.001227902015671134,6.223496581803218e-06,0.0007462930807378143
7244,0.0008614605758339167,0.000847261879243888,6.220705788559818e-06,0.0007462930807378143
7245,0.0011711027691490017,0.0008361278232769109,6.217914710793188e-06,0.0007462930807378143
7246,0.0009676526242401451,0.0011754020815715194,6.215123349605201e-06,0.0007462930807378143
7247,0.0008866091229720041,0.0008997979239211418,6.21233170609784e-06,0.0007462930807378143
7248,0.0011905425271834247,0.0008734301445656456,6.209539781373203e-06,0.0007462930807378143
7249,0.0009019351127790287,0.0010934193414868787,6.206747576533497e-06,0.0007462930807378143
7250,0.0010240552364848554,0.0010668199829524383,6.2039550926810394e-06,0.0007462930807378143
7251,0.000996837676211726,0.001093046048481483,6.201162330918261e-06,0.0007462930807378143
7252,0.0010265606179018505,0.001051906067004893,6.1983692923476975e-06,0.0007462930807378143
7253,0.0009390977284056135,0.0008982760482467711,6.195575978071999e-06,0.0007462930807378143
7254,0.0010753321403171867,0.0010393445627414621,6.1927823891939195e-06,0.0007462930807378143
7255,0.0011468834491097368,0.0010207693194388412,6.189988526816323e-06,0.0007462930807378143
7256,0.0010987074056174606,0.0010007525706896558,6.1871943920421854e-06,0.0007462930807378143
7257,0.000839826709125191,0.0008928665483836085,6.1843999859745824e-06,0.0007462930807378143
7258,0.000873659024364315,0.0009780982145457529,6.181605309716707e-06,0.0007462930807378143
7259,0.0009753995618666522,0.0010017386011895724,6.178810364371847e-06,0.0007462930807378143
7260,0.0010475097224116325,0.0009801872220123187,6.176015151043407e-06,0.0007462930807378143
7261,0.0011707397206919268,0.0009625945313018747,6.173219670834891e-06,0.0007462930807378143
7262,0.001045719334797468,0.0009226018300978467,6.1704239248499105e-06,0.0007462930807378143
7263,0.0010206601582467556,0.0008431563765043393,6.167627914192183e-06,0.0007462930807378143
7264,0.0008692905030329712,0.001124655180319678,6.164831639965527e-06,0.0007462930807378143
7265,0.0010640307009452954,0.001026929348881822,6.162035103273869e-06,0.0007462930807378143
7266,0.0009383196229464374,0.0011060808174079284,6.1592383052212355e-06,0.0007462930807378143
7267,0.0009179408298223279,0.0010782795507111587,6.156441246911761e-06,0.0007462930807378143
7268,0.0010577410357655026,0.0010509791973163374,6.153643929449677e-06,0.0007462930807378143
7269,0.0010348393334425054,0.0009360282201669179,6.1508463539393235e-06,0.0007462930807378143
7270,0.0009385366720380262,0.000840476895973552,6.148048521485135e-06,0.0007462930807378143
7271,0.0011971406856901012,0.0010479117336217314,6.145250433191655e-06,0.0007462930807378143
7272,0.001158925959316548,0.0009441325746593066,6.142452090163519e-06,0.0007462930807378143
7273,0.0009899290671455674,0.0009084405246539973,6.139653493505476e-06,0.0007462930807378143
7274,0.0009900172735797241,0.0008862923423293978,6.136854644322364e-06,0.0007462930807378143
7275,0.0010331840312574059,0.0009731077734613791,6.134055543719122e-06,0.0007462930807378143
7276,0.0009793156059458852,0.0008683256601216272,6.131256192800794e-06,0.0007462930807378143
7277,0.0009273814503103495,0.0010636300066835247,6.128456592672518e-06,0.0007462930807378143
7278,0.0009468332573305815,0.001016798232740257,6.125656744439532e-06,0.0007462930807378143
7279,0.0012077467690687627,0.0009480616135988384,6.1228566492071724e-06,0.0007462930807378143
7280,0.000991007749689743,0.0009982509800465778,6.120056308080871e-06,0.0007462930807378143
7281,0.0010147199645871297,0.0009743127302499488,6.117255722166161e-06,0.0007462930807378143
7282,0.0009610705092200078,0.0010104373868671246,6.114454892568666e-06,0.0007462930807378143
7283,0.0011124708034913056,0.0011620605364441872,6.111653820394109e-06,0.0007462930807378143
7284,0.0012042521484545432,0.0010808749502757564,6.108852506748312e-06,0.0007462930807378143
7285,0.000941594349569641,0.0011362930526956916,6.106050952737186e-06,0.0007462930807378143
7286,0.0009411615901626647,0.0009624301746953279,6.103249159466744e-06,0.0007462930807378143
7287,0.0011053626294597052,0.0009579988545738161,6.100447128043088e-06,0.0007462930807378143
7288,0.0009315652714576572,0.0009325493665528484,6.097644859572414e-06,0.0007462930807378143
7289,0.0010280496426275931,0.0011188317002961412,6.094842355161014e-06,0.0007462930807378143
7290,0.0009979819733416662,0.0008101663406705484,6.092039615915271e-06,0.0007462930807378143
7291,0.000969045784586342,0.0006894276812090538,6.089236642941666e-06,0.0007462930807378143
7292,0.0010047285759355873,0.0012204264930915087,6.086433437346767e-06,0.0006894276812090538
7293,0.0008851952734403312,0.0009534216151223518,6.083630000237233e-06,0.0006894276812090538
7294,0.0010266369208693504,0.0010079836574732326,6.080826332719818e-06,0.0006894276812090538
7295,0.0011648175786831416,0.0010350563825340942,6.0780224359013644e-06,0.0006894276812090538
7296,0.0008755065864534117,0.0010710047208704054,6.0752183108888065e-06,0.0006894276812090538
7297,0.0008785794270806946,0.0009575082221999764,6.072413958789172e-06,0.0006894276812090538
7298,0.0010852523046196438,0.0010954818499158137,6.06960938070957e-06,0.0006894276812090538
7299,0.0009430397694814019,0.0009160855915979482,6.066804577757204e-06,0.0006894276812090538
7300,0.0012450381182134151,0.0011786441682488658,6.06399955103937e-06,0.0006894276812090538
7301,0.0010829650273080915,0.0011407519923523068,6.0611943016634445e-06,0.0006894276812090538
7302,0.0009216880644089542,0.0011133712687296793,6.058388830736896e-06,0.0006894276812090538
7303,0.0010623108755680732,0.0010632694320520386,6.0555831393672794e-06,0.0006894276812090538
7304,0.0008293209029943682,0.0008496240334352478,6.052777228662239e-06,0.0006894276812090538
7305,0.0010480011551408097,0.0011886479915119708,6.049971099729502e-06,0.0006894276812090538
7306,0.0011592346199904568,0.0008939213294070214,6.0471647536768876e-06,0.0006894276812090538
7307,0.000982016877969727,0.0009619672709959559,6.044358191612291e-06,0.0006894276812090538
7308,0.0011369738058419898,0.0012602855713339522,6.041551414643703e-06,0.0006894276812090538
7309,0.0009471913435845636,0.00106923705607187,6.038744423879191e-06,0.0006894276812090538
7310,0.0009651391374063678,0.0008995710086310282,6.035937220426915e-06,0.0006894276812090538
7311,0.0009319569217041135,0.0011914062924915925,6.033129805395111e-06,0.0006894276812090538
7312,0.0009611713976482861,0.0007641210686415434,6.0303221798921025e-06,0.0006894276812090538
7313,0.001010040461551398,0.0010709903435781598,6.0275143450262954e-06,0.0006894276812090538
7314,0.001017349903122522,0.0009522728942101821,6.0247063019061795e-06,0.0006894276812090538
7315,0.0011056268849642947,0.0009508792427368462,6.021898051640326e-06,0.0006894276812090538
7316,0.0009018842174555175,0.0010008064127760008,6.019089595337388e-06,0.0006894276812090538
7317,0.000902248670172412,0.0011126733807031997,6.016280934106097e-06,0.0006894276812090538
7318,0.0009959590315702371,0.000855360776768066,6.01347206905527e-06,0.0006894276812090538
7319,0.0008883711270755157,0.0009779142128536478,6.0106630012938025e-06,0.0006894276812090538
7320,0.0010227095117443241,0.0008628773721284233,6.007853731930667e-06,0.0006894276812090538
7321,0.0007467751784133725,0.0009348383900942281,6.005044262074924e-06,0.0006894276812090538
7322,0.0008707351371413097,0.0009672320447862148,6.002234592835703e-06,0.0006894276812090538
7323,0.0010543482785578817,0.0010731927322922274,5.9994247253222184e-06,0.0006894276812090538
7324,0.0011482446134323254,0.0008117047691484913,5.996614660643763e-06,0.0006894276812090538
7325,0.0010632015109877102,0.0010487492472748272,5.993804399909704e-06,0.0006894276812090538
7326,0.0009481239612796344,0.0010307373959221877,5.990993944229488e-06,0.0006894276812090538
7327,0.0009022373051266186,0.0009424942618352361,5.988183294712639e-06,0.0006894276812090538
7328,0.0010047116229543462,0.0008808802958810702,5.9853724524687564e-06,0.0006894276812090538
7329,0.0010418605234008282,0.0009853672163444571,5.9825614186075155e-06,0.0006894276812090538
7330,0.0009099696180783212,0.0010315698164049536,5.97975019423867e-06,0.0006894276812090538
7331,0.0009448322525713593,0.0009720155358081684,5.9769387804720455e-06,0.0006894276812090538
7332,0.000861572967551183,0.0011237145008635707,5.974127178417543e-06,0.0006894276812090538
7333,0.0010471776258782484,0.0008957149257184938,5.97131538918514e-06,0.0006894276812090538
7334,0.0010755973780760542,0.00102165561838774,5.968503413884886e-06,0.0006894276812090538
7335,0.0010657584280124865,0.0008686850560479797,5.9656912536269025e-06,0.0006894276812090538
7336,0.0011622556266956963,0.0011218878498766571,5.962878909521388e-06,0.0006894276812090538
7337,0.0010787775390781462,0.0010168548760702834,5.960066382678611e-06,0.0006894276812090538
7338,0.0009867547341855243,0.0009358819006592967,5.95725367420891e-06,0.0006894276812090538
7339,0.0008025793067645282,0.0010075075624627061,5.954440785222701e-06,0.0006894276812090538
7340,0.0008322058856720105,0.0009144611685769632,5.951627716830468e-06,0.0006894276812090538
7341,0.0009853098017629236,0.0010520673677092418,5.948814470142764e-06,0.0006894276812090538
7342,0.0009717609063955024,0.000834315964311827,5.946001046270215e-06,0.0006894276812090538
7343,0.0009272297465940937,0.0010473543879925273,5.9431874463235154e-06,0.0006894276812090538
7344,0.0011021010286640376,0.001168902512290515,5.940373671413433e-06,0.0006894276812090538
7345,0.0009650340944062918,0.0011722265990101732,5.937559722650799e-06,0.0006894276812090538
7346,0.0011654244954115711,0.0011800881984527223,5.934745601146514e-06,0.0006894276812090538
7347,0.0009032198722707108,0.0009622015350032598,5.931931308011552e-06,0.0006894276812090538
7348,0.0009298993463744409,0.0010434545547468588,5.929116844356949e-06,0.0006894276812090538
7349,0.0010103764943778515,0.0012648280608118512,5.926302211293814e-06,0.0006894276812090538
7350,0.0009187495961668901,0.000926292261283379,5.923487409933316e-06,0.0006894276812090538
7351,0.0010008692552219145,0.0011223295150557533,5.9206724413866945e-06,0.0006894276812090538
7352,0.0010477243486093357,0.001037185633322224,5.917857306765256e-06,0.0006894276812090538
7353,0.0009103457996388897,0.0010170850218855776,5.915042007180371e-06,0.0006894276812090538
7354,0.0009908668798743747,0.00089497472072253,5.912226543743473e-06,0.0006894276812090538
7355,0.0009096991998376325,0.001012444387015421,5.9094109175660656e-06,0.0006894276812090538
7356,0.0009729664816404693,0.0009293809998780489,5.90659512975971e-06,0.0006894276812090538
7357,0.0010459415134391747,0.000826084338768851,5.903779181436038e-06,0.0006894276812090538
7358,0.0008864611372700892,0.0010570421727607027,5.900963073706739e-06,0.0006894276812090538
7359,0.0010149414229090326,0.0010000095935538411,5.898146807683569e-06,0.0006894276812090538
7360,0.0010448026660014875,0.0010461194106028415,5.895330384478346e-06,0.0006894276812090538
7361,0.0008751986752031371,0.0007885184822953306,5.892513805202946e-06,0.0006894276812090538
7362,0.0010169087399845012,0.0008993559895316139,5.889697070969312e-06,0.0006894276812090538
7363,0.0010390652969363146,0.0010518624549149536,5.886880182889446e-06,0.0006894276812090538
7364,0.0008962884021457285,0.0009250122529920191,5.884063142075412e-06,0.0006894276812090538
7365,0.0010046458555734716,0.0008860656598699279,5.8812459496393306e-06,0.0006894276812090538
7366,0.0011197947242180817,0.001031625120958779,5.8784286066933855e-06,0.0006894276812090538
7367,0.0008142102014971897,0.00122021581773879,5.8756111143498225e-06,0.0006894276812090538
7368,0.0011322505888529122,0.0008689708265592344,5.872793473720938e-06,0.0006894276812090538
7369,0.0009158448592643254,0.0008261247785412706,5.869975685919095e-06,0.0006894276812090538
7370,0.0009534079654258676,0.0008830116930766962,5.867157752056709e-06,0.0006894276812090538
7371,0.0010189359381911345,0.0008756447641644627,5.864339673246258e-06,0.0006894276812090538
7372,0.0009937902068486437,0.0009464410832151771,5.861521450600275e-06,0.0006894276812090538
7373,0.0009053551111719571,0.0009326543950010091,5.858703085231347e-06,0.0006894276812090538
7374,0.001031988053000532,0.0008320673950947821,5.855884578252123e-06,0.0006894276812090538
7375,0.0008849572404869832,0.0008942382191889919,5.853065930775303e-06,0.0006894276812090538
7376,0.0009275289048673585,0.0010210691834799945,5.850247143913644e-06,0.0006894276812090538
7377,0.0010022018541349098,0.0010625904105836526,5.847428218779961e-06,0.0006894276812090538
7378,0.0009473835525568575,0.0009404278098372743,5.844609156487119e-06,0.0006894276812090538
7379,0.001160846630227752,0.0009891578447422944,5.841789958148039e-06,0.0006894276812090538
7380,0.0010605110946926288,0.0009035994662554003,5.838970624875698e-06,0.0006894276812090538
7381,0.0009554755088174716,0.0009145693766186014,5.836151157783122e-06,0.0006894276812090538
7382,0.00109357490146067,0.0008415674965362996,5.833331557983391e-06,0.0006894276812090538
7383,0.000952013950154651,0.000943133833061438,5.830511826589641e-06,0.0006894276812090538
7384,0.0010395188874099404,0.0010087103510159068,5.827691964715057e-06,0.0006894276812090538
7385,0.0008988497065729462,0.0009519963568891399,5.824871973472874e-06,0.0006894276812090538
7386,0.0008288265307783149,0.0009498136932961643,5.82205185397638e-06,0.0006894276812090538
7387,0.0011148980411235243,0.0010564467593212612,5.819231607338917e-06,0.0006894276812090538
7388,0.0012245481921127066,0.0010029495460912585,5.816411234673869e-06,0.0006894276812090538
7389,0.0010160059755435213,0.0009345327416667715,5.813590737094675e-06,0.0006894276812090538
7390,0.0008793844463070855,0.0009532992698950693,5.810770115714828e-06,0.0006894276812090538
7391,0.0008707350571057759,0.0009701693525130395,5.807949371647859e-06,0.0006894276812090538
7392,0.0011127933175885119,0.000995050031633582,5.8051285060073535e-06,0.0006894276812090538
7393,0.0009781425615074113,0.0010474489026819356,5.802307519906949e-06,0.0006894276812090538
7394,0.001092334532586392,0.0009647951883380301,5.799486414460322e-06,0.0006894276812090538
7395,0.0010217213930445723,0.0011114637527498417,5.796665190781201e-06,0.0006894276812090538
7396,0.0011047398002119735,0.0009223686502082273,5.793843849983361e-06,0.0006894276812090538
7397,0.0009992062477977015,0.0012295455962885171,5.791022393180623e-06,0.0006894276812090538
7398,0.0008736876334296539,0.001005649181024637,5.788200821486854e-06,0.0006894276812090538
7399,0.0009603272264939733,0.0008847058488754556,5.785379136015964e-06,0.0006894276812090538
7400,0.0009411732535227202,0.0011935953007196076,5.7825573378819104e-06,0.0006894276812090538
7401,0.000940348458243534,0.0010600580862956122,5.7797354281986945e-06,0.0006894276812090538
7402,0.0008750051565584727,0.000877147693245206,5.776913408080363e-06,0.0006894276812090538
7403,0.0009415606473339722,0.0013437856759992428,5.774091278641002e-06,0.0006894276812090538
7404,0.0009294650299125351,0.000950335081142839,5.771269040994747e-06,0.0006894276812090538
7405,0.0008227340294979513,0.001023563316266518,5.76844669625577e-06,0.0006894276812090538
7406,0.001036522960930597,0.0010947609116556123,5.765624245538287e-06,0.0006894276812090538
7407,0.0008839757429086603,0.0009196931350743398,5.762801689956558e-06,0.0006894276812090538
7408,0.000841934626805596,0.000868681469000876,5.759979030624886e-06,0.0006894276812090538
7409,0.000980088640062604,0.0011941415577894077,5.75715626865761e-06,0.0006894276812090538
7410,0.00129347421170678,0.0010385428759036586,5.754333405169112e-06,0.0006894276812090538
7411,0.0010131119925063103,0.001072910352377221,5.751510441273811e-06,0.0006894276812090538
7412,0.0009240271538146771,0.0009252232557628304,5.748687378086172e-06,0.0006894276812090538
7413,0.0010502760123927146,0.0009030588043970056,5.745864216720696e-06,0.0006894276812090538
7414,0.0010398470767540857,0.0008102244682959281,5.743040958291919e-06,0.0006894276812090538
7415,0.0008616075283498503,0.001002389966743067,5.740217603914423e-06,0.0006894276812090538
7416,0.000876622048963327,0.0009260941005777568,5.73739415470282e-06,0.0006894276812090538
7417,0.0010257997855660506,0.0010258547335979529,5.734570611771764e-06,0.0006894276812090538
7418,0.0011195472397957928,0.0010858145542442799,5.731746976235945e-06,0.0006894276812090538
7419,0.0008729384644539095,0.0008490301843266934,5.7289232492100916e-06,0.0006894276812090538
7420,0.0012381609994918108,0.0008695730793988332,5.726099431808963e-06,0.0006894276812090538
7421,0.001024813151161652,0.0009963562988559715,5.723275525147359e-06,0.0006894276812090538
7422,0.0010745326871983707,0.0008804764947853982,5.720451530340117e-06,0.0006894276812090538
7423,0.0010072870063595474,0.0008371225267183036,5.7176274485021005e-06,0.0006894276812090538
7424,0.0008976359458756633,0.0009246402696589939,5.714803280748213e-06,0.0006894276812090538
7425,0.0007903101286501624,0.0009883800157695077,5.7119790281933914e-06,0.0006894276812090538
7426,0.0007924767814984079,0.0011334936134517193,5.709154691952609e-06,0.0006894276812090538
7427,0.0011460843670647591,0.0010190963876084425,5.706330273140865e-06,0.0006894276812090538
7428,0.0010228459505015053,0.0010588751902105287,5.703505772873198e-06,0.0006894276812090538
7429,0.0009408132827957161,0.000998266987153329,5.700681192264674e-06,0.0006894276812090538
7430,0.0009883897073450498,0.0009912114910548553,5.697856532430392e-06,0.0006894276812090538
7431,0.000927352491999045,0.000999210009467788,5.695031794485487e-06,0.0006894276812090538
7432,0.0011401119772926904,0.0008497898525092751,5.692206979545117e-06,0.0006894276812090538
7433,0.000908767367945984,0.0009318133888882585,5.689382088724476e-06,0.0006894276812090538
7434,0.001007699735055212,0.0009442058071726933,5.686557123138785e-06,0.0006894276812090538
7435,0.0009548154921503738,0.000831431862025056,5.683732083903296e-06,0.0006894276812090538
7436,0.000986656523309648,0.0008455504139419645,5.6809069721332895e-06,0.0006894276812090538
7437,0.0010340034423279576,0.0010146509230253287,5.678081788944077e-06,0.0006894276812090538
7438,0.000979157666733954,0.001011893073155079,5.675256535450994e-06,0.0006894276812090538
7439,0.0010339393120375462,0.0010773176400107332,5.672431212769406e-06,0.0006894276812090538
7440,0.0009781684275367297,0.0009670924482634291,5.669605822014707e-06,0.0006894276812090538
7441,0.0014731545379618183,0.0010813239496201277,5.666780364302313e-06,0.0006894276812090538
7442,0.000948894587054383,0.0009409648191649467,5.663954840747674e-06,0.0006894276812090538
7443,0.000871457923494745,0.0008624700712971389,5.6611292524662625e-06,0.0006894276812090538
7444,0.0011613471215241589,0.0009246192348655313,5.658303600573571e-06,0.0006894276812090538
7445,0.0007641539923497476,0.0010983940737787634,5.655477886185127e-06,0.0006894276812090538
7446,0.0008843893592711538,0.001215641234011855,5.652652110416474e-06,0.0006894276812090538
7447,0.0008492161505273543,0.0009846743705566041,5.649826274383185e-06,0.0006894276812090538
7448,0.00108191670733504,0.0009837459801929072,5.647000379200857e-06,0.0006894276812090538
7449,0.001036432120599784,0.0011338701151544228,5.644174425985109e-06,0.0006894276812090538
7450,0.0009746576615725644,0.0009109907841775566,5.641348415851577e-06,0.0006894276812090538
7451,0.0008792059379629791,0.000904629509022925,5.638522349915931e-06,0.0006894276812090538
7452,0.0009520905805402435,0.001153797667939216,5.635696229293855e-06,0.0006894276812090538
7453,0.0010317154301446863,0.0009764541682670824,5.632870055101058e-06,0.0006894276812090538
7454,0.0012240246214787476,0.0009221497748512775,5.630043828453266e-06,0.0006894276812090538
7455,0.0010733591843745671,0.0009409346166648902,5.62721755046623e-06,0.0006894276812090538
7456,0.000841921049868688,0.0010665051522664726,5.62439122225572e-06,0.0006894276812090538
7457,0.0012484027174650691,0.0008515384615748189,5.621564844937525e-06,0.0006894276812090538
7458,0.0011830779185402207,0.0011603469247347675,5.6187384196274556e-06,0.0006894276812090538
7459,0.001003002776997164,0.001100926128856372,5.615911947441337e-06,0.0006894276812090538
7460,0.0010897249085246585,0.0008954936856753193,5.61308542949502e-06,0.0006894276812090538
7461,0.0010833227352122776,0.0008038900559768081,5.6102588669043635e-06,0.0006894276812090538
7462,0.0011374191599315964,0.0008787722472334281,5.607432260785253e-06,0.0006894276812090538
7463,0.0009886942425509915,0.0009165737210423686,5.604605612253589e-06,0.0006894276812090538
7464,0.0009042101082741283,0.001186107489047572,5.601778922425284e-06,0.0006894276812090538
7465,0.0009869354471447878,0.0009791119155124761,5.598952192416274e-06,0.0006894276812090538
7466,0.0008426246422459371,0.0009997803063015454,5.596125423342504e-06,0.0006894276812090538
7467,0.0009829622140387073,0.0010318990753148682,5.59329861631994e-06,0.0006894276812090538
7468,0.0009872693408397026,0.0010052861107396893,5.59047177246456e-06,0.0006894276812090538
7469,0.0009685524419182912,0.0010090474388562143,5.5876448928923554e-06,0.0006894276812090538
7470,0.0009095345085370354,0.001029917249979917,5.584817978719338e-06,0.0006894276812090538
7471,0.0009363855206174776,0.0014120451669441536,5.581991031061524e-06,0.0006894276812090538
7472,0.000997079856460914,0.0011628866268438287,5.579164051034949e-06,0.0006894276812090538
7473,0.000922679049836006,0.000896668090717867,5.5763370397556615e-06,0.0006894276812090538
7474,0.0010149599620490335,0.0011115275192423724,5.57350999833972e-06,0.0006894276812090538
7475,0.0010246353413094766,0.000993973357253708,5.570682927903194e-06,0.0006894276812090538
7476,0.0009270099908462726,0.0011260655446676537,5.5678558295621676e-06,0.0006894276812090538
7477,0.0009881812147796154,0.0010978003483614884,5.565028704432735e-06,0.0006894276812090538
7478,0.0010024572184192948,0.000873304161359556,5.562201553630999e-06,0.0006894276812090538
7479,0.0009522506297798827,0.0011138293994008563,5.559374378273076e-06,0.0006894276812090538
7480,0.001053235937433783,0.0010052253637695685,5.5565471794750875e-06,0.0006894276812090538
7481,0.0009236352780135348,0.0008185174083337188,5.553719958353169e-06,0.0006894276812090538
7482,0.0010591095924610272,0.0007700175192439929,5.550892716023462e-06,0.0006894276812090538
7483,0.0009310672103310935,0.0011311050693620928,5.5480654536021144e-06,0.0006894276812090538
7484,0.0010410583709017374,0.0009538657977827825,5.545238172205288e-06,0.0006894276812090538
7485,0.0012443386876839213,0.0009085161946131848,5.542410872949149e-06,0.0006894276812090538
7486,0.000886859925230965,0.0010047931427834556,5.539583556949869e-06,0.0006894276812090538
7487,0.0009755759456311353,0.0010275171516695991,5.536756225323626e-06,0.0006894276812090538
7488,0.0009063837424037047,0.0008746051389607601,5.533928879186607e-06,0.0006894276812090538
7489,0.0007746611663606018,0.0009632858927943744,5.531101519655004e-06,0.0006894276812090538
7490,0.000848171126563102,0.00102534413599642,5.528274147845017e-06,0.0006894276812090538
7491,0.0010313894526916556,0.0010680983396014199,5.525446764872841e-06,0.0006894276812090538
7492,0.0009318494121544063,0.0010496871036593802,5.522619371854686e-06,0.0006894276812090538
7493,0.0009040951263159513,0.0009855648531811312,5.5197919699067615e-06,0.0006894276812090538
7494,0.0008668049558764324,0.0010976516277878545,5.516964560145278e-06,0.0006894276812090538
7495,0.0008481208642479032,0.0008786753096501343,5.5141371436864575e-06,0.0006894276812090538
7496,0.0008385010005440563,0.0010059154155896977,5.511309721646518e-06,0.0006894276812090538
7497,0.0009294805568060838,0.0010197698065894656,5.508482295141677e-06,0.0006894276812090538
7498,0.0009617921386961825,0.0010158552904613316,5.505654865288162e-06,0.0006894276812090538
7499,0.0008570898135076277,0.0013935600291006267,5.5028274332021935e-06,0.0006894276812090538
7500,0.0008580764551879838,0.0008575439715059474,5.5e-06,0.0006894276812090538
7501,0.0008480222168145701,0.0009041896628332324,5.497172566797808e-06,0.0006894276812090538
7502,0.0009391447019879706,0.0008406050765188411,5.494345134711841e-06,0.0006894276812090538
7503,0.0011234693884034641,0.000913427138584666,5.491517704858323e-06,0.0006894276812090538
7504,0.0010142429600819014,0.001102580426959321,5.488690278353483e-06,0.0006894276812090538
7505,0.000993705980363302,0.0011333686925354414,5.485862856313542e-06,0.0006894276812090538
7506,0.0007926457619760185,0.0010192821646342054,5.483035439854722e-06,0.0006894276812090538
7507,0.0009059830117621459,0.0010510188585612923,5.4802080300932416e-06,0.0006894276812090538
7508,0.001081039139535278,0.0010256419045617804,5.477380628145315e-06,0.0006894276812090538
7509,0.0009774982754606754,0.0009773271522135474,5.474553235127161e-06,0.0006894276812090538
7510,0.0009090084422496147,0.0012684045068453997,5.471725852154985e-06,0.0006894276812090538
7511,0.0012484121834859252,0.0008397258061449975,5.4688984803449955e-06,0.0006894276812090538
7512,0.0010187556545133702,0.0008815090113785118,5.466071120813394e-06,0.0006894276812090538
7513,0.0010117045385413803,0.0008979550621006638,5.4632437746763755e-06,0.0006894276812090538
7514,0.0008859416266204789,0.000987076033197809,5.460416443050132e-06,0.0006894276812090538
7515,0.0009698866124381311,0.0010840392496902496,5.457589127050853e-06,0.0006894276812090538
7516,0.0008545427408535033,0.0009168958786176518,5.454761827794712e-06,0.0006894276812090538
7517,0.0009610363922547549,0.0009187696850858629,5.451934546397887e-06,0.0006894276812090538
7518,0.0009277932040276937,0.0008950583069236018,5.449107283976541e-06,0.0006894276812090538
7519,0.0009329633176093921,0.0009406497410964221,5.446280041646832e-06,0.0006894276812090538
7520,0.001153710276412312,0.0009218032209901139,5.443452820524914e-06,0.0006894276812090538
7521,0.0009491776581853628,0.0009651505824876949,5.440625621726925e-06,0.0006894276812090538
7522,0.0011254775963607244,0.0010178523662034422,5.437798446369003e-06,0.0006894276812090538
7523,0.0010196276562055573,0.00100127902260283,5.434971295567267e-06,0.0006894276812090538
7524,0.0009164756702375598,0.0011065130674978718,5.432144170437834e-06,0.0006894276812090538
7525,0.0010976796547765844,0.0010134507465409115,5.429317072096807e-06,0.0006894276812090538
7526,0.0012146373264840804,0.0008608446951257065,5.426490001660282e-06,0.0006894276812090538
7527,0.0008187416678993031,0.0010550930528552271,5.42366296024434e-06,0.0006894276812090538
7528,0.000944120496569667,0.0008831912637106143,5.420835948965051e-06,0.0006894276812090538
7529,0.0009630904169171117,0.0009027408232213929,5.418008968938478e-06,0.0006894276812090538
7530,0.0009124199350480922,0.0008402002204093151,5.415182021280664e-06,0.0006894276812090538
7531,0.0008953492506407201,0.0009894662944134325,5.412355107107646e-06,0.0006894276812090538
7532,0.001044922275468707,0.0009328561427537352,5.409528227535443e-06,0.0006894276812090538
7533,0.000861748107126914,0.0009007546468637884,5.40670138368006e-06,0.0006894276812090538
7534,0.0009768949894350953,0.0010281331415171735,5.403874576657496e-06,0.0006894276812090538
7535,0.0010041347341029905,0.0011126806566608138,5.401047807583728e-06,0.0006894276812090538
7536,0.0010553687825449742,0.001109733733756002,5.398221077574717e-06,0.0006894276812090538
7537,0.001156438622274436,0.001072093153197784,5.395394387746414e-06,0.0006894276812090538
7538,0.0007440142071573064,0.0009930050509865396,5.392567739214746e-06,0.0006894276812090538
7539,0.0008986597313196398,0.0009237122358172201,5.389741133095638e-06,0.0006894276812090538
7540,0.0010431648333906196,0.0011167933625984006,5.386914570504982e-06,0.0006894276812090538
7541,0.0009154373183264397,0.0010681179264793172,5.384088052558664e-06,0.0006894276812090538
7542,0.0009401491333846934,0.0008620246226200834,5.381261580372546e-06,0.0006894276812090538
7543,0.0009838151963776909,0.0012093378682038747,5.378435155062474e-06,0.0006894276812090538
7544,0.0009655255489633419,0.0008708597815711983,5.37560877774428e-06,0.0006894276812090538
7545,0.0010747543128672987,0.0011740592672140338,5.372782449533771e-06,0.0006894276812090538
7546,0.0009477900166530162,0.0009148198805633001,5.369956171546736e-06,0.0006894276812090538
7547,0.000952572634560056,0.0008555263702874072,5.367129944898943e-06,0.0006894276812090538
7548,0.0009972450134227984,0.0011308730900054798,5.364303770706145e-06,0.0006894276812090538
7549,0.0011817461272585206,0.0010483079531695694,5.361477650084068e-06,0.0006894276812090538
7550,0.0009240630897693336,0.0008701116166776046,5.358651584148423e-06,0.0006894276812090538
7551,0.0009789746545720845,0.0008740310950088315,5.355825574014893e-06,0.0006894276812090538
7552,0.0008949989423854277,0.000777076966187451,5.352999620799144e-06,0.0006894276812090538
7553,0.0008914451827877201,0.0009320013195974752,5.350173725616815e-06,0.0006894276812090538
7554,0.0008311488854815252,0.0010295935280737467,5.347347889583526e-06,0.0006894276812090538
7555,0.000965874751273077,0.000849625990667846,5.344522113814875e-06,0.0006894276812090538
7556,0.0008575212050345726,0.0008359605817531701,5.3416963994264305e-06,0.0006894276812090538
7557,0.0009651086875237525,0.0009581086560501717,5.3388707475337406e-06,0.0006894276812090538
7558,0.0009375428417115472,0.0009088718179555144,5.3360451592523254e-06,0.0006894276812090538
7559,0.0009891738372971304,0.0010112619565916248,5.333219635697687e-06,0.0006894276812090538
7560,0.0011247702786931768,0.0009201845532516018,5.330394177985294e-06,0.0006894276812090538
7561,0.0009554179196129553,0.0010146032291231677,5.327568787230595e-06,0.0006894276812090538
7562,0.0010989323563990183,0.0008257547742687166,5.324743464549007e-06,0.0006894276812090538
7563,0.0009935823691193946,0.001023876466206275,5.321918211055924e-06,0.0006894276812090538
7564,0.0009738786757225171,0.0008834049149299972,5.31909302786671e-06,0.0006894276812090538
7565,0.0010448663306306116,0.0008342673099832609,5.316267916096705e-06,0.0006894276812090538
7566,0.0008061807748163119,0.001146392234659288,5.3134428768612164e-06,0.0006894276812090538
7567,0.0009354309368063696,0.0009864363964879885,5.310617911275527e-06,0.0006894276812090538
7568,0.0008649081501062028,0.0008494396533933468,5.3077930204548846e-06,0.0006894276812090538
7569,0.001142428365710657,0.001001361208182061,5.304968205514515e-06,0.0006894276812090538
7570,0.0009560238104313612,0.001018120179651305,5.302143467569609e-06,0.0006894276812090538
7571,0.0014177478151395917,0.0010691130737541243,5.2993188077353275e-06,0.0006894276812090538
7572,0.000982874829787761,0.0010946412003249861,5.296494227126804e-06,0.0006894276812090538
7573,0.001220345809997525,0.001001911448838655,5.2936697268591365e-06,0.0006894276812090538
7574,0.0008842115203151479,0.0008671533214510418,5.290845308047392e-06,0.0006894276812090538
7575,0.0008780740899965167,0.0008692073461133987,5.288020971806608e-06,0.0006894276812090538
7576,0.0008918719322537072,0.0011926910592592321,5.2851967192517885e-06,0.0006894276812090538
7577,0.0008219615410780534,0.0011453508705017157,5.282372551497901e-06,0.0006894276812090538
7578,0.0009896509727695957,0.0008310185294249095,5.279548469659885e-06,0.0006894276812090538
7579,0.0009606363382772543,0.0007903295772848651,5.276724474852641e-06,0.0006894276812090538
7580,0.0010354105252190493,0.0009368544197059236,5.273900568191038e-06,0.0006894276812090538
7581,0.0009405026066815481,0.0010024187649833038,5.27107675078991e-06,0.0006894276812090538
7582,0.000993588168057613,0.0010479236370883882,5.268253023764056e-06,0.0006894276812090538
7583,0.0010804528210428543,0.0012904476752737537,5.265429388228239e-06,0.0006894276812090538
7584,0.001358869623800274,0.0010075995232909918,5.262605845297182e-06,0.0006894276812090538
7585,0.000890141716809012,0.001070414509740658,5.259782396085578e-06,0.0006894276812090538
7586,0.0009046255800058134,0.0008900696702767164,5.256959041708082e-06,0.0006894276812090538
7587,0.0009284585248678923,0.000950945723161567,5.254135783279305e-06,0.0006894276812090538
7588,0.001102010406611953,0.0009451452497160062,5.251312621913829e-06,0.0006894276812090538
7589,0.0010668514150893316,0.0009719255904201418,5.248489558726189e-06,0.0006894276812090538
7590,0.0010230337284156121,0.0007611313631059602,5.2456665948308895e-06,0.0006894276812090538
7591,0.0009263533429475501,0.001024553544993978,5.242843731342391e-06,0.0006894276812090538
7592,0.0009509744850220159,0.0009074324771063402,5.240020969375115e-06,0.0006894276812090538
7593,0.0008343151785084046,0.0009434355670236982,5.237198310043443e-06,0.0006894276812090538
7594,0.0010436414158903062,0.0008570827267249115,5.2343757544617144e-06,0.0006894276812090538
7595,0.0007879883341956884,0.0011101373602286913,5.231553303744232e-06,0.0006894276812090538
7596,0.0010858903333428316,0.0009058187206392176,5.228730959005255e-06,0.0006894276812090538
7597,0.001008390805509407,0.0008441791796940379,5.225908721358998e-06,0.0006894276812090538
7598,0.0010553827669355087,0.0009845639215200208,5.223086591919638e-06,0.0006894276812090538
7599,0.0009780433465493843,0.0009073153851204552,5.220264571801305e-06,0.0006894276812090538
7600,0.0008293106948258355,0.0010267495017615147,5.217442662118091e-06,0.0006894276812090538
7601,0.001091193589672912,0.001006555452477187,5.214620863984037e-06,0.0006894276812090538
7602,0.0008258453599410132,0.0008891598481568508,5.211799178513148e-06,0.0006894276812090538
7603,0.0008400807128055021,0.0009153301944024861,5.208977606819378e-06,0.0006894276812090538
7604,0.0008596648112870753,0.0009681947485660203,5.206156150016639e-06,0.0006894276812090538
7605,0.0009399593182024546,0.0010501395154278725,5.203334809218801e-06,0.0006894276812090538
7606,0.0009771904296940193,0.0009057481802301481,5.2005135855396795e-06,0.0006894276812090538
7607,0.0009354806825285777,0.0009513472105027176,5.1976924800930526e-06,0.0006894276812090538
7608,0.0009633115842007101,0.0009233967284671962,5.194871493992648e-06,0.0006894276812090538
7609,0.0009414371161255985,0.0011372641820344143,5.192050628352143e-06,0.0006894276812090538
7610,0.0009483694593654945,0.0009465606344747357,5.189229884285174e-06,0.0006894276812090538
7611,0.0009583345308783464,0.0009268018038710579,5.186409262905325e-06,0.0006894276812090538
7612,0.0008684252607054077,0.001105740106140729,5.183588765326134e-06,0.0006894276812090538
7613,0.00083362907753326,0.000964770297287032,5.1807683926610865e-06,0.0006894276812090538
7614,0.0010596157881082036,0.001066854369128123,5.177948146023621e-06,0.0006894276812090538
7615,0.0011923311903956346,0.0010664844085113145,5.175128026527128e-06,0.0006894276812090538
7616,0.0011030435416614637,0.001051291503245011,5.1723080352849445e-06,0.0006894276812090538
7617,0.0010607936055748723,0.0008706076696398668,5.169488173410359e-06,0.0006894276812090538
7618,0.0010482814177521504,0.000805387222499121,5.16666844201661e-06,0.0006894276812090538
7619,0.0011723430798156187,0.000939853118325118,5.16384884221688e-06,0.0006894276812090538
7620,0.0009621690478525124,0.0008019057859200984,5.1610293751243035e-06,0.0006894276812090538
7621,0.0008780388307059184,0.000883096297911834,5.158210041851962e-06,0.0006894276812090538
7622,0.0009289722729590721,0.0008859552253852598,5.155390843512881e-06,0.0006894276812090538
7623,0.0008973234143923037,0.0009301503450842574,5.15257178122004e-06,0.0006894276812090538
7624,0.0009697337591205724,0.0010903883739956655,5.149752856086355e-06,0.0006894276812090538
7625,0.001196190482005477,0.0008149424611474387,5.146934069224699e-06,0.0006894276812090538
7626,0.000932555558392778,0.0010794649351737462,5.144115421747879e-06,0.0006894276812090538
7627,0.0011015832496923395,0.000937810524192173,5.141296914768654e-06,0.0006894276812090538
7628,0.0009659779025241733,0.0009177849278785288,5.138478549399727e-06,0.0006894276812090538
7629,0.0009088092265301384,0.0013163473340682685,5.135660326753742e-06,0.0006894276812090538
7630,0.0010760611621662974,0.0010207137529505417,5.132842247943292e-06,0.0006894276812090538
7631,0.0009602955105947331,0.0008558832487324253,5.130024314080907e-06,0.0006894276812090538
7632,0.0009415257954970002,0.0008518140166415833,5.1272065262790634e-06,0.0006894276812090538
7633,0.0008154559254762717,0.0009831144707277417,5.124388885650179e-06,0.0006894276812090538
7634,0.0008440229867119342,0.0011666017162497155,5.1215713933066125e-06,0.0006894276812090538
7635,0.0009173830330837518,0.0008107033499982208,5.118754050360669e-06,0.0006894276812090538
7636,0.0009876778422039934,0.0014181128208292648,5.11593685792459e-06,0.0006894276812090538
7637,0.0010207323357462883,0.0009495424455963075,5.113119817110555e-06,0.0006894276812090538
7638,0.0010001445261877961,0.0009920715529005975,5.11030292903069e-06,0.0006894276812090538
7639,0.0009766576476977207,0.0010339124637539499,5.107486194797056e-06,0.0006894276812090538
7640,0.0009585741645423695,0.0011118396578240208,5.104669615521655e-06,0.0006894276812090538
7641,0.001007076665700879,0.0009942661999957636,5.101853192316433e-06,0.0006894276812090538
7642,0.000789205456385389,0.0008727400927455164,5.099036926293262e-06,0.0006894276812090538
7643,0.0009448661876376718,0.001186334528028965,5.096220818563963e-06,0.0006894276812090538
7644,0.000838168096379377,0.0010453218856127933,5.09340487024029e-06,0.0006894276812090538
7645,0.001000186282908544,0.0009192518045892939,5.090589082433936e-06,0.0006894276812090538
7646,0.0011899005985469557,0.0009438384440727532,5.087773456256528e-06,0.0006894276812090538
7647,0.0010131274393643253,0.0008329674019478261,5.084957992819632e-06,0.0006894276812090538
7648,0.0011191619778401218,0.001063777570379898,5.082142693234746e-06,0.0006894276812090538
7649,0.0009183742513414472,0.0009010483845486306,5.079327558613305e-06,0.0006894276812090538
7650,0.0008317255269503221,0.001027885933581274,5.076512590066686e-06,0.0006894276812090538
7651,0.0008948338581831194,0.0009355184665764682,5.073697788706188e-06,0.0006894276812090538
7652,0.0008200245174521115,0.0010681304847821593,5.070883155643052e-06,0.0006894276812090538
7653,0.0010345246046199463,0.001015690249914769,5.068068691988451e-06,0.0006894276812090538
7654,0.0008438312579528429,0.0010175337083637714,5.065254398853486e-06,0.0006894276812090538
7655,0.0009700825830805115,0.0008338306433870457,5.062440277349202e-06,0.0006894276812090538
7656,0.0009224137611454353,0.0009414047854079399,5.059626328586568e-06,0.0006894276812090538
7657,0.0009292732647736557,0.0012595471198437735,5.056812553676484e-06,0.0006894276812090538
7658,0.0008365594694623724,0.000937746895942837,5.053998953729787e-06,0.0006894276812090538
7659,0.0009405139717273414,0.0010196626972174272,5.0511855298572375e-06,0.0006894276812090538
7660,0.0009333404668723233,0.0009130084144999273,5.048372283169532e-06,0.0006894276812090538
7661,0.0012083921683370136,0.00109729306132067,5.0455592147773e-06,0.0006894276812090538
7662,0.0012347670999588445,0.0012199398843222298,5.042746325791092e-06,0.0006894276812090538
7663,0.0011093284338130616,0.0010314865721738897,5.039933617321392e-06,0.0006894276812090538
7664,0.0010698449405026622,0.0010045816779893357,5.037121090478613e-06,0.0006894276812090538
7665,0.0009658482595114037,0.0011694679633365013,5.034308746373099e-06,0.0006894276812090538
7666,0.0008292129350593314,0.0010011859121732414,5.031496586115115e-06,0.0006894276812090538
7667,0.000927020599192474,0.0012237106057000346,5.0286846108148615e-06,0.0006894276812090538
7668,0.0009250630719179753,0.0011024629056919366,5.025872821582457e-06,0.0006894276812090538
7669,0.001201347571623046,0.0009108970261877403,5.023061219527956e-06,0.0006894276812090538
7670,0.0010507282495382242,0.0011725065487553366,5.02024980576133e-06,0.0006894276812090538
7671,0.0009451228033867665,0.0009678766000433825,5.017438581392486e-06,0.0006894276812090538
7672,0.0010010606565629132,0.0008681858671479858,5.014627547531245e-06,0.0006894276812090538
7673,0.0011843489846796729,0.0008853399631334469,5.011816705287363e-06,0.0006894276812090538
7674,0.000976867988356389,0.0011004150292137638,5.0090060557705114e-06,0.0006894276812090538
7675,0.0010219704417977482,0.0009591505513526499,5.006195600090296e-06,0.0006894276812090538
7676,0.0009483832254773006,0.0011024410196114331,5.003385339356238e-06,0.0006894276812090538
7677,0.0010989750444423407,0.0009311543253716081,5.000575274677783e-06,0.0006894276812090538
7678,0.0007708520861342549,0.0008692012124811299,4.997765407164298e-06,0.0006894276812090538
7679,0.0009708866055007093,0.0009963057964341715,4.994955737925077e-06,0.0006894276812090538
7680,0.0009014414536068216,0.0009451439836993814,4.992146268069333e-06,0.0006894276812090538
7681,0.0010343803369323723,0.0010092294032801874,4.989336998706199e-06,0.0006894276812090538
7682,0.000976711577095557,0.001153130317106843,4.986527930944731e-06,0.0006894276812090538
7683,0.0008247841833508573,0.0010557867717579938,4.983719065893905e-06,0.0006894276812090538
7684,0.0010482891229912639,0.0008934106590459123,4.980910404662614e-06,0.0006894276812090538
7685,0.0009405099772266112,0.0009491408782196231,4.978101948359674e-06,0.0006894276812090538
7686,0.0009549948154017329,0.0011812477896455675,4.97529369809382e-06,0.0006894276812090538
7687,0.0009678322676336393,0.0007918180781416595,4.972485654973706e-06,0.0006894276812090538
7688,0.0010901696441578679,0.000979537158855237,4.969677820107901e-06,0.0006894276812090538
7689,0.0010105896581080742,0.0008867020296747796,4.966870194604892e-06,0.0006894276812090538
7690,0.0011599066710914485,0.0008643296750960872,4.964062779573087e-06,0.0006894276812090538
7691,0.0013040292178629898,0.000807811229606159,4.961255576120809e-06,0.0006894276812090538
7692,0.0009651300570112653,0.0010660930347512476,4.958448585356299e-06,0.0006894276812090538
7693,0.0010912798898061737,0.0009228659182554111,4.95564180838771e-06,0.0006894276812090538
7694,0.0008847413118928671,0.001017542184854392,4.9528352463231155e-06,0.0006894276812090538
7695,0.001026373116474133,0.0009155993539025076,4.950028900270498e-06,0.0006894276812090538
7696,0.0009044918624567799,0.0010833221385837533,4.947222771337762e-06,0.0006894276812090538
7697,0.0010221598204225302,0.0009350546970381401,4.944416860632722e-06,0.0006894276812090538
7698,0.0010329856668249704,0.0011160311914863996,4.941611169263106e-06,0.0006894276812090538
7699,0.0009288140208809637,0.0010836132860276848,4.9388056983365586e-06,0.0006894276812090538
7700,0.0010171478788834065,0.0010080710562760942,4.93600044896063e-06,0.0006894276812090538
7701,0.0008047817027545534,0.0009480627195443958,4.933195422242795e-06,0.0006894276812090538
7702,0.0009959084127331153,0.0009881697260425426,4.930390619290432e-06,0.0006894276812090538
7703,0.0007944000972202048,0.0008894212514860556,4.927586041210831e-06,0.0006894276812090538
7704,0.0010967955167870969,0.0009726111966301687,4.924781689111195e-06,0.0006894276812090538
7705,0.001002588207484223,0.001030577055644244,4.921977564098637e-06,0.0006894276812090538
7706,0.0008448142762063071,0.0010004966316046193,4.919173667280184e-06,0.0006894276812090538
7707,0.0009490891461609863,0.000803826522314921,4.91636999976277e-06,0.0006894276812090538
7708,0.0010696922399802133,0.0009082021133508533,4.913566562653235e-06,0.0006894276812090538
7709,0.0008103224172373302,0.0008787147307884879,4.910763357058336e-06,0.0006894276812090538
7710,0.0010039153639809228,0.0012278056747163646,4.907960384084728e-06,0.0006894276812090538
7711,0.0011521740234456956,0.0010554206164670177,4.905157644838987e-06,0.0006894276812090538
7712,0.0010482122670509852,0.001102740949136205,4.9023551404275875e-06,0.0006894276812090538
7713,0.0008164992104866542,0.001082958020560909,4.899552871956914e-06,0.0006894276812090538
7714,0.0007458273612428457,0.0009790936164790764,4.896750840533257e-06,0.0006894276812090538
7715,0.0008619210930191912,0.000983570200332906,4.8939490472628136e-06,0.0006894276812090538
7716,0.0011779607739299536,0.000941623278777115,4.89114749325169e-06,0.0006894276812090538
7717,0.001132608114858158,0.0011119630507891998,4.888346179605892e-06,0.0006894276812090538
7718,0.0009719827939989045,0.0009662668890086934,4.885545107431336e-06,0.0006894276812090538
7719,0.0008079392064246349,0.0008488798048347235,4.882744277833841e-06,0.0006894276812090538
7720,0.0009111527979257517,0.0012223241428728215,4.879943691919129e-06,0.0006894276812090538
7721,0.0008665148197906092,0.0009041746234288439,4.877143350792829e-06,0.0006894276812090538
7722,0.0009563560161041096,0.0008354801248060539,4.874343255560468e-06,0.0006894276812090538
7723,0.0009372971253469586,0.0009439822024432942,4.8715434073274836e-06,0.0006894276812090538
7724,0.0009205068854498677,0.0008701887345523573,4.868743807199208e-06,0.0006894276812090538
7725,0.0007764145630062558,0.000928920999285765,4.865944456280878e-06,0.0006894276812090538
7726,0.000772218747442821,0.0009367995226057246,4.863145355677638e-06,0.0006894276812090538
7727,0.0010791971726575866,0.0008807413323665969,4.860346506494524e-06,0.0006894276812090538
7728,0.0011402734598959796,0.0009102926560444757,4.85754790983648e-06,0.0006894276812090538
7729,0.000898938138561789,0.0009837419711402617,4.854749566808348e-06,0.0006894276812090538
7730,0.0009565830405335873,0.0008558023910154589,4.851951478514865e-06,0.0006894276812090538
7731,0.001011461776215583,0.0011936668161069974,4.849153646060678e-06,0.0006894276812090538
7732,0.0010569063597358763,0.00123340747813927,4.846356070550322e-06,0.0006894276812090538
7733,0.0008466740982839838,0.0008201827440643683,4.843558753088241e-06,0.0006894276812090538
7734,0.001217839257151354,0.0008930297044571489,4.840761694778766e-06,0.0006894276812090538
7735,0.0008132569964800496,0.0010564968470134772,4.837964896726132e-06,0.0006894276812090538
7736,0.0008542447612853721,0.0010319852226530202,4.8351683600344745e-06,0.0006894276812090538
7737,0.0008923771092668176,0.0009972925545298494,4.832372085807819e-06,0.0006894276812090538
7738,0.000880625935678836,0.0010194976930506527,4.829576075150091e-06,0.0006894276812090538
7739,0.0010550548831815831,0.0009301660757046193,4.826780329165111e-06,0.0006894276812090538
7740,0.0009828310649027117,0.0011970512714469805,4.823984848956592e-06,0.0006894276812090538
7741,0.001015808928059414,0.0010282348521286622,4.821189635628152e-06,0.0006894276812090538
7742,0.0010179883684031665,0.000978827585640829,4.818394690283295e-06,0.0006894276812090538
7743,0.0009850205169641413,0.0012196462994324975,4.815600014025417e-06,0.0006894276812090538
7744,0.0008378648562938906,0.0011455412022769451,4.812805607957817e-06,0.0006894276812090538
7745,0.000798238739662338,0.001194561889860779,4.810011473183677e-06,0.0006894276812090538
7746,0.0008503757053404115,0.0008269392346846871,4.807217610806082e-06,0.0006894276812090538
7747,0.0010086642505484633,0.001021852127450984,4.804424021928002e-06,0.0006894276812090538
7748,0.001265440740098711,0.0009522340842522681,4.801630707652303e-06,0.0006894276812090538
7749,0.0010672687712940387,0.0009084131161216646,4.798837669081741e-06,0.0006894276812090538
7750,0.0011309058172628284,0.0010091055446537212,4.79604490731896e-06,0.0006894276812090538
7751,0.0009518973529338837,0.0009157802778645419,4.7932524234665045e-06,0.0006894276812090538
7752,0.0010257612448185682,0.0008575711108278483,4.790460218626798e-06,0.0006894276812090538
7753,0.0008904266069293953,0.0009239360151696019,4.787668293902161e-06,0.0006894276812090538
7754,0.0008930594885896426,0.0009616383904358372,4.784876650394801e-06,0.0006894276812090538
7755,0.0009794583238544874,0.0009302341932198033,4.782085289206811e-06,0.0006894276812090538
7756,0.0009140570255112834,0.0009093776097870432,4.779294211440181e-06,0.0006894276812090538
7757,0.0008032707119127735,0.001052998486557044,4.776503418196784e-06,0.0006894276812090538
7758,0.0009948229781002738,0.0009436308173462749,4.773712910578379e-06,0.0006894276812090538
7759,0.0009868474444374442,0.0009438286579097621,4.770922689686614e-06,0.0006894276812090538
7760,0.000996753602521494,0.0010252710344502702,4.768132756623024e-06,0.0006894276812090538
7761,0.0009794784564292058,0.0009365125661133789,4.765343112489032e-06,0.0006894276812090538
7762,0.0009381036725244485,0.0010021273701568134,4.762553758385944e-06,0.0006894276812090538
7763,0.0009126316508627497,0.0010285242096870206,4.759764695414954e-06,0.0006894276812090538
7764,0.00100336271134438,0.0009040067307068966,4.756975924677139e-06,0.0006894276812090538
7765,0.0011267824811511673,0.0009886668049148284,4.754187447273461e-06,0.0006894276812090538
7766,0.0008407870845985599,0.0009334960413980298,4.751399264304769e-06,0.0006894276812090538
7767,0.0010553548345342278,0.0008534922599210404,4.748611376871791e-06,0.0006894276812090538
7768,0.0009995739746955223,0.0010120566657860763,4.745823786075142e-06,0.0006894276812090538
7769,0.0009151900303550065,0.0009802743588807061,4.743036493015317e-06,0.0006894276812090538
7770,0.0009098740410991013,0.000821687193820253,4.740249498792698e-06,0.0006894276812090538
7771,0.000787683755334001,0.0009869599089142866,4.737462804507544e-06,0.0006894276812090538
7772,0.0009326069848611951,0.0008999178244266659,4.73467641126e-06,0.0006894276812090538
7773,0.0011772742509492673,0.0010002317067119293,4.7318903201500875e-06,0.0006894276812090538
7774,0.0008339376290678047,0.0008204842888517305,4.7291045322777126e-06,0.0006894276812090538
7775,0.0010194889473496005,0.001011504624329973,4.726319048742657e-06,0.0006894276812090538
7776,0.0011176576008438133,0.0009012678783619776,4.72353387064459e-06,0.0006894276812090538
7777,0.0009548722155159339,0.001164525623607915,4.720748999083056e-06,0.0006894276812090538
7778,0.0008598591448389925,0.0009600963967386633,4.717964435157474e-06,0.0006894276812090538
7779,0.0011772814759751782,0.000895110861165449,4.715180179967149e-06,0.0006894276812090538
7780,0.0011380998839740641,0.0011512565688462928,4.712396234611258e-06,0.0006894276812090538
7781,0.000936748314416036,0.0010674559307517484,4.709612600188862e-06,0.0006894276812090538
7782,0.0009905379774863832,0.0009053622634382918,4.706829277798894e-06,0.0006894276812090538
7783,0.0009420560818398371,0.0009609920380171388,4.7040462685401655e-06,0.0006894276812090538
7784,0.0011806656475528143,0.0010841369148693047,4.701263573511366e-06,0.0006894276812090538
7785,0.0008711397967999801,0.0009384814984514378,4.698481193811054e-06,0.0006894276812090538
7786,0.000918402882234659,0.0008413611722062342,4.695699130537676e-06,0.0006894276812090538
7787,0.0008993388182716444,0.0010114105170941912,4.692917384789544e-06,0.0006894276812090538
7788,0.0009947421858669259,0.0011475164501462132,4.690135957664847e-06,0.0006894276812090538
7789,0.0009247465350199491,0.0009014349561766721,4.687354850261647e-06,0.0006894276812090538
7790,0.0010246298552374355,0.0009631423599785194,4.684574063677882e-06,0.0006894276812090538
7791,0.0007674349326407537,0.0009631601642468013,4.681793599011364e-06,0.0006894276812090538
7792,0.0008648957809782587,0.0011118406982859597,4.679013457359774e-06,0.0006894276812090538
7793,0.0008208424405893311,0.0010557197965681553,4.676233639820671e-06,0.0006894276812090538
7794,0.0009425152093172073,0.0012012505176244304,4.67345414749148e-06,0.0006894276812090538
7795,0.0009009321001940407,0.0011963554061367176,4.6706749814695e-06,0.0006894276812090538
7796,0.0009710688682389446,0.0009986418153857812,4.667896142851905e-06,0.0006894276812090538
7797,0.0010290781792718917,0.001084102645108942,4.6651176327357345e-06,0.0006894276812090538
7798,0.0010032139107352123,0.001028351289278362,4.6623394522179015e-06,0.0006894276812090538
7799,0.0009478196516283788,0.0009858594567049295,4.659561602395187e-06,0.0006894276812090538
7800,0.0009471402736380696,0.0012365916336420923,4.656784084364238e-06,0.0006894276812090538
7801,0.0009270525624742731,0.0007839866957510822,4.6540068992215825e-06,0.0006894276812090538
7802,0.0009333399721072055,0.0008706192602403462,4.651230048063605e-06,0.0006894276812090538
7803,0.0008395198819926009,0.0011568794361664914,4.648453531986562e-06,0.0006894276812090538
7804,0.0009992242412408814,0.0009730074307299219,4.645677352086579e-06,0.0006894276812090538
7805,0.0008510639672749676,0.0008848655779729597,4.642901509459646e-06,0.0006894276812090538
7806,0.0008500683834427036,0.0011436275017331354,4.6401260052016235e-06,0.0006894276812090538
7807,0.0009226045804098248,0.0008825166296446696,4.637350840408237e-06,0.0006894276812090538
7808,0.0010115836339537054,0.0011029228917323053,4.634576016175077e-06,0.0006894276812090538
7809,0.0008487548329867423,0.0008887061776476912,4.631801533597602e-06,0.0006894276812090538
7810,0.00097033131896751,0.0011121787247247994,4.629027393771129e-06,0.0006894276812090538
7811,0.0009063712059287354,0.0010918811749434099,4.626253597790849e-06,0.0006894276812090538
7812,0.0009950463063432835,0.000903596643183846,4.623480146751812e-06,0.0006894276812090538
7813,0.0010714113086578436,0.0010929282652796246,4.620707041748929e-06,0.0006894276812090538
7814,0.0008742042555240914,0.0009601631318219006,4.617934283876982e-06,0.0006894276812090538
7815,0.0010976800622302108,0.000931329203012865,4.6151618742306105e-06,0.0006894276812090538
7816,0.0008387348279939033,0.0009962403200916015,4.612389813904317e-06,0.0006894276812090538
7817,0.0012260225630598143,0.0009315526840509847,4.609618103992469e-06,0.0006894276812090538
7818,0.0007922514705569483,0.0009103940028580837,4.606846745589294e-06,0.0006894276812090538
7819,0.0009978624366340227,0.0010314716419088654,4.604075739788877e-06,0.0006894276812090538
7820,0.0010894328588619828,0.0009000273566925898,4.601305087685169e-06,0.0006894276812090538
7821,0.0010008433819166385,0.0009658774724812247,4.59853479037198e-06,0.0006894276812090538
7822,0.0009674162938608788,0.0009597468597348779,4.59576484894298e-06,0.0006894276812090538
7823,0.0008236472203861922,0.0008181129378499463,4.592995264491697e-06,0.0006894276812090538
7824,0.0009072956381714903,0.0008196067065000534,4.590226038111521e-06,0.0006894276812090538
7825,0.0008841146191116422,0.0010466509847901762,4.587457170895696e-06,0.0006894276812090538
7826,0.0009225839530699886,0.0010782675744849257,4.584688663937325e-06,0.0006894276812090538
7827,0.0009392358406330459,0.0008447896034340374,4.5819205183293775e-06,0.0006894276812090538
7828,0.001047467056196183,0.0009574786381563172,4.5791527351646694e-06,0.0006894276812090538
7829,0.0007676424793316983,0.0008964490261860192,4.576385315535877e-06,0.0006894276812090538
7830,0.0010885081574087963,0.0010512791632208973,4.573618260535536e-06,0.0006894276812090538
7831,0.000898396028787829,0.0011668819861370139,4.570851571256031e-06,0.0006894276812090538
7832,0.0009166847594315186,0.0009058745708898641,4.5680852487896145e-06,0.0006894276812090538
7833,0.0009095749410334975,0.0009476039558649063,4.565319294228383e-06,0.0006894276812090538
7834,0.0009690809820313007,0.001030422208714299,4.562553708664291e-06,0.0006894276812090538
7835,0.0010093280870933086,0.0008140479985740967,4.559788493189149e-06,0.0006894276812090538
7836,0.0009934429472195916,0.0010201669283560477,4.5570236488946175e-06,0.0006894276812090538
7837,0.0011032650436391123,0.000821730682218913,4.554259176872218e-06,0.0006894276812090538
7838,0.0011088667743024416,0.0010751174268079922,4.551495078213317e-06,0.0006894276812090538
7839,0.0009400466005899943,0.0009514306002529338,4.548731354009138e-06,0.0006894276812090538
7840,0.0009691561062936671,0.0008491382250213064,4.5459680053507556e-06,0.0006894276812090538
7841,0.0010961902517010458,0.001028290433168877,4.543205033329093e-06,0.0006894276812090538
7842,0.0007697958208154887,0.0010526174810365774,4.540442439034933e-06,0.0006894276812090538
7843,0.0008096278106677346,0.0010475705203134567,4.5376802235589025e-06,0.0006894276812090538
7844,0.000843925736262463,0.0010577259454294108,4.534918387991479e-06,0.0006894276812090538
7845,0.0009548475136398338,0.0008041098262765445,4.532156933422991e-06,0.0006894276812090538
7846,0.0010119429425685667,0.0008874025224940851,4.529395860943617e-06,0.0006894276812090538
7847,0.0010089306051668245,0.0010802103497553617,4.526635171643387e-06,0.0006894276812090538
7848,0.0013177101136534475,0.0008905566864996217,4.523874866612176e-06,0.0006894276812090538
7849,0.0009282617684220895,0.0012163677893113345,4.521114946939711e-06,0.0006894276812090538
7850,0.0008163838065229356,0.001197957397380378,4.51835541371556e-06,0.0006894276812090538
7851,0.0008448173175565898,0.0009802412241697311,4.515596268029144e-06,0.0006894276812090538
7852,0.0009836179597186856,0.0008947027017711662,4.5128375109697334e-06,0.0006894276812090538
7853,0.0009471525554545224,0.0009037113486556336,4.51007914362644e-06,0.0006894276812090538
7854,0.0009288840883527882,0.0008705014988663606,4.507321167088224e-06,0.0006894276812090538
7855,0.0008800914001767524,0.0007982907918631099,4.50456358244389e-06,0.0006894276812090538
7856,0.0008968336405814625,0.0009445740579394624,4.501806390782087e-06,0.0006894276812090538
7857,0.0009236485784640536,0.0009489678777754307,4.499049593191313e-06,0.0006894276812090538
7858,0.0010704556116252206,0.0009912507157423533,4.496293190759909e-06,0.0006894276812090538
7859,0.0007580947421956807,0.001111267294618301,4.4935371845760566e-06,0.0006894276812090538
7860,0.0010589911325951107,0.0009929674852173775,4.490781575727785e-06,0.0006894276812090538
7861,0.001065365708200261,0.0009201886568916962,4.488026365302964e-06,0.0006894276812090538
7862,0.0010366588685428724,0.0009889663124340586,4.485271554389308e-06,0.0006894276812090538
7863,0.0010154351912206039,0.0007849591384001542,4.482517144074372e-06,0.0006894276812090538
7864,0.00084678154962603,0.001132276258431375,4.479763135445553e-06,0.0006894276812090538
7865,0.0008505816003889777,0.0009741756512084976,4.477009529590092e-06,0.0006894276812090538
7866,0.000820355984615162,0.0010357660430599935,4.474256327595066e-06,0.0006894276812090538
7867,0.0008655126293888316,0.0010221776901744306,4.471503530547399e-06,0.0006894276812090538
7868,0.0008503049029968679,0.000971277680946514,4.468751139533849e-06,0.0006894276812090538
7869,0.0009550473623676226,0.001042408955981955,4.465999155641017e-06,0.0006894276812090538
7870,0.0009629792039049789,0.0008501960037392564,4.4632475799553445e-06,0.0006894276812090538
7871,0.0008039939712034538,0.0012718583093374036,4.460496413563105e-06,0.0006894276812090538
7872,0.0009984048374462873,0.001141392240242567,4.457745657550421e-06,0.0006894276812090538
7873,0.0009249297509086318,0.0008589612189098261,4.454995313003247e-06,0.0006894276812090538
7874,0.0008722669590497389,0.0008728199900360778,4.452245381007371e-06,0.0006894276812090538
7875,0.0010906633251579478,0.0008358081395272166,4.449495862648427e-06,0.0006894276812090538
7876,0.000973663292825222,0.0009534602431813255,4.446746759011878e-06,0.0006894276812090538
7877,0.0008722754500922747,0.0010614496859489009,4.443998071183029e-06,0.0006894276812090538
7878,0.0009570887632435188,0.0009948789011104964,4.441249800247018e-06,0.0006894276812090538
7879,0.0008194731635740027,0.0008809527425910346,4.438501947288819e-06,0.0006894276812090538
7880,0.0009380853443872184,0.0009139746325672604,4.4357545133932406e-06,0.0006894276812090538
7881,0.0008840283844619989,0.0009281729799113236,4.433007499644923e-06,0.0006894276812090538
7882,0.0008924987341742963,0.0009462516754865646,4.430260907128349e-06,0.0006894276812090538
7883,0.0008680854152771644,0.001021438518364448,4.427514736927828e-06,0.0006894276812090538
7884,0.0009811231793719344,0.0008867101641953923,4.424768990127503e-06,0.0006894276812090538
7885,0.001054054286214523,0.0008131953800329939,4.422023667811353e-06,0.0006894276812090538
7886,0.001008126106171403,0.0009604927690816112,4.419278771063186e-06,0.0006894276812090538
7887,0.0009297183205490001,0.0008819734794087708,4.4165343009666445e-06,0.0006894276812090538
7888,0.0010103067543241195,0.0009809833718463778,4.413790258605204e-06,0.0006894276812090538
7889,0.000836448078189278,0.0009192425641231239,4.411046645062166e-06,0.0006894276812090538
7890,0.0008726222877157852,0.0009267168788937852,4.4083034614206674e-06,0.0006894276812090538
7891,0.0011381979347788729,0.0008766189566813409,4.405560708763671e-06,0.0006894276812090538
7892,0.0010340272201574408,0.0009472887759329751,4.402818388173977e-06,0.0006894276812090538
7893,0.0008104942971840501,0.0009587622917024419,4.400076500734206e-06,0.0006894276812090538
7894,0.0010225017977063544,0.0009106853103730828,4.397335047526814e-06,0.0006894276812090538
7895,0.0009814294753596187,0.0009008132692542858,4.394594029634083e-06,0.0006894276812090538
7896,0.0008664854831295088,0.0009584866347722709,4.39185344813812e-06,0.0006894276812090538
7897,0.000984482525382191,0.0008551256978535093,4.389113304120868e-06,0.0006894276812090538
7898,0.0011888340886798687,0.0012082089524483308,4.38637359866409e-06,0.0006894276812090538
7899,0.0009313027912867256,0.0009311703906860203,4.3836343328493795e-06,0.0006894276812090538
7900,0.0008616426421212964,0.0010846356599358842,4.380895507758154e-06,0.0006894276812090538
7901,0.000786718082963489,0.0009091760366572998,4.378157124471658e-06,0.0006894276812090538
7902,0.0009643817320466042,0.0008780814314377494,4.375419184070963e-06,0.0006894276812090538
7903,0.0012638792613870464,0.0008887203948688693,4.372681687636965e-06,0.0006894276812090538
7904,0.0009225323374266736,0.0007924265664769337,4.369944636250385e-06,0.0006894276812090538
7905,0.0011396429836167954,0.000850976852234453,4.367208030991764e-06,0.0006894276812090538
7906,0.0010192342597292736,0.0011167449338245206,4.364471872941472e-06,0.0006894276812090538
7907,0.0012547405494842678,0.000991018932836596,4.361736163179702e-06,0.0006894276812090538
7908,0.0009054387555806898,0.001006943712127395,4.359000902786469e-06,0.0006894276812090538
7909,0.0011291247938061133,0.000957449694396928,4.356266092841607e-06,0.0006894276812090538
7910,0.001006423932267353,0.000987864361377433,4.353531734424781e-06,0.0006894276812090538
7911,0.000928766094148159,0.0009466470219194889,4.350797828615468e-06,0.0006894276812090538
7912,0.0010286030665156431,0.0009286806453019381,4.3480643764929735e-06,0.0006894276812090538
7913,0.0008967877147370018,0.0007884181613917463,4.34533137913642e-06,0.0006894276812090538
7914,0.0009503144829068333,0.0008298688262584619,4.342598837624752e-06,0.0006894276812090538
7915,0.0010751464287750423,0.0010698576516006142,4.339866753036731e-06,0.0006894276812090538
7916,0.0011149833153467625,0.0008235792556661181,4.3371351264509435e-06,0.0006894276812090538
7917,0.001002061748295091,0.0009660680079832673,4.334403958945793e-06,0.0006894276812090538
7918,0.0008977975739981048,0.0008860851230565459,4.331673251599501e-06,0.0006894276812090538
7919,0.0010988609938067384,0.000952720052737277,4.3289430054901045e-06,0.0006894276812090538
7920,0.001111169833166059,0.0009240576109732501,4.3262132216954655e-06,0.0006894276812090538
7921,0.001086301912437193,0.0008990431597339921,4.323483901293254e-06,0.0006894276812090538
7922,0.000908669586351607,0.0010353491961723194,4.320755045360969e-06,0.0006894276812090538
7923,0.0009073940018424764,0.0009446018957532942,4.318026654975915e-06,0.0006894276812090538
7924,0.0011456114880274981,0.0008638930303277448,4.31529873121522e-06,0.0006894276812090538
7925,0.0009138174573308788,0.0008126025932142511,4.312571275155823e-06,0.0006894276812090538
7926,0.0008620834996690974,0.0008827486453810707,4.30984428787448e-06,0.0006894276812090538
7927,0.0010750797082437202,0.0010493441732251085,4.307117770447765e-06,0.0006894276812090538
7928,0.0007627323502674699,0.0008489466708851978,4.304391723952063e-06,0.0006894276812090538
7929,0.0009514483317616396,0.0009832500363700092,4.301666149463574e-06,0.0006894276812090538
7930,0.001015191159240203,0.0009211065189447254,4.298941048058311e-06,0.0006894276812090538
7931,0.0011184115573996678,0.0010224363431916572,4.296216420812099e-06,0.0006894276812090538
7932,0.0008723569408175536,0.0011382324009900913,4.293492268800582e-06,0.0006894276812090538
7933,0.0008246234792750329,0.0012048589123878628,4.29076859309921e-06,0.0006894276812090538
7934,0.0008892507175914943,0.0009538319282000884,4.288045394783246e-06,0.0006894276812090538
7935,0.0009848134432104416,0.0008965184897533618,4.285322674927768e-06,0.0006894276812090538
7936,0.0012486159466789104,0.0009728278964757919,4.282600434607659e-06,0.0006894276812090538
7937,0.0008885278584784828,0.0008665254426887259,4.279878674897618e-06,0.0006894276812090538
7938,0.0009311675385106355,0.0009474108082940802,4.2771573968721555e-06,0.0006894276812090538
7939,0.0010217140734312125,0.0010307021875632927,4.2744366016055856e-06,0.0006894276812090538
7940,0.0008876405481714755,0.0008001040478120558,4.271716290172037e-06,0.0006894276812090538
7941,0.0009512637407169677,0.0009362030978081748,4.2689964636454456e-06,0.0006894276812090538
7942,0.0009274958429159597,0.0010582625764072873,4.266277123099551e-06,0.0006894276812090538
7943,0.0008767615654505789,0.0009091606043512002,4.263558269607913e-06,0.0006894276812090538
7944,0.0008679352395120077,0.0009814645381993614,4.260839904243889e-06,0.0006894276812090538
7945,0.001077756103768479,0.0009438187480554916,4.258122028080646e-06,0.0006894276812090538
7946,0.0010080177744384855,0.0009607521424186416,4.255404642191157e-06,0.0006894276812090538
7947,0.001140602667874191,0.0008246237193816341,4.252687747648205e-06,0.0006894276812090538
7948,0.0009542225598124787,0.0010650765834725462,4.2499713455243774e-06,0.0006894276812090538
7949,0.000870029856741894,0.0010789345178636722,4.247255436892067e-06,0.0006894276812090538
7950,0.0008469242893625051,0.00080542427895125,4.244540022823469e-06,0.0006894276812090538
7951,0.0009905650731525384,0.0009626473838579841,4.241825104390588e-06,0.0006894276812090538
7952,0.0010765357437776402,0.0009859568162937649,4.23911068266523e-06,0.0006894276812090538
7953,0.0008875063504092395,0.0009659800052759238,4.236396758719005e-06,0.0006894276812090538
7954,0.0009971600666176528,0.0010464409933774732,4.233683333623329e-06,0.0006894276812090538
7955,0.0008582679656683467,0.0009496999045950361,4.230970408449418e-06,0.0006894276812090538
7956,0.0010652441778802313,0.0010455938609084114,4.2282579842682925e-06,0.0006894276812090538
7957,0.0008582343289162964,0.0008610390214016661,4.225546062150774e-06,0.0006894276812090538
7958,0.0012185498198959976,0.0009845893873716705,4.222834643167487e-06,0.0006894276812090538
7959,0.001009852952847723,0.0011303518840577453,4.220123728388856e-06,0.0006894276812090538
7960,0.0011616735864663497,0.0009448136916034855,4.217413318885108e-06,0.0006894276812090538
7961,0.0010218023744528182,0.000994171314232517,4.21470341572627e-06,0.0006894276812090538
7962,0.0008744202350499108,0.0008370534487767145,4.211994019982166e-06,0.0006894276812090538
7963,0.0010507045881240629,0.0009354293215437792,4.209285132722428e-06,0.0006894276812090538
7964,0.0009006373293232173,0.0011548762122401968,4.2065767550164775e-06,0.0006894276812090538
7965,0.0009964734927052632,0.0009084209596039727,4.2038688879335404e-06,0.0006894276812090538
7966,0.0009004054081742652,0.0008671127798152156,4.2011615325426384e-06,0.0006894276812090538
7967,0.0009258921054424718,0.0010340959415771067,4.198454689912594e-06,0.0006894276812090538
7968,0.0007991919701453298,0.0009426606557099149,4.195748361112025e-06,0.0006894276812090538
7969,0.0009139459798461758,0.0009534023120068014,4.193042547209349e-06,0.0006894276812090538
7970,0.0009480182052357122,0.001013048786262516,4.190337249272778e-06,0.0006894276812090538
7971,0.0008447111467830837,0.0010885200390475802,4.1876324683703185e-06,0.0006894276812090538
7972,0.0009991360930143856,0.0009397536487085745,4.184928205569776e-06,0.0006894276812090538
7973,0.0008053007477428764,0.00088755401520757,4.1822244619387514e-06,0.0006894276812090538
7974,0.001014348687021993,0.0008645009729661979,4.179521238544641e-06,0.0006894276812090538
7975,0.0008854464613250457,0.0009561300030327402,4.176818536454633e-06,0.0006894276812090538
7976,0.0009512003671261482,0.0010364849113102537,4.174116356735712e-06,0.0006894276812090538
7977,0.0011622707606875338,0.001100616813346278,4.171414700454653e-06,0.0006894276812090538
7978,0.0010873026039917022,0.0008100423656287603,4.168713568678032e-06,0.0006894276812090538
7979,0.0009363663411932066,0.0010552604799158871,4.16601296247221e-06,0.0006894276812090538
7980,0.0007763799658278003,0.0009309853703598492,4.163312882903344e-06,0.0006894276812090538
7981,0.0008108774782158434,0.0008927026792662218,4.160613331037384e-06,0.0006894276812090538
7982,0.0009650862193666399,0.0008335024904226884,4.157914307940065e-06,0.0006894276812090538
7983,0.0010520893119974062,0.0008892428522813134,4.155215814676926e-06,0.0006894276812090538
7984,0.0009432028018636629,0.0010377257603977341,4.152517852313286e-06,0.0006894276812090538
7985,0.0008309244949487038,0.0012374554862617515,4.1498204219142585e-06,0.0006894276812090538
7986,0.000907948546227999,0.000931368900637608,4.147123524544744e-06,0.0006894276812090538
7987,0.0010720078207668848,0.0009745570423547179,4.144427161269436e-06,0.0006894276812090538
7988,0.0008791415966697969,0.0010221088814432733,4.141731333152818e-06,0.0006894276812090538
7989,0.0011018612276529893,0.0009629826454329304,4.13903604125916e-06,0.0006894276812090538
7990,0.0010448716493556276,0.0009050460794242099,4.1363412866525175e-06,0.0006894276812090538
7991,0.0009014185998239554,0.0007816422912583221,4.13364707039674e-06,0.0006894276812090538
7992,0.0009255806871806271,0.001016272719425615,4.130953393555458e-06,0.0006894276812090538
7993,0.0008655468154756818,0.0008069648611126468,4.128260257192097e-06,0.0006894276812090538
7994,0.0009163978538708761,0.0010411657131044194,4.125567662369863e-06,0.0006894276812090538
7995,0.0008237546717282385,0.0009004100793390535,4.122875610151748e-06,0.0006894276812090538
7996,0.0009116809233091772,0.0009287479915656149,4.120184101600533e-06,0.0006894276812090538
7997,0.0008909499665605836,0.0010453240320202895,4.117493137778781e-06,0.0006894276812090538
7998,0.0009293859839090146,0.000796570340753533,4.114802719748844e-06,0.0006894276812090538
7999,0.0008400864753639325,0.0008797094924375415,4.112112848572857e-06,0.0006894276812090538
8000,0.0010826351499417797,0.0010289796118740924,4.109423525312737e-06,0.0006894276812090538
8001,0.000954514674958773,0.0011455426720203832,4.106734751030188e-06,0.0006894276812090538
8002,0.001063589661498554,0.0008167355335899629,4.1040465267866924e-06,0.0006894276812090538
8003,0.000907632325834129,0.0008475810682284646,4.1013588536435205e-06,0.0006894276812090538
8004,0.00089374329400016,0.0007875095907365903,4.098671732661723e-06,0.0006894276812090538
8005,0.000808126394986175,0.0009165830197161995,4.095985164902134e-06,0.0006894276812090538
8006,0.0009322367623099126,0.00106392346060602,4.093299151425366e-06,0.0006894276812090538
8007,0.000844238449644763,0.0009259011203539558,4.090613693291814e-06,0.0006894276812090538
8008,0.0009433746308786795,0.0010840524482773617,4.087928791561657e-06,0.0006894276812090538
8009,0.0008661903702886775,0.0007973933898028918,4.08524444729485e-06,0.0006894276812090538
8010,0.0008793260785751045,0.000921931117773056,4.08256066155113e-06,0.0006894276812090538
8011,0.00093176202790346,0.0008350491552846506,4.079877435390011e-06,0.0006894276812090538
8012,0.0010385024215793237,0.0007688070545555092,4.077194769870791e-06,0.0006894276812090538
8013,0.0008246720608440228,0.0010331757002859376,4.074512666052544e-06,0.0006894276812090538
8014,0.0010695398232201114,0.0009218518243869767,4.0718311249941214e-06,0.0006894276812090538
8015,0.0010227367019979283,0.0008911416880437173,4.069150147754152e-06,0.0006894276812090538
8016,0.0009439480782020837,0.0009250561706721783,4.0664697353910446e-06,0.0006894276812090538
8017,0.0008888100637705065,0.0010185558930970728,4.0637898889629804e-06,0.0006894276812090538
8018,0.0010106795016326942,0.0009461984736844897,4.061110609527925e-06,0.0006894276812090538
8019,0.0010670108531485312,0.000983139245363418,4.058431898143613e-06,0.0006894276812090538
8020,0.000888405425939709,0.0009059404546860605,4.055753755867558e-06,0.0006894276812090538
8021,0.0008383771710214205,0.000953933471464552,4.053076183757048e-06,0.0006894276812090538
8022,0.0008300485642394051,0.0008063899367698468,4.050399182869144e-06,0.0006894276812090538
8023,0.0010042842259281315,0.0009521466927253641,4.047722754260687e-06,0.0006894276812090538
8024,0.0010649711912265047,0.0007714680577919353,4.045046898988287e-06,0.0006894276812090538
8025,0.0007496586185880005,0.0010572676328592934,4.0423716181083285e-06,0.0006894276812090538
8026,0.000932704126171302,0.0011266670117038302,4.039696912676971e-06,0.0006894276812090538
8027,0.0009911190791171975,0.0009879270437522791,4.037022783750145e-06,0.0006894276812090538
8028,0.001096523439628072,0.0008466905710520223,4.0343492323835555e-06,0.0006894276812090538
8029,0.0009007216285681352,0.000954432733124122,4.031676259632678e-06,0.0006894276812090538
8030,0.0009859578203759156,0.0008902697809389792,4.02900386655276e-06,0.0006894276812090538
8031,0.000992227258393541,0.0009862353399512358,4.0263320541988184e-06,0.0006894276812090538
8032,0.0010549575672484934,0.0012287258941796608,4.023660823625642e-06,0.0006894276812090538
8033,0.0009065945268957876,0.0008641316962894052,4.020990175887794e-06,0.0006894276812090538
8034,0.0009848712797975168,0.000915541619178839,4.018320112039601e-06,0.0006894276812090538
8035,0.0010103451495524496,0.0007880694829509594,4.015650633135162e-06,0.0006894276812090538
8036,0.0010235342269879766,0.0010175714196520858,4.012981740228347e-06,0.0006894276812090538
8037,0.0008067266171565279,0.0008463770936941728,4.010313434372788e-06,0.0006894276812090538
8038,0.00121502027468523,0.0009276115597458556,4.007645716621896e-06,0.0006894276812090538
8039,0.0009009533314383589,0.0010747520136646926,4.00497858802884e-06,0.0006894276812090538
8040,0.0008014276827452704,0.0011249684466747567,4.002312049646561e-06,0.0006894276812090538
8041,0.0009385181474499404,0.0009933271576301195,3.9996461025277654e-06,0.0006894276812090538
8042,0.001049538295774255,0.0009808762479224242,3.996980747724927e-06,0.0006894276812090538
8043,0.0010927277762675658,0.0008689712049090303,3.994315986290287e-06,0.0006894276812090538
8044,0.0009585075385984965,0.000993017056316603,3.99165181927585e-06,0.0006894276812090538
8045,0.0009403321237186901,0.0008241134200943634,3.988988247733387e-06,0.0006894276812090538
8046,0.00082256492896704,0.0010688460533856414,3.9863252727144355e-06,0.0006894276812090538
8047,0.0011255063727730885,0.0008884342896635644,3.983662895270292e-06,0.0006894276812090538
8048,0.0010085884860018268,0.0008220016898121685,3.981001116452025e-06,0.0006894276812090538
8049,0.0008946004090830684,0.0008462136756861582,3.97833993731046e-06,0.0006894276812090538
8050,0.0007867419699323364,0.0010368199509684928,3.975679358896189e-06,0.0006894276812090538
8051,0.0008666683570481837,0.0009228643466485664,3.973019382259568e-06,0.0006894276812090538
8052,0.0008576617910875939,0.0010434569048811682,3.97036000845071e-06,0.0006894276812090538
8053,0.001064176598447375,0.0009051673478097655,3.967701238519498e-06,0.0006894276812090538
8054,0.0009398556285304949,0.0009715795749798417,3.9650430735155695e-06,0.0006894276812090538
8055,0.0009397536923643202,0.0009638495612307452,3.962385514488326e-06,0.0006894276812090538
8056,0.0008715124931768514,0.0010189617751166224,3.95972856248693e-06,0.0006894276812090538
8057,0.000995526381302625,0.0012129922688473016,3.957072218560304e-06,0.0006894276812090538
8058,0.0008559612469980493,0.000874320772709325,3.954416483757133e-06,0.0006894276812090538
8059,0.000797733802755829,0.0008288011304102838,3.951761359125856e-06,0.0006894276812090538
8060,0.0008589888020651415,0.0008851332386257127,3.949106845714674e-06,0.0006894276812090538
8061,0.0010901853747782297,0.0010122236199094914,3.94645294457155e-06,0.0006894276812090538
8062,0.0010001181944971904,0.0011153153755003586,3.943799656744196e-06,0.0006894276812090538
8063,0.0010213196583208628,0.0010003281058743596,3.941146983280095e-06,0.0006894276812090538
8064,0.0009579481920809485,0.0010703502557589673,3.938494925226478e-06,0.0006894276812090538
8065,0.0009952941982191987,0.0010953299424727447,3.935843483630334e-06,0.0006894276812090538
8066,0.0009248711867257953,0.0008727040476514958,3.933192659538412e-06,0.0006894276812090538
8067,0.0009994044157792814,0.0012393576544127427,3.930542453997214e-06,0.0006894276812090538
8068,0.0009811265190364793,0.0008434018964180723,3.927892868052999e-06,0.0006894276812090538
8069,0.0008952158896136098,0.0008514513465343043,3.925243902751783e-06,0.0006894276812090538
8070,0.0007493845987482928,0.000923226005397737,3.922595559139335e-06,0.0006894276812090538
8071,0.0008244590935646556,0.000824212962470483,3.91994783826118e-06,0.0006894276812090538
8072,0.0008781249052844942,0.0010452682254253887,3.9173007411625945e-06,0.0006894276812090538
8073,0.0007562289465568028,0.0008537235262338072,3.914654268888609e-06,0.0006894276812090538
8074,0.0010541165247559547,0.001042082192725502,3.9120084224840135e-06,0.0006894276812090538
8075,0.0009478231077082455,0.0008690507893334143,3.909363202993344e-06,0.0006894276812090538
8076,0.0009124168282141909,0.0009807315655052662,3.90671861146089e-06,0.0006894276812090538
8077,0.0009665045581641607,0.0009952590189641342,3.904074648930697e-06,0.0006894276812090538
8078,0.0009494323821854778,0.0009194547892548144,3.901431316446555e-06,0.0006894276812090538
8079,0.0010021369162132032,0.0009264199834433384,3.898788615052015e-06,0.0006894276812090538
8080,0.0009984300340875052,0.0007999094013939612,3.896146545790373e-06,0.0006894276812090538
8081,0.0008903392445063218,0.0008360683932551183,3.893505109704673e-06,0.0006894276812090538
8082,0.0009181107016047463,0.0009606067760614678,3.8908643078377136e-06,0.0006894276812090538
8083,0.0009400346389156766,0.0010577379580354318,3.888224141232041e-06,0.0006894276812090538
8084,0.0009280802842113189,0.0009355467409477569,3.885584610929952e-06,0.0006894276812090538
8085,0.0009882272206596099,0.0009684800388640724,3.882945717973493e-06,0.0006894276812090538
8086,0.0008479685202473775,0.0010049754855572246,3.8803074634044544e-06,0.0006894276812090538
8087,0.0008981814316939563,0.0008869823577697389,3.877669848264378e-06,0.0006894276812090538
8088,0.0009445860123378225,0.0008982168947113678,3.8750328735945505e-06,0.0006894276812090538
8089,0.0009331339388154447,0.0009510461095487699,3.872396540436014e-06,0.0006894276812090538
8090,0.001041465271555353,0.0010021953348768875,3.8697608498295455e-06,0.0006894276812090538
8091,0.001003270452201832,0.0008952655698521994,3.867125802815675e-06,0.0006894276812090538
8092,0.0009332061090390198,0.0008743769649299793,3.864491400434679e-06,0.0006894276812090538
8093,0.0008569427445763722,0.0008343481968040578,3.861857643726573e-06,0.0006894276812090538
8094,0.0008939087420003489,0.0010958197817672044,3.85922453373113e-06,0.0006894276812090538
8095,0.0009333384878118522,0.0010285986791132018,3.856592071487856e-06,0.0006894276812090538
8096,0.001200982922455296,0.0008349133349838667,3.853960258036004e-06,0.0006894276812090538
8097,0.0009601151396054775,0.00109211471863091,3.851329094414576e-06,0.0006894276812090538
8098,0.0009057542265509255,0.0008296205414808355,3.848698581662309e-06,0.0006894276812090538
8099,0.0010063919035019353,0.0007993635153979994,3.846068720817691e-06,0.0006894276812090538
8100,0.0010069195996038616,0.0008289250326924957,3.843439512918949e-06,0.0006894276812090538
8101,0.0009908292631735094,0.0008683823252795264,3.840810959004053e-06,0.0006894276812090538
8102,0.0008665859932079911,0.0009076606947928667,3.838183060110715e-06,0.0006894276812090538
8103,0.00101186540996423,0.0008385855762753636,3.835555817276385e-06,0.0006894276812090538
8104,0.0008975994278443977,0.0009960847382899374,3.832929231538259e-06,0.0006894276812090538
8105,0.0010243798897136003,0.0008917347076931037,3.830303303933271e-06,0.0006894276812090538
8106,0.000833769008750096,0.0011599998179008253,3.827678035498097e-06,0.0006894276812090538
8107,0.0010361255044699647,0.0008413139003096148,3.825053427269148e-06,0.0006894276812090538
8108,0.0010240514820907265,0.0008799004499451257,3.822429480282581e-06,0.0006894276812090538
8109,0.0011676159556373022,0.0009794096476980485,3.819806195574287e-06,0.0006894276812090538
8110,0.0008626783965155482,0.00080786035687197,3.817183574179899e-06,0.0006894276812090538
8111,0.000984924889053218,0.000957845724769868,3.814561617134785e-06,0.0006894276812090538
8112,0.0011429745936766267,0.0009381769705214538,3.811940325474052e-06,0.0006894276812090538
8113,0.0009607314932509325,0.0009211562428390607,3.8093197002325436e-06,0.0006894276812090538
8114,0.0009773297133506276,0.0009549297174089588,3.8066997424448435e-06,0.0006894276812090538
8115,0.000900752391316928,0.0010225840815110132,3.804080453145269e-06,0.0006894276812090538
8116,0.0010004940049839206,0.0010072607838083059,3.801461833367873e-06,0.0006894276812090538
8117,0.0008247835430665873,0.0008237048314185813,3.7988438841464455e-06,0.0006894276812090538
8118,0.0009262522653443739,0.0010198606687481515,3.7962266065145098e-06,0.0006894276812090538
8119,0.0007410773396259174,0.0008046778966672719,3.7936100015053294e-06,0.0006894276812090538
8120,0.0007931667641969398,0.0009626585451769643,3.7909940701518955e-06,0.0006894276812090538
8121,0.0008940482439356856,0.0009011294023366645,3.788378813486938e-06,0.0006894276812090538
8122,0.0008533873115084134,0.0009179394037346356,3.785764232542918e-06,0.0006894276812090538
8123,0.0008753475995035842,0.0008439561061095446,3.7831503283520284e-06,0.0006894276812090538
8124,0.0008593655293225311,0.0008514374712831341,3.7805371019462017e-06,0.0006894276812090538
8125,0.0008154402530635707,0.0008392043819185346,3.7779245543570966e-06,0.0006894276812090538
8126,0.0008940066109062172,0.0009186519091599621,3.7753126866161044e-06,0.0006894276812090538
8127,0.0008265874130302109,0.0009805608351598494,3.77270149975435e-06,0.0006894276812090538
8128,0.0008434390256297775,0.001095596446248237,3.7700909948026864e-06,0.0006894276812090538
8129,0.0008864392293617129,0.001090044497686904,3.7674811727917037e-06,0.0006894276812090538
8130,0.0010955387188005261,0.0009737190630403347,3.764872034751716e-06,0.0006894276812090538
8131,0.0011060378383263014,0.0008775391834205948,3.7622635817127696e-06,0.0006894276812090538
8132,0.0010696111494326033,0.0008490395557601005,3.7596558147046414e-06,0.0006894276812090538
8133,0.0008667530855746008,0.000941954567679204,3.7570487347568334e-06,0.0006894276812090538
8134,0.0011343297228449956,0.0009179715998470783,3.754442342898584e-06,0.0006894276812090538
8135,0.000989246713288594,0.0010320795045117848,3.751836640158853e-06,0.0006894276812090538
8136,0.0008856598142301664,0.0009110408354899846,3.749231627566331e-06,0.0006894276812090538
8137,0.0009731115133035928,0.0008611648372607306,3.7466273061494357e-06,0.0006894276812090538
8138,0.001085131058061961,0.0010619864333420992,3.7440236769363098e-06,0.0006894276812090538
8139,0.0009197543549817055,0.001000346543150954,3.741420740954829e-06,0.0006894276812090538
8140,0.0010308940036338754,0.0009246953486581333,3.7388184992325893e-06,0.0006894276812090538
8141,0.0011444976917118765,0.0009905517144943587,3.7362169527969144e-06,0.0006894276812090538
8142,0.0009366139929625206,0.0011649661464616656,3.7336161026748535e-06,0.0006894276812090538
8143,0.0008589200006099418,0.0009848181653069332,3.7310159498931802e-06,0.0006894276812090538
8144,0.0010308431228622794,0.0010316281986888498,3.728416495478394e-06,0.0006894276812090538
8145,0.0009700092487037182,0.0009864198400464375,3.7258177404567205e-06,0.0006894276812090538
8146,0.0008817643392831087,0.0009262661333195865,3.7232196858541056e-06,0.0006894276812090538
8147,0.0008494530629832298,0.0008853615290718153,3.7206223326962197e-06,0.0006894276812090538
8148,0.0008594794635428116,0.000794576193584362,3.7180256820084555e-06,0.0006894276812090538
8149,0.001018882576317992,0.0008684277199790813,3.7154297348159326e-06,0.0006894276812090538
8150,0.0011730520418495871,0.0009876340118353255,3.712834492143488e-06,0.0006894276812090538
8151,0.0009211851138388738,0.0007840370599296875,3.710239955015682e-06,0.0006894276812090538
8152,0.0009387787795276381,0.0008987787223304622,3.7076461244567984e-06,0.0006894276812090538
8153,0.0008367107911908533,0.0010055002494482324,3.705053001490838e-06,0.0006894276812090538
8154,0.001052722436725162,0.0009704743497422896,3.7024605871415273e-06,0.0006894276812090538
8155,0.0009917415518430062,0.0007448720425600186,3.6998688824323094e-06,0.0006894276812090538
8156,0.0009493195320828818,0.0008116227472783066,3.697277888386348e-06,0.0006894276812090538
8157,0.0009078805669560097,0.00090590346371755,3.694687606026527e-06,0.0006894276812090538
8158,0.0008981207283795811,0.0009426562537555583,3.692098036375446e-06,0.0006894276812090538
8159,0.0009939931624103338,0.0010047890318674035,3.689509180455431e-06,0.0006894276812090538
8160,0.0010535562469158322,0.000840153094031848,3.6869210392885185e-06,0.0006894276812090538
8161,0.0009708557336125523,0.0009765614086063579,3.6843336138964665e-06,0.0006894276812090538
8162,0.0008908550444175489,0.0008398837162530981,3.6817469053007493e-06,0.0006894276812090538
8163,0.0009037756972247735,0.0007615454305778258,3.6791609145225555e-06,0.0006894276812090538
8164,0.000983509024081286,0.0007647793390788138,3.676575642582799e-06,0.0006894276812090538
8165,0.000977581563347485,0.0009912959285429679,3.6739910905021008e-06,0.0006894276812090538
8166,0.0010367854847572744,0.0009303171173087321,3.6714072593008016e-06,0.0006894276812090538
8167,0.0009886472471407615,0.0009040141594596207,3.6688241499989574e-06,0.0006894276812090538
8168,0.0010017084132414311,0.0010952459342661314,3.6662417636163365e-06,0.0006894276812090538
8169,0.0009858207922661677,0.0007408658930216916,3.6636601011724277e-06,0.0006894276812090538
8170,0.0009450033467146568,0.0008749763946980238,3.66107916368643e-06,0.0006894276812090538
8171,0.0010279384659952484,0.000905356057046447,3.658498952177255e-06,0.0006894276812090538
8172,0.0008706780936336145,0.0007807703150319867,3.6559194676635296e-06,0.0006894276812090538
8173,0.0008908253730623983,0.0008527644822606817,3.6533407111635924e-06,0.0006894276812090538
8174,0.0008316596795339137,0.0009596095187589526,3.6507626836954984e-06,0.0006894276812090538
8175,0.0009069714360521175,0.000896198303962592,3.648185386277011e-06,0.0006894276812090538
8176,0.0008636113998363726,0.0008984003579826094,3.6456088199256056e-06,0.0006894276812090538
8177,0.0009200437416438945,0.00100131534418324,3.6430329856584705e-06,0.0006894276812090538
8178,0.0011704607532010414,0.0011272305055172183,3.640457884492502e-06,0.0006894276812090538
8179,0.0008476292132399976,0.0009828659167396836,3.637883517444313e-06,0.0006894276812090538
8180,0.0007944679382489994,0.0009773456913535483,3.6353098855302218e-06,0.0006894276812090538
8181,0.0010627881201799028,0.0007171847464633174,3.6327369897662563e-06,0.0006894276812090538
8182,0.0009686903140391223,0.0009364984653075226,3.630164831168155e-06,0.0006894276812090538
8183,0.0007724172683083452,0.0009577641249052249,3.6275934107513646e-06,0.0006894276812090538
8184,0.0011626507694018073,0.00104069054214051,3.625022729531044e-06,0.0006894276812090538
8185,0.0008788150153122842,0.0008758356998441741,3.6224527885220576e-06,0.0006894276812090538
8186,0.000868306087795645,0.0009275114716729149,3.6198835887389728e-06,0.0006894276812090538
8187,0.0012835549059673212,0.0009386271267430857,3.6173151311960746e-06,0.0006894276812090538
8188,0.0010134437106898986,0.00129278745589545,3.6147474169073437e-06,0.0006894276812090538
8189,0.0009111642066272907,0.0010113703756360337,3.6121804468864766e-06,0.0006894276812090538
8190,0.0009433224549866281,0.000986751307209488,3.609614222146872e-06,0.0006894276812090538
8191,0.0010109419454238378,0.0011554614393389784,3.6070487437016358e-06,0.0006894276812090538
8192,0.0008728990942472592,0.0009183690635836683,3.604484012563576e-06,0.0006894276812090538
8193,0.0008985381573438644,0.0009305415733251721,3.6019200297452097e-06,0.0006894276812090538
8194,0.0008080470215645619,0.0008739509139559232,3.599356796258753e-06,0.0006894276812090538
8195,0.0009464633258176036,0.0009117606459767558,3.5967943131161363e-06,0.0006894276812090538
8196,0.0009730453093652613,0.0007227733003674075,3.594232581328982e-06,0.0006894276812090538
8197,0.0007709162164246663,0.0008973981020972133,3.591671601908624e-06,0.0006894276812090538
8198,0.0009351969274575822,0.0009056165581569076,3.5891113758660945e-06,0.0006894276812090538
8199,0.0009778127787285484,0.0011575289681786671,3.5865519042121315e-06,0.0006894276812090538
8200,0.0009877050906652585,0.0007695468957535923,3.5839931879571733e-06,0.0006894276812090538
8201,0.0009332935733254999,0.0010611951074679382,3.581435228111362e-06,0.0006894276812090538
8202,0.0010164568448089994,0.0009213014200213365,3.5788780256845373e-06,0.0006894276812090538
8203,0.001130599011958111,0.0008541439383407123,3.5763215816862447e-06,0.0006894276812090538
8204,0.0008994675081339665,0.001322401010838803,3.573765897125723e-06,0.0006894276812090538
8205,0.0009259150247089565,0.0008679160455358215,3.5712109730119234e-06,0.0006894276812090538
8206,0.000880511237483006,0.0010609035452944227,3.568656810353483e-06,0.0006894276812090538
8207,0.0009391203711857088,0.0008236473222495988,3.5661034101587496e-06,0.0006894276812090538
8208,0.0010892812060774304,0.0009526281646685675,3.563550773435761e-06,0.0006894276812090538
8209,0.0008955291850725189,0.0007931112122605555,3.5609989011922596e-06,0.0006894276812090538
8210,0.0009873593517113477,0.0009657769114710391,3.5584477944356846e-06,0.0006894276812090538
8211,0.0008996984615805559,0.0010109827271662652,3.555897454173173e-06,0.0006894276812090538
8212,0.000956215757469181,0.0008104609514703043,3.5533478814115567e-06,0.0006894276812090538
8213,0.0008734661096241325,0.000804096955107525,3.5507990771573693e-06,0.0006894276812090538
8214,0.0009068097424460575,0.0007959602226037532,3.5482510424168334e-06,0.0006894276812090538
8215,0.001019010021991562,0.000982678604486864,3.5457037781958795e-06,0.0006894276812090538
8216,0.0009345814032712951,0.0007788798393448815,3.5431572855001223e-06,0.0006894276812090538
8217,0.0010417743542348035,0.0009504125264356844,3.5406115653348804e-06,0.0006894276812090538
8218,0.001001616066787392,0.001032482810842339,3.53806661870516e-06,0.0006894276812090538
8219,0.0009098210211959668,0.0009061609016498551,3.5355224466156673e-06,0.0006894276812090538
8220,0.0010877763997996226,0.0007776610764267389,3.5329790500708034e-06,0.0006894276812090538
8221,0.0009005811953102238,0.0009604149599908851,3.5304364300746566e-06,0.0006894276812090538
8222,0.0010431781920487992,0.0009442742812098004,3.527894587631016e-06,0.0006894276812090538
8223,0.0012141180923208594,0.0009844651140156202,3.525353523743361e-06,0.0006894276812090538
8224,0.0008536269197065849,0.0007886798193794675,3.5228132394148613e-06,0.0006894276812090538
8225,0.0007804687920724973,0.0008619619111414067,3.520273735648382e-06,0.0006894276812090538
8226,0.0010922677247435786,0.0009158333559753373,3.5177350134464805e-06,0.0006894276812090538
8227,0.000893526135769207,0.000999047260847874,3.5151970738114018e-06,0.0006894276812090538
8228,0.0008266099684988149,0.0008546460667275824,3.5126599177450845e-06,0.0006894276812090538
8229,0.0009317861549789086,0.0009227837799699046,3.510123546249158e-06,0.0006894276812090538
8230,0.0008712636117707007,0.0007919873605715111,3.5075879603249443e-06,0.0006894276812090538
8231,0.0010268899713992141,0.000993397865386214,3.505053160973448e-06,0.0006894276812090538
8232,0.0008805240213405341,0.0007800283419783227,3.5025191491953718e-06,0.0006894276812090538
8233,0.0009575375588610768,0.0009139940884779207,3.499985925991099e-06,0.0006894276812090538
8234,0.000775886801420711,0.001033728512993548,3.4974534923607092e-06,0.0006894276812090538
8235,0.0009439345521968789,0.001044239426846616,3.494921849303967e-06,0.0006894276812090538
8236,0.0008458009324385785,0.0009192120996885933,3.492390997820325e-06,0.0006894276812090538
8237,0.0008657764628878795,0.0009208349001710303,3.4898609389089216e-06,0.0006894276812090538
8238,0.0007299812568817288,0.000881144980667159,3.487331673568587e-06,0.0006894276812090538
8239,0.0009752652913448401,0.0009372918284498155,3.4848032027978284e-06,0.0006894276812090538
8240,0.0010216081645921804,0.0008281586488010362,3.482275527594856e-06,0.0006894276812090538
8241,0.000827369683975121,0.0008207373903132975,3.4797486489575476e-06,0.0006894276812090538
8242,0.0008770889908191748,0.0008136412579915486,3.4772225678834805e-06,0.0006894276812090538
8243,0.0009223594897775911,0.0008374439858016558,3.4746972853699067e-06,0.0006894276812090538
8244,0.0008872502658050507,0.0008288636818178929,3.4721728024137703e-06,0.0006894276812090538
8245,0.0009509689698461443,0.0009669473001849838,3.469649120011697e-06,0.0006894276812090538
8246,0.0010289583515259437,0.0009358661700389348,3.4671262391599984e-06,0.0006894276812090538
8247,0.0011933443965972401,0.0010862891431315802,3.464604160854664e-06,0.0006894276812090538
8248,0.0008518330650986172,0.0008327269315486774,3.4620828860913748e-06,0.0006894276812090538
8249,0.0008134130548569374,0.0009766313596628606,3.459562415865484e-06,0.0006894276812090538
8250,0.0009055453556356952,0.0009380338888149709,3.45704275117204e-06,0.0006894276812090538
8251,0.0007984293042682111,0.0009561822807881981,3.4545238930057622e-06,0.0006894276812090538
8252,0.0008650249219499528,0.0009227713744621724,3.4520058423610596e-06,0.0006894276812090538
8253,0.001076857457519509,0.0010312825470464304,3.449488600232014e-06,0.0006894276812090538
8254,0.0010384931301814504,0.0007516439582104795,3.4469721676123956e-06,0.0006894276812090538
8255,0.0008891521720215678,0.001007327504339628,3.4444565454956515e-06,0.0006894276812090538
8256,0.0011431336315581575,0.0008383537933696061,3.441941734874912e-06,0.0006894276812090538
8257,0.0009773105703061447,0.0007856654265196994,3.4394277367429803e-06,0.0006894276812090538
8258,0.0009561313054291531,0.0008370085779461078,3.436914552092347e-06,0.0006894276812090538
8259,0.0009944380944943987,0.0008697347293491475,3.4344021819151707e-06,0.0006894276812090538
8260,0.0008065304282354191,0.000931949820369482,3.431890627203305e-06,0.0006894276812090538
8261,0.0008823365933494642,0.0007946459809318185,3.429379888948265e-06,0.0006894276812090538
8262,0.001027721053105779,0.0011727799501386471,3.4268699681412543e-06,0.0006894276812090538
8263,0.0008886666400940157,0.0010118278150912374,3.4243608657731467e-06,0.0006894276812090538
8264,0.0009613178772269748,0.000981814788246993,3.4218525828344972e-06,0.0006894276812090538
8265,0.0010185942373936996,0.001281976030441001,3.419345120315538e-06,0.0006894276812090538
8266,0.0009848333065747283,0.0008333303558174521,3.416838479206173e-06,0.0006894276812090538
8267,0.0011755782907130197,0.0007989152945810929,3.4143326604959848e-06,0.0006894276812090538
8268,0.001129024603869766,0.0008743859070818871,3.4118276651742334e-06,0.0006894276812090538
8269,0.0009587167805875652,0.0009023199891089462,3.4093234942298483e-06,0.0006894276812090538
8270,0.0008850158337736502,0.0008767457838985138,3.4068201486514378e-06,0.0006894276812090538
8271,0.0007717144253547303,0.0007275075622601435,3.4043176294272837e-06,0.0006894276812090538
8272,0.0008511057167197578,0.0008988568915810902,3.40181593754534e-06,0.0006894276812090538
8273,0.0008141614671330899,0.0008542843861505389,3.399315073993235e-06,0.0006894276812090538
8274,0.000998937219264917,0.000955247953243088,3.3968150397582697e-06,0.0006894276812090538
8275,0.0008659449304104783,0.0010650278345565312,3.3943158358274205e-06,0.0006894276812090538
8276,0.0009203749359585345,0.000804963601694908,3.39181746318733e-06,0.0006894276812090538
8277,0.0009164148505078629,0.0008891959732864052,3.38931992282432e-06,0.0006894276812090538
8278,0.000850289965455886,0.0008291900085168891,3.386823215724376e-06,0.0006894276812090538
8279,0.0008901685432647355,0.001208091780426912,3.3843273428731603e-06,0.0006894276812090538
8280,0.0008823988464428112,0.0011254676210228354,3.3818323052560036e-06,0.0006894276812090538
8281,0.000961878256930504,0.0009390418563270941,3.379338103857909e-06,0.0006894276812090538
8282,0.0007954651082400233,0.0009794519501156174,3.3768447396635446e-06,0.0006894276812090538
8283,0.0008427012580796145,0.000775801127019804,3.3743522136572544e-06,0.0006894276812090538
8284,0.0010467852916917764,0.0008556383254472166,3.3718605268230433e-06,0.0006894276812090538
8285,0.0009304021368734539,0.0009330951143056154,3.3693696801445957e-06,0.0006894276812090538
8286,0.0009707803110359237,0.0009478953579673544,3.366879674605255e-06,0.0006894276812090538
8287,0.0008734870498301461,0.0009112499174079858,3.3643905111880383e-06,0.0006894276812090538
8288,0.0008801699223113246,0.0009221256732416805,3.3619021908756238e-06,0.0006894276812090538
8289,0.0007866150699555874,0.0007967550118337385,3.3594147146503635e-06,0.0006894276812090538
8290,0.0007878378964960575,0.0009318188604083844,3.3569280834942737e-06,0.0006894276812090538
8291,0.0009539725360809825,0.0008984072555904277,3.3544422983890388e-06,0.0006894276812090538
8292,0.0007581923346151598,0.0010720494319684803,3.351957360316003e-06,0.0006894276812090538
8293,0.0009121401162701659,0.0007849711255403236,3.3494732702561852e-06,0.0006894276812090538
8294,0.0008824528849800117,0.0007752503734081984,3.3469900291902593e-06,0.0006894276812090538
8295,0.0009807333699427545,0.000872964650625363,3.344507638098576e-06,0.0006894276812090538
8296,0.0008145971805788577,0.0009166288655251265,3.3420260979611385e-06,0.0006894276812090538
8297,0.0009599616896593943,0.0008367262635147199,3.339545409757624e-06,0.0006894276812090538
8298,0.0008435830168309622,0.0009300305609940551,3.3370655744673653e-06,0.0006894276812090538
8299,0.00098599107877817,0.0010614869461278431,3.3345865930693633e-06,0.0006894276812090538
8300,0.000996822192973923,0.0009295769632444717,3.332108466542281e-06,0.0006894276812090538
8301,0.0010535568872001022,0.0010260334893246181,3.3296311958644446e-06,0.0006894276812090538
8302,0.0008334725353051908,0.0009171780111500993,3.3271547820138386e-06,0.0006894276812090538
8303,0.0010877888707909733,0.0008925220317905769,3.324679225968115e-06,0.0006894276812090538
8304,0.0008649325463920832,0.0009107457590289414,3.322204528704579e-06,0.0006894276812090538
8305,0.0009436136315343902,0.0008126642642309889,3.3197306912002096e-06,0.0006894276812090538
8306,0.0008979463527793996,0.0009494062178418972,3.317257714431632e-06,0.0006894276812090538
8307,0.0008897518564481288,0.0008096732926787809,3.314785599375143e-06,0.0006894276812090538
8308,0.0007945154429762624,0.000796033775259275,3.3123143470066904e-06,0.0006894276812090538
8309,0.000923232983041089,0.0008094338190858252,3.309843958301887e-06,0.0006894276812090538
8310,0.000887640766450204,0.0008808497586869635,3.307374434236004e-06,0.0006894276812090538
8311,0.0010164855048060417,0.0008821053997962736,3.304905775783971e-06,0.0006894276812090538
8312,0.0008253500927821733,0.0007673015934415162,3.3024379839203726e-06,0.0006894276812090538
8313,0.0009437816624995321,0.0008518215618096292,3.299971059619458e-06,0.0006894276812090538
8314,0.00088196896831505,0.0008307591851917095,3.297505003855125e-06,0.0006894276812090538
8315,0.0010660015686880797,0.0008514031651429832,3.2950398176009357e-06,0.0006894276812090538
8316,0.0007787019821989816,0.0009999027315643616,3.292575501830108e-06,0.0006894276812090538
8317,0.0008163018137565814,0.0010342793320887722,3.2901120575155124e-06,0.0006894276812090538
8318,0.001004796395136509,0.0009360976036987267,3.287649485629678e-06,0.0006894276812090538
8319,0.0012031076112180017,0.0009232470474671572,3.2851877871447907e-06,0.0006894276812090538
8320,0.0009378710528835654,0.000912995143153239,3.2827269630326887e-06,0.0006894276812090538
8321,0.0008038356172619388,0.000973777765466366,3.2802670142648665e-06,0.0006894276812090538
8322,0.0007998301080078818,0.0009131370243267156,3.277807941812475e-06,0.0006894276812090538
8323,0.0009486721246503294,0.0009123185081989504,3.2753497466463133e-06,0.0006894276812090538
8324,0.0008280940528493375,0.0009930824635375757,3.272892429736841e-06,0.0006894276812090538
8325,0.0010187662483076565,0.0008925102301873267,3.270435992054166e-06,0.0006894276812090538
8326,0.0009596107483957894,0.001020271702145692,3.2679804345680536e-06,0.0006894276812090538
8327,0.0008037935622269288,0.001005056983558461,3.2655257582479155e-06,0.0006894276812090538
8328,0.0008666546418680809,0.0009181092827930115,3.2630719640628233e-06,0.0006894276812090538
8329,0.0009662440570537001,0.0009822061110753566,3.260619052981491e-06,0.0006894276812090538
8330,0.0008691686671227217,0.0008926394584705122,3.258167025972292e-06,0.0006894276812090538
8331,0.000909103691810742,0.0008625293121440336,3.255715884003247e-06,0.0006894276812090538
8332,0.0009742459951667115,0.0009754375860211439,3.2532656280420307e-06,0.0006894276812090538
8333,0.0010414144198875874,0.0010788157742354088,3.250816259055961e-06,0.0006894276812090538
8334,0.0009626959072193131,0.0008491301632602699,3.2483677780120134e-06,0.0006894276812090538
8335,0.0008487285085720941,0.0008043941124924459,3.245920185876805e-06,0.0006894276812090538
8336,0.0010424250140204094,0.0012837496396969073,3.243473483616613e-06,0.0006894276812090538
8337,0.001017431561194826,0.0010155189884244464,3.2410276721973515e-06,0.0006894276812090538
8338,0.0009157643726211973,0.0009328822488896549,3.238582752584591e-06,0.0006894276812090538
8339,0.000845883674628567,0.0010087127666338347,3.2361387257435446e-06,0.0006894276812090538
8340,0.0009062758690561168,0.0009302669277531095,3.2336955926390768e-06,0.0006894276812090538
8341,0.0008714732539374381,0.0010383617845945992,3.2312533542356974e-06,0.0006894276812090538
8342,0.0010163513361476362,0.0008083057982730679,3.2288120114975653e-06,0.0006894276812090538
8343,0.000991248722129967,0.0008879563611117192,3.2263715653884805e-06,0.0006894276812090538
8344,0.0010419034369988367,0.001157425889687147,3.2239320168718966e-06,0.0006894276812090538
8345,0.0009352137567475438,0.0008219949741032906,3.221493366910903e-06,0.0006894276812090538
8346,0.0009041379889822565,0.0009669589635450393,3.2190556164682468e-06,0.0006894276812090538
8347,0.0008408958892687224,0.0009959249218809418,3.2166187665063084e-06,0.0006894276812090538
8348,0.000981888166279532,0.0010296274049323983,3.214182817987121e-06,0.0006894276812090538
8349,0.0010514404639252461,0.0008330165946972556,3.2117477718723544e-06,0.0006894276812090538
8350,0.0009889891152852215,0.0009690038277767599,3.2093136291233294e-06,0.0006894276812090538
8351,0.0010255811357637867,0.000889227754669264,3.2068803907010057e-06,0.0006894276812090538
8352,0.0007958358037285507,0.0010921178545686416,3.2044480575659895e-06,0.0006894276812090538
8353,0.0008928226452553645,0.0008637852006359026,3.2020166306785238e-06,0.0006894276812090538
8354,0.0009102564363274723,0.0008102874380711,3.1995861109985015e-06,0.0006894276812090538
8355,0.0008460180761176161,0.0008753740039537661,3.197156499485447e-06,0.0006894276812090538
8356,0.0009709327641758136,0.0009005406318465248,3.19472779709854e-06,0.0006894276812090538
8357,0.0010041709829238243,0.0008207281280192547,3.192300004796589e-06,0.0006894276812090538
8358,0.0010070281059597619,0.000825291863293387,3.1898731235380507e-06,0.0006894276812090538
8359,0.0011032019538106397,0.0010600683817756362,3.187447154281016e-06,0.0006894276812090538
8360,0.0009291780806961469,0.000971566085354425,3.185022097983221e-06,0.0006894276812090538
8361,0.001056698354659602,0.000953884213231504,3.1825979556020394e-06,0.0006894276812090538
8362,0.0009539066668367013,0.0008953360229497775,3.1801747280944864e-06,0.0006894276812090538
8363,0.00096597068477422,0.0009648149498389103,3.17775241641721e-06,0.0006894276812090538
8364,0.0007729585413471796,0.0008696405857335776,3.175331021526504e-06,0.0006894276812090538
8365,0.0009073714390979148,0.0008671066825627349,3.1729105443782932e-06,0.0006894276812090538
8366,0.00073404844806646,0.0007665685989195481,3.170490985928146e-06,0.0006894276812090538
8367,0.0009516420614090748,0.0009314937124145217,3.1680723471312663e-06,0.0006894276812090538
8368,0.0009406669560121372,0.0008347292023245245,3.165654628942492e-06,0.0006894276812090538
8369,0.0008668153750477359,0.0010830752362380736,3.1632378323163012e-06,0.0006894276812090538
8370,0.0009710601880215108,0.0009518355145701207,3.160821958206807e-06,0.0006894276812090538
8371,0.0007959501162986271,0.0007817784280632623,3.15840700756776e-06,0.0006894276812090538
8372,0.000910153379663825,0.0009231461444869637,3.1559929813525412e-06,0.0006894276812090538
8373,0.0009346526785520837,0.0008937599050113931,3.1535798805141728e-06,0.0006894276812090538
8374,0.0009428492339793593,0.0009123986164922826,3.151167706005306e-06,0.0006894276812090538
8375,0.0008440996753051877,0.0009089134546229616,3.1487564587782306e-06,0.0006894276812090538
8376,0.0008675276549183764,0.0008460931494482793,3.146346139784869e-06,0.0006894276812090538
8377,0.0009440125941182487,0.0009636078975745477,3.143936749976778e-06,0.0006894276812090538
8378,0.0007964861651998945,0.0007837450611987151,3.1415282903051434e-06,0.0006894276812090538
8379,0.000948237458942458,0.0008495507790939882,3.1391207617207907e-06,0.0006894276812090538
8380,0.0008998591147246771,0.0008340049898833968,3.136714165174169e-06,0.0006894276812090538
8381,0.0008220088056987152,0.0009245037144864909,3.1343085016153707e-06,0.0006894276812090538
8382,0.0008752290159463882,0.0008196120397769846,3.131903771994109e-06,0.0006894276812090538
8383,0.0007795636847731657,0.0009269632937503047,3.1294999772597364e-06,0.0006894276812090538
8384,0.0008134729068842717,0.0008124360101646744,3.12709711836123e-06,0.0006894276812090538
8385,0.001065919961547479,0.001014252433378715,3.1246951962472018e-06,0.0006894276812090538
8386,0.001006481259537395,0.0008070410985965282,3.122294211865892e-06,0.0006894276812090538
8387,0.0009537527075735852,0.0008372877055080608,3.1198941661651733e-06,0.0006894276812090538
8388,0.0008918980020098388,0.000818407628685236,3.1174950600925435e-06,0.0006894276812090538
8389,0.0008644842455396429,0.0009707393182907254,3.115096894595133e-06,0.0006894276812090538
8390,0.0007839844402042218,0.0010495849564904347,3.112699670619696e-06,0.0006894276812090538
8391,0.0008740468838368542,0.0007906719692982733,3.110303389112625e-06,0.0006894276812090538
8392,0.0010589093071757816,0.0010506744802114554,3.1079080510199286e-06,0.0006894276812090538
8393,0.000968914209806826,0.0009016850453917868,3.105513657287252e-06,0.0006894276812090538
8394,0.0010184954444412142,0.0008986601897049695,3.1031202088598604e-06,0.0006894276812090538
8395,0.0007385390708805062,0.000872312841238454,3.1007277066826515e-06,0.0006894276812090538
8396,0.0009480419976171106,0.0009732485268614255,3.098336151700146e-06,0.0006894276812090538
8397,0.0009450512734474614,0.0009826512323343195,3.095945544856495e-06,0.0006894276812090538
8398,0.0011544726876309142,0.0008846548153087497,3.0935558870954687e-06,0.0006894276812090538
8399,0.0008758665862842463,0.0009073606779566035,3.091167179360469e-06,0.0006894276812090538
8400,0.0012491888628574088,0.000875613528478425,3.0887794225945143e-06,0.0006894276812090538
8401,0.0009503419350949116,0.000755467226554174,3.086392617740261e-06,0.0006894276812090538
8402,0.0008866422867868096,0.0009526253852527589,3.0840067657399768e-06,0.0006894276812090538
8403,0.0007954625034471974,0.0009222580047207884,3.0816218675355604e-06,0.0006894276812090538
8404,0.0009332025801995769,0.001224758816533722,3.07923792406853e-06,0.0006894276812090538
8405,0.0008275041254819371,0.0009657301125116646,3.0768549362800292e-06,0.0006894276812090538
8406,0.0009033004753291607,0.0009247754169336986,3.0744729051108243e-06,0.0006894276812090538
8407,0.0007739769644103944,0.0008816334375296719,3.0720918315013053e-06,0.0006894276812090538
8408,0.0007416354783345014,0.0009765347931534052,3.0697117163914793e-06,0.0006894276812090538
8409,0.001017692353343591,0.0010235562876914628,3.0673325607209807e-06,0.0006894276812090538
8410,0.0009046141422004439,0.0007600808239658363,3.0649543654290593e-06,0.0006894276812090538
8411,0.0011433801919338293,0.0008471086621284485,3.062577131454591e-06,0.0006894276812090538
8412,0.0008143993327394128,0.0009146875163423829,3.0602008597360697e-06,0.0006894276812090538
8413,0.0008870033998391591,0.000860144842590671,3.0578255512116115e-06,0.0006894276812090538
8414,0.0007273850569617935,0.0007711767102591693,3.055451206818948e-06,0.0006894276812090538
8415,0.0008184656035155058,0.0009788359384401701,3.0530778274954336e-06,0.0006894276812090538
8416,0.000816892395960167,0.0007715577376075089,3.0507054141780427e-06,0.0006894276812090538
8417,0.0008847312710713595,0.000871274751261808,3.0483339678033635e-06,0.0006894276812090538
8418,0.0008769028499955311,0.0009590906629455276,3.0459634893076082e-06,0.0006894276812090538
8419,0.0007433311038766988,0.0008044717615121044,3.0435939796266018e-06,0.0006894276812090538
8420,0.0008397769852308556,0.0009046065533766523,3.0412254396957896e-06,0.0006894276812090538
8421,0.0009980114191421308,0.0008635637859697454,3.0388578704502345e-06,0.0006894276812090538
8422,0.0009337280862382613,0.0008517179448972456,3.0364912728246172e-06,0.0006894276812090538
8423,0.0008332092838827521,0.0008451957110082731,3.034125647753229e-06,0.0006894276812090538
8424,0.0009563482599332929,0.0009578134704497643,3.031760996169985e-06,0.0006894276812090538
8425,0.0008735657829674892,0.0010647957678884268,3.0293973190084067e-06,0.0006894276812090538
8426,0.0010202678895439021,0.0009101471441681497,3.0270346172016435e-06,0.0006894276812090538
8427,0.0007966906487126835,0.0007491997821489349,3.0246728916824477e-06,0.0006894276812090538
8428,0.0009413275038241409,0.0007675111992284656,3.0223121433831943e-06,0.0006894276812090538
8429,0.0009440352005185559,0.0008357351471204311,3.019952373235866e-06,0.0006894276812090538
8430,0.0007550046357209794,0.0009157723834505305,3.0175935821720645e-06,0.0006894276812090538
8431,0.0008425022679148242,0.0009101868054131046,3.0152357711230025e-06,0.0006894276812090538
8432,0.0008807707708911039,0.0009052837121998891,3.0128789410195094e-06,0.0006894276812090538
8433,0.0009214148594764993,0.000912738498300314,3.0105230927920196e-06,0.0006894276812090538
8434,0.000775442247686442,0.0008461864345008507,3.008168227370589e-06,0.0006894276812090538
8435,0.000952957256231457,0.0008321672212332487,3.005814345684876e-06,0.0006894276812090538
8436,0.0011784115122281946,0.0008214480403694324,3.0034614486641624e-06,0.0006894276812090538
8437,0.0007195888974820264,0.0007950441431603394,3.00110953723733e-06,0.0006894276812090538
8438,0.0009273957693949342,0.0010128256399184465,2.9987586123328782e-06,0.0006894276812090538
8439,0.0008439444791292772,0.0008270276375696994,2.9964086748789133e-06,0.0006894276812090538
8440,0.0008745899249333888,0.0008525195953552611,2.994059725803156e-06,0.0006894276812090538
8441,0.0009814166987780482,0.0008957088139140978,2.9917117660329286e-06,0.0006894276812090538
8442,0.0008368396811420098,0.0009109464299399406,2.989364796495176e-06,0.0006894276812090538
8443,0.0008607271884102374,0.0008992495058919303,2.9870188181164393e-06,0.0006894276812090538
8444,0.0009425601456314325,0.0009017661650432274,2.9846738318228773e-06,0.0006894276812090538
8445,0.001192487106891349,0.0008146919644786976,2.9823298385402493e-06,0.0006894276812090538
8446,0.0007362239994108677,0.0008170016080839559,2.979986839193929e-06,0.0006894276812090538
8447,0.0008179231735994108,0.0007888523032306693,2.9776448347088953e-06,0.0006894276812090538
8448,0.0008558609770261683,0.0012559404131025076,2.975303826009736e-06,0.0006894276812090538
8449,0.001059087175235618,0.0010661779451766051,2.9729638140206413e-06,0.0006894276812090538
8450,0.000989973807008937,0.0008819561771815643,2.9706247996654137e-06,0.0006894276812090538
8451,0.0009008805282064714,0.0008472482732031494,2.9682867838674545e-06,0.0006894276812090538
8452,0.0008939022154663689,0.0008896407307474874,2.9659497675497816e-06,0.0006894276812090538
8453,0.0010025838855654001,0.0008667977745062672,2.9636137516350074e-06,0.0006894276812090538
8454,0.0008584598108427599,0.0007199094397947192,2.9612787370453567e-06,0.0006894276812090538
8455,0.0008936556259868667,0.0009007459375425242,2.958944724702654e-06,0.0006894276812090538
8456,0.0008659160303068347,0.0008679208622197621,2.956611715528331e-06,0.0006894276812090538
8457,0.0007732003359706141,0.0007998497821972705,2.954279710443423e-06,0.0006894276812090538
8458,0.0011484066781122237,0.0008319814514834434,2.951948710368571e-06,0.0006894276812090538
8459,0.0007551696617156267,0.0007855728108552285,2.949618716224013e-06,0.0006894276812090538
8460,0.0009251679293811321,0.0007968506251927465,2.9472897289295968e-06,0.0006894276812090538
8461,0.0008730320623726584,0.0010192468980676495,2.944961749404767e-06,0.0006894276812090538
8462,0.0007999811568879522,0.0009222308435710147,2.9426347785685753e-06,0.0006894276812090538
8463,0.000989618456515018,0.0010642354245646857,2.940308817339673e-06,0.0006894276812090538
8464,0.0009908643987728283,0.0009678509377408773,2.9379838666363113e-06,0.0006894276812090538
8465,0.0008856337371980771,0.000867235183250159,2.9356599273763432e-06,0.0006894276812090538
8466,0.0008724094586796127,0.0009192100624204613,2.9333370004772255e-06,0.0006894276812090538
8467,0.0007736654952168465,0.0007637194648850709,2.9310150868560126e-06,0.0006894276812090538
8468,0.0009720787129481323,0.0008732733549550176,2.928694187429358e-06,0.0006894276812090538
8469,0.0009369663603138179,0.001061903800291475,2.9263743031135174e-06,0.0006894276812090538
8470,0.0009191442877636291,0.0008944215078372508,2.924055434824342e-06,0.0006894276812090538
8471,0.0011811134972958826,0.0008306333766086027,2.921737583477286e-06,0.0006894276812090538
8472,0.0008773532608756796,0.0011206072231289,2.9194207499874004e-06,0.0006894276812090538
8473,0.0007551028902526014,0.0009382422867929563,2.917104935269336e-06,0.0006894276812090538
8474,0.0009052329405676574,0.0008370884897885844,2.9147901402373355e-06,0.0006894276812090538
8475,0.0008537623361917213,0.0009996783119277097,2.912476365805248e-06,0.0006894276812090538
8476,0.0009195425736834295,0.0007649461331311613,2.91016361288651e-06,0.0006894276812090538
8477,0.0009605419254512526,0.0009623419755371287,2.907851882394165e-06,0.0006894276812090538
8478,0.000979716845904477,0.00100876392389182,2.905541175240844e-06,0.0006894276812090538
8479,0.0008090782866929658,0.0007617683077114634,2.90323149233878e-06,0.0006894276812090538
8480,0.0007248256370075978,0.0008973804797278717,2.900922834599797e-06,0.0006894276812090538
8481,0.0008265469150501303,0.0007551087328465655,2.898615202935317e-06,0.0006894276812090538
8482,0.0009406960416526999,0.0008514975779689848,2.896308598256357e-06,0.0006894276812090538
8483,0.0009645827158237807,0.0009009229324874468,2.894003021473529e-06,0.0006894276812090538
8484,0.0008647619688417763,0.0009602827703929506,2.891698473497036e-06,0.0006894276812090538
8485,0.0008919656611396931,0.00108233917853795,2.8893949552366795e-06,0.0006894276812090538
8486,0.0009004486419144087,0.0010433924908284098,2.887092467601848e-06,0.0006894276812090538
8487,0.0008080800253082998,0.0007498223494621925,2.884791011501532e-06,0.0006894276812090538
8488,0.0008611540324636735,0.0009237824378942605,2.882490587844307e-06,0.0006894276812090538
8489,0.0008975574455689639,0.0008659758459543809,2.8801911975383455e-06,0.0006894276812090538
8490,0.0009109822058235295,0.0010090575451613404,2.8778928414914085e-06,0.0006894276812090538
8491,0.000769581129134167,0.0008445813291473314,2.8755955206108513e-06,0.0006894276812090538
8492,0.000850161028211005,0.0008210420637624338,2.87329923580362e-06,0.0006894276812090538
8493,0.0009164955918095075,0.0009193837686325423,2.871003987976253e-06,0.0006894276812090538
8494,0.0008268008023151197,0.0009825029483181424,2.8687097780348747e-06,0.0006894276812090538
8495,0.0009656626716605388,0.0009547950612613931,2.866416606885206e-06,0.0006894276812090538
8496,0.0009983215932152234,0.0010407641748315655,2.86412447543255e-06,0.0006894276812090538
8497,0.000868348575750133,0.0010375943966209888,2.8618333845818102e-06,0.0006894276812090538
8498,0.0009018515484058298,0.0008520343981217593,2.8595433352374675e-06,0.0006894276812090538
8499,0.0010152490503969602,0.0009268732319469564,2.8572543283036012e-06,0.0006894276812090538
8500,0.0008561174909118563,0.0009068096333066933,2.8549663646838717e-06,0.0006894276812090538
8501,0.0009268024150514975,0.0009256033226847649,2.8526794452815314e-06,0.0006894276812090538
8502,0.0008526581223122776,0.0008434557821601629,2.8503935709994214e-06,0.0006894276812090538
8503,0.0008588007476646453,0.0007922047188912984,2.8481087427399693e-06,0.0006894276812090538
8504,0.0008712726485100575,0.0007735205217613839,2.845824961405186e-06,0.0006894276812090538
8505,0.0008071106640272774,0.0009709062069305219,2.843542227896676e-06,0.0006894276812090538
8506,0.0010572698301984929,0.0007240465274662711,2.8412605431156216e-06,0.0006894276812090538
8507,0.0008026178038562648,0.0007699150737607852,2.8389799079628e-06,0.0006894276812090538
8508,0.0007887174651841633,0.0008141168145812117,2.8367003233385666e-06,0.0006894276812090538
8509,0.0007380495662800968,0.0011309196779620834,2.83442179014287e-06,0.0006894276812090538
8510,0.0010197540104854852,0.0008438859658781439,2.8321443092752337e-06,0.0006894276812090538
8511,0.0009486541166552342,0.0009073098553926684,2.8298678816347733e-06,0.0006894276812090538
8512,0.0009293614857597277,0.001090649158868473,2.8275925081201887e-06,0.0006894276812090538
8513,0.001050780454534106,0.0012592621860676445,2.825318189629757e-06,0.0006894276812090538
8514,0.0008509879262419418,0.000978585536358878,2.823044927061347e-06,0.0006894276812090538
8515,0.0008141960497596301,0.0007813349584466778,2.820772721312404e-06,0.0006894276812090538
8516,0.0008699761601747014,0.000866005924763158,2.8185015732799595e-06,0.0006894276812090538
8517,0.0008797240661806427,0.0009463005553698167,2.8162314838606263e-06,0.0006894276812090538
8518,0.0009494621044723317,0.00081379666517023,2.8139624539506028e-06,0.0006894276812090538
8519,0.0009191445933538489,0.0008875820640241727,2.8116944844456626e-06,0.0006894276812090538
8520,0.0008927382514229976,0.0007869323744671419,2.809427576241167e-06,0.0006894276812090538
8521,0.0007420554757118225,0.0009519987070234492,2.8071617302320505e-06,0.0006894276812090538
8522,0.001029306156851817,0.0007509698334615678,2.8048969473128394e-06,0.0006894276812090538
8523,0.0009575738149578683,0.0008338331972481683,2.80263322837763e-06,0.0006894276812090538
8524,0.0008424365369137377,0.0008333602163475007,2.8003705743201053e-06,0.0006894276812090538
8525,0.0008736404779483564,0.0009024293685797602,2.7981089860335227e-06,0.0006894276812090538
8526,0.000828471194836311,0.0008814200045890175,2.795848464410722e-06,0.0006894276812090538
8527,0.0008848724974086508,0.0009010642970679328,2.7935890103441228e-06,0.0006894276812090538
8528,0.0009220203064614907,0.0008657458092784509,2.7913306247257234e-06,0.0006894276812090538
8529,0.000904979751794599,0.0010500628486624919,2.7890733084470935e-06,0.0006894276812090538
8530,0.0008028106167330407,0.0008680011160322465,2.78681706239939e-06,0.0006894276812090538
8531,0.0008858500514179468,0.0009883810162136797,2.7845618874733393e-06,0.0006894276812090538
8532,0.0010918729458353482,0.0008638917352072895,2.7823077845592542e-06,0.0006894276812090538
8533,0.0010320429355488159,0.0008936341837397777,2.780054754547014e-06,0.0006894276812090538
8534,0.000913772513740696,0.0008016873471206054,2.7778027983260832e-06,0.0006894276812090538
8535,0.001047402918629814,0.0009118660746025853,2.775551916785494e-06,0.0006894276812090538
8536,0.0009247560446965508,0.0008925910588004626,2.773302110813862e-06,0.0006894276812090538
8537,0.000930175454413984,0.0009027516498463228,2.7710533812993734e-06,0.0006894276812090538
8538,0.0008289272882393561,0.0009438270935788751,2.768805729129794e-06,0.0006894276812090538
8539,0.0009350239124614745,0.0008533873333362862,2.7665591551924566e-06,0.0006894276812090538
8540,0.0008608906282461248,0.0009309636006946675,2.7643136603742767e-06,0.0006894276812090538
8541,0.0008558361805626191,0.00082589135854505,2.7620692455617365e-06,0.0006894276812090538
8542,0.0008639093721285462,0.0008549629128538072,2.7598259116409006e-06,0.0006894276812090538
8543,0.0008692765768500976,0.0007681465867790394,2.757583659497397e-06,0.0006894276812090538
8544,0.0007310728178708814,0.0010421114930068143,2.7553424900164353e-06,0.0006894276812090538
8545,0.0008482172197545879,0.000847322131448891,2.753102404082789e-06,0.0006894276812090538
8546,0.0007329912405111827,0.0009043954050866887,2.7508634025808116e-06,0.0006894276812090538
8547,0.0010082352964673191,0.0008754918453632854,2.7486254863944253e-06,0.0006894276812090538
8548,0.0008266406584880315,0.0008431777387158945,2.7463886564071243e-06,0.0006894276812090538
8549,0.0010082396256620996,0.0007820426399121061,2.7441529135019726e-06,0.0006894276812090538
8550,0.001027400248858612,0.0008306419913424179,2.7419182585616073e-06,0.0006894276812090538
8551,0.0008571048892918043,0.0007789617084199563,2.7396846924682315e-06,0.0006894276812090538
8552,0.0009374356013722718,0.0008008630611584522,2.737452216103626e-06,0.0006894276812090538
8553,0.0008518181639374234,0.0008573983504902571,2.7352208303491343e-06,0.0006894276812090538
8554,0.0008661497849971056,0.0008487228551530279,2.7329905360856743e-06,0.0006894276812090538
8555,0.0008106124223559164,0.0011292657218291424,2.730761334193728e-06,0.0006894276812090538
8556,0.0008948363829404116,0.0007784230401739478,2.7285332255533517e-06,0.0006894276812090538
8557,0.0008763417499721982,0.0009989928585127927,2.7263062110441675e-06,0.0006894276812090538
8558,0.0011098741015302949,0.0009507855211268179,2.7240802915453627e-06,0.0006894276812090538
8559,0.0009095965069718659,0.0008758154872339219,2.7218554679356966e-06,0.0006894276812090538
8560,0.0010795531052281149,0.0008934295692597516,2.7196317410934964e-06,0.0006894276812090538
8561,0.0009709236692287959,0.0008944670116761699,2.7174091118966506e-06,0.0006894276812090538
8562,0.0011338165277265944,0.0010594414270599373,2.7151875812226193e-06,0.0006894276812090538
8563,0.000822890862764325,0.0009876102121779695,2.71296714994843e-06,0.0006894276812090538
8564,0.0009025242834468372,0.0009187053656205535,2.7107478189506697e-06,0.0006894276812090538
8565,0.0008412061652052216,0.0009375295339850709,2.7085295891054997e-06,0.0006894276812090538
8566,0.0009564574575051665,0.0008214374538511038,2.7063124612886375e-06,0.0006894276812090538
8567,0.0009357646486023441,0.0008313753787660971,2.7040964363753722e-06,0.0006894276812090538
8568,0.0007376965368166566,0.0008818538408377208,2.701881515240555e-06,0.0006894276812090538
8569,0.0008818940987112001,0.0011541487037902698,2.6996676987586037e-06,0.0006894276812090538
8570,0.0009530064562568441,0.001051473584084306,2.697454987803495e-06,0.0006894276812090538
8571,0.0010016292144428007,0.0009766203438630328,2.695243383248774e-06,0.0006894276812090538
8572,0.0010025767332990654,0.00106533314101398,2.6930328859675438e-06,0.0006894276812090538
8573,0.000914053336600773,0.0010295185347786173,2.6908234968324803e-06,0.0006894276812090538
8574,0.0008793369488557801,0.0008569785495637916,2.688615216715809e-06,0.0006894276812090538
8575,0.0008968752590590157,0.0008704612700967118,2.6864080464893284e-06,0.0006894276812090538
8576,0.0007947259291540831,0.0012100217718398198,2.6842019870243905e-06,0.0006894276812090538
8577,0.0008579868954257108,0.000828686315799132,2.6819970391919147e-06,0.0006894276812090538
8578,0.0008933877688832581,0.0009120238973991945,2.679793203862379e-06,0.0006894276812090538
8579,0.0009519650557194836,0.0007045892925816588,2.6775904819058247e-06,0.0006894276812090538
8580,0.0008370337527594529,0.0007966319681145251,2.6753888741918486e-06,0.0006894276812090538
8581,0.0008657625949126668,0.000859569336171262,2.6731883815896126e-06,0.0006894276812090538
8582,0.000778490946686361,0.0008843157411320135,2.670989004967833e-06,0.0006894276812090538
8583,0.0009124138305196539,0.0009305833227699623,2.6687907451947942e-06,0.0006894276812090538
8584,0.0007723137823631987,0.000931492293602787,2.6665936031383296e-06,0.0006894276812090538
8585,0.0008878733497112989,0.0008607786294305697,2.66439757966584e-06,0.0006894276812090538
8586,0.0008572108381486032,0.0007576318894280121,2.662202675644277e-06,0.0006894276812090538
8587,0.0009005215906654485,0.0010188889937126078,2.660008891940156e-06,0.0006894276812090538
8588,0.0009748602533363737,0.0009495347840129398,2.657816229419547e-06,0.0006894276812090538
8589,0.0007913666995591484,0.0009844788874033839,2.6556246889480817e-06,0.0006894276812090538
8590,0.0010303800881956704,0.0008719349498278461,2.6534342713909402e-06,0.0006894276812090538
8591,0.0009104617201955989,0.0007211630436358973,2.65124497761287e-06,0.0006894276812090538
8592,0.0008589420831413008,0.000781878137786407,2.6490568084781634e-06,0.0006894276812090538
8593,0.0009314869239460677,0.0008003729017218575,2.646869764850682e-06,0.0006894276812090538
8594,0.0008987275286926888,0.0008806394907878712,2.6446838475938305e-06,0.0006894276812090538
8595,0.0011005885680788197,0.0007731564692221582,2.6424990575705783e-06,0.0006894276812090538
8596,0.0008970633061835542,0.0009129004974965937,2.6403153956434426e-06,0.0006894276812090538
8597,0.0010496117538423277,0.0011735366861103103,2.6381328626745e-06,0.0006894276812090538
8598,0.0007959737922647037,0.0008393255338887684,2.63595145952538e-06,0.0006894276812090538
8599,0.0008061758926487528,0.000782910363341216,2.6337711870572673e-06,0.0006894276812090538
8600,0.0008470409229630604,0.0008232669279095717,2.6315920461308963e-06,0.0006894276812090538
8601,0.0008567439872422256,0.0009623473306419328,2.6294140376065605e-06,0.0006894276812090538
8602,0.0009515626807115041,0.0008209436637116596,2.6272371623440994e-06,0.0006894276812090538
8603,0.0008267233934020624,0.0008119470949168317,2.625061421202911e-06,0.0006894276812090538
8604,0.0009131630431511439,0.0007077804766595364,2.6228868150419434e-06,0.0006894276812090538
8605,0.0007797202197252773,0.0008080215557129122,2.620713344719698e-06,0.0006894276812090538
8606,0.0008236967551056296,0.0008790073188720271,2.6185410110942233e-06,0.0006894276812090538
8607,0.0008475848590023816,0.000871040319907479,2.616369815023124e-06,0.0006894276812090538
8608,0.0009933975161402486,0.0009376075249747373,2.614199757363555e-06,0.0006894276812090538
8609,0.0009252763920812868,0.0010075299578602426,2.6120308389722185e-06,0.0006894276812090538
8610,0.0009117487206822261,0.0007561495440313593,2.6098630607053705e-06,0.0006894276812090538
8611,0.0008884405178832822,0.0008943136199377477,2.607696423418816e-06,0.0006894276812090538
8612,0.0008287761083920486,0.0008885238275979646,2.605530927967907e-06,0.0006894276812090538
8613,0.0007119427864381578,0.0008511020205332898,2.6033665752075484e-06,0.0006894276812090538
8614,0.0009709834557725117,0.0008431446985923685,2.6012033659921932e-06,0.0006894276812090538
8615,0.0007876753879827447,0.0011193746904609725,2.5990413011758396e-06,0.0006894276812090538
8616,0.0008200684387702495,0.0010335041588405147,2.5968803816120393e-06,0.0006894276812090538
8617,0.0008323545625898987,0.001081583155610133,2.594720608153885e-06,0.0006894276812090538
8618,0.0009603170692571439,0.0007992173486854881,2.592561981654027e-06,0.0006894276812090538
8619,0.0008437521537416615,0.0009181158311548643,2.590404502964652e-06,0.0006894276812090538
8620,0.0010056847386294976,0.0008112312134471722,2.588248172937502e-06,0.0006894276812090538
8621,0.0010437365490361117,0.0007561406237073243,2.586092992423858e-06,0.0006894276812090538
8622,0.0008891407633200288,0.00091002418048447,2.5839389622745535e-06,0.0006894276812090538
8623,0.0007866458108765073,0.0012795725124306045,2.581786083339965e-06,0.0006894276812090538
8624,0.001120387765695341,0.0008197325514629483,2.5796343564700173e-06,0.0006894276812090538
8625,0.0007459381231456064,0.0008650488525745459,2.5774837825141745e-06,0.0006894276812090538
8626,0.0008973230942501687,0.0011075160728069022,2.575334362321451e-06,0.0006894276812090538
8627,0.0008619740765425377,0.0009608762557036243,2.5731860967404014e-06,0.0006894276812090538
8628,0.0011190298173460178,0.0009593701252015308,2.571038986619132e-06,0.0006894276812090538
8629,0.0008438664008281194,0.0007844791180104949,2.568893032805283e-06,0.0006894276812090538
8630,0.0009350153704872355,0.0008887576186680235,2.5667482361460467e-06,0.0006894276812090538
8631,0.0009509889569017105,0.0008537948015145957,2.5646045974881515e-06,0.0006894276812090538
8632,0.0009294496267102659,0.0008243826086982153,2.5624621176778734e-06,0.0006894276812090538
8633,0.000873416916874703,0.0009109985185205005,2.5603207975610295e-06,0.0006894276812090538
8634,0.0007438055545208044,0.0008485885409754701,2.5581806379829808e-06,0.0006894276812090538
8635,0.0008821452283882536,0.0009290701855206862,2.5560416397886255e-06,0.0006894276812090538
8636,0.0008657661528559402,0.0007864245926612057,2.5539038038224086e-06,0.0006894276812090538
8637,0.0008332073484780267,0.0008886473297025077,2.55176713092831e-06,0.0006894276812090538
8638,0.0008500494514009915,0.0008249502716353163,2.54963162194986e-06,0.0006894276812090538
8639,0.0008500629992340691,0.0011241690008318983,2.54749727773012e-06,0.0006894276812090538
8640,0.0009468442367506213,0.0009795070363907143,2.545364099111697e-06,0.0006894276812090538
8641,0.000924645002669422,0.0008793467277428135,2.543232086936734e-06,0.0006894276812090538
8642,0.0008620521621196531,0.0007227193127619103,2.5411012420469165e-06,0.0006894276812090538
8643,0.0008546546232537366,0.0008308058459078893,2.538971565283469e-06,0.0006894276812090538
8644,0.00107166325324215,0.0010488574916962534,2.5368430574871556e-06,0.0006894276812090538
8645,0.0008656365898787044,0.0008651885800645687,2.534715719498274e-06,0.0006894276812090538
8646,0.0010292053048033267,0.0009470399236306548,2.5325895521566667e-06,0.0006894276812090538
8647,0.0009728905934025533,0.0008591134246671572,2.5304645563017084e-06,0.0006894276812090538
8648,0.0008880673703970388,0.0008427074862993322,2.5283407327723144e-06,0.0006894276812090538
8649,0.0007561376478406601,0.0008884092749212869,2.5262180824069373e-06,0.0006894276812090538
8650,0.000753895023080986,0.0008101032435661182,2.5240966060435674e-06,0.0006894276812090538
8651,0.000827636664325837,0.0008869969096849672,2.521976304519727e-06,0.0006894276812090538
8652,0.0008409719594055787,0.0009783380519365892,2.5198571786724778e-06,0.0006894276812090538
8653,0.0008825612676446326,0.0008876059073372744,2.51773922933842e-06,0.0006894276812090538
8654,0.0008900940447347239,0.0008304157818201929,2.5156224573536834e-06,0.0006894276812090538
8655,0.0008068544848356396,0.0008485934886266477,2.5135068635539364e-06,0.0006894276812090538
8656,0.0009218597406288609,0.0008016739302547649,2.5113924487743854e-06,0.0006894276812090538
8657,0.0008581171641708352,0.0008228088263422251,2.5092792138497627e-06,0.0006894276812090538
8658,0.0007800239036441781,0.0008677898731548339,2.507167159614343e-06,0.0006894276812090538
8659,0.0008362682419829071,0.0007644482029718347,2.505056286901933e-06,0.0006894276812090538
8660,0.0008917647501220927,0.0009257113124476746,2.502946596545868e-06,0.0006894276812090538
8661,0.0009947668149834499,0.001003943893010728,2.5008380893790246e-06,0.0006894276812090538
8662,0.0008093393189483322,0.0007616376169607975,2.498730766233803e-06,0.0006894276812090538
8663,0.0008660073217470199,0.0008599166612839326,2.4966246279421467e-06,0.0006894276812090538
8664,0.0008818385394988582,0.0008507640304742381,2.4945196753355215e-06,0.0006894276812090538
8665,0.0008908935778890736,0.001005553342110943,2.4924159092449323e-06,0.0006894276812090538
8666,0.0007321839075302705,0.0007728768687229604,2.49031333050091e-06,0.0006894276812090538
8667,0.0008925349175115116,0.0008907397859729826,2.4882119399335205e-06,0.0006894276812090538
8668,0.0007417970264214091,0.0007331594679271802,2.4861117383723593e-06,0.0006894276812090538
8669,0.0010270469865645282,0.0009883661405183375,2.484012726646555e-06,0.0006894276812090538
8670,0.000794995816249866,0.0007773407996864989,2.4819149055847603e-06,0.0006894276812090538
8671,0.0008190808730432764,0.0008200901065720245,2.4798182760151655e-06,0.0006894276812090538
8672,0.0007824756394256838,0.0009022232261486351,2.4777228387654815e-06,0.0006894276812090538
8673,0.0009022387239383534,0.0010485834864084609,2.47562859466296e-06,0.0006894276812090538
8674,0.0007505249377572909,0.0007936021829664242,2.4735355445343714e-06,0.0006894276812090538
8675,0.0009396749883308075,0.0008675479402882047,2.4714436892060214e-06,0.0006894276812090538
8676,0.0008533819200238213,0.0011325251834932715,2.4693530295037375e-06,0.0006894276812090538
8677,0.0007730826691840775,0.0008002494651009329,2.467263566252882e-06,0.0006894276812090538
8678,0.0008680853497935459,0.0009200518688885495,2.4651753002783417e-06,0.0006894276812090538
8679,0.0009358891402371228,0.0007952313317218795,2.4630882324045313e-06,0.0006894276812090538
8680,0.0008466887156828307,0.0009532773547107354,2.4610023634553903e-06,0.0006894276812090538
8681,0.0008419442092417739,0.0008486290971632116,2.458917694254389e-06,0.0006894276812090538
8682,0.0010996633063768968,0.0008244711279985495,2.4568342256245177e-06,0.0006894276812090538
8683,0.0009354844441986643,0.0008751770510571077,2.454751958388303e-06,0.0006894276812090538
8684,0.0009604839942767285,0.0009012125956360251,2.4526708933677855e-06,0.0006894276812090538
8685,0.0009256480989279225,0.0008666997673572041,2.4505910313845407e-06,0.0006894276812090538
8686,0.0008239337403210811,0.0009505261550657451,2.448512373259662e-06,0.0006894276812090538
8687,0.0009378083195770159,0.000851703756779898,2.446434919813772e-06,0.0006894276812090538
8688,0.0008190212829504162,0.0008721514532226138,2.4443586718670165e-06,0.0006894276812090538
8689,0.0010640400214469992,0.0008931043994380161,2.442283630239067e-06,0.0006894276812090538
8690,0.0008020393725018948,0.0009060369338840246,2.4402097957491134e-06,0.0006894276812090538
8691,0.0009278885190724395,0.0008207027276512235,2.4381371692158766e-06,0.0006894276812090538
8692,0.0009047670246218331,0.0010383895496488549,2.4360657514575933e-06,0.0006894276812090538
8693,0.0010766373234218918,0.0008571657308493741,2.4339955432920285e-06,0.0006894276812090538
8694,0.0008479304015054367,0.0008424242041655816,2.431926545536466e-06,0.0006894276812090538
8695,0.0008838532448862679,0.0008108741603791714,2.4298587590077167e-06,0.0006894276812090538
8696,0.001043627860781271,0.0007778707949910313,2.4277921845221063e-06,0.0006894276812090538
8697,0.0008891335164662451,0.001208561981911771,2.425726822895488e-06,0.0006894276812090538
8698,0.0010140532904188149,0.0008442334292340092,2.423662674943232e-06,0.0006894276812090538
8699,0.0007978860558068845,0.0006509824888780713,2.4215997414802313e-06,0.0006894276812090538
8700,0.000862040244101081,0.000861863445607014,2.419538023320901e-06,0.0006509824888780713
8701,0.0010447494496474974,0.001024232362397015,2.4174775212791755e-06,0.0006509824888780713
8702,0.0008402992061746772,0.0010121936065843329,2.4154182361685044e-06,0.0006509824888780713
8703,0.0007835900250938721,0.0007473883961210959,2.413360168801864e-06,0.0006509824888780713
8704,0.0009477292478550225,0.0010075273530674167,2.4113033199917476e-06,0.0006509824888780713
8705,0.0006845137613709085,0.0009445263858651742,2.4092476905501637e-06,0.0006509824888780713
8706,0.0008489102183375508,0.0008986956745502539,2.4071932812886427e-06,0.0006509824888780713
8707,0.001080860267393291,0.000793734951002989,2.4051400930182355e-06,0.0006509824888780713
8708,0.0008711417176527902,0.0007870398221712094,2.4030881265495053e-06,0.0006509824888780713
8709,0.0010123834072146565,0.0008723746723262593,2.4010373826925365e-06,0.0006509824888780713
8710,0.0008268447054433636,0.000818375192466192,2.398987862256933e-06,0.0006509824888780713
8711,0.0007121025773813017,0.0008968531110440381,2.3969395660518092e-06,0.0006509824888780713
8712,0.0007780286396155134,0.0009707206336315721,2.394892494885803e-06,0.0006509824888780713
8713,0.0008011588724912144,0.0009528216905891895,2.3928466495670618e-06,0.0006509824888780713
8714,0.0009214116362272762,0.0008255819193436764,2.3908020309032586e-06,0.0006509824888780713
8715,0.0007956028784974478,0.000952519869315438,2.3887586397015714e-06,0.0006509824888780713
8716,0.0010844545759027824,0.0009188783151330426,2.3867164767687023e-06,0.0006509824888780713
8717,0.0009110861283261329,0.0009195437087328173,2.3846755429108618e-06,0.0006509824888780713
8718,0.0008971535644377582,0.0007857178134145215,2.3826358389337806e-06,0.0006509824888780713
8719,0.000985956059594173,0.0007788612310832832,2.3805973656427e-06,0.0006509824888780713
8720,0.000817165695480071,0.000788699668191839,2.3785601238423784e-06,0.0006509824888780713
8721,0.0008843636533129029,0.0008061263433774002,2.3765241143370853e-06,0.0006509824888780713
8722,0.0010527447302592918,0.000987805331533309,2.3744893379306068e-06,0.0006509824888780713
8723,0.0010044753435067832,0.0008559922280255705,2.372455795426236e-06,0.0006509824888780713
8724,0.0008575159881729633,0.0008096212332020514,2.3704234876267895e-06,0.0006509824888780713
8725,0.0008872083053574897,0.0008357522674486972,2.368392415334586e-06,0.0006509824888780713
8726,0.0009131738406722434,0.0007848008863220457,2.3663625793514626e-06,0.0006509824888780713
8727,0.0010583846669760533,0.0008623951725894585,2.3643339804787646e-06,0.0006509824888780713
8728,0.0007827873414498754,0.0008430422021774575,2.362306619517352e-06,0.0006509824888780713
8729,0.0009310434470535256,0.0008837824789225124,2.3602804972675938e-06,0.0006509824888780713
8730,0.0009264450636692345,0.0007918654446257278,2.3582556145293736e-06,0.0006509824888780713
8731,0.0007477563558495604,0.000879491853993386,2.35623197210208e-06,0.0006509824888780713
8732,0.001058993315382395,0.0009143564602709375,2.3542095707846172e-06,0.0006509824888780713
8733,0.0008363628076040186,0.0011084285797551274,2.3521884113753937e-06,0.0006509824888780713
8734,0.0009165446172119118,0.0008647755166748539,2.350168494672336e-06,0.0006509824888780713
8735,0.0008008218428585678,0.0009477196872467175,2.3481498214728716e-06,0.0006509824888780713
8736,0.0007794306220603175,0.0008624390320619568,2.3461323925739436e-06,0.0006509824888780713
8737,0.0006785176083212718,0.0009182948124362156,2.3441162087719978e-06,0.0006509824888780713
8738,0.0008488881794619374,0.0007174852107709739,2.342101270862993e-06,0.0006509824888780713
8739,0.0007799236191203818,0.0008132256480166689,2.3400875796423955e-06,0.0006509824888780713
8740,0.0008832145540509373,0.0010253045475110412,2.338075135905179e-06,0.0006509824888780713
8741,0.0009539598395349458,0.0007609161693835631,2.3360639404458227e-06,0.0006509824888780713
8742,0.0008817939160508104,0.0009475514088990167,2.334053994058317e-06,0.0006509824888780713
8743,0.0009310303430538625,0.0008336644095834345,2.332045297536154e-06,0.0006509824888780713
8744,0.0008046135553740896,0.0007644419965799898,2.3300378516723365e-06,0.0006509824888780713
8745,0.0010831625186256133,0.0010328809294151142,2.3280316572593737e-06,0.0006509824888780713
8746,0.0008631871460238472,0.0010552920793998055,2.326026715089279e-06,0.0006509824888780713
8747,0.0008089524344541132,0.0008549404665245675,2.32402302595357e-06,0.0006509824888780713
8748,0.0008302424248540774,0.0007920898133306764,2.3220205906432723e-06,0.0006509824888780713
8749,0.0008923908389988355,0.0009451489822822623,2.3200194099489173e-06,0.0006509824888780713
8750,0.00089007563656196,0.0009160012123174965,2.3180194846605367e-06,0.0006509824888780713
8751,0.0008994937670649961,0.000808149554359261,2.3160208155676706e-06,0.0006509824888780713
8752,0.0007264480882440694,0.0008495729853166267,2.314023403459364e-06,0.0006509824888780713
8753,0.0009590921181370504,0.0008839115616865456,2.312027249124159e-06,0.0006509824888780713
8754,0.0008992879666038789,0.0008357003607670777,2.31003235335011e-06,0.0006509824888780713
8755,0.0009268991634598933,0.0009337149749626406,2.3080387169247686e-06,0.0006509824888780713
8756,0.0009743354967213236,0.0008489002721034922,2.30604634063519e-06,0.0006509824888780713
8757,0.001000320291495882,0.0009656043403083459,2.3040552252679337e-06,0.0006509824888780713
8758,0.0008833434185362421,0.0008944762739702128,2.30206537160906e-06,0.0006509824888780713
8759,0.0011881648460985161,0.0009417953915544786,2.3000767804441335e-06,0.0006509824888780713
8760,0.0006986965599935502,0.0008424234583799262,2.2980894525582162e-06,0.0006509824888780713
8761,0.0007785707857692614,0.0008132742077577859,2.296103388735876e-06,0.0006509824888780713
8762,0.0007786803798808251,0.0009126398217631504,2.294118589761176e-06,0.0006509824888780713
8763,0.0007662931166123599,0.0010193536800215952,2.2921350564176852e-06,0.0006509824888780713
8764,0.0007317750132642686,0.0010358235740568489,2.2901527894884723e-06,0.0006509824888780713
8765,0.0007946286568767391,0.0007028554246062413,2.288171789756105e-06,0.0006509824888780713
8766,0.0008574769017286599,0.001075329062587116,2.286192058002648e-06,0.0006509824888780713
8767,0.000862537490320392,0.0008593177917646244,2.284213595009671e-06,0.0006509824888780713
8768,0.0010453564173076302,0.0008147364787873812,2.2822364015582355e-06,0.0006509824888780713
8769,0.0008021863141038921,0.0008548865444026887,2.280260478428913e-06,0.0006509824888780713
8770,0.0010048080730484799,0.0008933673016144894,2.2782858264017595e-06,0.0006509824888780713
8771,0.0008492794368066825,0.0008210016239900142,2.276312446256342e-06,0.0006509824888780713
8772,0.0009172018253593706,0.0008471708351862617,2.2743403387717164e-06,0.0006509824888780713
8773,0.0007994435363798402,0.000798059678345453,2.27236950472644e-06,0.0006509824888780713
8774,0.0007867355016060174,0.0008200735101127066,2.2703999448985674e-06,0.0006509824888780713
8775,0.0010112039744853973,0.0008175913972081617,2.2684316600656512e-06,0.0006509824888780713
8776,0.000875707388331648,0.0010119685175595805,2.2664646510047358e-06,0.0006509824888780713
8777,0.0008081563137238845,0.0009024500832310878,2.264498918492368e-06,0.0006509824888780713
8778,0.000932159302465152,0.0009606086605344899,2.2625344633045843e-06,0.0006509824888780713
8779,0.0010268450569128618,0.0010432567287352867,2.2605712862169254e-06,0.0006509824888780713
8780,0.0012931502860737965,0.0009720621528686024,2.258609388004419e-06,0.0006509824888780713
8781,0.0010304039242328145,0.0009304654668085277,2.2566487694415938e-06,0.0006509824888780713
8782,0.0007667137251701206,0.0008154292299877852,2.254689431302468e-06,0.0006509824888780713
8783,0.0008338129337062128,0.0008038557643885724,2.252731374360559e-06,0.0006509824888780713
8784,0.0010669458060874604,0.0009491487653576769,2.250774599388877e-06,0.0006509824888780713
8785,0.0009432456499780528,0.0007300837787624914,2.248819107159926e-06,0.0006509824888780713
8786,0.0007909847481641918,0.0009007786575239152,2.246864898445702e-06,0.0006509824888780713
8787,0.0008468393061775714,0.0008276329826912843,2.244911974017698e-06,0.0006509824888780713
8788,0.0009522207692498341,0.0009720544985611923,2.2429603346468925e-06,0.0006509824888780713
8789,0.0007586447027279064,0.0009076986461877823,2.2410099811037682e-06,0.0006509824888780713
8790,0.0009709760124678724,0.0009823625223361887,2.23906091415829e-06,0.0006509824888780713
8791,0.0007919345662230626,0.0007848467939766124,2.2371131345799204e-06,0.0006509824888780713
8792,0.0008902284389478154,0.0007839679237804376,2.2351666431376103e-06,0.0006509824888780713
8793,0.0008259205860667862,0.0007713883605902083,2.2332214405998043e-06,0.0006509824888780713
8794,0.0008652888354845345,0.000702214652847033,2.231277527734439e-06,0.0006509824888780713
8795,0.0008280310576083139,0.0010892227292060852,2.2293349053089378e-06,0.0006509824888780713
8796,0.00107962225592928,0.0008513656648574397,2.227393574090219e-06,0.0006509824888780713
8797,0.0008024308699532412,0.0009610964043531567,2.2254535348446895e-06,0.0006509824888780713
8798,0.000805333664175123,0.0010582414251985028,2.223514788338245e-06,0.0006509824888780713
8799,0.0008920258478610776,0.0008509702529408969,2.2215773353362726e-06,0.0006509824888780713
8800,0.000783692485128995,0.0008336529281223193,2.2196411766036492e-06,0.0006509824888780713
8801,0.000760110815463122,0.0008322492758452427,2.217706312904737e-06,0.0006509824888780713
8802,0.000785873387940228,0.0007972150051500648,2.215772745003391e-06,0.0006509824888780713
8803,0.0008500188559992239,0.0008864599367370829,2.213840473662953e-06,0.0006509824888780713
8804,0.0009029693028423935,0.000830705976113677,2.211909499646255e-06,0.0006509824888780713
8805,0.001115129518439062,0.000787700955697801,2.2099798237156117e-06,0.0006509824888780713
8806,0.0008626731105323415,0.000792190789070446,2.208051446632832e-06,0.0006509824888780713
8807,0.0007881016499595717,0.0008782819932093844,2.2061243691592046e-06,0.0006509824888780713
8808,0.0009374551009386778,0.000747124184272252,2.2041985920555116e-06,0.0006509824888780713
8809,0.0008082035492407158,0.0008715490330359899,2.202274116082019e-06,0.0006509824888780713
8810,0.0008869490266079083,0.0012080008018529043,2.2003509419984807e-06,0.0006509824888780713
8811,0.0009025567414937541,0.0007674048756598495,2.198429070564133e-06,0.0006509824888780713
8812,0.0008541986680938862,0.0009523403787170537,2.196508502537703e-06,0.0006509824888780713
8813,0.0009589463370502926,0.0009772961129783653,2.194589238677397e-06,0.0006509824888780713
8814,0.0009832662690314464,0.0007784551271470264,2.1926712797409123e-06,0.0006509824888780713
8815,0.0008614895050413907,0.0008575175088481046,2.1907546264854284e-06,0.0006509824888780713
8816,0.0008219863520935178,0.0008218576258514076,2.1888392796676114e-06,0.0006509824888780713
8817,0.001019328374241013,0.0008785266109043732,2.1869252400436064e-06,0.0006509824888780713
8818,0.000888796967046801,0.0008532891370123252,2.185012508369049e-06,0.0006509824888780713
8819,0.0007726809635641985,0.0009247704510926269,2.1831010853990515e-06,0.0006509824888780713
8820,0.0008180053191608749,0.0009381718336953782,2.181190971888218e-06,0.0006509824888780713
8821,0.0007108403078746051,0.0009912597233778797,2.179282168590628e-06,0.0006509824888780713
8822,0.0008141407452058047,0.0007791893112880643,2.177374676259849e-06,0.0006509824888780713
8823,0.0008457688891212456,0.0007771759264869615,2.1754684956489267e-06,0.0006509824888780713
8824,0.000830221593787428,0.0007987713761394843,2.173563627510392e-06,0.0006509824888780713
8825,0.0008232607069658116,0.0009527273869025521,2.171660072596256e-06,0.0006509824888780713
8826,0.0009864252715487964,0.0008761828285059892,2.169757831658015e-06,0.0006509824888780713
8827,0.00100267946254462,0.0008957998943515122,2.1678569054466387e-06,0.0006509824888780713
8828,0.001042366202455014,0.0008454556664219126,2.1659572947125864e-06,0.0006509824888780713
8829,0.0009719877525640186,0.0009617269897717051,2.1640590002057914e-06,0.0006509824888780713
8830,0.0008427507054875605,0.0008996195974759758,2.1621620226756743e-06,0.0006509824888780713
8831,0.0008446923457086086,0.0009063681573024951,2.1602663628711277e-06,0.0006509824888780713
8832,0.000969727712799795,0.0010185838837060146,2.1583720215405315e-06,0.0006509824888780713
8833,0.0008103233412839472,0.0007991778766154312,2.156478999431739e-06,0.0006509824888780713
8834,0.0009434512467123568,0.0009476017512497492,2.1545872972920862e-06,0.0006509824888780713
8835,0.0008606756309745833,0.0009336275106761605,2.152696915868387e-06,0.0006509824888780713
8836,0.0008670980168972164,0.0008609661235823296,2.150807855906936e-06,0.0006509824888780713
8837,0.0007740571527392603,0.0009036240662680939,2.1489201181535012e-06,0.0006509824888780713
8838,0.0010210939217358828,0.0008718259850866161,2.147033703353334e-06,0.0006509824888780713
8839,0.0010419176614959724,0.0009576662341714837,2.1451486122511577e-06,0.0006509824888780713
8840,0.0008089533002930693,0.0008919389438233338,2.1432648455911804e-06,0.0006509824888780713
8841,0.0011155506253999192,0.0011001712846336886,2.1413824041170816e-06,0.0006509824888780713
8842,0.0009155098377959803,0.0008357515907846391,2.13950128857202e-06,0.0006509824888780713
8843,0.0008669389499118552,0.0008321925561176613,2.1376214996986284e-06,0.0006509824888780713
8844,0.0009422390394320246,0.0008887608055374585,2.135743038239019e-06,0.0006509824888780713
8845,0.0008143135855789296,0.00072719574382063,2.1338659049347796e-06,0.0006509824888780713
8846,0.0007664238219149411,0.000798403358203359,2.1319901005269707e-06,0.0006509824888780713
8847,0.0008060482068685815,0.0009549453316139989,2.130115625756131e-06,0.0006509824888780713
8848,0.0007289692803169601,0.0007915671885712072,2.1282424813622748e-06,0.0006509824888780713
8849,0.001111525714804884,0.0007930814608698711,2.1263706680848875e-06,0.0006509824888780713
8850,0.001015159607050009,0.0007664661970920861,2.1245001866629322e-06,0.0006509824888780713
8851,0.0008356446487596259,0.0010071068245451897,2.122631037834847e-06,0.0006509824888780713
8852,0.0008510828702128492,0.0007612302724737674,2.12076322233854e-06,0.0006509824888780713
8853,0.0009378248141729273,0.0008558906265534461,2.1188967409113954e-06,0.0006509824888780713
8854,0.0008143371305777691,0.000856542304973118,2.1170315942902713e-06,0.0006509824888780713
8855,0.0008368568305741064,0.0009022159429150634,2.1151677832114993e-06,0.0006509824888780713
8856,0.0008163419261109084,0.0008163251550286077,2.11330530841088e-06,0.0006509824888780713
8857,0.000931626716919709,0.0009365659061586484,2.1114441706236913e-06,0.0006509824888780713
8858,0.000824992050183937,0.0011004111293004826,2.109584370584678e-06,0.0006509824888780713
8859,0.0009582515194779262,0.0009530137976980768,2.1077259090280614e-06,0.0006509824888780713
8860,0.000865071575390175,0.001125148541177623,2.105868786687533e-06,0.0006509824888780713
8861,0.0010621024048305117,0.0011136723915114999,2.1040130042962555e-06,0.0006509824888780713
8862,0.0009757403313415125,0.0009621487042750232,2.1021585625868615e-06,0.0006509824888780713
8863,0.0008430968227912672,0.0009198277111863717,2.100305462291456e-06,0.0006509824888780713
8864,0.0009787761955522,0.0007995293199201114,2.0984537041416113e-06,0.0006509824888780713
8865,0.0008898152518668212,0.0009547916997689754,2.096603288868377e-06,0.0006509824888780713
8866,0.000959218006755691,0.0008645577981951647,2.0947542172022627e-06,0.0006509824888780713
8867,0.001148072631622199,0.000798525863501709,2.0929064898732563e-06,0.0006509824888780713
8868,0.0007095072869560681,0.0007833872004994191,2.091060107610809e-06,0.0006509824888780713
8869,0.0008088929243967868,0.0008324754380737431,2.0892150711438435e-06,0.0006509824888780713
8870,0.0008031895340536721,0.0010672851713025011,2.087371381200752e-06,0.0006509824888780713
8871,0.0009075118505279534,0.0009323831982328556,2.085529038509394e-06,0.0006509824888780713
8872,0.0007953825188451447,0.001025377365294844,2.083688043797096e-06,0.0006509824888780713
8873,0.000826311792479828,0.0009102116382564418,2.0818483977906555e-06,0.0006509824888780713
8874,0.0008458065858576447,0.000984170997980982,2.080010101216332e-06,0.0006509824888780713
8875,0.0006722730649926234,0.0007773437755531631,2.078173154799861e-06,0.0006509824888780713
8876,0.0008197173228836618,0.0008367324771825224,2.076337559266436e-06,0.0006509824888780713
8877,0.0009872574228211306,0.0009104639902943745,2.0745033153407237e-06,0.0006509824888780713
8878,0.0010624648202792741,0.0008174370959750377,2.0726704237468514e-06,0.0006509824888780713
8879,0.0008124217929434963,0.000889333532541059,2.0708388852084176e-06,0.0006509824888780713
8880,0.000928127919905819,0.0008977841716841795,2.0690087004484843e-06,0.0006509824888780713
8881,0.0009798887840588577,0.0008684378990437835,2.067179870189581e-06,0.0006509824888780713
8882,0.0009009605855681002,0.0007534022006439045,2.0653523951536983e-06,0.0006509824888780713
8883,0.000849616015329957,0.0008776898248470388,2.063526276062297e-06,0.0006509824888780713
8884,0.000753127365896944,0.0007897754330770113,2.061701513636296e-06,0.0006509824888780713
8885,0.0009196142564178444,0.0007015612864051946,2.059878108596088e-06,0.0006509824888780713
8886,0.0010854108404600993,0.0008205743215512484,2.0580560616615204e-06,0.0006509824888780713
8887,0.0010949292409350164,0.0009388531834702007,2.056235373551911e-06,0.0006509824888780713
8888,0.0008548990444978699,0.0009151761987595819,2.054416044986036e-06,0.0006509824888780713
8889,0.0009376624002470635,0.0010036450694315135,2.052598076682139e-06,0.0006509824888780713
8890,0.0007343527104239911,0.0007845769141567871,2.0507814693579264e-06,0.0006509824888780713
8891,0.0007823274208931252,0.0008885201896191575,2.0489662237305636e-06,0.0006509824888780713
8892,0.0008865013660397381,0.0008905405338737182,2.047152340516681e-06,0.0006509824888780713
8893,0.001175649304059334,0.0007031732093309984,2.045339820432374e-06,0.0006509824888780713
8894,0.0007598073352710344,0.0007492141085094772,2.0435286641931928e-06,0.0006509824888780713
8895,0.0008353327939403243,0.0010058749248855747,2.0417188725141555e-06,0.0006509824888780713
8896,0.000831542769446969,0.0008792774970061146,2.0399104461097396e-06,0.0006509824888780713
8897,0.0009103241609409451,0.0009379014081787318,2.0381033856938813e-06,0.0006509824888780713
8898,0.0007839204918127507,0.0007626763181178831,2.03629769197998e-06,0.0006509824888780713
8899,0.0010036437888629735,0.0007809043381712399,2.034493365680896e-06,0.0006509824888780713
8900,0.0008681890467414632,0.0007042587276373524,2.032690407508949e-06,0.0006509824888780713
8901,0.0007583746046293527,0.00111151828605216,2.0308888181759167e-06,0.0006509824888780713
8902,0.0007531829105573706,0.000857859464304056,2.02908859839304e-06,0.0006509824888780713
8903,0.0008999290366773494,0.0009496547099843156,2.0272897488710147e-06,0.0006509824888780713
8904,0.0008079198159975931,0.0009736611973494291,2.0254922703199993e-06,0.0006509824888780713
8905,0.0008663552143843845,0.000825716029794421,2.02369616344961e-06,0.0006509824888780713
8906,0.001096225569199305,0.0008292629790958017,2.021901428968923e-06,0.0006509824888780713
8907,0.0010112176241818815,0.0007763328612782061,2.020108067586468e-06,0.0006509824888780713
8908,0.0008595405815867707,0.0009729469966259785,2.0183160800102378e-06,0.0006509824888780713
8909,0.0011260596656939015,0.0008858641522238031,2.016525466947678e-06,0.0006509824888780713
8910,0.0009032050511450507,0.0009926094789989293,2.0147362291056983e-06,0.0006509824888780713
8911,0.0010621001638355665,0.0008744729348109104,2.0129483671906583e-06,0.0006509824888780713
8912,0.0008521908603142947,0.0008132109869620763,2.0111618819083806e-06,0.0006509824888780713
8913,0.0007831733237253502,0.0008016274587134831,2.009376773964137e-06,0.0006509824888780713
8914,0.0009037489726324566,0.0007821840845281258,2.0075930440626633e-06,0.0006509824888780713
8915,0.0009496280472376384,0.0008666573266964406,2.005810692908146e-06,0.0006509824888780713
8916,0.0011949802428716794,0.0008634783735033125,2.004029721204232e-06,0.0006509824888780713
8917,0.0009731695899972692,0.0007283851009560749,2.0022501296540163e-06,0.0006509824888780713
8918,0.0009123994532274082,0.0008276465814560652,2.0004719189600574e-06,0.0006509824888780713
8919,0.0007202938504633494,0.0008616190098109655,1.9986950898243607e-06,0.0006509824888780713
8920,0.0008298533575725742,0.0009076751666725613,1.996919642948395e-06,0.0006509824888780713
8921,0.0008327216783072799,0.0007530483198934235,1.995145579033075e-06,0.0006509824888780713
8922,0.0009025872641359456,0.0008529419610567857,1.9933728987787752e-06,0.0006509824888780713
8923,0.000907628120330628,0.0009469366996199824,1.9916016028853195e-06,0.0006509824888780713
8924,0.0008300576519104652,0.0008570544086978771,1.989831692051989e-06,0.0006509824888780713
8925,0.0012048033095197752,0.0007082474257913418,1.988063166977516e-06,0.0006509824888780713
8926,0.0007268308399943635,0.0008760848213569261,1.9862960283600876e-06,0.0006509824888780713
8927,0.0009315405186498538,0.0007340151787502691,1.9845302768973394e-06,0.0006509824888780713
8928,0.0009574827854521573,0.0007444797520292923,1.9827659132863647e-06,0.0006509824888780713
8929,0.0010781906603369862,0.0007333948378800415,1.9810029382237027e-06,0.0006509824888780713
8930,0.0008457750445813872,0.0008006198986549862,1.9792413524053537e-06,0.0006509824888780713
8931,0.0009484139809501357,0.0010411165785626508,1.9774811565267587e-06,0.0006509824888780713
8932,0.0008559366251574829,0.0008389674258069135,1.975722351282819e-06,0.0006509824888780713
8933,0.0008005754498299211,0.0008339931737282313,1.9739649373678802e-06,0.0006509824888780713
8934,0.0009510885283816606,0.0008003228140296414,1.9722089154757418e-06,0.0006509824888780713
8935,0.0007427067903336138,0.0008164457613020204,1.970454286299654e-06,0.0006509824888780713
8936,0.0007709314595558681,0.0007885036175139248,1.9687010505323184e-06,0.0006509824888780713
8937,0.0008334381491295062,0.0008961962812463753,1.9669492088658823e-06,0.0006509824888780713
8938,0.0009048983411048539,0.0009358183015137911,1.965198761991946e-06,0.0006509824888780713
8939,0.0007837869197828695,0.000824939357698895,1.9634497106015575e-06,0.0006509824888780713
8940,0.000811616650025826,0.0007469247429980896,1.961702055385215e-06,0.0006509824888780713
8941,0.000733230946934782,0.0008681516046635807,1.959955797032866e-06,0.0006509824888780713
8942,0.0007546977503807284,0.0009128605961450376,1.9582109362339048e-06,0.0006509824888780713
8943,0.000840254477225244,0.0008476023867842741,1.956467473677174e-06,0.0006509824888780713
8944,0.0009246109257219359,0.0008461295947199687,1.954725410050967e-06,0.0006509824888780713
8945,0.0009597343523637392,0.0010949623028864153,1.9529847460430205e-06,0.0006509824888780713
8946,0.0008270838225143962,0.0010689829869079404,1.9512454823405226e-06,0.0006509824888780713
8947,0.0009363505669170991,0.0007925069658085704,1.949507619630108e-06,0.0006509824888780713
8948,0.0009296849020756781,0.0007950793005875312,1.9477711585978553e-06,0.0006509824888780713
8949,0.0007334674446610734,0.000882570217072498,1.9460360999292924e-06,0.0006509824888780713
8950,0.0007761222295812331,0.0007939393835840747,1.9443024443093933e-06,0.0006509824888780713
8951,0.000866152135131415,0.0008198989453376271,1.942570192422579e-06,0.0006509824888780713
8952,0.0010039047410828061,0.000887107671587728,1.9408393449527127e-06,0.0006509824888780713
8953,0.0007990760132088326,0.0008403589818044566,1.9391099025831084e-06,0.0006509824888780713
8954,0.0009670243089203723,0.0008553935840609483,1.9373818659965195e-06,0.0006509824888780713
8955,0.0007784619956510141,0.000838785770611139,1.935655235875149e-06,0.0006509824888780713
8956,0.0009037843774422072,0.0008436139178229496,1.9339300129006423e-06,0.0006509824888780713
8957,0.0008732067872188054,0.0007975082990014926,1.932206197754093e-06,0.0006509824888780713
8958,0.000986976818239782,0.0007306920779228676,1.9304837911160322e-06,0.0006509824888780713
8959,0.0007244490698212758,0.0008774077577982098,1.9287627936664422e-06,0.0006509824888780713
8960,0.0007090103899827227,0.0009104310011025518,1.927043206084741e-06,0.0006509824888780713
8961,0.0008222610631491989,0.0008270340476883575,1.9253250290497997e-06,0.0006509824888780713
8962,0.0010623990019666962,0.0009263388492399827,1.9236082632399235e-06,0.0006509824888780713
8963,0.0007845525396987796,0.0007209687755675986,1.9218929093328676e-06,0.0006509824888780713
8964,0.0008135279640555382,0.0008419542646151967,1.920178968005823e-06,0.0006509824888780713
8965,0.0007493572047678754,0.0007222838903544471,1.9184664399354287e-06,0.0006509824888780713
8966,0.0009609644548618235,0.0008071305128396489,1.9167553257977636e-06,0.0006509824888780713
8967,0.0008283910428872332,0.0007619991374667734,1.9150456262683494e-06,0.0006509824888780713
8968,0.0009021288497024216,0.0008102295978460461,1.9133373420221458e-06,0.0006509824888780713
8969,0.0008379167993552983,0.000831788798677735,1.9116304737335593e-06,0.0006509824888780713
8970,0.000887397225596942,0.0008628711802884936,1.9099250220764304e-06,0.0006509824888780713
8971,0.0008686916407896206,0.0009179222106467932,1.908220987724049e-06,0.0006509824888780713
8972,0.0008249339007306844,0.0008010406309040263,1.9065183713491382e-06,0.0006509824888780713
8973,0.0007011995985521935,0.0008626691051176749,1.9048171736238655e-06,0.0006509824888780713
8974,0.0008917628510971554,0.000834434998978395,1.9031173952198348e-06,0.0006509824888780713
8975,0.0008286773299914785,0.0007728770578978583,1.9014190368080924e-06,0.0006509824888780713
8976,0.0008783581797615625,0.0008324397858814336,1.8997220990591246e-06,0.0006509824888780713
8977,0.0007842114137019962,0.0010504846213734709,1.8980265826428552e-06,0.0006509824888780713
8978,0.0007528093919972889,0.0008304365655931178,1.896332488228646e-06,0.0006509824888780713
8979,0.0008641037347842939,0.0010426684530102648,1.8946398164853004e-06,0.0006509824888780713
8980,0.0008294749350170605,0.0009286474669352174,1.8929485680810548e-06,0.0006509824888780713
8981,0.0011780546556110494,0.0007937905393191613,1.8912587436835928e-06,0.0006509824888780713
8982,0.000751900293835206,0.0008378454367630184,1.8895703439600256e-06,0.0006509824888780713
8983,0.0007981383387232199,0.001066631157300435,1.8878833695769096e-06,0.0006509824888780713
8984,0.0008831785671645775,0.0007230831324704923,1.8861978212002334e-06,0.0006509824888780713
8985,0.0010002260969486088,0.0008698714955244213,1.884513699495426e-06,0.0006509824888780713
8986,0.0007994024563231505,0.0009580568366800435,1.8828310051273511e-06,0.0006509824888780713
8987,0.0009755223800311796,0.0009697443165350705,1.8811497387603125e-06,0.0006509824888780713
8988,0.0010623538619256578,0.0009138684545177966,1.8794699010580437e-06,0.0006509824888780713
8989,0.0007987903663888574,0.0007167620278778486,1.8777914926837215e-06,0.0006509824888780713
8990,0.0007534117576142307,0.0008758906114962883,1.8761145142999518e-06,0.0006509824888780713
8991,0.0008208129074773751,0.0009332043409813195,1.8744389665687808e-06,0.0006509824888780713
8992,0.000879473882378079,0.0010166206484427676,1.8727648501516886e-06,0.0006509824888780713
8993,0.000825361130409874,0.0007289009299711324,1.8710921657095887e-06,0.0006509824888780713
8994,0.0011972593274549581,0.001025732337438967,1.869420913902831e-06,0.0006509824888780713
8995,0.0009014410243253224,0.0008402397725149058,1.8677510953911987e-06,0.0006509824888780713
8996,0.0008514612854924053,0.0010205951984971762,1.8660827108339115e-06,0.0006509824888780713
8997,0.0008039022868615575,0.0007566580679849721,1.864415760889619e-06,0.0006509824888780713
8998,0.0008911868644645438,0.0008162185113178566,1.8627502462164086e-06,0.0006509824888780713
8999,0.0007440023837261833,0.0009771207260200754,1.861086167471797e-06,0.0006509824888780713
9000,0.0009313478658441454,0.0008370481555175502,1.8594235253127373e-06,0.0006509824888780713
9001,0.0007597664662171155,0.0008627121496829204,1.8577623203956137e-06,0.0006509824888780713
9002,0.0009102982221520506,0.000758309630327858,1.8561025533762456e-06,0.0006509824888780713
9003,0.0010346436611143872,0.00085070138447918,1.8544442249098801e-06,0.0006509824888780713
9004,0.0008684723215992562,0.0008293785358546302,1.8527873356512012e-06,0.0006509824888780713
9005,0.0011177496780874208,0.0010179124874412082,1.8511318862543193e-06,0.0006509824888780713
9006,0.0008293695209431462,0.0008637789942440577,1.8494778773727838e-06,0.0006509824888780713
9007,0.0009881289006443694,0.0008518843314959668,1.8478253096595684e-06,0.0006509824888780713
9008,0.0007495434256270528,0.0009734871855471283,1.8461741837670822e-06,0.0006509824888780713
9009,0.000918436526262667,0.0007626977167092264,1.8445245003471622e-06,0.0006509824888780713
9010,0.0008773678709985688,0.0007931668442324735,1.8428762600510774e-06,0.0006509824888780713
9011,0.0007852618655306287,0.000886478359461762,1.8412294635295276e-06,0.0006509824888780713
9012,0.0008506746598868631,0.0008533564250683412,1.839584111432643e-06,0.0006509824888780713
9013,0.0008244717100751586,0.0008140281279338524,1.8379402044099804e-06,0.0006509824888780713
9014,0.0006906195048941299,0.0008071803458733484,1.8362977431105307e-06,0.0006509824888780713
9015,0.0008898569431039505,0.000833498066640459,1.8346567281827075e-06,0.0006509824888780713
9016,0.0007618124582222663,0.000867523041961249,1.833017160274362e-06,0.0006509824888780713
9017,0.0008334839512826875,0.0008426353233517148,1.8313790400327674e-06,0.0006509824888780713
9018,0.0008480114775011316,0.0007254108495544642,1.8297423681046293e-06,0.0006509824888780713
9019,0.0009685866461950354,0.0010477114337845705,1.828107145136077e-06,0.0006509824888780713
9020,0.0007575080235255882,0.0009158907560049556,1.8264733717726724e-06,0.0006509824888780713
9021,0.0008062392080319114,0.0009504107292741537,1.824841048659403e-06,0.0006509824888780713
9022,0.000836597835586872,0.000925967025978025,1.8232101764406857e-06,0.0006509824888780713
9023,0.0008105786546366289,0.0010440292826388031,1.8215807557603605e-06,0.0006509824888780713
9024,0.0008273695057141595,0.0009245684341294691,1.8199527872616992e-06,0.0006509824888780713
9025,0.000916041164600756,0.0008114352385746315,1.8183262715873938e-06,0.0006509824888780713
9026,0.0008738484320929274,0.0007559387086075731,1.8167012093795728e-06,0.0006509824888780713
9027,0.0007051893117022701,0.0008232949912780896,1.8150776012797813e-06,0.0006509824888780713
9028,0.0008724752333364449,0.0008146454129018821,1.8134554479289956e-06,0.0006509824888780713
9029,0.0007352570610237308,0.0009472647579968907,1.8118347499676141e-06,0.0006509824888780713
9030,0.0008232919208239764,0.0009933166511473246,1.8102155080354644e-06,0.0006509824888780713
9031,0.0009747045623953454,0.0007655725494259968,1.8085977227717973e-06,0.0006509824888780713
9032,0.0008599693319411017,0.0009019347635330632,1.8069813948152898e-06,0.0006509824888780713
9033,0.0007589838132844307,0.0008922009146772325,1.80536652480404e-06,0.0006509824888780713
9034,0.0009843319348874502,0.0009246940462617204,1.8037531133755762e-06,0.0006509824888780713
9035,0.0009043391983141191,0.0009038035204866901,1.8021411611668445e-06,0.0006509824888780713
9036,0.0008878622684278525,0.0008262417177320458,1.80053066881422e-06,0.0006509824888780713
9037,0.0008344849993591197,0.0007402602568618022,1.7989216369534986e-06,0.0006509824888780713
9038,0.0008707519045856316,0.0007505052562919445,1.7973140662199026e-06,0.0006509824888780713
9039,0.0007308968270081095,0.0008073720600805245,1.7957079572480726e-06,0.0006509824888780713
9040,0.0007992121900315396,0.0007611474429722875,1.7941033106720766e-06,0.0006509824888780713
9041,0.0012193064321763813,0.0008882289330358617,1.7925001271254044e-06,0.0006509824888780713
9042,0.0008666199755680282,0.0009136968365055509,1.7908984072409655e-06,0.0006509824888780713
9043,0.0008486425140290521,0.0007799923841957934,1.7892981516510962e-06,0.0006509824888780713
9044,0.000990042979537975,0.0008478483723592944,1.7876993609875488e-06,0.0006509824888780713
9045,0.0007103735697455704,0.0009006655891425908,1.7861020358815021e-06,0.0006509824888780713
9046,0.0008252820480265655,0.0009920139636960812,1.7845061769635554e-06,0.0006509824888780713
9047,0.0008508425671607256,0.0009288359433412552,1.7829117848637287e-06,0.0006509824888780713
9048,0.0007517258200095966,0.000733276130631566,1.781318860211461e-06,0.0006509824888780713
9049,0.0008058225103013683,0.000995180605968926,1.7797274036356155e-06,0.0006509824888780713
9050,0.000942053840844892,0.000906355693587102,1.7781374157644714e-06,0.0006509824888780713
9051,0.000995693051663693,0.000919569909456186,1.7765488972257352e-06,0.0006509824888780713
9052,0.0008070706462603994,0.0011501642511575483,1.7749618486465246e-06,0.0006509824888780713
9053,0.0009072238244698383,0.0008161793230101466,1.7733762706533842e-06,0.0006509824888780713
9054,0.00075145871960558,0.0009967228688765317,1.7717921638722726e-06,0.0006509824888780713
9055,0.0009552982664899901,0.0008002493668755051,1.7702095289285716e-06,0.0006509824888780713
9056,0.0008262436531367712,0.0008525928424205631,1.7686283664470797e-06,0.0006509824888780713
9057,0.0008783473313087597,0.0008835515764076263,1.7670486770520168e-06,0.0006509824888780713
9058,0.0009314329508924857,0.0008697684097569436,1.7654704613670166e-06,0.0006509824888780713
9059,0.0008803900200291537,0.0008487883969792165,1.763893720015135e-06,0.0006509824888780713
9060,0.0008432361573795788,0.0008033949925447814,1.7623184536188427e-06,0.0006509824888780713
9061,0.0008107961984933354,0.0007294130846275948,1.7607446628000336e-06,0.0006509824888780713
9062,0.0009212505829054862,0.0008491870539728552,1.759172348180012e-06,0.0006509824888780713
9063,0.0008747455722186714,0.0009879022909444757,1.7576015103795052e-06,0.0006509824888780713
9064,0.0006734991184202954,0.0010404786007711664,1.7560321500186527e-06,0.0006509824888780713
9065,0.0008788274135440588,0.0007605640712426975,1.7544642677170155e-06,0.0006509824888780713
9066,0.0008347711991518736,0.0007817329751560465,1.7528978640935659e-06,0.0006509824888780713
9067,0.0009486038907198235,0.000659455057757441,1.7513329397666985e-06,0.0006509824888780713
9068,0.0008361259024241008,0.0008221161479013972,1.7497694953542183e-06,0.0006509824888780713
9069,0.0006689227084279992,0.0009471624871366657,1.7482075314733503e-06,0.0006509824888780713
9070,0.0008648855509818532,0.0008153605667757802,1.7466470487407302e-06,0.0006509824888780713
9071,0.0007943543532746844,0.0008974141455837525,1.7450880477724142e-06,0.0006509824888780713
9072,0.0010550110819167458,0.0007959441718412563,1.7435305291838703e-06,0.0006509824888780713
9073,0.000735830282792449,0.0009793600329430774,1.741974493589984e-06,0.0006509824888780713
9074,0.0008964166554505937,0.0008596848419983871,1.7404199416050504e-06,0.0006509824888780713
9075,0.0010537607013247907,0.0007292481532203965,1.738866873842785e-06,0.0006509824888780713
9076,0.0009424024465261027,0.000777503453718964,1.7373152909163104e-06,0.0006509824888780713
9077,0.0008154074239428155,0.0008101862331386656,1.735765193438172e-06,0.0006509824888780713
9078,0.001042464267811738,0.0009428251287317835,1.7342165820203204e-06,0.0006509824888780713
9079,0.0008283298957394436,0.0008203657198464498,1.7326694572741246e-06,0.0006509824888780713
9080,0.0007972234088811092,0.000927611872612033,1.7311238198103627e-06,0.0006509824888780713
9081,0.0008300997214973904,0.0010074120946228504,1.7295796702392293e-06,0.0006509824888780713
9082,0.000991347333183512,0.0008869224184309132,1.7280370091703306e-06,0.0006509824888780713
9083,0.0009243246095138602,0.0009585024890839122,1.726495837212685e-06,0.0006509824888780713
9084,0.000843501664348878,0.000954924187681172,1.724956154974721e-06,0.0006509824888780713
9085,0.0008203678371501155,0.0010064157249871641,1.7234179630642832e-06,0.0006509824888780713
9086,0.0007363432159763761,0.0008093406286207028,1.7218812620886227e-06,0.0006509824888780713
9087,0.0008570810678065754,0.000718957235221751,1.7203460526544067e-06,0.0006509824888780713
9088,0.0008363913002540357,0.0009389820625074208,1.7188123353677113e-06,0.0006509824888780713
9089,0.0008369940114789642,0.0008615663027740084,1.7172801108340224e-06,0.0006509824888780713
9090,0.0009304036211688071,0.0008295722946058959,1.7157493796582395e-06,0.0006509824888780713
9091,0.0008933115677791648,0.0009141598420683295,1.7142201424446705e-06,0.0006509824888780713
9092,0.0008093948708847165,0.0007580785168102011,1.7126923997970345e-06,0.0006509824888780713
9093,0.0007705878233537078,0.0011758974906115327,1.711166152318459e-06,0.0006509824888780713
9094,0.0008687456211191602,0.0008290097612189129,1.709641400611484e-06,0.0006509824888780713
9095,0.0009178052641800605,0.0008881510366336443,1.7081181452780558e-06,0.0006509824888780713
9096,0.0008996733449748717,0.0008785690588410944,1.7065963869195317e-06,0.0006509824888780713
9097,0.0009413258594577201,0.0008078348691924475,1.7050761261366779e-06,0.0006509824888780713
9098,0.0007192768462118693,0.0008232125765061937,1.7035573635296706e-06,0.0006509824888780713
9099,0.000785249903856311,0.0006808315156376921,1.7020400996980914e-06,0.0006509824888780713
9100,0.0008730473782634363,0.0007562274622614495,1.7005243352409334e-06,0.0006509824888780713
9101,0.0008857827124302275,0.0008116214594338089,1.6990100707565938e-06,0.0006509824888780713
9102,0.0009702669412945397,0.0009721989772515371,1.6974973068428846e-06,0.0006509824888780713
9103,0.0009833258955040947,0.0008276684311567806,1.6959860440970172e-06,0.0006509824888780713
9104,0.0008368627095478587,0.000789500838436652,1.6944762831156167e-06,0.0006509824888780713
9105,0.0009591869602445513,0.0008744094011490233,1.6929680244947106e-06,0.0006509824888780713
9106,0.000787127428338863,0.0008574214516556822,1.6914612688297369e-06,0.0006509824888780713
9107,0.0008419506411883049,0.0008178886564564891,1.6899560167155392e-06,0.0006509824888780713
9108,0.0010486094470252283,0.0008499133182340302,1.6884522687463668e-06,0.0006509824888780713
9109,0.001038149137457367,0.0008521320560248569,1.6869500255158744e-06,0.0006509824888780713
9110,0.000872720695042517,0.0008349773561349139,1.6854492876171266e-06,0.0006509824888780713
9111,0.0008060876280069351,0.0007510695140808821,1.6839500556425864e-06,0.0006509824888780713
9112,0.0007686378812650219,0.0009040611985255964,1.6824523301841323e-06,0.0006509824888780713
9113,0.00074299377592979,0.0009034823669935577,1.680956111833039e-06,0.0006509824888780713
9114,0.0007270413407240994,0.0008666752473800443,1.6794614011799916e-06,0.0006509824888780713
9115,0.0009548706730129197,0.00094681276823394,1.677968198815076e-06,0.0006509824888780713
9116,0.0011680117750074714,0.0009314686176367104,1.6764765053277863e-06,0.0006509824888780713
9117,0.0009921550154103898,0.000857439539686311,1.67498632130702e-06,0.0006509824888780713
9118,0.0007893865004007239,0.0008022575566428714,1.673497647341078e-06,0.0006509824888780713
9119,0.0009900864824885502,0.0008419506921200082,1.6720104840176638e-06,0.0006509824888780713
9120,0.0008177095005521551,0.0007926655453047715,1.6705248319238875e-06,0.0006509824888780713
9121,0.0008656245772726834,0.000746936333598569,1.669040691646259e-06,0.0006509824888780713
9122,0.000751469582610298,0.000886348178028129,1.6675580637706962e-06,0.0006509824888780713
9123,0.000749835635360796,0.0007340203446801752,1.666076948882515e-06,0.0006509824888780713
9124,0.0008053226410993375,0.0007709175260970369,1.664597347566438e-06,0.0006509824888780713
9125,0.0007485880123567767,0.0007597683070343919,1.6631192604065853e-06,0.0006509824888780713
9126,0.0008859093286446296,0.000803219860245008,1.6616426879864845e-06,0.0006509824888780713
9127,0.0009853920419118367,0.0008617084677098319,1.660167630889063e-06,0.0006509824888780713
9128,0.0008907057344913483,0.0008229235390899703,1.6586940896966502e-06,0.0006509824888780713
9129,0.0007308049389394,0.0007458326581399888,1.6572220649909754e-06,0.0006509824888780713
9130,0.0007731706209597178,0.0008874769919202663,1.6557515573531725e-06,0.0006509824888780713
9131,0.001074386207619682,0.0009195019811159,1.6542825673637727e-06,0.0006509824888780713
9132,0.0007695514505030587,0.0010610788012854755,1.6528150956027106e-06,0.0006509824888780713
9133,0.0008797274276730604,0.00098330584296491,1.6513491426493214e-06,0.0006509824888780713
9134,0.0007883022626629099,0.0007714295643381774,1.6498847090823407e-06,0.0006509824888780713
9135,0.0007892703652032651,0.0008480436517857015,1.648421795479902e-06,0.0006509824888780713
9136,0.0008802207230473869,0.0007750436889182311,1.6469604024195407e-06,0.0006509824888780713
9137,0.000907985791855026,0.0010055029633804224,1.6455005304781937e-06,0.0006509824888780713
9138,0.0008646327260066755,0.0007309452630579472,1.6440421802321924e-06,0.0006509824888780713
9139,0.0007746084957034327,0.0008955864468589425,1.6425853522572727e-06,0.0006509824888780713
9140,0.0008919314313970972,0.000781956608989276,1.6411300471285657e-06,0.0006509824888780713
9141,0.0008677589357830584,0.000802153539552819,1.639676265420603e-06,0.0006509824888780713
9142,0.0008319542976096272,0.0008580659268773161,1.638224007707315e-06,0.0006509824888780713
9143,0.0008849424993968569,0.0006978111414355226,1.6367732745620311e-06,0.0006509824888780713
9144,0.000814147584605962,0.0008800848008831963,1.6353240665574759e-06,0.0006509824888780713
9145,0.0009843377702054568,0.0008132926814141683,1.6338763842657757e-06,0.0006509824888780713
9146,0.0009934682238963433,0.0007913747249403968,1.6324302282584488e-06,0.0006509824888780713
9147,0.0008536560053471476,0.0007516126788686961,1.6309855991064196e-06,0.0006509824888780713
9148,0.0008410587615799159,0.000871683019795455,1.6295424973800016e-06,0.0006509824888780713
9149,0.0008343172448803671,0.0007708767006988637,1.62810092364891e-06,0.0006509824888780713
9150,0.0008182336750905961,0.0009079238880076446,1.6266608784822542e-06,0.0006509824888780713
9151,0.0008695087017258629,0.0008393825955863576,1.6252223624485418e-06,0.0006509824888780713
9152,0.0008185064871213399,0.0009664768658694811,1.6237853761156756e-06,0.0006509824888780713
9153,0.0010242749194731005,0.0010532209344091825,1.6223499200509566e-06,0.0006509824888780713
9154,0.000859915126056876,0.0008099864207906649,1.6209159948210782e-06,0.0006509824888780713
9155,0.0009492239696555771,0.0007733757374808192,1.6194836009921332e-06,0.0006509824888780713
9156,0.0008282609123853035,0.0008666698340675794,1.618052739129605e-06,0.0006509824888780713
9157,0.0009254359974875115,0.0008677643272676505,1.6166234097983792e-06,0.0006509824888780713
9158,0.0007942180272948463,0.0009047236744663678,1.6151956135627292e-06,0.0006509824888780713
9159,0.0007493274388252757,0.000929462221392896,1.6137693509863289e-06,0.0006509824888780713
9160,0.0008506492376909591,0.0008893328267731704,1.6123446226322416e-06,0.0006509824888780713
9161,0.0008565381867811084,0.0008515292429365218,1.6109214290629286e-06,0.0006509824888780713
9162,0.0008889202981663402,0.0010463601538504008,1.6094997708402446e-06,0.0006509824888780713
9163,0.0009276549535570666,0.0009561955739627592,1.608079648525438e-06,0.0006509824888780713
9164,0.0009820335617405362,0.0006662984778813552,1.6066610626791495e-06,0.0006509824888780713
9165,0.0007465924136340618,0.0008420753874816,1.6052440138614158e-06,0.0006509824888780713
9166,0.0008850482263369486,0.000990411324892193,1.6038285026316617e-06,0.0006509824888780713
9167,0.000788851481047459,0.0009035891998792067,1.602414529548714e-06,0.0006509824888780713
9168,0.0007326721242861822,0.0008472661575069651,1.601002095170783e-06,0.0006509824888780713
9169,0.0007722622904111631,0.0009484900801908225,1.5995912000554779e-06,0.0006509824888780713
9170,0.0009332433837698773,0.0008325370799866505,1.598181844759795e-06,0.0006509824888780713
9171,0.000789863639511168,0.0008562201328459196,1.5967740298401273e-06,0.0006509824888780713
9172,0.0008680690079927444,0.0010977719066431746,1.595367755852257e-06,0.0006509824888780713
9173,0.0007956547851790674,0.0008490882173646241,1.5939630233513608e-06,0.0006509824888780713
9174,0.00072289915260626,0.0007904306112322956,1.5925598328920017e-06,0.0006509824888780713
9175,0.000884099914401304,0.0007050000240269583,1.5911581850281403e-06,0.0006509824888780713
9176,0.0009648981358623132,0.0009307522050221451,1.5897580803131218e-06,0.0006509824888780713
9177,0.0009388554390170611,0.0007611325818288606,1.5883595192996872e-06,0.0006509824888780713
9178,0.0009244615357602015,0.0008921450717025436,1.5869625025399657e-06,0.0006509824888780713
9179,0.000700587741448544,0.0008382481973967515,1.585567030585479e-06,0.0006509824888780713
9180,0.0009119787137024105,0.0007824535096006002,1.5841731039871347e-06,0.0006509824888780713
9181,0.0008573448649258353,0.0007546652341261506,1.5827807232952344e-06,0.0006509824888780713
9182,0.0006978508754400536,0.0008554889427614398,1.5813898890594688e-06,0.0006509824888780713
9183,0.0008067594535532407,0.0009112775733228773,1.5800006018289146e-06,0.0006509824888780713
9184,0.0009174656224786304,0.0008155176328727975,1.5786128621520427e-06,0.0006509824888780713
9185,0.000980252050794661,0.0007751675439067185,1.5772266705767107e-06,0.0006509824888780713
9186,0.000778620655182749,0.0008601744993939064,1.5758420276501633e-06,0.0006509824888780713
9187,0.0008114732845569961,0.0007542875609942712,1.574458933919037e-06,0.0006509824888780713
9188,0.0008654895063955337,0.0007645441364729777,1.573077389929356e-06,0.0006509824888780713
9189,0.0008001087844604626,0.0007379529924946837,1.5716973962265296e-06,0.0006509824888780713
9190,0.000864842913870234,0.0008590167271904647,1.5703189533553605e-06,0.0006509824888780713
9191,0.0007550884183729067,0.0008767574108787812,1.5689420618600331e-06,0.0006509824888780713
9192,0.0009308606531703845,0.0009172301506623626,1.5675667222841237e-06,0.0006509824888780713
9193,0.0008806893893051893,0.0007885441737016663,1.5661929351705944e-06,0.0006509824888780713
9194,0.0009614108712412417,0.0008838939538691193,1.5648207010617964e-06,0.0006509824888780713
9195,0.0009325935461674817,0.0008453525879303925,1.563450020499463e-06,0.0006509824888780713
9196,0.0007897235554992221,0.0008472574409097433,1.5620808940247196e-06,0.0006509824888780713
9197,0.0009336102666566148,0.0011239404193474911,1.560713322178073e-06,0.0006509824888780713
9198,0.0008199253061320633,0.0006748698579031043,1.5593473054994219e-06,0.0006509824888780713
9199,0.0008946925336204004,0.0009560603866702877,1.557982844528046e-06,0.0006509824888780713
9200,0.0008073696153587662,0.0008369051429326646,1.556619939802615e-06,0.0006509824888780713
9201,0.0007693391526117921,0.0008844607946230099,1.5552585918611792e-06,0.0006509824888780713
9202,0.0008216593414545059,0.0007247207940963563,1.5538988012411785e-06,0.0006509824888780713
9203,0.0007499523089791182,0.0008023614136618562,1.5525405684794373e-06,0.0006509824888780713
9204,0.0009369635808980092,0.0009650866049923934,1.5511838941121648e-06,0.0006509824888780713
9205,0.0009281109232688323,0.0008483390047331341,1.549828778674953e-06,0.0006509824888780713
9206,0.0010810427338583395,0.0008267121738754213,1.5484752227027813e-06,0.0006509824888780713
9207,0.0008368930575670674,0.0007923236407805234,1.54712322673001e-06,0.0006509824888780713
9208,0.0006750915017619263,0.0009144507785094902,1.545772791290389e-06,0.0006509824888780713
9209,0.0008853197286953218,0.0007174728889367543,1.5444239169170465e-06,0.0006509824888780713
9210,0.0008181182711268775,0.0007784372064634226,1.5430766041424976e-06,0.0006509824888780713
9211,0.0007859979887143709,0.0008061801563599147,1.5417308534986394e-06,0.0006509824888780713
9212,0.0007275618554558605,0.0010321011723135598,1.5403866655167531e-06,0.0006509824888780713
9213,0.0007906372484285384,0.0008584535171394236,1.5390440407275036e-06,0.0006509824888780713
9214,0.0007554651601822115,0.000839979293232318,1.5377029796609377e-06,0.0006509824888780713
9215,0.0008182651727111079,0.0009051787492353469,1.536363482846484e-06,0.0006509824888780713
9216,0.0008028197262319736,0.000891185220098123,1.5350255508129562e-06,0.0006509824888780713
9217,0.0007775592021062039,0.0009443957314942963,1.5336891840885463e-06,0.0006509824888780713
9218,0.0008869881348800845,0.000822887355752755,1.5323543832008342e-06,0.0006509824888780713
9219,0.0009309355336881708,0.0007486749527743086,1.531021148676775e-06,0.0006509824888780713
9220,0.0007696523789491039,0.0008077724996837787,1.529689481042711e-06,0.0006509824888780713
9221,0.0010166161810047925,0.0008297576496261172,1.528359380824361e-06,0.0006509824888780713
9222,0.0008464542479487136,0.0007558722572866827,1.5270308485468295e-06,0.0006509824888780713
9223,0.0008074993456830271,0.0007760899097775109,1.5257038847345984e-06,0.0006509824888780713
9224,0.0007913080626167357,0.0008125041931634769,1.5243784899115345e-06,0.0006509824888780713
9225,0.0007751714583719149,0.0011039307501050644,1.5230546646008796e-06,0.0006509824888780713
9226,0.0007556553755421191,0.0008411800590693019,1.5217324093252618e-06,0.0006509824888780713
9227,0.0009488101422903128,0.0008837193527142517,1.5204117246066842e-06,0.0006509824888780713
9228,0.0008029835880734026,0.0009021929945447482,1.519092610966533e-06,0.0006509824888780713
9229,0.0007491154501622077,0.0007303022211999632,1.5177750689255742e-06,0.0006509824888780713
9230,0.0008214756526285782,0.001050007384037599,1.516459099003952e-06,0.0006509824888780713
9231,0.0011007837747456506,0.0009509783340035938,1.51514470172119e-06,0.0006509824888780713
9232,0.0008679648526594974,0.0008222126598411705,1.5138318775961915e-06,0.0006509824888780713
9233,0.000838358566397801,0.0008604626200394705,1.51252062714724e-06,0.0006509824888780713
9234,0.0009122403425863013,0.0007767269635223784,1.511210950891995e-06,0.0006509824888780713
9235,0.0010274333981215023,0.0007190239703049883,1.509902849347496e-06,0.0006509824888780713
9236,0.0009594410585123114,0.0008757684117881581,1.5085963230301622e-06,0.0006509824888780713
9237,0.0009389191545778885,0.0010005459262174554,1.5072913724557872e-06,0.0006509824888780713
9238,0.0009233993332600221,0.0007078955604811199,1.5059879981395463e-06,0.0006509824888780713
9239,0.0008547206089133397,0.0008786396792856976,1.5046862005959911e-06,0.0006509824888780713
9240,0.0007741539084236138,0.0008764773883740418,1.5033859803390502e-06,0.0006509824888780713
9241,0.000833197649626527,0.0010151388487429358,1.5020873378820305e-06,0.0006509824888780713
9242,0.0009616589013603516,0.0010074563979287632,1.5007902737376135e-06,0.0006509824888780713
9243,0.0008203565521398559,0.0008958304970292374,1.4994947884178633e-06,0.0006509824888780713
9244,0.0008067148010013625,0.0009372303829877637,1.4982008824342132e-06,0.0006509824888780713
9245,0.0008481969707645476,0.000781287242716644,1.4969085562974802e-06,0.0006509824888780713
9246,0.0009488227879046462,0.0008173229434760287,1.4956178105178511e-06,0.0006509824888780713
9247,0.0008892461046343669,0.0007966849007061683,1.4943286456048932e-06,0.0006509824888780713
9248,0.0006820791895734146,0.0007906842656666413,1.4930410620675481e-06,0.0006509824888780713
9249,0.0008031708057387732,0.0010467263928148896,1.491755060414135e-06,0.0006509824888780713
9250,0.0008898662781575695,0.0007699890920775943,1.490470641152345e-06,0.0006509824888780713
9251,0.0007481588181690313,0.0009675131805124693,1.4891878047892478e-06,0.0006509824888780713
9252,0.0008325198577949777,0.0011593733725021593,1.4879065518312846e-06,0.0006509824888780713
9253,0.0008644703411846422,0.0008431853639194742,1.4866268827842773e-06,0.0006509824888780713
9254,0.0007552935494459234,0.0006585561932297423,1.485348798153416e-06,0.0006509824888780713
9255,0.0007626062506460585,0.000737790331186261,1.4840722984432701e-06,0.0006509824888780713
9256,0.0007349511870415881,0.0008356827420357149,1.4827973841577803e-06,0.0006509824888780713
9257,0.0007505791836592834,0.0010002180133596994,1.481524055800263e-06,0.0006509824888780713
9258,0.0008461816614726558,0.0010235272347927094,1.4802523138734078e-06,0.0006509824888780713
9259,0.0008059945394052193,0.0008051160621107556,1.4789821588792795e-06,0.0006509824888780713
9260,0.0008222731921705417,0.0007804589549778029,1.4777135913193133e-06,0.0006509824888780713
9261,0.0009533943812130019,0.0007152047001000028,1.4764466116943215e-06,0.0006509824888780713
9262,0.0009499972366029397,0.0011220504020457156,1.4751812205044847e-06,0.0006509824888780713
9263,0.0008724405997782014,0.0008243081028922461,1.4739174182493632e-06,0.0006509824888780713
9264,0.0008821413794066757,0.0007175469436333515,1.4726552054278833e-06,0.0006509824888780713
9265,0.0009073910769075155,0.000978583841060754,1.4713945825383481e-06,0.0006509824888780713
9266,0.0009239237842848524,0.0009862064980552532,1.4701355500784303e-06,0.0006509824888780713
9267,0.0008016236351977568,0.0007441009947797284,1.4688781085451765e-06,0.0006509824888780713
9268,0.0009022643134812824,0.0009305765561293811,1.4676222584350046e-06,0.0006509824888780713
9269,0.0008655962446937338,0.0010299833229510114,1.4663680002437058e-06,0.0006509824888780713
9270,0.0008449673623545095,0.000932616152567789,1.4651153344664387e-06,0.0006509824888780713
9271,0.0009180593042401597,0.0009159849796560593,1.4638642615977386e-06,0.0006509824888780713
9272,0.0008280488909804262,0.0009351669723400846,1.462614782131507e-06,0.0006509824888780713
9273,0.0009710050289868377,0.0007503013184759766,1.4613668965610194e-06,0.0006509824888780713
9274,0.0008648366638226435,0.0008390942166442983,1.4601206053789214e-06,0.0006509824888780713
9275,0.0008190236330847256,0.0008362927619600669,1.4588759090772302e-06,0.0006509824888780713
9276,0.0009251900410163216,0.0010194800997851416,1.4576328081473302e-06,0.0006509824888780713
9277,0.0008280428082798608,0.0007660369155928493,1.4563913030799784e-06,0.0006509824888780713
9278,0.0008349158015334979,0.0008737817297514994,1.455151394365303e-06,0.0006509824888780713
9279,0.0008353132143383846,0.0008167812702595256,1.4539130824927982e-06,0.0006509824888780713
9280,0.000752720603486523,0.0010364432164351456,1.4526763679513302e-06,0.0006509824888780713
9281,0.0007833530435163993,0.0008401855520787649,1.4514412512291364e-06,0.0006509824888780713
9282,0.0007422274647979066,0.0008796095426077954,1.4502077328138187e-06,0.0006509824888780713
9283,0.0008539101108908653,0.0007113886749721132,1.4489758131923517e-06,0.0006509824888780713
9284,0.0008291781923617236,0.0008290751720778644,1.4477454928510788e-06,0.0006509824888780713
9285,0.001004282028588932,0.0008255123684648424,1.446516772275709e-06,0.0006509824888780713
9286,0.0009895477996906266,0.0009645402096793987,1.4452896519513239e-06,0.0006509824888780713
9287,0.0006605422058783006,0.0008628944669908378,1.4440641323623679e-06,0.0006509824888780713
9288,0.0009319639138993807,0.0010108705464517698,1.4428402139926608e-06,0.0006509824888780713
9289,0.0008772467554081231,0.0007869370820117183,1.4416178973253832e-06,0.0006509824888780713
9290,0.0007435219740727916,0.0008408231879002415,1.4403971828430878e-06,0.0006509824888780713
9291,0.0008045552895055152,0.0007682952709728852,1.4391780710276928e-06,0.0006509824888780713
9292,0.0008665516506880522,0.0008406743727391586,1.4379605623604838e-06,0.0006509824888780713
9293,0.000845787380967522,0.0008746763560338877,1.436744657322115e-06,0.0006509824888780713
9294,0.0008595314720878378,0.0007850892579881474,1.4355303563926066e-06,0.0006509824888780713
9295,0.0009539256861899048,0.0009169589829980396,1.4343176600513434e-06,0.0006509824888780713
9296,0.0007519266873714514,0.0006516955909319222,1.4331065687770816e-06,0.0006509824888780713
9297,0.0007904158992459998,0.000898490303370636,1.4318970830479369e-06,0.0006509824888780713
9298,0.0007343643155763857,0.0008673280681250617,1.4306892033413998e-06,0.0006509824888780713
9299,0.0008813666390778963,0.0008106502064038068,1.4294829301343188e-06,0.0006509824888780713
9300,0.0007249318587128073,0.0009486423441558145,1.428278263902913e-06,0.0006509824888780713
9301,0.0008396150151384063,0.0007543265091953799,1.427075205122764e-06,0.0006509824888780713
9302,0.0007202386950666551,0.0008169455686584115,1.4258737542688216e-06,0.0006509824888780713
9303,0.0007909700070740655,0.0008488119201501831,1.4246739118153997e-06,0.0006509824888780713
9304,0.0007862862476031296,0.0008884152121027,1.423475678236177e-06,0.0006509824888780713
9305,0.0007813569754944183,0.0010197403826168738,1.4222790540041962e-06,0.0006509824888780713
9306,0.0009555621654726565,0.0007881177662056871,1.4210840395918669e-06,0.0006509824888780713
9307,0.0008140155550790951,0.0010204260543105192,1.4198906354709594e-06,0.0006509824888780713
9308,0.00083600876678247,0.0008745024097152054,1.4186988421126148e-06,0.0006509824888780713
9309,0.0009161275957012549,0.0006968545058043674,1.4175086599873308e-06,0.0006509824888780713
9310,0.0007839880345272832,0.0008662994368933141,1.4163200895649742e-06,0.0006509824888780713
9311,0.0008335960883414373,0.001090998099243734,1.415133131314773e-06,0.0006509824888780713
9312,0.00104521845059935,0.0009263663887395523,1.4139477857053196e-06,0.0006509824888780713
9313,0.0007942287775222212,0.0008592881276854314,1.4127640532045695e-06,0.0006509824888780713
9314,0.0007544549735030159,0.0009720023299450986,1.411581934279843e-06,0.0006509824888780713
9315,0.0007638382594450377,0.0007235148514155298,1.4104014293978195e-06,0.0006509824888780713
9316,0.000709645617462229,0.0007845143409213051,1.4092225390245463e-06,0.0006509824888780713
9317,0.0008210561063606292,0.0008042196204769425,1.4080452636254285e-06,0.0006509824888780713
9318,0.0008457655640086159,0.0008142429942381568,1.4068696036652364e-06,0.0006509824888780713
9319,0.0008497064263792709,0.0008835555199766532,1.4056955596081015e-06,0.0006509824888780713
9320,0.0008290334299090318,0.0009473510144744068,1.4045231319175196e-06,0.0006509824888780713
9321,0.0008848202705848962,0.0008453700284007937,1.4033523210563448e-06,0.0006509824888780713
9322,0.0008164784085238352,0.0008388872593059205,1.402183127486796e-06,0.0006509824888780713
9323,0.0007676978930248879,0.0008561431459384039,1.4010155516704507e-06,0.0006509824888780713
9324,0.0008613164391135797,0.0008369928109459579,1.3998495940682506e-06,0.0006509824888780713
9325,0.0008662764157634228,0.0007387621226371266,1.3986852551404963e-06,0.0006509824888780713
9326,0.0008661632564326283,0.0008422604223596863,1.397522535346852e-06,0.0006509824888780713
9327,0.0008421978345722891,0.0009012965529109351,1.3963614351463396e-06,0.0006509824888780713
9328,0.0010905135932262056,0.0008244279524660669,1.3952019549973429e-06,0.0006509824888780713
9329,0.0008880042514647357,0.0008565545394958463,1.394044095357608e-06,0.0006509824888780713
9330,0.0007682885916437954,0.0008199972144211642,1.3928878566842377e-06,0.0006509824888780713
9331,0.0008254591666627675,0.0007397674198728055,1.3917332394336973e-06,0.0006509824888780713
9332,0.0007860961559345014,0.0008434234550804831,1.3905802440618129e-06,0.0006509824888780713
9333,0.0009509704104857519,0.0008170888977474533,1.389428871023766e-06,0.0006509824888780713
9334,0.0007920251955511048,0.0008814692482701503,1.3882791207741023e-06,0.0006509824888780713
9335,0.0009499324078205973,0.0008037884690565988,1.3871309937667252e-06,0.0006509824888780713
9336,0.0007894475129432976,0.0007945851975819096,1.3859844904548959e-06,0.0006509824888780713
9337,0.0007944215249153785,0.0007987634089658968,1.3848396112912371e-06,0.0006509824888780713
9338,0.0008668350201332942,0.0008516102243447676,1.3836963567277266e-06,0.0006509824888780713
9339,0.0007574054543511011,0.0008009830416995101,1.3825547272157061e-06,0.0006509824888780713
9340,0.0011571688592084683,0.0008800154901109636,1.3814147232058713e-06,0.0006509824888780713
9341,0.0007519290229538456,0.0009397196263307706,1.3802763451482786e-06,0.0006509824888780713
9342,0.0009093214248423465,0.0007918127448647283,1.37913959349234e-06,0.0006509824888780713
9343,0.0008646785790915601,0.0007571322712465189,1.378004468686828e-06,0.0006509824888780713
9344,0.0009155361185548827,0.000971602217759937,1.376870971179872e-06,0.0006509824888780713
9345,0.0008154198367265053,0.0010677065147319809,1.3757391014189595e-06,0.0006509824888780713
9346,0.0007563306789961644,0.0008698182573425584,1.3746088598509335e-06,0.0006509824888780713
9347,0.0007924404417281039,0.0008278747336589731,1.3734802469219972e-06,0.0006509824888780713
9348,0.0008420594676863402,0.0011195559563930146,1.3723532630777061e-06,0.0006509824888780713
9349,0.0008309029581141658,0.0007334789588639978,1.3712279087629786e-06,0.0006509824888780713
9350,0.0009232119627995417,0.0008422766550211236,1.3701041844220852e-06,0.0006509824888780713
9351,0.000891875744855497,0.0008361617728951387,1.3689820904986555e-06,0.0006509824888780713
9352,0.0009009890709421597,0.0009093179687624797,1.3678616274356728e-06,0.0006509824888780713
9353,0.0007984393378137611,0.0008379814244108275,1.3667427956754792e-06,0.0006509824888780713
9354,0.0008583842354710214,0.0008351992000825703,1.3656255956597718e-06,0.0006509824888780713
9355,0.0007287440603249706,0.0009490291122347116,1.3645100278296047e-06,0.0006509824888780713
9356,0.0009741884641698562,0.0008092397620202973,1.3633960926253834e-06,0.0006509824888780713
9357,0.0007504357054131106,0.0009243843742297031,1.3622837904868749e-06,0.0006509824888780713
9358,0.0008635466365376487,0.0008406808119616471,1.3611731218531955e-06,0.0006509824888780713
9359,0.0009168414617306553,0.001038814167259261,1.3600640871628226e-06,0.0006509824888780713
9360,0.0007965289842104539,0.0007828900270396844,1.3589566868535835e-06,0.0006509824888780713
9361,0.0009571632035658695,0.0008323584916070104,1.357850921362664e-06,0.0006509824888780713
9362,0.0007786045971442945,0.0008009073135326616,1.3567467911266006e-06,0.0006509824888780713
9363,0.0007021436031209305,0.0008851092861732468,1.3556442965812877e-06,0.0006509824888780713
9364,0.0008676468205521815,0.0007646227240911685,1.3545434381619723e-06,0.0006509824888780713
9365,0.0009245743131032214,0.000781594259024132,1.3534442163032576e-06,0.0006509824888780713
9366,0.0010026984600699507,0.0007914706657174975,1.3523466314390962e-06,0.0006509824888780713
9367,0.0009237539052264765,0.0008252209881902672,1.3512506840027996e-06,0.0006509824888780713
9368,0.0008499392279190943,0.0007874383663875051,1.3501563744270286e-06,0.0006509824888780713
9369,0.0007233596625155769,0.000794285188021604,1.3490637031437998e-06,0.0006509824888780713
9370,0.0008906641960493289,0.0008275220825453289,1.3479726705844832e-06,0.0006509824888780713
9371,0.0007475616766896565,0.0008160805300576612,1.3468832771798016e-06,0.0006509824888780713
9372,0.0008219120863941498,0.0009173698126687668,1.3457955233598288e-06,0.0006509824888780713
9373,0.0007721795336692594,0.0007631951739313081,1.3447094095539932e-06,0.0006509824888780713
9374,0.0007604099228046834,0.000758136113290675,1.3436249361910764e-06,0.0006509824888780713
9375,0.0007970560327521525,0.0007436775849782862,1.3425421036992098e-06,0.0006509824888780713
9376,0.0007525491091655567,0.0008716713055036962,1.3414609125058793e-06,0.0006509824888780713
9377,0.0008003976763575338,0.0006959970341995358,1.3403813630379229e-06,0.0006509824888780713
9378,0.0010009901452576742,0.0010325337352696806,1.3393034557215276e-06,0.0006509824888780713
9379,0.0009082485339604318,0.0007960306975292042,1.3382271909822358e-06,0.0006509824888780713
9380,0.0007040409618639387,0.0007559366495115682,1.3371525692449394e-06,0.0006509824888780713
9381,0.000776310156652471,0.0012324601630098186,1.3360795909338816e-06,0.0006509824888780713
9382,0.0009273527684854344,0.0008961453459050972,1.335008256472657e-06,0.0006509824888780713
9383,0.0008022160327527672,0.0006508988517452963,1.3339385662842126e-06,0.0006509824888780713
9384,0.0008874585109879263,0.0007630476320628077,1.332870520790845e-06,0.0006508988517452963
9385,0.000826462943223305,0.000862781576870475,1.3318041204142004e-06,0.0006508988517452963
9386,0.0009234908357029781,0.0007048227307677735,1.3307393655752783e-06,0.0006508988517452963
9387,0.0008604715258115903,0.0008215569032472558,1.3296762566944256e-06,0.0006508988517452963
9388,0.0008161891819327138,0.0008093297146842815,1.3286147941913417e-06,0.0006508988517452963
9389,0.0008562359071220271,0.0007181865876191296,1.327554978485075e-06,0.0006508988517452963
9390,0.0008711975533515215,0.0008416166092501953,1.3264968099940246e-06,0.0006508988517452963
9391,0.0007770001029712148,0.0008113729636534117,1.3254402891359375e-06,0.0006508988517452963
9392,0.0007383219781331718,0.0007692372746532783,1.3243854163279127e-06,0.0006508988517452963
9393,0.0006816831373726018,0.0008219577866839245,1.323332191986395e-06,0.0006508988517452963
9394,0.0007940273862914182,0.000728491329937242,1.322280616527184e-06,0.0006508988517452963
9395,0.000793237988546025,0.0007862473139539361,1.3212306903654222e-06,0.0006508988517452963
9396,0.0007891638670116663,0.0008508105165674351,1.320182413915606e-06,0.0006508988517452963
9397,0.0007645396472071297,0.0008614209364168346,1.319135787591576e-06,0.0006508988517452963
9398,0.0008131666400004178,0.0010135485354112461,1.3180908118065252e-06,0.0006508988517452963
9399,0.0007082289957907051,0.0008630898519186303,1.3170474869729935e-06,0.0006508988517452963
9400,0.0009005548490677029,0.0008585645264247432,1.316005813502869e-06,0.0006508988517452963
9401,0.0006969163987378124,0.0008877905347617343,1.3149657918073874e-06,0.0006508988517452963
9402,0.0009866803011391312,0.0008002864706213586,1.3139274222971332e-06,0.0006508988517452963
9403,0.0007725339928583708,0.0007841473416192457,1.3128907053820375e-06,0.0006508988517452963
9404,0.0009168012402369641,0.0008760693090152927,1.3118556414713808e-06,0.0006508988517452963
9405,0.0008297245294670574,0.0007990141748450696,1.3108222309737893e-06,0.0006508988517452963
9406,0.0007927170590846799,0.0006628008413827047,1.3097904742972377e-06,0.0006508988517452963
9407,0.0007906358296168037,0.0008690670292708091,1.3087603718490461e-06,0.0006508988517452963
9408,0.0007887236715760082,0.0007693673614994623,1.3077319240358835e-06,0.0006508988517452963
9409,0.0010100005893036723,0.0007103068637661636,1.3067051312637644e-06,0.0006508988517452963
9410,0.0007888992768130265,0.0007080174764269032,1.3056799939380509e-06,0.0006508988517452963
9411,0.0008361901927855797,0.0008045868962653913,1.30465651246345e-06,0.0006508988517452963
9412,0.0007369127488345839,0.0008318490217789076,1.3036346872440177e-06,0.0006508988517452963
9413,0.0007398929010378197,0.0007839507743483409,1.3026145186831513e-06,0.0006508988517452963
9414,0.0008837103596306406,0.0007938168564578518,1.3015960071836011e-06,0.0006508988517452963
9415,0.0007823777559679002,0.000817238866147818,1.3005791531474563e-06,0.0006508988517452963
9416,0.001097043335903436,0.0011474748098407872,1.299563956976157e-06,0.0006508988517452963
9417,0.0008814117172732949,0.0007399182068184018,1.298550419070484e-06,0.0006508988517452963
9418,0.0008996443502837792,0.0008003090988495387,1.2975385398305681e-06,0.0006508988517452963
9419,0.0007211141710286029,0.0008266913646366447,1.2965283196558825e-06,0.0006508988517452963
9420,0.0007632862179889344,0.0007746770934318192,1.295519758945246e-06,0.0006508988517452963
9421,0.0008006482385098934,0.0008508395549142733,1.2945128580968223e-06,0.0006508988517452963
9422,0.0007881303354224656,0.000848465697345091,1.2935076175081213e-06,0.0006508988517452963
9423,0.0008300677218358032,0.0007977293498697691,1.2925040375759939e-06,0.0006508988517452963
9424,0.0009372598324262071,0.000823728390969336,1.2915021186966385e-06,0.0006508988517452963
9425,0.0008994327436084859,0.0008524423683411442,1.2905018612655974e-06,0.0006508988517452963
9426,0.0008224060147767887,0.0008304597795358859,1.2895032656777555e-06,0.0006508988517452963
9427,0.0008113321964628994,0.0008319454354932532,1.2885063323273432e-06,0.0006508988517452963
9428,0.001023076823912561,0.0009720559974084608,1.2875110616079333e-06,0.0006508988517452963
9429,0.0008662248146720231,0.0008579719287808985,1.286517453912444e-06,0.0006508988517452963
9430,0.0007583944461657666,0.0008609806318418123,1.285525509633135e-06,0.0006508988517452963
9431,0.0008329250013048295,0.0008369893039343879,1.2845352291616104e-06,0.0006508988517452963
9432,0.000813159640529193,0.000738411421480123,1.2835466128888168e-06,0.0006508988517452963
9433,0.0009140034017036669,0.0010480326309334487,1.2825596612050446e-06,0.0006508988517452963
9434,0.0007698478220845573,0.0007389674938167445,1.281574374499927e-06,0.0006508988517452963
9435,0.0007988700344867539,0.0006299590750131756,1.2805907531624403e-06,0.0006508988517452963
9436,0.0008922821070882492,0.0008787555707385764,1.2796087975809007e-06,0.0006299590750131756
9437,0.0009247321431757882,0.0007989354780875146,1.27862850814297e-06,0.0006299590750131756
9438,0.0009636625763960183,0.001203009313030634,1.2776498852356506e-06,0.0006299590750131756
9439,0.0008145136671373621,0.0007003154241829179,1.2766729292452876e-06,0.0006299590750131756
9440,0.0007270389614859596,0.000863270768604707,1.2756976405575669e-06,0.0006299590750131756
9441,0.001096911531931255,0.0007516942278016359,1.2747240195575182e-06,0.0006299590750131756
9442,0.0009242283376806881,0.0008601880908827297,1.273752066629511e-06,0.0006299590750131756
9443,0.000728739112673793,0.0006677225974272005,1.2727817821572575e-06,0.0006299590750131756
9444,0.0008667566071380861,0.0008382791638723575,1.271813166523809e-06,0.0006299590750131756
9445,0.0007411224869429134,0.000791565100371372,1.2708462201115618e-06,0.0006299590750131756
9446,0.0007832247792975977,0.0008564566232962534,1.2698809433022494e-06,0.0006299590750131756
9447,0.0010505140089662746,0.0008776637187111191,1.2689173364769497e-06,0.0006299590750131756
9448,0.0008670313909533434,0.0009966707439161837,1.2679554000160767e-06,0.0006299590750131756
9449,0.0008415498705289792,0.000789076897490304,1.2669951342993898e-06,0.0006299590750131756
9450,0.0008347118200617842,0.0007454227525158785,1.2660365397059856e-06,0.0006299590750131756
9451,0.0008845235934131779,0.0009910623120958917,1.265079616614303e-06,0.0006299590750131756
9452,0.0008284173891297542,0.0008561679569538683,1.2641243654021192e-06,0.0006299590750131756
9453,0.0006834649175289087,0.0006344590219669044,1.263170786446553e-06,0.0006299590750131756
9454,0.0007903535042714793,0.0007548135909019038,1.262218880124061e-06,0.0006299590750131756
9455,0.0007640284820809029,0.0007433352802763693,1.261268646810443e-06,0.0006299590750131756
9456,0.0009230503783328459,0.0007305198487301823,1.2603200868808334e-06,0.0006299590750131756
9457,0.0008274728534161113,0.0009525613277219236,1.259373200709711e-06,0.0006299590750131756
9458,0.0010792446628329344,0.0008348955234396271,1.2584279886708892e-06,0.0006299590750131756
9459,0.0007819101811037399,0.0008943923166953027,1.2574844511375243e-06,0.0006299590750131756
9460,0.0009029682623804547,0.000861690568854101,1.2565425884821098e-06,0.0006299590750131756
9461,0.001035164990753401,0.0009905705446726643,1.2556024010764786e-06,0.0006299590750131756
9462,0.0008358873310498893,0.0010209455431322567,1.2546638892918005e-06,0.0006299590750131756
9463,0.00085393367044162,0.0009385397643200122,1.2537270534985864e-06,0.0006299590750131756
9464,0.0008618956053396687,0.001016928486933466,1.252791894066682e-06,0.0006299590750131756
9465,0.0008029612436075695,0.0009287506181863137,1.2518584113652767e-06,0.0006299590750131756
9466,0.0008977590696304105,0.0007225459994515404,1.250926605762892e-06,0.0006299590750131756
9467,0.0007295682007679716,0.0008058563835220411,1.2499964776273917e-06,0.0006299590750131756
9468,0.0007704124363954179,0.0011394539178581908,1.2490680273259745e-06,0.0006299590750131756
9469,0.0009328145388280973,0.0008767750405240804,1.2481412552251784e-06,0.0006299590750131756
9470,0.0007834356729290448,0.0007345776903093792,1.247216161690879e-06,0.0006299590750131756
9471,0.0008236431531258859,0.0008101707280729897,1.2462927470882868e-06,0.0006299590750131756
9472,0.0010374340708949603,0.000846371469378937,1.2453710117819526e-06,0.0006299590750131756
9473,0.0008103829532046802,0.0009909977670758963,1.2444509561357634e-06,0.0006299590750131756
9474,0.0008708455352461897,0.0008991456998046488,1.2435325805129408e-06,0.0006299590750131756
9475,0.0007866105952416547,0.0009379075781907886,1.2426158852760464e-06,0.0006299590750131756
9476,0.0008771260181674734,0.0010090873256558552,1.241700870786977e-06,0.0006299590750131756
9477,0.0010199596435995772,0.0006687210698146373,1.2407875374069644e-06,0.0006299590750131756
9478,0.0008966401583165862,0.0008147448970703408,1.2398758854965795e-06,0.0006299590750131756
9479,0.0011432949613663368,0.0008304987786686979,1.2389659154157276e-06,0.0006299590750131756
9480,0.0008875706989783794,0.000792969047324732,1.2380576275236512e-06,0.0006299590750131756
9481,0.0008658689039293677,0.000819446642708499,1.2371510221789266e-06,0.0006299590750131756
9482,0.0007332633103942499,0.0008636789134470746,1.2362460997394686e-06,0.0006299590750131756
9483,0.0009070785745279863,0.0007615283466293477,1.235342860562525e-06,0.0006299590750131756
9484,0.0008588330529164523,0.0007970030346768908,1.2344413050046811e-06,0.0006299590750131756
9485,0.0008294751532957889,0.0009984487551264465,1.233541433421856e-06,0.0006299590750131756
9486,0.0007867392560001463,0.000823201313323807,1.2326432461693062e-06,0.0006299590750131756
9487,0.0007910068161436357,0.0007161601824918762,1.2317467436016207e-06,0.0006299590750131756
9488,0.0006887470844958443,0.000773289444623515,1.230851926072725e-06,0.0006299590750131756
9489,0.0007660705523448996,0.0008885564893716946,1.2299587939358774e-06,0.0006299590750131756
9490,0.0008613617610535584,0.0007906200553406961,1.229067347543675e-06,0.0006299590750131756
9491,0.0009275916818296537,0.0008449645974906161,1.228177587248044e-06,0.0006299590750131756
9492,0.0008690869799465872,0.0007514207609347068,1.2272895134002504e-06,0.0006299590750131756
9493,0.0008864689662004821,0.0008640455343993381,1.2264031263508893e-06,0.0006299590750131756
9494,0.0007575727722723968,0.0006449777174566407,1.2255184264498932e-06,0.0006299590750131756
9495,0.0009366980521008372,0.0007802706240909174,1.2246354140465271e-06,0.0006299590750131756
9496,0.0009067087376024574,0.000675163246341981,1.2237540894893924e-06,0.0006299590750131756
9497,0.0008971549832494929,0.0007787230424582958,1.222874453126419e-06,0.0006299590750131756
9498,0.00078726153151365,0.0007347693681367673,1.221996505304876e-06,0.0006299590750131756
9499,0.0009202476940117776,0.0006990449619479477,1.2211202463713609e-06,0.0006299590750131756
9500,0.0008381545849260874,0.0007635088804818224,1.2202456766718092e-06,0.0006299590750131756
9501,0.0008803598611848429,0.000779742949816864,1.219372796551486e-06,0.0006299590750131756
9502,0.0007570781890535727,0.000805350580776576,1.2185016063549908e-06,0.0006299590750131756
9503,0.0008459787859464996,0.0008774715606705286,1.217632106426255e-06,0.0006299590750131756
9504,0.0007787455397192389,0.0007399696623906493,1.2167642971085438e-06,0.0006299590750131756
9505,0.0007580433084513061,0.0007907025938038714,1.2158981787444554e-06,0.0006299590750131756
9506,0.0007562995597254485,0.0008215977431973442,1.215033751675919e-06,0.0006299590750131756
9507,0.0008404251348110847,0.0008173487731255591,1.2141710162441963e-06,0.0006299590750131756
9508,0.0009540696701151319,0.0007878259784774855,1.213309972789882e-06,0.0006299590750131756
9509,0.0007378925292869098,0.0009024247556226328,1.2124506216529016e-06,0.0006299590750131756
9510,0.0007444745933753438,0.0007970867154654115,1.2115929631725158e-06,0.0006299590750131756
9511,0.000730328232748434,0.0010432576964376494,1.2107369976873115e-06,0.0006299590750131756
9512,0.0007692208819207735,0.0007970712686073966,1.2098827255352128e-06,0.0006299590750131756
9513,0.0008587272750446573,0.0008113471703836694,1.2090301470534706e-06,0.0006299590750131756
9514,0.0007931583168101497,0.0008911866752896458,1.2081792625786712e-06,0.0006299590750131756
9515,0.0008029640375752933,0.0008660949533805251,1.2073300724467297e-06,0.0006299590750131756
9516,0.0007631281405338086,0.0008230670864577405,1.2064825769928921e-06,0.0006299590750131756
9517,0.0007703699884586968,0.0007917248076410033,1.205636776551737e-06,0.0006299590750131756
9518,0.000811751488072332,0.0008773791050771251,1.2047926714571738e-06,0.0006299590750131756
9519,0.0007137010397855192,0.00077260810212465,1.2039502620424402e-06,0.0006299590750131756
9520,0.0008962124920799397,0.0009115903449128382,1.203109548640107e-06,0.0006299590750131756
9521,0.0008837618806865066,0.0007714852836215869,1.2022705315820747e-06,0.0006299590750131756
9522,0.0008723642749828286,0.000771751678257715,1.2014332111995732e-06,0.0006299590750131756
9523,0.000866709859110415,0.0007932792541396338,1.2005975878231636e-06,0.0006299590750131756
9524,0.0009176731327897869,0.0008057886516326107,1.199763661782737e-06,0.0006299590750131756
9525,0.0010687235480872914,0.00098329724278301,1.1989314334075146e-06,0.0006299590750131756
9526,0.0008079614999587648,0.0009984229182009585,1.1981009030260465e-06,0.0006299590750131756
9527,0.0007263182778842747,0.0007091681036399677,1.197272070966213e-06,0.0006299590750131756
9528,0.0008193776739062741,0.0008760376222198829,1.1964449375552233e-06,0.0006299590750131756
9529,0.0008244761411333457,0.0008661294195917435,1.1956195031196169e-06,0.0006299590750131756
9530,0.000676559007843025,0.0009479446380282752,1.1947957679852628e-06,0.0006299590750131756
9531,0.0008494683643220924,0.000796405365690589,1.1939737324773587e-06,0.0006299590750131756
9532,0.0007001258709351532,0.0007839572936063632,1.19315339692043e-06,0.0006299590750131756
9533,0.0008395745098823681,0.0007849730900488794,1.1923347616383338e-06,0.0006299590750131756
9534,0.0006742293189745396,0.0009052030072780326,1.191517826954252e-06,0.0006299590750131756
9535,0.0007048890802252572,0.0008474267524434254,1.1907025931907002e-06,0.0006299590750131756
9536,0.0008019051965675317,0.0009676257614046335,1.1898890606695177e-06,0.0006299590750131756
9537,0.0008559840935049579,0.0008827168712741695,1.189077229711876e-06,0.0006299590750131756
9538,0.0007697353503317572,0.0007909792693681084,1.1882671006382713e-06,0.0006299590750131756
9539,0.0009343550555058755,0.0007046431710477918,1.1874586737685312e-06,0.0006299590750131756
9540,0.0007725131363258697,0.0009600621342542581,1.1866519494218085e-06,0.0006299590750131756
9541,0.0007020052544248756,0.0009688484788057394,1.1858469279165864e-06,0.0006299590750131756
9542,0.0008060421605478041,0.0009905841143336147,1.1850436095706743e-06,0.0006299590750131756
9543,0.0009886071347864345,0.0009156995438388549,1.1842419947012098e-06,0.0006299590750131756
9544,0.000804623901785817,0.0008135355892591178,1.1834420836246557e-06,0.0006299590750131756
9545,0.0007066843609209172,0.0007582531325169839,1.1826438766568078e-06,0.0006299590750131756
9546,0.0009205361202475615,0.0007482787950721104,1.1818473741127824e-06,0.0006299590750131756
9547,0.0008108916372293606,0.000735436420654878,1.1810525763070284e-06,0.0006299590750131756
9548,0.0007285522515303455,0.0008008709264686331,1.1802594835533175e-06,0.0006299590750131756
9549,0.0008848911675158888,0.000693029745889362,1.1794680961647509e-06,0.0006299590750131756
9550,0.0007461850691470318,0.0010247983882436529,1.1786784144537565e-06,0.0006299590750131756
9551,0.0008766634200583212,0.0007969301150296815,1.1778904387320872e-06,0.0006299590750131756
9552,0.0008192111636162736,0.0006303858972387388,1.177104169310824e-06,0.0006299590750131756
9553,0.0008412125098402612,0.0011480788962217048,1.1763196065003733e-06,0.0006299590750131756
9554,0.000752112697227858,0.0007864509971113876,1.1755367506104671e-06,0.0006299590750131756
9555,0.0008274918727693148,0.0007241168568725698,1.1747556019501666e-06,0.0006299590750131756
9556,0.0009033605165313929,0.0007610968386870809,1.173976160827855e-06,0.0006299590750131756
9557,0.000926734326640144,0.0008572657825425267,1.173198427551245e-06,0.0006299590750131756
9558,0.0007975614207680337,0.0007558332508779131,1.172422402427372e-06,0.0006299590750131756
9559,0.0007738738859188743,0.000835592312796507,1.171648085762599e-06,0.0006299590750131756
9560,0.0007426974916597828,0.0008731268317205831,1.1708754778626134e-06,0.0006299590750131756
9561,0.0007323889367398806,0.0008498934985254891,1.1701045790324297e-06,0.0006299590750131756
9562,0.0007758757565170527,0.0007730499346507713,1.1693353895763855e-06,0.0006299590750131756
9563,0.0008275140644400381,0.0008097144236671738,1.1685679097981457e-06,0.0006299590750131756
9564,0.0008530085033271462,0.0008336179816978984,1.1678021400006975e-06,0.0006299590750131756
9565,0.0009138641798926983,0.0007343914912780747,1.1670380804863558e-06,0.0006299590750131756
9566,0.0008444681225228123,0.000842973000544589,1.16627573155676e-06,0.0006299590750131756
9567,0.0007809628295945004,0.000958870215981733,1.1655150935128714e-06,0.0006299590750131756
9568,0.000860658306919504,0.00073098017310258,1.164756166654979e-06,0.0006299590750131756
9569,0.0006639909333898686,0.0010630874458001927,1.1639989512826954e-06,0.0006299590750131756
9570,0.0009647140759625472,0.0009589952460373752,1.1632434476949565e-06,0.0006299590750131756
9571,0.0007805671411915682,0.0007609040985698812,1.1624896561900234e-06,0.0006299590750131756
9572,0.000753701759094838,0.0007909893756732345,1.161737577065482e-06,0.0006299590750131756
9573,0.0008731276757316664,0.0008384410830331035,1.1609872106182396e-06,0.0006299590750131756
9574,0.0009530219685984775,0.0009598881151759997,1.1602385571445296e-06,0.0006299590750131756
9575,0.0009681785959401168,0.0007549517722509336,1.1594916169399088e-06,0.0006299590750131756
9576,0.0008220698437071405,0.0007686215321882628,1.1587463902992577e-06,0.0006299590750131756
9577,0.0007547933928435668,0.0008714818759472109,1.158002877516779e-06,0.0006299590750131756
9578,0.0011165417527081445,0.0008188097526726779,1.1572610788860007e-06,0.0006299590750131756
9579,0.0008655666388222016,0.0010117926867678761,1.1565209946997724e-06,0.0006299590750131756
9580,0.0007845173386158422,0.0008719561956240796,1.1557826252502677e-06,0.0006299590750131756
9581,0.0007718730412307195,0.0007351638378167991,1.155045970828984e-06,0.0006299590750131756
9582,0.0008301285415655002,0.0008163938146026339,1.1543110317267399e-06,0.0006299590750131756
9583,0.000891952367965132,0.0009278534125769511,1.1535778082336782e-06,0.0006299590750131756
9584,0.0007764908077660948,0.0008128905683406629,1.152846300639264e-06,0.0006299590750131756
9585,0.0008032868863665499,0.0009025972722156439,1.1521165092322836e-06,0.0006299590750131756
9586,0.00100512764765881,0.0009462690577493049,1.1513884343008495e-06,0.0006299590750131756
9587,0.0008908352101570927,0.0009509056908427738,1.150662076132392e-06,0.0006299590750131756
9588,0.0009475257465965115,0.0009109991224249825,1.1499374350136675e-06,0.0006299590750131756
9589,0.0007464969166903757,0.0008697553275851533,1.149214511230751e-06,0.0006299590750131756
9590,0.0008660067032906227,0.0008339207342942245,1.1484933050690428e-06,0.0006299590750131756
9591,0.0008233415137510747,0.0008287100936286151,1.1477738168132625e-06,0.0006299590750131756
9592,0.000763961455959361,0.001013991772197187,1.1470560467474545e-06,0.0006299590750131756
9593,0.0006967763911234215,0.0007749515352770686,1.1463399951549813e-06,0.0006299590750131756
9594,0.0011468982920632698,0.0008962729407357983,1.1456256623185295e-06,0.0006299590750131756
9595,0.001021366893837694,0.0007318132629734464,1.1449130485201057e-06,0.0006299590750131756
9596,0.000831035737064667,0.0008309587938128971,1.1442021540410396e-06,0.0006299590750131756
9597,0.00087142207485158,0.0008207636419683695,1.14349297916198e-06,0.0006299590750131756
9598,0.0007740790824755095,0.0008283213464892469,1.1427855241628994e-06,0.0006299590750131756
9599,0.0007526437511842232,0.0007529189751949161,1.1420797893230883e-06,0.0006299590750131756
9600,0.0008623237372376025,0.0008150269786710851,1.1413757749211604e-06,0.0006299590750131756
9601,0.0007879818149376661,0.0007901557764853351,1.1406734812350487e-06,0.0006299590750131756
9602,0.0009488864307058975,0.0007907484687166288,1.139972908542009e-06,0.0006299590750131756
9603,0.000673360627843067,0.0007899786432972178,1.1392740571186154e-06,0.0006299590750131756
9604,0.0008650054660392925,0.0008916307924664579,1.1385769272407632e-06,0.0006299590750131756
9605,0.0008286498268716969,0.0007175239807111211,1.137881519183668e-06,0.0006299590750131756
9606,0.0008538720867363736,0.000830877383123152,1.1371878332218677e-06,0.0006299590750131756
9607,0.0007715789470239542,0.000830241508083418,1.1364958696292163e-06,0.0006299590750131756
9608,0.0007942698648548685,0.00078443723032251,1.1358056286788915e-06,0.0006299590750131756
9609,0.0006727550353389233,0.0008001353999134153,1.1351171106433886e-06,0.0006299590750131756
9610,0.0009596174350008368,0.0009204707384924404,1.1344303157945242e-06,0.0006299590750131756
9611,0.0008198341020033695,0.0008541484785382636,1.133745244403433e-06,0.0006299590750131756
9612,0.0009479695872869343,0.0009388128164573573,1.1330618967405726e-06,0.0006299590750131756
9613,0.0007216095254989341,0.0007759764484944753,1.1323802730757157e-06,0.0006299590750131756
9614,0.000856353020935785,0.0008380527870031074,1.1317003736779572e-06,0.0006299590750131756
9615,0.0010159077501157299,0.0009152314596576616,1.1310221988157106e-06,0.0006299590750131756
9616,0.0010812954424181953,0.0009182953035633545,1.1303457487567089e-06,0.0006299590750131756
9617,0.0010609109012875706,0.0007704472882323898,1.1296710237680037e-06,0.0006299590750131756
9618,0.0008210863743443042,0.0008069527248153463,1.1289980241159655e-06,0.0006299590750131756
9619,0.0008978979421954136,0.0007535584372817539,1.1283267500662838e-06,0.0006299590750131756
9620,0.000783328250690829,0.0008705500877113082,1.1276572018839673e-06,0.0006299590750131756
9621,0.0007371514548140112,0.0009149276520474814,1.1269893798333437e-06,0.0006299590750131756
9622,0.0008496860682498664,0.0008141898360918276,1.1263232841780568e-06,0.0006299590750131756
9623,0.0009310510722571053,0.0008807810954749584,1.1256589151810724e-06,0.0006299590750131756
9624,0.0009385129305883311,0.0008575865576858632,1.1249962731046718e-06,0.0006299590750131756
9625,0.0009170891280518845,0.000752289080992341,1.1243353582104556e-06,0.0006299590750131756
9626,0.0007758857245789841,0.0008974210722954012,1.1236761707593431e-06,0.0006299590750131756
9627,0.0008147752960212529,0.0009220323117915541,1.1230187110115708e-06,0.0006299590750131756
9628,0.0007692362123634666,0.0008615775950602256,1.1223629792266932e-06,0.0006299590750131756
9629,0.0008348702467628755,0.0007887565370765515,1.1217089756635834e-06,0.0006299590750131756
9630,0.0007792089236318134,0.0007282777951331809,1.1210567005804304e-06,0.0006299590750131756
9631,0.0007534522592322901,0.0007518019410781562,1.120406154234744e-06,0.0006299590750131756
9632,0.0008950127521529794,0.0007959531576489098,1.1197573368833477e-06,0.0006299590750131756
9633,0.000875602872838499,0.0009267379646189511,1.1191102487823858e-06,0.0006299590750131756
9634,0.0008836964188958518,0.0009283604304073378,1.1184648901873174e-06,0.0006299590750131756
9635,0.0008257839945144951,0.0008670775932841934,1.1178212613529202e-06,0.0006299590750131756
9636,0.0009500562882749364,0.0008980042184703052,1.1171793625332885e-06,0.0006299590750131756
9637,0.0008543144358554855,0.0008267304256150965,1.1165391939818346e-06,0.0006299590750131756
9638,0.0008578764682170004,0.0010573435720289126,1.115900755951286e-06,0.0006299590750131756
9639,0.0008087842361419462,0.0008324964583152905,1.1152640486936886e-06,0.0006299590750131756
9640,0.0007997149659786373,0.0008394951073569246,1.1146290724604025e-06,0.0006299590750131756
9641,0.0008735630690352991,0.0008586232215748169,1.1139958275021093e-06,0.0006299590750131756
9642,0.0008114364463835955,0.0007554385192634072,1.113364314068802e-06,0.0006299590750131756
9643,0.0007507370683015324,0.0008538029724149965,1.1127345324097927e-06,0.0006299590750131756
9644,0.0007183664856711403,0.0010288799094269052,1.112106482773709e-06,0.0006299590750131756
9645,0.0008317516912939027,0.0007608994783367962,1.111480165408495e-06,0.0006299590750131756
9646,0.0009102569165406749,0.0007932437074487098,1.1108555805614105e-06,0.0006299590750131756
9647,0.0010189296808675863,0.0008079136678134091,1.110232728479033e-06,0.0006299590750131756
9648,0.0008879959132173099,0.0010287456243531778,1.1096116094072532e-06,0.0006299590750131756
9649,0.0009581012054695748,0.0009541767867631279,1.1089922235912804e-06,0.0006299590750131756
9650,0.0007060613861540332,0.0008224083576351404,1.1083745712756366e-06,0.0006299590750131756
9651,0.0007424195209750906,0.0008759408228797838,1.1077586527041628e-06,0.0006299590750131756
9652,0.0010260333874612115,0.0009095237401197664,1.107144468120013e-06,0.0006299590750131756
9653,0.0007826519577065483,0.000881099229445681,1.1065320177656582e-06,0.0006299590750131756
9654,0.0008187916901079006,0.0008874391933204606,1.1059213018828831e-06,0.0006299590750131756
9655,0.0008997672339319251,0.0008245692151831463,1.1053123207127895e-06,0.0006299590750131756
9656,0.0007949059872771613,0.000893667085620109,1.1047050744957931e-06,0.0006299590750131756
9657,0.0008344544403371401,0.0008198255745810457,1.1040995634716258e-06,0.0006299590750131756
9658,0.0008556902612326667,0.0007196658298198599,1.1034957878793326e-06,0.0006299590750131756
9659,0.0009362684795632958,0.0007955825130920857,1.1028937479572757e-06,0.0006299590750131756
9660,0.0006462161400122568,0.0007659808470634744,1.1022934439431295e-06,0.0006299590750131756
9661,0.0008036723011173308,0.0007802252221154049,1.101694876073886e-06,0.0006299590750131756
9662,0.0007148130898713134,0.0011248991286265664,1.1010980445858495e-06,0.0006299590750131756
9663,0.0007295257310033776,0.0007774659934511874,1.10050294971464e-06,0.0006299590750131756
9664,0.0007960287257446907,0.0008652983597130515,1.0999095916951913e-06,0.0006299590750131756
9665,0.0008568021803512238,0.0008597083433414809,1.099317970761752e-06,0.0006299590750131756
9666,0.0007676801105844788,0.0008713351489859633,1.0987280871478842e-06,0.0006299590750131756
9667,0.0009931603126460686,0.0007154427548812237,1.098139941086465e-06,0.0006299590750131756
9668,0.0007301951991394162,0.0008378862403333187,1.0975535328096854e-06,0.0006299590750131756
9669,0.0008599932843935676,0.0008097853497019969,1.0969688625490495e-06,0.0006299590750131756
9670,0.000737072346964851,0.0007180309621617198,1.0963859305353758e-06,0.0006299590750131756
9671,0.0008125113890855573,0.001063417425029911,1.095804736998797e-06,0.0006299590750131756
9672,0.0007918249648355413,0.000708791267243214,1.0952252821687594e-06,0.0006299590750131756
9673,0.000688404448737856,0.000996358234260697,1.094647566274022e-06,0.0006299590750131756
9674,0.000853595971420873,0.0007297113552340306,1.0940715895426584e-06,0.0006299590750131756
9675,0.0008420557496719994,0.0007814642522134818,1.0934973522020537e-06,0.0006299590750131756
9676,0.001114002057875041,0.0007497993065044284,1.0929248544789102e-06,0.0006299590750131756
9677,0.0010527082267799415,0.0009002216393128037,1.092354096599239e-06,0.0006299590750131756
9678,0.0009593985669198446,0.0007891444911365397,1.0917850787883668e-06,0.0006299590750131756
9679,0.0008100373015622608,0.0007947694248287007,1.091217801270933e-06,0.0006299590750131756
9680,0.0009398552210768685,0.000884721965121571,1.0906522642708892e-06,0.0006299590750131756
9681,0.0009158595203189179,0.0006882178458909038,1.0900884680115013e-06,0.0006299590750131756
9682,0.0008654235753056128,0.0008265573196695186,1.0895264127153468e-06,0.0006299590750131756
9683,0.0008533619984518737,0.000794533196312841,1.0889660986043156e-06,0.0006299590750131756
9684,0.0007759244690532796,0.0007620803080499172,1.0884075258996118e-06,0.0006299590750131756
9685,0.0007875692608649842,0.0008600611472502351,1.0878506948217504e-06,0.0006299590750131756
9686,0.0008504194702254608,0.0008142435035551898,1.0872956055905596e-06,0.0006299590750131756
9687,0.000876978927408345,0.0009737198197399266,1.0867422584251804e-06,0.0006299590750131756
9688,0.0007581189274787903,0.0008435183044639416,1.086190653544065e-06,0.0006299590750131756
9689,0.000907686262507923,0.0008216334026656114,1.0856407911649782e-06,0.0006299590750131756
9690,0.0007811959512764588,0.0009344297723146155,1.0850926715049972e-06,0.0006299590750131756
9691,0.0007539874350186437,0.0009641450815252028,1.0845462947805103e-06,0.0006299590750131756
9692,0.0007006579544395208,0.000754891756514553,1.0840016612072197e-06,0.0006299590750131756
9693,0.0006321378059510607,0.0007742566376691684,1.0834587710001365e-06,0.0006299590750131756
9694,0.0009220636420650408,0.0007236727615236305,1.0829176243735867e-06,0.0006299590750131756
9695,0.0009676133195171133,0.0007413731982524041,1.0823782215412057e-06,0.0006299590750131756
9696,0.0009235841280315071,0.0008385273904423229,1.0818405627159405e-06,0.0006299590750131756
9697,0.000968840075074695,0.0008200407100957818,1.0813046481100517e-06,0.0006299590750131756
9698,0.0007703362134634517,0.0008034802303882316,1.0807704779351087e-06,0.0006299590750131756
9699,0.0009210709467879497,0.0008843312025419436,1.0802380524019944e-06,0.0006299590750131756
9700,0.0009265176122426055,0.0007201429543783888,1.0797073717209014e-06,0.0006299590750131756
9701,0.0008849241785355844,0.0007109980360837653,1.0791784361013338e-06,0.0006299590750131756
9702,0.0007748087591608055,0.0008865970958140679,1.0786512457521072e-06,0.0006299590750131756
9703,0.0008066375303314999,0.0009538836893625557,1.0781258008813487e-06,0.0006299590750131756
9704,0.0007529124195571057,0.0010542087111389264,1.0776021016964948e-06,0.0006299590750131756
9705,0.0008244229247793555,0.0007338771320064552,1.077080148404294e-06,0.0006299590750131756
9706,0.0010442311540828086,0.0007923522643977776,1.0765599412108045e-06,0.0006299590750131756
9707,0.0007085370816639625,0.0009828750480664894,1.0760414803213968e-06,0.0006299590750131756
9708,0.000795141575508751,0.0007738719432381913,1.0755247659407509e-06,0.0006299590750131756
9709,0.0007145423296606168,0.0007826337605365552,1.0750097982728569e-06,0.0006299590750131756
9710,0.000752186151657952,0.0007545783373643644,1.074496577521017e-06,0.0006299590750131756
9711,0.0009456678963033482,0.0007288462365977466,1.0739851038878412e-06,0.0006299590750131756
9712,0.0008591587684350088,0.0007814033815520816,1.0734753775752515e-06,0.0006299590750131756
9713,0.0006903863468323834,0.0009292614486184902,1.0729673987844807e-06,0.0006299590750131756
9714,0.0007961687879287638,0.0008140167919918895,1.0724611677160702e-06,0.0006299590750131756
9715,0.0007384997370536439,0.0009897487907437608,1.0719566845698716e-06,0.0006299590750131756
9716,0.0009595993906259537,0.0008660985331516713,1.0714539495450472e-06,0.0006299590750131756
9717,0.0008619335858384147,0.0008749424378038384,1.0709529628400691e-06,0.0006299590750131756
9718,0.0008165431718225591,0.0010314458922948688,1.0704537246527187e-06,0.0006299590750131756
9719,0.0008622395762358792,0.0007920948446553666,1.0699562351800876e-06,0.0006299590750131756
9720,0.0008448857188341208,0.0007567011416540481,1.0694604946185762e-06,0.0006299590750131756
9721,0.0007057149050524458,0.0008728869142942131,1.0689665031638951e-06,0.0006299590750131756
9722,0.0009186259703710675,0.0007831532639102079,1.0684742610110645e-06,0.0006299590750131756
9723,0.0007484529342036694,0.0007620044489158317,1.0679837683544144e-06,0.0006299590750131756
9724,0.0006519929775095079,0.0007620827091159299,1.0674950253875828e-06,0.0006299590750131756
9725,0.0007365655255853198,0.000801890404545702,1.0670080323035178e-06,0.0006299590750131756
9726,0.0007698906192672439,0.0008219214651035145,1.0665227892944761e-06,0.0006299590750131756
9727,0.0009751367542776279,0.0007849419780541211,1.0660392965520252e-06,0.0006299590750131756
9728,0.0009482554014539346,0.0008435675044893287,1.0655575542670394e-06,0.0006299590750131756
9729,0.0009886000261758454,0.0008918364692362957,1.0650775626297028e-06,0.0006299590750131756
9730,0.0008574395251343958,0.0008097261816146784,1.064599321829509e-06,0.0006299590750131756
9731,0.0007463200381607749,0.000857013845234178,1.06412283205526e-06,0.0006299590750131756
9732,0.0007659765979042277,0.0007017789830570109,1.0636480934950661e-06,0.0006299590750131756
9733,0.0010971207957481965,0.0007946680125314742,1.0631751063363466e-06,0.0006299590750131756
9734,0.000894255492312368,0.0007977247514645569,1.062703870765829e-06,0.0006299590750131756
9735,0.000878479091625195,0.0008950116680352949,1.0622343869695507e-06,0.0006299590750131756
9736,0.00084034677274758,0.000797949091065675,1.061766655132855e-06,0.0006299590750131756
9737,0.0007336816888710018,0.0008775411479291506,1.0613006754403963e-06,0.0006299590750131756
9738,0.0008679189413669519,0.000850910582812503,1.0608364480761355e-06,0.0006299590750131756
9739,0.0007701140275457874,0.0008588668788434006,1.0603739732233422e-06,0.0006299590750131756
9740,0.0008327586838277057,0.0009160417321254499,1.059913251064594e-06,0.0006299590750131756
9741,0.0009160043991869316,0.0008354933088412508,1.0594542817817765e-06,0.0006299590750131756
9742,0.0010658268802217208,0.000704295867762994,1.0589970655560847e-06,0.0006299590750131756
9743,0.0008173218229785562,0.0009332932750112377,1.0585416025680193e-06,0.0006299590750131756
9744,0.0008721970152691938,0.0007910566564532928,1.0580878929973896e-06,0.0006299590750131756
9745,0.0008565314637962729,0.0008345256428583525,1.057635937023314e-06,0.0006299590750131756
9746,0.0007787984286551364,0.0007702249131398275,1.0571857348242166e-06,0.0006299590750131756
9747,0.0008266886579804122,0.000708239087543916,1.0567372865778308e-06,0.0006299590750131756
9748,0.0008070511757978238,0.0008046904113143682,1.0562905924611958e-06,0.0006299590750131756
9749,0.000705297825334128,0.0008181709927157499,1.0558456526506614e-06,0.0006299590750131756
9750,0.0008813790118438192,0.0007526085682911798,1.0554024673218806e-06,0.0006299590750131756
9751,0.0008237892870965879,0.0007945930883579422,1.054961036649817e-06,0.0006299590750131756
9752,0.0008995585740194656,0.0007409473801089916,1.0545213608087403e-06,0.0006299590750131756
9753,0.0008564680538256653,0.0008482905977871269,1.0540834399722278e-06,0.0006299590750131756
9754,0.0010781070886878297,0.0009133150742854923,1.0536472743131632e-06,0.0006299590750131756
9755,0.0008381710431422107,0.0007834938878659159,1.0532128640037382e-06,0.0006299590750131756
9756,0.0008470407337881625,0.0009505967173026875,1.0527802092154507e-06,0.0006299590750131756
9757,0.000730251005734317,0.0008285943767987192,1.0523493101191064e-06,0.0006299590750131756
9758,0.000896005323738791,0.0008266773875220679,1.0519201668848171e-06,0.0006299590750131756
9759,0.0007995354535523802,0.0006516266694234218,1.0514927796820023e-06,0.0006299590750131756
9760,0.0008726860614842735,0.0008281401678686962,1.0510671486793874e-06,0.0006299590750131756
9761,0.0007735039180261083,0.0008481992044835351,1.0506432740450044e-06,0.0006299590750131756
9762,0.0008310100165545009,0.0007392756087938324,1.0502211559461927e-06,0.0006299590750131756
9763,0.0008173610622179694,0.0009296013013226911,1.0498007945495973e-06,0.0006299590750131756
9764,0.0010240135234198533,0.0007552125825895928,1.0493821900211714e-06,0.0006299590750131756
9765,0.0008460498866043054,0.0008637071587145329,1.048965342526172e-06,0.0006299590750131756
9766,0.0007759849540889263,0.0008564891249989159,1.048550252229165e-06,0.0006299590750131756
9767,0.0007725331743131392,0.001041025185259059,1.048136919294021e-06,0.0006299590750131756
9768,0.0007528140631620772,0.0007773154466121923,1.0477253438839175e-06,0.0006299590750131756
9769,0.0008909264761314262,0.0008092329444480129,1.0473155261613374e-06,0.0006299590750131756
9770,0.000966979430813808,0.0008129631241899915,1.0469074662880709e-06,0.0006299590750131756
9771,0.000768529214838054,0.0009171883502858691,1.0465011644252133e-06,0.0006299590750131756
9772,0.0007962933159433305,0.0007611619839735795,1.0460966207331661e-06,0.0006299590750131756
9773,0.0008794812383712269,0.0007659275506739505,1.045693835371637e-06,0.0006299590750131756
9774,0.0007500546853407286,0.0010084113091579638,1.045292808499639e-06,0.0006299590750131756
9775,0.0008230956373154186,0.000794640727690421,1.0448935402754913e-06,0.0006299590750131756
9776,0.0007417613742290996,0.0007408559868053999,1.0444960308568182e-06,0.0006299590750131756
9777,0.0008470599277643487,0.0008486167207593098,1.0441002804005511e-06,0.0006299590750131756
9778,0.0008267378580057994,0.0008216586065827869,1.0437062890629256e-06,0.0006299590750131756
9779,0.0007568380096927285,0.0008313658690894954,1.0433140569994826e-06,0.0006299590750131756
9780,0.000929636495129671,0.0009062511344382074,1.0429235843650697e-06,0.0006299590750131756
9781,0.0006891601115057711,0.0008141457074088976,1.0425348713138394e-06,0.0006299590750131756
9782,0.001009775085549336,0.0007590111199533567,1.0421479179992492e-06,0.0006299590750131756
9783,0.0007874851726228371,0.0009970468381652609,1.0417627245740624e-06,0.0006299590750131756
9784,0.0007084286189638078,0.00096128587028943,1.041379291190347e-06,0.0006299590750131756
9785,0.0008007550786715001,0.0009751226752996445,1.0409976179994762e-06,0.0006299590750131756
9786,0.0007938655253383331,0.0006812967294536065,1.0406177051521288e-06,0.0006299590750131756
9787,0.0007977769637363963,0.0007694692612858489,1.0402395527982889e-06,0.0006299590750131756
9788,0.000807587020972278,0.00086931862460915,1.0398631610872445e-06,0.0006299590750131756
9789,0.0007380557362921536,0.0007542357489001006,1.0394885301675887e-06,0.0006299590750131756
9790,0.0007263811567099765,0.0008787073020357639,1.039115660187221e-06,0.0006299590750131756
9791,0.0008414399562752806,0.0009417602195753716,1.0387445512933428e-06,0.0006299590750131756
9792,0.0008566367032472044,0.0008019158703973517,1.038375203632464e-06,0.0006299590750131756
9793,0.0008284894429380074,0.0008401292798225768,1.0380076173503962e-06,0.0006299590750131756
9794,0.0008017704531084746,0.0009169480763375759,1.0376417925922567e-06,0.0006299590750131756
9795,0.0009841593710007146,0.0009167837924906053,1.0372777295024676e-06,0.0006299590750131756
9796,0.0008854967527440749,0.0008647094218758866,1.0369154282247543e-06,0.0006299590750131756
9797,0.0009088665101444349,0.0008402710809605196,1.036554888902149e-06,0.0006299590750131756
9798,0.0008169286156771705,0.0009444321949558798,1.036196111676986e-06,0.0006299590750131756
9799,0.0007073984161252156,0.0008602839225204661,1.0358390966909051e-06,0.0006299590750131756
9800,0.0010468493928783573,0.0007437779786414467,1.0354838440848502e-06,0.0006299590750131756
9801,0.0007830244139768183,0.0009416567190783098,1.0351303539990692e-06,0.0006299590750131756
9802,0.0008645199341117404,0.0008078457722149324,1.0347786265731146e-06,0.0006299590750131756
9803,0.0010879318215302192,0.000929714304220397,1.0344286619458424e-06,0.0006299590750131756
9804,0.0007259625490405597,0.0007535698423453141,1.0340804602554143e-06,0.0006299590750131756
9805,0.0008070962285273708,0.0009107270161621273,1.0337340216392935e-06,0.0006299590750131756
9806,0.0008382932064705528,0.0007043830628390424,1.0333893462342485e-06,0.0006299590750131756
9807,0.0007380857932730578,0.0008733817157917656,1.033046434176353e-06,0.0006299590750131756
9808,0.0008077263919403777,0.0007523716485593468,1.032705285600982e-06,0.0006299590750131756
9809,0.0006545014039147645,0.0008493725254083984,1.0323659006428157e-06,0.0006299590750131756
9810,0.0008323698493768461,0.0008537818430340849,1.0320282794358391e-06,0.0006299590750131756
9811,0.0008024506241781637,0.0008652489705127664,1.031692422113338e-06,0.0006299590750131756
9812,0.0007829187379684299,0.0007794948032824323,1.031358328807904e-06,0.0006299590750131756
9813,0.0008460716198896989,0.0006971394905121997,1.0310259996514326e-06,0.0006299590750131756
9814,0.0008482383345835842,0.000801460693764966,1.0306954347751219e-06,0.0006299590750131756
9815,0.000905288674402982,0.0008840697628329508,1.030366634309473e-06,0.0006299590750131756
9816,0.0008346680187969469,0.0008841987801133655,1.0300395983842914e-06,0.0006299590750131756
9817,0.0009407479592482559,0.0007233838114188984,1.0297143271286864e-06,0.0006299590750131756
9818,0.0006810459090047516,0.0008628101204521954,1.029390820671069e-06,0.0006299590750131756
9819,0.0007385155040537938,0.0007543511383119039,1.0290690791391546e-06,0.0006299590750131756
9820,0.001020682044327259,0.0006860829453216866,1.0287491026599624e-06,0.0006299590750131756
9821,0.0007337757269851863,0.0007917163384263404,1.0284308913598136e-06,0.0006299590750131756
9822,0.0008269961108453572,0.0008105092420009896,1.028114445364332e-06,0.0006299590750131756
9823,0.0008884008493623696,0.0007271566937561147,1.0277997647984473e-06,0.0006299590750131756
9824,0.0007663604519621003,0.0010712525981944054,1.027486849786389e-06,0.0006299590750131756
9825,0.0007400363829219714,0.0007126845812308602,1.027175700451692e-06,0.0006299590750131756
9826,0.0009300448000431061,0.0008031802644836716,1.0268663169171921e-06,0.0006299590750131756
9827,0.0006974483112571761,0.0009263012252631597,1.026558699305029e-06,0.0006299590750131756
9828,0.0007676953755435534,0.0008153518720064312,1.0262528477366467e-06,0.0006299590750131756
9829,0.0008852789032971486,0.000711566062818747,1.0259487623327896e-06,0.0006299590750131756
9830,0.0007568812143290415,0.0007089906612236518,1.025646443213505e-06,0.0006299590750131756
9831,0.0007323884237848688,0.0007985328265931457,1.0253458904981456e-06,0.0006299590750131756
9832,0.000753993634134531,0.0007401213188131806,1.025047104305363e-06,0.0006299590750131756
9833,0.0008358528320968617,0.0007613523193867877,1.024750084753114e-06,0.0006299590750131756
9834,0.0007088832426234148,0.0008707824272278231,1.0244548319586577e-06,0.0006299590750131756
9835,0.0007941693111206405,0.0008427524735452607,1.0241613460385547e-06,0.0006299590750131756
9836,0.0007871255584177561,0.0008659421218908392,1.0238696271086683e-06,0.0006299590750131756
9837,0.0008657727667014115,0.0007224242799566127,1.0235796752841655e-06,0.0006299590750131756
9838,0.0007082056981744245,0.0009763768102857284,1.0232914906795136e-06,0.0006299590750131756
9839,0.0007734427199466154,0.0009590410627424717,1.0230050734084843e-06,0.0006299590750131756
9840,0.0007556532218586653,0.0008699812678969465,1.0227204235841493e-06,0.0006299590750131756
9841,0.0007303073725779541,0.0008246726501965895,1.0224375413188855e-06,0.0006299590750131756
9842,0.0009000762001960538,0.0008645921770948917,1.0221564267243686e-06,0.0006299590750131756
9843,0.0008355704703717493,0.0007892505745985545,1.0218770799115801e-06,0.0006299590750131756
9844,0.0007378619739029091,0.0009394931657880079,1.0215995009907998e-06,0.0006299590750131756
9845,0.0007410894104395993,0.0007624161007697694,1.0213236900716126e-06,0.0006299590750131756
9846,0.0008360168285435066,0.0007658198665012605,1.0210496472629042e-06,0.0006299590750131756
9847,0.0007173097983468324,0.0008249371530837379,1.0207773726728621e-06,0.0006299590750131756
9848,0.0006958478188607842,0.0009063583565875888,1.020506866408976e-06,0.0006299590750131756
9849,0.000714497688022675,0.0008587572956457734,1.0202381285780375e-06,0.0006299590750131756
9850,0.0008789248313405551,0.0009612099602236412,1.01997115928614e-06,0.0006299590750131756
9851,0.0007612658882862888,0.0006978245437494479,1.0197059586386793e-06,0.0006299590750131756
9852,0.0008532919600838795,0.0008461973848170601,1.0194425267403515e-06,0.0006299590750131756
9853,0.0008652868418721482,0.0008240081951953471,1.0191808636951558e-06,0.0006299590750131756
9854,0.0008120532875182107,0.0007073611704981886,1.0189209696063928e-06,0.0006299590750131756
9855,0.0008139571436913684,0.0007893843285273761,1.0186628445766647e-06,0.0006299590750131756
9856,0.0008564793679397553,0.0006972283517825417,1.0184064887078742e-06,0.0006299590750131756
9857,0.000748533770092763,0.0006824960364610888,1.0181519021012277e-06,0.0006299590750131756
9858,0.00079112067760434,0.0008144541934598237,1.0178990848572315e-06,0.0006299590750131756
9859,0.0007849566827644594,0.0007209838004200719,1.0176480370756937e-06,0.0006299590750131756
9860,0.0007800661769579165,0.00081582954589976,1.0173987588557239e-06,0.0006299590750131756
9861,0.0008764872109168209,0.0008583685848861933,1.017151250295734e-06,0.0006299590750131756
9862,0.0008659642771817744,0.0007461564455297776,1.0169055114934352e-06,0.0006299590750131756
9863,0.000874464720254764,0.0008310469711432233,1.016661542545842e-06,0.0006299590750131756
9864,0.0007525349574279971,0.0008880829773261212,1.01641934354927e-06,0.0006299590750131756
9865,0.0007193355850176886,0.0009113111736951396,1.0161789145993343e-06,0.0006299590750131756
9866,0.0008391230512643233,0.000977652773144655,1.0159402557909535e-06,0.0006299590750131756
9867,0.0007991374877747148,0.0007885986196924932,1.0157033672183457e-06,0.0006299590750131756
9868,0.0007986868295120075,0.0007579886914754752,1.0154682489750311e-06,0.0006299590750131756
9869,0.0007878076867200434,0.0008483955534757115,1.0152349011538304e-06,0.0006299590750131756
9870,0.0008513820139341988,0.0008007464275578968,1.0150033238468658e-06,0.0006299590750131756
9871,0.0009134270003414713,0.0007624088684679009,1.0147735171455603e-06,0.0006299590750131756
9872,0.0006630627176491544,0.0008266713921329938,1.0145454811406379e-06,0.0006299590750131756
9873,0.0007884788574301638,0.0007927206897875294,1.0143192159221234e-06,0.0006299590750131756
9874,0.0007500103529309854,0.0008567118347855285,1.0140947215793436e-06,0.0006299590750131756
9875,0.000732118780433666,0.0007217058882815763,1.0138719982009243e-06,0.0006299590750131756
9876,0.0007026359635347035,0.0008248172962339595,1.013651045874794e-06,0.0006299590750131756
9877,0.0007140788293327205,0.0007176721701398492,1.01343186468818e-06,0.0006299590750131756
9878,0.0008046423972700723,0.0008221387033700012,1.0132144547276125e-06,0.0006299590750131756
9879,0.0007369578233920038,0.0007130347876227461,1.0129988160789217e-06,0.0006299590750131756
9880,0.0007623569181305356,0.0007360047966358252,1.0127849488272375e-06,0.0006299590750131756
9881,0.0010644875364960171,0.0007948545608087443,1.0125728530569917e-06,0.0006299590750131756
9882,0.0008866403077263385,0.0008318565742229111,1.0123625288519166e-06,0.0006299590750131756
9883,0.0007839732788852416,0.0008795585454208776,1.0121539762950446e-06,0.0006299590750131756
9884,0.0008016060673980974,0.0007009390683379024,1.0119471954687093e-06,0.0006299590750131756
9885,0.0008724876242922619,0.0007623120691278018,1.0117421864545436e-06,0.0006299590750131756
9886,0.0007938990238471888,0.0008124897867674008,1.0115389493334831e-06,0.0006299590750131756
9887,0.0007500218671339098,0.0007694425876252353,1.011337484185761e-06,0.0006299590750131756
9888,0.0008021665926207788,0.0006815403612563387,1.011137791090914e-06,0.0006299590750131756
9889,0.000789239515142981,0.0007935914254630916,1.0109398701277774e-06,0.0006299590750131756
9890,0.000964818027568981,0.0008318594482261688,1.0107437213744866e-06,0.0006299590750131756
9891,0.0009042348901857622,0.000759660717449151,1.0105493449084788e-06,0.0006299590750131756
9892,0.0008276194676000159,0.0010173968839808367,1.0103567408064904e-06,0.0006299590750131756
9893,0.0007303251441044267,0.0008063199202297255,1.0101659091445584e-06,0.0006299590750131756
9894,0.0009500615051365457,0.0008393514071940444,1.0099768499980204e-06,0.0006299590750131756
9895,0.0007142061658669263,0.0008075937512330711,1.0097895634415136e-06,0.0006299590750131756
9896,0.0007656758571101818,0.0007452483041561209,1.0096040495489763e-06,0.0006299590750131756
9897,0.000743953583878465,0.0009843047737376764,1.0094203083936456e-06,0.0006299590750131756
9898,0.0008113783624139614,0.0007769072472001426,1.0092383400480604e-06,0.0006299590750131756
9899,0.000784467309131287,0.0007269234774867073,1.0090581445840582e-06,0.0006299590750131756
9900,0.0007848883615224622,0.000849567397381179,1.0088797220727783e-06,0.0006299590750131756
9901,0.0007880837583797984,0.0006840002970420755,1.0087030725846578e-06,0.0006299590750131756
9902,0.0008046426810324192,0.0008021457906579599,1.0085281961894368e-06,0.0006299590750131756
9903,0.0009067013452295214,0.0007717761254752986,1.0083550929561516e-06,0.0006299590750131756
9904,0.0008296536616398953,0.0007991486054379493,1.0081837629531428e-06,0.0006299590750131756
9905,0.0009558724996168166,0.0009482353125349618,1.008014206248047e-06,0.0006299590750131756
9906,0.0008415495467488654,0.0008706748631084338,1.0078464229078037e-06,0.0006299590750131756
9907,0.000756853747589048,0.0008672926924191415,1.0076804129986504e-06,0.0006299590750131756
9908,0.00078852369915694,0.0009039407232194208,1.0075161765861255e-06,0.0006299590750131756
9909,0.0008432616414211225,0.0008587785778217949,1.0073537137350673e-06,0.0006299590750131756
9910,0.0008117812903947197,0.0008605408074799925,1.0071930245096125e-06,0.0006299590750131756
9911,0.0007092199157341383,0.0007490830466849729,1.0070341089731995e-06,0.0006299590750131756
9912,0.0008468373926007189,0.000769451835367363,1.0068769671885652e-06,0.0006299590750131756
9913,0.0008266173172160052,0.0006721712707076222,1.0067215992177475e-06,0.0006299590750131756
9914,0.0009508012226433493,0.0007796052377671003,1.0065680051220823e-06,0.0006299590750131756
9915,0.0008086969828582369,0.0007117582863429561,1.0064161849622066e-06,0.0006299590750131756
9916,0.0007231070485431701,0.000723641202057479,1.006266138798056e-06,0.0006299590750131756
9917,0.0008731405614526011,0.0006916534766787663,1.0061178666888671e-06,0.0006299590750131756
9918,0.0007964856413309462,0.000759926660975907,1.005971368693175e-06,0.0006299590750131756
9919,0.0008984641244751401,0.0008883650589268655,1.005826644868815e-06,0.0006299590750131756
9920,0.0008463306730845943,0.0009123065465246327,1.0056836952729216e-06,0.0006299590750131756
9921,0.0007860363330109976,0.0007951342922751792,1.005542519961929e-06,0.0006299590750131756
9922,0.0006777091621188447,0.0007899792763055302,1.0054031189915707e-06,0.0006299590750131756
9923,0.0008153951639542356,0.0007988620200194418,1.005265492416881e-06,0.0006299590750131756
9924,0.0007786012938595377,0.0007106691627996042,1.0051296402921917e-06,0.0006299590750131756
9925,0.0008711725968169048,0.0007055529240460601,1.0049955626711357e-06,0.0006299590750131756
9926,0.0007839732134016231,0.000930277987208683,1.0048632596066436e-06,0.0006299590750131756
9927,0.000697693852998782,0.0007027038300293498,1.004732731150948e-06,0.0006299590750131756
9928,0.0009278735669795424,0.000762336298066657,1.0046039773555787e-06,0.0006299590750131756
9929,0.0008294412546092644,0.0007514792341680732,1.004476998271366e-06,0.0006299590750131756
9930,0.0007743884561932646,0.000867612543515861,1.0043517939484389e-06,0.0006299590750131756
9931,0.0007308045969693922,0.0008539221234968863,1.0042283644362264e-06,0.0006299590750131756
9932,0.0006153418544272427,0.0008513004504493438,1.0041067097834559e-06,0.0006299590750131756
9933,0.0007935458779684268,0.0008766567261773162,1.0039868300381554e-06,0.0006299590750131756
9934,0.0007320078366319649,0.0007959247450344265,1.0038687252476515e-06,0.0006299590750131756
9935,0.0008688702073413879,0.0008801690783002414,1.0037523954585697e-06,0.0006299590750131756
9936,0.000762464500439819,0.000858649451402016,1.0036378407168354e-06,0.0006299590750131756
9937,0.0008506741432938725,0.0008024383059819229,1.0035250610676726e-06,0.0006299590750131756
9938,0.0007782484972267412,0.0009059833828359842,1.003414056555606e-06,0.0006299590750131756
9939,0.0007932496882858686,0.0009551568946335465,1.003304827224457e-06,0.0006299590750131756
9940,0.0007895507806097157,0.0007734730606898665,1.0031973731173487e-06,0.0006299590750131756
9941,0.0007538147692685015,0.0007386989855149295,1.0030916942767019e-06,0.0006299590750131756
9942,0.0007763830508338287,0.0006790792249375954,1.0029877907442365e-06,0.0006299590750131756
9943,0.0006891933589940891,0.0008407657369389199,1.0028856625609726e-06,0.0006299590750131756
9944,0.0008019463857635856,0.0008713081551832147,1.0027853097672288e-06,0.0006299590750131756
9945,0.0008973449585027993,0.0009780459440662526,1.0026867324026222e-06,0.0006299590750131756
9946,0.0009032733651110902,0.0009381541458424181,1.00258993050607e-06,0.0006299590750131756
9947,0.000848483425215818,0.0008866398129612207,1.0024949041157884e-06,0.0006299590750131756
9948,0.0009340454998891801,0.0008238589070970193,1.0024016532692914e-06,0.0006299590750131756
9949,0.0008396289777010679,0.0010348419673391618,1.0023101780033938e-06,0.0006299590750131756
9950,0.0007318568023038097,0.000911772898689378,1.0022204783542079e-06,0.0006299590750131756
9951,0.0007765018162899651,0.0008633409233880229,1.0021325543571464e-06,0.0006299590750131756
9952,0.0007609580352436751,0.0008153999515343457,1.00204640604692e-06,0.0006299590750131756
9953,0.0008153822927852161,0.0008254746862803586,1.001962033457539e-06,0.0006299590750131756
9954,0.000770581049437169,0.0008867396172718145,1.0018794366223115e-06,0.0006299590750131756
9955,0.0009508114890195429,0.0006993725073698442,1.0017986155738458e-06,0.0006299590750131756
9956,0.0010059691048809327,0.0007331146407523192,1.001719570344049e-06,0.0006299590750131756
9957,0.0009535601639072411,0.0007855431395000778,1.0016423009641272e-06,0.0006299590750131756
9958,0.0008196364215109497,0.0009194854574161582,1.0015668074645845e-06,0.0006299590750131756
9959,0.0008460422031930648,0.0009497120990999974,1.0014930898752246e-06,0.0006299590750131756
9960,0.0006556976586580276,0.0007917977563920431,1.0014211482251504e-06,0.0006299590750131756
9961,0.0009096140347537585,0.0008241927498602308,1.0013509825427632e-06,0.0006299590750131756
9962,0.0007653631109860726,0.0008601150548201986,1.0012825928557631e-06,0.0006299590750131756
9963,0.0007858078752178699,0.0008071622360148467,1.0012159791911494e-06,0.0006299590750131756
9964,0.0006699760924675502,0.0010455512529006228,1.00115114157522e-06,0.0006299590750131756
9965,0.0008115262826322578,0.0007454859623976517,1.001088080033572e-06,0.0006299590750131756
9966,0.0007453799844370224,0.000789222824096214,1.0010267945911011e-06,0.0006299590750131756
9967,0.0007049149826343637,0.0007411834048980381,1.0009672852720016e-06,0.0006299590750131756
9968,0.0008500882468069904,0.0008022972688195296,1.0009095520997667e-06,0.0006299590750131756
9969,0.000847107672598213,0.0008553415755159222,1.0008535950971891e-06,0.0006299590750131756
9970,0.0008446366045973264,0.0008073395147221163,1.0007994142863598e-06,0.0006299590750131756
9971,0.0007679946138523519,0.0011224562986171804,1.0007470096886676e-06,0.0006299590750131756
9972,0.000763194308092352,0.0008367748014279641,1.0006963813248017e-06,0.0006299590750131756
9973,0.000966032428550534,0.0010188495143665932,1.000647529214749e-06,0.0006299590750131756
9974,0.0008100692939478904,0.0011821219377452508,1.0006004533777964e-06,0.0006299590750131756
9975,0.0007899869306129403,0.0007207011949503794,1.0005551538325276e-06,0.0006299590750131756
9976,0.0010150524103664793,0.0007840053440304473,1.0005116305968267e-06,0.0006299590750131756
9977,0.0008422727551078424,0.0007280978243215941,1.0004698836878758e-06,0.0006299590750131756
9978,0.0009635991373215802,0.0007598809825140052,1.000429913122156e-06,0.0006299590750131756
9979,0.0008293055143440142,0.0009555947472108528,1.0003917189154472e-06,0.0006299590750131756
9980,0.0007479973501176573,0.0008559464840800501,1.0003553010828277e-06,0.0006299590750131756
9981,0.0010186007639276795,0.000913397190743126,1.0003206596386746e-06,0.0006299590750131756
9982,0.0009747803705977276,0.000869155308464542,1.0002877945966642e-06,0.0006299590750131756
9983,0.0006730151726515032,0.0007166311188484542,1.0002567059697703e-06,0.0006299590750131756
9984,0.0007855141375330277,0.0008611633093096316,1.0002273937702671e-06,0.0006299590750131756
9985,0.0007906578757683747,0.0009460520741413347,1.000199858009726e-06,0.0006299590750131756
9986,0.0007686762037337758,0.0008691791153978556,1.000174098699018e-06,0.0006299590750131756
9987,0.0008138881239574403,0.0009346176448161714,1.0001501158483121e-06,0.0006299590750131756
9988,0.0007745976181467995,0.0007450775519828312,1.0001279094670767e-06,0.0006299590750131756
9989,0.0006853885861346498,0.0008958642720244825,1.000107479564079e-06,0.0006299590750131756
9990,0.0007615746362716891,0.0008322451612912118,1.0000888261473832e-06,0.0006299590750131756
9991,0.0007986851851455867,0.0007599857271998189,1.000071949224354e-06,0.0006299590750131756
9992,0.0008657935177325271,0.0008185137048712932,1.0000568488016543e-06,0.0006299590750131756
9993,0.0007603370941069443,0.0007209425020846538,1.000043524885245e-06,0.0006299590750131756
9994,0.0007264022606250364,0.0007474437770724762,1.0000319774803873e-06,0.0006299590750131756
9995,0.0008802896263659932,0.0007450751727446914,1.0000222065916382e-06,0.0006299590750131756
9996,0.0008130657879519276,0.0008185072874766774,1.0000142122228567e-06,0.0006299590750131756
9997,0.0007323181562242098,0.0007827596855349839,1.000007994377198e-06,0.0006299590750131756
9998,0.0007360274466918781,0.0007964254582475405,1.0000035530571172e-06,0.0006299590750131756
9999,0.0008515611916664056,0.0007141108362702653,1.0000008882643672e-06,0.0006299590750131756
