epoch,from_history_train,from_history_val
1,0.0416506594,0.04154358897
2,0.03975148033,0.04070417723
3,0.03922715224,0.03881658288
4,0.04218030395,0.04174992815
5,0.03815575503,0.04196208064
6,0.03870030027,0.03805316216
7,0.04015376186,0.03597128857
8,0.03997952584,0.03516848711
9,0.03560127411,0.03821304184
10,0.0370772134,0.03488974692
11,0.03558574477,0.03630259284
12,0.03480968415,0.03489082283
13,0.03632501746,0.0342505665
14,0.03352286387,0.03532864433
15,0.03192369151,0.03278569877
16,0.03135227878,0.03115890408
17,0.03276079963,0.03212516638
18,0.03074301453,0.03130423417
19,0.03147793002,0.03085230803
20,0.02910434757,0.0313176387
21,0.03017339366,0.02892946987
22,0.0273352745,0.02856373275
23,0.02886623493,0.03027522005
24,0.02959545236,0.02882485581
25,0.02814792935,0.02832918498
26,0.02734746714,0.02779091289
27,0.0264240806,0.02433468681
28,0.02496161661,0.02769581485
29,0.02631176263,0.0240722585
30,0.02480167546,0.02291721688
31,0.02518372168,0.02407019725
32,0.02256783564,0.02316469024
33,0.0236585543,0.02430588054
34,0.02320011007,0.0226760658
35,0.02231915225,0.023314127
36,0.02291152137,0.02189174527
37,0.02149079391,0.02105819131
38,0.02116823546,0.02058900893
39,0.02196221566,0.02070429223
40,0.02059831889,0.01969886548
41,0.02206660993,0.02049404313
42,0.0197391382,0.02040893817
43,0.01956950489,0.01831793669
44,0.0197786896,0.01977693569
45,0.01853681495,0.0184180683
46,0.01901826821,0.01764821552
47,0.01773566613,0.01899438305
48,0.01858774386,0.01732348523
49,0.01919060631,0.01752814627
50,0.01792552799,0.01674117136
51,0.01619794592,0.01764892286
52,0.01641629962,0.01700216101
53,0.01662648702,0.01565138507
54,0.0169290785,0.01682539354
55,0.01566866413,0.01558378141
56,0.01620404294,0.01526045916
57,0.01447221544,0.01488423278
58,0.01577833307,0.01508453989
59,0.01448447036,0.0143011749
60,0.01482514909,0.01483050361
61,0.01445466641,0.01483375905
62,0.01405930263,0.0141854207
63,0.0142060637,0.01539095247
64,0.01426013443,0.01450965879
65,0.01342726313,0.01403010287
66,0.01440534147,0.01339413284
67,0.01458737114,0.01388931542
68,0.01414654125,0.01386285282
69,0.01334702573,0.01417727058
70,0.01369337784,0.01382568106
71,0.01335768169,0.01374822971
72,0.01325983193,0.01325569605
73,0.01309535815,0.01301390596
74,0.01375124254,0.01302720665
75,0.01353087986,0.0136279586
76,0.013428504,0.01358058944
77,0.01409494085,0.01310224214
78,0.01290495298,0.01323511382
79,0.01350846631,0.01315712568
80,0.01323948323,0.01240126311
81,0.01311492221,0.01363124885
82,0.01260486234,0.0128138758
83,0.01262002951,0.01351033768
84,0.01263398596,0.01218265924
85,0.01352170669,0.01256363268
86,0.01301386859,0.013428565
87,0.01288788626,0.0126902028
88,0.01237967832,0.01294707821
89,0.01242236758,0.01283197314
90,0.01281167427,0.01250288798
91,0.0130925515,0.01306594256
92,0.01233716286,0.01193440671
93,0.01346258714,0.01254183974
94,0.01248600171,0.01251145627
95,0.01253839792,0.01182843058
96,0.01205000828,0.01206395368
97,0.01280407479,0.0121258538
98,0.01177434926,0.01256894576
99,0.01219333406,0.01265222346
100,0.01229740574,0.01157889364
101,0.01206581085,0.01194432692
102,0.01155809732,0.0120763022
103,0.01269387244,0.01242780429
104,0.01271571929,0.01263565
105,0.01173291029,0.01211146929
106,0.01137744263,0.01193503605
107,0.01207165187,0.01097102882
108,0.01197964489,0.01197792043
109,0.01224684319,0.01132642699
110,0.01172037714,0.01209705684
111,0.01104840764,0.012648092
112,0.01252136123,0.01195862773
113,0.01152407599,0.01191067637
114,0.01180183643,0.01181889174
115,0.0120954013,0.0115709207
116,0.01223146741,0.01191444008
117,0.01205877878,0.01230583561
118,0.01147586165,0.01226289989
119,0.0116731415,0.0110169478
120,0.01231809752,0.01227096957
121,0.01167055615,0.01162273181
122,0.0116906215,0.01133015368
123,0.0111620361,0.01155651128
124,0.01108568395,0.01172224304
125,0.01160806429,0.01243927772
126,0.01120194932,0.01135194744
127,0.01140613423,0.0113740142
128,0.01171043678,0.01158890221
129,0.01204600558,0.01128870866
130,0.0113447241,0.01187755377
131,0.01173625397,0.01175293769
132,0.01126359031,0.01117268205
133,0.0116923562,0.01054166269
134,0.01130869903,0.0111494438
135,0.01089526503,0.01138443535
136,0.01189919794,0.01160164096
137,0.01095951046,0.01154449035
138,0.01077308063,0.01149899315
139,0.01122669491,0.01207180624
140,0.01160967967,0.01148627419
141,0.01137570234,0.01134200976
142,0.01099875895,0.01120605622
143,0.01110290911,0.01172589057
144,0.01099254598,0.01106109493
145,0.01132430916,0.01161671756
146,0.01139858225,0.01141865749
147,0.01138479717,0.01074356365
148,0.01153166662,0.01127628668
149,0.01072341134,0.01084749296
150,0.01099143911,0.01156891452
151,0.01081143832,0.01104176231
152,0.01138516923,0.01162893372
153,0.01110224565,0.01088671316
154,0.01103892748,0.0112187406
155,0.01189974532,0.01087511762
156,0.01123501477,0.0112185427
157,0.01088664157,0.01145569817
158,0.01106931572,0.01081676141
159,0.01050711982,0.01075414452
160,0.01129487809,0.01142320456
161,0.01148985361,0.01095599006
162,0.01154115144,0.01075931103
163,0.01096914429,0.01135248365
164,0.01090425509,0.01099040813
165,0.01109517261,0.01129818032
166,0.01135947811,0.01047903264
167,0.01100116863,0.01094898919
168,0.01076799887,0.01103995508
169,0.01074594783,0.01060490345
170,0.01074960665,0.01086142834
171,0.01053730957,0.01060498145
172,0.01075614663,0.01104821218
173,0.01066872943,0.01127551356
174,0.01063131238,0.01052991149
175,0.01050584379,0.01060646784
176,0.01097930805,0.01048592676
177,0.01064845547,0.01081539586
178,0.0112630775,0.01123935031
179,0.01094215736,0.01119498129
180,0.01073505194,0.01112765237
181,0.01051673212,0.01082802389
182,0.01066423103,0.01042142289
183,0.01050317357,0.01089075865
184,0.01044373191,0.01064364251
185,0.01046983001,0.01103879989
186,0.01134759013,0.01098107384
187,0.01158261404,0.01124224928
188,0.01090024901,0.01015518757
189,0.01076053292,0.01094842725
190,0.01086862653,0.01132232219
191,0.0111448525,0.01064930391
192,0.009777294472,0.01097844809
193,0.0107297902,0.01079931285
194,0.01125867362,0.01080124208
195,0.01077190891,0.01122807479
196,0.01121467445,0.01019169099
197,0.01087461668,0.01054706785
198,0.01055123378,0.0110201299
199,0.01085887372,0.0110040853
200,0.01119151339,0.01021114702
201,0.01046497875,0.01131798828
202,0.01095996203,0.01050258742
203,0.0107911207,0.01029772742
204,0.0105075764,0.01029646886
205,0.01082538744,0.01138937706
206,0.01022328506,0.01037538203
207,0.01045000285,0.0113665259
208,0.01064538758,0.01099618082
209,0.01066484977,0.01106302685
210,0.010739916,0.01062724169
211,0.01010984706,0.01053171151
212,0.01084717456,0.01119826629
213,0.01109473512,0.01077444491
214,0.01049425139,0.01016528881
215,0.01021784899,0.01103034744
216,0.009904765291,0.01086259133
217,0.01015344751,0.01084852195
218,0.01032438816,0.01051282592
219,0.01042639115,0.01055099105
220,0.01057367038,0.01065919932
221,0.01077565539,0.01074556145
222,0.01054056548,0.01059437066
223,0.01073571795,0.01055274741
224,0.01088084781,0.01036042906
225,0.01106218586,0.0102062769
226,0.01042153337,0.01090499409
227,0.01068854867,0.01039743307
228,0.01070667058,0.0109220153
229,0.01036546659,0.01100530964
230,0.009932284011,0.011158437
231,0.01092037396,0.01080969942
232,0.01130024949,0.01024819247
233,0.01016616041,0.01114911889
234,0.0105217899,0.01121285604
235,0.01097122498,0.01110114006
236,0.01084462344,0.0106240164
237,0.01063364896,0.01069516945
238,0.01103026071,0.01079480676
239,0.01054494351,0.01080885518
240,0.01058903872,0.0103087707
241,0.01013567066,0.01025775343
242,0.01044848713,0.010861121
243,0.01125569432,0.01055678085
244,0.01030222967,0.01093553042
245,0.01089794433,0.01011022227
246,0.01021532598,0.009965975652
247,0.01082309871,0.01104218571
248,0.01064738666,0.01129712816
249,0.01081044774,0.01081360213
250,0.01064687886,0.01062619034
251,0.0106955372,0.01090197358
252,0.010117942,0.01113227336
253,0.01112230052,0.01004829246
254,0.01107113203,0.01076132932
255,0.01101304486,0.01055611158
256,0.01080208155,0.01070162025
257,0.01081397606,0.01113054727
258,0.01064326591,0.01035672962
259,0.01011531253,0.01078035764
260,0.01046382892,0.00965260691
261,0.01103511767,0.01043671276
262,0.01087587676,0.01071352919
263,0.01012180746,0.01105325238
264,0.01069175766,0.01034921687
265,0.0102734915,0.01058401074
266,0.01055643603,0.01001616853
267,0.01053785178,0.009900673816
268,0.01044819411,0.01038062596
269,0.01003087289,0.01118486677
270,0.01066512452,0.010040408
271,0.01049367897,0.01031388692
272,0.01017242228,0.01095745189
273,0.01034878666,0.01082740724
274,0.01055859867,0.01034442917
275,0.01015226624,0.01049538795
276,0.01043597655,0.01004972821
277,0.01038714498,0.01107869064
278,0.01054792001,0.01042519195
279,0.009983841097,0.01048418367
280,0.01041633927,0.01109651197
281,0.01007751201,0.01010032813
282,0.01045371185,0.01038948516
283,0.01045558462,0.01045804983
284,0.0103462917,0.01072260912
285,0.01052610506,0.0107155611
286,0.01011933829,0.01030479849
287,0.01045175595,0.01067650213
288,0.01050771016,0.01057033055
289,0.01003227534,0.01128605055
290,0.01064439723,0.01053862704
291,0.01047368092,0.01037598355
292,0.01012210204,0.01120648254
293,0.01026079827,0.01018969947
294,0.01010742481,0.01060895191
295,0.01082010916,0.01061502669
296,0.01048462524,0.01069594768
297,0.010551841,0.01065789233
298,0.00977322401,0.01039299334
299,0.01021445577,0.01083612058
300,0.01007985848,0.01063692977
301,0.009364613448,0.01088183292
302,0.01074460894,0.01057393616
303,0.01047470525,0.01100524177
304,0.01025308622,0.01035309897
305,0.01036083675,0.01037507877
306,0.01002060052,0.01020158804
307,0.0105025887,0.01071253954
308,0.01078488783,0.01081004029
309,0.01007297332,0.01050772076
310,0.01066710078,0.01015424309
311,0.01045976975,0.01065471524
312,0.00962467608,0.01091780956
313,0.0104918388,0.01017130318
314,0.00964818435,0.01026304357
315,0.009610300884,0.01084948052
316,0.01045033021,0.01128352142
317,0.01044390548,0.01025700918
318,0.01073116146,0.01115094102
319,0.009853967349,0.01025983808
320,0.01057549787,0.01039370662
321,0.01026206592,0.01071969792
322,0.01065009378,0.01049075881
323,0.01050234586,0.01076941285
324,0.009772967896,0.0100630048
325,0.009788212832,0.01022674516
326,0.01037886238,0.01124414464
327,0.01048053452,0.01004723634
328,0.01039695391,0.01005932724
329,0.01078891254,0.01095059665
330,0.01030159113,0.01003637328
331,0.01037928509,0.01054118166
332,0.01100078563,0.009941072785
333,0.01003741904,0.01010513282
334,0.009824880108,0.01053751889
335,0.01066373277,0.0105021667
336,0.0103035341,0.01042672421
337,0.01029464707,0.01032554707
338,0.01069993188,0.01070285728
339,0.01086794562,0.01010542316
340,0.01042690256,0.0105015866
341,0.01027125958,0.01008241659
342,0.01015501469,0.0112290968
343,0.01027210127,0.01013960119
344,0.01023167372,0.009835683391
345,0.01067720342,0.01062302652
346,0.01021713775,0.009940192918
347,0.01060393464,0.01024069323
348,0.01041374216,0.01046628668
349,0.009916399489,0.01037639333
350,0.009987413068,0.01077393244
351,0.01001598442,0.0100385386
352,0.01061064017,0.009982823278
353,0.009930208558,0.01013282128
354,0.01054370392,0.01080640277
355,0.01045256818,0.01090368081
356,0.01053517428,0.01109284419
357,0.0105161313,0.01024209056
358,0.009858796722,0.009970627376
359,0.009797286708,0.01004922856
360,0.01040246047,0.01070720481
361,0.0102757659,0.01071114431
362,0.01026108803,0.0109960722
363,0.01005348552,0.009843534557
364,0.01066246559,0.01083755447
365,0.01056201488,0.01079182012
366,0.01063441567,0.009934442409
367,0.01036015584,0.01104428491
368,0.01087755407,0.009765186929
369,0.01027201035,0.01082634181
370,0.01085899665,0.01030388498
371,0.01014232752,0.01024873019
372,0.01085304515,0.01049404987
373,0.009970591287,0.01075377094
374,0.0105452172,0.01080453338
375,0.00991577364,0.009999076487
376,0.01083327807,0.009942756966
377,0.01011694735,0.01091535424
378,0.01026604464,0.01043482602
379,0.01025947684,0.01058239583
380,0.01054015977,0.0114177498
381,0.01011773769,0.01037258643
382,0.0104135233,0.01032766595
383,0.009982164949,0.01018273958
384,0.01096104854,0.01014807599
385,0.01023800694,0.0110526447
386,0.01033970993,0.01065398916
387,0.01000753802,0.01081791683
388,0.009523989866,0.01006151154
389,0.01017699158,0.01081777504
390,0.009946676088,0.01030761912
391,0.009826087102,0.01028938976
392,0.01026355394,0.01050344389
393,0.01006766688,0.01069205743
394,0.01067501714,0.009995182219
395,0.009785633418,0.01010917325
396,0.01028577541,0.009749744437
397,0.01000609662,0.01097625855
398,0.01018245064,0.01067158103
399,0.01012701401,0.01034602337
400,0.009796419647,0.01063384977
401,0.009942031582,0.01082047424
402,0.009994625463,0.01009724068
403,0.01055472658,0.01039890124
404,0.01054721547,0.0109802105
405,0.01037313021,0.01062530081
406,0.01010385982,0.01083635376
407,0.0109534692,0.00973394746
408,0.01067107776,0.01066889556
409,0.0103509333,0.01007908117
410,0.009335733019,0.01052968961
411,0.009773589438,0.01068640011
412,0.009816596401,0.01054873108
413,0.01023542986,0.01021833846
414,0.009976594243,0.01016946847
415,0.01044908701,0.01061757654
416,0.01049718924,0.01038256264
417,0.01025853783,0.009588061483
418,0.01050206111,0.009857259691
419,0.01044925209,0.01074207632
420,0.01073554589,0.009868192254
421,0.01058170164,0.01020575967
422,0.01051247632,0.01012910833
423,0.009965486126,0.01010953321
424,0.01073073107,0.01089412894
425,0.01015524112,0.01036485634
426,0.01061006554,0.01064905932
427,0.009589841357,0.01001773111
428,0.01022444211,0.01038926875
429,0.01017899427,0.01013696357
430,0.01006707095,0.01018229569
431,0.01004224224,0.01057696214
432,0.01049607957,0.00953413418
433,0.01000050362,0.01066637912
434,0.01010879304,0.009954669746
435,0.009358569863,0.0100128362
436,0.01015171839,0.01010031765
437,0.0102706129,0.01036571269
438,0.009770933655,0.01057819847
439,0.00999724248,0.01087643392
440,0.01020169118,0.01014156744
441,0.009512215038,0.009546135901
442,0.01008007675,0.009982416872
443,0.01010374236,0.01065719617
444,0.01032171841,0.0101211181
445,0.01030651201,0.01032995805
446,0.01014721359,0.01045662374
447,0.01016778115,0.009956644615
448,0.01023363601,0.01071850932
449,0.01108534669,0.0106214768
450,0.01027407241,0.0099020825
451,0.01073602727,0.01039293478
452,0.01045238122,0.009923422243
453,0.01016663539,0.01067669829
454,0.01022740162,0.01035565231
455,0.009770810721,0.009778276784
456,0.009883464198,0.01086432557
457,0.01023350446,0.01047081908
458,0.01047155226,0.01029420423
459,0.009998859256,0.009530403302
460,0.01034147851,0.01036231063
461,0.01028550218,0.01037225861
462,0.009954304318,0.01130863535
463,0.00985265692,0.009623292368
464,0.009866521461,0.01029301877
465,0.01038832311,0.01012340421
466,0.01059152721,0.01037553296
467,0.01043405512,0.01033630909
468,0.009579739999,0.01055533299
469,0.01048442884,0.01043930056
470,0.01024931658,0.01037669904
471,0.01033871761,0.0106585857
472,0.009718702873,0.01042664307
473,0.009784684866,0.01060144522
474,0.009611196467,0.01025706087
475,0.009984060482,0.01011828962
476,0.009777974337,0.01071112033
477,0.009907754196,0.01081952162
478,0.009983098833,0.009779552231
479,0.01018881123,0.00995108299
480,0.0107220083,0.009255143639
481,0.01010759792,0.01033062814
482,0.01033007063,0.01008144126
483,0.009631295688,0.009590383444
484,0.0101214,0.01028082939
485,0.01044672076,0.01072006277
486,0.01030049555,0.01065538113
487,0.009957477218,0.009403952863
488,0.009706989105,0.01062510186
489,0.01058901346,0.01016463991
490,0.01056483446,0.01035791181
491,0.01032260992,0.0104646394
492,0.009607276646,0.009791893535
493,0.01033705089,0.009986801539
494,0.01014452759,0.01032123424
495,0.010180932,0.01024969551
496,0.0104113766,0.01030173164
497,0.01073323237,0.01034290902
498,0.01039938058,0.01071594434
499,0.01113568351,0.009740129113
500,0.0100557229,0.01074346912
501,0.009826694964,0.01071675646
502,0.009793259203,0.009605283267
503,0.01056101487,0.01030577044
504,0.01042454725,0.01031210925
505,0.01008508343,0.01014953956
506,0.009531227814,0.01115815726
507,0.009729735786,0.009700977826
508,0.01005227293,0.009602087783
509,0.009807943774,0.01085900737
510,0.0101671851,0.01033027563
511,0.01055279188,0.01031349826
512,0.01002086874,0.01099266915
513,0.009661018848,0.01043224998
514,0.01055278676,0.0109696039
515,0.009984039585,0.009925335646
516,0.009514851728,0.01085187704
517,0.01061970834,0.01010697393
518,0.01024236192,0.009996548644
519,0.009636557428,0.01030627661
520,0.009606843698,0.01038383006
521,0.009707433172,0.01001077413
522,0.01000576536,0.01072917657
523,0.01017101377,0.01009223599
524,0.01098106778,0.009848245769
525,0.01053708408,0.009543363354
526,0.009994976455,0.009710227663
527,0.009786826675,0.01108352863
528,0.01025760022,0.009953200002
529,0.01062935905,0.01033480023
530,0.01042310428,0.01062688685
531,0.01071532886,0.00995610957
532,0.009614469251,0.01028384187
533,0.01024698885,0.01036305411
534,0.01026644255,0.01042996917
535,0.009487656644,0.01035050757
536,0.01019515842,0.0101806618
537,0.01027658209,0.01024283632
538,0.01049054204,0.009834566968
539,0.009988328326,0.01066740544
540,0.01061943488,0.009730505291
541,0.01066439552,0.01008183823
542,0.0103661241,0.01070447569
543,0.009686892503,0.01009144937
544,0.01008725027,0.01028761512
545,0.01104204799,0.009968115482
546,0.009582645143,0.009550561197
547,0.01066467422,0.01052653661
548,0.01007164695,0.01060746401
549,0.009974583751,0.01029934757
550,0.009654448484,0.010357594
551,0.01011720207,0.0101883302
552,0.01050036668,0.01012228034
553,0.009860490914,0.01076730958
554,0.01060184976,0.009895724244
555,0.009749237332,0.009732997743
556,0.01009778248,0.009957802482
557,0.01015647792,0.009932278539
558,0.01011296012,0.009406261379
559,0.009339086944,0.01040104707
560,0.01041017706,0.0100867392
561,0.01010770001,0.01051059237
562,0.01047381177,0.01028210972
563,0.01026950858,0.01047437242
564,0.009943111101,0.01037855435
565,0.009534954093,0.009965634206
566,0.009859075712,0.01024982263
567,0.01057277387,0.009851205628
568,0.01018065959,0.009826246649
569,0.009417893016,0.01040668518
570,0.009472113801,0.0103525708
571,0.009873379837,0.01037354302
572,0.009745395742,0.01013809128
573,0.009176080988,0.009494985454
574,0.009740312002,0.01015182043
575,0.0103520744,0.01010849071
576,0.01009695011,0.01007057657
577,0.009646739345,0.01018992206
578,0.01012323191,0.01001725555
579,0.009888052591,0.01012735383
580,0.01054041111,0.01041901333
581,0.009896416217,0.01026620017
582,0.01037561917,0.009852484567
583,0.009909423883,0.009911890258
584,0.008584843134,0.009380068863
585,0.00999851845,0.01045399217
586,0.00888525811,0.01050735975
587,0.01008643501,0.00964122545
588,0.01045659231,0.01090762636
589,0.01037976902,0.01088199578
590,0.010417671,0.01079738012
591,0.009732392617,0.009764229297
592,0.01033479627,0.01031892339
593,0.009742849739,0.01001174666
594,0.01050281024,0.01071474608
595,0.01019986463,0.01054132672
596,0.01019696542,0.009772592341
597,0.009966764133,0.01049354253
598,0.01029150572,0.01034711814
599,0.01044781716,0.009815026075
600,0.009573611955,0.009853392956
601,0.009850988747,0.009426880395
602,0.01025159168,0.009335075621
603,0.01095083973,0.009893449838
604,0.009905534214,0.01014743035
605,0.01049384184,0.009958190029
606,0.009890060755,0.009456848027
607,0.01037543989,0.01030283037
608,0.01028853341,0.009918606258
609,0.009938556934,0.009524183231
610,0.009991748142,0.01019620994
611,0.009694204666,0.009816629521
612,0.009497716674,0.009923052858
613,0.01022444188,0.01035142969
614,0.01000387769,0.01043002529
615,0.009181900881,0.01030932658
616,0.009255044803,0.009280832717
617,0.009939592099,0.009865074651
618,0.00986842881,0.009827903821
619,0.01013420604,0.00963927363
620,0.00949769211,0.009502456291
621,0.009788708063,0.01058061409
622,0.01050159987,0.009811507072
623,0.00982919964,0.00986185018
624,0.009726955555,0.01046887226
625,0.009443616844,0.01089635561
626,0.009280394355,0.009295740863
627,0.009475153172,0.01054112858
628,0.0101665972,0.01037654164
629,0.01023539843,0.01055618108
630,0.009669817053,0.009947120561
631,0.009867388173,0.01024867664
632,0.01028682909,0.01040732756
633,0.009727105615,0.009807943134
634,0.01013876416,0.009904090082
635,0.009572898387,0.0097933379
636,0.009802409564,0.01013976242
637,0.009293267969,0.00960043259
638,0.009336582036,0.01016006328
639,0.01056706707,0.01061108313
640,0.01014303882,0.009953109431
641,0.009757672786,0.0100690414
642,0.009518403385,0.009956814698
643,0.01019209088,0.01050561573
644,0.009785337257,0.01042874053
645,0.009593792784,0.009880124708
646,0.009567337926,0.01031271461
647,0.01004617987,0.009530324664
648,0.008610361721,0.01021742419
649,0.009288503265,0.009134181368
650,0.01013426797,0.009906680323
651,0.01039925998,0.01006414846
652,0.009837787016,0.01052803232
653,0.009573022486,0.01001758745
654,0.009515186888,0.009989095037
655,0.009571616189,0.0105077303
656,0.01028892258,0.009733708983
657,0.009774129954,0.009887097985
658,0.01034012635,0.009990760242
659,0.009900575504,0.00987011136
660,0.009849952185,0.009769081953
661,0.01004294667,0.009360161144
662,0.009832930751,0.009741081274
663,0.00925152225,0.009708712227
664,0.009404111304,0.01006811939
665,0.009594918229,0.01026635943
666,0.009686189238,0.01017379202
667,0.009965198929,0.01001955371
668,0.01003380131,0.0100706775
669,0.00980012049,0.009284769942
670,0.009588365443,0.01004279032
671,0.0096230497,0.009826039313
672,0.00964635564,0.01032170129
673,0.008712381066,0.009683105745
674,0.009973019361,0.009766590083
675,0.009754685452,0.009831659147
676,0.009785120666,0.009524354013
677,0.009985706187,0.00953846029
678,0.009653397487,0.0100263952
679,0.008996688179,0.009513925761
680,0.009569854243,0.01034018013
681,0.009169404977,0.009629500273
682,0.01000883861,0.01048181183
683,0.009355275193,0.009675148816
684,0.009464895702,0.01007804729
685,0.01000880793,0.01012961008
686,0.01017554384,0.00951335195
687,0.009565271903,0.009964182158
688,0.009531873395,0.009918299038
689,0.009857858415,0.01008048665
690,0.009630139684,0.009508669144
691,0.009694411885,0.01014956052
692,0.009835374891,0.009974819724
693,0.00986191316,0.009667165345
694,0.0095028996,0.009769763099
695,0.009423696436,0.009969157283
696,0.008961099316,0.009169480472
697,0.009992575506,0.009605100146
698,0.009768699296,0.01014517155
699,0.009592259186,0.01008788962
700,0.009681086987,0.009396435926
701,0.009565227316,0.009004997788
702,0.009966234094,0.00989916455
703,0.0100944977,0.01035043073
704,0.009136278066,0.009509679046
705,0.009655917995,0.01038523659
706,0.01022373384,0.009904830833
707,0.00964082405,0.009807224618
708,0.00934479665,0.00918349484
709,0.01025112567,0.009119697264
710,0.01008368353,0.009537336766
711,0.009372603614,0.0100218649
712,0.00917521026,0.009878233308
713,0.008610120043,0.009674601839
714,0.009638196963,0.01014861802
715,0.01012855326,0.009425476426
716,0.009629424778,0.01030393085
717,0.009481903748,0.009978050017
718,0.009959694056,0.01017755247
719,0.009572649258,0.00941319362
720,0.0094545061,0.009905717918
721,0.009168952238,0.009892038652
722,0.009360759577,0.009513470577
723,0.009278745973,0.009632294124
724,0.009892159025,0.009969642386
725,0.009081020718,0.009971477208
726,0.009068570856,0.008801770047
727,0.009508262505,0.009990361985
728,0.00903490698,0.009679764742
729,0.008975272474,0.009478058259
730,0.009254868201,0.009213873302
731,0.00963973545,0.009723512456
732,0.008622945054,0.01011678157
733,0.009382879245,0.009813406388
734,0.009592786373,0.009033448296
735,0.009214217018,0.009825573536
736,0.00986476813,0.01005950524
737,0.009026577987,0.009960409719
738,0.0099022254,0.009324732004
739,0.009311250644,0.009773220168
740,0.009039341589,0.00917476532
741,0.009245296824,0.009578100638
742,0.00935495866,0.009722052491
743,0.009031517257,0.009305953281
744,0.009305573301,0.009297178243
745,0.009582293802,0.009347463609
746,0.00908366486,0.009737665532
747,0.01014129235,0.009364338475
748,0.009058426251,0.00969082088
749,0.009665207355,0.009390890948
750,0.009663988603,0.009659375995
751,0.009231906501,0.009798930143
752,0.008981551509,0.00926791766
753,0.009443061659,0.009693142492
754,0.009114790999,0.009313266433
755,0.009358231851,0.009875925374
756,0.00898494455,0.009507149691
757,0.009282258921,0.009725089651
758,0.00936702569,0.009621738922
759,0.008821933938,0.00945897476
760,0.009086394566,0.009485243645
761,0.008915376966,0.0093246873
762,0.009618008393,0.009224542417
763,0.009111030609,0.00926591584
764,0.009619054501,0.009686669917
765,0.01005720615,0.009188174561
766,0.009394316236,0.009076247457
767,0.009150650934,0.008753506001
768,0.009150488186,0.00952075317
769,0.009223280358,0.009549410315
770,0.0100542818,0.009847056004
771,0.009411741165,0.01020104508
772,0.009354850044,0.00901314884
773,0.009137544897,0.009224542067
774,0.008743020182,0.009664098616
775,0.00918855553,0.009588634362
776,0.009400933224,0.009551920113
777,0.008084500732,0.009189259261
778,0.009155305626,0.009392397711
779,0.009188036318,0.01012885536
780,0.009169144556,0.009691012092
781,0.009498816857,0.00957876246
782,0.009076247981,0.00923921552
783,0.009069914347,0.009311182657
784,0.009095432586,0.009422524716
785,0.008989136142,0.009363657911
786,0.008695360448,0.009560087346
787,0.008652017335,0.008748954686
788,0.009235602454,0.009184449504
789,0.00926543551,0.009211536846
790,0.009203771595,0.009132690961
791,0.00883042952,0.009410770726
792,0.008774260525,0.009315679432
793,0.009032835253,0.008495364164
794,0.009182117588,0.009947111132
795,0.01002531964,0.008857244742
796,0.009425819328,0.009346054459
797,0.009859792772,0.009090636333
798,0.008921084693,0.009063477628
799,0.008840513008,0.009490338969
800,0.009754168335,0.009736020409
801,0.00923474977,0.009108836239
802,0.009829530376,0.008771364111
803,0.008739785466,0.008450936002
804,0.008673069649,0.008969406656
805,0.008842896554,0.00913358439
806,0.008781309414,0.009039225464
807,0.008513988345,0.008966285037
808,0.008823401819,0.008743468847
809,0.009294673451,0.009289999958
810,0.00887650589,0.009339001612
811,0.008681545965,0.009352427442
812,0.008975768927,0.009215242113
813,0.008820197778,0.009106880461
814,0.009526803857,0.008912442136
815,0.008962465916,0.008962171152
816,0.008582620881,0.00977138977
817,0.009065589868,0.009418426896
818,0.008756256197,0.00936276291
819,0.008568220248,0.008991996408
820,0.009334570263,0.009228040464
821,0.009316474083,0.009212625562
822,0.009024130413,0.00830666878
823,0.008603300434,0.009258622653
824,0.00893774,0.009079602896
825,0.00851066591,0.008718120574
826,0.009027231659,0.008948101371
827,0.008812899177,0.008859619149
828,0.009163548879,0.00910107384
829,0.008464390412,0.008789920132
830,0.008577807457,0.009046694089
831,0.008652659424,0.008810637286
832,0.008097566722,0.009387337952
833,0.008388069691,0.00915078487
834,0.008666512382,0.009265725152
835,0.008444010047,0.009052982554
836,0.00765311782,0.008586914511
837,0.009123843047,0.008751331829
838,0.009079205105,0.009012496856
839,0.008384403249,0.009245952126
840,0.008628743642,0.009189694596
841,0.008791661006,0.008852524799
842,0.009077144612,0.008830069157
843,0.008442982915,0.008959535859
844,0.008612569713,0.009208944859
845,0.008633944788,0.008219736163
846,0.008854510786,0.008479934942
847,0.008564148389,0.008040381421
848,0.008695678902,0.009115375811
849,0.008832162712,0.008513566921
850,0.008527631988,0.008655877726
851,0.008111627307,0.009065426188
852,0.008932938625,0.008450518828
853,0.008358645835,0.008910210337
854,0.009270130773,0.008387950424
855,0.008620579843,0.008446092659
856,0.008596247644,0.008850726997
857,0.008632727375,0.008414096199
858,0.008440093487,0.008824307122
859,0.008293201798,0.008892838319
860,0.008130463946,0.008228972554
861,0.008470084344,0.008448638662
862,0.008519115625,0.008364468347
863,0.00846127118,0.008604896313
864,0.007748275122,0.0088476151
865,0.008822974574,0.008907236508
866,0.008758308191,0.009025626292
867,0.008032510581,0.00870501285
868,0.008213595545,0.0087216252
869,0.008482919016,0.008400962572
870,0.008379546693,0.00871795736
871,0.00810333289,0.008669878938
872,0.008741591184,0.008474699571
873,0.008380890591,0.007967610494
874,0.008415266115,0.008667250746
875,0.007853745657,0.008328494849
876,0.008727748063,0.008780861099
877,0.008143800893,0.008286949655
878,0.008545643534,0.009487049771
879,0.008221663651,0.008331647317
880,0.008252607135,0.008787484898
881,0.00827917608,0.008324525144
882,0.008066367533,0.00817413989
883,0.008584535739,0.008445847721
884,0.008003258496,0.008555235865
885,0.008167859458,0.008966558962
886,0.008022068534,0.008567752433
887,0.007580888108,0.008638020023
888,0.008389543393,0.008447835222
889,0.007455446466,0.007774133061
890,0.008472767484,0.008203730802
891,0.008341859386,0.00824874884
892,0.00773522869,0.007937958813
893,0.008483957732,0.008368783281
894,0.008216866816,0.007981890172
895,0.008013926039,0.007727400225
896,0.008154880255,0.008209423104
897,0.008164350409,0.00796996092
898,0.008490404405,0.008085411566
899,0.007232685923,0.008137071389
900,0.00847806345,0.008674960758
901,0.007932692941,0.00842416822
902,0.00771699578,0.008204259444
903,0.007911584224,0.007839342987
904,0.008269424376,0.008365523769
905,0.008029007469,0.008085670997
906,0.008221466618,0.008091053111
907,0.008617961314,0.008551058418
908,0.007712476363,0.008438879333
909,0.008201742254,0.007836198609
910,0.008033521706,0.008133993659
911,0.007467673218,0.008324388182
912,0.007557172677,0.008187265601
913,0.008089069568,0.007401640469
914,0.008156621247,0.008228066843
915,0.007746157178,0.008122580242
916,0.007946978149,0.008435953408
917,0.008485610946,0.008123819134
918,0.008085470996,0.007801656902
919,0.007377969974,0.007946708472
920,0.008225408557,0.007294170442
921,0.007726577169,0.008266108111
922,0.007615508686,0.008063870657
923,0.008042789705,0.008547697915
924,0.007963494398,0.007302956074
925,0.007729027071,0.008267957135
926,0.007797673054,0.008045217197
927,0.007364541059,0.007703133568
928,0.008088236675,0.007629859436
929,0.006921130582,0.007999902591
930,0.007309254841,0.007144104748
931,0.007090922911,0.007697812398
932,0.008149656234,0.008079418854
933,0.007922664576,0.008103054832
934,0.0075058816,0.007901357487
935,0.007989877427,0.007957581198
936,0.007479835884,0.007992248458
937,0.007611005101,0.008015311614
938,0.008165738836,0.00803919835
939,0.007143460738,0.007613157039
940,0.006967313879,0.007440431102
941,0.007301019621,0.007921231096
942,0.007995781314,0.007903260179
943,0.006844587391,0.00778165739
944,0.007538518345,0.008625041984
945,0.007602639787,0.007767467701
946,0.006926074217,0.007558996498
947,0.007764677517,0.007335759758
948,0.00737935584,0.007496517675
949,0.007304863131,0.007791746466
950,0.007564917614,0.007953726454
951,0.007561829465,0.008098460617
952,0.007673825021,0.007405490556
953,0.007094048371,0.007391730556
954,0.006923167908,0.00836054259
955,0.007532728079,0.007414389402
956,0.007608773944,0.007459146669
957,0.007122817915,0.007514812634
958,0.00732097507,0.007596799696
959,0.007278523175,0.007446324802
960,0.007116903202,0.007433765451
961,0.007502174994,0.007541587052
962,0.007517843798,0.007565086824
963,0.007220535947,0.008560149581
964,0.007932569599,0.007844115142
965,0.00684284704,0.007376844995
966,0.006854977051,0.007468283235
967,0.00757162465,0.007652066473
968,0.007235146884,0.007654763875
969,0.007390171639,0.007506853784
970,0.006629686162,0.008396578836
971,0.006986003951,0.007696076471
972,0.006730927504,0.007603053004
973,0.007518079481,0.00735620968
974,0.007459405344,0.007279206242
975,0.007843717991,0.006860659632
976,0.008004059317,0.007586027728
977,0.00688365614,0.007563506486
978,0.007255016069,0.007313542534
979,0.007318722259,0.007204696711
980,0.007169622753,0.007236726466
981,0.007152942475,0.006919736159
982,0.006260110938,0.007470054668
983,0.007301187259,0.007629269967
984,0.006900670414,0.007154543244
985,0.006840119953,0.007459571585
986,0.006647989736,0.007931460743
987,0.006896522187,0.007030439039
988,0.006799491122,0.007536683523
989,0.007181138149,0.007647147984
990,0.006901325134,0.007174589438
991,0.007193972706,0.007670483203
992,0.006594921579,0.007407775207
993,0.006817227055,0.007357347815
994,0.0068493039,0.007517903694
995,0.007114746608,0.007045412378
996,0.007139214547,0.007001282298
997,0.006610594399,0.007729208563
998,0.007168020238,0.007483007212
999,0.007083813369,0.00822427962
1000,0.006885428505,0.007017949771
1001,0.006871112389,0.007952399668
1002,0.00665602315,0.007894059177
1003,0.006651237607,0.006893980026
1004,0.00649757171,0.006407381909
1005,0.00702511589,0.007409398211
1006,0.006883447757,0.007156474341
1007,0.00659618486,0.007010965492
1008,0.00671119662,0.007293310191
1009,0.007144601026,0.006657485501
1010,0.006388270878,0.006913709105
1011,0.006454026094,0.006687633344
1012,0.006191886321,0.007343288511
1013,0.0061352466,0.007176512794
1014,0.007095010194,0.007356758229
1015,0.006817545509,0.007019137149
1016,0.006517363538,0.007259763894
1017,0.00672119396,0.006766587088
1018,0.007041217643,0.006208705076
1019,0.00662430434,0.007516592741
1020,0.006242942065,0.006925499882
1021,0.006284246512,0.007101120776
1022,0.006949274684,0.007642876706
1023,0.006776310678,0.007194226666
1024,0.00664328126,0.006381369778
1025,0.006934877194,0.007260128099
1026,0.006250953593,0.006771130313
1027,0.006368361646,0.007116056746
1028,0.006467901578,0.007007519249
1029,0.00626463606,0.006621457753
1030,0.006549031474,0.006723931816
1031,0.007596593234,0.006866930518
1032,0.006469193962,0.007039927703
1033,0.006061614607,0.006218991068
1034,0.006585983559,0.005965192628
1035,0.006281485257,0.007184571645
1036,0.006933948142,0.007120938681
1037,0.006529316364,0.006769433501
1038,0.006003994786,0.006881452573
1039,0.006084596738,0.006853361963
1040,0.006404368673,0.006513678702
1041,0.006477573712,0.006519782241
1042,0.005944915232,0.006897463347
1043,0.00613114523,0.006748288171
1044,0.005992156104,0.006703269086
1045,0.005856860138,0.007568128291
1046,0.006416691816,0.006334471342
1047,0.006445286563,0.006226898986
1048,0.006616225757,0.007169683231
1049,0.005946250982,0.006264484546
1050,0.006268529745,0.006750947097
1051,0.006081854517,0.006315520615
1052,0.005927589664,0.006551576429
1053,0.006791322841,0.006388554699
1054,0.006571005681,0.006630161952
1055,0.006129819085,0.006273811974
1056,0.006423543207,0.007022616395
1057,0.006212687003,0.006488276296
1058,0.006123276893,0.006978292076
1059,0.006652927666,0.006589169556
1060,0.006273128965,0.006416978664
1061,0.00648985384,0.006209953921
1062,0.006137796096,0.006427397369
1063,0.006101533887,0.006601245899
1064,0.00692934671,0.006564875715
1065,0.005863190047,0.005878524622
1066,0.006236461399,0.006919695938
1067,0.006054482714,0.006212374836
1068,0.0056182603,0.00640307914
1069,0.005820674996,0.006008939119
1070,0.005930315296,0.006207229977
1071,0.005631871172,0.006627601455
1072,0.006063856359,0.006880792091
1073,0.005801485502,0.006156982156
1074,0.0059720797,0.005955952918
1075,0.00594657578,0.006354471436
1076,0.005795663863,0.006335231999
1077,0.005928597413,0.006188849802
1078,0.005528399255,0.00696870609
1079,0.006142323371,0.006364423432
1080,0.005924420082,0.007107997604
1081,0.005639635783,0.005872596696
1082,0.005305375234,0.006342637702
1083,0.005615045724,0.005773742218
1084,0.006007333577,0.005888238491
1085,0.006024196104,0.006276789412
1086,0.006008598022,0.006415801356
1087,0.004996236938,0.005980886461
1088,0.006098048761,0.005968754296
1089,0.006409001071,0.005546041706
1090,0.005616838636,0.00642919197
1091,0.005593802081,0.006073443394
1092,0.005724825896,0.006008090219
1093,0.005479143467,0.006125528598
1094,0.005597539654,0.006052170647
1095,0.006125470332,0.006548525998
1096,0.00585061789,0.006817152374
1097,0.006205309648,0.00574260077
1098,0.005787125498,0.006151340145
1099,0.005483159795,0.005832517869
1100,0.006052714481,0.005612647336
1101,0.005714483443,0.006170783658
1102,0.005624979327,0.005943089956
1103,0.005850887799,0.005924493307
1104,0.005719999899,0.006213886954
1105,0.005459394131,0.006620480563
1106,0.005223343789,0.006067546667
1107,0.005912883382,0.005928010971
1108,0.005716352258,0.006819077767
1109,0.00606256671,0.006274807383
1110,0.006148395303,0.005664413329
1111,0.005853509647,0.005858433666
1112,0.005326145183,0.006179109565
1113,0.00512352318,0.00599486439
1114,0.005785731075,0.005927521444
1115,0.005411848426,0.005659144023
1116,0.005592215806,0.006656574958
1117,0.005276712822,0.005954320659
1118,0.005597610783,0.006169301167
1119,0.005185270624,0.005237209261
1120,0.005342267861,0.006159175769
1121,0.005174939317,0.005534197786
1122,0.005294588918,0.006098469952
1123,0.005668836879,0.004822838411
1124,0.00548338599,0.006749002088
1125,0.005675874068,0.006097601261
1126,0.005646211153,0.005961109709
1127,0.005101456336,0.005831586604
1128,0.005032847112,0.005845552136
1129,0.005976514658,0.005329761538
1130,0.005421506125,0.006618832413
1131,0.005570139037,0.005283835926
1132,0.005574054085,0.007433755207
1133,0.005959061731,0.005560282763
1134,0.005565015308,0.005507462658
1135,0.005044874008,0.005751796009
1136,0.005592836533,0.006600641529
1137,0.005803830107,0.005752175115
1138,0.005897788127,0.006004282332
1139,0.005241277395,0.00541147968
1140,0.005085231503,0.005524140259
1141,0.00557818095,0.005925917299
1142,0.005243781954,0.005618975963
1143,0.005016526731,0.005786279042
1144,0.005251952971,0.005678284157
1145,0.005412096274,0.005307713524
1146,0.005315600632,0.005777668383
1147,0.005654090142,0.006082444801
1148,0.0049345757,0.005475443584
1149,0.004778454837,0.005863711704
1150,0.005029520398,0.005251421011
1151,0.005369817169,0.005802148138
1152,0.005701730901,0.005650141684
1153,0.005411641498,0.005094499269
1154,0.005320576602,0.00586619816
1155,0.004631487653,0.005277074088
1156,0.005047083803,0.00547127286
1157,0.005289504043,0.005849713285
1158,0.005230650888,0.006066618778
1159,0.005281086196,0.006090630195
1160,0.005593657552,0.005584396655
1161,0.00552566268,0.00544368074
1162,0.004934557306,0.005597968702
1163,0.005561447353,0.005315593618
1164,0.005738368724,0.005876930139
1165,0.004773483466,0.005682616786
1166,0.005501163017,0.005630162894
1167,0.005396364257,0.005789195304
1168,0.004788549792,0.005102003051
1169,0.005484812224,0.005494209356
1170,0.005062738695,0.00518858002
1171,0.005385539262,0.005252036324
1172,0.005247100547,0.005382119853
1173,0.004395492462,0.005620017648
1174,0.004375168792,0.005083791621
1175,0.005337703973,0.005186001566
1176,0.005083612719,0.005485709466
1177,0.004911572934,0.00519732869
1178,0.004910396092,0.00520975719
1179,0.005475746817,0.005120225076
1180,0.004737233103,0.004750562919
1181,0.005352871958,0.004882148467
1182,0.005564805411,0.004671332834
1183,0.004799265444,0.005334051501
1184,0.005074235523,0.004933697899
1185,0.005442832713,0.005877796561
1186,0.005290394416,0.00652712665
1187,0.005206801143,0.005348551029
1188,0.004646024259,0.005523260857
1189,0.004607117909,0.006207793544
1190,0.004574868741,0.006400517479
1191,0.005323984777,0.005642830161
1192,0.005614323309,0.005824882712
1193,0.005123577022,0.006110831746
1194,0.0056710965,0.00587382965
1195,0.005379963724,0.005075500172
1196,0.00496012572,0.005331786815
1197,0.004721352481,0.006018559041
1198,0.004815435415,0.005244566681
1199,0.005241837644,0.005631260865
1200,0.005324860394,0.005163841357
1201,0.004571166181,0.004748272768
1202,0.004709107248,0.005126747274
1203,0.005080996401,0.005419272697
1204,0.005398759211,0.005397336674
1205,0.004694243544,0.005833595351
1206,0.004813462321,0.005103219359
1207,0.005121827649,0.005295543524
1208,0.005184303329,0.00546769565
1209,0.00529029168,0.005363140954
1210,0.00493913042,0.00496496071
1211,0.004868062912,0.005136202846
1212,0.005335531197,0.006347473478
1213,0.004992903123,0.004815576831
1214,0.004823131836,0.005270035763
1215,0.005314777663,0.004862863978
1216,0.00512804414,0.004765813239
1217,0.004789834784,0.005297964148
1218,0.005192409124,0.005664151337
1219,0.004942571686,0.005439122207
1220,0.005207150127,0.004773666267
1221,0.004967635061,0.005295300973
1222,0.005063047167,0.005022556114
1223,0.004908618255,0.00517688843
1224,0.005002775579,0.004899746185
1225,0.004692556511,0.004748425388
1226,0.004948518879,0.00515261048
1227,0.004617197788,0.005122928647
1228,0.004941026855,0.00517609599
1229,0.005620475218,0.00583086058
1230,0.005063415243,0.005075498339
1231,0.004585873714,0.006049743213
1232,0.005045627477,0.005701199756
1233,0.005276421783,0.005214932986
1234,0.004829737736,0.005383314856
1235,0.004707088636,0.004764707119
1236,0.00493908755,0.005452658108
1237,0.004378557642,0.005737087107
1238,0.004237231216,0.005196887185
1239,0.004339416337,0.004614885082
1240,0.004608928633,0.005107967183
1241,0.004340383544,0.00535522867
1242,0.004728097119,0.00563943648
1243,0.004658488848,0.005718108383
1244,0.004624057794,0.005034482165
1245,0.004324788606,0.004991497874
1246,0.005213026394,0.005174317805
1247,0.00545852806,0.005159376364
1248,0.004701425409,0.005275201169
1249,0.00438254021,0.005730982346
1250,0.004986340791,0.005134587758
1251,0.004678569385,0.005063801829
1252,0.00463181184,0.004989730078
1253,0.005022687197,0.005170337274
1254,0.004739997734,0.005187138217
1255,0.005183266825,0.005461201887
1256,0.005040905788,0.005165379553
1257,0.004457429139,0.00545042078
1258,0.005219187704,0.004994873249
1259,0.004415935749,0.005562274921
1260,0.004305917246,0.00494130273
1261,0.004843904579,0.005157313019
1262,0.004717943841,0.004772662447
1263,0.004154221562,0.005711855221
1264,0.00487124463,0.005607310683
1265,0.004256648332,0.004885495378
1266,0.003911043634,0.005765532143
1267,0.004904283443,0.005216918536
1268,0.004756998445,0.004813666834
1269,0.005103794334,0.005043557787
1270,0.005137101281,0.005340913252
1271,0.005326671031,0.005105134012
1272,0.005290843575,0.005349410058
1273,0.004568454024,0.00519710462
1274,0.004485630518,0.00511590048
1275,0.00437147147,0.00531220081
1276,0.004254456318,0.004869030439
1277,0.004804756609,0.005092962645
1278,0.004489116749,0.005497840524
1279,0.004940338957,0.005516448466
1280,0.004965245578,0.005178487743
1281,0.004624913621,0.004772429005
1282,0.004685026041,0.005263232684
1283,0.005232062715,0.005435911473
1284,0.00431292929,0.005088800128
1285,0.004407373868,0.005033863068
1286,0.004819381109,0.005096882844
1287,0.004352037271,0.005113511579
1288,0.005007732165,0.005602764926
1289,0.00527066621,0.005337445764
1290,0.005128560413,0.005118754576
1291,0.005103421339,0.005296655349
1292,0.0050130577,0.005263607396
1293,0.004612169141,0.005474929814
1294,0.005217737285,0.005399162008
1295,0.004457006726,0.005386834964
1296,0.005017800897,0.004750439315
1297,0.005006403051,0.005404441443
1298,0.004866471165,0.004854648578
1299,0.004480909789,0.004931493168
1300,0.004740189324,0.005581028759
1301,0.004787635029,0.00585833285
1302,0.004351231473,0.005422789603
1303,0.005014302849,0.00481162715
1304,0.004996648349,0.00520194124
1305,0.004684369225,0.005345953337
1306,0.004703180457,0.004969009489
1307,0.004742573714,0.005446808005
1308,0.004935080069,0.005475247453
1309,0.004875926272,0.005376746238
1310,0.004784072749,0.005304810882
1311,0.004542348383,0.005045123195
1312,0.004893473437,0.004923490866
1313,0.005003844766,0.00520391576
1314,0.005198849423,0.005016612646
1315,0.004847785895,0.005131483165
1316,0.004498425144,0.004508972517
1317,0.004527274665,0.004954427655
1318,0.004945690715,0.004615825863
1319,0.004246754688,0.005371564504
1320,0.004701508034,0.005760345666
1321,0.00462529849,0.004564854666
1322,0.00524436601,0.004554681684
1323,0.004453686706,0.004955828976
1324,0.004832619627,0.005270285415
1325,0.00442673912,0.005134495615
1326,0.004937156657,0.004353400494
1327,0.004901495646,0.006037525483
1328,0.00563705567,0.005514759046
1329,0.00483758928,0.005243553256
1330,0.004240090289,0.004971276911
1331,0.004609318246,0.005714285653
1332,0.004595834529,0.004706221982
1333,0.004905900743,0.004802173935
1334,0.004672773357,0.004956497403
1335,0.00445855729,0.004896822211
1336,0.004964246647,0.004863209877
1337,0.005119169655,0.004827420751
1338,0.004214444227,0.005050055857
1339,0.004959779151,0.006225437508
1340,0.00493430093,0.005794316647
1341,0.005029278283,0.004649570328
1342,0.004733024485,0.005057813891
1343,0.00458985602,0.005150076991
1344,0.004640616971,0.005722358299
1345,0.004755976057,0.005263170751
1346,0.005197570397,0.004886035196
1347,0.004616009974,0.006124339416
1348,0.004808605823,0.005547300912
1349,0.004590483994,0.00522434077
1350,0.004593077785,0.005182007444
1351,0.004507168604,0.006590390112
1352,0.004932236596,0.005424250965
1353,0.004542902083,0.005176680163
1354,0.004676698445,0.005206849484
1355,0.0046517296,0.005491985299
1356,0.004792987078,0.004553239443
1357,0.004443648242,0.005301373691
1358,0.004261711845,0.004804133467
1359,0.004873873608,0.005098285852
1360,0.004833293293,0.005447789968
1361,0.00457323782,0.005319322576
1362,0.004701828584,0.004721845617
1363,0.004813852371,0.005396841152
1364,0.004578482854,0.004602450383
1365,0.004348340794,0.005435267929
1366,0.004694270989,0.004667246074
1367,0.004491842206,0.00515281863
1368,0.004358277045,0.004519153998
1369,0.003959006601,0.005163947586
1370,0.00459450527,0.004622156615
1371,0.004125427804,0.005068596161
1372,0.004992713715,0.005268551293
1373,0.005324117607,0.004896098573
1374,0.004661068349,0.004750557942
1375,0.004374089825,0.004825102602
1376,0.004858788277,0.005968965183
1377,0.004666880268,0.004829538171
1378,0.004948545713,0.004485120124
1379,0.005003346771,0.004738165619
1380,0.00489538972,0.004965610104
1381,0.004625922942,0.005366382829
1382,0.004359487531,0.004307634896
1383,0.004581850197,0.005156609113
1384,0.005137010274,0.005520506587
1385,0.004126976535,0.004701529193
1386,0.004592057987,0.004844301671
1387,0.004580727749,0.005306653038
1388,0.00470414228,0.0053685616
1389,0.004685979773,0.004962416133
1390,0.004060319916,0.004987007327
1391,0.004404488223,0.004698305042
1392,0.004507941485,0.004679206962
1393,0.004971199902,0.005040026503
1394,0.00502613344,0.004867160693
1395,0.003829417517,0.004793766362
1396,0.004609280528,0.005731039215
1397,0.005164809787,0.005121991446
1398,0.004969494941,0.005515103869
1399,0.004720414872,0.005215314741
1400,0.005161076842,0.005644958757
1401,0.005129294994,0.005141675705
1402,0.004552120488,0.004979662917
1403,0.004632782511,0.004704151215
1404,0.004570448218,0.004408100096
1405,0.004366010573,0.00525785354
1406,0.004537297704,0.005429663172
1407,0.00514077855,0.004620975553
1408,0.004787032522,0.005130064936
1409,0.004868450749,0.004891891149
1410,0.004444146645,0.005180783686
1411,0.004704937106,0.00485955039
1412,0.004352037213,0.004607826209
1413,0.004424914718,0.005403462332
1414,0.004432172951,0.00444213819
1415,0.004338255181,0.005042840436
1416,0.004459952441,0.005891412671
1417,0.004822141957,0.00520951004
1418,0.004299662134,0.005637571972
1419,0.004429431952,0.004320511274
1420,0.004609553405,0.005211450683
1421,0.005189979071,0.005057652656
1422,0.00449213697,0.005385788216
1423,0.004606871167,0.004868185701
1424,0.004170094966,0.004765458405
1425,0.0050908415,0.004745713552
1426,0.004829291662,0.005271828151
1427,0.004598112282,0.004458413925
1428,0.004245283199,0.004163159349
1429,0.004776781716,0.005745380709
1430,0.004543323972,0.005323990074
1431,0.004636228143,0.004312202102
1432,0.004300823814,0.005081880372
1433,0.004857051041,0.00465003663
1434,0.004666575755,0.005540560349
1435,0.004189731379,0.004907223047
1436,0.004818974616,0.005132034217
1437,0.004412366339,0.004445457162
1438,0.004849700083,0.005909622763
1439,0.005240253115,0.00564649672
1440,0.004912609205,0.005379559007
1441,0.004789266444,0.004911205528
1442,0.004714277136,0.004820361908
1443,0.004868978867,0.005412828585
1444,0.00434515666,0.00521227339
1445,0.004966462497,0.00487019663
1446,0.004287461983,0.00496060765
1447,0.004552713246,0.004491140542
1448,0.004544425115,0.005347468948
1449,0.004546767537,0.004986223939
1450,0.004250852886,0.004721380014
1451,0.004825423326,0.004545365518
1452,0.004417782446,0.005067316524
1453,0.004628544935,0.004263993091
1454,0.004852223094,0.004427188076
1455,0.004539621121,0.005072614411
1456,0.004987346503,0.004765342979
1457,0.004997360375,0.004976205586
1458,0.00460380211,0.004782836768
1459,0.004608567571,0.005092787469
1460,0.004329625488,0.005607013591
1461,0.004425032937,0.004825404583
1462,0.00480517096,0.004956924648
1463,0.004765302117,0.005092884414
1464,0.004466302198,0.004671982781
1465,0.004097441415,0.004528241785
1466,0.004919314291,0.004212717584
1467,0.004651996685,0.004368715861
1468,0.004877890897,0.004679363163
1469,0.004697347875,0.005561598344
1470,0.004996229603,0.005051750515
1471,0.004592192039,0.004782884091
1472,0.004848316545,0.004803063464
1473,0.004602087603,0.004537691304
1474,0.00410756169,0.004975605436
1475,0.004114991432,0.004504518554
1476,0.004469839943,0.004640935716
1477,0.004788486927,0.005395883811
1478,0.004738084041,0.004741151643
1479,0.004395363911,0.004903316149
1480,0.004742341087,0.005088061269
1481,0.004377958976,0.00509478504
1482,0.004593126243,0.004849996709
1483,0.004415090487,0.004664956185
1484,0.004539890855,0.005277952936
1485,0.004535545566,0.004881160159
1486,0.004441082972,0.00502411573
1487,0.00451563063,0.004783609504
1488,0.004337832186,0.004879679997
1489,0.004523147189,0.005209004681
1490,0.004978195968,0.00603627885
1491,0.004973849514,0.005663157906
1492,0.005474444537,0.005059444054
1493,0.004937363847,0.004901062697
1494,0.004470474785,0.004540918162
1495,0.004144483508,0.004853080696
1496,0.004585959919,0.004449721047
1497,0.004296286177,0.004794468172
1498,0.004327224888,0.00461721333
1499,0.004309697106,0.004907178751
1500,0.004358924343,0.004549065343
1501,0.005128248886,0.00528072333
1502,0.004919305531,0.004592942481
1503,0.004903655994,0.005644964636
1504,0.00480460067,0.005845187115
1505,0.005404326977,0.005066891201
1506,0.004501121759,0.004578985419
1507,0.004334465688,0.004937905702
1508,0.004589753778,0.005590257875
1509,0.004709458968,0.004587862757
1510,0.004189999541,0.00492846538
1511,0.004187725222,0.005635719106
1512,0.004299533903,0.004683097242
1513,0.004444008693,0.005036100716
1514,0.004344490269,0.004648224422
1515,0.004405583139,0.005044681078
1516,0.004253710911,0.004775462032
1517,0.004342191562,0.004337606078
1518,0.004226873454,0.005181729881
1519,0.004533481959,0.004855484964
1520,0.004869286262,0.005320680153
1521,0.00475137122,0.004684584739
1522,0.004551913502,0.004520351067
1523,0.004349058901,0.004469925305
1524,0.004565342475,0.004503486416
1525,0.004449260654,0.004380817321
1526,0.003814412892,0.004974759184
1527,0.004331915698,0.004492106906
1528,0.004314063204,0.004913559824
1529,0.004119383142,0.005093001208
1530,0.004780419549,0.004995191179
1531,0.004965326516,0.006021452078
1532,0.004782980686,0.004904608912
1533,0.004903720808,0.004815857101
1534,0.004352772492,0.004800998722
1535,0.004096984834,0.005163714872
1536,0.004724532133,0.005452645884
1537,0.004741834477,0.004624786961
1538,0.004874066683,0.005107610283
1539,0.004532921506,0.004822149029
1540,0.005139515153,0.004627663264
1541,0.004244216019,0.004975968681
1542,0.00455734352,0.004896115948
1543,0.004228568956,0.004471957509
1544,0.004588255833,0.0055057836
1545,0.004565451643,0.004823769006
1546,0.004608943709,0.005700753623
1547,0.005062187265,0.00529760326
1548,0.004594659549,0.005246004846
1549,0.004347690439,0.004406577733
1550,0.004265344382,0.005240108992
1551,0.004285195959,0.005132354854
1552,0.003984721203,0.00531177505
1553,0.004347158159,0.005496027297
1554,0.004279413813,0.004938702768
1555,0.004343013541,0.004461157601
1556,0.004288321972,0.004969115311
1557,0.004354648088,0.004564216099
1558,0.004650178307,0.005628596526
1559,0.004372633062,0.005324998638
1560,0.004681479331,0.004695319163
1561,0.004528457299,0.005487129558
1562,0.005290738831,0.007038154406
1563,0.005898984091,0.004940026323
1564,0.004684666172,0.004653227516
1565,0.004603534908,0.00516934722
1566,0.005064734491,0.005272333103
1567,0.004521547293,0.004756720096
1568,0.004105791333,0.005247086403
1569,0.004459316784,0.005963028234
1570,0.004638212878,0.005027703242
1571,0.00439650772,0.005066847545
1572,0.004332678538,0.004945117398
1573,0.003984337207,0.004759389034
1574,0.004951545066,0.004844908719
1575,0.004806529236,0.005030259141
1576,0.004619831016,0.005344264675
1577,0.004655027238,0.005386313016
1578,0.004235227971,0.004583393224
1579,0.004174773523,0.005310642358
1580,0.004218702234,0.004784126038
1581,0.004295460414,0.004687215638
1582,0.004637716047,0.004939512553
1583,0.004283984686,0.00542428554
1584,0.004117785429,0.004778867209
1585,0.00449354382,0.004927414993
1586,0.004467227438,0.005014123395
1587,0.004051433672,0.004486575344
1588,0.00486957957,0.004433295981
1589,0.005335441791,0.004687435401
1590,0.005039316951,0.004802505457
1591,0.005164650909,0.005230028124
1592,0.004728912085,0.005013720423
1593,0.004349601455,0.004287293094
1594,0.004613028723,0.004977967823
1595,0.00388382026,0.004187224869
1596,0.004532657767,0.005061372503
1597,0.004617272265,0.004874855949
1598,0.00458033735,0.005719816312
1599,0.004692913382,0.005441559944
1600,0.004561182752,0.004892145342
1601,0.004336571204,0.004480696749
1602,0.004005593801,0.005107651639
1603,0.004944520071,0.005422345479
1604,0.004080637125,0.005196351442
1605,0.004704713792,0.004433745897
1606,0.004435358482,0.004810522834
1607,0.004562437767,0.00514641506
1608,0.004291051242,0.004528039572
1609,0.004394703021,0.004748849606
1610,0.004611773562,0.004853955004
1611,0.004449900851,0.0051842182
1612,0.004539584683,0.004983239545
1613,0.004345740628,0.00511939943
1614,0.004516608606,0.004420786281
1615,0.004343126086,0.004908888368
1616,0.0047487712,0.004843110626
1617,0.004911309254,0.005559931218
1618,0.004391442053,0.005316916038
1619,0.004492355161,0.004575091822
1620,0.004825262004,0.00513551326
1621,0.004378952639,0.004325894668
1622,0.004480505362,0.005012421869
1623,0.005081565963,0.004555879364
1624,0.004740054399,0.004765979538
1625,0.004381487175,0.004443905869
1626,0.004337252903,0.004846670519
1627,0.004627650109,0.004887735762
1628,0.004311369295,0.004700230056
1629,0.00481675117,0.00472180717
1630,0.004226049612,0.004567008873
1631,0.004289383622,0.004622242734
1632,0.0039593236,0.004374846874
1633,0.004530930542,0.004661599116
1634,0.004434542177,0.004365207627
1635,0.004656643898,0.004846369964
1636,0.00439836341,0.005507118884
1637,0.004583266564,0.004480456497
1638,0.00424812478,0.004952992516
1639,0.004792329128,0.005075041379
1640,0.005080076313,0.00499698057
1641,0.004059190862,0.004914227233
1642,0.004221682058,0.005347699975
1643,0.004921012005,0.004762146593
1644,0.004494330788,0.004773150606
1645,0.004329924966,0.004571284371
1646,0.004866349627,0.004974829615
1647,0.004151610046,0.005025317718
1648,0.004836115811,0.005310624489
1649,0.005380314367,0.00501161156
1650,0.004363419052,0.00481787161
1651,0.004328114883,0.005686874152
1652,0.004949977447,0.006665496447
1653,0.004701134894,0.005211986252
1654,0.00476902994,0.006550425838
1655,0.004889427335,0.005006113846
1656,0.004627292859,0.004851679318
1657,0.004250969243,0.005581529229
1658,0.00405722906,0.004519206122
1659,0.004564811796,0.004962690582
1660,0.004476978531,0.004677612247
1661,0.004612375167,0.004565478535
1662,0.003964798583,0.005269644549
1663,0.004576882842,0.005009013839
1664,0.004238008609,0.004461655772
1665,0.004464477242,0.004576798208
1666,0.004718640412,0.005373916676
1667,0.004073079093,0.004260844173
1668,0.00428409435,0.005515260564
1669,0.004493339802,0.005116406566
1670,0.004300727829,0.004723894992
1671,0.004174631322,0.005662708136
1672,0.004298675834,0.004701533588
1673,0.004180348362,0.004672070325
1674,0.004144605889,0.005124343472
1675,0.004391781957,0.00466849294
1676,0.004629884788,0.00583935465
1677,0.004474615213,0.005068957224
1678,0.004528064019,0.004682070896
1679,0.004028672207,0.004428057553
1680,0.004069852963,0.00496513932
1681,0.003884685604,0.004786829668
1682,0.004651946016,0.004930546886
1683,0.00452590335,0.004385269684
1684,0.004709741857,0.004935605917
1685,0.004045062495,0.004831628758
1686,0.003645006014,0.004877824016
1687,0.004177980562,0.004554488201
1688,0.004160292825,0.004512375832
1689,0.004215185356,0.004393224226
1690,0.004621251865,0.004688912246
1691,0.00456934236,0.00497612395
1692,0.004584669136,0.005363509292
1693,0.004013083846,0.005161629815
1694,0.004901889013,0.004360412422
1695,0.004330906464,0.005676769651
1696,0.004767376377,0.004685995809
1697,0.004138208955,0.005065052013
1698,0.00459465626,0.004573072365
1699,0.004398874269,0.004698615056
1700,0.004299575841,0.004867290962
1701,0.004113716539,0.004500080831
1702,0.004685545631,0.004563202907
1703,0.004429884779,0.004131681548
1704,0.004500245646,0.005190878815
1705,0.004407044529,0.005734620383
1706,0.004158953205,0.005431311787
1707,0.004902535613,0.005558076664
1708,0.004729226202,0.005259095109
1709,0.004389472131,0.004965046392
1710,0.003955622669,0.004628484283
1711,0.004280241294,0.004863713169
1712,0.004522739851,0.004758829949
1713,0.004364288732,0.006137943827
1714,0.004863954557,0.005036416522
1715,0.004004472663,0.005093363987
1716,0.004122831888,0.004551854305
1717,0.004110119655,0.004344553046
1718,0.004045585811,0.004931802861
1719,0.004121949198,0.004475152993
1720,0.00458998626,0.004836321459
1721,0.004630039708,0.005277326971
1722,0.004912694596,0.004359354643
1723,0.004402466991,0.004734912771
1724,0.004394322634,0.004487481376
1725,0.004110037466,0.004640507395
1726,0.004370439303,0.005219693005
1727,0.004181824275,0.00449992856
1728,0.004457503528,0.004479231138
1729,0.004388697707,0.004813056759
1730,0.00485006423,0.004790708597
1731,0.003951983148,0.004423733946
1732,0.004528824473,0.00474027262
1733,0.004815579014,0.005043613492
1734,0.004264933872,0.00459783987
1735,0.004608114745,0.004544729629
1736,0.004573671613,0.004784666875
1737,0.004742931691,0.004690764588
1738,0.004306310759,0.004789208411
1739,0.003978947207,0.005008542474
1740,0.003953188221,0.004591632169
1741,0.004830237187,0.004458864103
1742,0.00420852314,0.00456550825
1743,0.004563467141,0.004937107093
1744,0.004775309266,0.006224529236
1745,0.005006249208,0.00541693595
1746,0.005072751141,0.005489310657
1747,0.00505667337,0.005229999486
1748,0.004629182251,0.005309134023
1749,0.004914192657,0.004820765578
1750,0.004151227447,0.004822476883
1751,0.004319339903,0.004644333269
1752,0.004399231431,0.005054461188
1753,0.004429198045,0.00468151283
1754,0.004136708478,0.004809929029
1755,0.003998607513,0.006008180033
1756,0.004228819715,0.004709870555
1757,0.004230112216,0.004739938508
1758,0.00425691501,0.004921667482
1759,0.004332396435,0.004477330978
1760,0.004460066615,0.004702647682
1761,0.003977124928,0.004466961167
1762,0.004099860962,0.004603944602
1763,0.003963793744,0.004371485353
1764,0.004047047027,0.004796085472
1765,0.004861089255,0.005639272626
1766,0.004874010279,0.005336003262
1767,0.0048024469,0.004793796717
1768,0.004053332348,0.004748416395
1769,0.003933935805,0.004721643811
1770,0.004810325161,0.004975565709
1771,0.004366043402,0.005109919992
1772,0.004151615954,0.005857355602
1773,0.004578895925,0.004647758527
1774,0.004666401102,0.004542451323
1775,0.004356383666,0.005050787906
1776,0.004343840323,0.004351823241
1777,0.004309769283,0.005180715933
1778,0.004142200982,0.004651007708
1779,0.004582566151,0.004208705825
1780,0.003815677628,0.004411023721
1781,0.004347967682,0.004273994826
1782,0.0038389244,0.004891351244
1783,0.004162679106,0.004440993071
1784,0.004135616444,0.004595366539
1785,0.004266771051,0.004687388748
1786,0.004534134117,0.004893920035
1787,0.004698900913,0.005214195058
1788,0.004226594523,0.004736731062
1789,0.003960518312,0.004432590184
1790,0.004223134485,0.004521825584
1791,0.003962746501,0.004337513092
1792,0.004353066295,0.004580928187
1793,0.004025273549,0.004493257991
1794,0.00401236178,0.004533163854
1795,0.003916327929,0.004632517725
1796,0.004449306114,0.0044179502
1797,0.00411668446,0.00446719391
1798,0.004847745644,0.004352236225
1799,0.004119099816,0.004688048735
1800,0.004304889299,0.004711027199
1801,0.004921285901,0.005141131347
1802,0.004270457372,0.005538181227
1803,0.004606207134,0.004867281794
1804,0.004396195058,0.004975087999
1805,0.004528593534,0.004964471591
1806,0.004597658903,0.0045170628
1807,0.004218019138,0.004525281169
1808,0.004285329778,0.004280292516
1809,0.004184760881,0.004887567775
1810,0.004283274029,0.004822864285
1811,0.003944307915,0.004670722468
1812,0.004194062931,0.004585420393
1813,0.00448441031,0.005150940095
1814,0.004496197449,0.004348390823
1815,0.004384563363,0.005203801731
1816,0.004599512205,0.004411975591
1817,0.004498439317,0.004959572543
1818,0.004792828695,0.004237346206
1819,0.004261291819,0.004460493248
1820,0.004812665633,0.004335109028
1821,0.004343575449,0.004802399402
1822,0.004128506436,0.004362001375
1823,0.004178536619,0.004792731692
1824,0.004160836193,0.005107857025
1825,0.003928341554,0.004564536357
1826,0.004504916084,0.004729068605
1827,0.004636290629,0.004729231267
1828,0.004793903354,0.004945204768
1829,0.004705347848,0.004533577565
1830,0.004472232918,0.004891854245
1831,0.004596848768,0.004422397295
1832,0.004741586803,0.004624622583
1833,0.004446500767,0.004826451332
1834,0.004389927752,0.005431154219
1835,0.004345619207,0.004721037083
1836,0.004211337509,0.00472634632
1837,0.00419606475,0.004334117548
1838,0.004370061419,0.004918172956
1839,0.004355247831,0.0041506087
1840,0.004169034306,0.004581142479
1841,0.004595490318,0.004197922593
1842,0.003921745985,0.004258843954
1843,0.003744264861,0.004301386129
1844,0.00411239118,0.00457190923
1845,0.004364600405,0.004579393659
1846,0.003722659836,0.004485075886
1847,0.004555170046,0.004158819269
1848,0.004529804835,0.005857797165
1849,0.004833459156,0.006145006279
1850,0.005000984005,0.004924710898
1851,0.005013790564,0.00488684763
1852,0.004640815372,0.005374180153
1853,0.003996745887,0.004450914974
1854,0.004066187597,0.004592634505
1855,0.004678762198,0.004037983774
1856,0.004270236182,0.004577971151
1857,0.004411189584,0.0056222282
1858,0.00432894993,0.005402376119
1859,0.004645854351,0.004823868803
1860,0.004436663468,0.00487180971
1861,0.004437060823,0.004451065121
1862,0.004303355381,0.004582260794
1863,0.004230686929,0.005201045598
1864,0.004417296033,0.004598988133
1865,0.004404799052,0.004050140851
1866,0.003776082071,0.004756260663
1867,0.004408881447,0.005286545522
1868,0.004035827122,0.004936937301
1869,0.004519021808,0.005198863626
1870,0.004631159623,0.004724347586
1871,0.004229818063,0.004601351451
1872,0.004010890319,0.004600218992
1873,0.004629684176,0.004496670444
1874,0.004303548456,0.005447824369
1875,0.004435661802,0.00455644037
1876,0.004143098224,0.004547466146
1877,0.004307568423,0.005140342691
1878,0.003865986771,0.004486530321
1879,0.004292068974,0.004376141413
1880,0.004071398929,0.004635003599
1881,0.005107826233,0.004963497398
1882,0.005064029945,0.004495996749
1883,0.005074252811,0.004591660661
1884,0.004215922148,0.004655329423
1885,0.003939716262,0.004189443076
1886,0.00433334423,0.004271063692
1887,0.00431651331,0.004190453154
1888,0.004355671437,0.004238084948
1889,0.004011395678,0.004542474839
1890,0.004094131,0.004880268651
1891,0.004084568209,0.004574603925
1892,0.004318409454,0.004972205148
1893,0.004214127403,0.004625044035
1894,0.004223292053,0.004701851751
1895,0.003513848817,0.00436950181
1896,0.004465628474,0.005396672583
1897,0.004563619674,0.004988741362
1898,0.00420041621,0.004671134491
1899,0.00466116381,0.004707539454
1900,0.004394735704,0.00436513609
1901,0.00469925403,0.004435395647
1902,0.003931713465,0.00490776333
1903,0.004240045731,0.004447249987
1904,0.004695809097,0.005364611512
1905,0.004830178426,0.006532252941
1906,0.005132397928,0.004825480515
1907,0.004486629565,0.005057091301
1908,0.004715938034,0.004892700759
1909,0.004611058772,0.00440769238
1910,0.004405539396,0.004689324909
1911,0.004528299294,0.004696810443
1912,0.004665871791,0.004859330336
1913,0.003770660056,0.004632349155
1914,0.004015018028,0.004268214805
1915,0.004206894286,0.004672327632
1916,0.004042193817,0.00458586507
1917,0.004205552774,0.004225967248
1918,0.004296380037,0.00441959186
1919,0.004316692677,0.004614925274
1920,0.004683285195,0.005000315752
1921,0.004286264768,0.004454526323
1922,0.00394446266,0.004869792901
1923,0.004244871612,0.004115058138
1924,0.004529050901,0.004398048681
1925,0.003845078958,0.004680625483
1926,0.00437461221,0.005191436037
1927,0.004808244004,0.005561214057
1928,0.004593288992,0.004229493876
1929,0.00454015666,0.004270881036
1930,0.004221274314,0.004248002951
1931,0.00414376019,0.004607148876
1932,0.004062069842,0.004606198228
1933,0.004338512284,0.004766252474
1934,0.004422697675,0.005022017693
1935,0.004412222595,0.005317743286
1936,0.00399822442,0.00499711954
1937,0.004015642859,0.004889710981
1938,0.004005464871,0.00445088296
1939,0.004376669414,0.004321808054
1940,0.004035340564,0.005596005474
1941,0.004841461894,0.005218384031
1942,0.003883840051,0.004906437593
1943,0.003973186773,0.004448615509
1944,0.004481018754,0.004730526882
1945,0.004447660205,0.004183748097
1946,0.004086262779,0.004452428344
1947,0.003889876505,0.004720466241
1948,0.004186195962,0.004566501302
1949,0.003694603656,0.004566393414
1950,0.004764007288,0.004987602733
1951,0.004263149371,0.004701303318
1952,0.004450006294,0.005335834343
1953,0.004466097016,0.005665034405
1954,0.004882476584,0.004754843336
1955,0.004342102387,0.005417514651
1956,0.004313084704,0.004643823166
1957,0.004192007153,0.004869147611
1958,0.004591649631,0.004503942619
1959,0.004038699815,0.004558213754
1960,0.004284245049,0.004461803212
1961,0.003649207036,0.004695852345
1962,0.004154279974,0.004954625387
1963,0.004251596372,0.00510345964
1964,0.004363850632,0.004811161343
1965,0.004508701153,0.004881592409
1966,0.004754909867,0.00513462146
1967,0.004435027135,0.004719068529
1968,0.003941877163,0.004265745141
1969,0.004533318017,0.004348086135
1970,0.003619386291,0.004581875604
1971,0.003890220833,0.004344755551
1972,0.003527859983,0.004717233765
1973,0.004074252036,0.004545963078
1974,0.004379006859,0.005039682525
1975,0.004338444269,0.004148889479
1976,0.004274391889,0.004685273685
1977,0.004343072855,0.005086449615
1978,0.004305426613,0.005074427434
1979,0.004425973952,0.00468979479
1980,0.004587501549,0.00473477412
1981,0.004026316106,0.005133685656
1982,0.003749450116,0.004543801741
1983,0.003783780528,0.004416850541
1984,0.004680454178,0.005242593237
1985,0.00437111684,0.004034555139
1986,0.003771649761,0.004895491496
1987,0.004165907361,0.004335042962
1988,0.004085391556,0.004499877687
1989,0.004460719589,0.004625988688
1990,0.004271584883,0.004803128482
1991,0.004443202226,0.004385516309
1992,0.004279241723,0.004717170581
1993,0.004061500658,0.004603544716
1994,0.004440610035,0.004195951478
1995,0.004301959823,0.004624960769
1996,0.004317216779,0.00612639077
1997,0.004570069694,0.00459167888
1998,0.004609038675,0.005480711639
1999,0.004210208863,0.004390697839
2000,0.004622188921,0.004785013734
2001,0.003886884748,0.004648400063
2002,0.004222753312,0.004225898767
2003,0.004108269786,0.004167171428
2004,0.003903615318,0.004944220243
2005,0.004279068584,0.004491833388
2006,0.003970383026,0.004424101062
2007,0.003979516448,0.005241891427
2008,0.004276817635,0.004219452996
2009,0.004648371309,0.004274159932
2010,0.004585836548,0.005081182491
2011,0.00424143995,0.005014924245
2012,0.004286451731,0.004940551356
2013,0.003949766891,0.004298228625
2014,0.004360754217,0.004506691766
2015,0.004434317962,0.004394707357
2016,0.004548508208,0.004621898523
2017,0.004043330846,0.00457064822
2018,0.004377981473,0.004867569718
2019,0.00465681596,0.004576909996
2020,0.004405378277,0.004439104639
2021,0.00426112517,0.004312323697
2022,0.00390754157,0.005470494623
2023,0.004505951074,0.004010304314
2024,0.004393115873,0.00472005218
2025,0.004331804608,0.004388079862
2026,0.004043088411,0.004914219433
2027,0.003963897994,0.004298105079
2028,0.004248703335,0.004569974495
2029,0.004226010176,0.004279389395
2030,0.004260121554,0.004465758626
2031,0.004151221976,0.0043451073
2032,0.004116918979,0.004776953312
2033,0.004535720975,0.004570609424
2034,0.004107428831,0.004353598808
2035,0.004686060769,0.004279868968
2036,0.004276935186,0.004769186053
2037,0.004119057121,0.005055055139
2038,0.004101260914,0.004924176552
2039,0.003889123909,0.005006148422
2040,0.004638764309,0.004377767851
2041,0.004545402975,0.004323909176
2042,0.004051444528,0.004368130438
2043,0.004090609349,0.004662360239
2044,0.003787219059,0.004428522341
2045,0.003926336416,0.005055647081
2046,0.004373622709,0.004589178105
2047,0.004173527908,0.004277896223
2048,0.004024538124,0.004925245594
2049,0.004519538372,0.005365242541
2050,0.004321509361,0.004936057725
2051,0.003904628626,0.003958697227
2052,0.003792579373,0.004343921406
2053,0.004077711143,0.004754825524
2054,0.004095938988,0.004537566099
2055,0.004076563142,0.00515312847
2056,0.004341865511,0.004770208034
2057,0.004418362892,0.004216077243
2058,0.004241019196,0.004840774694
2059,0.004043592926,0.004633390286
2060,0.00364676406,0.00432305198
2061,0.003931850631,0.004595341918
2062,0.003691744671,0.004633079399
2063,0.003991198668,0.004000857618
2064,0.004203862831,0.00443345384
2065,0.00414674796,0.004291867517
2066,0.004169250053,0.00426996997
2067,0.004340838175,0.004641292559
2068,0.00407934899,0.004425612628
2069,0.004262209812,0.004785497847
2070,0.004300508037,0.004443021113
2071,0.003794082266,0.004400307633
2072,0.003795760073,0.004479290714
2073,0.004128138302,0.004832287639
2074,0.003939889197,0.004723090824
2075,0.004193431319,0.004435805866
2076,0.004171280889,0.004324818612
2077,0.003531884315,0.004580980807
2078,0.003770691837,0.004965450382
2079,0.004121144011,0.004328923707
2080,0.003695941006,0.004659159575
2081,0.003916734626,0.004417868098
2082,0.003946146579,0.004310682067
2083,0.00445650937,0.004024852155
2084,0.004086930305,0.004386941262
2085,0.004107626592,0.004061817686
2086,0.004067310685,0.004942169704
2087,0.004719563993,0.004519517825
2088,0.004252498242,0.004196116235
2089,0.003921990137,0.003658967238
2090,0.003812022653,0.004482402379
2091,0.003917629394,0.004657491198
2092,0.004090063041,0.004384315165
2093,0.004496831738,0.004580786655
2094,0.003978614492,0.004156858253
2095,0.00409652607,0.004739836906
2096,0.004095157201,0.004570070247
2097,0.003792882693,0.004990905232
2098,0.004062455875,0.004316501203
2099,0.00390592264,0.004664370965
2100,0.004216196481,0.004969470436
2101,0.003828926216,0.003607410705
2102,0.004189024155,0.005115647131
2103,0.004211320775,0.004581395595
2104,0.004454855603,0.004381206527
2105,0.004151408852,0.005008145876
2106,0.004413353978,0.004705327126
2107,0.004097886849,0.004710739537
2108,0.003788025613,0.004873143305
2109,0.004240333277,0.005186315277
2110,0.004077808902,0.005070906278
2111,0.004171712964,0.004359800892
2112,0.004140971112,0.00547730067
2113,0.004041812645,0.005021527904
2114,0.004220175062,0.004585884977
2115,0.003427846503,0.004678171885
2116,0.004074440541,0.004403313389
2117,0.00414164472,0.003841326048
2118,0.003620247648,0.004747882485
2119,0.004262425646,0.00438432669
2120,0.00430150007,0.004789273167
2121,0.004474893038,0.004381368723
2122,0.0044407112,0.005297659605
2123,0.004304259055,0.004299467255
2124,0.004829714628,0.004829604179
2125,0.004097792873,0.004764862097
2126,0.003929795639,0.003859473887
2127,0.003955234337,0.004466937971
2128,0.004125465843,0.004328318784
2129,0.003847526299,0.004518870206
2130,0.004033083242,0.004649537412
2131,0.003985845484,0.004946538975
2132,0.004280712747,0.004302057117
2133,0.005104846728,0.004868681543
2134,0.004277924192,0.004677294753
2135,0.004276171821,0.004898892657
2136,0.00409430312,0.004514170694
2137,0.003936247143,0.004863321723
2138,0.003704350762,0.004421657242
2139,0.003906677157,0.004630868876
2140,0.004355449142,0.004465899197
2141,0.004244788317,0.004423238162
2142,0.003874614951,0.004134862567
2143,0.004254558851,0.004045819951
2144,0.004162681726,0.004414416704
2145,0.00415197268,0.004232613603
2146,0.00376017479,0.004238884925
2147,0.00380019797,0.005026922241
2148,0.004347627226,0.004016207822
2149,0.004481108685,0.004052243341
2150,0.004012661549,0.004954318836
2151,0.004061345069,0.004552964674
2152,0.004063179833,0.004043284542
2153,0.003941633913,0.004264985881
2154,0.004447120067,0.00445221347
2155,0.00373092512,0.004742435733
2156,0.004058491817,0.004515232868
2157,0.004106146982,0.004391594674
2158,0.00444389967,0.004816155008
2159,0.00351857132,0.004498843133
2160,0.003944575699,0.005078311835
2161,0.004235930624,0.004228132777
2162,0.004058330582,0.004665611312
2163,0.004150855792,0.004381422972
2164,0.003987860342,0.004578863416
2165,0.003538796998,0.00432715044
2166,0.003893479705,0.004069727671
2167,0.004199386545,0.004317699611
2168,0.00433322048,0.00434765924
2169,0.004078744474,0.004755495407
2170,0.004441933386,0.004426357773
2171,0.004396538483,0.004785005789
2172,0.00389750264,0.004103797342
2173,0.004041046981,0.004192007036
2174,0.004567444499,0.004172840272
2175,0.004171429493,0.004623178625
2176,0.003869101492,0.004305377573
2177,0.003801012674,0.004739929544
2178,0.004420548532,0.004376862402
2179,0.004497481335,0.004891489283
2180,0.004285239585,0.004765465361
2181,0.00387328674,0.0046997022
2182,0.004267913493,0.004635487043
2183,0.003894656082,0.004200765223
2184,0.004560622678,0.004729245411
2185,0.004200021474,0.004718819982
2186,0.004061498737,0.004823612981
2187,0.004083595006,0.004281320522
2188,0.004366232693,0.00471518698
2189,0.00350033713,0.004737600422
2190,0.003816834593,0.00418286724
2191,0.003628383041,0.004470584448
2192,0.003635211848,0.004419226869
2193,0.004469764681,0.00397744152
2194,0.004545575299,0.004552609666
2195,0.004094091128,0.004900458298
2196,0.004052470147,0.004723983322
2197,0.003972131351,0.004615335609
2198,0.00454743841,0.004838913388
2199,0.004160697281,0.004487536557
2200,0.003852902359,0.004285472329
2201,0.004322203778,0.004283293732
2202,0.004365678324,0.004966165056
2203,0.004340240732,0.00474948145
2204,0.003996532381,0.00441290834
2205,0.003945312812,0.005267311295
2206,0.004209452454,0.005250184011
2207,0.005199216772,0.00457403966
2208,0.004058606748,0.004220521892
2209,0.003472270735,0.004453125439
2210,0.003915740934,0.004401307175
2211,0.003892667009,0.004605699301
2212,0.00386191241,0.004156945797
2213,0.003508810216,0.004246006778
2214,0.004231490748,0.004708238819
2215,0.003956402827,0.004025027418
2216,0.004298011132,0.004611288401
2217,0.003590838518,0.003734948783
2218,0.003999024222,0.004328604758
2219,0.003755240556,0.004937652906
2220,0.004501667601,0.00422891631
2221,0.003948094061,0.003967136669
2222,0.004081802501,0.004483414494
2223,0.004375678458,0.004154704919
2224,0.004403660161,0.004094265489
2225,0.004399210651,0.004613403318
2226,0.004154042457,0.004594294325
2227,0.003704421979,0.003805142158
2228,0.004058378399,0.004233656015
2229,0.003979516536,0.004476033384
2230,0.003931113984,0.004529604223
2231,0.004094389675,0.004309957061
2232,0.004027788178,0.005018580676
2233,0.004916759353,0.005221695232
2234,0.004308998701,0.00454550123
2235,0.003564554238,0.004293711594
2236,0.004239964008,0.00437713103
2237,0.003917602735,0.004427230131
2238,0.004025761533,0.005651127954
2239,0.004120911151,0.004495985078
2240,0.004173296154,0.004311350378
2241,0.003856032854,0.004172641842
2242,0.004030616896,0.004442222824
2243,0.003686614073,0.004229875689
2244,0.003673489846,0.004111571994
2245,0.004189168423,0.003974613181
2246,0.004026556649,0.004271181795
2247,0.003917023219,0.004658105463
2248,0.003990059078,0.003789413284
2249,0.003996825079,0.004304034024
2250,0.004262907547,0.004336841666
2251,0.003798456979,0.004293210863
2252,0.003897251212,0.004603140493
2253,0.003534788528,0.003950290062
2254,0.004101443948,0.004531690676
2255,0.00387859749,0.00406133433
2256,0.003646659781,0.004393285752
2257,0.003837638389,0.00474778004
2258,0.003889984684,0.00548777706
2259,0.003861176869,0.004563582654
2260,0.003853908274,0.003857601376
2261,0.003660409566,0.004269290657
2262,0.003270815097,0.004417665972
2263,0.003826042463,0.004185557395
2264,0.003685093077,0.004522149829
2265,0.004346882633,0.004617328203
2266,0.004181860393,0.004603281966
2267,0.003739958804,0.00463851032
2268,0.003895826958,0.004199636431
2269,0.003639344941,0.004586440395
2270,0.004188057501,0.004629574512
2271,0.003808277077,0.004115693853
2272,0.003496059129,0.004634510085
2273,0.003703813563,0.004463080229
2274,0.00377033223,0.004299655528
2275,0.003865489736,0.004609338648
2276,0.003534032119,0.004236252455
2277,0.003250732698,0.003924323886
2278,0.004029849602,0.004302717367
2279,0.00356595192,0.004335358797
2280,0.003952700208,0.004176373535
2281,0.004287111078,0.004708399239
2282,0.004326354043,0.00484392076
2283,0.003629105515,0.004430382571
2284,0.003794179618,0.004447224666
2285,0.003723397152,0.00453495371
2286,0.003941463336,0.004298841901
2287,0.004036169819,0.004217355192
2288,0.003813285992,0.003917553229
2289,0.003911508014,0.004661942308
2290,0.003606044309,0.004432492482
2291,0.004763874109,0.004580885608
2292,0.003599134798,0.004230588849
2293,0.004098060366,0.004048920528
2294,0.003805437678,0.00407652618
2295,0.003763010638,0.004491445347
2296,0.00364235029,0.004258066183
2297,0.003604095982,0.003758680599
2298,0.003994655941,0.004367947258
2299,0.0039668557,0.004150006716
2300,0.004191190761,0.004586681724
2301,0.004052858829,0.004547357297
2302,0.003743727313,0.004225008859
2303,0.003867485677,0.004191245593
2304,0.004146170453,0.004034516052
2305,0.004145056009,0.004352112708
2306,0.003974871681,0.005024746526
2307,0.004092746589,0.004472537286
2308,0.004138944932,0.005007759522
2309,0.003823123232,0.004092909949
2310,0.003591586312,0.004366903624
2311,0.004104867054,0.004450314038
2312,0.003844920546,0.004360213177
2313,0.004419907258,0.004507896316
2314,0.003709406737,0.003988319513
2315,0.003748168849,0.004171682231
2316,0.003794487595,0.004555418476
2317,0.00370195249,0.00513457146
2318,0.00432785094,0.003821813007
2319,0.003437953128,0.004142087506
2320,0.003876340488,0.004026037292
2321,0.003655577602,0.004899772408
2322,0.003669236816,0.004529695871
2323,0.003931498301,0.004141726415
2324,0.004007114359,0.003969698097
2325,0.003883268859,0.004456248658
2326,0.003986455646,0.003914501402
2327,0.004058225139,0.004212764499
2328,0.003897892922,0.004505074321
2329,0.003548686334,0.004038276151
2330,0.004181135009,0.004791818385
2331,0.003970588237,0.004805693286
2332,0.00399272592,0.004296932719
2333,0.004115353251,0.004396255885
2334,0.004247357894,0.00446725302
2335,0.003826993896,0.004188559775
2336,0.003871717432,0.0049108245
2337,0.003705282812,0.00378661821
2338,0.004461127304,0.004775147885
2339,0.003528767731,0.004119681049
2340,0.003898588155,0.003734498692
2341,0.003329638334,0.003930882376
2342,0.003811722243,0.004218621354
2343,0.004179994285,0.004405834479
2344,0.004349811847,0.004530914885
2345,0.003808452806,0.004546399519
2346,0.004086728441,0.004148168839
2347,0.0039107427,0.004625299945
2348,0.003721829737,0.004072647018
2349,0.003794869612,0.00459100795
2350,0.004018877022,0.004479822615
2351,0.004467462859,0.004106305307
2352,0.004158186814,0.00415909788
2353,0.003780116269,0.004228221078
2354,0.003729255724,0.004104065825
2355,0.004110910842,0.004098711506
2356,0.00385013051,0.004035229678
2357,0.004126149142,0.0043305172
2358,0.004189447267,0.004367631336
2359,0.004394099844,0.004134316812
2360,0.003829848254,0.004500345269
2361,0.004292699043,0.004211580963
2362,0.003782019397,0.003778406593
2363,0.004023973423,0.004384964821
2364,0.00356374745,0.004297527194
2365,0.003470174794,0.004134781397
2366,0.003608427534,0.004423129023
2367,0.003598821262,0.003937786416
2368,0.003763377055,0.004057984392
2369,0.003881666315,0.004274364503
2370,0.00386042631,0.004050276126
2371,0.003737824736,0.004560935689
2372,0.003904299694,0.004152953392
2373,0.003503508749,0.004343596462
2374,0.003771335789,0.003737398743
2375,0.004042003042,0.004521306109
2376,0.004100725375,0.00368486045
2377,0.00363314306,0.004070181079
2378,0.003716376465,0.005133676983
2379,0.003393576917,0.004290120094
2380,0.00424982683,0.004502514028
2381,0.00364829239,0.004106667911
2382,0.003755715734,0.004616320948
2383,0.003863084654,0.00408046451
2384,0.003624195262,0.004293471051
2385,0.003793617478,0.00406372748
2386,0.004156974319,0.00405862258
2387,0.003894484485,0.004372984753
2388,0.003960830334,0.004370837734
2389,0.003895123635,0.004659094848
2390,0.003943298972,0.003976338485
2391,0.003586310529,0.003769238974
2392,0.003678032226,0.004127318476
2393,0.003880570555,0.004440048302
2394,0.00420449907,0.003822791041
2395,0.003597452014,0.004232526117
2396,0.003674259729,0.004059573577
2397,0.003831420152,0.004475127207
2398,0.003907963721,0.004218195943
2399,0.003932652849,0.004470486427
2400,0.00348342798,0.004027509509
2401,0.003676736378,0.004229293962
2402,0.003613810346,0.004291876365
2403,0.003732523415,0.003957713197
2404,0.003641113435,0.004645757028
2405,0.003664759541,0.003756403923
2406,0.003905490128,0.00418920134
2407,0.003715035069,0.003981941089
2408,0.003308554355,0.004683443578
2409,0.003688508383,0.003920550749
2410,0.00376118804,0.00407011254
2411,0.003352560278,0.004254168482
2412,0.003644155775,0.004139974189
2413,0.003832641523,0.004425101215
2414,0.003996063955,0.004548527242
2415,0.003643526288,0.003921243944
2416,0.003423235117,0.004451601329
2417,0.003841440601,0.004305951908
2418,0.003775495104,0.004010466248
2419,0.004078831204,0.004300481523
2420,0.003786362271,0.00404709854
2421,0.003787652327,0.003912238171
2422,0.004052912293,0.004303957918
2423,0.003718904714,0.004167002538
2424,0.00379604951,0.004142462043
2425,0.003865853738,0.004053136101
2426,0.003534733638,0.004201683914
2427,0.003475148143,0.003696343803
2428,0.003528072615,0.004397713754
2429,0.003524316708,0.004583834554
2430,0.004135198949,0.003725563321
2431,0.003814252705,0.004118388286
2432,0.003528591216,0.003927414189
2433,0.003857414558,0.004037093953
2434,0.003538055054,0.00410600024
2435,0.003546626715,0.004821700248
2436,0.003802371677,0.004198988463
2437,0.003871081426,0.004674556112
2438,0.003925836703,0.004424418148
2439,0.004003048118,0.003768450028
2440,0.004019966087,0.004069350747
2441,0.003609048174,0.003914900968
2442,0.003821009101,0.004284402792
2443,0.003885207349,0.004267831799
2444,0.003983898729,0.004177634721
2445,0.003658112517,0.004188888212
2446,0.003733270772,0.004844256327
2447,0.003795038967,0.004301446577
2448,0.00333139798,0.00359908957
2449,0.003586565173,0.004090454866
2450,0.003834744828,0.004595840059
2451,0.003519932827,0.003976198495
2452,0.003662601172,0.003872908535
2453,0.004193305824,0.00419436238
2454,0.003761199216,0.004216338973
2455,0.003578398959,0.004261760856
2456,0.0042044578,0.004563721217
2457,0.003668561665,0.004811072431
2458,0.003639276518,0.003931112034
2459,0.003402159549,0.004436686315
2460,0.003509502159,0.003960656963
2461,0.003877722687,0.003748493909
2462,0.003479444102,0.004638837534
2463,0.004000489425,0.003630339663
2464,0.003427479416,0.004116183089
2465,0.003483772743,0.004218864808
2466,0.003795323835,0.003908173094
2467,0.003561256832,0.004475425638
2468,0.003485236812,0.003779752995
2469,0.003584585327,0.004255515902
2470,0.003455440135,0.004137628421
2471,0.003814032301,0.004570769379
2472,0.004074127821,0.004021841363
2473,0.003280583711,0.003997262451
2474,0.003489549388,0.003543071507
2475,0.00370562615,0.004313980171
2476,0.003391365637,0.004084426793
2477,0.003325087775,0.004185489379
2478,0.003838938574,0.003947016085
2479,0.003521241684,0.004253563617
2480,0.003775701654,0.004573281418
2481,0.003410101024,0.004318753869
2482,0.0040163839,0.004403001891
2483,0.003886092542,0.004215951893
2484,0.003281696292,0.003968272766
2485,0.003719936911,0.00457881586
2486,0.004555784719,0.004258389643
2487,0.003716185252,0.003925476689
2488,0.003692728351,0.004792503081
2489,0.003573290945,0.004213057895
2490,0.003436991741,0.003714524704
2491,0.003626863996,0.00431627754
2492,0.003870141809,0.004207760416
2493,0.003878938849,0.004159758217
2494,0.003762913198,0.004503889708
2495,0.003654172498,0.003961510025
2496,0.003651310486,0.004211585212
2497,0.003851590591,0.004290448531
2498,0.003865628882,0.004238865426
2499,0.003791870142,0.003974622523
2500,0.003669772675,0.00435656964
2501,0.003668084944,0.003707001597
2502,0.004104579741,0.0040840726
2503,0.003848028195,0.003818392928
2504,0.00333180622,0.003906618658
2505,0.003428878117,0.003539609374
2506,0.00315461104,0.003703239956
2507,0.003492681746,0.003743446432
2508,0.00348398427,0.003739401349
2509,0.003272914735,0.004701554833
2510,0.00340195524,0.004271462414
2511,0.003599458374,0.003711759549
2512,0.003614978283,0.004292864061
2513,0.003663087875,0.004569524084
2514,0.003466249094,0.003715878323
2515,0.003460620384,0.003908294311
2516,0.003838274803,0.004313938844
2517,0.003522383922,0.004193709872
2518,0.003514415555,0.004052925418
2519,0.003885993094,0.003956035012
2520,0.003327127895,0.003733715479
2521,0.003699799388,0.004313187063
2522,0.003532323433,0.004879388143
2523,0.003508485679,0.003944521508
2524,0.003784228349,0.004206864134
2525,0.003584847203,0.004108157154
2526,0.003477430088,0.004042638611
2527,0.00343437455,0.00353567698
2528,0.003532654635,0.003969969781
2529,0.003386462748,0.00422901244
2530,0.003217031888,0.003521514329
2531,0.003690642217,0.004421153717
2532,0.003909261723,0.004345765046
2533,0.003397630062,0.004026367533
2534,0.003580290475,0.004041464388
2535,0.003286025312,0.00430043292
2536,0.003765500645,0.004242154944
2537,0.003667920129,0.003592737601
2538,0.00387055942,0.003933960572
2539,0.003539255616,0.004367159185
2540,0.003989993624,0.003786575748
2541,0.004005002644,0.004232488049
2542,0.003651801671,0.003834029078
2543,0.003706535732,0.004421317804
2544,0.003739683103,0.004131545458
2545,0.003995041392,0.004093810508
2546,0.003346381214,0.003856023104
2547,0.003420071414,0.004137256416
2548,0.003637450078,0.003809657705
2549,0.003582678735,0.003852111724
2550,0.00347323934,0.003615510272
2551,0.00322379134,0.004058780847
2552,0.004067185102,0.003858840908
2553,0.003554447729,0.004246361757
2554,0.003659921989,0.0038808604
2555,0.00393545258,0.004034569603
2556,0.003594431997,0.003998067434
2557,0.003326417238,0.00399338163
2558,0.003661611408,0.004093671101
2559,0.003613726818,0.003988361277
2560,0.003117988119,0.003941325122
2561,0.003678291861,0.003843218641
2562,0.003824983694,0.004293151462
2563,0.003464054287,0.0041678462
2564,0.003452910983,0.003937901871
2565,0.00361493454,0.004009780037
2566,0.003749576717,0.003572602232
2567,0.003404211107,0.003695852269
2568,0.003541151993,0.003396932909
2569,0.003112158563,0.003954839369
2570,0.003091449529,0.004033200705
2571,0.003584759193,0.003689276899
2572,0.003650762432,0.004159391334
2573,0.003706002375,0.003809359536
2574,0.003144009388,0.003797041281
2575,0.003345554956,0.004039560183
2576,0.003633331275,0.004333822726
2577,0.003374548745,0.004130950518
2578,0.003816260374,0.0038075583
2579,0.002947706991,0.003715200786
2580,0.003696852596,0.003804672422
2581,0.003670095408,0.004324740585
2582,0.003607982537,0.003940917872
2583,0.003466735099,0.003585765342
2584,0.003149169119,0.004396486358
2585,0.003892616718,0.003984077804
2586,0.003702621936,0.00410728305
2587,0.003640284151,0.00401655669
2588,0.003939508984,0.003652046289
2589,0.003298746364,0.003605531325
2590,0.003986356518,0.003648628248
2591,0.003110893042,0.003842391277
2592,0.003357441601,0.003495396319
2593,0.003634809196,0.003862535523
2594,0.003642944794,0.004380358732
2595,0.00368451266,0.003974324558
2596,0.003397470311,0.003824128711
2597,0.003947564255,0.003817920806
2598,0.003301484394,0.003887222818
2599,0.003681007394,0.003749332449
2600,0.003507452464,0.004215661495
2601,0.003903469944,0.003148429445
2602,0.003067193145,0.003655977547
2603,0.003765788802,0.003587301529
2604,0.003621094278,0.003010729852
2605,0.003577323572,0.004163151316
2606,0.003137637948,0.003732544428
2607,0.003818176832,0.00349148846
2608,0.003229056456,0.003697803884
2609,0.003209763323,0.003801581159
2610,0.003359887225,0.004153982765
2611,0.003040551441,0.003713309503
2612,0.003490230272,0.003779135062
2613,0.003124252107,0.004363510467
2614,0.0033477947,0.00391162638
2615,0.003256730968,0.003764693072
2616,0.003645713703,0.003655668959
2617,0.003574251488,0.003603630612
2618,0.003673977102,0.003689567413
2619,0.003439779219,0.003945325239
2620,0.003806397843,0.003739642474
2621,0.003503499553,0.003729744407
2622,0.00380090985,0.003555967967
2623,0.003271072608,0.004051778757
2624,0.003635329427,0.003756737889
2625,0.003416086605,0.003764275782
2626,0.00326908112,0.004016511666
2627,0.003642758995,0.003943055228
2628,0.003796712816,0.003283249447
2629,0.003188052564,0.003730363067
2630,0.003599689808,0.003334036359
2631,0.003710883844,0.003636884794
2632,0.003647674923,0.003801008832
2633,0.00345123111,0.003931653831
2634,0.003382186784,0.003727464849
2635,0.003383630654,0.004244732147
2636,0.004157267453,0.003500431834
2637,0.00317673877,0.004173918773
2638,0.003492702672,0.00338382012
2639,0.003356633184,0.00414794049
2640,0.003808914655,0.003662185307
2641,0.003205780929,0.003707168478
2642,0.003089828737,0.003475809644
2643,0.003478227911,0.003687486518
2644,0.003259986173,0.004006974312
2645,0.003584095481,0.00376205545
2646,0.003765716538,0.003069468221
2647,0.003565171704,0.003871062538
2648,0.003714901803,0.003398256929
2649,0.003290959809,0.004053914105
2650,0.003367369616,0.003662338888
2651,0.003347866499,0.003850968496
2652,0.003490984629,0.003553662071
2653,0.003168378316,0.003652483458
2654,0.00346583809,0.00344457911
2655,0.003040046868,0.003679903806
2656,0.003350804327,0.003809028043
2657,0.003509883391,0.003659004637
2658,0.003281506244,0.003795537777
2659,0.003096467437,0.00398442804
2660,0.003421903675,0.003976867563
2661,0.003394428553,0.00381126182
2662,0.003498488368,0.003877211391
2663,0.00344118214,0.003628319479
2664,0.003125130999,0.003699465422
2665,0.003599335207,0.003745024354
2666,0.003292686917,0.003596568014
2667,0.003141355701,0.003490157251
2668,0.003081473784,0.003712795791
2669,0.002961794962,0.004487365077
2670,0.003421663248,0.003403557173
2671,0.003154090082,0.004446691397
2672,0.003048586979,0.00385649869
2673,0.003072603955,0.003401630558
2674,0.003247120621,0.003417069151
2675,0.003321877099,0.003219633392
2676,0.002923310909,0.003778570477
2677,0.003348564991,0.003642419702
2678,0.003187363676,0.003774685261
2679,0.003460093605,0.003515204036
2680,0.003328280494,0.003895886068
2681,0.004040936474,0.003419152461
2682,0.003606531594,0.003619764087
2683,0.003604203317,0.003307244187
2684,0.003754824371,0.003302591271
2685,0.003469013493,0.00332858949
2686,0.003000416793,0.00310860941
2687,0.003184637782,0.003314351285
2688,0.003067468671,0.004215914989
2689,0.003705243638,0.00378203881
2690,0.003405521216,0.004719330755
2691,0.003156751249,0.00335585131
2692,0.003536431381,0.003607441904
2693,0.003362447576,0.003514151758
2694,0.003308995016,0.003415384446
2695,0.003660391725,0.004299964872
2696,0.00312359145,0.003638036345
2697,0.003540704376,0.003307799459
2698,0.003478945553,0.00349246437
2699,0.003217057034,0.003837636526
2700,0.003183349327,0.003611925582
2701,0.002932414354,0.003611810389
2702,0.003411646641,0.003469580814
2703,0.003312052111,0.003657048976
2704,0.003435351508,0.004195952468
2705,0.003198565159,0.003546216787
2706,0.003288376378,0.003623020835
2707,0.003105924028,0.003592509835
2708,0.003445866256,0.003975209984
2709,0.003221672756,0.003697141394
2710,0.003416222287,0.003579917742
2711,0.003374127147,0.003359798895
2712,0.002916383528,0.003518889454
2713,0.002976211952,0.003378918715
2714,0.00327833675,0.003591938672
2715,0.0033303854,0.003361542244
2716,0.003173368721,0.00336216783
2717,0.003605576494,0.003554623545
2718,0.003060216841,0.00317148419
2719,0.003170573851,0.003680363036
2720,0.003188321949,0.00337543615
2721,0.003208694921,0.003573110356
2722,0.002873132107,0.004467062216
2723,0.003535909724,0.005227366695
2724,0.003508232243,0.003512239869
2725,0.003183682915,0.002930950868
2726,0.003515829652,0.003667890327
2727,0.003113527491,0.003427400545
2728,0.003145053372,0.003511327464
2729,0.002899099694,0.00339968843
2730,0.002627753784,0.003719010245
2731,0.003327292157,0.003718237567
2732,0.003271154565,0.003185349633
2733,0.003068978229,0.003376628854
2734,0.003050537402,0.003052885586
2735,0.003578470147,0.003310941625
2736,0.003199593397,0.003154474252
2737,0.003093846666,0.003580632503
2738,0.003053638822,0.003460267035
2739,0.003264842671,0.004113638774
2740,0.003680596448,0.003057044174
2741,0.002846855059,0.003532905655
2742,0.003278249176,0.003528532921
2743,0.002863068541,0.00319680426
2744,0.003060611896,0.003405558236
2745,0.003074254695,0.003256214957
2746,0.003180398169,0.003763704619
2747,0.002942588471,0.003380591108
2748,0.002815005311,0.004075836361
2749,0.003249650064,0.00310329927
2750,0.003008410073,0.003428569762
2751,0.003207095637,0.004004386923
2752,0.003058528848,0.004015343497
2753,0.002974075876,0.003695265332
2754,0.00310690573,0.00396982985
2755,0.003498658218,0.003334191046
2756,0.003046073922,0.003166859329
2757,0.002965042921,0.003205216839
2758,0.002997444186,0.003335918969
2759,0.002904272376,0.003400620946
2760,0.003068758364,0.003293050191
2761,0.003174870479,0.003169838863
2762,0.003083776624,0.003520228813
2763,0.003336396301,0.003353124921
2764,0.003267512686,0.003358113434
2765,0.00312043287,0.003520353843
2766,0.00264468664,0.00310937484
2767,0.00322813954,0.003434865677
2768,0.003440819535,0.003386782162
2769,0.002925164765,0.003225324122
2770,0.00324969893,0.003529197158
2771,0.003235163575,0.003212518815
2772,0.003071996121,0.003218041849
2773,0.003098691843,0.003665527183
2774,0.003109017911,0.003234002652
2775,0.003063955228,0.003554936586
2776,0.003428938071,0.003943411022
2777,0.00322473704,0.00286108072
2778,0.003191924508,0.0031624939
2779,0.003356387344,0.003550905356
2780,0.0032403105,0.003245352011
2781,0.002877138788,0.003410922945
2782,0.00341851043,0.003365698241
2783,0.002956221404,0.003851637332
2784,0.002803687355,0.003477188206
2785,0.003344342607,0.003630766063
2786,0.003127456817,0.003434143408
2787,0.002956525452,0.003370988037
2788,0.003154547536,0.003305919119
2789,0.003333724395,0.003538104182
2790,0.003523351421,0.003675539687
2791,0.002988684777,0.003460835578
2792,0.002910873154,0.003263807826
2793,0.002993776434,0.003251998889
2794,0.0032244834,0.003343733697
2795,0.00303819665,0.003453072917
2796,0.003089105943,0.003551798611
2797,0.002948920999,0.003229705791
2798,0.002698631492,0.003300787997
2799,0.003307300358,0.00337599442
2800,0.002465727506,0.003430742654
2801,0.003131055622,0.00344526046
2802,0.002943975502,0.003207940143
2803,0.003404714982,0.003182572284
2804,0.003207368049,0.003266292566
2805,0.00300232193,0.003515649209
2806,0.002879963984,0.003403560724
2807,0.003204916982,0.003313786176
2808,0.003200318984,0.003052392567
2809,0.00308346044,0.003477181453
2810,0.002601971471,0.003238237143
2811,0.002879900479,0.00313731104
2812,0.002930105882,0.003545950458
2813,0.003190418211,0.003568576387
2814,0.00289860554,0.003209681774
2815,0.002896160731,0.003122677677
2816,0.002815949148,0.003157265222
2817,0.002812627587,0.003291425295
2818,0.002711175403,0.003394004278
2819,0.003350862098,0.00330485779
2820,0.00287503656,0.002858252468
2821,0.002770060877,0.003401283117
2822,0.003050792671,0.003296827083
2823,0.002972060654,0.003451390716
2824,0.002937243655,0.003368168138
2825,0.002971751092,0.003162351641
2826,0.00257083922,0.003054310655
2827,0.003253047151,0.003256811295
2828,0.002720018325,0.003126025142
2829,0.002811986516,0.003419396235
2830,0.00299136198,0.003117222281
2831,0.003007161664,0.003097534471
2832,0.003229761875,0.003106579854
2833,0.003019404743,0.003195701895
2834,0.003188498667,0.003454661608
2835,0.003382088995,0.00328037265
2836,0.003131072008,0.003066974255
2837,0.0028515023,0.00334760148
2838,0.002926451358,0.003788285831
2839,0.003269839915,0.003004700411
2840,0.002968737652,0.003676436783
2841,0.003046407364,0.00315958602
2842,0.002749393403,0.00336620459
2843,0.003152280638,0.003417313244
2844,0.003034302339,0.003583423415
2845,0.003143416368,0.003078066016
2846,0.002818712266,0.00301764434
2847,0.002852582315,0.003333308268
2848,0.002715211216,0.003280744713
2849,0.003024182457,0.003155201586
2850,0.003461794258,0.003307098727
2851,0.002800401562,0.003185409441
2852,0.003338432492,0.00333596408
2853,0.003417218802,0.003085134202
2854,0.002936220058,0.003271625901
2855,0.002674857518,0.003018888965
2856,0.002897372644,0.003126371506
2857,0.002858900465,0.003199984203
2858,0.003063153592,0.002759564319
2859,0.002560524241,0.003203044995
2860,0.002887511524,0.003493744793
2861,0.003290533816,0.003249405272
2862,0.00315868223,0.004029649514
2863,0.003141137247,0.002947112807
2864,0.00312115511,0.002782867494
2865,0.002916322846,0.003384936514
2866,0.002405830252,0.003159088956
2867,0.003277959826,0.003528819041
2868,0.002803046111,0.003411827725
2869,0.003246327105,0.003414439707
2870,0.002924918415,0.003026853316
2871,0.002898613195,0.003089926235
2872,0.00289632284,0.003141209047
2873,0.002995172661,0.003261306614
2874,0.002586515271,0.003643704375
2875,0.002829609643,0.003376975859
2876,0.002879060601,0.003342065931
2877,0.002863443282,0.002879079315
2878,0.002845392126,0.003746350179
2879,0.002990687208,0.003193278622
2880,0.002902928798,0.003346221114
2881,0.003292998008,0.003241541272
2882,0.003027793864,0.003591987799
2883,0.003156020102,0.003352793981
2884,0.002487946054,0.003458806546
2885,0.002930810151,0.003108496196
2886,0.002852764708,0.003536211792
2887,0.003047196718,0.003171271848
2888,0.002775319241,0.002935658791
2889,0.002556612264,0.002998554235
2890,0.002714207978,0.003080325259
2891,0.002743538469,0.003021569428
2892,0.002946921129,0.003286958876
2893,0.002825907286,0.002789322287
2894,0.002845805866,0.002908759983
2895,0.002770993626,0.00348432688
2896,0.002973465453,0.00277585545
2897,0.002683752871,0.002994922746
2898,0.003112330625,0.003054337227
2899,0.00280670356,0.003585838276
2900,0.002632029849,0.003031490545
2901,0.003212242591,0.003225819557
2902,0.002671472641,0.002905882837
2903,0.003191446449,0.003830680333
2904,0.003306304076,0.003176126862
2905,0.003016094968,0.003158519132
2906,0.002670485235,0.003015968658
2907,0.003176982194,0.003292209934
2908,0.002868898577,0.003151396842
2909,0.002884833346,0.002934249263
2910,0.002656948665,0.003339160583
2911,0.002845891198,0.002876197395
2912,0.002800061877,0.002996496216
2913,0.003114393679,0.003184583678
2914,0.002894854289,0.002999316843
2915,0.002879100561,0.003173972247
2916,0.002858594642,0.002994745737
2917,0.003064902412,0.003850353358
2918,0.00266509183,0.004073959222
2919,0.002999198507,0.00296915989
2920,0.002769347804,0.00363811123
2921,0.00285197582,0.003296765179
2922,0.003028674371,0.002879310603
2923,0.002361481049,0.003278853081
2924,0.002852648409,0.002964271815
2925,0.002796639223,0.002975392621
2926,0.003145684226,0.003165494942
2927,0.00273166431,0.003230610018
2928,0.002843399969,0.00260758464
2929,0.002899213549,0.003104034695
2930,0.002974279589,0.003458528139
2931,0.002740083932,0.00311868338
2932,0.002849698882,0.002870568074
2933,0.002776310721,0.002921516774
2934,0.003037405695,0.003638990369
2935,0.002519097063,0.003448046395
2936,0.002613352306,0.003137708001
2937,0.002708393848,0.003303275356
2938,0.002926275571,0.003211790259
2939,0.002720720819,0.003085231321
2940,0.002539965062,0.002999853576
2941,0.002726008155,0.00277895313
2942,0.002807356184,0.003321190976
2943,0.002621978434,0.003004464583
2944,0.002725630897,0.002851909288
2945,0.002469160288,0.003096472064
2946,0.002408877597,0.003107743192
2947,0.003140397574,0.00313753006
2948,0.003531073075,0.003349805134
2949,0.002957952442,0.003131588863
2950,0.002828509954,0.00309993705
2951,0.003092279279,0.002681382437
2952,0.002552194492,0.003051533364
2953,0.002931983196,0.003006028302
2954,0.002674446005,0.003067597907
2955,0.002627907437,0.002836716041
2956,0.002644716747,0.002987294894
2957,0.002928737609,0.002900811785
2958,0.002918185142,0.002806680975
2959,0.002980405377,0.003169312084
2960,0.002731937449,0.002861938323
2961,0.002708357846,0.002804879885
2962,0.002961690334,0.003144242015
2963,0.002446805258,0.002848948745
2964,0.002749381005,0.002989436791
2965,0.002997925592,0.003360680159
2966,0.003484513814,0.00292773149
2967,0.003013960581,0.003287636355
2968,0.002732294946,0.002681275713
2969,0.002641586063,0.003069869272
2970,0.002915051358,0.003454503807
2971,0.002766932084,0.003208029666
2972,0.002760977397,0.003149569122
2973,0.002873136676,0.002960253711
2974,0.002588420801,0.002805796976
2975,0.002507755868,0.002751472814
2976,0.002532817307,0.002903587127
2977,0.002377833589,0.003047487509
2978,0.002480321768,0.002704990737
2979,0.002779202739,0.003219609061
2980,0.002887553477,0.003338703478
2981,0.003170296783,0.003341450385
2982,0.002636876598,0.002808037956
2983,0.002756751492,0.003424282477
2984,0.003069091443,0.002742348122
2985,0.002629843395,0.00343035566
2986,0.00321028402,0.003292451554
2987,0.002538739893,0.002973894298
2988,0.00289100103,0.003123690869
2989,0.003135378007,0.003113534913
2990,0.002982163685,0.002821145696
2991,0.002594854304,0.003006797342
2992,0.002682745428,0.002805333919
2993,0.002881618711,0.003131814447
2994,0.00247183106,0.00261491054
2995,0.002636201621,0.002936871693
2996,0.002695613992,0.002660893515
2997,0.002673817595,0.002881934866
2998,0.002970523987,0.003146328178
2999,0.002874065511,0.002722651261
3000,0.002577216525,0.002987950167
3001,0.002542104703,0.003104848671
3002,0.002609605348,0.002845097028
3003,0.002905478177,0.002883363079
3004,0.002879063046,0.00289525729
3005,0.002325704307,0.002943599975
3006,0.003239500234,0.003479649225
3007,0.002442838435,0.002756391317
3008,0.002609267161,0.002676516073
3009,0.002596192353,0.003091284219
3010,0.002888250281,0.002975919488
3011,0.002723500336,0.002847838827
3012,0.002702869126,0.003137027583
3013,0.002765235433,0.002849023585
3014,0.003191753116,0.002788890153
3015,0.002809215483,0.002880616084
3016,0.002624542103,0.003197269485
3017,0.003072831852,0.002928021102
3018,0.002523204457,0.003182990331
3019,0.002799227572,0.0028706796
3020,0.002743643825,0.002970504662
3021,0.00298258473,0.002747956547
3022,0.003014113521,0.003221413092
3023,0.002526141179,0.002890367643
3024,0.002809381986,0.003002878861
3025,0.002868661104,0.002721761091
3026,0.002998684882,0.00310919492
3027,0.002773951215,0.002755955764
3028,0.002537172564,0.003350862302
3029,0.003153335681,0.003187927738
3030,0.002887218201,0.002925596753
3031,0.003000944096,0.003045773687
3032,0.00262505142,0.002844090777
3033,0.002850458026,0.003026156366
3034,0.002488984988,0.003682827402
3035,0.003368152757,0.002872317709
3036,0.002604837995,0.003176930593
3037,0.002967785753,0.003013419948
3038,0.003239056357,0.00311392502
3039,0.002652791096,0.002883711102
3040,0.002712516289,0.003055586712
3041,0.002355637509,0.003279950033
3042,0.002727117244,0.002959714708
3043,0.002645086439,0.003836446616
3044,0.002557902189,0.002981797705
3045,0.002802290895,0.00293781978
3046,0.002732012683,0.002744611003
3047,0.002563830494,0.003091791485
3048,0.00237215354,0.003090258324
3049,0.002657564415,0.002623527689
3050,0.002603901681,0.002773110988
3051,0.00259114879,0.002933800162
3052,0.002533745224,0.003134931962
3053,0.003064361459,0.003033719811
3054,0.002540485148,0.002696457173
3055,0.00315926256,0.002745564852
3056,0.002955051925,0.002910584066
3057,0.002862053312,0.002965768712
3058,0.002711731504,0.00364390263
3059,0.002813088911,0.002789000617
3060,0.003058313974,0.002595173981
3061,0.002923269873,0.002995845658
3062,0.002271330188,0.003186177055
3063,0.002586685645,0.002715395705
3064,0.002540677175,0.002891603712
3065,0.002530259619,0.002847331489
3066,0.002890931879,0.002231957478
3067,0.002626590256,0.002791629406
3068,0.002810913866,0.003007149033
3069,0.002582595829,0.003035942122
3070,0.002857116488,0.003289503133
3071,0.003042153548,0.003236635996
3072,0.002653249278,0.003168485331
3073,0.002367544585,0.003424624534
3074,0.002456472095,0.002579541644
3075,0.002710523317,0.003097893787
3076,0.002580717788,0.003101928247
3077,0.002739367104,0.002877058869
3078,0.00254514777,0.002690286812
3079,0.002482410389,0.002746981554
3080,0.002560855923,0.002757927694
3081,0.002729261862,0.003199453437
3082,0.002693514863,0.003224713146
3083,0.002808276971,0.002439757198
3084,0.002345810557,0.002892210701
3085,0.002678195917,0.002744373778
3086,0.002959329111,0.002831068821
3087,0.002202608142,0.002997766511
3088,0.002691475616,0.002990214445
3089,0.002671221126,0.00282562169
3090,0.002670649585,0.00292424456
3091,0.002707612904,0.003056405316
3092,0.002588301038,0.002873863705
3093,0.002662873943,0.0028874821
3094,0.002487736725,0.003046277357
3095,0.002516878609,0.002609377174
3096,0.002638599806,0.003147484182
3097,0.002866814641,0.003023448808
3098,0.002590093558,0.002802045696
3099,0.002513027212,0.00314474717
3100,0.00252174378,0.002544575051
3101,0.002954799886,0.003187036025
3102,0.002664047381,0.00364506105
3103,0.002701102203,0.00281109722
3104,0.002587284878,0.003152351477
3105,0.002982803097,0.00264819109
3106,0.00276469122,0.002771050757
3107,0.002858845924,0.002883836481
3108,0.002409305293,0.003326002538
3109,0.002857088286,0.002721684665
3110,0.002665299689,0.003306449769
3111,0.00269466528,0.002562605019
3112,0.002800573711,0.002866675262
3113,0.002406783024,0.002982958904
3114,0.002750731073,0.003105131298
3115,0.002635270706,0.00307142688
3116,0.003372200765,0.002918169572
3117,0.002642395193,0.003249631613
3118,0.002629225288,0.003096076747
3119,0.002715904629,0.003250206326
3120,0.002642703912,0.003004243976
3121,0.002963326377,0.002780076407
3122,0.002499356677,0.002635701763
3123,0.00246905227,0.002656015073
3124,0.002531624283,0.002956993063
3125,0.002427696192,0.00291654162
3126,0.002692255104,0.002907003247
3127,0.002666792716,0.003007645602
3128,0.002614143988,0.002777583402
3129,0.002397410717,0.0027558523
3130,0.002376445947,0.00284736231
3131,0.002611957068,0.003082748794
3132,0.002853904327,0.00292255744
3133,0.002727470899,0.003468694835
3134,0.002213018321,0.002838094661
3135,0.002818285109,0.003056133195
3136,0.002653434887,0.002634716046
3137,0.002740342214,0.002681083075
3138,0.002744007041,0.002566495881
3139,0.002551304147,0.002959653997
3140,0.002537832232,0.002692163893
3141,0.002797216468,0.003134555591
3142,0.00230833175,0.002658868791
3143,0.002522971336,0.002800882008
3144,0.002836374159,0.002778861701
3145,0.002734966809,0.002863631584
3146,0.00244065217,0.002652105904
3147,0.002391554415,0.002732018838
3148,0.002650976938,0.002814882522
3149,0.002344416003,0.002759997471
3150,0.002530967075,0.00249766538
3151,0.00242077338,0.002584006274
3152,0.002641776606,0.002708479646
3153,0.002815464308,0.002732022404
3154,0.002622956483,0.00266056144
3155,0.00267980335,0.002629293333
3156,0.002630543837,0.003361174458
3157,0.002531080914,0.002849488752
3158,0.002506415214,0.002564878203
3159,0.002543184019,0.002878094499
3160,0.002601288696,0.003268309141
3161,0.002578871019,0.002865155227
3162,0.003008532512,0.002994348091
3163,0.002527149773,0.002987742657
3164,0.002318859566,0.002896662976
3165,0.002599637839,0.003019884956
3166,0.002392252456,0.00288045872
3167,0.002457553259,0.00289209417
3168,0.002763993485,0.002872347395
3169,0.002953593998,0.003123022354
3170,0.002517361281,0.002778517752
3171,0.002057653372,0.002819724963
3172,0.002903618675,0.002786409168
3173,0.002300595559,0.002729578351
3174,0.002136342271,0.002750784479
3175,0.002577585081,0.0027805586
3176,0.002362563071,0.003393560939
3177,0.002315135862,0.002985355008
3178,0.002732739609,0.002542685281
3179,0.002413109629,0.002743833553
3180,0.002429007771,0.002664094209
3181,0.002311495642,0.002769271057
3182,0.002808222693,0.003209586866
3183,0.002454606438,0.002652820316
3184,0.00258676149,0.002716868199
3185,0.002567000804,0.002714886796
3186,0.002706479194,0.002589213458
3187,0.002122481368,0.003201854939
3188,0.002312451761,0.002781762247
3189,0.002148087806,0.002868112671
3190,0.002639897662,0.002629304741
3191,0.002411383844,0.002780357056
3192,0.002543880677,0.002798458416
3193,0.002325058595,0.003148611344
3194,0.002471150015,0.00290399103
3195,0.002773558532,0.00300717786
3196,0.002435400238,0.002590547461
3197,0.002604352907,0.002525817225
3198,0.002635974102,0.002937711281
3199,0.002628586444,0.002675542521
3200,0.00254334067,0.003082020296
3201,0.002617258346,0.002742264449
3202,0.002565614705,0.002813400235
3203,0.002462076285,0.003028177773
3204,0.00245730413,0.002983617247
3205,0.002610515003,0.002734277223
3206,0.002697904725,0.002668764762
3207,0.002560793946,0.002642492749
3208,0.002516663313,0.002573151505
3209,0.002846409217,0.002758946328
3210,0.002583028283,0.002619527499
3211,0.002505809272,0.002591274097
3212,0.002414821676,0.002584564369
3213,0.002183998498,0.002422009551
3214,0.002480834999,0.002751190797
3215,0.002636700461,0.002775821078
3216,0.002291436453,0.002715047216
3217,0.002369027046,0.002782742085
3218,0.002478452065,0.003046032012
3219,0.0025397032,0.002686315551
3220,0.002334245481,0.002835872321
3221,0.002456063739,0.002739662115
3222,0.002674586111,0.00312315434
3223,0.002570059238,0.003139244014
3224,0.00288890634,0.003142619331
3225,0.00268429477,0.003084153723
3226,0.002352004565,0.002759279363
3227,0.002442660902,0.002611874312
3228,0.0025292793,0.002784268028
3229,0.002507406956,0.002528432757
3230,0.002855382045,0.002847424796
3231,0.002360615443,0.002595833852
3232,0.002645164233,0.002875942315
3233,0.00245946215,0.002485834368
3234,0.002553944083,0.00241094442
3235,0.00258578005,0.002629554627
3236,0.00255373813,0.002740092168
3237,0.002803919066,0.00287619936
3238,0.002527259785,0.003133078397
3239,0.002504805685,0.002818965571
3240,0.00209801695,0.002515742861
3241,0.002419676253,0.002560744848
3242,0.002455241018,0.002749061445
3243,0.002797684603,0.00257212689
3244,0.002820199996,0.002590373551
3245,0.002425374943,0.00311625647
3246,0.002239494002,0.002779723814
3247,0.002622952248,0.00238768119
3248,0.002440629629,0.002798050467
3249,0.002557736647,0.002588268035
3250,0.002284939328,0.002650037044
3251,0.002487364254,0.003005854873
3252,0.002590517892,0.002609872783
3253,0.002468658568,0.002823653369
3254,0.002868957381,0.002632875112
3255,0.002641760628,0.002545427997
3256,0.002235572407,0.003025767044
3257,0.002272255631,0.002436228417
3258,0.002302534602,0.00314832697
3259,0.002743562174,0.002942722858
3260,0.002568162148,0.002160188815
3261,0.002330360221,0.002668705594
3262,0.002120016608,0.002429127693
3263,0.002354304699,0.002468972132
3264,0.002261379661,0.002683245257
3265,0.002352070733,0.002678702731
3266,0.002343151733,0.00276065385
3267,0.002580363434,0.002613527846
3268,0.002573947058,0.002219368238
3269,0.002448420069,0.00237483294
3270,0.002839575143,0.00273115348
3271,0.002321867942,0.003015714581
3272,0.002413182243,0.002726726234
3273,0.002010328884,0.002938689082
3274,0.002212985448,0.002499377923
3275,0.002323059569,0.002617050806
3276,0.002526554177,0.002690355614
3277,0.002417976211,0.003026395279
3278,0.002270670797,0.003004540573
3279,0.002385591797,0.002507615296
3280,0.002484886907,0.002439038231
3281,0.002394601004,0.002686977474
3282,0.00255387077,0.002326878355
3283,0.002573273989,0.002638565726
3284,0.002475058645,0.002676599048
3285,0.002112872244,0.00310776534
3286,0.002578417843,0.002588404372
3287,0.002434134163,0.002914450859
3288,0.002400829631,0.002307526331
3289,0.002092758034,0.002506256511
3290,0.002358284604,0.002788053011
3291,0.002424007238,0.002766790421
3292,0.002633378579,0.002456779213
3293,0.002317209728,0.002485639459
3294,0.002302255976,0.002746967468
3295,0.002314326892,0.002590002274
3296,0.002346810492,0.002795132663
3297,0.002316849917,0.002475855683
3298,0.0021889567,0.003147816402
3299,0.002374235002,0.003078645532
3300,0.002295789192,0.003029546933
3301,0.002483943477,0.00252564768
3302,0.002515356857,0.002457109556
3303,0.002248037432,0.002403743769
3304,0.002335415847,0.002536709027
3305,0.002555861938,0.002885780283
3306,0.002177896138,0.002281941881
3307,0.002440014097,0.002941725543
3308,0.002543654686,0.002486347657
3309,0.002357639081,0.002507097743
3310,0.002811725179,0.002584699061
3311,0.002577797408,0.00293829554
3312,0.002498789399,0.003015571099
3313,0.002640688923,0.002720878299
3314,0.002619378502,0.002691865287
3315,0.002463639423,0.002708071115
3316,0.002447145351,0.002446346785
3317,0.0023166311,0.002277903419
3318,0.00232569201,0.002805133496
3319,0.002443893347,0.002818756824
3320,0.002669733018,0.00288663237
3321,0.002685599175,0.002512709951
3322,0.002221798553,0.002594120087
3323,0.002364387314,0.002733780741
3324,0.00225562384,0.002675757336
3325,0.002666062908,0.002411280308
3326,0.002217783243,0.002509205631
3327,0.002399043631,0.002589439915
3328,0.002327346971,0.002667310997
3329,0.002420087039,0.002522845345
3330,0.002562017151,0.002638487247
3331,0.002708059706,0.003304704966
3332,0.002511153318,0.002673554904
3333,0.002357111851,0.002889808762
3334,0.002626148867,0.002621532432
3335,0.002726230043,0.002623943728
3336,0.002321839376,0.002677343058
3337,0.002466891063,0.002889423893
3338,0.002140096549,0.002806281467
3339,0.002020851724,0.002590586519
3340,0.002413214999,0.002486871876
3341,0.00263674547,0.00247910383
3342,0.002335540805,0.00313309941
3343,0.002521132177,0.002572550642
3344,0.002440921555,0.002971229376
3345,0.00240012203,0.002799177775
3346,0.00226807587,0.002677629978
3347,0.002227853111,0.002294544596
3348,0.002109320645,0.002647208661
3349,0.002393252871,0.00252395148
3350,0.002321161606,0.002578676285
3351,0.002417202442,0.002288622447
3352,0.002369966809,0.002752836357
3353,0.002358202386,0.002518358771
3354,0.002303862682,0.002642123669
3355,0.002542291855,0.002751843538
3356,0.002503491036,0.00307276746
3357,0.002420072269,0.002521487026
3358,0.002293158075,0.002238970614
3359,0.0023558268,0.002846515446
3360,0.002302359731,0.002778920694
3361,0.002423706188,0.002244681251
3362,0.002235888882,0.002113208422
3363,0.002219853253,0.002514474734
3364,0.002293693426,0.002582771849
3365,0.002341790663,0.00283518064
3366,0.002488738071,0.002610986703
3367,0.002607049886,0.002662109269
3368,0.002155431837,0.002501018127
3369,0.002204816861,0.002372218718
3370,0.002306811759,0.002730934095
3371,0.00272559654,0.003080011928
3372,0.002523318472,0.002580227127
3373,0.002363117965,0.002856137755
3374,0.002303266447,0.002816446096
3375,0.002263286922,0.002536881992
3376,0.002349458053,0.003160824097
3377,0.002321100692,0.002723944141
3378,0.002314906917,0.002842176415
3379,0.002280922301,0.002306263123
3380,0.002352107069,0.002483873788
3381,0.002280223474,0.00276885624
3382,0.002225006159,0.002478761337
3383,0.00213820611,0.002507006604
3384,0.002190943283,0.002527038974
3385,0.002290680612,0.002614680358
3386,0.002612229946,0.003273832932
3387,0.002271785415,0.002665014181
3388,0.002465320344,0.002705560953
3389,0.002336108941,0.002673729236
3390,0.002509522252,0.002743842459
3391,0.002477314527,0.002995520277
3392,0.002625599649,0.00233615766
3393,0.002248875404,0.0025423185
3394,0.002433461515,0.002985315135
3395,0.002794256317,0.002720544828
3396,0.002698214259,0.00291680629
3397,0.002703408507,0.002561089263
3398,0.002279418783,0.002768675651
3399,0.00235611586,0.002688661014
3400,0.002206053832,0.002499754977
3401,0.002233667547,0.002587959287
3402,0.002632938718,0.002783526215
3403,0.002609134201,0.002386488748
3404,0.002369838898,0.002397375531
3405,0.002418789445,0.002527603952
3406,0.002450439264,0.002160286822
3407,0.002320045445,0.002422908205
3408,0.002403335107,0.002512720414
3409,0.002996742143,0.002557938846
3410,0.002215252127,0.002849512588
3411,0.002205566881,0.002880751854
3412,0.002253425962,0.002762896707
3413,0.002296833103,0.002546587843
3414,0.002430625551,0.00260628885
3415,0.002300288324,0.002652771858
3416,0.002429024913,0.002759244933
3417,0.002320547341,0.002888418006
3418,0.002525783697,0.002485261939
3419,0.002480590803,0.002576609171
3420,0.002467322061,0.003138544387
3421,0.002651898714,0.003081001429
3422,0.002315307182,0.00264163941
3423,0.002412712565,0.002797765861
3424,0.002531833932,0.002589582262
3425,0.002312434182,0.002751984968
3426,0.002067708774,0.002267027798
3427,0.001813444178,0.002711890178
3428,0.002473897854,0.00281967131
3429,0.002700444034,0.002215623084
3430,0.002436274968,0.002993365983
3431,0.002148296961,0.002411039924
3432,0.002298831081,0.002833304519
3433,0.002261714457,0.002646568144
3434,0.002294148711,0.00267245245
3435,0.002113903407,0.002643877669
3436,0.002405168794,0.002467170882
3437,0.002386589185,0.002355769175
3438,0.002206247416,0.002316955943
3439,0.00219967663,0.002397928416
3440,0.002074603181,0.002342354172
3441,0.002732052322,0.002475041227
3442,0.002444191588,0.002207686455
3443,0.002260459136,0.002637403813
3444,0.002439858581,0.002321934022
3445,0.002149233129,0.002312981524
3446,0.002158475225,0.002958393801
3447,0.00229302005,0.00271487009
3448,0.002208757855,0.002600975684
3449,0.002709160617,0.002625067922
3450,0.002029014169,0.002575961582
3451,0.002432265843,0.002706474683
3452,0.002282680594,0.002430504072
3453,0.002113512048,0.002457224546
3454,0.002737080154,0.002692854905
3455,0.002477249131,0.002718061238
3456,0.002414194169,0.002343556363
3457,0.002676339645,0.002693436458
3458,0.002674061659,0.003060952906
3459,0.002294070902,0.002761533688
3460,0.002024155619,0.002599755637
3461,0.00240311418,0.002411029403
3462,0.00210170295,0.002293639336
3463,0.002931154275,0.002718861768
3464,0.002450545115,0.002417396259
3465,0.00222018997,0.002411425317
3466,0.001911477346,0.002433969799
3467,0.002331640091,0.002501593306
3468,0.001991023761,0.002511533385
3469,0.002081912418,0.002404771061
3470,0.002095193544,0.002752968547
3471,0.002330465446,0.002532682047
3472,0.002257277301,0.002147006962
3473,0.002176805952,0.002166936611
3474,0.001966671902,0.002219389818
3475,0.002405570238,0.002763133307
3476,0.002613759847,0.002485116813
3477,0.002166702427,0.002473336237
3478,0.002231897146,0.002662373256
3479,0.002191091684,0.002782602096
3480,0.00201232871,0.002579497959
3481,0.002311738644,0.002623485285
3482,0.002247538112,0.002603650806
3483,0.002648794281,0.002999142627
3484,0.002168115258,0.002263088594
3485,0.002334773002,0.002359330916
3486,0.00204663974,0.00268536518
3487,0.00248509286,0.002666145389
3488,0.002560683104,0.00277711809
3489,0.002443642952,0.002729865606
3490,0.002048236958,0.002433941903
3491,0.002278936372,0.002400427606
3492,0.002339955739,0.002294895065
3493,0.002309748204,0.00230932
3494,0.002327892231,0.002420339471
3495,0.002629195587,0.00272138865
3496,0.002546025193,0.002693661634
3497,0.0024409295,0.002525671502
3498,0.002502829957,0.002455574868
3499,0.002316309183,0.002452795772
3500,0.002570893848,0.002589220196
3501,0.002503260708,0.002863414877
3502,0.002408627974,0.002285765979
3503,0.001965590214,0.002547297714
3504,0.002185496254,0.002512832871
3505,0.002301456334,0.002564388473
3506,0.002066348359,0.002379804413
3507,0.002561142348,0.002458002549
3508,0.002416122137,0.002408521832
3509,0.002329932424,0.002250252364
3510,0.002902889595,0.002383440355
3511,0.002332624266,0.002519401954
3512,0.002738999523,0.002543483875
3513,0.002435124363,0.002205322511
3514,0.00216508827,0.002521492162
3515,0.00219485964,0.002377240919
3516,0.002187529579,0.002403648585
3517,0.002380615129,0.002484729106
3518,0.002759132927,0.002503301876
3519,0.002313969264,0.002646902562
3520,0.002429245636,0.003054952831
3521,0.002264761875,0.002692163078
3522,0.002329747964,0.002382990046
3523,0.002384702064,0.002775206376
3524,0.002280046261,0.002490127285
3525,0.002200343719,0.002837011882
3526,0.002381252634,0.002643093991
3527,0.002094149764,0.002448199375
3528,0.002299249478,0.002207951678
3529,0.002657980513,0.002146498664
3530,0.002172314445,0.002031209922
3531,0.002015886712,0.002701653342
3532,0.002313616889,0.002194368819
3533,0.002241910886,0.002431352113
3534,0.002677923287,0.002431059635
3535,0.001923884003,0.002256038933
3536,0.002260079287,0.002359369508
3537,0.001889216146,0.002366375265
3538,0.002118648103,0.002899833518
3539,0.002119390338,0.002217762711
3540,0.002097158955,0.002556014981
3541,0.001930591548,0.002582630259
3542,0.002763313634,0.002640299121
3543,0.002277998254,0.002564266964
3544,0.002101934675,0.002671638504
3545,0.002286375195,0.002247226337
3546,0.002335482059,0.002418019503
3547,0.002264560841,0.002521441304
3548,0.002006087234,0.002389057321
3549,0.002027727489,0.002543740236
3550,0.002184822471,0.002549924538
3551,0.002392187424,0.002528448764
3552,0.002151083099,0.002570555604
3553,0.002542990143,0.002313823177
3554,0.002261605667,0.002560774301
3555,0.002584162139,0.002519166272
3556,0.002484812532,0.002338170758
3557,0.002199819326,0.002627026741
3558,0.002114001079,0.002334404402
3559,0.002187515682,0.002225294185
3560,0.002444514379,0.002220314826
3561,0.002121907935,0.00264872986
3562,0.002153958587,0.002378521938
3563,0.002185167803,0.002327520939
3564,0.001970817713,0.00257176286
3565,0.002032933204,0.002674477917
3566,0.002538733708,0.002905531263
3567,0.00208546895,0.002772768959
3568,0.002110987829,0.002843573253
3569,0.002439578035,0.002433658548
3570,0.002075796452,0.00280468195
3571,0.002296446444,0.002286474468
3572,0.002424694569,0.00220061517
3573,0.001720410626,0.002562145964
3574,0.002182771816,0.002786993136
3575,0.002119115816,0.002500507195
3576,0.002065386332,0.002464169404
3577,0.002171093307,0.002420899662
3578,0.002342986176,0.0022399093
3579,0.002280145578,0.002446951985
3580,0.002045232512,0.002369516515
3581,0.002086386477,0.002303600122
3582,0.002156331349,0.002596587918
3583,0.002318672094,0.002471391505
3584,0.002186970363,0.002619397172
3585,0.002023626628,0.002134642826
3586,0.002208656239,0.002298920357
3587,0.002039067884,0.002422287536
3588,0.002153753754,0.002513549582
3589,0.002278435248,0.002567738236
3590,0.002165345679,0.002346580906
3591,0.002131820991,0.002266714931
3592,0.002227941237,0.002584305577
3593,0.001925476172,0.002303645728
3594,0.002124956853,0.002401196864
3595,0.002068596747,0.002368800051
3596,0.001801315972,0.00231916536
3597,0.002152505025,0.002258673601
3598,0.002201153431,0.002270070923
3599,0.002361372055,0.002552185615
3600,0.002085012587,0.002234739761
3601,0.002070665141,0.002132245922
3602,0.002168624487,0.00233461865
3603,0.002276258587,0.002509870857
3604,0.001933337509,0.002655119533
3605,0.002084380118,0.002741846925
3606,0.002524449112,0.002528449724
3607,0.00228819286,0.001992237012
3608,0.002141382822,0.002112622416
3609,0.002084956737,0.002584283939
3610,0.002084854932,0.002316056183
3611,0.002510935607,0.002508024729
3612,0.002296543782,0.002364193788
3613,0.002224762589,0.002323286375
3614,0.002034604535,0.002381756261
3615,0.002312394165,0.002628608869
3616,0.002142404759,0.002036498627
3617,0.002003330868,0.002583580208
3618,0.002300511158,0.002361042672
3619,0.002037587226,0.002488583617
3620,0.002148662577,0.002096970667
3621,0.002150809887,0.002288294083
3622,0.0021365055,0.002245246782
3623,0.002483768796,0.002511875355
3624,0.002126157429,0.002168936466
3625,0.002021034481,0.002339840677
3626,0.002020990607,0.002173530374
3627,0.001906129866,0.002391854461
3628,0.0019469869,0.001957969929
3629,0.001950207123,0.00256660259
3630,0.002672429022,0.002383052764
3631,0.002235551699,0.00232186327
3632,0.002181150907,0.002192749424
3633,0.001932572908,0.002275987659
3634,0.002044050721,0.002400870871
3635,0.002075166412,0.002547986252
3636,0.002254296778,0.002214773049
3637,0.002542694521,0.002587711191
3638,0.002276438056,0.002194697154
3639,0.002271522724,0.002194022105
3640,0.002109885856,0.002381273851
3641,0.002271005971,0.002287954369
3642,0.001950268212,0.00206228059
3643,0.001974776038,0.003056748275
3644,0.002077186073,0.002553556813
3645,0.002411830763,0.002073290758
3646,0.001973086662,0.002466452002
3647,0.002011872231,0.002112572765
3648,0.001927766352,0.002500736431
3649,0.002191998065,0.0023709651
3650,0.002229466554,0.002422892459
3651,0.002242661329,0.002157685187
3652,0.002530007187,0.002391488248
3653,0.002268400742,0.002105552747
3654,0.002477543734,0.002424791906
3655,0.001831071597,0.002688693115
3656,0.001822294405,0.002473871529
3657,0.001854121423,0.002639507118
3658,0.002227945821,0.001919509028
3659,0.002007974821,0.002373231517
3660,0.002117740471,0.002338034232
3661,0.002012145502,0.00235734212
3662,0.002011358054,0.00263083438
3663,0.001826982509,0.002202888005
3664,0.002087810237,0.002427396204
3665,0.00239775599,0.00238701301
3666,0.001983893817,0.002336380247
3667,0.002178222814,0.002286085364
3668,0.002009769392,0.00251581156
3669,0.001882194862,0.00229680154
3670,0.001916662542,0.002094380048
3671,0.002045187604,0.002285338778
3672,0.002034882826,0.002408464556
3673,0.002312479803,0.002325289955
3674,0.001938283822,0.002854497201
3675,0.001971450489,0.002273930804
3676,0.002144634636,0.002258684806
3677,0.002387411922,0.002108535307
3678,0.002140931101,0.002325439593
3679,0.002040093532,0.002262913549
3680,0.002004155263,0.002122026257
3681,0.002007507195,0.002390171387
3682,0.002408387023,0.002451056323
3683,0.002087216097,0.002539327135
3684,0.001957910703,0.001995658866
3685,0.002034616016,0.002601056607
3686,0.001807107081,0.002059200546
3687,0.002127852218,0.002330060495
3688,0.001781477273,0.002360944782
3689,0.00198371413,0.002030465417
3690,0.002064066692,0.002272528582
3691,0.002011702149,0.00198198999
3692,0.001904754652,0.002031173106
3693,0.002156032773,0.002468294959
3694,0.002178942217,0.002217930465
3695,0.002352582116,0.002216403693
3696,0.002019916152,0.002499381633
3697,0.002185353631,0.002851330559
3698,0.002389480826,0.002634748453
3699,0.002076121105,0.00241322373
3700,0.00197663311,0.002221906369
3701,0.002155472423,0.002288591611
3702,0.002073201205,0.002114976043
3703,0.00214285843,0.001990769859
3704,0.001970849145,0.001947516765
3705,0.001975235267,0.002368103756
3706,0.002068742542,0.00221912202
3707,0.002118616816,0.001939153764
3708,0.002371415554,0.002186582933
3709,0.002197757873,0.002034472884
3710,0.002035453464,0.001987407479
3711,0.002094663956,0.00251899549
3712,0.0021085224,0.002581316177
3713,0.002160896853,0.002116999851
3714,0.001945716111,0.002353224816
3715,0.002046647001,0.001942929259
3716,0.002094263546,0.002195147186
3717,0.002243389637,0.002428803695
3718,0.002196118527,0.002171259795
3719,0.002029340656,0.002039169485
3720,0.001862877849,0.002331095719
3721,0.002210484963,0.002492791056
3722,0.00166236682,0.002312316836
3723,0.00191344005,0.002312527125
3724,0.001953720246,0.002291222554
3725,0.002155393435,0.002319165476
3726,0.001952894323,0.002380422433
3727,0.002088185152,0.002170608132
3728,0.001801433827,0.002145198087
3729,0.00205955487,0.002267651857
3730,0.001841058955,0.002297257626
3731,0.001969711477,0.0021794731
3732,0.002036138685,0.002314916826
3733,0.001971997946,0.002094762429
3734,0.002301025641,0.002201989846
3735,0.001975258245,0.002454595699
3736,0.001977070497,0.002291708515
3737,0.00192887873,0.002381775557
3738,0.002105227672,0.002152402012
3739,0.002186588565,0.001915428671
3740,0.001817210796,0.00206511782
3741,0.002035917321,0.002471305459
3742,0.002327577327,0.002028349016
3743,0.002081457467,0.002079405342
3744,0.00195507225,0.002385551634
3745,0.002025692855,0.00230125073
3746,0.002216679582,0.002178989773
3747,0.001964227806,0.002411637266
3748,0.002136707524,0.001967175049
3749,0.0020937933,0.00191366575
3750,0.001955386848,0.002171656583
3751,0.001933013773,0.001996139428
3752,0.001946905948,0.002261076777
3753,0.001908111182,0.002138180673
3754,0.001869994638,0.002104250641
3755,0.001985301307,0.002201847383
3756,0.001848657936,0.001842198209
3757,0.001895435053,0.002278366956
3758,0.001778107762,0.002267862248
3759,0.002067717374,0.002279755514
3760,0.001780582374,0.002253424376
3761,0.001997280473,0.002242923714
3762,0.00204831305,0.002508145044
3763,0.002192757966,0.002251965256
3764,0.001955308748,0.002515103755
3765,0.001947356403,0.001937389607
3766,0.00192857931,0.002207591911
3767,0.001758957282,0.002238570436
3768,0.002197001842,0.002151965338
3769,0.002031673124,0.002083168976
3770,0.001914957,0.002269645323
3771,0.002228794649,0.002232181752
3772,0.001931539693,0.002145572624
3773,0.002006089984,0.002362870757
3774,0.002061662424,0.001999300701
3775,0.002356526704,0.00211624855
3776,0.002027312905,0.002028043498
3777,0.00195768493,0.002228874044
3778,0.001985145689,0.002131085828
3779,0.001771467301,0.002351879113
3780,0.002068682457,0.002298674721
3781,0.001762044907,0.00215113179
3782,0.001922318814,0.002089824862
3783,0.001579528398,0.002321639637
3784,0.002088952606,0.002187942082
3785,0.001956753229,0.002152600966
3786,0.002250982492,0.002030023359
3787,0.002095945252,0.002123717117
3788,0.001745529415,0.002205836805
3789,0.001955210784,0.002290303062
3790,0.001990192439,0.002201791925
3791,0.002099180056,0.002324139728
3792,0.001718528438,0.002227383666
3793,0.002084047024,0.001956278735
3794,0.001820279082,0.001936289016
3795,0.002375466458,0.002533584222
3796,0.002096258017,0.00244963466
3797,0.001999822431,0.002003288129
3798,0.001939779366,0.002265656673
3799,0.00199325908,0.001981462861
3800,0.001849932611,0.002239276873
3801,0.001883797289,0.002131011832
3802,0.002042422042,0.002096600525
3803,0.001640423216,0.001907173035
3804,0.001853234586,0.002246519885
3805,0.00204866608,0.002528421799
3806,0.002138147407,0.002108175409
3807,0.001632929954,0.002034059013
3808,0.001800642727,0.002130363384
3809,0.001968015204,0.002741959019
3810,0.001825390063,0.002039304774
3811,0.002066363988,0.002280290617
3812,0.001915384739,0.002311285629
3813,0.001977947133,0.002100575191
3814,0.002021350621,0.002104831205
3815,0.001837991673,0.002140347875
3816,0.001834843497,0.002049756367
3817,0.001986136369,0.002193063745
3818,0.00175273788,0.002201258496
3819,0.001719974331,0.002100652535
3820,0.001693326136,0.001937287874
3821,0.002174274341,0.001981258509
3822,0.001769951545,0.002343517219
3823,0.002361963256,0.002301310422
3824,0.002302427718,0.00222609617
3825,0.002149675012,0.002006637325
3826,0.001935012871,0.001992389822
3827,0.001984793344,0.002452352914
3828,0.002033771758,0.002274702172
3829,0.001980060624,0.00225777358
3830,0.001754081764,0.00212312222
3831,0.002099942212,0.00206030831
3832,0.001943652809,0.001939574402
3833,0.002356764773,0.002190894622
3834,0.001771826704,0.002163789148
3835,0.001864680467,0.002411634341
3836,0.002102910323,0.002090624286
3837,0.001797749035,0.001985945899
3838,0.001883608682,0.001993938626
3839,0.001822454622,0.002376820048
3840,0.001740184205,0.002298893247
3841,0.002043907574,0.002214596621
3842,0.001858248637,0.002027391078
3843,0.001930070561,0.001978765024
3844,0.002119420416,0.002208544014
3845,0.001890519648,0.002197229274
3846,0.002078780686,0.002154580492
3847,0.0018140131,0.002212993728
3848,0.002092191906,0.002248981225
3849,0.002133224858,0.002092179362
3850,0.001959968344,0.002108474393
3851,0.002312791141,0.0019951703
3852,0.001979966648,0.002065640743
3853,0.001981876732,0.002015558071
3854,0.001963625982,0.00189319448
3855,0.001807089051,0.001819836238
3856,0.001850020533,0.002127298954
3857,0.001624938217,0.001855666123
3858,0.002042601685,0.002752272485
3859,0.002399331497,0.00200443482
3860,0.002054726298,0.001936060638
3861,0.001932320622,0.002257936227
3862,0.001816163101,0.001919790695
3863,0.002192631175,0.002187631049
3864,0.00168846779,0.002120928766
3865,0.001737480954,0.001993511018
3866,0.00177800731,0.001688192147
3867,0.001577892879,0.001749446557
3868,0.00186675119,0.002031424126
3869,0.001939265858,0.002317567312
3870,0.002051368181,0.002288754709
3871,0.001951691622,0.002088831301
3872,0.00180511408,0.002091494564
3873,0.001734935795,0.00201454034
3874,0.002014894097,0.00185953881
3875,0.00212285477,0.002442837795
3876,0.002148024883,0.001846923653
3877,0.001678071189,0.002192055093
3878,0.00192457845,0.002094947209
3879,0.001734365927,0.00212431066
3880,0.001677623179,0.002212039792
3881,0.001813021809,0.002104506682
3882,0.001889615756,0.001871972054
3883,0.001794607451,0.001898390299
3884,0.001881526419,0.002099059871
3885,0.001766475951,0.001854762202
3886,0.001731135882,0.002114484174
3887,0.001847599007,0.002052920841
3888,0.002006378651,0.002053014774
3889,0.001977140215,0.002114100571
3890,0.001878155133,0.001963823277
3891,0.001866054663,0.001826361462
3892,0.00227677566,0.001902719741
3893,0.002146145125,0.002012316661
3894,0.001998953026,0.002354769298
3895,0.001808528017,0.001738649851
3896,0.001957857341,0.002131528439
3897,0.001605149038,0.001863794052
3898,0.001533754592,0.002001740853
3899,0.001981701425,0.002060914732
3900,0.002022809844,0.001910999999
3901,0.001699741522,0.002028980336
3902,0.001756878497,0.001903998898
3903,0.001847662264,0.00220589494
3904,0.001625329052,0.002015498176
3905,0.001885965699,0.00218196724
3906,0.001913128042,0.002143935009
3907,0.001554237329,0.001971077669
3908,0.001916826062,0.002097255026
3909,0.001904110366,0.001963758259
3910,0.002093333795,0.001879634554
3911,0.001815306969,0.002007665287
3912,0.001870507622,0.001977785854
3913,0.001678783228,0.002043510802
3914,0.001722840694,0.001900828269
3915,0.001821840924,0.002082977633
3916,0.00183965567,0.002121951489
3917,0.002097791905,0.002355884368
3918,0.001823248866,0.002040495849
3919,0.001727449533,0.002241740469
3920,0.001897588139,0.002051511692
3921,0.001951875645,0.002338713457
3922,0.001754737183,0.002166555118
3923,0.001716286672,0.001742606633
3924,0.001886143058,0.00186775325
3925,0.001919493574,0.002092189767
3926,0.001845831357,0.002116680189
3927,0.001859096301,0.001948475227
3928,0.001822213497,0.002011942837
3929,0.001790324284,0.001918156064
3930,0.001900648145,0.002010046039
3931,0.001780632461,0.001789444737
3932,0.002079134196,0.002336426347
3933,0.001563741025,0.0021165012
3934,0.001994522841,0.001712603051
3935,0.001780291408,0.002010021315
3936,0.001934843691,0.001757946506
3937,0.001825925603,0.001991281461
3938,0.001745722227,0.002377309225
3939,0.001606859267,0.002206082965
3940,0.001604238219,0.001837698379
3941,0.001908375954,0.001825348183
3942,0.001804090949,0.002254375286
3943,0.001720044907,0.001900366187
3944,0.001641059498,0.001996501116
3945,0.002020413391,0.002054993151
3946,0.001977292937,0.001881179924
3947,0.001669132675,0.002108792862
3948,0.001820879217,0.002027266848
3949,0.00203256034,0.001831130154
3950,0.001844183054,0.001657974091
3951,0.001658317065,0.001870337961
3952,0.001694081948,0.002095591859
3953,0.001978672124,0.002173765897
3954,0.001636646615,0.001860702832
3955,0.001939968992,0.002077689162
3956,0.001983418872,0.002007981209
3957,0.001798029378,0.002226189972
3958,0.001768216956,0.001729828757
3959,0.001695490952,0.001950899183
3960,0.001672046885,0.002037153914
3961,0.001559185112,0.002047993723
3962,0.001672389859,0.002114055242
3963,0.001831286645,0.001919584305
3964,0.001732021337,0.002050389652
3965,0.001751440519,0.002019054198
3966,0.002064141372,0.001925248362
3967,0.001731137978,0.001904107427
3968,0.001722168425,0.002087517845
3969,0.001657176676,0.001886580343
3970,0.002169301923,0.001902293661
3971,0.0017047047,0.00210998187
3972,0.001828719644,0.001904025485
3973,0.001724528061,0.001861253797
3974,0.001867491592,0.001791949748
3975,0.001633962151,0.001873289468
3976,0.001775276629,0.001810413101
3977,0.00176413008,0.002241020688
3978,0.001845010047,0.001992764024
3979,0.001853361406,0.001784730877
3980,0.001943991199,0.001936278757
3981,0.00162735804,0.001901253054
3982,0.001765636756,0.002323426947
3983,0.001645085053,0.00209054898
3984,0.001627806123,0.002210929946
3985,0.001476301179,0.001890758605
3986,0.00168977819,0.0018625417
3987,0.001958007866,0.002157045616
3988,0.002031598648,0.001898204195
3989,0.00185425434,0.001588372776
3990,0.001476203615,0.002145015693
3991,0.001705437928,0.001998391628
3992,0.001830090318,0.001909566025
3993,0.001738958948,0.002030508986
3994,0.001964766634,0.001925239703
3995,0.001891953871,0.001932482715
3996,0.001473609984,0.00200675767
3997,0.001488305046,0.001988857111
3998,0.001918123744,0.002180436859
3999,0.001975080217,0.002071132723
4000,0.002071848096,0.001821022204
4001,0.001732054225,0.002178195078
4002,0.00184949064,0.001605323298
4003,0.001743990681,0.002084684413
4004,0.001820759819,0.001859067415
4005,0.00168984168,0.001780555758
4006,0.001626382844,0.00252826247
4007,0.001895537556,0.0019616879
4008,0.001548414933,0.001936125453
4009,0.001754495941,0.001864708407
4010,0.001598691815,0.00241647214
4011,0.001888915183,0.002262315669
4012,0.001707052259,0.00210299062
4013,0.001937362787,0.001809900292
4014,0.001729038617,0.002222046605
4015,0.001842554615,0.001873667439
4016,0.001757252408,0.001888680665
4017,0.001602198332,0.002183015196
4018,0.001707328716,0.001721126842
4019,0.001780446721,0.001959466754
4020,0.001860653734,0.001834457027
4021,0.001603050347,0.002175519301
4022,0.001959142654,0.001752635231
4023,0.001676700958,0.001664437339
4024,0.001579053554,0.001703533839
4025,0.001795064862,0.001863906931
4026,0.001795198994,0.001669509918
4027,0.001722162109,0.001885368998
4028,0.001680193644,0.001809276437
4029,0.001918220238,0.002070434333
4030,0.001633628315,0.001932110652
4031,0.001852613292,0.002022379878
4032,0.001673934094,0.001808219487
4033,0.001442360488,0.002034353573
4034,0.001952674342,0.002066130517
4035,0.001873591333,0.002059039456
4036,0.001826313208,0.002135011615
4037,0.001929482372,0.001850773551
4038,0.001751422635,0.002354447934
4039,0.001716447878,0.001904414967
4040,0.00170504766,0.002129458386
4041,0.001688790304,0.001683487397
4042,0.001754781915,0.00216462744
4043,0.001569656393,0.002013524776
4044,0.001477265527,0.001934067346
4045,0.001763261535,0.001881972028
4046,0.001615036017,0.001846340179
4047,0.001961954593,0.001768281407
4048,0.001852883739,0.001741800734
4049,0.001879378309,0.001883933553
4050,0.001555383118,0.001795327218
4051,0.00174483782,0.001987939409
4052,0.001902061791,0.002088230089
4053,0.001690387959,0.002285127426
4054,0.001752412776,0.001976073327
4055,0.001476054356,0.002010003693
4056,0.001708835669,0.002064315791
4057,0.001651287501,0.00200877618
4058,0.001715827166,0.001640997187
4059,0.001572673093,0.002010505588
4060,0.00190432083,0.001665428237
4061,0.001710485682,0.002194545203
4062,0.00195556051,0.002119592726
4063,0.001707957963,0.001778261765
4064,0.001725280672,0.001954323641
4065,0.001828545152,0.001834940194
4066,0.001630394938,0.001833573551
4067,0.001830811932,0.001759422274
4068,0.001591253997,0.001922296724
4069,0.001718719519,0.001908211663
4070,0.001687267766,0.001763533932
4071,0.001686087111,0.001787282774
4072,0.001995414525,0.001919206305
4073,0.002008705997,0.001985333321
4074,0.001626330035,0.001965972682
4075,0.00166149078,0.001866962848
4076,0.001542724989,0.001928945043
4077,0.001915399203,0.001743634013
4078,0.001777644866,0.001997030195
4079,0.001715193968,0.002017006133
4080,0.001433938131,0.001913368309
4081,0.001462649001,0.00204785516
4082,0.001668862591,0.001608759907
4083,0.001540392404,0.001772859279
4084,0.002057114281,0.002076184159
4085,0.001808842164,0.001840028999
4086,0.001729309952,0.001891631749
4087,0.001669727892,0.001977378764
4088,0.002019220876,0.001796853467
4089,0.002270622659,0.002182771292
4090,0.001949454832,0.00157055103
4091,0.001630551822,0.00172132584
4092,0.001585160731,0.001857751471
4093,0.001564575141,0.001996169827
4094,0.001867689949,0.00188744253
4095,0.002017186067,0.001893332228
4096,0.001732796882,0.001789171787
4097,0.001573149864,0.001715550534
4098,0.001618036033,0.002105015868
4099,0.001673579987,0.002088853609
4100,0.00178396616,0.001830416339
4101,0.00159717162,0.001906615769
4102,0.001865455444,0.001582468249
4103,0.001626971018,0.001998165986
4104,0.001629381703,0.001950828228
4105,0.001572150752,0.002071358394
4106,0.001723025111,0.00164690183
4107,0.001605634126,0.002027407521
4108,0.001732224948,0.001908010934
4109,0.001712432379,0.001719456166
4110,0.001414030492,0.002075833399
4111,0.001642624251,0.001601681361
4112,0.001696016043,0.002008302967
4113,0.001656004708,0.001712709782
4114,0.001449089395,0.001656467721
4115,0.001752875323,0.001680559479
4116,0.001705302755,0.002032081728
4117,0.001752676937,0.001734536578
4118,0.001541991165,0.001936952031
4119,0.001800377155,0.002071437935
4120,0.001542088561,0.00185883326
4121,0.00187996107,0.002184825193
4122,0.001597502196,0.001520165984
4123,0.001555425275,0.001864094156
4124,0.001596535527,0.001569501357
4125,0.001721056702,0.001813924144
4126,0.001696976135,0.001639437702
4127,0.00172847959,0.00175157054
4128,0.001430125514,0.001954315128
4129,0.001677527427,0.002059088612
4130,0.001757424528,0.001760291518
4131,0.001532411392,0.001785241984
4132,0.001618684852,0.001589444248
4133,0.001680237692,0.001844095357
4134,0.001844464918,0.001931569452
4135,0.001692920181,0.001692430553
4136,0.00152310259,0.001873621528
4137,0.001880618714,0.002537524793
4138,0.001840178258,0.001976794956
4139,0.001874892405,0.002026773305
4140,0.001736144754,0.001862025951
4141,0.001477282931,0.001852390575
4142,0.001594193207,0.001839779186
4143,0.001634096574,0.001786146968
4144,0.001716914434,0.001843609687
4145,0.001782395848,0.001882980156
4146,0.00171516047,0.001698644279
4147,0.001586138955,0.001676326909
4148,0.0017897738,0.00195129856
4149,0.001748140174,0.001743495945
4150,0.001544840139,0.001686555639
4151,0.001806371598,0.001916851499
4152,0.001501384715,0.001980001733
4153,0.002089841815,0.001876159135
4154,0.002104609084,0.001566768653
4155,0.00189875529,0.001684923642
4156,0.001749123971,0.001784935084
4157,0.001525577725,0.001765910958
4158,0.001466532165,0.001804438522
4159,0.001358175919,0.001749627016
4160,0.001735137601,0.001670428086
4161,0.001587982399,0.001882747383
4162,0.00158601407,0.001898011367
4163,0.00161420615,0.001745882633
4164,0.001631905994,0.0018753279
4165,0.001463796158,0.001895575013
4166,0.001451604083,0.001551498077
4167,0.001542205173,0.001953961153
4168,0.001465708643,0.001866902749
4169,0.001701029338,0.002060234052
4170,0.001622453929,0.001817022378
4171,0.001482027932,0.002194060246
4172,0.001629017424,0.00167233251
4173,0.001625754347,0.001798628655
4174,0.001560862962,0.00172738437
4175,0.001832622002,0.001625934907
4176,0.001647161858,0.001675545835
4177,0.001575349364,0.001729326803
4178,0.00150005937,0.001878969473
4179,0.001617179587,0.001602795601
4180,0.001471531665,0.001891782405
4181,0.001701380999,0.002077909361
4182,0.001601755634,0.002076920558
4183,0.001923614182,0.001744090623
4184,0.001824067542,0.00182300483
4185,0.001444460388,0.002005845847
4186,0.001535721851,0.001951565428
4187,0.001682504764,0.001757642487
4188,0.001549340013,0.002048195383
4189,0.001760485291,0.001827484652
4190,0.001506574015,0.001905389698
4191,0.001399459914,0.001939915222
4192,0.001651817729,0.001770160525
4193,0.001622522614,0.001843879887
4194,0.001407040312,0.002119277604
4195,0.00167108771,0.001723117224
4196,0.001521070575,0.001616764639
4197,0.001344971039,0.001838555007
4198,0.001749885399,0.00185509662
4199,0.001445659538,0.001698491789
4200,0.001555751733,0.001834884024
4201,0.001631267718,0.001725391208
4202,0.001524599909,0.001834084615
4203,0.001751726086,0.001815787808
4204,0.001542244674,0.001745043366
4205,0.001481111438,0.001896804482
4206,0.001628694459,0.001656022891
4207,0.001585926533,0.001878660856
4208,0.00157236759,0.001796617071
4209,0.001502416955,0.001909562678
4210,0.001575042159,0.001885228718
4211,0.001518115459,0.001769263472
4212,0.001417640902,0.001816634642
4213,0.001492915937,0.001585767066
4214,0.001763553824,0.001661767776
4215,0.001927570542,0.001476204823
4216,0.001466995775,0.001649039754
4217,0.001626235739,0.00176382043
4218,0.001599443029,0.00203553871
4219,0.001473574943,0.001813043695
4220,0.001477284226,0.001745275396
4221,0.001472657816,0.001619953517
4222,0.001864713631,0.001768591741
4223,0.001459442632,0.001795371951
4224,0.001801102902,0.001813157389
4225,0.001562306439,0.001615594709
4226,0.001623990247,0.001634051936
4227,0.00160137628,0.002031650787
4228,0.001761186635,0.001782203472
4229,0.001647282159,0.001756400641
4230,0.001594480462,0.001611654283
4231,0.001584428159,0.001784779568
4232,0.001494613462,0.001830819834
4233,0.001681308902,0.002027139606
4234,0.001765631547,0.002437502393
4235,0.001868735737,0.001956852444
4236,0.001638038739,0.001616470312
4237,0.001823292347,0.001990703866
4238,0.001454695885,0.00148303168
4239,0.001529175977,0.001875950038
4240,0.001512927192,0.001738790321
4241,0.001613774235,0.001942404386
4242,0.00161965299,0.00169778672
4243,0.001652519873,0.001759577528
4244,0.001605323894,0.001808117013
4245,0.001500577026,0.00180964575
4246,0.001454744706,0.001815081705
4247,0.001581880628,0.00191309306
4248,0.001661182861,0.001734264079
4249,0.001721783614,0.001665185089
4250,0.001493465898,0.001807626933
4251,0.001517765602,0.001650414502
4252,0.001672160841,0.001527270593
4253,0.001676246553,0.00162638347
4254,0.001471826414,0.001808142755
4255,0.001695086976,0.001648009638
4256,0.001610739186,0.001685734824
4257,0.001883217177,0.001710700613
4258,0.001582591707,0.002024476795
4259,0.001696816296,0.001501692517
4260,0.001735681624,0.001769672861
4261,0.001515608514,0.001644981297
4262,0.001596514368,0.002132438021
4263,0.001506292261,0.002058357641
4264,0.001623500182,0.001970453814
4265,0.001566049614,0.002037681392
4266,0.001670419995,0.001609228959
4267,0.001850200875,0.001826707434
4268,0.001610420542,0.001693823113
4269,0.001392438899,0.00183362409
4270,0.001736536447,0.00197481575
4271,0.001701738802,0.001837579199
4272,0.001414032246,0.001640189992
4273,0.001542384103,0.001658917201
4274,0.001867996201,0.001673219027
4275,0.001489028306,0.001732194854
4276,0.001561124453,0.001423580543
4277,0.001344186356,0.001669884441
4278,0.001522125487,0.00163527143
4279,0.00141467205,0.001617481728
4280,0.001759424282,0.001647277037
4281,0.001739511179,0.001804039988
4282,0.001452760596,0.001721678011
4283,0.001494317272,0.001638130634
4284,0.001478737511,0.001588138985
4285,0.001505583263,0.001706773503
4286,0.001502997497,0.001824480671
4287,0.001632224885,0.001756307014
4288,0.001519958038,0.001753906618
4289,0.001525157757,0.001736255261
4290,0.001556341958,0.001716679806
4291,0.00153793575,0.00194237633
4292,0.001782652849,0.001523344676
4293,0.001650818522,0.001847813328
4294,0.001720245113,0.001576671159
4295,0.00170555705,0.001821062877
4296,0.001687374141,0.001867623811
4297,0.001780985025,0.001469869138
4298,0.001623138814,0.001720498243
4299,0.001495496152,0.001817508528
4300,0.001343546566,0.001783990985
4301,0.001718431406,0.00165287024
4302,0.001410675352,0.001757172882
4303,0.001605466619,0.00157950024
4304,0.001639549897,0.001853454014
4305,0.001613755274,0.001786634908
4306,0.001633755892,0.00153183192
4307,0.001693361963,0.001616499401
4308,0.001539868317,0.001859871758
4309,0.001806509972,0.001582446552
4310,0.001521119237,0.001631534484
4311,0.001416157771,0.001727086099
4312,0.001754279685,0.001697061642
4313,0.001756932121,0.001894032146
4314,0.001675622203,0.001664210547
4315,0.00174140271,0.001653600193
4316,0.00151671005,0.001685675801
4317,0.001339356852,0.001665230608
4318,0.001469935072,0.00166591673
4319,0.001635027773,0.001829922971
4320,0.00145628395,0.001695533472
4321,0.001443051646,0.001701277048
4322,0.001694854131,0.001862558231
4323,0.001640421993,0.001865818253
4324,0.001658893423,0.001605375364
4325,0.001777664314,0.001837963326
4326,0.001774237855,0.001829393703
4327,0.001572158988,0.001995375467
4328,0.00170671285,0.001585456353
4329,0.001247887943,0.001647316356
4330,0.001474117045,0.001818840217
4331,0.001746553491,0.00180063404
4332,0.001386673903,0.001818130389
4333,0.001673229301,0.001781705461
4334,0.001442383829,0.001933531094
4335,0.001453624223,0.001763616849
4336,0.00137760803,0.001623054239
4337,0.001532699374,0.001743566914
4338,0.001575784045,0.001619361341
4339,0.001652004445,0.00189753974
4340,0.001513324787,0.001624177734
4341,0.001355505396,0.001569648157
4342,0.001501038438,0.001998831256
4343,0.00154763399,0.00184581225
4344,0.001569039086,0.001534100433
4345,0.001578660289,0.00183561114
4346,0.001783012514,0.001861927041
4347,0.001492872252,0.001735549435
4348,0.001274517519,0.001635181492
4349,0.00134222013,0.001792697294
4350,0.001566509716,0.001681087932
4351,0.001449397758,0.001886378363
4352,0.001590542932,0.001628281403
4353,0.001539123652,0.00160053256
4354,0.001389909274,0.001611363055
4355,0.00147316607,0.001621681891
4356,0.001561041441,0.001774538076
4357,0.001521838683,0.001607536979
4358,0.001620598225,0.001662795214
4359,0.001458712562,0.001725390932
4360,0.00162312598,0.001689201003
4361,0.001540015102,0.001989896133
4362,0.001731948752,0.001912209744
4363,0.001449350093,0.001834181705
4364,0.00139338171,0.001735914775
4365,0.001463569351,0.001453861478
4366,0.001661385671,0.001665547534
4367,0.001501405917,0.001831252303
4368,0.001479570667,0.00199976236
4369,0.001531276008,0.001790692972
4370,0.00158873554,0.002251525497
4371,0.001595384834,0.001528249762
4372,0.001735040263,0.001712527926
4373,0.001442057604,0.001335274064
4374,0.001346131568,0.001647466153
4375,0.001563298036,0.001715995575
4376,0.00166002808,0.002073063748
4377,0.001560384364,0.001450186421
4378,0.001412148347,0.001736713151
4379,0.00141514017,0.001726218092
4380,0.001208353729,0.001931627514
4381,0.001310577158,0.001590987653
4382,0.0014152964,0.001727013718
4383,0.001458338418,0.001710849392
4384,0.001555357638,0.001590840548
4385,0.00125137662,0.001698203065
4386,0.001537334683,0.001624187338
4387,0.00155600658,0.002035374382
4388,0.001597986848,0.001934404892
4389,0.001234102201,0.00178441756
4390,0.001476752368,0.001622797863
4391,0.00164471734,0.001536618234
4392,0.001609660903,0.001799155012
4393,0.001449521689,0.001575818867
4394,0.00152952809,0.002107641878
4395,0.001740720007,0.001671404563
4396,0.001492171039,0.001585987367
4397,0.00164649605,0.001661859642
4398,0.001289897249,0.001524405307
4399,0.001415260442,0.001758975195
4400,0.001497699777,0.001667720499
4401,0.001554806957,0.00162275102
4402,0.001496228957,0.001663990217
4403,0.001437023071,0.001501590523
4404,0.001633218213,0.001754060067
4405,0.001642440038,0.001745343776
4406,0.001564648745,0.001617456597
4407,0.001606595615,0.00162725056
4408,0.001546466752,0.001859421725
4409,0.001576314331,0.001541855891
4410,0.00156825858,0.001583784164
4411,0.001423600123,0.001654567648
4412,0.001546034575,0.001564146951
4413,0.001671775201,0.001782833191
4414,0.001330129613,0.001631655818
4415,0.001429479569,0.001934923668
4416,0.001813582378,0.001911296757
4417,0.001572585388,0.00157012562
4418,0.001704537164,0.002028167626
4419,0.001357023575,0.00162839485
4420,0.001708543059,0.00168340352
4421,0.00167655338,0.001488342154
4422,0.001597137481,0.001806513057
4423,0.001973637132,0.001764003056
4424,0.001584989877,0.001924301512
4425,0.001682163755,0.001519802652
4426,0.001486843612,0.001746075897
4427,0.001370888,0.001620240524
4428,0.001614421082,0.001617168877
4429,0.001578782103,0.001836404394
4430,0.001274542316,0.001621526681
4431,0.00141138208,0.001846438885
4432,0.001522084567,0.001758500643
4433,0.001418786371,0.001739392494
4434,0.001743509616,0.001763325767
4435,0.00168975917,0.001443340181
4436,0.001447804992,0.001488907263
4437,0.001482953317,0.001800721933
4438,0.001529880581,0.002033515018
4439,0.00151863147,0.001689946643
4440,0.00162168924,0.001554597271
4441,0.001279672979,0.001529150468
4442,0.001410448662,0.00181469151
4443,0.00137873122,0.001488811977
4444,0.001573388843,0.001552889284
4445,0.001489397924,0.001486150126
4446,0.001687257813,0.001509159818
4447,0.001432661433,0.001559619093
4448,0.001596226968,0.001713388599
4449,0.001612759035,0.00187582559
4450,0.001354911561,0.00143421533
4451,0.001285040227,0.001545398154
4452,0.001557489042,0.001726778952
4453,0.001280304954,0.001401151967
4454,0.001429488235,0.001601251497
4455,0.001495535893,0.001705006216
4456,0.001599918294,0.002015912352
4457,0.001407575568,0.001551622481
4458,0.001276759038,0.001579282442
4459,0.001361002374,0.001639935159
4460,0.001452809418,0.001781262159
4461,0.001455543665,0.001607218685
4462,0.001444357251,0.001546613043
4463,0.001460911779,0.001578827607
4464,0.001514687698,0.001334983746
4465,0.001284211561,0.00180622378
4466,0.0011995604,0.00167155583
4467,0.001244509665,0.001413654434
4468,0.001699242624,0.001642266259
4469,0.001675424006,0.001632792235
4470,0.001563032347,0.001566160237
4471,0.001606080637,0.001577257586
4472,0.001493614029,0.001856808856
4473,0.001455905935,0.001531825546
4474,0.001452536359,0.001664635041
4475,0.001492150346,0.001726158342
4476,0.001458877967,0.001702449925
4477,0.001548506742,0.001511766473
4478,0.001376740875,0.001542724
4479,0.001679338515,0.001839647884
4480,0.001429096927,0.001610413972
4481,0.001422654081,0.001769089286
4482,0.001557046206,0.001736454054
4483,0.00128598501,0.00176874829
4484,0.001765297828,0.001577922318
4485,0.001481795174,0.001635856708
4486,0.001446631344,0.001552060574
4487,0.001692486607,0.001381985465
4488,0.001672987462,0.001571857138
4489,0.001310627398,0.001588054452
4490,0.001375338521,0.001467995957
4491,0.001325998484,0.001771513824
4492,0.001586529703,0.001623425371
4493,0.001464603884,0.001591629189
4494,0.001600736752,0.001527139262
4495,0.001351181316,0.001458123224
4496,0.001435724211,0.001374477302
4497,0.001432742996,0.001579335178
4498,0.001369316305,0.001597176117
4499,0.00170484095,0.001667114841
4500,0.001837405624,0.001642846793
4501,0.001484622087,0.001588894011
4502,0.001368890153,0.001472737509
4503,0.001406864169,0.001711381672
4504,0.001509895897,0.001642896008
4505,0.001770973569,0.001816676297
4506,0.001514653763,0.001751712582
4507,0.001743471861,0.001631683292
4508,0.001422560308,0.00158595806
4509,0.001264229642,0.001761011954
4510,0.001384455361,0.001615508896
4511,0.001379234687,0.001778460311
4512,0.001470987452,0.001892174012
4513,0.001481504078,0.001574054593
4514,0.001513624084,0.001491607531
4515,0.001348395999,0.001723196227
4516,0.001357218236,0.001668407698
4517,0.00149482784,0.001513536743
4518,0.001516996192,0.001405831121
4519,0.001519091442,0.001383163108
4520,0.001328007376,0.001427981057
4521,0.001387465862,0.001743523171
4522,0.001278359807,0.00163844628
4523,0.001305370621,0.001836148367
4524,0.001657817935,0.00193063046
4525,0.001465138383,0.001415405175
4526,0.001534565046,0.001732559656
4527,0.001359581627,0.001757302263
4528,0.001249037938,0.001423727568
4529,0.001566049745,0.001463803143
4530,0.001447354887,0.001642764822
4531,0.001280872078,0.001391831276
4532,0.001349570419,0.001486499357
4533,0.00151995277,0.001677694629
4534,0.001532327078,0.001642978023
4535,0.001462098866,0.001534017443
4536,0.001457107355,0.001806344939
4537,0.001593399109,0.0014711033
4538,0.001361564617,0.001770912204
4539,0.001696968538,0.001520693011
4540,0.001315909612,0.00155137929
4541,0.00127413038,0.001594573099
4542,0.001541954203,0.00163501066
4543,0.001598681105,0.001609396524
4544,0.001608822029,0.001644951597
4545,0.001750841053,0.001514524527
4546,0.001656325156,0.001541325692
4547,0.001438694948,0.001634087996
4548,0.00165944187,0.001486803274
4549,0.001501632352,0.00150338895
4550,0.001458014638,0.001378841502
4551,0.00131464412,0.001421071429
4552,0.001257108845,0.00172659618
4553,0.001544182815,0.001620174357
4554,0.001147497918,0.001597291659
4555,0.001335144974,0.001410316079
4556,0.001372751496,0.001565571598
4557,0.001348763086,0.0014115675
4558,0.001364337309,0.001622863623
4559,0.001494601398,0.001655631233
4560,0.001718149433,0.001638505142
4561,0.001403184804,0.001482203312
4562,0.001531652451,0.001730655698
4563,0.001489676812,0.001501789578
4564,0.001569166707,0.001660191992
4565,0.001291260654,0.001578552619
4566,0.001445840491,0.001508274712
4567,0.001368124533,0.001419631968
4568,0.001431167038,0.001439890802
4569,0.001412896047,0.001380722781
4570,0.001484871478,0.001768233764
4571,0.001386054588,0.001282621386
4572,0.001271733534,0.001508830654
4573,0.001442402681,0.001534955663
4574,0.00138200396,0.001597177397
4575,0.001344419456,0.001512861578
4576,0.001489517832,0.001511144888
4577,0.001344052369,0.001468017741
4578,0.001642248768,0.001650676335
4579,0.001417371488,0.001553119509
4580,0.001430483113,0.001557276206
4581,0.001476335805,0.001507432971
4582,0.001450476047,0.001601158598
4583,0.001387893601,0.001454364785
4584,0.001284861137,0.001257285934
4585,0.001476238525,0.001636175002
4586,0.001559382727,0.001607940168
4587,0.001501791339,0.001629221471
4588,0.001311296503,0.00136356226
4589,0.001368175093,0.001671945574
4590,0.00159075814,0.001809954352
4591,0.001421472618,0.00165589244
4592,0.001769251423,0.001732048608
4593,0.001646503137,0.001823041166
4594,0.001461908927,0.00146995332
4595,0.001538554949,0.001501803461
4596,0.001370093989,0.001575263159
4597,0.001422638867,0.001386366828
4598,0.001444484558,0.001436238323
4599,0.001487557602,0.001497180187
4600,0.00137205077,0.001441029148
4601,0.001555517578,0.001586102342
4602,0.001654727661,0.001509937967
4603,0.00160775565,0.001624892771
4604,0.00148885572,0.001365795237
4605,0.001473326854,0.001307816157
4606,0.001397489497,0.001223942498
4607,0.001240665195,0.001443492656
4608,0.001371473059,0.001484049921
4609,0.001396580097,0.001574558235
4610,0.00109307019,0.001434825317
4611,0.001345256649,0.001565491009
4612,0.001393175924,0.001389593788
4613,0.001252994123,0.001599746625
4614,0.001470061346,0.001631711304
4615,0.001550753033,0.001522368664
4616,0.001391794533,0.001375175307
4617,0.001403746719,0.001369549631
4618,0.001672254875,0.001539177028
4619,0.001345910394,0.001536255688
4620,0.001431766577,0.001675957232
4621,0.00141547231,0.001350313672
4622,0.001365469623,0.001391317084
4623,0.00137766164,0.001673473569
4624,0.001255311465,0.001505013395
4625,0.001676585554,0.001873882124
4626,0.001211182745,0.001444170426
4627,0.001642137562,0.001560335251
4628,0.001361014351,0.001488248265
4629,0.001079355767,0.001725031339
4630,0.001185312467,0.001518688077
4631,0.001403969945,0.001674579078
4632,0.001478967766,0.001573058966
4633,0.001387252618,0.001602467353
4634,0.001654613014,0.001547680309
4635,0.001679415087,0.001577848554
4636,0.001627259102,0.00145239511
4637,0.001399206099,0.001759762847
4638,0.001398696026,0.001460019106
4639,0.001468401992,0.00173639525
4640,0.001309146355,0.00159990172
4641,0.001389195968,0.001615789341
4642,0.001198126018,0.001466967296
4643,0.001587032544,0.001488509079
4644,0.001294684596,0.001612843364
4645,0.00108956956,0.001660689246
4646,0.00131717998,0.00155773935
4647,0.001362985829,0.001499788807
4648,0.001393502374,0.001374976797
4649,0.001361429946,0.001449399759
4650,0.001240401063,0.001393429877
4651,0.001421248511,0.001525342654
4652,0.001508861285,0.001533718867
4653,0.0015922647,0.00133167817
4654,0.001362122392,0.001237197597
4655,0.001197907011,0.001471962474
4656,0.001465366251,0.001755965786
4657,0.001278530515,0.001559090277
4658,0.001446625218,0.001436412218
4659,0.001477836682,0.001363249554
4660,0.001483084096,0.00166350064
4661,0.001361688912,0.001293428788
4662,0.001297050992,0.001414069891
4663,0.001256565789,0.001624827171
4664,0.001366903292,0.001595514637
4665,0.001409037432,0.001626991972
4666,0.001404204304,0.001652692314
4667,0.001318437884,0.001416879968
4668,0.001314701956,0.001529457004
4669,0.001661672635,0.001598972958
4670,0.001424653761,0.001485762186
4671,0.001561889832,0.001422677509
4672,0.00132503418,0.001552834481
4673,0.001285579601,0.001437337865
4674,0.001687511642,0.001437716972
4675,0.001569881468,0.001389431374
4676,0.001365298449,0.00154602855
4677,0.001340864954,0.001843451741
4678,0.001340100243,0.001529950212
4679,0.001361203758,0.001657145345
4680,0.001292795292,0.001677640597
4681,0.001336826943,0.001644924196
4682,0.001651799583,0.001586866128
4683,0.001509012873,0.001428074771
4684,0.001264899314,0.001538989673
4685,0.001396498439,0.00154292403
4686,0.001464512621,0.001668061741
4687,0.001399458502,0.001656978537
4688,0.001353903353,0.001554100367
4689,0.001323376717,0.001653144951
4690,0.001368848993,0.001666620272
4691,0.001344370372,0.001479474115
4692,0.001203501597,0.001537037999
4693,0.001213128242,0.001687866519
4694,0.001548002911,0.001468867937
4695,0.001428274627,0.001524587948
4696,0.001221055223,0.001397254644
4697,0.001439339103,0.001529336005
4698,0.001442770452,0.001515353011
4699,0.001385476091,0.001274420501
4700,0.001457181861,0.001352531253
4701,0.001488235794,0.001401372589
4702,0.001542404134,0.001616986294
4703,0.001360079936,0.001814589661
4704,0.001334687986,0.001465273584
4705,0.001475341582,0.001706449548
4706,0.001509299793,0.001279526223
4707,0.001159555643,0.001841865174
4708,0.001481345025,0.001487800429
4709,0.001477700207,0.001420516375
4710,0.001420669301,0.001327644983
4711,0.001194781158,0.001464948109
4712,0.001155661026,0.001263137288
4713,0.001298593284,0.001288228741
4714,0.001389401586,0.001599574098
4715,0.001477899088,0.001557617288
4716,0.001331784049,0.001254328577
4717,0.001422213514,0.00177039986
4718,0.001568816806,0.001368233825
4719,0.001568545777,0.001549335735
4720,0.001413879967,0.001521751532
4721,0.001387386248,0.001530615555
4722,0.001234988289,0.001459392413
4723,0.001561184748,0.001590779175
4724,0.001242104066,0.001569287037
4725,0.001629505801,0.001534295909
4726,0.001486555688,0.001632162835
4727,0.001467084759,0.001483017171
4728,0.001385202573,0.001755994876
4729,0.001348627527,0.001542408892
4730,0.001341695774,0.001402170412
4731,0.001441761793,0.001434195568
4732,0.001339335082,0.001520133039
4733,0.001466624453,0.001742505803
4734,0.001316328926,0.001399601344
4735,0.00155963625,0.001481487212
4736,0.00124574035,0.001313730158
4737,0.001348638347,0.001660947339
4738,0.001327826372,0.001528056426
4739,0.001443232919,0.001611452477
4740,0.001348562335,0.001442852372
4741,0.001418741042,0.001534877563
4742,0.00138437956,0.001492941097
4743,0.001595290887,0.001849756387
4744,0.001227242705,0.001575217429
4745,0.001367336241,0.001617214875
4746,0.001116702719,0.001364456104
4747,0.001331176391,0.001491308503
4748,0.001359259884,0.001390544741
4749,0.001454356141,0.001426589661
4750,0.001484570152,0.001559269032
4751,0.001182980704,0.001726905524
4752,0.001427580923,0.001319119496
4753,0.001546374799,0.001881364078
4754,0.001349570375,0.001654527077
4755,0.001413800805,0.00164620507
4756,0.001279265933,0.001374804415
4757,0.001414616301,0.001544224157
4758,0.001488705304,0.001395083222
4759,0.001484773769,0.001529804809
4760,0.001234779425,0.001529450004
4761,0.001828627108,0.001615852714
4762,0.001370862825,0.001670002326
4763,0.001357584493,0.001382784409
4764,0.001440446809,0.00155320167
4765,0.0012443206,0.001469613329
4766,0.001335887224,0.001488845272
4767,0.001378195942,0.001444312424
4768,0.001158889063,0.001490646813
4769,0.001335121262,0.001334147499
4770,0.001481047279,0.001480861523
4771,0.001396043146,0.001450040858
4772,0.00132763548,0.001281353281
4773,0.001315207737,0.001608791295
4774,0.001414650222,0.001586989601
4775,0.001641678507,0.001459930732
4776,0.001517902332,0.001580330296
4777,0.001522627397,0.001522011851
4778,0.001323816847,0.001420871442
4779,0.001380307942,0.001314601475
4780,0.001518797741,0.001795773293
4781,0.001226480439,0.001620710202
4782,0.001209944261,0.001445410016
4783,0.001321941971,0.001347266429
4784,0.001286287981,0.001588926694
4785,0.001260907666,0.001473072349
4786,0.001512634735,0.001600120959
4787,0.001301819386,0.001604599922
4788,0.001408896482,0.001485278975
4789,0.001266874548,0.001523771483
4790,0.001178555947,0.001297539362
4791,0.001254083618,0.001534214636
4792,0.001378778739,0.001514316333
4793,0.001214410848,0.001361052651
4794,0.001328126134,0.0014293067
4795,0.001645866629,0.00152930984
4796,0.001483344575,0.001698510372
4797,0.001252771828,0.001364764401
4798,0.001174872159,0.001258285214
4799,0.001256062285,0.001525237472
4800,0.001420334753,0.001420699096
4801,0.001278465927,0.001571954621
4802,0.001285603917,0.001285728169
4803,0.001069588368,0.001585962091
4804,0.001436057901,0.001447677467
4805,0.00154934403,0.001723067107
4806,0.001330505642,0.001419991488
4807,0.001227989451,0.00126438286
4808,0.001456080099,0.001517045042
4809,0.001341075505,0.001425530383
4810,0.001249403264,0.001520890975
4811,0.001278255797,0.001270769106
4812,0.001341371768,0.00168865337
4813,0.001459758918,0.001376830536
4814,0.001299695519,0.001555397932
4815,0.001223117346,0.001599938332
4816,0.001386709962,0.001471937445
4817,0.001180033381,0.001370620535
4818,0.00156607644,0.001508642337
4819,0.001292197543,0.001354862165
4820,0.001163709472,0.001428055562
4821,0.001434603713,0.001293532223
4822,0.001216530283,0.001637145804
4823,0.001410033496,0.001404838273
4824,0.001483237138,0.001328000231
4825,0.001509373644,0.001267499196
4826,0.001241340942,0.001397507935
4827,0.001250680129,0.001299280702
4828,0.00141066614,0.001473127952
4829,0.001162935092,0.00145000864
4830,0.001302847442,0.001421731402
4831,0.001447186965,0.001450947617
4832,0.00157301013,0.001311538595
4833,0.001522044025,0.00173387106
4834,0.001308694089,0.001420459521
4835,0.001151955941,0.001377358873
4836,0.001203068838,0.001268010805
4837,0.001146904367,0.00158320654
4838,0.001230903516,0.001340624469
4839,0.001175998215,0.001497031626
4840,0.001413829013,0.00136311978
4841,0.001451176169,0.001306180377
4842,0.001573147136,0.001455931764
4843,0.001432510137,0.001352036015
4844,0.001338019203,0.001438842199
4845,0.001341353774,0.001319722389
4846,0.00143360802,0.001553432812
4847,0.001282294848,0.001476044541
4848,0.001165123453,0.001292044246
4849,0.001281375393,0.001616039997
4850,0.001213544398,0.001305742728
4851,0.001326334081,0.001415044651
4852,0.001270283174,0.001387911907
4853,0.001444130816,0.001516790697
4854,0.001424431481,0.001597666109
4855,0.001379184148,0.001503473075
4856,0.001263603714,0.001503952721
4857,0.001628254649,0.001519938509
4858,0.001254752344,0.00181968433
4859,0.001391823258,0.001311556844
4860,0.001261930905,0.001533591625
4861,0.001503979169,0.001712945566
4862,0.001442953857,0.001337714828
4863,0.001198287049,0.001316954789
4864,0.001808420959,0.00123424772
4865,0.00160572106,0.001567300555
4866,0.001495067008,0.00134227291
4867,0.00140595049,0.001304871432
4868,0.001418266882,0.001419817352
4869,0.001272238369,0.00175043632
4870,0.001418371903,0.001463402878
4871,0.001277264339,0.001423045469
4872,0.00126841414,0.001483852175
4873,0.001226241409,0.001343121781
4874,0.001156774575,0.001416582687
4875,0.001221754326,0.00150369708
4876,0.00132613584,0.001625489153
4877,0.001548543034,0.001640438088
4878,0.001411803918,0.001361325048
4879,0.001286721308,0.001249797613
4880,0.001427253199,0.001672630126
4881,0.00120926724,0.001259879624
4882,0.001275004419,0.001466556016
4883,0.00127084634,0.001382968476
4884,0.001127126423,0.001460196014
4885,0.001314698107,0.001363563308
4886,0.001220460807,0.001662208146
4887,0.001243902952,0.001354386957
4888,0.00147684339,0.001414740298
4889,0.001339343784,0.001259390265
4890,0.001277640411,0.001534232149
4891,0.001249925146,0.001467822978
4892,0.001376192165,0.00152532685
4893,0.001426087256,0.001322791322
4894,0.001243327133,0.001377826149
4895,0.001362668394,0.001571222208
4896,0.001343950331,0.001815363023
4897,0.001225331085,0.001467991824
4898,0.001445650007,0.001460962449
4899,0.001525439424,0.001410270255
4900,0.001286552957,0.001374836342
4901,0.001367950084,0.001246680782
4902,0.001435060083,0.001390384015
4903,0.001441378816,0.001490904528
4904,0.001222964871,0.001266275278
4905,0.001207324502,0.001770381277
4906,0.001437661187,0.001367725396
4907,0.001365520511,0.00152318168
4908,0.0013430322,0.001514562551
4909,0.001194269316,0.001387748169
4910,0.001300870717,0.00145478452
4911,0.001212894553,0.001611410509
4912,0.001372598635,0.001496703771
4913,0.001269286411,0.001215130251
4914,0.001232496805,0.001554926057
4915,0.001302673634,0.001330947904
4916,0.00129059067,0.00138093358
4917,0.001275497787,0.001355284709
4918,0.001557429205,0.001451153337
4919,0.0011317342,0.00154095023
4920,0.001257661133,0.001466223679
4921,0.00124842448,0.001397778629
4922,0.001234416472,0.001485314162
4923,0.001279608259,0.001671376391
4924,0.001254573355,0.001333476699
4925,0.00145321068,0.001766271307
4926,0.001247676439,0.001268080552
4927,0.001550651621,0.001514158255
4928,0.001387932476,0.001623214703
4929,0.001315341266,0.001442919674
4930,0.001535086893,0.001510794493
4931,0.001318605995,0.001318234907
4932,0.001376754,0.001486256908
4933,0.001252083151,0.0014336897
4934,0.001219180427,0.001435229882
4935,0.001372567327,0.001250831578
4936,0.001368226876,0.001491097079
4937,0.001129795055,0.001565944345
4938,0.001101078095,0.001484653338
4939,0.001410498146,0.001479469705
4940,0.001227866058,0.001370690472
4941,0.001343319942,0.001489404283
4942,0.001296325034,0.001440302862
4943,0.001301811484,0.001570903725
4944,0.001278658812,0.001366080534
4945,0.001502345331,0.001546298074
4946,0.001221953491,0.001319059491
4947,0.001435483988,0.001617014423
4948,0.001497920573,0.001470733434
4949,0.001379915186,0.001315365094
4950,0.001500468206,0.001270259345
4951,0.001261543192,0.001445136892
4952,0.001251514317,0.001321355114
4953,0.001127914089,0.00165872676
4954,0.00117515384,0.001322515775
4955,0.001162767148,0.001381425885
4956,0.001174116747,0.001321950731
4957,0.001254153882,0.001546356216
4958,0.001572257104,0.001440850479
4959,0.001411031059,0.001393400176
4960,0.001281272416,0.001531857473
4961,0.001367553414,0.001435823469
4962,0.001262617399,0.001652864637
4963,0.001339059811,0.001296550079
4964,0.001273094866,0.00147578241
4965,0.001203806874,0.001623584903
4966,0.001238805016,0.001460074025
4967,0.001324976183,0.001302268211
4968,0.001298558149,0.00145885707
4969,0.001257567281,0.001273808521
4970,0.001183626351,0.001565332161
4971,0.001279147102,0.001249359048
4972,0.001200919665,0.001380406364
4973,0.001231700939,0.001581611956
4974,0.001129573218,0.001245182546
4975,0.001463286608,0.001313727756
4976,0.001574329428,0.001379766036
4977,0.001226776534,0.001809818466
4978,0.00117801773,0.001369413985
4979,0.001148388408,0.001443097091
4980,0.001344740631,0.001496096345
4981,0.001288642212,0.001605539714
4982,0.001136000334,0.001521208265
4983,0.001408151198,0.001134243634
4984,0.001430760953,0.001255589559
4985,0.001360518836,0.001257303651
4986,0.001223561143,0.001332956905
4987,0.001187198999,0.001492498937
4988,0.001182058535,0.001486561669
4989,0.001225239561,0.001260093566
4990,0.001191921474,0.001544267187
4991,0.001460421001,0.001415040708
4992,0.001344857024,0.001381026173
4993,0.00137655341,0.001448671195
4994,0.001245643762,0.001382021568
4995,0.001227763933,0.00133295024
4996,0.00115958973,0.001431291181
4997,0.001209544222,0.001370653437
4998,0.001272646994,0.001242545077
4999,0.001146218681,0.00141723144
5000,0.00157149967,0.001590400498
5001,0.001174744117,0.001212004208
5002,0.001098341374,0.001700972527
5003,0.001403996706,0.001495894379
5004,0.001156963568,0.001346096302
5005,0.001517251309,0.001432694306
5006,0.001071752697,0.001346389457
5007,0.001276386822,0.001422139176
5008,0.001351297848,0.001347668775
5009,0.001335400484,0.001438809442
5010,0.001504926331,0.001248648536
5011,0.001659416535,0.001434353573
5012,0.001152934521,0.001289559972
5013,0.001295606708,0.001532027803
5014,0.001248349698,0.001353338783
5015,0.001411679594,0.001439295331
5016,0.001318894036,0.001678752793
5017,0.00124982385,0.001291319189
5018,0.001301382319,0.001470011717
5019,0.001243821935,0.001416982443
5020,0.001346687975,0.001227945402
5021,0.001288002117,0.001390820093
5022,0.001126770367,0.001475281751
5023,0.001196088655,0.001232421811
5024,0.001245879102,0.001495902332
5025,0.001098946268,0.001296061891
5026,0.001175650636,0.001466343019
5027,0.001242661107,0.001436112012
5028,0.001336282934,0.001325940655
5029,0.001188677401,0.001536543408
5030,0.00130482213,0.001405618095
5031,0.001373309628,0.001517877856
5032,0.00117633737,0.001398761335
5033,0.001217970021,0.001563794096
5034,0.001301694414,0.001509936905
5035,0.001262022495,0.001401215341
5036,0.001061681571,0.001528989989
5037,0.001190447394,0.001394026054
5038,0.001304459896,0.001361101975
5039,0.001448623152,0.001599448762
5040,0.001540650512,0.001275307659
5041,0.001374557753,0.001610059262
5042,0.00140563985,0.001293938658
5043,0.001343348966,0.001392599283
5044,0.001466261623,0.001414306113
5045,0.00107222332,0.00129499739
5046,0.001668241821,0.001782038977
5047,0.001213581825,0.001547624299
5048,0.001329044906,0.001405907416
5049,0.001186802714,0.001377625136
5050,0.001374604341,0.001536274831
5051,0.00122170111,0.001547649124
5052,0.001262167039,0.00129102778
5053,0.001323108321,0.001481074301
5054,0.001295562201,0.00138644698
5055,0.001324459648,0.001449714851
5056,0.00136787977,0.001722491128
5057,0.001377470842,0.001558614269
5058,0.001353039974,0.001459385268
5059,0.001094898973,0.001428207572
5060,0.00139459451,0.001496370751
5061,0.001287097097,0.001447043222
5062,0.001156647733,0.00126878405
5063,0.001248172412,0.00132346648
5064,0.001283264653,0.001378547226
5065,0.001194568831,0.001150974866
5066,0.00115604922,0.001533126429
5067,0.001225051237,0.001263297265
5068,0.001583760983,0.001507483379
5069,0.001251727183,0.001365029901
5070,0.001125394163,0.001302998724
5071,0.001364823343,0.00127810143
5072,0.001225391119,0.001273604124
5073,0.00109269176,0.001533464703
5074,0.001267402418,0.001774514778
5075,0.00145871313,0.001384300878
5076,0.001227107015,0.001340152499
5077,0.001208066773,0.001314176465
5078,0.001180129766,0.001350033548
5079,0.001116750027,0.001414186845
5080,0.00115057591,0.001291016481
5081,0.00131721369,0.001604667967
5082,0.001189739945,0.001113171194
5083,0.001547894135,0.001514185104
5084,0.001230814334,0.001219953723
5085,0.001193465279,0.001578024079
5086,0.001132205689,0.001456770988
5087,0.001359913258,0.001314207926
5088,0.001431250006,0.001478558595
5089,0.001462318593,0.001633296677
5090,0.001616227019,0.001392709433
5091,0.001430202232,0.001545996478
5092,0.001126583418,0.001277156975
5093,0.001466965979,0.001535074916
5094,0.001492296273,0.001618669892
5095,0.001313519242,0.001432405494
5096,0.001135192302,0.001321573727
5097,0.001290089887,0.001293163019
5098,0.001112048893,0.001533759976
5099,0.001225446154,0.00135416472
5100,0.00159317271,0.001476970938
5101,0.001075578271,0.001310274747
5102,0.001172227188,0.001453328237
5103,0.001222992534,0.001340257353
5104,0.00157976427,0.001539909514
5105,0.00117143336,0.001574842696
5106,0.00116836001,0.001323578646
5107,0.001237661309,0.001395430489
5108,0.001211672468,0.001284790778
5109,0.001119704,0.001385268937
5110,0.001219024809,0.001273658636
5111,0.001290386099,0.001461230233
5112,0.001335681838,0.001345083423
5113,0.001151624507,0.001514381656
5114,0.001147685383,0.001277354531
5115,0.001210227041,0.001290513836
5116,0.001270880137,0.001338834496
5117,0.001252525602,0.001143858783
5118,0.001445224407,0.001421707144
5119,0.001458529412,0.001371640756
5120,0.001347578291,0.001227864945
5121,0.001263831924,0.001340259187
5122,0.001039508075,0.001356803521
5123,0.001421775654,0.001478177903
5124,0.001158531377,0.001216384997
5125,0.001335139445,0.001324172525
5126,0.001186557412,0.001408159878
5127,0.001228251916,0.001409382996
5128,0.001200241764,0.001341193172
5129,0.001367341727,0.00131736257
5130,0.001713302438,0.001613597007
5131,0.001260808072,0.001360571092
5132,0.001318152856,0.001427476949
5133,0.001534115523,0.001188525734
5134,0.001250265814,0.001486739042
5135,0.001380314076,0.00149111198
5136,0.001234015675,0.001450049793
5137,0.001278868018,0.001557534517
5138,0.001364058495,0.001415880775
5139,0.001522130347,0.00166616631
5140,0.00128646403,0.001290256463
5141,0.001142603061,0.001261508209
5142,0.001323399338,0.001279793942
5143,0.001251263711,0.001438927589
5144,0.001119733119,0.001331900661
5145,0.001637395202,0.001413876671
5146,0.001369688056,0.001486737048
5147,0.001373474865,0.001216147801
5148,0.001330030122,0.001400217705
5149,0.001548951288,0.001419685374
5150,0.001369787475,0.001499719117
5151,0.001045309291,0.001491375413
5152,0.001423309222,0.001184449793
5153,0.001571150264,0.001526523185
5154,0.001195178331,0.001407915122
5155,0.001219044418,0.001397760614
5156,0.00128354819,0.00135141427
5157,0.001265476967,0.001274569571
5158,0.001221503771,0.00127762284
5159,0.001354271641,0.001338440983
5160,0.001050901272,0.001363317744
5161,0.001343907279,0.001406112489
5162,0.001170463314,0.001413351565
5163,0.00145708966,0.001376619803
5164,0.001332640495,0.001340801748
5165,0.001285218932,0.001535559335
5166,0.001139373555,0.001338797709
5167,0.001080110822,0.001275508534
5168,0.001247721462,0.001495433811
5169,0.001100966809,0.001191423195
5170,0.001518478537,0.001534960582
5171,0.001480867402,0.001414448714
5172,0.001395264917,0.001693093669
5173,0.001307369836,0.001431251636
5174,0.00117389152,0.001314118432
5175,0.001228966576,0.001399469824
5176,0.001188727663,0.001353730368
5177,0.001332901811,0.001482231281
5178,0.001622648488,0.001305909813
5179,0.001280354765,0.001548739987
5180,0.001309066247,0.001437687752
5181,0.001224521999,0.001432123099
5182,0.001210623988,0.001259015007
5183,0.001097035987,0.001480906401
5184,0.001186176632,0.001389798301
5185,0.001419482425,0.001419274609
5186,0.001190691364,0.0014213213
5187,0.001069880396,0.001487866699
5188,0.001248886925,0.001525432934
5189,0.001426482944,0.001321744377
5190,0.001175561774,0.001329204228
5191,0.001366969751,0.001424929898
5192,0.001154435689,0.001492682481
5193,0.001322890297,0.001409887089
5194,0.001350271763,0.001172488039
5195,0.001188269969,0.001255503077
5196,0.001203069616,0.001487713336
5197,0.001286649356,0.00144930018
5198,0.001329123588,0.001270679124
5199,0.001239705358,0.001411946549
5200,0.001134089573,0.001316558519
5201,0.001165778594,0.001363313655
5202,0.001521156053,0.001329992105
5203,0.001190249888,0.001493921067
5204,0.00116788967,0.001519388752
5205,0.001051912332,0.001501418039
5206,0.001285983257,0.001290742017
5207,0.001147223418,0.001413206686
5208,0.001285157334,0.001364151998
5209,0.001436267739,0.00127447064
5210,0.001191272109,0.001223890911
5211,0.001085679512,0.001398121836
5212,0.001115579173,0.001348548627
5213,0.001329488718,0.00125348843
5214,0.001187918206,0.001510322414
5215,0.001311536245,0.001366820172
5216,0.00132179357,0.001342081945
5217,0.00131690711,0.001302165751
5218,0.001348174985,0.001183712913
5219,0.001250266156,0.001358841793
5220,0.001369911952,0.001398797205
5221,0.001111920537,0.001448525189
5222,0.001143676986,0.001246476029
5223,0.001283933525,0.001324128731
5224,0.001165929665,0.001347780904
5225,0.001324997902,0.001522389881
5226,0.001140271779,0.001516900949
5227,0.001231936381,0.001463554072
5228,0.00122425388,0.001362964358
5229,0.001135874561,0.001239942416
5230,0.001172002478,0.001531291651
5231,0.001362156654,0.001346807112
5232,0.001173305274,0.001329032537
5233,0.001222506849,0.001301764387
5234,0.001111485326,0.001085075324
5235,0.001398024033,0.00111973656
5236,0.001050180115,0.00124489364
5237,0.00118625912,0.001200577855
5238,0.001410909339,0.001496936602
5239,0.001326698133,0.001422756293
5240,0.001351532643,0.001151029173
5241,0.001141030792,0.001359133094
5242,0.00142007893,0.001355678942
5243,0.001303159414,0.001500574435
5244,0.001210605056,0.0016136044
5245,0.001202151165,0.001582984492
5246,0.001216452169,0.00134927169
5247,0.001257814816,0.001367862817
5248,0.001094599022,0.001346602337
5249,0.001278762858,0.001435987484
5250,0.001269335742,0.001446898095
5251,0.001194963756,0.001364490701
5252,0.00119208562,0.001390536534
5253,0.001368345213,0.001500090701
5254,0.001438262814,0.001334402354
5255,0.001341038849,0.001460808926
5256,0.001473814256,0.001423156544
5257,0.001249863577,0.001194119432
5258,0.001476362442,0.001406050782
5259,0.001264019331,0.0014165178
5260,0.001164564375,0.001259895187
5261,0.001285142884,0.001360840179
5262,0.001362116956,0.00152552611
5263,0.001298403724,0.001427655261
5264,0.001215897137,0.001369755497
5265,0.001149431453,0.001191105453
5266,0.001044254139,0.001207605237
5267,0.001375087842,0.001251102149
5268,0.001150428005,0.001355867593
5269,0.001356591158,0.001565719489
5270,0.001336015761,0.001316192414
5271,0.001392154431,0.001580087526
5272,0.001260008896,0.00139785005
5273,0.001417331914,0.001298836723
5274,0.00135756821,0.001338466231
5275,0.001226299188,0.001275922092
5276,0.001054148823,0.001356497232
5277,0.00108576045,0.001152957353
5278,0.001236814445,0.001375569642
5279,0.001501327832,0.001511076996
5280,0.0013650646,0.001393192855
5281,0.001182630396,0.001381019785
5282,0.001209185808,0.001459685081
5283,0.0012315942,0.001244933548
5284,0.001293825284,0.001217422898
5285,0.001306171209,0.001316840542
5286,0.001198349317,0.001350006482
5287,0.001307844635,0.001244877611
5288,0.001473285018,0.001577782205
5289,0.001447747709,0.001569200991
5290,0.001279874406,0.001327852617
5291,0.001408854034,0.001442228247
5292,0.001386701661,0.001297906398
5293,0.001219773505,0.001452425749
5294,0.001383281422,0.001657133573
5295,0.001057034446,0.00121258045
5296,0.001213815711,0.001138316969
5297,0.001301052071,0.001241069091
5298,0.001101445778,0.001210494251
5299,0.001153247526,0.001195856297
5300,0.001211302573,0.001228835783
5301,0.001327538914,0.001336048314
5302,0.001355030006,0.001554586037
5303,0.001391192331,0.001242017992
5304,0.001364828444,0.001261301433
5305,0.001386606193,0.001368045858
5306,0.001129429547,0.001305664162
5307,0.001225242559,0.001356044275
5308,0.001259028111,0.001270962312
5309,0.001170266078,0.001280802157
5310,0.001431318626,0.001404754243
5311,0.001340135655,0.001252708142
5312,0.0011148212,0.001383399154
5313,0.0009876645636,0.001259347322
5314,0.001428808719,0.001390610283
5315,0.001210373914,0.001350831822
5316,0.001337277943,0.001252238537
5317,0.001180942738,0.001322229
5318,0.001097541986,0.001210318267
5319,0.001273911701,0.001341663752
5320,0.00116700647,0.001357268353
5321,0.001201383908,0.001152795936
5322,0.001344555116,0.001327849088
5323,0.001333028296,0.001430521777
5324,0.001307523868,0.001278689735
5325,0.001259646269,0.00139614167
5326,0.001250052235,0.001321795287
5327,0.001067091558,0.001456229766
5328,0.001129216427,0.001429686628
5329,0.001415499151,0.001417127103
5330,0.001088439916,0.001263314582
5331,0.001166616421,0.001283856356
5332,0.00149183147,0.001223469808
5333,0.00117295143,0.001414060258
5334,0.001491630006,0.001329409977
5335,0.001140750683,0.001253931565
5336,0.001028344363,0.001249197172
5337,0.00095132774,0.001105436968
5338,0.001106473625,0.001160873573
5339,0.001287364765,0.001227880755
5340,0.001156457416,0.001276447489
5341,0.001257307034,0.00120581378
5342,0.001291922825,0.001188886461
5343,0.001142459994,0.001328058177
5344,0.001271642257,0.001393573933
5345,0.001198610487,0.001423111549
5346,0.001219443169,0.001199101964
5347,0.001286896331,0.00134123044
5348,0.001204757085,0.001267203406
5349,0.001194364646,0.001366188459
5350,0.001184441287,0.001755141158
5351,0.001523847612,0.001717148698
5352,0.001124215909,0.001452921439
5353,0.001397532826,0.001325856676
5354,0.001490251918,0.001207369693
5355,0.001254769879,0.001235637283
5356,0.001192072705,0.001306074817
5357,0.001262674145,0.001156070037
5358,0.001244707506,0.001302054065
5359,0.001158029438,0.001518714183
5360,0.001070538485,0.00153508877
5361,0.001213631032,0.001247312612
5362,0.001180465828,0.001264510684
5363,0.001433798781,0.001415170089
5364,0.001308198036,0.001626897574
5365,0.001135003462,0.001224217383
5366,0.001185590256,0.001528264707
5367,0.001142457419,0.00129705164
5368,0.001345725628,0.001217213037
5369,0.001292584813,0.001346947742
5370,0.001333433655,0.001155768106
5371,0.001195221637,0.001350479492
5372,0.001221537001,0.001401280519
5373,0.00124225083,0.001234296244
5374,0.001303024481,0.001183362816
5375,0.00129157232,0.001387376193
5376,0.001175178913,0.001409538476
5377,0.001135293809,0.001078848007
5378,0.001156653801,0.001149567041
5379,0.0010460294,0.001419693712
5380,0.001171191601,0.001274245187
5381,0.001015020731,0.00138672912
5382,0.001003561396,0.001210110589
5383,0.001116692853,0.001264010782
5384,0.001189010676,0.001380042086
5385,0.001241607875,0.001480265186
5386,0.001270846013,0.001327534526
5387,0.001150880504,0.001168182855
5388,0.00106435339,0.001349894766
5389,0.001381127455,0.001609056926
5390,0.001120346882,0.001477283193
5391,0.001155540878,0.001161622167
5392,0.0009699069633,0.001303769284
5393,0.001172758595,0.001455672806
5394,0.00125225824,0.001483263492
5395,0.001231465925,0.001224999156
5396,0.001236466189,0.00107349785
5397,0.001120595349,0.001357164525
5398,0.001444542206,0.001439424028
5399,0.001301201497,0.001351421568
5400,0.001152450626,0.001294389338
5401,0.001297995601,0.001572028501
5402,0.001160371052,0.001254718656
5403,0.001050703897,0.001394502731
5404,0.001128919379,0.001234543917
5405,0.001012624598,0.001308901257
5406,0.001225330619,0.001365576136
5407,0.001230195689,0.001341261566
5408,0.0009887823107,0.0013414942
5409,0.001303328114,0.00133359505
5410,0.001215300865,0.001579795731
5411,0.001371727252,0.00118217554
5412,0.001233647541,0.001347360827
5413,0.001076455694,0.001353244988
5414,0.001095550724,0.001516102508
5415,0.001182324973,0.001527239365
5416,0.001406523428,0.001331265012
5417,0.001355059903,0.00145404003
5418,0.001152395547,0.001319974413
5419,0.001220231999,0.001274175665
5420,0.001083659576,0.001158844374
5421,0.001153650825,0.001157686755
5422,0.001080454022,0.001402254391
5423,0.001117351043,0.001200823281
5424,0.001194984063,0.001423725989
5425,0.001250692199,0.001620236624
5426,0.001281883429,0.001178898128
5427,0.001099933244,0.001390270772
5428,0.001173500394,0.001183798871
5429,0.001421443892,0.001582567536
5430,0.001191471973,0.001368225596
5431,0.001178203551,0.001237986937
5432,0.001171315394,0.001379833688
5433,0.001179920917,0.001175386969
5434,0.001175295445,0.001356412955
5435,0.001233645322,0.001235541844
5436,0.001376874665,0.0013186672
5437,0.001180109255,0.001378254841
5438,0.001233152921,0.001013341891
5439,0.001216263365,0.001465879453
5440,0.001201010127,0.001464926769
5441,0.001014665424,0.001260154997
5442,0.001141347653,0.001378777233
5443,0.001373083418,0.001379405876
5444,0.001322200929,0.001478135011
5445,0.001213950338,0.001639629656
5446,0.001127656375,0.001222178842
5447,0.001278366159,0.001365063159
5448,0.001209327296,0.001421346606
5449,0.001137025254,0.001285119935
5450,0.001215768643,0.001309480002
5451,0.001171330543,0.001467535069
5452,0.001323583994,0.001364973155
5453,0.001288791362,0.001394639534
5454,0.001206078603,0.001524647363
5455,0.001187188311,0.001417998727
5456,0.001023129153,0.001370628961
5457,0.001110769612,0.001224206149
5458,0.001151827943,0.001459795385
5459,0.001169273761,0.001256533797
5460,0.001634400069,0.001132597063
5461,0.001271287751,0.001425872855
5462,0.001139815307,0.001310603526
5463,0.001457628488,0.001172681375
5464,0.001076819521,0.001223412044
5465,0.001207134788,0.001329981285
5466,0.001102953516,0.001172603872
5467,0.001194407574,0.001401141097
5468,0.001297247327,0.001265011713
5469,0.0009214577585,0.001289392661
5470,0.001070177888,0.001090883467
5471,0.001123553331,0.001395637169
5472,0.001204391454,0.001218592908
5473,0.00111989893,0.001208590278
5474,0.001457752376,0.001281158824
5475,0.001301738084,0.001250950547
5476,0.001166583919,0.001259595396
5477,0.0009342205522,0.001232000744
5478,0.001379500354,0.00149099074
5479,0.001105111842,0.001156811923
5480,0.00108595776,0.001320334624
5481,0.001087461271,0.001371224207
5482,0.001417524669,0.00125374963
5483,0.001095053987,0.001234180818
5484,0.001129172582,0.001659213602
5485,0.0010426468,0.001292595458
5486,0.0009972329208,0.001444288282
5487,0.001146125542,0.001224729793
5488,0.001152004479,0.001338878537
5489,0.001118817345,0.001266874096
5490,0.001178295228,0.001320050818
5491,0.001073418462,0.001349029786
5492,0.001015428032,0.001336842688
5493,0.001149481548,0.001153762962
5494,0.001044883713,0.001389716504
5495,0.001121207017,0.001400250039
5496,0.001208336646,0.00125551012
5497,0.001222131832,0.001275001894
5498,0.001210649061,0.001433633355
5499,0.001255406874,0.001362541887
5500,0.001248613553,0.001433330486
5501,0.001155403465,0.001417622516
5502,0.001091785256,0.001473551602
5503,0.001035821311,0.001461944208
5504,0.001194968623,0.00125555315
5505,0.001243298138,0.001383031253
5506,0.001209862596,0.001247132022
5507,0.001437325795,0.001414296683
5508,0.001006985614,0.001455832564
5509,0.001239407982,0.001245311338
5510,0.001189721086,0.001293051566
5511,0.001211688192,0.001322269949
5512,0.001315513946,0.001311333122
5513,0.001184420908,0.001409790784
5514,0.001282778438,0.001202966552
5515,0.001107751217,0.0012821989
5516,0.001222153958,0.001280305092
5517,0.001304144156,0.001421566863
5518,0.001200119579,0.001438118052
5519,0.001177107821,0.001211678449
5520,0.00107093143,0.001378186003
5521,0.001036326408,0.001339281647
5522,0.001189100185,0.001344485274
5523,0.001164346693,0.00117560658
5524,0.001212650517,0.001212468618
5525,0.001206256456,0.001216373232
5526,0.001141139743,0.001305960453
5527,0.001122884452,0.001250426634
5528,0.001203139902,0.001297098308
5529,0.00110126011,0.001123228343
5530,0.001067739096,0.001294100293
5531,0.001302392993,0.001340121285
5532,0.001136683088,0.001188187809
5533,0.001116545347,0.001303157842
5534,0.00138444687,0.001618688475
5535,0.001258558019,0.001396558611
5536,0.001221999708,0.001405001487
5537,0.001076569388,0.001323298158
5538,0.00117983143,0.001245707324
5539,0.001184761786,0.001091807848
5540,0.00137128005,0.001286548286
5541,0.001009561194,0.001381383365
5542,0.001116034968,0.001157575134
5543,0.001196098325,0.001474435878
5544,0.001268874097,0.001181686144
5545,0.001290502696,0.001261910867
5546,0.001037072405,0.00140828536
5547,0.001189466893,0.001138381638
5548,0.001033782231,0.001280354831
5549,0.00110758697,0.001203557149
5550,0.0010535857,0.001118910193
5551,0.001170957839,0.001462671673
5552,0.001302541714,0.001141136323
5553,0.001213661766,0.001224177598
5554,0.001330192041,0.001287516257
5555,0.001136399231,0.001370220933
5556,0.001325928213,0.001364207921
5557,0.00121580276,0.001382446659
5558,0.001122226698,0.001477823374
5559,0.001346358935,0.001351303115
5560,0.001043577075,0.001338280883
5561,0.001079604917,0.001320492542
5562,0.001141821042,0.001268902182
5563,0.00100111372,0.001265881641
5564,0.00121830657,0.001456604354
5565,0.001112911646,0.001295049762
5566,0.001275528492,0.001487632333
5567,0.001252721879,0.001408206568
5568,0.001113385049,0.001376549728
5569,0.00107909595,0.001377719724
5570,0.001280430057,0.001464579342
5571,0.001280363918,0.001136079969
5572,0.0009638471092,0.001334056346
5573,0.001203957494,0.00122890262
5574,0.001027541141,0.001193261036
5575,0.0009062520912,0.001484946843
5576,0.001177787381,0.001269510693
5577,0.001239779413,0.00143590747
5578,0.001273866794,0.001413795493
5579,0.001247485154,0.001211320276
5580,0.001423830807,0.001215864264
5581,0.00113840188,0.001114143328
5582,0.001438551459,0.001344310738
5583,0.0009962214244,0.001300523509
5584,0.001187572299,0.001254985538
5585,0.001043622739,0.001339304174
5586,0.001417962005,0.001171223761
5587,0.001197465346,0.001390626785
5588,0.001001642449,0.001314158537
5589,0.001075997992,0.001173648394
5590,0.001312740183,0.001326916215
5591,0.001352782347,0.001427038951
5592,0.001303917234,0.001356162524
5593,0.001147523253,0.00139419375
5594,0.001363556512,0.001353816857
5595,0.001103589901,0.001375144289
5596,0.001190885399,0.001432382822
5597,0.001229842164,0.001335870802
5598,0.001189768867,0.001121705616
5599,0.001140773558,0.001492279291
5600,0.001110523117,0.001003890204
5601,0.001023644894,0.001331320178
5602,0.001082112882,0.001483077096
5603,0.001405008326,0.001220717197
5604,0.001030060455,0.001269089975
5605,0.001176010213,0.001306788516
5606,0.001260944366,0.001250920766
5607,0.001187595641,0.001142555673
5608,0.001223473839,0.00131739035
5609,0.001384283139,0.001172601995
5610,0.001036565176,0.001357477362
5611,0.001298279094,0.001406828611
5612,0.001118586741,0.001377993394
5613,0.001153357771,0.001664683077
5614,0.001248410939,0.001287594394
5615,0.001136635336,0.001426681869
5616,0.001191677264,0.001116237057
5617,0.001182545748,0.001178784078
5618,0.001355470493,0.001268319997
5619,0.001286977677,0.001357952904
5620,0.001323311299,0.001249056833
5621,0.001276779367,0.001308550607
5622,0.001248906345,0.001253950883
5623,0.001264229555,0.001417653657
5624,0.001244875406,0.001391965343
5625,0.001340063987,0.001316295245
5626,0.001083771822,0.001187882284
5627,0.001084387128,0.001121934416
5628,0.001106481417,0.001106342948
5629,0.001134130864,0.001433582511
5630,0.001000917764,0.001257467433
5631,0.001181080108,0.001196650119
5632,0.001338321039,0.001089858983
5633,0.00133168514,0.001694915627
5634,0.001209753143,0.001320397103
5635,0.001146873263,0.001373898711
5636,0.001124771137,0.001159675259
5637,0.001324323457,0.001142029585
5638,0.001205722496,0.001326484249
5639,0.00118427421,0.001152533281
5640,0.001012798726,0.001182389409
5641,0.001180405685,0.001374803222
5642,0.0010583404,0.001124110611
5643,0.001082149509,0.001279638018
5644,0.00123313885,0.001357016896
5645,0.001214864387,0.001423074922
5646,0.001122476853,0.00121208722
5647,0.001097278502,0.001266100408
5648,0.001166185095,0.001186900779
5649,0.001121694171,0.001214146017
5650,0.001172404234,0.001205306136
5651,0.001413016304,0.001272740701
5652,0.001347787867,0.00137199962
5653,0.001095717722,0.001157539242
5654,0.001174644269,0.001215896133
5655,0.001092948529,0.001125481256
5656,0.001084219803,0.0010429752
5657,0.001034626192,0.001274008573
5658,0.001129856479,0.001235379736
5659,0.001257174059,0.001163270717
5660,0.001021884149,0.001292988076
5661,0.001145203729,0.001427336581
5662,0.001132898135,0.001250936242
5663,0.001237002514,0.001401802954
5664,0.001237716264,0.001397437081
5665,0.001125397481,0.001431443176
5666,0.001631215157,0.001328600163
5667,0.001219382437,0.001388800796
5668,0.001200960985,0.001397126311
5669,0.001335499961,0.001442427012
5670,0.001050548432,0.001224730608
5671,0.001054253713,0.001269383749
5672,0.001204125394,0.001186708607
5673,0.001416461688,0.001425538721
5674,0.00116689071,0.001157565421
5675,0.001181451968,0.001341592564
5676,0.001314896275,0.001309462874
5677,0.001486196707,0.001378968562
5678,0.001015862428,0.001158660249
5679,0.001194530087,0.001327462836
5680,0.001248669963,0.00112036919
5681,0.001057478759,0.0009922509926
5682,0.001215015778,0.001186140988
5683,0.001232404204,0.001153559293
5684,0.001119834342,0.001282881181
5685,0.001310139778,0.001268972672
5686,0.001374500796,0.001365755132
5687,0.001241451726,0.001334338616
5688,0.001337431582,0.001407646771
5689,0.001097281289,0.001254210838
5690,0.001233623043,0.001302787219
5691,0.001118636421,0.001284673381
5692,0.00112671141,0.001239878678
5693,0.001205453642,0.001167712646
5694,0.001411872137,0.001509562426
5695,0.001014780093,0.001202460589
5696,0.000999137832,0.001207211695
5697,0.001200078834,0.001082741292
5698,0.0009266441994,0.001313463363
5699,0.001131856487,0.001428062431
5700,0.001042860138,0.001301436045
5701,0.001255747258,0.001302585712
5702,0.001156162078,0.001425747549
5703,0.001028429142,0.001252711147
5704,0.001117954067,0.001197059588
5705,0.001281375065,0.001354683554
5706,0.001123223155,0.001173242112
5707,0.001211222021,0.001263755934
5708,0.001275689436,0.001219124038
5709,0.001301796059,0.001410631972
5710,0.001193897275,0.00133827189
5711,0.001172180644,0.001068478734
5712,0.001155907034,0.001287977975
5713,0.001362386654,0.001410576886
5714,0.00113044044,0.001379003937
5715,0.001319157665,0.001248266264
5716,0.001203538101,0.001256382922
5717,0.001120348767,0.001401370711
5718,0.001156937644,0.001292867761
5719,0.001086737764,0.001303186713
5720,0.001180084691,0.001297312534
5721,0.001160021726,0.001511120063
5722,0.001117158368,0.001122080335
5723,0.001103989322,0.001236681899
5724,0.001267833897,0.001374629443
5725,0.001167699411,0.001313740257
5726,0.001065635275,0.001300204523
5727,0.001145336508,0.00131079655
5728,0.001292289518,0.001227599612
5729,0.001005500293,0.001539553996
5730,0.001380188725,0.001203651336
5731,0.00118088755,0.001255953219
5732,0.001153997975,0.001211242205
5733,0.001078317218,0.001299899959
5734,0.0009588538087,0.001118136453
5735,0.001154463644,0.001201370433
5736,0.00111652779,0.001015285859
5737,0.001374605468,0.001311985397
5738,0.001275761802,0.001261578625
5739,0.001090613914,0.001461177621
5740,0.0009836844183,0.001221743012
5741,0.001069126352,0.001211624709
5742,0.001131125275,0.001495127726
5743,0.001102424067,0.00124903251
5744,0.00103401464,0.001274002898
5745,0.001068761725,0.001166940514
5746,0.001137163483,0.001178431536
5747,0.001000703218,0.001038227761
5748,0.001059970535,0.001428529737
5749,0.001285820836,0.001160979489
5750,0.001312331362,0.001315108653
5751,0.001329382911,0.001267299333
5752,0.00109754716,0.00128037711
5753,0.001235771204,0.001202570544
5754,0.0009387250975,0.001193528165
5755,0.001097461747,0.001172985278
5756,0.00118690182,0.001127405987
5757,0.001023661534,0.001232933413
5758,0.001228279529,0.001189793322
5759,0.001163663263,0.00136950671
5760,0.001241260841,0.001367823825
5761,0.00118384658,0.001385232288
5762,0.001057262998,0.0012793817
5763,0.0009839113991,0.001216090779
5764,0.001128962882,0.001187592112
5765,0.001096598942,0.001447179973
5766,0.001093200677,0.001220802864
5767,0.001094826672,0.001359227135
5768,0.001096577005,0.001288685191
5769,0.001286528539,0.001359803384
5770,0.001043943455,0.001298945899
5771,0.001100674264,0.001167000381
5772,0.00124687572,0.001244630083
5773,0.001351796847,0.001235814292
5774,0.001157951876,0.00118012957
5775,0.00101531815,0.001155971702
5776,0.0009670348081,0.001114958664
5777,0.0009617925898,0.001137064726
5778,0.001125842893,0.00141603456
5779,0.001065557946,0.001425135117
5780,0.001122034293,0.001238499339
5781,0.0010961671,0.001286388964
5782,0.001095791151,0.001400696579
5783,0.001101332724,0.001367658151
5784,0.001229002031,0.001312892593
5785,0.001087719007,0.001283753671
5786,0.001180099607,0.001136807572
5787,0.001189998962,0.001213769327
5788,0.001160239488,0.001247158565
5789,0.001250480593,0.001090507911
5790,0.0009497223145,0.001387756573
5791,0.0008697860612,0.001254359733
5792,0.001223410858,0.00116962914
5793,0.001188537863,0.001399189947
5794,0.001102445902,0.001137961357
5795,0.001132117628,0.001280270597
5796,0.001029935484,0.001283720696
5797,0.001382421338,0.00122821617
5798,0.00146600305,0.001354273394
5799,0.00126056782,0.0013000935
5800,0.001033789238,0.001468357965
5801,0.001192282718,0.001396032458
5802,0.001266845029,0.001146597744
5803,0.001433564976,0.001183859378
5804,0.001092746585,0.001121033914
5805,0.001447191353,0.001331399646
5806,0.001139518477,0.001345975426
5807,0.001069850616,0.001182426538
5808,0.001009221523,0.001390443722
5809,0.001126585674,0.001638127826
5810,0.001015887574,0.001055774272
5811,0.001210791059,0.001151437784
5812,0.001090161124,0.001517355486
5813,0.001195745506,0.001347915924
5814,0.001162469816,0.001279931443
5815,0.001024613819,0.001544744577
5816,0.001020730742,0.001246666157
5817,0.001108497469,0.001045128367
5818,0.001018986586,0.001427765557
5819,0.001181775508,0.001347219171
5820,0.001366459481,0.001259569755
5821,0.001136642488,0.001259975099
5822,0.001262166108,0.001129183547
5823,0.001273046619,0.001083559735
5824,0.001209050737,0.001166975278
5825,0.001160332118,0.001301692042
5826,0.001119569533,0.001343358497
5827,0.001272633934,0.001345996308
5828,0.001186908907,0.001198979786
5829,0.001244588471,0.001396422616
5830,0.001371143015,0.001424262562
5831,0.001173196106,0.001230116912
5832,0.001188001639,0.001106284857
5833,0.001347240759,0.001352917185
5834,0.001111011959,0.001241046506
5835,0.001259288649,0.001245559106
5836,0.001330160667,0.001553304974
5837,0.001267204891,0.001266581268
5838,0.001173948338,0.001321473421
5839,0.001235544478,0.001297578507
5840,0.001251077825,0.001177685437
5841,0.001543919658,0.001246111664
5842,0.001067754492,0.001222978666
5843,0.001102231705,0.001062027237
5844,0.00161977527,0.001184713154
5845,0.00114603206,0.001348484198
5846,0.001013087793,0.001100375965
5847,0.0010854953,0.001270592467
5848,0.001002526071,0.00107975398
5849,0.0009982891861,0.001189074275
5850,0.001071040278,0.001200535749
5851,0.001126833056,0.00105225345
5852,0.0009989598693,0.001384928873
5853,0.001296984665,0.001192628959
5854,0.001004234829,0.001178968399
5855,0.001242202823,0.001188111193
5856,0.001246708402,0.001055818175
5857,0.001113301907,0.001197363352
5858,0.001094104802,0.001222721716
5859,0.0008587131379,0.001281834302
5860,0.0009795434526,0.001157442814
5861,0.00101580855,0.001356428205
5862,0.001208746173,0.001247995926
5863,0.001041306306,0.001196641795
5864,0.001080240763,0.001250093585
5865,0.0009084292542,0.001407391246
5866,0.000974909839,0.001343481024
5867,0.000970477362,0.001382477669
5868,0.001165174399,0.0010445632
5869,0.001157551873,0.001084223746
5870,0.001130752928,0.001261795776
5871,0.001286102219,0.0010396375
5872,0.001291068555,0.001356327528
5873,0.001064988035,0.001174320059
5874,0.001184362562,0.001093440245
5875,0.001414435596,0.001213640804
5876,0.001187715847,0.001344934506
5877,0.00109743738,0.001412408696
5878,0.001062394142,0.001293907284
5879,0.001033997396,0.00117452527
5880,0.001099486319,0.001236041979
5881,0.001118790075,0.00148206974
5882,0.001034233152,0.001262377242
5883,0.001282607489,0.001205150591
5884,0.001459792431,0.001383677816
5885,0.001326413148,0.001268304848
5886,0.0009317751828,0.001263439277
5887,0.00121771761,0.001385587071
5888,0.001028224193,0.001169721043
5889,0.001092545885,0.001136510946
5890,0.001140583314,0.001032179673
5891,0.001205238637,0.001117131884
5892,0.001144871116,0.001291121123
5893,0.001051547224,0.001235663811
5894,0.001123881098,0.001110154248
5895,0.00108038498,0.001259233919
5896,0.001110193567,0.001215803197
5897,0.001227931905,0.00134992021
5898,0.001060556271,0.001491326111
5899,0.001280969169,0.001411655889
5900,0.00101788999,0.00131475486
5901,0.001102558279,0.001282058467
5902,0.00120809253,0.001345214245
5903,0.001172946548,0.001437916493
5904,0.001003276448,0.001225713386
5905,0.001102432558,0.001449611576
5906,0.001062622629,0.001139746608
5907,0.001075037311,0.001390884863
5908,0.001051027903,0.001256898177
5909,0.001068799327,0.001417751089
5910,0.001101704373,0.001237367083
5911,0.001072035622,0.00125837719
5912,0.001054700864,0.001099185916
5913,0.00107611603,0.0011826103
5914,0.001005695325,0.001142902394
5915,0.001236808785,0.001435585618
5916,0.001100125803,0.001168110168
5917,0.00112499122,0.001156599705
5918,0.001227888133,0.00136676793
5919,0.001242099475,0.001345735174
5920,0.001148600211,0.001129078722
5921,0.001169596202,0.001509786722
5922,0.001184627574,0.001255299212
5923,0.0009971544496,0.001164943787
5924,0.00118958074,0.001410645134
5925,0.001077431574,0.001349197526
5926,0.0009414164961,0.001102300143
5927,0.001472762502,0.001156923834
5928,0.001147522889,0.001158919258
5929,0.001153137368,0.001092283077
5930,0.001240340614,0.001217728539
5931,0.00126093049,0.001518535792
5932,0.001265346989,0.00115931694
5933,0.001170101408,0.00127069711
5934,0.001110238685,0.001232610302
5935,0.001172369055,0.001278382202
5936,0.001005024336,0.001127216601
5937,0.001100127491,0.001285223778
5938,0.001063250937,0.001287656123
5939,0.001154067708,0.001217654586
5940,0.001075932574,0.001290948901
5941,0.001019792158,0.001116227431
5942,0.001219599377,0.001198983722
5943,0.001037590184,0.001141701243
5944,0.001059190181,0.001244917752
5945,0.001048776452,0.001152580233
5946,0.001128344178,0.001255097595
5947,0.001014115667,0.001343162388
5948,0.001097547363,0.001035662281
5949,0.001101476402,0.00111625014
5950,0.001037135989,0.001290508335
5951,0.001042832366,0.001361295792
5952,0.001118992564,0.001154136597
5953,0.001044332399,0.001204641419
5954,0.001302702141,0.001209064387
5955,0.001349915168,0.001412141908
5956,0.001177201404,0.001346530014
5957,0.001242032748,0.001342881966
5958,0.001300050695,0.001441131346
5959,0.001410703189,0.001173054945
5960,0.001149796211,0.001144341331
5961,0.0009956272406,0.001233623094
5962,0.001100982336,0.00118231641
5963,0.001101023234,0.001229879264
5964,0.001126982665,0.001259750701
5965,0.001170981726,0.001236319447
5966,0.001145854825,0.001111205151
5967,0.001260841433,0.001247082386
5968,0.001257995704,0.001181887383
5969,0.001287841937,0.001427830386
5970,0.001042282747,0.001214854798
5971,0.00128771802,0.001343995573
5972,0.001093072751,0.001246680382
5973,0.001122081776,0.001201650128
5974,0.001172970799,0.00125708984
5975,0.001027333237,0.00102726258
5976,0.001300984382,0.001243115737
5977,0.001111944148,0.001121728652
5978,0.00104382704,0.001056841371
5979,0.001040734824,0.001248290748
5980,0.001130322897,0.001359383241
5981,0.001267863008,0.00140974325
5982,0.001143309993,0.0012705954
5983,0.0010303323,0.001083704927
5984,0.0009682484597,0.00115429642
5985,0.001129454649,0.001348698133
5986,0.001303553705,0.001385764539
5987,0.001020845797,0.00150130532
5988,0.001135700943,0.001127340678
5989,0.001152289449,0.001305781385
5990,0.0009454416504,0.001404727242
5991,0.001271504014,0.00128667026
5992,0.001160677632,0.00122730196
5993,0.00117602574,0.001214078773
5994,0.001116871528,0.001054691696
5995,0.001280976889,0.001194178389
5996,0.0009259241197,0.001534796073
5997,0.001260059493,0.00149450286
5998,0.001183290311,0.001263944869
5999,0.001161446708,0.001247618085
6000,0.00120182753,0.001455943086
6001,0.001307600993,0.001127200027
6002,0.001192970019,0.00134250542
6003,0.001183871122,0.001430397228
6004,0.00105526793,0.001151383105
6005,0.001330844963,0.00148607562
6006,0.001338595983,0.001189922332
6007,0.001217077224,0.001488910406
6008,0.001003160913,0.001341954965
6009,0.001099600755,0.001366593591
6010,0.001099294139,0.001315357767
6011,0.001135911312,0.001449855132
6012,0.001167384675,0.001225165201
6013,0.001122674701,0.001246141393
6014,0.001160138465,0.001285188126
6015,0.0009370809785,0.001173613113
6016,0.001013607238,0.001159393498
6017,0.001318898583,0.001172061588
6018,0.001168770003,0.00122051451
6019,0.000996892144,0.001203189291
6020,0.001041665411,0.001225677675
6021,0.001204766282,0.001123901602
6022,0.001109476027,0.00117845065
6023,0.001133471174,0.001190868636
6024,0.001087063203,0.00118679864
6025,0.001083042014,0.00118198678
6026,0.001175511818,0.001378256624
6027,0.001027561579,0.001211397415
6028,0.001199488514,0.001258187702
6029,0.001026167105,0.001247841086
6030,0.001094356339,0.001128512253
6031,0.001250204084,0.001251719106
6032,0.0009894330724,0.001305109014
6033,0.001151246906,0.001213547053
6034,0.001294335314,0.001394190607
6035,0.001274321832,0.001628963175
6036,0.001187884212,0.001205733883
6037,0.001069821003,0.001355637447
6038,0.001097348853,0.001047879799
6039,0.001111054022,0.001111937934
6040,0.00117874948,0.001312797831
6041,0.001006714148,0.001094728876
6042,0.001039614799,0.00133590123
6043,0.00125348306,0.001100162393
6044,0.001428470823,0.001243395323
6045,0.001242033322,0.001055087625
6046,0.001403037568,0.001342948686
6047,0.001160654829,0.00131746017
6048,0.001088207289,0.001167112925
6049,0.001342164978,0.0009762754635
6050,0.001184977649,0.001285983381
6051,0.0009774570426,0.001200709514
6052,0.0009859693164,0.00118149435
6053,0.00112079845,0.001330988838
6054,0.0009851680443,0.001312712804
6055,0.001344590826,0.001191566822
6056,0.001018617339,0.001185671768
6057,0.001148430747,0.001320100324
6058,0.00116862217,0.001304941521
6059,0.001261138561,0.001246468237
6060,0.001132982747,0.001274610164
6061,0.001308298662,0.001198602673
6062,0.001230255213,0.001129029013
6063,0.001050086983,0.001248709465
6064,0.001388134435,0.001204584456
6065,0.00112821794,0.001468489063
6066,0.001104159935,0.001193849515
6067,0.001340152761,0.001484024237
6068,0.001054581277,0.001319976072
6069,0.00112182559,0.001270052133
6070,0.0009965221325,0.00113563372
6071,0.001111595593,0.001491417745
6072,0.001073444357,0.00122785259
6073,0.001140245644,0.001175181569
6074,0.001364033204,0.001064206313
6075,0.001261615391,0.001342553747
6076,0.0009329733293,0.00118631743
6077,0.001231060785,0.001222799481
6078,0.0009948423904,0.001191553718
6079,0.0009258321006,0.001334299122
6080,0.001012498229,0.001206924411
6081,0.001066360193,0.00110043092
6082,0.0009966949583,0.001272687594
6083,0.001039149407,0.001294757778
6084,0.001201063846,0.001280606579
6085,0.001163317633,0.001327717167
6086,0.001077978886,0.00124711205
6087,0.0008968998227,0.001203271466
6088,0.001082773793,0.00116395692
6089,0.0010125642,0.001164712899
6090,0.001181083499,0.001124596289
6091,0.001208112197,0.001032734486
6092,0.001091686376,0.001112219601
6093,0.001198100319,0.001120045097
6094,0.000952831535,0.001199061458
6095,0.001091219303,0.001173664961
6096,0.001161166794,0.001293400404
6097,0.001059631002,0.001180571737
6098,0.001072032741,0.001327270409
6099,0.001127602067,0.001040266441
6100,0.001270138564,0.001245826548
6101,0.001080930757,0.001441575492
6102,0.001246307664,0.001272339789
6103,0.001252943948,0.001114701816
6104,0.001188550988,0.001315953552
6105,0.001243295861,0.001285633982
6106,0.001191518189,0.001336839399
6107,0.00116256396,0.001223165542
6108,0.0011916246,0.001109174533
6109,0.001139843931,0.001383309092
6110,0.001067327947,0.001175924226
6111,0.001089329591,0.001295350456
6112,0.001028948369,0.001424128306
6113,0.001172771699,0.001165919726
6114,0.001134105667,0.001318349365
6115,0.001170113472,0.001373645908
6116,0.001144126691,0.001227093751
6117,0.00116560125,0.001231387607
6118,0.001275146518,0.001139933425
6119,0.001084344251,0.001293977992
6120,0.001226559696,0.001264124992
6121,0.0009210334392,0.001364706535
6122,0.00123828261,0.00132011409
6123,0.001204442524,0.001304927457
6124,0.001060024144,0.001187686968
6125,0.001233239906,0.00130202969
6126,0.001502847124,0.001086857352
6127,0.001235894168,0.001145280883
6128,0.001031652209,0.00116651375
6129,0.001116405816,0.001170190531
6130,0.0009834053417,0.001365825505
6131,0.001128608623,0.001027434329
6132,0.001186845533,0.001176209713
6133,0.001156770406,0.001202554035
6134,0.001100278896,0.001194801262
6135,0.001196884114,0.001387625234
6136,0.0009031514346,0.001089909507
6137,0.0009730225065,0.001198435668
6138,0.00117060529,0.001050501334
6139,0.001127566036,0.001686990217
6140,0.001185123554,0.001288594758
6141,0.001220989616,0.00128561067
6142,0.001086569428,0.001142261368
6143,0.001289590808,0.001152765362
6144,0.001027145416,0.001132800215
6145,0.0009844594169,0.001231094539
6146,0.001122833892,0.0009323374034
6147,0.001188343733,0.001309047671
6148,0.001010329259,0.001134530357
6149,0.001103305083,0.001082090188
6150,0.001179731706,0.001163865847
6151,0.001072292682,0.001165177266
6152,0.001127913951,0.001181605381
6153,0.001050850951,0.001252634713
6154,0.001221564758,0.001349152786
6155,0.001065375582,0.001157521387
6156,0.001026307385,0.001149018775
6157,0.00106818472,0.001141104447
6158,0.001167099399,0.001355618602
6159,0.001020258336,0.001183328168
6160,0.001166050926,0.001210093164
6161,0.001234792122,0.001344286677
6162,0.001310378881,0.001390257821
6163,0.001290182256,0.001048706858
6164,0.001066525561,0.001168339593
6165,0.001100068825,0.001236840268
6166,0.0009730551101,0.001284057245
6167,0.001132075333,0.001048390259
6168,0.001025885293,0.001405670468
6169,0.00106909754,0.001245535263
6170,0.001076424007,0.001258233904
6171,0.001097384265,0.001171965036
6172,0.001194138145,0.001118104548
6173,0.001036891626,0.001048879116
6174,0.00106774969,0.001092207713
6175,0.001070280297,0.001150992146
6176,0.0009972241678,0.001010379106
6177,0.001048975901,0.001196989309
6178,0.001106667281,0.001326723272
6179,0.001158240302,0.001165374539
6180,0.001278473392,0.001234262309
6181,0.00101454003,0.001167949726
6182,0.001196095276,0.001342430201
6183,0.001218350291,0.001364889496
6184,0.001162992659,0.001257192358
6185,0.001024809855,0.001372448067
6186,0.001022306184,0.00118688379
6187,0.001150560696,0.001109339741
6188,0.001247695713,0.001309483334
6189,0.001207736379,0.001401541056
6190,0.001126828902,0.001341243515
6191,0.00109774062,0.001258499287
6192,0.001054876258,0.001294232083
6193,0.001110707162,0.001017755349
6194,0.001102577975,0.001403215196
6195,0.001135408296,0.001108037381
6196,0.001031716383,0.00121915427
6197,0.0009358125171,0.001095859756
6198,0.0009365856458,0.001294663416
6199,0.001017541857,0.001052281608
6200,0.001105090014,0.001119741042
6201,0.0009534309866,0.001174587676
6202,0.001035980473,0.001289372412
6203,0.001026591584,0.001203367683
6204,0.001114046456,0.00130820409
6205,0.0009451531296,0.001287968778
6206,0.001207693989,0.00141116391
6207,0.0009927361316,0.001291154338
6208,0.001088039993,0.001150266362
6209,0.00104151565,0.001329038954
6210,0.001089975463,0.001460516025
6211,0.0008986156317,0.001173199329
6212,0.001041393945,0.001230532565
6213,0.001227081986,0.001319215611
6214,0.001320063413,0.001092440762
6215,0.001106921831,0.001009836968
6216,0.001144247704,0.001079354159
6217,0.001246138949,0.001162872446
6218,0.001161381813,0.001119454253
6219,0.001105932308,0.001247688109
6220,0.001082847957,0.001312662767
6221,0.001008351486,0.001147862124
6222,0.001290726694,0.001290711261
6223,0.001179957573,0.001098277848
6224,0.0009751770704,0.001042227719
6225,0.001231534145,0.001463025386
6226,0.00120283875,0.001365724791
6227,0.001216333942,0.001149218573
6228,0.001193801836,0.001316061753
6229,0.00119715606,0.001207457717
6230,0.001119314322,0.001254632029
6231,0.001207253015,0.001307776904
6232,0.001271512854,0.001267151725
6233,0.001048766979,0.001240264479
6234,0.00102958412,0.001096927081
6235,0.001045106736,0.001085782387
6236,0.0009813201177,0.001199238024
6237,0.001125868846,0.00109522057
6238,0.0012301323,0.001106594107
6239,0.001189904455,0.001295393136
6240,0.001038779432,0.001209333539
6241,0.001017637995,0.001426047376
6242,0.001098070614,0.001034892848
6243,0.001115321022,0.001019774492
6244,0.001201782536,0.001407440323
6245,0.001059367372,0.001100935653
6246,0.001131687495,0.001284113474
6247,0.001126098439,0.001096902553
6248,0.001006775186,0.001275765579
6249,0.001020989781,0.001479253704
6250,0.00124804629,0.001294519141
6251,0.001394391416,0.00135068981
6252,0.0009685080295,0.001362789764
6253,0.0009227512928,0.001338506641
6254,0.001005402133,0.001213445779
6255,0.001007451749,0.001123919261
6256,0.001281174846,0.001068020298
6257,0.001092411752,0.00111739157
6258,0.001012181965,0.00101720899
6259,0.0009387565005,0.001231940427
6260,0.001227059831,0.001242064223
6261,0.001017056718,0.001097790613
6262,0.0009373209323,0.001114401835
6263,0.001060727103,0.001171135926
6264,0.001014882953,0.001187044298
6265,0.001022941513,0.001089803882
6266,0.001021681754,0.00134409203
6267,0.001152580262,0.001111841193
6268,0.0009479419168,0.001072976185
6269,0.00129473611,0.001225475964
6270,0.001207212299,0.001241228681
6271,0.001096875923,0.001282735248
6272,0.000939538113,0.001226684653
6273,0.001190161965,0.001041124713
6274,0.001105610805,0.001312741064
6275,0.001086816046,0.001137163148
6276,0.0009834420853,0.001147817442
6277,0.0009650901848,0.001312629574
6278,0.001083066658,0.001175792873
6279,0.0008808605489,0.0009915501942
6280,0.001326248836,0.001467676382
6281,0.001117427419,0.001538341334
6282,0.001223717823,0.001299818126
6283,0.001054104912,0.001180455554
6284,0.0009697280839,0.001089034522
6285,0.001187058508,0.001191392075
6286,0.0009760624889,0.001181843494
6287,0.001022091041,0.00125213775
6288,0.001177780396,0.001040244322
6289,0.00114915242,0.00125746776
6290,0.001323921962,0.001197795667
6291,0.001200717532,0.001154770289
6292,0.001190533556,0.001102086564
6293,0.001011688022,0.001195500714
6294,0.00107092331,0.001011300708
6295,0.001082703595,0.00122457707
6296,0.001012348963,0.001178755629
6297,0.001185058783,0.001226720524
6298,0.001045715333,0.001183664339
6299,0.001060602626,0.001369341138
6300,0.0009866518885,0.001612000633
6301,0.001014524853,0.001174983852
6302,0.001086388518,0.001069946651
6303,0.0008926634764,0.00112574768
6304,0.0009841502178,0.001238001008
6305,0.001312079439,0.001328696104
6306,0.001219097489,0.001122972077
6307,0.001300436757,0.001210947106
6308,0.001002588731,0.001055985507
6309,0.001306863865,0.001283437414
6310,0.0009717360517,0.001294190617
6311,0.001235277632,0.001252748705
6312,0.0009895018156,0.001078556968
6313,0.001260367622,0.001276026022
6314,0.001153042889,0.00118796849
6315,0.0009513723562,0.001182084561
6316,0.001004458594,0.001192938391
6317,0.0009957021466,0.001345463155
6318,0.001103212031,0.001303653429
6319,0.001107735297,0.001062164949
6320,0.001190340794,0.001356082779
6321,0.00107913823,0.001157718259
6322,0.0008726364249,0.001137805499
6323,0.000923611653,0.001176331156
6324,0.001074934829,0.00109525719
6325,0.001253988768,0.001095990738
6326,0.001189331255,0.001281626573
6327,0.001208553986,0.001198954109
6328,0.001199110739,0.001178233193
6329,0.001071722385,0.001159215462
6330,0.001009204017,0.001126352996
6331,0.001250628491,0.001305100326
6332,0.001192348573,0.001223082705
6333,0.0008886417272,0.001210116076
6334,0.001067679455,0.001272700087
6335,0.001196810816,0.0009836997269
6336,0.001112430866,0.001395115978
6337,0.001119570894,0.001200001228
6338,0.001238761281,0.001224076703
6339,0.000952075301,0.001338157876
6340,0.001036321926,0.001082352428
6341,0.0009190987548,0.001229480047
6342,0.001062385898,0.001322625008
6343,0.001172107703,0.001162280561
6344,0.001100109359,0.001222036801
6345,0.00104667955,0.001046027843
6346,0.0009425564349,0.001097263252
6347,0.001060372677,0.001212357762
6348,0.001307302984,0.001329053441
6349,0.0009961125397,0.001225688575
6350,0.001090556238,0.001255553296
6351,0.00107083124,0.001112445359
6352,0.0009872834198,0.00117911843
6353,0.001178980463,0.001331560765
6354,0.001102582923,0.001160239874
6355,0.0009865235552,0.001076467241
6356,0.001066714758,0.001059822673
6357,0.001123587135,0.001184706096
6358,0.0009443490853,0.001299195414
6359,0.001271941335,0.001123503585
6360,0.001040889809,0.001284178499
6361,0.0009167155804,0.001269260116
6362,0.00127077091,0.001190021438
6363,0.001177372069,0.001251168665
6364,0.001117695705,0.001228601235
6365,0.001055866524,0.00101668694
6366,0.001221898696,0.001195214747
6367,0.0009276983837,0.001334095679
6368,0.00132668906,0.0012478301
6369,0.001115057174,0.001045454243
6370,0.0009212180885,0.0009979069218
6371,0.001033413937,0.001210195995
6372,0.00108680554,0.001194237338
6373,0.001255220071,0.001287625812
6374,0.0011343773,0.001305174177
6375,0.0008759047123,0.001249234454
6376,0.001163197339,0.001261368365
6377,0.001321715892,0.001250132642
6378,0.001178756364,0.001206337591
6379,0.001133131576,0.001130153447
6380,0.001234449825,0.001158241896
6381,0.001237418306,0.001181961241
6382,0.00114078341,0.001411288074
6383,0.001103435578,0.001190736526
6384,0.001203669715,0.001106225936
6385,0.0009253579992,0.001215569282
6386,0.0009618255717,0.001160688102
6387,0.0009316848882,0.001202334657
6388,0.0009731323735,0.001113837941
6389,0.001347644022,0.00139723724
6390,0.001087242032,0.001176644597
6391,0.001318628711,0.001118962609
6392,0.001105172312,0.00145777985
6393,0.001088413046,0.001279236472
6394,0.001296743147,0.001220605991
6395,0.001386817006,0.00177985357
6396,0.001327747603,0.001150915661
6397,0.001061843097,0.001161364104
6398,0.001105944088,0.001316094022
6399,0.000950174006,0.001392109451
6400,0.001400226523,0.001244367435
6401,0.001055615816,0.001426993462
6402,0.001211884242,0.001258475342
6403,0.001444564456,0.001341028626
6404,0.001104715615,0.001076639615
6405,0.001071847539,0.001387771466
6406,0.001082403374,0.001107327102
6407,0.001017855546,0.001162686232
6408,0.0009643958838,0.001278536947
6409,0.00101180753,0.001089333076
6410,0.001076494744,0.001249378787
6411,0.001079762988,0.001198114696
6412,0.00132225937,0.001397066422
6413,0.001051867715,0.001056100504
6414,0.00102511506,0.001363004863
6415,0.001065010896,0.00133102759
6416,0.001000177865,0.001366385142
6417,0.001259225406,0.001258550248
6418,0.00115665354,0.001174041739
6419,0.001065595708,0.001100812093
6420,0.001404582908,0.001197798927
6421,0.001077642824,0.00120069339
6422,0.001142207213,0.001181569052
6423,0.0008756812385,0.001218956422
6424,0.001033679313,0.001242222301
6425,0.0009856191609,0.001094800959
6426,0.001116420557,0.00109014778
6427,0.00101917587,0.001091278813
6428,0.001020333206,0.001240645666
6429,0.0009626164319,0.001015312242
6430,0.001159163483,0.001271596491
6431,0.001074100517,0.001274491311
6432,0.0009684974648,0.001177289188
6433,0.001058910384,0.001100194109
6434,0.001115688392,0.001161028107
6435,0.0009945580096,0.001081157607
6436,0.0008924039867,0.00102444645
6437,0.0009628001862,0.001150574368
6438,0.001018250929,0.001277676427
6439,0.001391911261,0.001222211402
6440,0.0009460540678,0.001065639801
6441,0.0009811093987,0.001145269001
6442,0.00108461026,0.001171068987
6443,0.001072275052,0.001104853858
6444,0.00105833487,0.001358935813
6445,0.001199290316,0.001100313013
6446,0.001263035985,0.001190543917
6447,0.0009215111932,0.001257598698
6448,0.001266826526,0.001208089598
6449,0.0009743080955,0.001098741479
6450,0.00103530506,0.00115657274
6451,0.001079701331,0.001079076683
6452,0.001006356964,0.001234356452
6453,0.0009693524844,0.001214134179
6454,0.001127066891,0.001325419827
6455,0.001248862951,0.001531014947
6456,0.0009760693065,0.001165565562
6457,0.001131095756,0.00104400079
6458,0.001292262445,0.001237650227
6459,0.001401656045,0.0009924884725
6460,0.0009916449271,0.0009640456774
6461,0.00120901793,0.001341996627
6462,0.001159135856,0.001098983375
6463,0.001106913012,0.001115578547
6464,0.001022547622,0.001109283534
6465,0.001120016364,0.001257341304
6466,0.00124917239,0.001192945165
6467,0.0009877506091,0.001252640184
6468,0.001194312215,0.001240795318
6469,0.000978318305,0.0010779976
6470,0.001019830852,0.001132683057
6471,0.001072372725,0.001086901655
6472,0.001011515262,0.0009696663474
6473,0.001096066444,0.001184064306
6474,0.001010670276,0.001138809464
6475,0.001083112882,0.00102425745
6476,0.0009733667248,0.001147226947
6477,0.000881123553,0.001199667371
6478,0.001053691369,0.001165702175
6479,0.001086996112,0.00105548562
6480,0.001113562044,0.001246879263
6481,0.00099583267,0.001004911923
6482,0.0009847585534,0.001139336593
6483,0.001212346368,0.001200707324
6484,0.0009513136902,0.001171563548
6485,0.001209090799,0.001127985386
6486,0.001048523583,0.001011920249
6487,0.0009428551639,0.001040809519
6488,0.001205874178,0.001039869472
6489,0.001118091437,0.001285354905
6490,0.001050960258,0.001157116589
6491,0.00104557423,0.001239982186
6492,0.001153913377,0.001037832473
6493,0.001081960007,0.001040474599
6494,0.000975554969,0.001138214502
6495,0.001321555319,0.001141422341
6496,0.001305898404,0.001174944002
6497,0.001162416622,0.001252878261
6498,0.001190718831,0.001216431738
6499,0.00108544543,0.001270018118
6500,0.0009195959865,0.001240138416
6501,0.0009924840415,0.001100216054
6502,0.001043527205,0.001144884212
6503,0.001141454341,0.001254471557
6504,0.00120349582,0.001129426979
6505,0.001073568325,0.001216714125
6506,0.001223122432,0.001021990844
6507,0.0009860096616,0.00116260651
6508,0.0009803735011,0.001147042334
6509,0.001207708097,0.001315132722
6510,0.001099305809,0.00114961285
6511,0.001072982872,0.001006092447
6512,0.0009728639634,0.0009624139857
6513,0.0009497435094,0.001042488082
6514,0.0009989576574,0.001139042368
6515,0.001027910686,0.001105500814
6516,0.001036961985,0.001261745208
6517,0.0009346059087,0.001177864564
6518,0.001083534233,0.001197083038
6519,0.001210094531,0.001174135738
6520,0.0009811850832,0.001217075194
6521,0.001060904797,0.001315169131
6522,0.0009330189932,0.001305986749
6523,0.001114566832,0.001118075663
6524,0.0009810163101,0.001118189153
6525,0.001089434118,0.001082255556
6526,0.0009764104398,0.001085983786
6527,0.0009981133626,0.001055970402
6528,0.0008936526356,0.00135324258
6529,0.001056362598,0.001248760003
6530,0.001042498887,0.001333017201
6531,0.001096454136,0.001170389689
6532,0.0010628413,0.001216424287
6533,0.001094711428,0.001309162493
6534,0.001151243727,0.001108613447
6535,0.001135662533,0.001324937832
6536,0.001103747803,0.0009921666133
6537,0.000865273556,0.001213461488
6538,0.0008836133347,0.00111506597
6539,0.0009425699973,0.00102413939
6540,0.001015804912,0.001139504449
6541,0.001055782348,0.001087988821
6542,0.0009665018297,0.001202548527
6543,0.0008873362167,0.00115815147
6544,0.001082356262,0.001302101693
6545,0.001104450661,0.001208735339
6546,0.001048147431,0.001111441328
6547,0.001041360672,0.001450154756
6548,0.001078091911,0.001227219596
6549,0.0008882556358,0.001362232724
6550,0.001035139416,0.001125573617
6551,0.001073237298,0.001224940643
6552,0.0009286382337,0.001306683742
6553,0.0009627818799,0.0009777267478
6554,0.001035154259,0.001172274562
6555,0.001168771902,0.001301637109
6556,0.0009972803382,0.001113504011
6557,0.0009701949966,0.001277634306
6558,0.0009720753078,0.001246687309
6559,0.001079217742,0.001214007156
6560,0.00124752376,0.001255204654
6561,0.0009648269915,0.001061467439
6562,0.0009045568222,0.001157747727
6563,0.001012658715,0.001216747747
6564,0.001146610601,0.001068904559
6565,0.001112274091,0.001225003856
6566,0.001022145545,0.001289628926
6567,0.001072275154,0.001183120847
6568,0.001108709301,0.001104392584
6569,0.001162192166,0.001152441007
6570,0.00108945735,0.00119919952
6571,0.0008557006804,0.001156798302
6572,0.000971325775,0.001113412254
6573,0.0009262516396,0.00133764786
6574,0.001288385472,0.0013410186
6575,0.0009264813052,0.001335308276
6576,0.001084260395,0.001147882082
6577,0.001078433532,0.001146535396
6578,0.001213040086,0.001224835883
6579,0.001164750967,0.001219317732
6580,0.0009607994507,0.0008973315707
6581,0.0009454178144,0.001195327983
6582,0.001176459773,0.001075351727
6583,0.001096429332,0.001073322739
6584,0.0009433354062,0.0009986537552
6585,0.001173768462,0.001437703322
6586,0.001067683181,0.001080693502
6587,0.0009555954821,0.001259894249
6588,0.001160773114,0.001142779838
6589,0.001183104214,0.001260282166
6590,0.0009118106245,0.00116753074
6591,0.001153034827,0.001154705329
6592,0.001040540839,0.001059568269
6593,0.0009581654231,0.001178608472
6594,0.001138097388,0.001114499508
6595,0.001170851559,0.001404000155
6596,0.001037468261,0.001102635732
6597,0.001055686145,0.001163418885
6598,0.001000690543,0.001056109119
6599,0.0010448092,0.001084583208
6600,0.0008069961841,0.0009552375559
6601,0.001085012031,0.00103135025
6602,0.001170591044,0.001197951839
6603,0.001114307481,0.001177333514
6604,0.0009846713801,0.00128128691
6605,0.001192333271,0.001351559884
6606,0.001039244577,0.001126044772
6607,0.001288695137,0.00124105507
6608,0.00122354702,0.001233951087
6609,0.001373846993,0.001004003119
6610,0.001279172655,0.001333941764
6611,0.001040379029,0.001192124611
6612,0.0008510588377,0.001070550818
6613,0.001069922342,0.001153627127
6614,0.0009126136356,0.00100119644
6615,0.001008965424,0.001161831766
6616,0.001090718244,0.001138982632
6617,0.0008912653793,0.001338799011
6618,0.001095085798,0.001243738385
6619,0.001034323126,0.00121898573
6620,0.001241698548,0.001334601664
6621,0.001033620021,0.001357214511
6622,0.00110043685,0.001084160205
6623,0.00102272215,0.001135097446
6624,0.001338268768,0.001184080713
6625,0.000974786999,0.001150135337
6626,0.001126722476,0.001226096203
6627,0.0009161301277,0.001161860586
6628,0.001042521144,0.0009993815329
6629,0.0008854880944,0.001063316602
6630,0.0009741862523,0.001223295236
6631,0.0009257935963,0.001117157815
6632,0.0009199169726,0.001227276545
6633,0.001104702482,0.00124458308
6634,0.0009967487276,0.001176813334
6635,0.001190392832,0.001008791231
6636,0.001183149223,0.001138859639
6637,0.0008821344527,0.001084007126
6638,0.0009784207796,0.001208701986
6639,0.0009798732572,0.001193145035
6640,0.001047058147,0.001329284154
6641,0.001072998413,0.001244133506
6642,0.001077801498,0.001039382187
6643,0.0009297217184,0.001109433826
6644,0.001046669662,0.001122949572
6645,0.001442390443,0.001040323354
6646,0.001083387433,0.001172842312
6647,0.0008327821488,0.001186922207
6648,0.001034118104,0.001057901842
6649,0.001136113286,0.001165700298
6650,0.001050415274,0.001290740765
6651,0.001328164566,0.001402951137
6652,0.00117454274,0.001127130614
6653,0.001127769603,0.001282320074
6654,0.001240243815,0.001132021658
6655,0.0008742668288,0.001090084741
6656,0.0009823222281,0.001142873181
6657,0.000950222653,0.001072539751
6658,0.001244624284,0.001062824645
6659,0.001029594292,0.001326498321
6660,0.001197283927,0.00092083864
6661,0.0009860768987,0.001102132977
6662,0.001132982594,0.001020510193
6663,0.001234940079,0.001225652726
6664,0.0009481947491,0.001031673906
6665,0.0009073832334,0.001176657861
6666,0.001014718378,0.00118018721
6667,0.00102100832,0.00130182226
6668,0.001041608659,0.001261096862
6669,0.001067532423,0.001327205791
6670,0.001235733434,0.00121805651
6671,0.001014400819,0.001286614613
6672,0.00122291944,0.001148559131
6673,0.001057433183,0.00128535882
6674,0.001123511734,0.0009969546591
6675,0.0009560706676,0.001024509074
6676,0.0009622524085,0.001369253398
6677,0.0008937599923,0.001040043586
6678,0.001026375059,0.001104179857
6679,0.001197778802,0.001019590294
6680,0.00100751756,0.0012803797
6681,0.0009666350379,0.00118364935
6682,0.001076277105,0.001026337362
6683,0.001402110771,0.00122565827
6684,0.001402434864,0.001442994129
6685,0.001283398538,0.001249036606
6686,0.001387479751,0.001132353107
6687,0.001264512277,0.001205597764
6688,0.001174880439,0.001142392182
6689,0.001089276862,0.00131786587
6690,0.001087751742,0.001305136757
6691,0.001131407284,0.001164341949
6692,0.001049843573,0.00119093628
6693,0.001128032636,0.0009828659531
6694,0.0008445641361,0.00105001733
6695,0.001049861465,0.001083325675
6696,0.001109842589,0.001056663437
6697,0.0008939688778,0.001311745982
6698,0.0009710871745,0.0009374428337
6699,0.0008825527621,0.001145777773
6700,0.001220268619,0.001189176539
6701,0.001171026364,0.001067382502
6702,0.0009416252869,0.001137987187
6703,0.001106732881,0.001082231887
6704,0.0009768063246,0.001101808397
6705,0.001301084128,0.001225063104
6706,0.001130997909,0.001097712477
6707,0.001275453084,0.001215683616
6708,0.0009257603233,0.001348293517
6709,0.001008932559,0.001158514991
6710,0.0009611262649,0.001331790038
6711,0.001020092859,0.0009071580716
6712,0.0009277247009,0.001099469206
6713,0.0008455418647,0.001171413482
6714,0.0009439643836,0.001022867575
6715,0.001031759959,0.001090681289
6716,0.0009803573485,0.001209476395
6717,0.001142731933,0.00111570696
6718,0.001277548661,0.001058413494
6719,0.001084338735,0.001289912805
6720,0.001056539906,0.001041886004
6721,0.001103756178,0.001127559342
6722,0.001091877282,0.001145133479
6723,0.0009041053927,0.001180726475
6724,0.00105102318,0.001023814555
6725,0.001006641236,0.001161930755
6726,0.001116778629,0.001306469378
6727,0.0009983353593,0.001147271396
6728,0.0009344281498,0.000994028429
6729,0.001010169217,0.001250039939
6730,0.0008533009532,0.001075205822
6731,0.00112981975,0.001431601988
6732,0.001010889944,0.00126658933
6733,0.0009651118817,0.001086453878
6734,0.0008367729315,0.001048072329
6735,0.0009897933051,0.001248799977
6736,0.001113946848,0.00130095573
6737,0.001224826643,0.001135653096
6738,0.000973938797,0.001204134896
6739,0.001082965304,0.001084734089
6740,0.001314588844,0.001236562108
6741,0.0008386744739,0.001276391791
6742,0.00090522955,0.0009477621061
6743,0.0009317599179,0.001040494848
6744,0.0009348631502,0.001280441618
6745,0.001011250934,0.001116206491
6746,0.0008350966091,0.0009923425168
6747,0.0009914686962,0.001199236067
6748,0.001026897786,0.00101549898
6749,0.001291952249,0.001178531282
6750,0.001054533313,0.001238827208
6751,0.0009425163953,0.001128772747
6752,0.0008551606734,0.00114602744
6753,0.0009515623678,0.001282828038
6754,0.001038128277,0.0009717143694
6755,0.000847264535,0.001223774132
6756,0.001129594486,0.001143242065
6757,0.00101451455,0.001467365742
6758,0.001079551606,0.001106676165
6759,0.0009290522721,0.001162939923
6760,0.001132652149,0.00121821354
6761,0.001054571272,0.001133132617
6762,0.0009623129445,0.0009566501394
6763,0.001106304982,0.001068736165
6764,0.0009419213893,0.001233100229
6765,0.0009457711785,0.001152844074
6766,0.00105484089,0.0009965074205
6767,0.001136418708,0.001006961647
6768,0.0009694969704,0.001198147067
6769,0.0009309058078,0.001189660485
6770,0.00118972901,0.001206572277
6771,0.001295875838,0.001421020417
6772,0.001057486719,0.001483234417
6773,0.001170662996,0.001177085644
6774,0.00100000282,0.00118007791
6775,0.001018591785,0.00121947287
6776,0.0009463451715,0.001298777395
6777,0.001131832956,0.0009861779472
6778,0.0009628313273,0.001162653374
6779,0.0009179394474,0.001098748296
6780,0.00111135823,0.00123649156
6781,0.001112328544,0.001034925204
6782,0.001118801796,0.001108482378
6783,0.0007940972864,0.001057060748
6784,0.001094099367,0.001162336681
6785,0.0009929589287,0.001181131491
6786,0.0009392461216,0.001141798923
6787,0.001174480101,0.001003304817
6788,0.001100996444,0.001270150635
6789,0.001017042312,0.001021326323
6790,0.001061988507,0.001227752786
6791,0.001154884376,0.0009895043768
6792,0.0008529752376,0.001169109113
6793,0.000936961238,0.001113108767
6794,0.0009569330214,0.001097954795
6795,0.0009028399872,0.001145697199
6796,0.001061388371,0.00110446805
6797,0.001158901556,0.001036588226
6798,0.001003931822,0.001234241994
6799,0.001107868098,0.001383723262
6800,0.001130637997,0.001059830625
6801,0.000925505803,0.001295613671
6802,0.001286698578,0.00106695405
6803,0.001073376035,0.001610468185
6804,0.00116558907,0.001307393672
6805,0.00102087493,0.001173544137
6806,0.001001606863,0.001137638224
6807,0.001038593029,0.001376107386
6808,0.001155596241,0.001317894676
6809,0.001040954165,0.001138430176
6810,0.001043239252,0.001109005425
6811,0.0009393080909,0.001117053769
6812,0.0009746690121,0.001242102378
6813,0.001172779303,0.001122774258
6814,0.001009758947,0.001178497929
6815,0.001251648202,0.001462060813
6816,0.001318328126,0.001162663197
6817,0.001025239006,0.001121292269
6818,0.0009131968254,0.001162281602
6819,0.001141756693,0.001061481111
6820,0.0009352152119,0.001117603242
6821,0.001096494161,0.001059193659
6822,0.0009359363394,0.001009052838
6823,0.001237730619,0.001451052936
6824,0.001046280144,0.001097592656
6825,0.0009561716433,0.0009139257672
6826,0.0009933123001,0.001255854164
6827,0.0009456659172,0.001230997303
6828,0.001196676494,0.001117489795
6829,0.001053772336,0.001237245815
6830,0.001001614684,0.001241143655
6831,0.001079605259,0.001024664365
6832,0.00101952596,0.001195835132
6833,0.0009693229367,0.001030125626
6834,0.001022976736,0.001151384589
6835,0.0010526478,0.001024023441
6836,0.0008822684831,0.001167466493
6837,0.0008976050958,0.001082313051
6838,0.0009645047394,0.00116576568
6839,0.0009867189583,0.001156789782
6840,0.0008604255418,0.001066234865
6841,0.0008990878778,0.001013398745
6842,0.0009104098281,0.001136520936
6843,0.001049809151,0.001272933267
6844,0.001328967199,0.0009815447629
6845,0.0009683325552,0.001046870238
6846,0.001195116616,0.001219218655
6847,0.00129165512,0.001015046968
6848,0.001003020836,0.001215094075
6849,0.001029279556,0.001318405957
6850,0.001087062934,0.001041545831
6851,0.001034526606,0.001362837829
6852,0.0009475170227,0.0009664113095
6853,0.0009227961564,0.00131289976
6854,0.0009329528402,0.001489129951
6855,0.001385170988,0.001148013565
6856,0.001210928487,0.001236601194
6857,0.001054488253,0.001264432904
6858,0.001027591716,0.0009644513848
6859,0.00124692481,0.001221963161
6860,0.001032903696,0.001108340162
6861,0.0009826392998,0.001046014113
6862,0.0008462708938,0.001367294171
6863,0.0008897668522,0.001116214436
6864,0.001039104391,0.001087035227
6865,0.001139813117,0.001192550139
6866,0.001396614483,0.001223580635
6867,0.001194978693,0.001362474883
6868,0.001047615937,0.001016267706
6869,0.00101091151,0.001228052104
6870,0.0008767343897,0.001163956927
6871,0.001106962482,0.001195787016
6872,0.0009353851929,0.001144429247
6873,0.001049157807,0.001416678781
6874,0.001184688612,0.001315483372
6875,0.0008182525635,0.001122163427
6876,0.0009174239094,0.001150056254
6877,0.0009809464027,0.0012445619
6878,0.0008884900744,0.001101057278
6879,0.001102576869,0.001182454922
6880,0.001260276331,0.001217084588
6881,0.0009161771959,0.001239260157
6882,0.001035289031,0.001122842565
6883,0.001067583988,0.0010069247
6884,0.00126549018,0.000980477249
6885,0.001078453279,0.001264742525
6886,0.00104015832,0.001037399714
6887,0.0009520913081,0.001129047392
6888,0.001112763719,0.00137574214
6889,0.001249888177,0.001247820146
6890,0.0009938048897,0.001173788194
6891,0.000960152589,0.001117371452
6892,0.0009581271515,0.001148685173
6893,0.001075446504,0.001086727556
6894,0.0009697697897,0.00115186083
6895,0.001170448908,0.001088522869
6896,0.0009526385984,0.0009913614267
6897,0.001114582832,0.001103359085
6898,0.001075787339,0.001120768109
6899,0.001044443132,0.00116387962
6900,0.00125747233,0.001123658636
6901,0.001029740801,0.001090547645
6902,0.0009627275285,0.001118603781
6903,0.000952580951,0.001079035123
6904,0.001078084009,0.001148420568
6905,0.001036829424,0.001091985869
6906,0.0009090991953,0.001108473414
6907,0.0009663639648,0.001119289474
6908,0.00101246265,0.001085422089
6909,0.0009701517483,0.00106177164
6910,0.001025032194,0.001285577906
6911,0.0008007231045,0.001188538721
6912,0.0008118270271,0.001133167367
6913,0.0009954209527,0.001256706208
6914,0.0008041585752,0.001181360109
6915,0.001099553883,0.001003589867
6916,0.0009240534855,0.0012647658
6917,0.0009076626447,0.001181069449
6918,0.001054496941,0.001145873131
6919,0.001185400157,0.001531392998
6920,0.0008879425586,0.001108918099
6921,0.001221803053,0.001087183096
6922,0.001202804968,0.0009820894702
6923,0.001027992679,0.001123984897
6924,0.0009929723965,0.001126163108
6925,0.0008321549467,0.001272713132
6926,0.001023975557,0.001175358389
6927,0.001033608372,0.001269997956
6928,0.0009526997092,0.001181048567
6929,0.0009381045311,0.001142897148
6930,0.001040886353,0.001068452999
6931,0.001078217501,0.001069035286
6932,0.001043877099,0.001152606295
6933,0.0009528972514,0.001251763912
6934,0.001013354202,0.00119019932
6935,0.001102847527,0.001042757998
6936,0.001119563865,0.001146227194
6937,0.0009966949583,0.001046579964
6938,0.0008742281643,0.001113749655
6939,0.0009362455094,0.001239403995
6940,0.0009960744865,0.0009801815977
6941,0.001002840843,0.001011354419
6942,0.000983046295,0.001182419015
6943,0.0009781872723,0.001223466235
6944,0.0009800150729,0.001086479941
6945,0.001048487713,0.001036506015
6946,0.001151332886,0.001208229056
6947,0.0009179611807,0.001239544894
6948,0.0008283135467,0.00100669064
6949,0.0009843699954,0.001279955279
6950,0.001092556966,0.001350607752
6951,0.001037364258,0.001063742464
6952,0.001059552887,0.001199072758
6953,0.0008585089599,0.0009870639624
6954,0.0009457028063,0.0009461978916
6955,0.0008800383657,0.001125075527
6956,0.001082742281,0.001234607043
6957,0.00105050594,0.001097425375
6958,0.0009835578967,0.001153084653
6959,0.001083116869,0.001171732314
6960,0.0009573352509,0.001184821776
6961,0.00144177,0.001255708376
6962,0.0009104626442,0.001405236791
6963,0.001113533392,0.001111678081
6964,0.001011822082,0.001443925998
6965,0.001008574749,0.001210065457
6966,0.0009940038944,0.00101331991
6967,0.0009718792426,0.001071750106
6968,0.0009995556102,0.001004703416
6969,0.001160300162,0.00121245734
6970,0.001116885418,0.001184796129
6971,0.00100975958,0.001226874461
6972,0.001122057758,0.001053309054
6973,0.0009569976319,0.001059469818
6974,0.0009659287171,0.001349208229
6975,0.000964514591,0.001474693236
6976,0.0009331431938,0.001082457566
6977,0.00109859278,0.001022011835
6978,0.001090543585,0.001248711618
6979,0.001047000107,0.001080669113
6980,0.0009837950638,0.00102091505
6981,0.001030997133,0.001076073619
6982,0.0009388378603,0.001280405515
6983,0.00134172706,0.001141440684
6984,0.001117795538,0.00111950477
6985,0.001074614331,0.001157582788
6986,0.0009034909672,0.0009877963894
6987,0.0009886888947,0.001172077988
6988,0.0009969096282,0.001125530915
6989,0.001021736411,0.001180163337
6990,0.0009635201059,0.00100312048
6991,0.001024070036,0.00120902573
6992,0.001109462763,0.001219496386
6993,0.001185772511,0.00125708276
6994,0.001046202495,0.001076374581
6995,0.001088780016,0.001018297546
6996,0.001037759474,0.00117795074
6997,0.0009905584375,0.001208112873
6998,0.001103404378,0.001096427579
6999,0.00106582664,0.001324571349
7000,0.0009804940273,0.001202628686
7001,0.001233506046,0.001188414557
7002,0.001047835525,0.00101614403
7003,0.000855973849,0.001414362247
7004,0.001107201315,0.001227253408
7005,0.0008963151558,0.001251786278
7006,0.0008682573025,0.001078975489
7007,0.0009760014218,0.001230523652
7008,0.0008993658848,0.001425022521
7009,0.001085651158,0.001274218856
7010,0.001357320114,0.001276503368
7011,0.001141817964,0.001009322375
7012,0.0009930109445,0.001058852606
7013,0.001051040781,0.001144148249
7014,0.0009696676279,0.0009631709836
7015,0.001010142652,0.0009982700503
7016,0.001093002182,0.001087072189
7017,0.001092422775,0.00107692703
7018,0.0009724029806,0.001133703168
7019,0.001196563644,0.001047973798
7020,0.0009630199565,0.001188854862
7021,0.001177237784,0.001120996836
7022,0.0008778773663,0.001102411457
7023,0.001001965669,0.001341690309
7024,0.001009065993,0.001217067831
7025,0.0009811874115,0.001041171541
7026,0.001039018498,0.001109121644
7027,0.001162287481,0.001019335119
7028,0.0009731915416,0.0009698736103
7029,0.001226638713,0.001105558542
7030,0.00107447015,0.001159836916
7031,0.0009645785394,0.001086844117
7032,0.001021884666,0.001235423486
7033,0.001045279096,0.001181872933
7034,0.001128157775,0.001171445394
7035,0.001104302144,0.001181223117
7036,0.001186966372,0.001120559267
7037,0.0008658627339,0.001130140306
7038,0.001059159877,0.001163825335
7039,0.0009592886781,0.001118479042
7040,0.0009516689788,0.00108237956
7041,0.001126706578,0.001219437254
7042,0.001044105491,0.001081259579
7043,0.001291426059,0.001207760193
7044,0.001024416262,0.001055747016
7045,0.0008352533914,0.001088703531
7046,0.001048138198,0.001134086939
7047,0.0008607285417,0.001280677032
7048,0.0009341600598,0.001082093135
7049,0.001054186141,0.001450240619
7050,0.001408653006,0.00153778393
7051,0.001213057338,0.001394626372
7052,0.001235357573,0.001458194849
7053,0.001048035447,0.001257108415
7054,0.001012960602,0.001114565312
7055,0.001350994018,0.00128446491
7056,0.001006252867,0.001119417146
7057,0.001011169748,0.0009787858653
7058,0.0009853783849,0.001130611148
7059,0.0009635018432,0.00114866325
7060,0.001063539319,0.001097515822
7061,0.001130990575,0.001048756712
7062,0.001000741642,0.001149697251
7063,0.001102306567,0.001363647076
7064,0.001106281059,0.00117864013
7065,0.001124124596,0.00130083035
7066,0.001045184268,0.001057199988
7067,0.001172449905,0.001283281126
7068,0.001063999538,0.001100474081
7069,0.0009343939964,0.001186071167
7070,0.001309846921,0.001036826296
7071,0.0009591965645,0.001083514879
7072,0.001146571507,0.00116834588
7073,0.001097003442,0.001132817488
7074,0.001058948539,0.001040384348
7075,0.001213934411,0.001178423336
7076,0.001446054215,0.0009442173105
7077,0.0008953713113,0.001107488628
7078,0.001007043327,0.001049159764
7079,0.0009108154845,0.001299709693
7080,0.001043142336,0.001089167228
7081,0.001047666454,0.001096227621
7082,0.0009791537595,0.001095646934
7083,0.001018319177,0.001169838222
7084,0.001179710176,0.0009068297804
7085,0.0009908415159,0.001127629366
7086,0.0008940301559,0.0009045153129
7087,0.0009276631827,0.001077691049
7088,0.001013959627,0.001038702998
7089,0.0009861946019,0.0009606786625
7090,0.000996350107,0.001106824464
7091,0.001028915212,0.001120727007
7092,0.001033257984,0.001125554423
7093,0.0009327956868,0.001114823812
7094,0.000973831171,0.001063059281
7095,0.001006597086,0.001017906303
7096,0.0009502418543,0.001111668622
7097,0.001092905608,0.001219960584
7098,0.000900945277,0.001100094327
7099,0.001242814804,0.001017321985
7100,0.001001544901,0.001536072552
7101,0.001113349819,0.001210987735
7102,0.001061085291,0.00103592818
7103,0.0009549340903,0.001249807137
7104,0.0009700903756,0.001078180503
7105,0.001037044654,0.001045639154
7106,0.0008960089253,0.0009383133729
7107,0.001017493247,0.0009759445165
7108,0.0007942920129,0.001037797461
7109,0.0008144949534,0.001171560638
7110,0.0009212080622,0.001327484511
7111,0.0009933995389,0.001077122761
7112,0.001078428191,0.001125760355
7113,0.001016591435,0.001157553052
7114,0.001057863235,0.0009727422221
7115,0.001048002152,0.001110124147
7116,0.000985606217,0.0009346823281
7117,0.0009629205015,0.001052568914
7118,0.0008692932752,0.0011309111
7119,0.0008953758588,0.001211756084
7120,0.0009443946838,0.001176683429
7121,0.001095360356,0.001121716872
7122,0.001152601086,0.001019573741
7123,0.0009399771807,0.001192158619
7124,0.001155493796,0.001160276035
7125,0.001066941208,0.001116248204
7126,0.001203654538,0.001144864051
7127,0.0008616030609,0.001086828568
7128,0.0008244356941,0.001142838773
7129,0.00081497059,0.001234364048
7130,0.0009562262057,0.001057495982
7131,0.001229623049,0.00127974365
7132,0.001096965687,0.001196653975
7133,0.0009777228333,0.001123105787
7134,0.0008975702949,0.001283073427
7135,0.0012868907,0.001507085864
7136,0.001108300501,0.00104882157
7137,0.001041707394,0.00130784764
7138,0.001054295601,0.0009946148348
7139,0.00111060249,0.00113862539
7140,0.001053420572,0.001199761711
7141,0.001029082901,0.001206364832
7142,0.001261174468,0.00129053706
7143,0.001240279882,0.00114740627
7144,0.001073601918,0.000978330012
7145,0.0009161027774,0.001110403507
7146,0.0008154824754,0.0009616168609
7147,0.0009104793789,0.00111677462
7148,0.0009267681235,0.001071833467
7149,0.001026023543,0.0009903377941
7150,0.0009400374474,0.001000740413
7151,0.001045411089,0.0009532748008
7152,0.0008321371133,0.001328899161
7153,0.001020900352,0.0009617554097
7154,0.0009322363767,0.0009691028026
7155,0.0009685964251,0.001170407078
7156,0.0009015775358,0.001129722463
7157,0.001054335007,0.001266827821
7158,0.001161060638,0.001113085971
7159,0.001155927363,0.001147509262
7160,0.001003692538,0.00104175356
7161,0.0009692492895,0.001115497696
7162,0.0009443417803,0.0009656811235
7163,0.0009234810786,0.0012645284
7164,0.0008345320821,0.001134959806
7165,0.0009569865215,0.000984260063
7166,0.0008523295182,0.001100597423
7167,0.0008669500239,0.0008771148132
7168,0.001077154782,0.001183907851
7169,0.0008746424573,0.001056500521
7170,0.0008628431242,0.001160519874
7171,0.001042316318,0.001071699815
7172,0.0009598458346,0.001137788917
7173,0.001080249051,0.001107449483
7174,0.0009741087852,0.00100299676
7175,0.0009068173531,0.00114499707
7176,0.0009214761885,0.001213477233
7177,0.0009503011315,0.001409039302
7178,0.0008919817119,0.001078723733
7179,0.001132278187,0.001106459269
7180,0.0009693441243,0.001015595262
7181,0.001161079286,0.001211310184
7182,0.001107385557,0.001054810746
7183,0.0008711547125,0.001294014262
7184,0.001102806804,0.001347487203
7185,0.001070364517,0.001209097842
7186,0.001034738438,0.001010488631
7187,0.0008648654984,0.0009626593819
7188,0.001066913785,0.001310342239
7189,0.001050749292,0.001054092238
7190,0.0009383993311,0.001193236872
7191,0.001130254343,0.001086232573
7192,0.001017803013,0.001108981218
7193,0.000897650345,0.001118419626
7194,0.0009341882615,0.001129872515
7195,0.0009972120679,0.001320151481
7196,0.001076863795,0.001014917718
7197,0.000875995087,0.001124210125
7198,0.001126016083,0.001022143508
7199,0.001030607746,0.001064121738
7200,0.0009413802691,0.0009804903602
7201,0.001025088641,0.001187111273
7202,0.001190351541,0.001209909104
7203,0.001040745738,0.00114173317
7204,0.0009373530265,0.001178516424
7205,0.00100502123,0.001132880294
7206,0.0008979554405,0.001211985764
7207,0.001114977866,0.001114220358
7208,0.0009546486399,0.001093537889
7209,0.0009385776284,0.001112565114
7210,0.00108373737,0.001148528136
7211,0.001076462228,0.001023230965
7212,0.001083103591,0.00121204419
7213,0.000887176946,0.001197486883
7214,0.00109991894,0.001049181956
7215,0.0010194715,0.00112116932
7216,0.001072944782,0.001076634362
7217,0.0009997789239,0.001047548125
7218,0.001166001552,0.001090816542
7219,0.001024809135,0.001118821201
7220,0.001110482204,0.001181457417
7221,0.001017612958,0.001115746127
7222,0.0009737845467,0.00109985083
7223,0.001085139033,0.00123236463
7224,0.0009035879921,0.001172291988
7225,0.0009943945988,0.001249913628
7226,0.0009862600346,0.001466349073
7227,0.001126931391,0.001211821022
7228,0.001007213963,0.001259265169
7229,0.001031726853,0.001020915348
7230,0.0009216267936,0.00114638509
7231,0.000784795011,0.001205830653
7232,0.0008801782315,0.001124889495
7233,0.001014722009,0.001193502641
7234,0.0009782943744,0.001032671251
7235,0.001023455778,0.0009843814041
7236,0.0009670557483,0.0009617285759
7237,0.000918160782,0.001101322763
7238,0.001063832038,0.001083639996
7239,0.001055435816,0.0009876978947
7240,0.001128420918,0.001034786961
7241,0.0009400560957,0.001071980136
7242,0.001024500554,0.001119113651
7243,0.0009593274663,0.001085616037
7244,0.001039002054,0.00131674789
7245,0.000988199019,0.001246138243
7246,0.0009154716827,0.001233552066
7247,0.001256480769,0.001030995656
7248,0.0009332740956,0.00108543424
7249,0.001018704759,0.00110303791
7250,0.000988010419,0.00121935179
7251,0.0008520523988,0.0009723413896
7252,0.001002188365,0.001119906141
7253,0.001366785109,0.001128473035
7254,0.0008985706663,0.00122503272
7255,0.001054362059,0.001068393314
7256,0.001012844055,0.001198072066
7257,0.0009513069162,0.001120701629
7258,0.0009120858522,0.001034072906
7259,0.0009981549956,0.00104904177
7260,0.0009757137377,0.00108534364
7261,0.0008468990127,0.001163720946
7262,0.001406293719,0.001096781925
7263,0.001001628007,0.001087364799
7264,0.001079356167,0.0009769543612
7265,0.001090334408,0.001137758576
7266,0.0009849263079,0.00100219946
7267,0.001048782171,0.001164292531
7268,0.00113713582,0.001069396632
7269,0.0009358210664,0.00104740815
7270,0.0009376588787,0.0008581000147
7271,0.0008748015243,0.001115978594
7272,0.0009813673823,0.0009393096916
7273,0.000954410345,0.001143050686
7274,0.00101520391,0.001043391472
7275,0.001041173979,0.0009596844393
7276,0.0009981136245,0.001196854188
7277,0.001106386619,0.001097129061
7278,0.0008734541043,0.000975148876
7279,0.001099612717,0.001067741759
7280,0.001093798346,0.001221208993
7281,0.001141918423,0.001058305032
7282,0.0008433657786,0.001208863883
7283,0.0009093627596,0.001057407535
7284,0.0008082753338,0.001070510203
7285,0.0009787321469,0.001102659844
7286,0.0008752633657,0.001202570922
7287,0.0009561362531,0.001166005939
7288,0.001030064122,0.001062144642
7289,0.001062243762,0.001112567988
7290,0.001048170277,0.000859417858
7291,0.0009249564609,0.001262906131
7292,0.001140336484,0.001157127874
7293,0.001104858136,0.001237257122
7294,0.0009077012801,0.001059607152
7295,0.0009150355472,0.001007502513
7296,0.0007525065084,0.001076242137
7297,0.0008056643055,0.001149962045
7298,0.001084485346,0.001328833067
7299,0.001083318486,0.001294150527
7300,0.0008906897565,0.001186066263
7301,0.001026679594,0.001087868877
7302,0.0009563886124,0.001001521741
7303,0.0009810050833,0.001025746868
7304,0.001079989583,0.0009513788755
7305,0.001016341026,0.001080437534
7306,0.0007252403011,0.001165553032
7307,0.001057478519,0.001025219841
7308,0.0008760774945,0.0008335482635
7309,0.0009744658164,0.001137753308
7310,0.001154098871,0.001137044026
7311,0.0009069663065,0.001062033072
7312,0.00101260747,0.00120849246
7313,0.001059158596,0.001177466504
7314,0.0008320091365,0.001146681985
7315,0.001218729922,0.001124834766
7316,0.001175711412,0.001284634651
7317,0.00107853175,0.001077219698
7318,0.0009346960942,0.0009918173891
7319,0.001112061218,0.001050791099
7320,0.0009683490061,0.0009589916372
7321,0.0009023877137,0.0009152191706
7322,0.001044228993,0.001014993744
7323,0.001013727466,0.001346366393
7324,0.0009903844621,0.001201276667
7325,0.0009505903945,0.001078302404
7326,0.0009396127862,0.001170650699
7327,0.001018949806,0.001115969499
7328,0.000892601478,0.001175965306
7329,0.001103459137,0.001134588914
7330,0.0009372064596,0.0009643483136
7331,0.0007651573687,0.001100420384
7332,0.001207380345,0.001267966509
7333,0.001007577237,0.0009747214062
7334,0.001111220357,0.001243183266
7335,0.001117329346,0.001095025225
7336,0.0009660746218,0.001061179035
7337,0.00104155665,0.001137628431
7338,0.0009278774232,0.001037418646
7339,0.001068537451,0.001146528433
7340,0.0008223149925,0.001143213798
7341,0.000905818044,0.001013396817
7342,0.0009567624656,0.001101309019
7343,0.001086031989,0.0009624644081
7344,0.0008829634535,0.001060882976
7345,0.0009795511796,0.0009600139492
7346,0.0009682782838,0.001043471326
7347,0.0009909990695,0.001153069963
7348,0.001092279635,0.001117739368
7349,0.0009579689795,0.001079844929
7350,0.0009400177514,0.0009439688874
7351,0.0009129763275,0.001117074076
7352,0.001015957976,0.001203723077
7353,0.001013767192,0.0009062043537
7354,0.0009476123378,0.001228844681
7355,0.001040090829,0.001079982503
7356,0.000997625466,0.001075072869
7357,0.001037657537,0.001014848385
7358,0.0008427824214,0.001047645805
7359,0.0008986224857,0.001059865666
7360,0.0009381861018,0.001156752274
7361,0.001051532206,0.0009740957321
7362,0.0009090435706,0.001069836449
7363,0.0008183346945,0.000914990429
7364,0.001201384919,0.001050216262
7365,0.001209742375,0.001180742758
7366,0.001090853664,0.001048503902
7367,0.001063077405,0.001307355582
7368,0.0009278235229,0.001026956284
7369,0.00100141688,0.001180370004
7370,0.0009031344234,0.001017455899
7371,0.001100379333,0.001258581426
7372,0.0009017610937,0.001072835614
7373,0.0009654957103,0.001143335467
7374,0.001021278054,0.001238602214
7375,0.0008666370632,0.001179807841
7376,0.0008682840999,0.001152215184
7377,0.0009827978938,0.00139732442
7378,0.001023675381,0.001246654712
7379,0.0009142708805,0.001160651751
7380,0.001005032267,0.0009831942516
7381,0.0009307076616,0.001069867714
7382,0.0009341442128,0.001010263739
7383,0.0009570964685,0.001039364855
7384,0.0009411436695,0.001155041675
7385,0.0009776810257,0.001083872703
7386,0.0009998456153,0.00112228786
7387,0.001155870763,0.00106542874
7388,0.0009535930512,0.001023519653
7389,0.001037222915,0.001139307831
7390,0.0009298923615,0.0009723670737
7391,0.0008732857532,0.0009589904512
7392,0.00110160288,0.001125104485
7393,0.0008949406838,0.001004508536
7394,0.0009018143319,0.0009843661101
7395,0.0009560119943,0.001083950468
7396,0.0009067523133,0.001069443642
7397,0.001122008209,0.001070769336
7398,0.0009186780881,0.001170204778
7399,0.0009980032628,0.001231366528
7400,0.001228795707,0.0013174778
7401,0.0009587650857,0.001043677577
7402,0.0009044726248,0.001122087357
7403,0.0009029157227,0.00122222591
7404,0.0008803995443,0.001369131525
7405,0.001063834112,0.001143876485
7406,0.001106108211,0.0009536726793
7407,0.0009557902958,0.001039471135
7408,0.0009020526923,0.001068796257
7409,0.0008956194288,0.001051254476
7410,0.0008224888079,0.001076494802
7411,0.0009702263123,0.001204113134
7412,0.001048700302,0.0009595046286
7413,0.000984354454,0.001122975205
7414,0.001144700262,0.001015562186
7415,0.00104918288,0.001006114646
7416,0.0008235482965,0.001343875701
7417,0.001047830032,0.001199369413
7418,0.0009370456319,0.001199279402
7419,0.001161099171,0.001311844397
7420,0.0009000678765,0.001251062211
7421,0.00120624905,0.0009999290196
7422,0.001215655029,0.001066610028
7423,0.0009715000633,0.001057281312
7424,0.0009281608654,0.001003275938
7425,0.00111818908,0.001021361582
7426,0.0009693686079,0.001037538306
7427,0.0009165943411,0.0009952772889
7428,0.001064482007,0.001256060546
7429,0.0008899310342,0.001194758894
7430,0.001072336054,0.001060361516
7431,0.0009366351005,0.001076305249
7432,0.001175676698,0.00102192074
7433,0.0008933663485,0.001099980094
7434,0.0007911658176,0.001231903974
7435,0.0009678420392,0.001211700728
7436,0.0009368442697,0.001175000907
7437,0.0008096733291,0.001120484754
7438,0.001058290865,0.001062077819
7439,0.001102076334,0.001099916495
7440,0.001029289248,0.001159819229
7441,0.0008914340651,0.001116026426
7442,0.0008569524362,0.0009796624508
7443,0.001077197936,0.001019080504
7444,0.0009587904206,0.001121403002
7445,0.0009106039797,0.001055486537
7446,0.0009425402313,0.001223983585
7447,0.0009643223966,0.001126549316
7448,0.0009153273859,0.001045640209
7449,0.0009350851906,0.001206094588
7450,0.0008880750029,0.0009718840811
7451,0.0009394639783,0.001095087478
7452,0.001059258109,0.001065462326
7453,0.001066819743,0.0009708222133
7454,0.0008651438984,0.001154824837
7455,0.001207702029,0.0008935286751
7456,0.0009891251393,0.001076450382
7457,0.0008892957921,0.001183315297
7458,0.0009401849384,0.00120781194
7459,0.001114133833,0.001152382923
7460,0.001007132429,0.001040524716
7461,0.0009231521544,0.001049348277
7462,0.0009982778938,0.001099056346
7463,0.001055219072,0.001046645957
7464,0.001070532569,0.001132149744
7465,0.0008320365596,0.0009298694567
7466,0.001030496998,0.000993521513
7467,0.0008684601271,0.001135496132
7468,0.000930800401,0.001000360098
7469,0.001193632525,0.001246363579
7470,0.0008509560867,0.0009312770853
7471,0.0008769084016,0.00102304083
7472,0.001076550077,0.00114340648
7473,0.001303487923,0.001228024943
7474,0.001117784486,0.0010357625
7475,0.0008826445919,0.001063127958
7476,0.001088631674,0.001441330336
7477,0.001062742085,0.001229421614
7478,0.001062403731,0.001179245424
7479,0.0007877361859,0.001218532416
7480,0.0009404969387,0.0009396828027
7481,0.0009922223398,0.001192272728
7482,0.001002800673,0.001146531409
7483,0.0009771600453,0.001182471489
7484,0.0009947129074,0.001027893464
7485,0.00105724387,0.001070727994
7486,0.001146672163,0.001078631751
7487,0.0009808723407,0.0009585132284
7488,0.0006905522459,0.001147009534
7489,0.0009916645286,0.001042352764
7490,0.0008645923663,0.0009680738076
7491,0.001074633896,0.001147301038
7492,0.0009412400977,0.001079035792
7493,0.001016361908,0.00107340332
7494,0.000907098125,0.0009013409872
7495,0.0007784500704,0.001071382707
7496,0.0009042356687,0.001107141667
7497,0.001101210444,0.001057584072
7498,0.001016482129,0.001008936437
7499,0.0009686251069,0.001016200134
7500,0.0009859483325,0.001043397642
7501,0.001105149779,0.001081450362
7502,0.001081021444,0.0008495312577
7503,0.0008456456926,0.001049732215
7504,0.001192650423,0.001194056269
7505,0.0009788432653,0.001313192304
7506,0.00104888442,0.00110223097
7507,0.001175806799,0.001305200749
7508,0.0009469231954,0.001222126433
7509,0.001022494362,0.001092436731
7510,0.0009073192341,0.00108389563
7511,0.0008434113843,0.001333748929
7512,0.0009858284247,0.001000128519
7513,0.0009230593205,0.001016813119
7514,0.0009613912662,0.001103981274
7515,0.000952867762,0.000959893041
7516,0.0009199238993,0.001183588618
7517,0.001032971297,0.001057641217
7518,0.001129412223,0.0009774334685
7519,0.0007956977497,0.001142629379
7520,0.001091528342,0.0009951754982
7521,0.0009645072423,0.001023845507
7522,0.0008981440988,0.001036769499
7523,0.0009670466679,0.0009742959592
7524,0.001009072046,0.001070336184
7525,0.001025409452,0.001173042132
7526,0.0008744126317,0.001050592968
7527,0.00111590678,0.001027320199
7528,0.0009871817165,0.001017528419
7529,0.001100950547,0.001164870439
7530,0.000758795235,0.001168436291
7531,0.001015912181,0.00107865312
7532,0.0009441169823,0.001106887597
7533,0.001097420682,0.001062446216
7534,0.001005277365,0.00105153308
7535,0.0008712913695,0.001212082912
7536,0.0009651580549,0.001219068748
7537,0.0009944333578,0.001028428313
7538,0.0008549284175,0.0009877396515
7539,0.001026920741,0.001035086942
7540,0.001022894023,0.0009590044283
7541,0.0009930674059,0.0009861952276
7542,0.0008101852509,0.001130490418
7543,0.0009190077399,0.001014624788
7544,0.001148636162,0.00113079352
7545,0.0009017577759,0.001104381845
7546,0.001039556417,0.001188565053
7547,0.001026227445,0.001172619755
7548,0.00104240785,0.00104920692
7549,0.0009486537238,0.001039583731
7550,0.0008706318404,0.001321912903
7551,0.001053950589,0.001001798802
7552,0.001038190429,0.001102810158
7553,0.001133356607,0.0009561758707
7554,0.0009589807305,0.001279859061
7555,0.001017861789,0.0009704154072
7556,0.0008030116442,0.001035473062
7557,0.001002877892,0.001200765131
7558,0.0010925448,0.001126535717
7559,0.001065152719,0.001052585954
7560,0.0009116010624,0.0009185711024
7561,0.0008761916542,0.001104024908
7562,0.001134840153,0.001083827403
7563,0.0008311020647,0.001166507063
7564,0.0009831481875,0.001068793368
7565,0.001021372533,0.001156358507
7566,0.001029450264,0.001011116146
7567,0.0009500179294,0.001426025454
7568,0.001032072614,0.001282909128
7569,0.0008261838229,0.001089421443
7570,0.0007945788529,0.001061733696
7571,0.0008508407991,0.001151869947
7572,0.0008479641328,0.0009834675075
7573,0.001028099156,0.001390294405
7574,0.00103237787,0.001142381661
7575,0.000895715988,0.0008442306498
7576,0.001094256353,0.001075327309
7577,0.0009879041754,0.0009413713196
7578,0.0009824023437,0.001079045447
7579,0.001113779254,0.001186924579
7580,0.001013788038,0.001040828676
7581,0.0009505193302,0.0009658105701
7582,0.0009681804731,0.0009155265288
7583,0.000812749091,0.001034679073
7584,0.0008443091283,0.001197490084
7585,0.0008191111992,0.001079491114
7586,0.0009523104163,0.0009710972809
7587,0.001056931244,0.001085557691
7588,0.001009897445,0.0009544426284
7589,0.0008495703441,0.0009266228299
7590,0.0009939068841,0.0009100551615
7591,0.0008581178918,0.0009827901304
7592,0.001171501033,0.001062244002
7593,0.00103438065,0.001306089121
7594,0.001129524739,0.001053862616
7595,0.0007284894891,0.00104269007
7596,0.001047022102,0.00121304467
7597,0.0009170904377,0.001014557609
7598,0.0009980932809,0.001248701155
7599,0.001023323588,0.0008923236965
7600,0.0009107319129,0.001060816838
7601,0.0008577502449,0.0008598286076
7602,0.0009048110733,0.001097924644
7603,0.001011499262,0.0009900194127
7604,0.0009835375095,0.001165470305
7605,0.0009448020064,0.001152383826
7606,0.0008443083207,0.001325587808
7607,0.000903005217,0.0009609860499
7608,0.0008309768891,0.001063581163
7609,0.0008852663887,0.001076727895
7610,0.001075262975,0.001072229534
7611,0.0008713275238,0.001110853533
7612,0.001077235553,0.001109956072
7613,0.001058255701,0.001205070737
7614,0.001047529084,0.0009753725608
7615,0.000879645253,0.0009433161322
7616,0.0009141377886,0.001275561764
7617,0.001051797648,0.001200489452
7618,0.001145716262,0.001122914866
7619,0.0009810909687,0.001238967146
7620,0.0008873164406,0.001185922309
7621,0.0009249237191,0.0009283506806
7622,0.000950440357,0.0009222271983
7623,0.0009533383782,0.001149466123
7624,0.001314736379,0.001183642547
7625,0.0008585314426,0.001096887136
7626,0.001003942671,0.0008879169036
7627,0.001011435132,0.001069905396
7628,0.0009207043768,0.001254807925
7629,0.001008083033,0.0009854820673
7630,0.0009491538731,0.001135314567
7631,0.0009982869233,0.001124702234
7632,0.000939493184,0.001008786086
7633,0.001028773811,0.001055828638
7634,0.001105176176,0.00104728117
7635,0.001167417082,0.001346165787
7636,0.001180088788,0.001412066289
7637,0.0009233484161,0.0009599677942
7638,0.0008828749123,0.001108729819
7639,0.0009469302677,0.001111838799
7640,0.001221977829,0.001029388586
7641,0.0008751226051,0.0009853215306
7642,0.0009430108184,0.001031145912
7643,0.0009480998488,0.0009913740942
7644,0.0008237052825,0.001025016732
7645,0.000986920204,0.00128439533
7646,0.000903992579,0.001331183652
7647,0.0009761881884,0.001123450471
7648,0.0009103880948,0.001103071183
7649,0.001073378284,0.0009515466372
7650,0.0009193032456,0.001064691809
7651,0.0009628403932,0.001155548089
7652,0.0009700217342,0.001014019916
7653,0.0008967380127,0.0009614515002
7654,0.0009487512434,0.001031427251
7655,0.0008392989257,0.0009724809424
7656,0.000978225049,0.001241695951
7657,0.001017461524,0.0009443427989
7658,0.00093426272,0.001328595405
7659,0.001062079318,0.001018673
7660,0.0009222258959,0.0009451223741
7661,0.0009285660781,0.00115817511
7662,0.001012178174,0.001070877144
7663,0.00082795864,0.000957316086
7664,0.001044301425,0.001142076697
7665,0.001004197664,0.0008741365018
7666,0.001001796707,0.001040259136
7667,0.0009018892015,0.001139085914
7668,0.0008272384221,0.0009439466958
7669,0.0008856707063,0.001023917197
7670,0.000811471793,0.001002482059
7671,0.0009684868637,0.001057008456
7672,0.0009090281819,0.000934267664
7673,0.001068474077,0.001047461272
7674,0.0009151947743,0.0008513027715
7675,0.0009521770044,0.0009517177241
7676,0.001074286651,0.001215759912
7677,0.0009949825835,0.001353649495
7678,0.001301756514,0.0009926718703
7679,0.001106345218,0.0009203258451
7680,0.0008528938997,0.001060322931
7681,0.0008331030913,0.0009199510823
7682,0.001011166038,0.001064081851
7683,0.001056717374,0.0008839360089
7684,0.0007982546376,0.0008754290247
7685,0.0009045136612,0.00119913977
7686,0.0008761251011,0.0008953454962
7687,0.000907414098,0.0008964866938
7688,0.001134651946,0.001206557623
7689,0.001083627976,0.00114769151
7690,0.000960791338,0.001022537363
7691,0.0009350693872,0.001075977358
7692,0.001044030068,0.00101641089
7693,0.00100689668,0.001184580877
7694,0.0009960558746,0.001051416926
7695,0.0008349484197,0.001037390553
7696,0.001099056353,0.00100700355
7697,0.001172006276,0.001052070453
7698,0.001078786234,0.001108107557
7699,0.001192164949,0.001133425736
7700,0.00110330934,0.001288715888
7701,0.000964247447,0.001196641795
7702,0.00112432825,0.001122672365
7703,0.0008126121174,0.001042823489
7704,0.0008230914755,0.00106353085
7705,0.0009132174091,0.00125519115
7706,0.0008738314064,0.0008793309389
7707,0.0008614620237,0.001282542995
7708,0.0009506729693,0.001022295721
7709,0.001114470026,0.001030378218
7710,0.0009503233014,0.001134890255
7711,0.0008609909419,0.001055236906
7712,0.001108780481,0.001069038626
7713,0.0009094999841,0.0009766818475
7714,0.0009995528526,0.001302103614
7715,0.001025195532,0.001009875828
7716,0.00102540548,0.0008987895999
7717,0.0009106596553,0.001146448165
7718,0.001197619407,0.001101477566
7719,0.001037058915,0.00115277242
7720,0.000833337057,0.001047432212
7721,0.0008421294551,0.0009866628097
7722,0.0008882215188,0.00112954597
7723,0.0009690679581,0.000975769115
7724,0.0008314774022,0.001080302762
7725,0.00119607462,0.001150003045
7726,0.0009672097876,0.001099734793
7727,0.0008136927499,0.001080313639
7728,0.0008926957598,0.001099093606
7729,0.0008670495808,0.0009153328065
7730,0.0007918579358,0.0009305818094
7731,0.0009499617663,0.001088195699
7732,0.0009351138651,0.0009733420884
7733,0.001087824094,0.001156902705
7734,0.0009545922148,0.001019637413
7735,0.001241090889,0.001056095403
7736,0.0009170860067,0.001196314821
7737,0.001116937798,0.001081933362
7738,0.001128056625,0.001018864969
7739,0.000791752369,0.0008492170164
7740,0.0009445104733,0.001210615104
7741,0.001057929949,0.001007985273
7742,0.0008986638786,0.001205008644
7743,0.0009527106959,0.001013663052
7744,0.0009507419018,0.000994894559
7745,0.001093894665,0.001062371426
7746,0.0008462070691,0.001114631654
7747,0.0009181461282,0.001127796051
7748,0.0008281289702,0.001027272992
7749,0.001001471966,0.001324801604
7750,0.00105836703,0.001132882498
7751,0.0009174869265,0.001114403327
7752,0.0008994644741,0.001238040677
7753,0.0009966842044,0.001083099196
7754,0.0009549383467,0.001195660923
7755,0.00111495029,0.000991232635
7756,0.0009532654149,0.0009710620216
7757,0.001076786917,0.0009815492594
7758,0.0008850879894,0.001045438948
7759,0.001042739357,0.001075629989
7760,0.0009620054407,0.001008865685
7761,0.000983038226,0.001094456864
7762,0.001063401724,0.0009387183163
7763,0.000867658935,0.001004354839
7764,0.0009659685602,0.0009131574916
7765,0.00104655492,0.001284223938
7766,0.0007527654016,0.001160262203
7767,0.001097543201,0.001080647293
7768,0.00096674003,0.001060224524
7769,0.0008855791239,0.001302399469
7770,0.0009657656192,0.001181336076
7771,0.0007954771791,0.001047332487
7772,0.0009061258461,0.0009879510326
7773,0.001038814909,0.0009205579772
7774,0.000984366714,0.001090303456
7775,0.001105704061,0.001020318974
7776,0.001068421952,0.001277083466
7777,0.0008397079073,0.001063446784
7778,0.0009690678853,0.00104581318
7779,0.0008823306853,0.001086960445
7780,0.001180753265,0.0009670575892
7781,0.000997474177,0.001021372285
7782,0.0008180061632,0.0008926204682
7783,0.0008340054264,0.001065555312
7784,0.001173051445,0.001017240778
7785,0.0009086352438,0.001154453748
7786,0.001246144864,0.001004896993
7787,0.0009800709813,0.0008804443496
7788,0.0009254077158,0.0009592966817
7789,0.0009557156154,0.001066110672
7790,0.0008068137831,0.001254407245
7791,0.001089990539,0.0009294438787
7792,0.000825020812,0.001122043119
7793,0.0009613970396,0.001138267224
7794,0.000900231993,0.0008845900593
7795,0.001005923186,0.001015624235
7796,0.0009482166715,0.001020329997
7797,0.0008496994487,0.001057843467
7798,0.0009153124047,0.00116474778
7799,0.0009139244794,0.001147656803
7800,0.001047303427,0.001093457955
7801,0.001047644058,0.001145269998
7802,0.0008757887335,0.0009583954597
7803,0.000837433523,0.0009052423484
7804,0.0009995785585,0.0009851848808
7805,0.0009525285604,0.0008957985847
7806,0.001052995314,0.001078638241
7807,0.0008434227639,0.001027556209
7808,0.000837566753,0.0009733233674
7809,0.0009346024308,0.0009770551405
7810,0.0009832582,0.001013687965
7811,0.001061447605,0.001110322599
7812,0.0008044426941,0.001068952166
7813,0.0007446682721,0.000975811985
7814,0.0009423447736,0.0009795442238
7815,0.0009137374436,0.001092130384
7816,0.001143090187,0.00106630566
7817,0.001134996768,0.0009756674117
7818,0.0009406563549,0.001079505382
7819,0.001275616945,0.0009409254999
7820,0.000887082133,0.000999456337
7821,0.001079757756,0.001211695424
7822,0.0009042859019,0.0009615698946
7823,0.0008860855305,0.00105151107
7824,0.0008820362928,0.001078925052
7825,0.0007838268139,0.001064169308
7826,0.0008383931927,0.00118725637
7827,0.0009102289259,0.001053897875
7828,0.001016320268,0.001107817567
7829,0.0009501032982,0.001184573615
7830,0.001375492066,0.0008732679344
7831,0.0008153969247,0.0009419262788
7832,0.001108173819,0.00106094846
7833,0.0009458087006,0.001051665356
7834,0.001204621789,0.0008547223188
7835,0.0008909422322,0.001015202201
7836,0.0008874300256,0.001112156286
7837,0.0009269044021,0.0009361921766
7838,0.0008779264026,0.0009598231118
7839,0.0008359887142,0.001103200491
7840,0.0008401136001,0.0009814435762
7841,0.0007672927895,0.0009847813271
7842,0.0009803084613,0.001129032418
7843,0.0008444518535,0.001126661686
7844,0.0008852759711,0.0008650477612
7845,0.0008347726834,0.001012107627
7846,0.0009964553537,0.001057244139
7847,0.001022659228,0.001009529893
7848,0.0009852548828,0.001059057082
7849,0.001089392361,0.001074768457
7850,0.0008551789288,0.001156522114
7851,0.001086615805,0.001034670961
7852,0.0008940749394,0.000911485804
7853,0.0008635019185,0.0009478036154
7854,0.0009858085614,0.001043522578
7855,0.0008550560451,0.001037737064
7856,0.0008905909926,0.001285514729
7857,0.0008965943707,0.001007132727
7858,0.0007963505632,0.0009672663509
7859,0.001065126409,0.0011240397
7860,0.001131046134,0.001095141757
7861,0.000905953777,0.0009521014363
7862,0.0009941933677,0.001144462687
7863,0.0009459204884,0.001112636237
7864,0.0007662451462,0.001062510739
7865,0.0008454707931,0.001049331477
7866,0.0008549529884,0.001012954919
7867,0.0009546787187,0.001018522758
7868,0.0008894034108,0.001008001615
7869,0.0009122967022,0.0009073348047
7870,0.0008607923737,0.001046157937
7871,0.001057542118,0.001211261319
7872,0.0009669662104,0.0008909061071
7873,0.0009337725423,0.0009979911556
7874,0.000768270409,0.001033626599
7875,0.0009495995691,0.0009241764565
7876,0.0008744204388,0.001056386383
7877,0.000758135182,0.001116457948
7878,0.0009648160267,0.00113777494
7879,0.0008496023438,0.001101763293
7880,0.001304904014,0.001099753666
7881,0.0008076812519,0.0008878936205
7882,0.001018757255,0.0009886867992
7883,0.0008125390086,0.000970375906
7884,0.0008999252459,0.0009386557722
7885,0.0007846221051,0.0009936216156
7886,0.0009913463873,0.001071467726
7887,0.001192575204,0.001147000497
7888,0.0008390994917,0.001174336408
7889,0.0009932777612,0.001107617987
7890,0.0009384119912,0.001003743622
7891,0.0007566852655,0.001171643016
7892,0.0009919578952,0.00105664428
7893,0.000872574914,0.001067330581
7894,0.0008596573316,0.001011118475
7895,0.001021622666,0.001013905312
7896,0.000871954835,0.0009676034897
7897,0.001000071614,0.00116351981
7898,0.0007630024193,0.0008265327269
7899,0.001041462587,0.001037262358
7900,0.0008824511679,0.0009150101032
7901,0.001110235637,0.00116358963
7902,0.0008287996243,0.001223314692
7903,0.0008497820163,0.0009602005302
7904,0.00111083786,0.001076082168
7905,0.0009774455466,0.0009768294112
7906,0.001044866171,0.0009399459523
7907,0.001134870625,0.001131389108
7908,0.001028590254,0.001051898034
7909,0.0008494832655,0.0008796652182
7910,0.0008105416928,0.0009056902418
7911,0.0009714984844,0.0009766085132
7912,0.0008266293735,0.0009496900093
7913,0.0008554038068,0.001014608504
7914,0.0008799458847,0.001155569131
7915,0.0009497910869,0.00100168075
7916,0.0009162305505,0.001089233359
7917,0.0007904605445,0.0009705776974
7918,0.0007981263625,0.001186862515
7919,0.0008424463522,0.0009903003665
7920,0.001075395157,0.001016298542
7921,0.001200049628,0.001385400865
7922,0.0009916106865,0.001070348422
7923,0.0009162970673,0.0009358374518
7924,0.0008652125471,0.001045790923
7925,0.0008728102839,0.00100902393
7926,0.001057392576,0.001025931408
7927,0.0008849604637,0.001000113247
7928,0.0009956197391,0.001092989354
7929,0.00101002599,0.001069580198
7930,0.0008562309231,0.001241130041
7931,0.000921148232,0.001113518578
7932,0.0009743796327,0.001076480607
7933,0.0009892247326,0.00120832141
7934,0.000911379364,0.001050691695
7935,0.00117378444,0.001000117802
7936,0.0009311413087,0.00114169898
7937,0.00071075491,0.001256017043
7938,0.0008981796054,0.0009448684214
7939,0.0008509460386,0.0008946499365
7940,0.0008069481482,0.0009028363638
7941,0.0008903080161,0.001109023746
7942,0.0007620275865,0.0009106059442
7943,0.00108083502,0.0009959089439
7944,0.0008200381926,0.001189094241
7945,0.0008227066573,0.0009262390668
7946,0.0008782129225,0.001026209728
7947,0.0008695899451,0.00117507235
7948,0.000873968922,0.001138252745
7949,0.0007652979912,0.0009400214039
7950,0.001064886754,0.0009258620048
7951,0.0008672897966,0.0009799769759
7952,0.001015606256,0.000995149574
7953,0.0008137421901,0.0009529004019
7954,0.0009178293185,0.00101362959
7955,0.001056380039,0.00101343674
7956,0.0009802320055,0.001031795931
7957,0.0009132419727,0.001018588002
7958,0.001163432811,0.001157105558
7959,0.0009037470081,0.0009293174298
7960,0.001101226633,0.001209224931
7961,0.0009070327069,0.001072804989
7962,0.001081414033,0.0009152953426
7963,0.001058131456,0.001003850273
7964,0.001136569947,0.001206130721
7965,0.000910844421,0.0009948223887
7966,0.0008963802829,0.0008351756405
7967,0.001025869264,0.001042869117
7968,0.0008984395681,0.000987346546
7969,0.0009647305124,0.0009779903849
7970,0.001317602517,0.0009860852006
7971,0.0008768848056,0.001214854798
7972,0.0008359450221,0.001145179747
7973,0.0009849347407,0.00108293783
7974,0.0008317604879,0.001117779837
7975,0.0009048986976,0.001024931466
7976,0.0008636574275,0.001052507891
7977,0.001076136192,0.001007491657
7978,0.0008351735451,0.0008784288439
7979,0.0008123983353,0.001074886764
7980,0.0007913071095,0.001165442693
7981,0.0008779862692,0.001045096797
7982,0.00105479997,0.001072205872
7983,0.0008418005382,0.001101789123
7984,0.0008298718676,0.001132142235
7985,0.000932386909,0.0009685277328
7986,0.0008577128829,0.001025848287
7987,0.0007917643743,0.001015757349
7988,0.0008284641153,0.001157171057
7989,0.001040273331,0.00106874216
7990,0.0008589713616,0.001024677214
7991,0.0008288685931,0.001163457004
7992,0.0009351334083,0.001002021971
7993,0.0009165506999,0.0009160037735
7994,0.0008425003034,0.001089146601
7995,0.001130559678,0.001100797039
7996,0.0009102878248,0.0009450027574
7997,0.001084795746,0.001019613621
7998,0.001033218177,0.001058096663
7999,0.0008294911895,0.001161575012
8000,0.0008906073926,0.0008347624316
8001,0.0009792208803,0.0009671796579
8002,0.0008094356162,0.0009249245995
8003,0.0009284129846,0.001076304055
8004,0.0008105621746,0.001145271526
8005,0.0008747820466,0.001139132371
8006,0.001019564435,0.001062838382
8007,0.0008055429716,0.001123328962
8008,0.0008486424776,0.001056995723
8009,0.001260646881,0.001074960412
8010,0.0009454996107,0.001136020473
8011,0.001160551408,0.001094235704
8012,0.0009910555673,0.000935244534
8013,0.0008840783994,0.0009325311039
8014,0.0007555610864,0.0009694001274
8015,0.0007889586996,0.0009287066132
8016,0.0009647635743,0.001119118439
8017,0.0009502061366,0.001056445151
8018,0.0008055801591,0.001074793799
8019,0.00103381677,0.001149102034
8020,0.0009558581005,0.0008644030386
8021,0.001138875901,0.001064182296
8022,0.0009376513408,0.0008959393017
8023,0.0007484946109,0.001010599808
8024,0.0008815388283,0.001011519082
8025,0.0008035353021,0.001023054341
8026,0.0008345940296,0.001162000641
8027,0.0009035618496,0.001046160047
8028,0.0008753337679,0.001181598702
8029,0.0008041248439,0.001020940508
8030,0.000854753147,0.001069471626
8031,0.001025074118,0.001093953098
8032,0.0009445271935,0.00110678903
8033,0.0009953057452,0.001064632146
8034,0.0008492975248,0.001006329498
8035,0.0008008611549,0.001034122964
8036,0.0008843982359,0.001010997759
8037,0.001109836463,0.001043256925
8038,0.0009613787624,0.001032074368
8039,0.001181563282,0.001106253374
8040,0.001139226995,0.001156978309
8041,0.0008689300739,0.001208170179
8042,0.001056795962,0.001044182267
8043,0.00100117259,0.0008552987711
8044,0.001124254013,0.00119523469
8045,0.00102031471,0.000837588952
8046,0.000883851746,0.0009829369301
8047,0.0008921685876,0.001152584955
8048,0.0007955336696,0.0008650123855
8049,0.00111480106,0.0008805652833
8050,0.000836209183,0.001112769416
8051,0.0009838412661,0.00116977498
8052,0.001000208191,0.0009114660133
8053,0.0009370429616,0.0009949440719
8054,0.0009034241739,0.0009904768012
8055,0.0007833327909,0.0009554191129
8056,0.0008646759088,0.001122573311
8057,0.0008288736426,0.0008935183942
8058,0.0009124603966,0.001067703626
8059,0.0009687644779,0.001073216103
8060,0.0008778582487,0.001084332871
8061,0.0007865193329,0.001052515327
8062,0.0007927595216,0.0009768003656
8063,0.0009007686385,0.0009630173372
8064,0.00111001655,0.001145746661
8065,0.0008742671707,0.001010572225
8066,0.0009082527249,0.001082280956
8067,0.000928718815,0.00100172653
8068,0.0008368033959,0.0008813915629
8069,0.0008195729388,0.001127361269
8070,0.0008803701567,0.0009864922977
8071,0.001054724627,0.001006883147
8072,0.001015991824,0.001061145726
8073,0.0008880739115,0.001028886116
8074,0.001095538042,0.001153701807
8075,0.0009868693087,0.001263066282
8076,0.001061036222,0.00100670234
8077,0.0007363506884,0.0009503176843
8078,0.0008770483037,0.001077228088
8079,0.001020215124,0.0008389872382
8080,0.0007788402145,0.0009454726751
8081,0.0008702544255,0.0008496704686
8082,0.000801872673,0.001100670932
8083,0.0008990070637,0.001079339272
8084,0.0007641831762,0.000939953301
8085,0.0009415049572,0.001039168434
8086,0.0009745698844,0.0009029424618
8087,0.0007802228647,0.0008161816586
8088,0.001048082006,0.001341016476
8089,0.0008317759493,0.0009967620063
8090,0.0008178113785,0.001095205873
8091,0.001064136828,0.0009654468449
8092,0.0008611483063,0.0009956038193
8093,0.0008938934698,0.001047068028
8094,0.0008976361642,0.001001707984
8095,0.0009777038722,0.001070545681
8096,0.0008457984513,0.001069285405
8097,0.0009453712046,0.001082505587
8098,0.001043724464,0.00113080661
8099,0.0007937692208,0.0009013805466
8100,0.0007625019643,0.000979728793
8101,0.0008495329748,0.001141808403
8102,0.0008729675683,0.0009963732009
8103,0.0008706365261,0.0009276305718
8104,0.0008232746113,0.001071976774
8105,0.0009475846236,0.001089615675
8106,0.001090444406,0.000920051054
8107,0.0009299343728,0.0008963771252
8108,0.0008831225568,0.001040305833
8109,0.0009255616387,0.001174890509
8110,0.0009385665398,0.0009576753946
8111,0.0008465667634,0.001158178595
8112,0.0009345752915,0.0009929048319
8113,0.000960223857,0.001172450051
8114,0.0009703508113,0.001055143941
8115,0.001152482517,0.00115145828
8116,0.001108969809,0.001089667647
8117,0.0008234786656,0.001061087576
8118,0.0009222050212,0.0009099723393
8119,0.0008160568032,0.001083898052
8120,0.0009034307805,0.001000702687
8121,0.0008704692518,0.0009575309596
8122,0.0009655807735,0.0009841547435
8123,0.001023379969,0.0008948894974
8124,0.0008762621728,0.001130705627
8125,0.001087597928,0.001123500741
8126,0.001024992409,0.001161139669
8127,0.0009607192624,0.0009625114108
8128,0.0009998472597,0.001021383199
8129,0.000968522334,0.0009015153337
8130,0.0008189091968,0.001008137304
8131,0.001129527285,0.0008990054994
8132,0.0008388361603,0.001092196944
8133,0.0008930471158,0.0009559048267
8134,0.0008752014255,0.001129171986
8135,0.0009348792082,0.0009940589734
8136,0.0008071108023,0.0009196817919
8137,0.0007674510489,0.0009488351934
8138,0.0008344405651,0.0008181719604
8139,0.0008425913038,0.0009556738951
8140,0.0007634637586,0.0009343469937
8141,0.0008928097086,0.001123304661
8142,0.0009762483096,0.001092796614
8143,0.0009501950772,0.001082936091
8144,0.0009472191014,0.001099391564
8145,0.001050211307,0.0010633645
8146,0.0009149348043,0.001033349959
8147,0.0008916632069,0.001064735108
8148,0.0008146347245,0.0009963272241
8149,0.001018573756,0.001157144674
8150,0.0007735260078,0.000956020609
8151,0.0007752412057,0.0008831133528
8152,0.0008288660974,0.001079657501
8153,0.0008101535932,0.001050960353
8154,0.000872162811,0.001102866088
8155,0.001001697012,0.0008445470885
8156,0.0007726036783,0.001076446184
8157,0.000788096826,0.0009362063647
8158,0.0008041017718,0.0009952935216
8159,0.0008550438361,0.001065537435
8160,0.001108124619,0.0009945695347
8161,0.0009371589331,0.001056833164
8162,0.0008169535067,0.0009388789476
8163,0.0009110775572,0.001053980821
8164,0.001057749592,0.0009297015131
8165,0.0007712294173,0.001110683217
8166,0.0008218066359,0.001238227254
8167,0.001285295577,0.0009281680832
8168,0.0008884717245,0.0008856622371
8169,0.0009558484599,0.001109095771
8170,0.0009682211457,0.001294120724
8171,0.0007898699332,0.001124230126
8172,0.0008933286008,0.001114332561
8173,0.0008675133213,0.001014973008
8174,0.0008197203642,0.001171818767
8175,0.0009381116179,0.001201412982
8176,0.0008714749129,0.001036906178
8177,0.00118624272,0.0009382922435
8178,0.001507000787,0.0009698745707
8179,0.0009044593608,0.001097941873
8180,0.0009271827003,0.001083428317
8181,0.001016696078,0.001038836235
8182,0.001024013582,0.0009144780852
8183,0.0008539825212,0.0007806513022
8184,0.0009644828242,0.0009723677722
8185,0.0008864693227,0.0008681016261
8186,0.0008075294754,0.0009324979983
8187,0.0008870383172,0.001009173669
8188,0.0008901578622,0.001062813855
8189,0.0009057707939,0.0008762845173
8190,0.001065184697,0.001086078359
8191,0.0009862504448,0.0009280050945
8192,0.0008717929086,0.0009296056451
8193,0.0008855884662,0.001103681323
8194,0.001011025997,0.001149148389
8195,0.0008226257196,0.0009118843154
8196,0.001047580074,0.00101444804
8197,0.0008500024851,0.0008843043324
8198,0.0009535233185,0.0009833125368
8199,0.0009020005673,0.001001362536
8200,0.001113768994,0.0009874135721
8201,0.0009986453006,0.001041227406
8202,0.0009948100633,0.001064242555
8203,0.0009827577596,0.001059588263
8204,0.0009998230162,0.00106858553
8205,0.0009599462501,0.001190461851
8206,0.0009469817451,0.00112059246
8207,0.0009001185099,0.0009661987424
8208,0.0008435354539,0.001078978166
8209,0.0007703748415,0.001029059582
8210,0.0009033995157,0.0009227097471
8211,0.000819077628,0.001041056777
8212,0.001055953107,0.0009878353303
8213,0.000977830874,0.000940290709
8214,0.0009857421319,0.001099947847
8215,0.0008040333378,0.001044083758
8216,0.0008601804002,0.0008759790217
8217,0.001021118369,0.001079654132
8218,0.0008622089154,0.00088207519
8219,0.0008481411423,0.0009036893825
8220,0.0007497281695,0.001121318797
8221,0.0009868061898,0.0009911483139
8222,0.0008031283796,0.0008816967966
8223,0.001027055729,0.000943650055
8224,0.0008458312586,0.001103374416
8225,0.00084490882,0.0009846394823
8226,0.0007342701501,0.001066445373
8227,0.001021864613,0.001037744878
8228,0.001101295893,0.001048199534
8229,0.0008743984581,0.001032311404
8230,0.000977791191,0.0008130342394
8231,0.00100478957,0.001006176302
8232,0.0009142886483,0.001059355192
8233,0.000973980139,0.001014366375
8234,0.0009073712572,0.001022183984
8235,0.0008356844191,0.001062427116
8236,0.0009151770064,0.0009333882845
8237,0.0007914610469,0.00106409916
8238,0.0007952270171,0.000933071482
8239,0.0008024619237,0.0009053514732
8240,0.0007936092516,0.0009675951515
8241,0.0008157102493,0.001072985149
8242,0.0008500103722,0.0009372547429
8243,0.000811393671,0.0009507968643
8244,0.0009631842622,0.001014742702
8245,0.000874588819,0.0009895482071
8246,0.0008912416379,0.0008414436306
8247,0.0007149744997,0.001050600054
8248,0.0008236411522,0.0009869405112
8249,0.000886958449,0.001224909189
8250,0.001018530456,0.001064822929
8251,0.0008810493091,0.001000266006
8252,0.0009840551284,0.000929385802
8253,0.0009485334231,0.001142431975
8254,0.0008856145723,0.0009408103506
8255,0.0009545388166,0.0009027031556
8256,0.0008170139117,0.001062275165
8257,0.0008483528363,0.001151258031
8258,0.0009526465365,0.0009800276312
8259,0.0008207912324,0.0008694089847
8260,0.0009634513553,0.001012794404
8261,0.001008989369,0.001039126146
8262,0.000944007792,0.001152164346
8263,0.0009534529017,0.001005778053
8264,0.0009366165832,0.0009780942637
8265,0.00100625772,0.0008769718916
8266,0.00085893504,0.0009760952889
8267,0.0008499571195,0.001009335014
8268,0.0007274220043,0.0008426494678
8269,0.0009509975134,0.0009207632902
8270,0.000899380284,0.0008646696151
8271,0.0008157534758,0.001075780965
8272,0.0008702732448,0.001072519604
8273,0.0009111822292,0.001083946103
8274,0.0009598490942,0.001125247072
8275,0.0008351192009,0.001278284675
8276,0.0008886761134,0.0009922135068
8277,0.001089795187,0.0008607048512
8278,0.001135743303,0.001134156082
8279,0.0009696453271,0.001026772945
8280,0.0009047196145,0.001171491225
8281,0.001029425119,0.0009262377498
8282,0.0007555797856,0.0009585930311
8283,0.000903308086,0.0009195101084
8284,0.0007954652683,0.0009533676057
8285,0.0008260762334,0.001063173178
8286,0.0008340451895,0.0009500224623
8287,0.0009493988546,0.001104627903
8288,0.0009616090247,0.001052323132
8289,0.001015050439,0.00114445691
8290,0.000920682025,0.001144595641
8291,0.0008227353756,0.0009863129235
8292,0.0008838942231,0.0009058036958
8293,0.0008339545675,0.0009237177801
8294,0.0009263023167,0.0009496021448
8295,0.0009813049401,0.001091589467
8296,0.0006616411047,0.001016228976
8297,0.0008647913855,0.001106858675
8298,0.0009846090252,0.0009703238611
8299,0.0008306895252,0.001208858375
8300,0.000828657503,0.001070004437
8301,0.000844366903,0.001102933486
8302,0.0008525715893,0.001015129019
8303,0.0009969994353,0.001171577314
8304,0.0009202654983,0.0008951142081
8305,0.001023508856,0.001066781755
8306,0.0008111776406,0.0009716140194
8307,0.0008763225196,0.001042983036
8308,0.0007082330631,0.0007906868123
8309,0.0008276987501,0.00103737881
8310,0.0009369032123,0.0008466645158
8311,0.001007620478,0.001081061091
8312,0.0009272911702,0.001086716155
8313,0.0009169227269,0.001125521405
8314,0.0008676429279,0.001101030735
8315,0.001019076415,0.0008228382139
8316,0.0009307454711,0.0009599002296
8317,0.0007710329883,0.0008801633812
8318,0.0009966990692,0.001139134154
8319,0.001263622478,0.001015383685
8320,0.0009122278934,0.0009323568665
8321,0.0009672538945,0.0009019514546
8322,0.0008710115435,0.0008157151315
8323,0.0008166973785,0.001145131697
8324,0.0008704125685,0.0008587956181
8325,0.0009085482161,0.0008541426141
8326,0.0008320755514,0.0009616961906
8327,0.0008324641531,0.0008352837394
8328,0.001029427927,0.000889302326
8329,0.0009655746762,0.001073126092
8330,0.0009409516861,0.0009626794781
8331,0.0009287555658,0.001119929671
8332,0.0007652590284,0.001061259078
8333,0.0008605629409,0.0008953516808
8334,0.0008636662751,0.0009639502314
8335,0.0009123439304,0.001162375651
8336,0.000861145927,0.001013926325
8337,0.0008156637268,0.0008807064223
8338,0.0008435733471,0.0007366724822
8339,0.0009860766513,0.001066413148
8340,0.0008820561634,0.000949798261
8341,0.0009114212226,0.0009295336276
8342,0.0007679630362,0.0009071726236
8343,0.000845039649,0.0009209632844
8344,0.0007844363063,0.0009766968578
8345,0.000767016485,0.001021693293
8346,0.001057891772,0.00102607732
8347,0.0008303554423,0.0009363178251
8348,0.0008665218411,0.0008551491628
8349,0.0009221898945,0.0009203273657
8350,0.0008359651547,0.001026179729
8351,0.0008846322598,0.001062592193
8352,0.0008587370394,0.0009460033325
8353,0.000893768738,0.0009870583162
8354,0.001057646798,0.001004545651
8355,0.0009719998852,0.001016760092
8356,0.00113065089,0.0008916954903
8357,0.0007851016853,0.001062125782
8358,0.001029802501,0.001011823733
8359,0.0007552371171,0.001058551607
8360,0.0009559212776,0.00104411014
8361,0.0007489779309,0.001016944785
8362,0.0007370292515,0.0009908443826
8363,0.0008536067398,0.001130599798
8364,0.0008535977977,0.001077165325
8365,0.0008722043676,0.000977961914
8366,0.0009381172204,0.0009689692961
8367,0.001089592901,0.0009737637156
8368,0.0007889328263,0.0009477146741
8369,0.0009546552392,0.0009472800448
8370,0.0009621203135,0.0009642094301
8371,0.0008008579607,0.0009766117582
8372,0.0008786335093,0.001122290938
8373,0.0008486064544,0.001012020766
8374,0.0007599150049,0.001118876353
8375,0.0007978771609,0.001045936304
8376,0.0008728386019,0.0009226431575
8377,0.0008963630098,0.0009717859502
8378,0.000966753476,0.0009505521884
8379,0.001022165212,0.0008564869786
8380,0.0007956065019,0.0009018733908
8381,0.0008054371137,0.0009389503757
8382,0.0008385458714,0.0009315395073
8383,0.0006784449106,0.0009035212497
8384,0.0009931576787,0.001092636056
8385,0.0009121535986,0.001251757851
8386,0.0008473125927,0.001072639949
8387,0.0008792999433,0.001051186533
8388,0.0008548443802,0.0008521916752
8389,0.0007202280613,0.001066702338
8390,0.0008010270249,0.001105632604
8391,0.0008212079701,0.001092979139
8392,0.0008527549871,0.000929937305
8393,0.0008943499997,0.000986798761
8394,0.0009482999958,0.0009354852009
8395,0.0007259586782,0.001052783897
8396,0.000800025824,0.001190208372
8397,0.0009642860678,0.001009000109
8398,0.0008357978077,0.0009842876971
8399,0.0009243698732,0.001035111818
8400,0.0008810010404,0.0009164820221
8401,0.001017883136,0.001164810528
8402,0.0008904140341,0.001123652612
8403,0.001042108721,0.001011834633
8404,0.000785882934,0.001193739838
8405,0.0008871372411,0.000797605855
8406,0.0009475080515,0.0009417138062
8407,0.0007839058453,0.001250722111
8408,0.000730173073,0.0009494749975
8409,0.0008561944414,0.0009133977437
8410,0.0008029670571,0.0009507557115
8411,0.0008288832832,0.000954730167
8412,0.0007411845727,0.0009693776374
8413,0.0006945104469,0.0008047747688
8414,0.0008829195722,0.001221913168
8415,0.0009155385924,0.001253757684
8416,0.0008775685637,0.0009359635587
8417,0.0008957541431,0.001029900573
8418,0.0008011253522,0.00102722153
8419,0.0007476438986,0.001000137185
8420,0.001023321674,0.001088798228
8421,0.0009948924198,0.00109790211
8422,0.0007791558164,0.0009464927789
8423,0.0007830306713,0.0009258627106
8424,0.0009616799289,0.0009505190683
8425,0.001037850641,0.001012114932
8426,0.0009802969726,0.00095728015
8427,0.0008169561988,0.0008330272758
8428,0.0007788633666,0.0009406439276
8429,0.0009196602332,0.001165482201
8430,0.0007030779961,0.001100600901
8431,0.0007900682176,0.001117616135
8432,0.0009423837255,0.001038325157
8433,0.0008198649593,0.0009638701158
8434,0.0009492545578,0.0008830139122
8435,0.0008035034189,0.001163103152
8436,0.0009396402529,0.0009892045273
8437,0.0008767287727,0.0009348642561
8438,0.00102213442,0.001036520349
8439,0.0009418878544,0.00126100285
8440,0.0008792828739,0.001149785363
8441,0.0009774617138,0.0009714165935
8442,0.0009598342294,0.001001984805
8443,0.000867444076,0.0009662758675
8444,0.0007514994941,0.001059139511
8445,0.0008479914904,0.0009370714033
8446,0.0009429573838,0.0008052618577
8447,0.0009277164645,0.001043764998
8448,0.000919930877,0.001094187828
8449,0.000903128901,0.001023592093
8450,0.0009930716333,0.0008993187876
8451,0.0009499525986,0.0009577798628
8452,0.001005974147,0.001262659054
8453,0.0009166015079,0.0008339545966
8454,0.0007812141994,0.0008768570842
8455,0.000894230805,0.001025956735
8456,0.0008479213502,0.001008634383
8457,0.0008327887044,0.0008441306782
8458,0.0007875686497,0.001033990411
8459,0.0008225535421,0.0007880946359
8460,0.0007574478586,0.0009096968424
8461,0.0009268888316,0.00111164293
8462,0.000797208013,0.00102763754
8463,0.0009446618205,0.001008109051
8464,0.0007829200113,0.001082918403
8465,0.0009176882595,0.0009281041421
8466,0.0008485859362,0.001092146907
8467,0.001018820694,0.0008957940663
8468,0.0009744580384,0.001101670037
8469,0.0008470123284,0.0009240825166
8470,0.0009284159314,0.001034410139
8471,0.0008400878141,0.001011522327
8472,0.00111014217,0.001049105624
8473,0.001031019725,0.001246282322
8474,0.0009553543277,0.0008998902558
8475,0.0009159914625,0.0009533151388
8476,0.0009158664398,0.0008231005922
8477,0.0007990064696,0.0009355059665
8478,0.000869517964,0.0009894028699
8479,0.0009474071558,0.001125890325
8480,0.0007897197429,0.0009862701627
8481,0.0009171172424,0.0009316218202
8482,0.000859879503,0.0009496339771
8483,0.001077363588,0.0009692487365
8484,0.0008989284543,0.0009515000202
8485,0.000855555103,0.0009891071895
8486,0.000872148019,0.00105796272
8487,0.0007123516116,0.0009529495583
8488,0.000957516495,0.001119355613
8489,0.0008085148729,0.001029924053
8490,0.0009041716767,0.0009699187431
8491,0.0009535761419,0.0009613821167
8492,0.0007686695135,0.001018109455
8493,0.001011406166,0.0009257386919
8494,0.0006952324184,0.0008818626957
8495,0.00101200369,0.0009273792311
8496,0.0009509869851,0.001033791028
8497,0.0008359178755,0.001027681916
8498,0.001116112435,0.0008513247813
8499,0.000955864045,0.0009712528554
8500,0.0008755088566,0.0009960204479
8501,0.0009850563147,0.001089360368
8502,0.0008665978894,0.0008549725317
8503,0.0009235012185,0.001115227518
8504,0.00118057926,0.001031838983
8505,0.0009671729786,0.0009122901174
8506,0.0009692012391,0.00100763404
8507,0.0008515427035,0.001010987195
8508,0.0009476018022,0.001006769628
8509,0.0008120634811,0.0008505832884
8510,0.00102218207,0.0009539614475
8511,0.0008288935787,0.001243405575
8512,0.001085800279,0.0009116529036
8513,0.0009712868341,0.001014522721
8514,0.000981535828,0.0008057797895
8515,0.0009277050922,0.0008162351878
8516,0.001136271196,0.0009123815107
8517,0.000911808238,0.0009931017703
8518,0.0009340986508,0.000988041058
8519,0.0009121224066,0.00107237466
8520,0.0008998510966,0.001065255936
8521,0.0008406947527,0.0009174852239
8522,0.0008773890222,0.000961286074
8523,0.0007603623526,0.0009819854604
8524,0.0009762316186,0.001123114722
8525,0.0007284404783,0.0009841723077
8526,0.0008949518742,0.0009860746723
8527,0.001266017745,0.001007448242
8528,0.0009157515087,0.001101318412
8529,0.0008295483858,0.000934623873
8530,0.0008548075493,0.0009601773199
8531,0.0007841344268,0.001135473147
8532,0.0009546715301,0.001073463049
8533,0.00102680768,0.001119053362
8534,0.0008466089566,0.001105837393
8535,0.0008889881865,0.0009121340627
8536,0.0008029236269,0.0009051361922
8537,0.0008257762383,0.001054193344
8538,0.0009167094759,0.0009953106055
8539,0.0008479761891,0.0009415983877
8540,0.0008334840531,0.001204828484
8541,0.0007550737391,0.0009417139081
8542,0.00107522928,0.0009435119573
8543,0.00107378119,0.001003212819
8544,0.0008429440495,0.0008050699835
8545,0.0008507265156,0.0009738154185
8546,0.0008790773791,0.001013330708
8547,0.00100650829,0.0009130567341
8548,0.001062715659,0.0009431184735
8549,0.0008918453968,0.001157987135
8550,0.0009906305349,0.00111533075
8551,0.0008157599441,0.0008935282094
8552,0.000902655127,0.0009383831421
8553,0.0009546463043,0.001139847765
8554,0.0008055625512,0.001232809911
8555,0.0009221467699,0.0009003509767
8556,0.000938592173,0.001009744839
8557,0.0009406320169,0.0008499105897
8558,0.001024367419,0.001003585268
8559,0.0008419101141,0.00085439143
8560,0.0007910533423,0.0009245463007
8561,0.0007713038576,0.001035417576
8562,0.0009136990484,0.0009986895093
8563,0.0008216629358,0.001205411521
8564,0.000817731212,0.001046552548
8565,0.001159192303,0.001002614328
8566,0.0008008215009,0.001003457895
8567,0.0007888267282,0.001146923612
8568,0.0007999288355,0.0009964823403
8569,0.0009629172055,0.001037681672
8570,0.0009598904871,0.0009703321266
8571,0.001009988795,0.001137328421
8572,0.0009005873435,0.0009707645004
8573,0.0008398160717,0.0009018762212
8574,0.0008307009266,0.001025966594
8575,0.0007646711019,0.0009497493265
8576,0.0008386360569,0.0009357286544
8577,0.0007856765515,0.0009332897753
8578,0.0007153252773,0.0009648501073
8579,0.000883420129,0.0009407047401
8580,0.0009003848099,0.0009872972878
8581,0.0009175388695,0.001226010274
8582,0.0007214678153,0.0009515050406
8583,0.001121599846,0.00101579597
8584,0.00113831996,0.001029585619
8585,0.0007180042303,0.001066784716
8586,0.0008498757234,0.0008867030629
8587,0.0008686885849,0.001002485325
8588,0.001040230076,0.001045765472
8589,0.0007114837135,0.001041012802
8590,0.001044940967,0.0009868861962
8591,0.0008329486009,0.001004626065
8592,0.0009298168843,0.0009663939854
8593,0.001039729657,0.001078019573
8594,0.0009733043116,0.001007799241
8595,0.0009335545183,0.001028504281
8596,0.0008394168617,0.0009070559754
8597,0.0008658599472,0.0008777430776
8598,0.0008085099325,0.001006738668
8599,0.000901084255,0.0008845287084
8600,0.0007729235149,0.001124690571
8601,0.0008166455809,0.0008780659919
8602,0.0008547506804,0.0009663969031
8603,0.001283096208,0.001039969226
8604,0.0007528229253,0.001018610339
8605,0.0007522823144,0.0009374988222
8606,0.000754453009,0.000974851966
8607,0.0008083015637,0.0008305418887
8608,0.0009125910583,0.0009031184745
8609,0.00101091712,0.001043163284
8610,0.0006826698227,0.0008969198825
8611,0.001088089084,0.001294620284
8612,0.0009096846552,0.0009333087655
8613,0.0008685207067,0.0008999976053
8614,0.0008001285314,0.0009187773321
8615,0.0008942462009,0.000979487515
8616,0.0008618421489,0.001013558533
8617,0.0009033696479,0.00098064146
8618,0.001004210899,0.0009329261738
8619,0.0008044445858,0.0008035221254
8620,0.0008569659622,0.001153616373
8621,0.001081967726,0.001047809965
8622,0.0008733392024,0.001057398229
8623,0.0009512498509,0.001112769365
8624,0.0007999109512,0.0009744688214
8625,0.0007845758955,0.001008381158
8626,0.0007454010338,0.001004752092
8627,0.0009567015877,0.0009829825067
8628,0.001072441235,0.0009983183918
8629,0.0007701713694,0.001075785527
8630,0.000832767575,0.001054004759
8631,0.0009747970616,0.001003561752
8632,0.0009861639192,0.001036607471
8633,0.0008414285403,0.001016447466
8634,0.001038946815,0.0009298663499
8635,0.0007409296013,0.0008130314382
8636,0.0007983625983,0.0009879562422
8637,0.0008632866229,0.001160865628
8638,0.0007257526522,0.00119097071
8639,0.0007679393893,0.0007384725832
8640,0.0007423801871,0.001097509827
8641,0.001034890287,0.0009538523809
8642,0.0007796141435,0.001047754988
8643,0.0008209877924,0.0009858401463
8644,0.0009024450774,0.0008791098444
8645,0.0009261779851,0.0008922692214
8646,0.0007345544582,0.0009795127917
8647,0.0009266959314,0.001122656948
8648,0.0007425240619,0.001136033468
8649,0.0009634097369,0.001099427485
8650,0.0008669666131,0.0007980709415
8651,0.0008344650487,0.0009276131896
8652,0.0009861696235,0.0009902110105
8653,0.0007860783589,0.0008588260243
8654,0.0008697524027,0.0009552199408
8655,0.000874951962,0.001032354718
8656,0.0007427636592,0.0009792190031
8657,0.0009450438738,0.0009036257179
8658,0.0009838993865,0.001027820726
8659,0.0009295252021,0.0009433501618
8660,0.0009670181098,0.0009406417157
8661,0.0008575116444,0.0008832227395
8662,0.000861500579,0.001088772893
8663,0.0008478336895,0.001019734947
8664,0.0008204164042,0.0008121880019
8665,0.0008404560504,0.001058201997
8666,0.0007763388057,0.0009436828259
8667,0.0007881984784,0.0009757995213
8668,0.000689168839,0.0008438762743
8669,0.0009891315276,0.0009871108632
8670,0.001145108166,0.0008576621985
8671,0.001008334279,0.0009640982316
8672,0.0008708334499,0.001071504666
8673,0.0009212038422,0.0008532950087
8674,0.0009139753456,0.0009952266992
8675,0.000918718848,0.00118325503
8676,0.0009668552157,0.000905797664
8677,0.0008599682842,0.0009479189466
8678,0.000951242786,0.001312292763
8679,0.0008116855606,0.001019756797
8680,0.0006744783605,0.0008952598291
8681,0.0008112154828,0.000933985415
8682,0.0008259059323,0.0009534714918
8683,0.0008720349433,0.00081035318
8684,0.001119057873,0.0008145862885
8685,0.0007652987333,0.000997341398
8686,0.001042442338,0.001132338461
8687,0.0007948367929,0.0008854069529
8688,0.0006345847505,0.001064248725
8689,0.0009583736755,0.001027741615
8690,0.0008163737002,0.0009234623067
8691,0.0008327463001,0.0009030478177
8692,0.0008776307841,0.0009489173244
8693,0.001107118711,0.0008053314086
8694,0.0007358188959,0.0008776563554
8695,0.0007806717113,0.001083921386
8696,0.0008613099199,0.0007827815789
8697,0.001009754495,0.0009363838399
8698,0.0008216139759,0.0009082867182
8699,0.001096594679,0.0008260572649
8700,0.0008147346089,0.0009041958983
8701,0.0008432440227,0.0009337421507
8702,0.0009644941456,0.001039808885
8703,0.0007969883591,0.001007608931
8704,0.0009268540089,0.001007874802
8705,0.0008162562663,0.0008353033336
8706,0.0009577084857,0.001017484443
8707,0.0008057798332,0.001091448219
8708,0.0009109020757,0.001039789873
8709,0.0008481892146,0.0009072076136
8710,0.0008496004302,0.001098983281
8711,0.0008885503339,0.001103871677
8712,0.0008591489532,0.001124726543
8713,0.0008110200433,0.0009879196004
8714,0.0009449378413,0.0009210850403
8715,0.001153141689,0.001035690082
8716,0.0009289025111,0.0009878387646
8717,0.000868726398,0.0008959154802
8718,0.0008433690018,0.0009331769179
8719,0.0008053984566,0.0009621017089
8720,0.0006617362815,0.0009364498983
8721,0.00103482831,0.0008621967136
8722,0.0008911797995,0.001076042143
8723,0.0008335808598,0.001094246763
8724,0.0008177718119,0.001079733462
8725,0.001174293939,0.0009444295501
8726,0.001213028016,0.001031318054
8727,0.001060119284,0.0009833445583
8728,0.0009442681985,0.001078819405
8729,0.0009389226107,0.0008954278383
8730,0.0008898252199,0.0009753908234
8731,0.0008425000415,0.0009984096687
8732,0.0006842386865,0.0009960923926
8733,0.0007997507091,0.0009702739262
8734,0.0009884420215,0.0009322448386
8735,0.0009552453193,0.0008859983427
8736,0.0008273128406,0.001001453391
8737,0.0008466736035,0.001082521747
8738,0.0009196903411,0.0009319858727
8739,0.0009909872679,0.001161959401
8740,0.0008730108966,0.0009246463233
8741,0.0008569776764,0.0009995762885
8742,0.001076855289,0.000802711249
8743,0.0009433590676,0.000969260429
8744,0.0009076276765,0.001165597474
8745,0.0008237347647,0.0008222682809
8746,0.00101727595,0.0009457249907
8747,0.0008206728598,0.001099111687
8748,0.0008427677312,0.001013190027
8749,0.0008266571094,0.0009463194874
8750,0.00092670101,0.0008826993726
8751,0.000883141518,0.0009844949309
8752,0.0009037781856,0.0008948585892
8753,0.0008346737668,0.001007917832
8754,0.0007812386539,0.000882940185
8755,0.0007929806961,0.001016952556
8756,0.0008796504771,0.000836015337
8757,0.0009847505426,0.00095360876
8758,0.0008691236144,0.000889287825
8759,0.0008577099507,0.00104467191
8760,0.0007694589658,0.001162880908
8761,0.0009728479636,0.00111313205
8762,0.001047908678,0.001228817942
8763,0.00121597488,0.001035156769
8764,0.000818604698,0.0009448069177
8765,0.0007942285774,0.0009620039127
8766,0.001058278162,0.0009852704388
8767,0.000863726571,0.0009567248271
8768,0.0008043598609,0.0009205689639
8769,0.0009006491018,0.001122713598
8770,0.0009191721329,0.0008815765032
8771,0.0007729053177,0.00101093392
8772,0.0008648916119,0.0009278230282
8773,0.0009785465663,0.001096344902
8774,0.0008544455632,0.001054934874
8775,0.000990810855,0.001026902333
8776,0.0008829474464,0.0008869451922
8777,0.0007488980555,0.001018371237
8778,0.0007863920837,0.001051210398
8779,0.0009460401125,0.001043691118
8780,0.0007189763528,0.0008492172274
8781,0.0008542080177,0.0008935639926
8782,0.000884685971,0.0009153087012
8783,0.000971185822,0.001048258695
8784,0.000837348889,0.0009730050588
8785,0.0007735468316,0.0008932459314
8786,0.000677354561,0.0009948999068
8787,0.0007078035342,0.0008422057872
8788,0.001011107001,0.0009555567085
8789,0.0008331063873,0.0009476701962
8790,0.0009260539518,0.0008832157037
8791,0.0007848779642,0.0009654660389
8792,0.0007354201371,0.001020691867
8793,0.0008903641283,0.001027956911
8794,0.0007812136464,0.0009138289533
8795,0.0008917318119,0.0008779868222
8796,0.0009143131392,0.0008357888364
8797,0.00090474647,0.0008827953425
8798,0.0009350677428,0.001015220529
8799,0.000838539243,0.0009138488022
8800,0.0007700655406,0.0008343614936
8801,0.0007412792183,0.000969018256
8802,0.000706113562,0.0008271678016
8803,0.0007489934833,0.001241508406
8804,0.0008590659854,0.0008412267925
8805,0.0008934628568,0.0008325897143
8806,0.0009105681675,0.001034213608
8807,0.0008277968809,0.0008936819213
8808,0.0008446908396,0.0009664201571
8809,0.0008577552144,0.0009506741844
8810,0.001008561172,0.001025181504
8811,0.0008676505022,0.0008955714147
8812,0.0008830935403,0.001189846655
8813,0.00101300895,0.001200552964
8814,0.0007704721065,0.0008425969718
8815,0.0008989550552,0.0009859118509
8816,0.0008945768132,0.0009880858779
8817,0.0007554662807,0.0009780419205
8818,0.0009985189827,0.001175882877
8819,0.0007821765103,0.0009448094352
8820,0.001125511226,0.0009147453893
8821,0.0007444774892,0.0008735685624
8822,0.000948949717,0.001087594865
8823,0.0008193399626,0.0009063655889
8824,0.0008990032366,0.0009366053491
8825,0.0007651998676,0.0009940422606
8826,0.0008155717223,0.0009437007684
8827,0.0006433290837,0.001008251886
8828,0.0009961065662,0.0009506538117
8829,0.001069473117,0.0008571727303
8830,0.0008380560648,0.0009102555996
8831,0.001059388509,0.0008697721423
8832,0.000994393471,0.0008512512723
8833,0.000812825303,0.0009125727302
8834,0.0007109233702,0.001032852233
8835,0.0008345922397,0.0008843531323
8836,0.001141242108,0.001020626099
8837,0.0008271561164,0.0009428323756
8838,0.0008910270772,0.001094567691
8839,0.001063260985,0.0008467215885
8840,0.0009283040927,0.001011595639
8841,0.0007799091763,0.0009055580813
8842,0.0008355361424,0.001006501865
8843,0.001033495078,0.00101013785
8844,0.0007662319404,0.001002289129
8845,0.000911717987,0.001162521832
8846,0.0008414873373,0.0008854869666
8847,0.001065036042,0.001053317304
8848,0.0009301489954,0.001068421152
8849,0.0008691257462,0.0008923978603
8850,0.0009642257792,0.0009392856737
8851,0.0009599096084,0.0008361176806
8852,0.0009626654282,0.001089674377
8853,0.0009024075116,0.0009035310068
8854,0.0008756802563,0.000934955955
8855,0.001046885009,0.0009189520642
8856,0.000996084651,0.0008937783423
8857,0.0009603326544,0.001055955589
8858,0.00088800511,0.0009174759252
8859,0.0007564435364,0.0009021525257
8860,0.0008211124732,0.0008463473205
8861,0.0008032983314,0.001066631972
8862,0.0009008997731,0.0009444875759
8863,0.000980446639,0.0009449656427
8864,0.0008338917396,0.0009160322661
8865,0.0007220424668,0.000900207946
8866,0.0008062419947,0.0009127254743
8867,0.0007662478602,0.0009232168122
8868,0.0007468031763,0.001110413832
8869,0.0007377306029,0.0009309957168
8870,0.001213616248,0.0008584203824
8871,0.0007138658839,0.001029111474
8872,0.0007493936791,0.0008632811368
8873,0.0007621051627,0.00109438497
8874,0.0007671717613,0.0008092585122
8875,0.0007270467213,0.0008603839669
8876,0.0009159645342,0.0009213565645
8877,0.0009071451786,0.0009786290393
8878,0.0009328862652,0.0008687811569
8879,0.0008631235251,0.001047379214
8880,0.0008968470793,0.0008590074431
8881,0.0008026305004,0.0007764729889
8882,0.001001566678,0.001040509851
8883,0.0008480752331,0.0008648428411
8884,0.0007729755525,0.0009519034938
8885,0.0008321404166,0.0009080185555
8886,0.0009288391593,0.0009865366665
8887,0.0008963225628,0.001004276452
8888,0.001004262573,0.0009153226056
8889,0.00085257912,0.001054979126
8890,0.000988516942,0.0008875640924
8891,0.0009805772133,0.0009695605549
8892,0.0007981434319,0.0009864981912
8893,0.0008321189089,0.000854845428
8894,0.0008564619784,0.0009590405607
8895,0.000757718728,0.001011120963
8896,0.0008506276317,0.0008612938036
8897,0.0008575695902,0.001051891166
8898,0.0008084782166,0.0009024092142
8899,0.001104282666,0.0008768362459
8900,0.0006515064306,0.0008321926471
8901,0.0008737282405,0.001050719256
8902,0.000801869799,0.0008449230809
8903,0.0007979340662,0.0009897022974
8904,0.0008466451036,0.0008363062079
8905,0.0008838300491,0.0007633438945
8906,0.001091698177,0.0008961478525
8907,0.0007436508531,0.0008826802587
8908,0.0008743292128,0.0008145476895
8909,0.000861006687,0.0009886694388
8910,0.0008219627707,0.0009520481399
8911,0.0008504058787,0.0008511499982
8912,0.000916844896,0.001099144654
8913,0.000851845849,0.001013095491
8914,0.001064587457,0.001055869383
8915,0.0007970023289,0.0008627786738
8916,0.0008793951929,0.0008690420655
8917,0.0007917065595,0.0009450324214
8918,0.000778370777,0.0008990417191
8919,0.0008015182248,0.001174299752
8920,0.0009885974323,0.0008862804752
8921,0.0007085692923,0.001045220692
8922,0.0009439485657,0.0008230870299
8923,0.0009462705566,0.0007768470605
8924,0.0007834953358,0.0009227954797
8925,0.000846212155,0.0008674549244
8926,0.0007324137987,0.0009064734477
8927,0.0007105452169,0.0008364310706
8928,0.0009827749673,0.0009310782771
8929,0.001079393187,0.0009090042804
8930,0.0008432224495,0.0008267882513
8931,0.0009540671599,0.0009291920724
8932,0.0008638596992,0.001018083807
8933,0.0007817760634,0.001072049905
8934,0.0008907256924,0.001006441686
8935,0.0008504432117,0.0008216478818
8936,0.0008627095449,0.0008657322105
8937,0.0008724148138,0.0009809834592
8938,0.0009072056273,0.000928508678
8939,0.0009260139268,0.0009770824545
8940,0.0007863245992,0.0009916458439
8941,0.0007817780497,0.0009410602215
8942,0.0008216513743,0.0009190800192
8943,0.001101581322,0.0009974927889
8944,0.0007907218969,0.0009337022129
8945,0.0009767334996,0.001001969315
8946,0.0008976372628,0.001044150646
8947,0.0007831758303,0.0009637344192
8948,0.0009602815117,0.0009336101066
8949,0.001056171655,0.0009147305027
8950,0.0007991503953,0.0007092272426
8951,0.0007717474218,0.0009061895471
8952,0.0007474504382,0.0009729018566
8953,0.0007581702084,0.001087896984
8954,0.0008970085328,0.001089037985
8955,0.0009972831103,0.001076809138
8956,0.0009354657741,0.001043829427
8957,0.0009611294226,0.0009026315674
8958,0.000762007192,0.001087574703
8959,0.0009994350403,0.0009033171882
8960,0.0007920531134,0.0008635716877
8961,0.0008379218052,0.0009357723829
8962,0.0009845246022,0.001003447738
8963,0.0007241630519,0.0009311329923
8964,0.0008115368037,0.0010797957
8965,0.00078909695,0.001016346694
8966,0.0008188083812,0.0009017017474
8967,0.00103963881,0.000894968136
8968,0.0008058901949,0.0008359957137
8969,0.0009855385142,0.0009728691002
8970,0.001005113925,0.001020371899
8971,0.0008518914547,0.001155026614
8972,0.001078659625,0.0008519445546
8973,0.0008178423268,0.0007432136117
8974,0.0007780164524,0.0009596913587
8975,0.0007591955655,0.0008495927104
8976,0.0008718835306,0.0009044341423
8977,0.0008445105923,0.0009438558845
8978,0.0006432974842,0.0008527409227
8979,0.0007221916312,0.0009664762474
8980,0.0007886490639,0.0009686036356
8981,0.0009761914116,0.0009597331591
8982,0.0009686586127,0.001042950833
8983,0.0009708312427,0.001065056837
8984,0.0008396630074,0.0009586334199
8985,0.0008897030639,0.0009496493876
8986,0.001078987116,0.0009356007286
8987,0.0008603635433,0.001167382674
8988,0.000910902505,0.0009478004577
8989,0.001090597689,0.0009944808116
8990,0.0008945532099,0.001026169244
8991,0.0007897066389,0.0009920020457
8992,0.0007360501186,0.0009130235558
8993,0.0008218249422,0.0008399516446
8994,0.0008472912596,0.0009691872983
8995,0.0007627785017,0.001020250726
8996,0.0009522608379,0.0009118561211
8997,0.0007376629874,0.001078392343
8998,0.0007903832811,0.001015130416
8999,0.0008992558578,0.00101904622
9000,0.0009627984546,0.0008755216259
9001,0.0008407959831,0.001014296002
9002,0.0007633515706,0.0009383077559
9003,0.0007773216348,0.001028024839
9004,0.0009271327435,0.001060331495
9005,0.0007084953832,0.0009786585724
9006,0.0008970559429,0.0009523154586
9007,0.0007112552848,0.000883627712
9008,0.0008378926359,0.0009268695576
9009,0.0009372438653,0.0009141623668
9010,0.0008824851902,0.001005272105
9011,0.0008509138497,0.001014085465
9012,0.0007141177121,0.001062390955
9013,0.0008038687738,0.0009025393738
9014,0.0007363564873,0.0008571630387
9015,0.0009674318426,0.0008778673073
9016,0.0007891723217,0.0008224555422
9017,0.0008458865414,0.0008247390142
9018,0.0007522113301,0.000966003754
9019,0.0008475077047,0.001032662556
9020,0.0007984904878,0.0009673036984
9021,0.0007762765381,0.001117683576
9022,0.0008451134199,0.00106508255
9023,0.0007801276588,0.0009545404173
9024,0.0007316392075,0.000991694229
9025,0.0008581173024,0.0009226938346
9026,0.0009334693605,0.000912187068
9027,0.0008246523139,0.0008927149174
9028,0.0006870110301,0.001008795582
9029,0.0009145733711,0.0009071186505
9030,0.0007211536285,0.000846491901
9031,0.0009379327385,0.001041936725
9032,0.0007461374844,0.001141464541
9033,0.0008379008214,0.0009777012456
9034,0.0008826512494,0.0007834111311
9035,0.0007168961529,0.0009694212858
9036,0.0009561088737,0.00100971153
9037,0.0008141689177,0.00108031425
9038,0.0009090676685,0.001144149443
9039,0.0008305476586,0.0008865830459
9040,0.0007264608466,0.000944169602
9041,0.000727382685,0.0008528196413
9042,0.0008828135615,0.000948998364
9043,0.0008958781473,0.001171088625
9044,0.0008855324922,0.001010381922
9045,0.0007709656202,0.0009012908413
9046,0.0008480382385,0.001013591092
9047,0.0007943834207,0.0009905859697
9048,0.0008332111611,0.0008694511271
9049,0.0007106549383,0.0009432599691
9050,0.0009811561322,0.0009882366139
9051,0.00105625968,0.0009056619965
9052,0.0008244295022,0.000965642379
9053,0.0008363272282,0.0009491997334
9054,0.0006991647606,0.001027368256
9055,0.0008251835679,0.00104731803
9056,0.0007567957655,0.0009122253905
9057,0.0009132495252,0.0009657952542
9058,0.000948743269,0.0009129684768
9059,0.0007688506703,0.0009561582556
9060,0.0006738650263,0.0008244795608
9061,0.0007933750167,0.0009206290306
9062,0.0008449302986,0.001099560155
9063,0.0007770466909,0.0007912302535
9064,0.0008818885326,0.001221719613
9065,0.0009495707054,0.0009315556963
9066,0.0009144215874,0.001048921993
9067,0.0009390862106,0.0008691082112
9068,0.0007851367118,0.0008887436488
9069,0.0007283695741,0.0009789833348
9070,0.0009013977979,0.001037490903
9071,0.0008431831448,0.0009772670746
9072,0.0008203458492,0.0009807597307
9073,0.0008055726867,0.0008342907458
9074,0.000818667555,0.0009702289608
9075,0.0007588035878,0.0009136338849
9076,0.0008670522147,0.0009862898805
9077,0.001142581117,0.0009446381373
9078,0.0007821447361,0.0009209633063
9079,0.000861387336,0.001169001109
9080,0.0009498420695,0.0008782242003
9081,0.0008939917316,0.0008874238338
9082,0.0008556881439,0.0007614301685
9083,0.0008864230695,0.0009407397665
9084,0.0007640818803,0.0008755215458
9085,0.0008680840547,0.0009436478795
9086,0.0009164358999,0.001059293092
9087,0.0006894141297,0.0009659320058
9088,0.0007693237567,0.0009570562179
9089,0.0007625797225,0.0008954162622
9090,0.0007420310721,0.001078965157
9091,0.0008042370864,0.001024967889
9092,0.0009234658792,0.001041570256
9093,0.0009056068302,0.0009993584536
9094,0.001015236245,0.001024978556
9095,0.0007179006643,0.0009596557356
9096,0.0008741378697,0.0007518676939
9097,0.0007911686407,0.000879618201
9098,0.0008863366093,0.001000134151
9099,0.0008462479818,0.0008961762142
9100,0.0009950080712,0.001112725018
9101,0.00074143456,0.000814560306
9102,0.0008098269172,0.0008955186422
9103,0.0007714613348,0.0008504638972
9104,0.0008074267171,0.000987360123
9105,0.0006934084158,0.0009290569287
9106,0.0009191233621,0.0008464146085
9107,0.0006940535386,0.0008903042108
9108,0.001071823739,0.000888264236
9109,0.001132609599,0.0009033655006
9110,0.0007680995695,0.0008339873384
9111,0.000821552705,0.0008774763846
9112,0.0008721757476,0.00111627263
9113,0.000822120528,0.0009685997065
9114,0.0009054321854,0.0007862832863
9115,0.0008747366301,0.001059425718
9116,0.0009593127106,0.000887951217
9117,0.0007843943968,0.0009472633246
9118,0.0009190770434,0.0008732505667
9119,0.0007569591944,0.0008796978291
9120,0.001222586405,0.0008932316559
9121,0.0008022332622,0.0007821678737
9122,0.0008073375357,0.00095518749
9123,0.0007317540876,0.001020823547
9124,0.0009156335218,0.00109868517
9125,0.0008956671954,0.0008922761626
9126,0.0007648247338,0.0009735568019
9127,0.0008241997348,0.0008423937034
9128,0.000807371056,0.0009721272072
9129,0.000781385439,0.0008344282105
9130,0.0007904107079,0.0009820169143
9131,0.0007649993495,0.0009007313347
9132,0.0007724141069,0.001117281587
9133,0.001137650899,0.0009644137608
9134,0.0007062593686,0.001048590733
9135,0.0007831093171,0.001039856346
9136,0.0008290362821,0.0009274771219
9137,0.0009287185385,0.0009276806595
9138,0.0007664823643,0.0008661073152
9139,0.0008308551114,0.0008905211726
9140,0.0009546523725,0.001067520287
9141,0.0007056668255,0.001102224851
9142,0.0009036317788,0.001051276347
9143,0.001126340328,0.0008460020108
9144,0.0007626583829,0.0008796963739
9145,0.0008354216334,0.0009921753372
9146,0.000784806849,0.0008706169538
9147,0.001037150949,0.0009150886617
9148,0.0008371975709,0.0009932961621
9149,0.0008750073684,0.001035605084
9150,0.0008937250896,0.0008979499762
9151,0.0009395962697,0.001033752305
9152,0.0007441097405,0.001016024551
9153,0.0008713625866,0.00102282704
9154,0.0007972758904,0.0009511393146
9155,0.0007878596298,0.0008180506557
9156,0.001001121134,0.001066765188
9157,0.0008362748849,0.0009285680353
9158,0.0007537438469,0.0009466817573
9159,0.0009987978556,0.0008915465005
9160,0.0007662196876,0.0009992775595
9161,0.0009734802006,0.0007877580865
9162,0.0008082473068,0.001004523416
9163,0.0007264759115,0.0008610891819
9164,0.0007599673991,0.0009014715397
9165,0.0009693347383,0.0008302813731
9166,0.0006932290526,0.001052858774
9167,0.0009635306997,0.001048171063
9168,0.0009547237059,0.0009850219212
9169,0.0009480443041,0.001095715787
9170,0.001055114968,0.0007764330439
9171,0.000824910283,0.0009494257247
9172,0.0007411207043,0.0009188002223
9173,0.000809200199,0.000884577079
9174,0.0009338186137,0.0008666825452
9175,0.0007772493045,0.0008589995341
9176,0.001041155549,0.0009696019115
9177,0.0009205957031,0.0009806071466
9178,0.0008203100733,0.0008812551241
9179,0.000785875789,0.001050050887
9180,0.0008807225095,0.0008419289152
9181,0.0008100853665,0.0008922024936
9182,0.0007096793706,0.0009027457127
9183,0.0007580155871,0.0009332538102
9184,0.000823736169,0.0008237711372
9185,0.001091943435,0.000918086087
9186,0.0008142687293,0.0008828895807
9187,0.0009028415952,0.0008473654161
9188,0.0008345637179,0.0008246535435
9189,0.0009195649254,0.0009663120436
9190,0.0009746702126,0.0008382553497
9191,0.0007850709517,0.001026861552
9192,0.0008285982258,0.0009077380309
9193,0.0009324778584,0.001060861374
9194,0.0007219674299,0.001020109266
9195,0.0009186536045,0.0009654831665
9196,0.0007785002017,0.0009734927007
9197,0.00075057086,0.001115858635
9198,0.0007187316005,0.001009019135
9199,0.0008060970576,0.001052711901
9200,0.0007570641392,0.0008400040388
9201,0.0007328240026,0.0008171522568
9202,0.0008023541959,0.001087248245
9203,0.0008856841378,0.0008945895024
9204,0.0009578952449,0.0009096071008
9205,0.0009641778161,0.0009890080692
9206,0.0009416622197,0.001105537362
9207,0.0008416460078,0.0007679508635
9208,0.000888558614,0.0008476121475
9209,0.0008281874689,0.00107660763
9210,0.0008613617829,0.001029249128
9211,0.001000233366,0.0007429175748
9212,0.0008560112983,0.001083857802
9213,0.0008707008456,0.001107303633
9214,0.0007276180622,0.0009864797903
9215,0.00079343385,0.001127333751
9216,0.0009388082472,0.0008556255198
9217,0.0009001352519,0.0008776938266
9218,0.0009224182286,0.0008953247889
9219,0.0007701790528,0.0009442023656
9220,0.000737917384,0.0009223822999
9221,0.0009961833421,0.0009787845993
9222,0.0008745903833,0.000893558361
9223,0.0009216412072,0.000837241445
9224,0.0008361619693,0.001147681345
9225,0.0006642616718,0.0009475185361
9226,0.0008659001105,0.001067771314
9227,0.0008784114252,0.0008341094435
9228,0.0008838551366,0.0009548410453
9229,0.001151046417,0.000858611842
9230,0.0007314808608,0.001001590681
9231,0.0008414325785,0.0008204297374
9232,0.0008219386291,0.0009253130265
9233,0.0007847170928,0.0008901772089
9234,0.001070445905,0.0009038830467
9235,0.0007457431493,0.0009451691076
9236,0.0007960561052,0.001070555802
9237,0.0007425476724,0.001039778283
9238,0.0007976644411,0.0009855018216
9239,0.000828058015,0.0009073459878
9240,0.0008534130975,0.0009968498416
9241,0.000739382318,0.0009344326463
9242,0.0007997402936,0.0008807244521
9243,0.0008911680925,0.000910368406
9244,0.001182838794,0.0009113378328
9245,0.000779725855,0.0009508818111
9246,0.0008622597888,0.0009379192343
9247,0.001008489104,0.0009087993458
9248,0.0009595307056,0.000918108155
9249,0.0008572642619,0.0009850855786
9250,0.0009729576486,0.0009531508476
9251,0.0009325187275,0.0009014778261
9252,0.0009618188924,0.0008943568391
9253,0.0008821824449,0.0009812763165
9254,0.001100989837,0.0009935503549
9255,0.0007394578861,0.0009727330689
9256,0.0008320872803,0.0009849178241
9257,0.0007804619963,0.0009005133543
9258,0.0009260844599,0.0008688265589
9259,0.001009962405,0.0009529342351
9260,0.0008088347095,0.0008585133473
9261,0.0008270417202,0.0009618330441
9262,0.0008474663191,0.001056338675
9263,0.0009706098353,0.001119959808
9264,0.0007975466579,0.0008774272646
9265,0.0008849382357,0.001212261304
9266,0.0008005816344,0.0009711870007
9267,0.0007256176686,0.0008441084719
9268,0.000917195488,0.0009392556094
9269,0.0008175043185,0.0009125697179
9270,0.0009166341915,0.001052407155
9271,0.0007189266034,0.0009399706905
9272,0.0008754793344,0.0009713161562
9273,0.0007828449161,0.0008402889289
9274,0.0009205677125,0.001072037754
9275,0.0007777472201,0.0008272234481
9276,0.0008792650915,0.001018010938
9277,0.0008527695609,0.001068931677
9278,0.0008871785976,0.0008387123817
9279,0.0007694448686,0.001236322096
9280,0.0007092125452,0.0007774338883
9281,0.0007769732983,0.0009948427978
9282,0.0008574294188,0.0008477302254
9283,0.0008018917943,0.0009979669994
9284,0.0007619175958,0.000930412345
9285,0.001070195613,0.001066202756
9286,0.0008643359761,0.0008716916345
9287,0.0009034434552,0.0009005949032
9288,0.000860048116,0.0009257312995
9289,0.001057939808,0.0008538939728
9290,0.0007243876535,0.0008874958803
9291,0.0007121145827,0.0008453574846
9292,0.0008691047333,0.0009483590547
9293,0.0008628500727,0.0009905102925
9294,0.0008519423136,0.0009107051592
9295,0.0008245227073,0.0009640948629
9296,0.001060418988,0.0009539795574
9297,0.0008606872507,0.00085753249
9298,0.0007623893398,0.0009780138716
9299,0.0008037345906,0.0009004411259
9300,0.0007020267112,0.0009020587604
9301,0.0008009604207,0.0008823695025
9302,0.0006898476349,0.0009270725132
9303,0.0007780071719,0.0009142916679
9304,0.0007816055149,0.0009184553419
9305,0.0007587970067,0.0008588063138
9306,0.0008758276817,0.0009380771444
9307,0.001044497854,0.0009448301862
9308,0.0008341672365,0.0008503919598
9309,0.0007425121294,0.0009055428309
9310,0.0009325363353,0.0008233400586
9311,0.0008715857257,0.000764974262
9312,0.0007639392861,0.0009070075612
9313,0.0009017130069,0.0008687956797
9314,0.0008554930901,0.0008095542362
9315,0.0009840834537,0.0008001421083
9316,0.0006639589337,0.0009277029967
9317,0.0009845309032,0.001089679063
9318,0.000705469989,0.0009574906508
9319,0.0008952472017,0.0008601925147
9320,0.000796132801,0.0008150354188
9321,0.0009944559424,0.0009831918724
9322,0.0007090077052,0.0008990246861
9323,0.0008193502144,0.0008752906651
9324,0.0009486227718,0.001010966014
9325,0.0008399282415,0.001157303268
9326,0.0007468866097,0.0009514224148
9327,0.0008072776982,0.001050453997
9328,0.0007631527405,0.0008561433424
9329,0.0007896122625,0.0009096134163
9330,0.001041503332,0.0008819231807
9331,0.0008000073067,0.0009892604576
9332,0.0008755968156,0.001031050611
9333,0.0007311635709,0.001015457288
9334,0.0008811134976,0.0009077322757
9335,0.0008747818501,0.0007031705245
9336,0.0008311022575,0.000994412454
9337,0.0008531682906,0.0009232453885
9338,0.0009701668823,0.000911601288
9339,0.0009423573501,0.0007913379086
9340,0.000972324895,0.0008845802076
9341,0.0007843050043,0.0008779683922
9342,0.0007430952355,0.0007320719669
9343,0.0007507041373,0.000986595398
9344,0.0008594101382,0.0009803842004
9345,0.0009132936539,0.0007901360659
9346,0.0009305283893,0.00107282422
9347,0.0008718425306,0.0009865020547
9348,0.0009045789848,0.001047225516
9349,0.0008365278482,0.0009918456271
9350,0.0007144652409,0.0009417476831
9351,0.0008996520264,0.0009659035568
9352,0.0008594219835,0.0008678083905
9353,0.0007988231737,0.0007700944479
9354,0.0009137737543,0.0009196315295
9355,0.0006469980726,0.0009429394413
9356,0.0007035565686,0.001050409752
9357,0.0008148969646,0.0009090349049
9358,0.0008348533374,0.0008569059937
9359,0.0007596995492,0.000886542628
9360,0.0007736834013,0.00107623855
9361,0.000722196266,0.0009805195441
9362,0.0007602746264,0.0008450097448
9363,0.000764744349,0.001028849008
9364,0.0008233685949,0.0009827524846
9365,0.0007423669085,0.0008112124779
9366,0.000908038608,0.0008927405288
9367,0.0008458683296,0.0009745436473
9368,0.0007613638227,0.0009741432732
9369,0.0008785878163,0.0009964728306
9370,0.000853585283,0.0008291966442
9371,0.0008093955039,0.0008640800734
9372,0.0008664959532,0.0009333623966
9373,0.0009203183872,0.0009030615038
9374,0.000934940319,0.0009644844831
9375,0.0007831323746,0.0009915103983
9376,0.0007136688291,0.0009368364845
9377,0.0007855532021,0.0009646577018
9378,0.001014478345,0.001005763159
9379,0.0008936280356,0.001049193437
9380,0.0007882106293,0.00102294355
9381,0.001076303874,0.0009964142446
9382,0.00108983893,0.0009894286122
9383,0.0007904884187,0.0007252104042
9384,0.0008090134215,0.0008581361108
9385,0.0007530020921,0.001026852813
9386,0.0008496888258,0.0008203286197
9387,0.0008899026798,0.0008741624406
9388,0.0007192941848,0.000855183258
9389,0.0009379652838,0.0009489558652
9390,0.0007965766054,0.0009008985216
9391,0.0008351807192,0.0008502614728
9392,0.0009176834428,0.001110542828
9393,0.0008287529417,0.0008378833809
9394,0.0008974421144,0.0008336448664
9395,0.000960386591,0.001000690769
9396,0.000926089182,0.0009421939467
9397,0.001005530838,0.0008811310254
9398,0.0008168146232,0.000896886173
9399,0.0007691242754,0.0008256226502
9400,0.001003752492,0.0009760367757
9401,0.0007987685676,0.0007419122194
9402,0.0008588594064,0.0008515585869
9403,0.0007917489711,0.0008615495608
9404,0.0007336586641,0.0008969201226
9405,0.001011400323,0.0008933950012
9406,0.000694467526,0.0009505595735
9407,0.0009383820143,0.0009935470953
9408,0.0007881651472,0.001024765894
9409,0.001078934481,0.0009289699374
9410,0.0009436590626,0.0009485977134
9411,0.0006839978741,0.000946590706
9412,0.0007995119449,0.000904923967
9413,0.0008621312954,0.000799842488
9414,0.0007981474591,0.0009426404431
9415,0.0007659167313,0.00095637708
9416,0.0008168216591,0.0007799359155
9417,0.000765843266,0.0008820272342
9418,0.0008219488518,0.0008930559634
9419,0.0008688901507,0.0009055599076
9420,0.0008147824556,0.0009403289005
9421,0.000673172799,0.0008303350987
9422,0.0008347376715,0.001056123205
9423,0.00076726103,0.0009220792017
9424,0.0008172624875,0.0009300252859
9425,0.0008697390804,0.0009354129506
9426,0.0007420012153,0.001078876827
9427,0.0008245143763,0.0009733072147
9428,0.00110916542,0.001120193847
9429,0.000773431806,0.0009457668712
9430,0.001042719749,0.0008959491897
9431,0.0007423154602,0.0008631631063
9432,0.0007672809588,0.0007863934734
9433,0.000803438219,0.000897102982
9434,0.0007408483252,0.0009117076406
9435,0.0008252200059,0.001004201644
9436,0.0009525097703,0.001022676595
9437,0.0009901299854,0.0009337438532
9438,0.0008259820243,0.0009815576777
9439,0.0008398010978,0.0009004780732
9440,0.0007257109573,0.000882518485
9441,0.001027161266,0.0009803309076
9442,0.00106489988,0.0008630164521
9443,0.0008448521257,0.0009291687747
9444,0.001042358599,0.001264916871
9445,0.001065424432,0.0009612510039
9446,0.0008072135097,0.0008685200883
9447,0.0008299388355,0.001011824854
9448,0.0006856563705,0.0009912699534
9449,0.0007677965623,0.001012815148
9450,0.0007547330024,0.0008755989838
9451,0.0008952462376,0.0007904939994
9452,0.0007700563729,0.0008707098095
9453,0.0007813805096,0.001071274957
9454,0.001038198148,0.00109137861
9455,0.0007495775426,0.0009214489037
9456,0.0008543128461,0.0007881439451
9457,0.0009190629644,0.001187620401
9458,0.0008647908762,0.0009507546638
9459,0.0008267571975,0.0008313566359
9460,0.0007252188552,0.0009514175981
9461,0.0009027972119,0.000848653166
9462,0.00079888451,0.000857620842
9463,0.0006694269832,0.0009580892729
9464,0.0007027329339,0.0008897444568
9465,0.0007548053836,0.0008482245394
9466,0.0006900078151,0.0008751595014
9467,0.0007495469399,0.0009073425172
9468,0.0007593610935,0.000913525917
9469,0.001061921736,0.0009969240564
9470,0.000953410643,0.001053998167
9471,0.0007597814547,0.0009436205219
9472,0.0006997623932,0.0009899130746
9473,0.0007254644297,0.0009382410353
9474,0.0007982267198,0.0009198172629
9475,0.0007998748697,0.0008213407855
9476,0.0008178531389,0.0009496028433
9477,0.0009130230901,0.0008407038185
9478,0.0007487050825,0.001160715983
9479,0.0007894803057,0.0008907918454
9480,0.0009255993282,0.0009438900815
9481,0.0006521811811,0.0009430793361
9482,0.0007802565378,0.000836481755
9483,0.0009125266006,0.0009469599609
9484,0.0007523610111,0.0009288277797
9485,0.0009876123368,0.0009150050464
9486,0.0009256314734,0.000935658325
9487,0.0006897245257,0.0007787456634
9488,0.0007245023189,0.001028833489
9489,0.0007432253769,0.0008719409598
9490,0.0007135480919,0.0008982943327
9491,0.0008556202883,0.0008245942226
9492,0.0007631688059,0.0008660850872
9493,0.0007792701726,0.000936139375
9494,0.0008297112508,0.0008384620014
9495,0.0009944014964,0.000857396335
9496,0.0008048051168,0.0009756066647
9497,0.0008597047417,0.00102794417
9498,0.0007645200458,0.0008758879994
9499,0.0007605863648,0.000966821317
9500,0.0008111537827,0.0008070357726
9501,0.0008112877113,0.0008654529447
9502,0.0008490210093,0.0009778117965
9503,0.0007838344463,0.0009554627104
9504,0.0006939735104,0.001041041614
9505,0.0008433244075,0.0009223063098
9506,0.000774923421,0.0008772535948
9507,0.0008509278414,0.0008352269506
9508,0.0008540050185,0.001191365744
9509,0.0007345450285,0.0008649895972
9510,0.000844574075,0.0009626409301
9511,0.0008360302454,0.0008295595471
9512,0.0008759392731,0.001059754053
9513,0.0008752526555,0.000905367393
9514,0.0007260333223,0.0009458027889
9515,0.0008417392019,0.0008688804592
9516,0.000841090281,0.0008554100714
9517,0.0008986590256,0.001053341919
9518,0.0008867843135,0.0008622621244
9519,0.0007477625695,0.001067083773
9520,0.0008417122954,0.0008283741481
9521,0.0007623136116,0.0008590262878
9522,0.0007546295565,0.00100901159
9523,0.001203246517,0.0008317050742
9524,0.0007522163942,0.0008938746978
9525,0.0007511477379,0.0009089472951
9526,0.0006769286265,0.0009563114654
9527,0.0007041103454,0.0009166782838
9528,0.0009919946388,0.0009820852065
9529,0.0008389827271,0.001213445204
9530,0.001001067743,0.001183642467
9531,0.0009285779015,0.001026678954
9532,0.0007934676178,0.0009443056915
9533,0.0007635281872,0.001033198554
9534,0.0008390094372,0.000957542863
9535,0.0007707933983,0.0009628215266
9536,0.0008317870452,0.0009429496349
9537,0.0007913534573,0.0009236450423
9538,0.0007814115597,0.0009581428822
9539,0.0008538736583,0.0009405145611
9540,0.0008306318196,0.001138885404
9541,0.0007363708646,0.0008998701087
9542,0.0009365289661,0.0009685853911
9543,0.0008269897444,0.0009730891979
9544,0.0008940753978,0.0009422213407
9545,0.00111764537,0.0008081404667
9546,0.0008249165548,0.000858334839
9547,0.000732848981,0.0009383018187
9548,0.000727300132,0.0008721358608
9549,0.0008630745069,0.0009280576778
9550,0.0009474110993,0.0008798044
9551,0.0006977823177,0.0008349705167
9552,0.0007569625814,0.001099438567
9553,0.0009128953607,0.0009975687644
9554,0.000637501842,0.0009212811929
9555,0.0007173841732,0.0008515089721
9556,0.0007557035642,0.000792687948
9557,0.0008432049945,0.001063212825
9558,0.0007782204048,0.0008359198182
9559,0.0007335170849,0.0009411874926
9560,0.001017068531,0.000903526241
9561,0.0007423988136,0.0008968397233
9562,0.0008820144358,0.0009138253954
9563,0.00108840521,0.0007889943008
9564,0.0007280753198,0.001037871196
9565,0.0008939008767,0.0009766154981
9566,0.0009508559451,0.0009272663883
9567,0.0009473563841,0.0008260303366
9568,0.0009102109761,0.0009153700012
9569,0.0007531474985,0.0008431534079
9570,0.0007131637649,0.0008160748403
9571,0.000749542618,0.000983766462
9572,0.0008973664299,0.0008803287419
9573,0.000889103394,0.0008807388949
9574,0.0008851931489,0.0008156110634
9575,0.0007659635448,0.0009271770614
9576,0.0008267169615,0.0009887778142
9577,0.00101208494,0.0009966967264
9578,0.0008285378863,0.001088747049
9579,0.0007664273944,0.0008789673375
9580,0.0007024381775,0.0008818645147
9581,0.0008080699408,0.0009494997284
9582,0.0008822999589,0.0009046478881
9583,0.0008551512656,0.0009559064565
9584,0.0006486075872,0.0009080511009
9585,0.0007387123114,0.001052153617
9586,0.0008300582704,0.0007769327203
9587,0.001017614548,0.0007888831897
9588,0.000783300522,0.001009415864
9589,0.0007871546259,0.0009157260429
9590,0.0007743981623,0.0007615270079
9591,0.0008035939609,0.0008513182474
9592,0.0009457197448,0.0009105706704
9593,0.0008458411321,0.0008070897966
9594,0.0007695278982,0.0009557129451
9595,0.0008732545757,0.0008848673315
9596,0.0007869923647,0.001095388343
9597,0.000771420433,0.0009044817125
9598,0.0007803524786,0.001036534057
9599,0.001178006692,0.0009648182022
9600,0.0008336400861,0.0009278267462
9601,0.0008532499342,0.001004402679
9602,0.0008575557658,0.0007957142152
9603,0.000869904623,0.0009613514558
9604,0.0007215569931,0.0009466905394
9605,0.0008022203547,0.0009967652586
9606,0.0007619740791,0.0009619741104
9607,0.0007020296616,0.0008652078395
9608,0.00082919747,0.000872420329
9609,0.0006937291837,0.0008960292471
9610,0.0008048587115,0.0007575997952
9611,0.0008394103352,0.0008793526868
9612,0.0007874153307,0.0009765898649
9613,0.0008422436877,0.0009341699042
9614,0.0007167406875,0.000926413617
9615,0.0006467505991,0.0008441507525
9616,0.001227872846,0.0008637546198
9617,0.0007416538647,0.001131554363
9618,0.001008978041,0.0008884530253
9619,0.0007280596546,0.000833929611
9620,0.000724617501,0.0008309329787
9621,0.0008200342709,0.000865072725
9622,0.0008591108854,0.0008475376017
9623,0.0007202119086,0.0009906225278
9624,0.0007622715893,0.0008157963312
9625,0.0008653275218,0.0009003365703
9626,0.001022607634,0.001041178599
9627,0.0007281822691,0.0009069826847
9628,0.000879082043,0.0009360602489
9629,0.0008149486166,0.0009060449738
9630,0.0007644000871,0.0008935761944
9631,0.0008884623239,0.0009403115619
9632,0.0008576807304,0.0009134524735
9633,0.0007826249421,0.0009497068022
9634,0.0007643800709,0.0008888674929
9635,0.0009272585303,0.0008679744496
9636,0.0008849212318,0.0009091497195
9637,0.000773480795,0.0009065580816
9638,0.0007939908101,0.0009097600851
9639,0.0009529895542,0.0008519296825
9640,0.0008888396987,0.0009284822663
9641,0.00081473912,0.0009114593558
9642,0.0008909213211,0.0008008496807
9643,0.0007782371977,0.0007574921437
9644,0.0009244366811,0.001009925487
9645,0.0008967659014,0.0008992480871
9646,0.0009342503836,0.0009819228362
9647,0.0008869750163,0.0009146773227
9648,0.0007109499347,0.0008600969086
9649,0.0008906365474,0.0009371898559
9650,0.0007215247024,0.0008319828412
9651,0.0008697584926,0.0008339948836
9652,0.0007561970415,0.000873519828
9653,0.0009131662518,0.0008534394656
9654,0.0007985723132,0.0009182381837
9655,0.0009035330804,0.0009654597452
9656,0.000782632138,0.0009384908844
9657,0.000895405723,0.001041304837
9658,0.0006868783385,0.0008269519094
9659,0.0007732951199,0.0009963773991
9660,0.0007243914442,0.00104691794
9661,0.0007499175044,0.0008547327816
9662,0.0008799586649,0.0008629274671
9663,0.0009533353659,0.0009939532465
9664,0.0007897832184,0.000897136495
9665,0.0008003900803,0.0009317117583
9666,0.0007137142238,0.001125985495
9667,0.000701287041,0.0009484880138
9668,0.0008816229893,0.0009188950062
9669,0.000780488801,0.0009074457557
9670,0.0007454532388,0.0009639743948
9671,0.0006840000715,0.0009071669774
9672,0.0009311341128,0.0008790118882
9673,0.0008608028438,0.0009017033226
9674,0.0008624697948,0.001046433674
9675,0.0009334834031,0.0009329094755
9676,0.0007974981127,0.0008774564121
9677,0.0007386570978,0.0009363363861
9678,0.0009167646203,0.0009752863189
9679,0.0008914558493,0.0008817469861
9680,0.0007065022,0.0009108305312
9681,0.0007529936047,0.0009169016339
9682,0.0007948966741,0.001000431897
9683,0.0007487955882,0.001148723983
9684,0.001013568595,0.0009370502157
9685,0.0007015311639,0.0008293436986
9686,0.0009563201966,0.0008286524462
9687,0.0008824873585,0.0008220848104
9688,0.0007468862896,0.0009115437279
9689,0.0007476319515,0.0008744315492
9690,0.0008614283652,0.0009112656771
9691,0.0008083256835,0.0009684022734
9692,0.0007956468398,0.0008287508244
9693,0.0007674638146,0.0008532774664
9694,0.0008177156997,0.000926695946
9695,0.0007860282421,0.0008371752556
9696,0.0007687914622,0.0009946891587
9697,0.0007680174822,0.000877968334
9698,0.0007926601611,0.0008932489
9699,0.0007444249932,0.0008827972561
9700,0.0006751619148,0.0008578256529
9701,0.0008928528623,0.001039849201
9702,0.0009731249011,0.0008167722845
9703,0.0009797708626,0.0009610486013
9704,0.0007238088438,0.0009436846158
9705,0.0008951838317,0.0009820903506
9706,0.0008071615302,0.001060285096
9707,0.0007197235609,0.0009125303186
9708,0.0007270080096,0.0008903077251
9709,0.0007475751845,0.0009008013076
9710,0.0007158355293,0.001050752777
9711,0.0007455407904,0.0009396687601
9712,0.0008881600952,0.001001337136
9713,0.0007723252638,0.001038136281
9714,0.0008639441076,0.000912201991
9715,0.0009152351049,0.0008652779652
9716,0.001096758569,0.001086263626
9717,0.0007967980127,0.0009448380661
9718,0.0008356190883,0.0009483490721
9719,0.0006674168981,0.0009970455576
9720,0.0007509707066,0.0009282473075
9721,0.0006340366672,0.0009867948102
9722,0.0007766863891,0.0008207037681
9723,0.001024076017,0.000950782749
9724,0.0006840923597,0.0009120505347
9725,0.000813100989,0.0009947294166
9726,0.0007760828885,0.0008700159779
9727,0.000830548197,0.0008971597126
9728,0.0008804369281,0.001042337542
9729,0.0007755790139,0.0009302270773
9730,0.0007516808109,0.0008129096022
9731,0.0007834334392,0.0008358565756
9732,0.0008243631455,0.001063789561
9733,0.0008147940098,0.00092307866
9734,0.0007567932844,0.0009466169795
9735,0.0008585944015,0.0008972021969
9736,0.000908881324,0.0009332839545
9737,0.0009575881122,0.0009954413908
9738,0.0008471865949,0.0009224703317
9739,0.000750443076,0.000927787667
9740,0.0008703728527,0.0008733042778
9741,0.0008416021592,0.0009048455249
9742,0.0008246969301,0.0007924880993
9743,0.0007174480852,0.0009923876569
9744,0.0008422157916,0.001057806796
9745,0.0008746480962,0.0008722136918
9746,0.0008087931128,0.00118404656
9747,0.0007976213747,0.001006122249
9748,0.0007496609542,0.0009272525203
9749,0.0007219582549,0.0009320168829
9750,0.0008624575712,0.0008384479152
9751,0.0009110639512,0.001015370894
9752,0.0008101553103,0.0008014435516
9753,0.0007444867078,0.000813077284
9754,0.0008586981858,0.0007865977968
9755,0.0007480326785,0.0007652650675
9756,0.0007595144052,0.0008750535417
9757,0.0007665089943,0.000889392315
9758,0.0007571208844,0.001037036272
9759,0.0009839077902,0.001108415992
9760,0.0008715505392,0.0009770905017
9761,0.0007941284057,0.001029613675
9762,0.0006939545565,0.0008051731566
9763,0.001057584865,0.0007482765868
9764,0.0008356771941,0.0009865977991
9765,0.0008294871513,0.0008237510337
9766,0.001011673492,0.001163740497
9767,0.0007734983737,0.0008834292603
9768,0.0008127671317,0.0008465835417
9769,0.0007339720541,0.000862414483
9770,0.0007640526892,0.0008284138457
9771,0.0008022676775,0.000902507265
9772,0.0008696595542,0.0009491777491
9773,0.000842182606,0.000982450576
9774,0.0007457801185,0.0008880160676
9775,0.0008014452978,0.0009609758563
9776,0.0008371932345,0.0008633272228
9777,0.0008916847146,0.0008428493602
9778,0.0009841242063,0.0009222513982
9779,0.0009447265911,0.001041289397
9780,0.0009560129802,0.0008552265354
9781,0.0008001017486,0.001018079645
9782,0.0008059876927,0.0009140768889
9783,0.0007679858754,0.000967268672
9784,0.0007424243231,0.0009793217978
9785,0.0008239359522,0.0008595060935
9786,0.0007706323304,0.0009341350305
9787,0.0008490943692,0.001012733657
9788,0.0007425110671,0.0009467141062
9789,0.0006975894212,0.0008619500877
9790,0.0007570498128,0.0008186717605
9791,0.001156547973,0.0008793546585
9792,0.001052949352,0.0009158097746
9793,0.0008617644344,0.0009425139215
9794,0.0007974069049,0.000853910773
9795,0.0009733543193,0.0008025925636
9796,0.0007402000338,0.0010390803
9797,0.0007727402481,0.0009461924419
9798,0.0009334173665,0.0008678026061
9799,0.0007301164515,0.000994783717
9800,0.0007479838605,0.0008544270677
9801,0.0007512550219,0.00103501058
9802,0.000766164645,0.0009050555091
9803,0.0006172702087,0.0008709736212
9804,0.000872210192,0.0009364848447
9805,0.00103728976,0.0009673665772
9806,0.0007647216917,0.0009941542521
9807,0.0008570208884,0.000875863625
9808,0.000853833204,0.001017345639
9809,0.0007933900779,0.0009793197532
9810,0.0007299085555,0.000824730836
9811,0.0007784955742,0.0009512593533
9812,0.0009341538462,0.0009009839123
9813,0.0008400814258,0.001030278043
9814,0.001012829831,0.0008925268121
9815,0.001026444952,0.0008180490477
9816,0.0006597913671,0.0007844162465
9817,0.0007205650254,0.0009912417081
9818,0.0007278350895,0.0009097776565
9819,0.0008518088289,0.0007197168525
9820,0.0008096869497,0.001132409321
9821,0.0007312530943,0.001089113248
9822,0.0007847914458,0.001145276379
9823,0.0007531111623,0.000897661339
9824,0.0008903964845,0.0008481012337
9825,0.0006643452652,0.000834984603
9826,0.0007864238469,0.0009654646419
9827,0.0008190586814,0.0007935794638
9828,0.0007044874728,0.0009573092393
9829,0.0007462290523,0.0008329337943
9830,0.0008773153822,0.0008906187286
9831,0.0007708970152,0.0008629808799
9832,0.0008614301587,0.0009037638301
9833,0.0007394782224,0.0008335735256
9834,0.0006957737933,0.0008259632377
9835,0.0007391157924,0.001011521861
9836,0.0008289660764,0.0009477313288
9837,0.000880644362,0.001026344231
9838,0.0009932079774,0.00101316614
9839,0.000820971778,0.0008642398898
9840,0.0008821550291,0.0008440271777
9841,0.0007766744675,0.0008284918003
9842,0.0007014135845,0.001022690791
9843,0.0007754857434,0.0009420801216
9844,0.0007598990778,0.0009110285464
9845,0.0006405847162,0.0008375928519
9846,0.0007198968742,0.0009079370466
9847,0.0007923338708,0.000984918719
9848,0.0007692072613,0.00082369343
9849,0.0008232191467,0.0007064606907
9850,0.0009549446986,0.0009532245458
9851,0.0008178567514,0.0009507731447
9852,0.0009081619064,0.000938946825
9853,0.0007873736613,0.0009157466557
9854,0.0008619819928,0.00102877435
9855,0.0008063456953,0.0009711471939
9856,0.000824035109,0.0008076864397
9857,0.0009322024562,0.0008372477168
9858,0.0007154956184,0.001021241762
9859,0.0009052436762,0.0009324714702
9860,0.0007901397948,0.001125247851
9861,0.0009129246537,0.0009559128521
9862,0.001046144062,0.0008436015778
9863,0.0009140817274,0.0009108965824
9864,0.0009126543482,0.001058394068
9865,0.0007548240683,0.0008685096764
9866,0.0006511590618,0.0009683452008
9867,0.0007908610569,0.0009438613124
9868,0.0007976428606,0.0009267233836
9869,0.0008122388754,0.0009049465662
9870,0.0009092840337,0.0008570059872
9871,0.0008739872428,0.001143334637
9872,0.001093753381,0.0007997399225
9873,0.0007039220363,0.0008504905927
9874,0.0009525649293,0.0009273503892
9875,0.0008258162634,0.0009602639911
9876,0.001009171327,0.0009436441469
9877,0.0008740460325,0.0009653796078
9878,0.000757328984,0.0009656834809
9879,0.0008237212387,0.0008506549784
9880,0.0007533778262,0.0008965803863
9881,0.0006621175562,0.0009108998202
9882,0.0009541605832,0.0009385379381
9883,0.0006573623468,0.0009850895876
9884,0.0009160462796,0.001377674409
9885,0.0008669755771,0.0007854510914
9886,0.0008650111777,0.0008691140683
9887,0.0007022622885,0.0009998491005
9888,0.0007272392249,0.0008642216417
9889,0.0007109943472,0.0008537593239
9890,0.0008552652653,0.001067208803
9891,0.0007988437428,0.0007387049845
9892,0.000808685847,0.0009442524388
9893,0.001062086369,0.0009916980125
9894,0.0007463940929,0.0009195424063
9895,0.0009383838551,0.001025728961
9896,0.0006087464244,0.0008010411766
9897,0.0007597238291,0.0009217390761
9898,0.0007951404041,0.0009259477083
9899,0.00104351667,0.001024776619
9900,0.0009133757703,0.001016257062
9901,0.0007643270947,0.0009826102105
9902,0.0007605109786,0.0009976598667
9903,0.0009071599998,0.0007824961649
9904,0.0007978548965,0.0008122029831
9905,0.000986958039,0.0007438529647
9906,0.000693284077,0.0009946251012
9907,0.0007429002108,0.0009747110817
9908,0.0007577790311,0.0008871192767
9909,0.0007524913235,0.0009715597625
9910,0.0008476328585,0.000854173406
9911,0.0007993469262,0.0008097145183
9912,0.0007936343391,0.001034522516
9913,0.0008444404448,0.0008534095978
9914,0.0008041018227,0.0008957706741
9915,0.0009367193197,0.0009296345743
9916,0.001038892377,0.0009673856694
9917,0.0009403654476,0.0008931873599
9918,0.0009257907295,0.001008496707
9919,0.0008389675932,0.0008293295541
9920,0.001003033336,0.0007796665668
9921,0.0006733624541,0.001006398154
9922,0.0006917456412,0.0009566221415
9923,0.000760962459,0.001016971924
9924,0.0008243361081,0.0008939321124
9925,0.0007997323046,0.000963778024
9926,0.0006845104217,0.000902982727
9927,0.0008237393085,0.001038545764
9928,0.0008158395431,0.001035826885
9929,0.0008427002103,0.0008367969713
9930,0.0009258547143,0.001048356928
9931,0.0007194887039,0.0009366634768
9932,0.00071995912,0.0009149794205
9933,0.0008577113113,0.001002678699
9934,0.0006949624658,0.0008468875967
9935,0.0008397887868,0.0009046755949
9936,0.001228353343,0.0009144810101
9937,0.0009300871898,0.0008678264785
9938,0.0007053904556,0.000885540634
9939,0.0007601713369,0.0007838119345
9940,0.0007511067088,0.0008897204025
9941,0.0009008736815,0.0009327941079
9942,0.0007360581294,0.0007353441397
9943,0.0008336012397,0.0008847034551
9944,0.001003152203,0.0009096352005
9945,0.0007286869659,0.0007559153637
9946,0.0007790235832,0.0009388643084
9947,0.000676277763,0.0008352718942
9948,0.0007408157689,0.000958659024
9949,0.000760236202,0.000755140929
9950,0.000918372767,0.001016059665
9951,0.0008927508097,0.0009653695815
9952,0.0006528021804,0.0008904863862
9953,0.0008044469141,0.0007968793725
9954,0.0008507867533,0.001024529178
9955,0.0009428672638,0.001086038224
9956,0.0008707524685,0.00088052504
9957,0.0008809675564,0.0009766300718
9958,0.000638269812,0.00101168461
9959,0.0007622236808,0.0008558289264
9960,0.0007694485685,0.000821260106
9961,0.0008726785018,0.0008563563315
9962,0.0006158062824,0.0009783270798
9963,0.000711816956,0.0008629290896
9964,0.0009081264725,0.0008530402556
9965,0.000699160184,0.0009647675979
9966,0.0006655068937,0.001011838016
9967,0.0009001633443,0.0009935435082
9968,0.0008321067944,0.0008924427311
9969,0.0006851018334,0.0008957386963
9970,0.0007912398505,0.0008898843007
9971,0.000760918032,0.0008912784542
9972,0.0009569530666,0.001037098555
9973,0.0009439010682,0.0007512373122
9974,0.0007523839013,0.0009585414664
9975,0.000819106077,0.001021987191
9976,0.0008538883267,0.0009341871337
9977,0.0008366676921,0.0008267272424
9978,0.0008105259403,0.0009223379384
9979,0.0007513880337,0.0008835928747
9980,0.0007630774489,0.0009323580234
9981,0.0009345444705,0.0009303321858
9982,0.0007955127148,0.0009442602604
9983,0.0008007961951,0.0009717889843
9984,0.0009238415223,0.0007764577531
9985,0.0006557222478,0.0009235302277
9986,0.0007737501619,0.0008388675196
9987,0.0007662059215,0.0009342195117
9988,0.0007456070089,0.0007982714524
9989,0.0008988771297,0.0009495692066
9990,0.0007582851249,0.0008195035261
9991,0.0009060617631,0.000951396476
9992,0.0008841503295,0.0008632379177
9993,0.0008761557401,0.0008914860009
9994,0.0008896621366,0.0008864271149
9995,0.0008027059812,0.0007633191999
9996,0.0007898941258,0.0007847076195
9997,0.0006771558401,0.0007701549221
9998,0.0007341250312,0.0009691911182
9999,0.0007929461426,0.0009179117988
10000,0.0007467466567,0.0009042753882
