epoch,from_history_train,from_history_val
1,0.03067385731,0.02753982786
2,0.02786904946,0.02435685042
3,0.02497307933,0.0214838183
4,0.02239275491,0.0207717109
5,0.02199781919,0.01973432768
6,0.02060222533,0.01896458305
7,0.01966658933,0.01862090477
8,0.02028036141,0.01804787433
9,0.02043825318,0.0189435659
10,0.02009566431,0.01769832103
11,0.01893488737,0.01757203881
12,0.01946450467,0.01705619576
13,0.01873775222,0.0172507579
14,0.01800171845,0.01730520511
15,0.01752731227,0.01598308759
16,0.01753518451,0.01629450161
17,0.01718976139,0.01562660583
18,0.01707820722,0.0153106763
19,0.0178899595,0.01558603009
20,0.01686155086,0.01522687951
21,0.01658652595,0.01585624262
22,0.01608478429,0.01458725263
23,0.01517948124,0.01452706789
24,0.01492337207,0.01412458206
25,0.01566586376,0.01387802069
26,0.01575296163,0.01410271775
27,0.01478887396,0.01411933848
28,0.01549147489,0.01397376647
29,0.01453775773,0.01408676035
30,0.01477576257,0.01353208034
31,0.01456090307,0.01323655818
32,0.01491230074,0.0135605376
33,0.01424475492,0.01336127461
34,0.0144907271,0.01367512892
35,0.01432489802,0.01304603135
36,0.01377630373,0.01297078445
37,0.01388701797,0.01350149384
38,0.01378882106,0.01240619435
39,0.01370132773,0.01278386998
40,0.01301577,0.01258163608
41,0.01292830077,0.0121737204
42,0.0137610836,0.01237889496
43,0.01426224201,0.01216622989
44,0.01332278166,0.01310927013
45,0.01354390907,0.01249828574
46,0.01250768395,0.01266016986
47,0.01303201006,0.01197118906
48,0.01295701507,0.01192599814
49,0.01271313592,0.01212339767
50,0.01260302437,0.01169530384
51,0.0131195148,0.01210548286
52,0.01302517357,0.01229658711
53,0.01248381427,0.01199545932
54,0.01210115815,0.01207753317
55,0.01256618532,0.01201170636
56,0.01252174389,0.0122788219
57,0.01209286449,0.01141400961
58,0.01291706238,0.01151680481
59,0.01194771251,0.01146774902
60,0.01217689062,0.01141890662
61,0.01273375074,0.01171268465
62,0.01267694053,0.01132724551
63,0.01197828166,0.01157833368
64,0.011791536,0.01094136911
65,0.01196175488,0.01178825612
66,0.0119431694,0.01174368185
67,0.01251225395,0.01176915434
68,0.01241074654,0.01201481314
69,0.0109036339,0.01114869781
70,0.01152119867,0.0114507525
71,0.01158959127,0.01072325732
72,0.01188278466,0.01156077941
73,0.01101034018,0.01150361425
74,0.01185636211,0.01141004066
75,0.01246892125,0.01120207133
76,0.0111195998,0.01135832048
77,0.0115893617,0.01081927703
78,0.01140653121,0.01048238878
79,0.01237555081,0.01136483718
80,0.0113397747,0.0111853024
81,0.0116266777,0.0111710463
82,0.01094757335,0.01094464934
83,0.01160607394,0.01121699589
84,0.0119041258,0.01128280372
85,0.01140913658,0.01079209347
86,0.01167931571,0.01110796817
87,0.01109922235,0.0107140597
88,0.01155964623,0.01099106483
89,0.01182308386,0.01093800261
90,0.01151593961,0.01158434199
91,0.01178028469,0.01123493828
92,0.01127070375,0.01080356783
93,0.01078168175,0.01149792667
94,0.01095358795,0.01091959642
95,0.01135145861,0.01129330765
96,0.01163925498,0.01106019504
97,0.01127307035,0.01151796861
98,0.0100509912,0.01031600963
99,0.0112560764,0.01054154465
100,0.01148422307,0.0108884006
101,0.01067370095,0.01119272539
102,0.01191906142,0.01055882673
103,0.0111008035,0.011260484
104,0.0110480485,0.01027871249
105,0.01119341899,0.01061717002
106,0.01127574441,0.01071685064
107,0.01112072601,0.0108844369
108,0.01121561264,0.01015449502
109,0.01151098334,0.01096527372
110,0.01168865839,0.01081451541
111,0.01043656142,0.01047657139
112,0.01117379009,0.01123793237
113,0.01097695413,0.01046984131
114,0.01164435723,0.01088944345
115,0.0109552705,0.01060953748
116,0.01127711055,0.0109181999
117,0.01025322173,0.01100110228
118,0.01134020847,0.01070762402
119,0.01092834922,0.01060942514
120,0.01146493526,0.01028307714
121,0.01100708719,0.0112257849
122,0.01112709171,0.01083857869
123,0.01019863167,0.01085764647
124,0.01154052676,0.01059430221
125,0.0104051634,0.01125301688
126,0.01127388643,0.01115468377
127,0.01114248112,0.01029517886
128,0.01074480114,0.01055841509
129,0.01007853384,0.01028106257
130,0.0109752866,0.01068549952
131,0.01130451064,0.01054982725
132,0.01095887343,0.0106538476
133,0.01099140767,0.01068912935
134,0.01059146551,0.01111270755
135,0.01115108503,0.01019863575
136,0.01160000614,0.01068378461
137,0.01124262949,0.01091911935
138,0.01126848161,0.01081139012
139,0.01084612624,0.01086230064
140,0.01098159235,0.01077743084
141,0.01126893889,0.01085612958
142,0.0109534167,0.01070934045
143,0.01124840055,0.0105216424
144,0.01066933514,0.01081953396
145,0.01048847986,0.01109098725
146,0.01010266237,0.01057089167
147,0.0104143545,0.01066774921
148,0.01132641977,0.01126677368
149,0.0106277155,0.01074473048
150,0.01024525124,0.01020180341
151,0.01051667321,0.01088537998
152,0.01167085092,0.01082675566
153,0.01124134823,0.01031793235
154,0.0108058512,0.01034755004
155,0.01119945582,0.01053755207
156,0.01097639347,0.01039395202
157,0.01073360897,0.009896796313
158,0.01045902004,0.01097176946
159,0.01077782363,0.01063463103
160,0.01081176242,0.01119542064
161,0.01065291662,0.01054219797
162,0.0112851481,0.01083575422
163,0.01084615279,0.0103932895
164,0.01049781032,0.009996127221
165,0.01082414296,0.01056218299
166,0.01026808505,0.0106998072
167,0.01102339197,0.01063769078
168,0.01123385434,0.01131184329
169,0.01040476188,0.01059008593
170,0.01054403663,0.01097668114
171,0.01018889423,0.01093687536
172,0.01051357691,0.01124426827
173,0.01058055589,0.01067135856
174,0.01093414112,0.01038032933
175,0.01166250545,0.01031018433
176,0.01101304765,0.01105000183
177,0.01101522043,0.01058272703
178,0.01050081447,0.01043147664
179,0.01043524081,0.009997816873
180,0.01150136045,0.01043804374
181,0.01009690564,0.0111025048
182,0.01086828311,0.01026885898
183,0.01053680398,0.01045534678
184,0.01020853128,0.01080029574
185,0.01049135777,0.009992809384
186,0.0101503816,0.01107705443
187,0.01084181247,0.01040889812
188,0.01101374964,0.01015425404
189,0.01067363867,0.0107694288
190,0.01006572822,0.0103790306
191,0.01080269448,0.01059288916
192,0.01037771197,0.01045540534
193,0.01129069261,0.01036191289
194,0.01103809604,0.01023546117
195,0.01059804042,0.01030194247
196,0.01094357448,0.01069058373
197,0.01067334146,0.01045410393
198,0.0109752994,0.01089883968
199,0.01042199996,0.01080920163
200,0.01033722365,0.01067865652
201,0.009994333261,0.01146631094
202,0.01043035346,0.0104760176
203,0.01036828069,0.01037842024
204,0.0105271918,0.01060731686
205,0.01033369964,0.01072654466
206,0.01020851824,0.01065548265
207,0.01088531816,0.01066324825
208,0.01043459214,0.01007683366
209,0.009713974083,0.01022137539
210,0.01090546884,0.01054487599
211,0.01040358201,0.01048789953
212,0.01088369591,0.009833509685
213,0.01053895452,0.01108881528
214,0.01062329474,0.009975935915
215,0.01056275284,0.01113941066
216,0.01051369775,0.01009466953
217,0.01014729065,0.01088323863
218,0.01007623074,0.0100199969
219,0.01089471008,0.01043841126
220,0.01068061066,0.01032482728
221,0.01075883012,0.009950594394
222,0.01056926884,0.01048267528
223,0.01067093376,0.01001107192
224,0.01047861355,0.01030851237
225,0.009964759345,0.01033740782
226,0.01073644357,0.01026836969
227,0.009896787233,0.01044800505
228,0.01087015355,0.0113002971
229,0.01070749643,0.01070804161
230,0.0105517921,0.01004867523
231,0.01061502995,0.01124103309
232,0.01073302806,0.01084583625
233,0.009967008838,0.009956669994
234,0.01095389691,0.01093253703
235,0.01067175076,0.0105155193
236,0.01002204022,0.011196343
237,0.01108779991,0.01087841671
238,0.01064396813,0.01008667145
239,0.01036378194,0.009911518428
240,0.01074818231,0.01072857785
241,0.0106748757,0.01006077859
242,0.01058283914,0.01038233656
243,0.01047576335,0.01053808583
244,0.0104921959,0.01002806227
245,0.0104434716,0.01029313018
246,0.01059195213,0.01084123447
247,0.0106028677,0.01042262197
248,0.01033742318,0.01066515583
249,0.0104542441,0.009988297243
250,0.01020527747,0.01061043399
251,0.01006581227,0.01026493451
252,0.01066168328,0.009899553726
253,0.01047105808,0.009766055271
254,0.01140274189,0.0106808244
255,0.01044389268,0.01038448187
256,0.009879772668,0.01023384428
257,0.01028205652,0.01024810079
258,0.009852117975,0.01023717516
259,0.01062301733,0.009842832224
260,0.01062422572,0.00973353174
261,0.01039687707,0.01018815639
262,0.009663023986,0.009987339261
263,0.01034234022,0.009816152975
264,0.01022086898,0.01056433725
265,0.01112889673,0.01025463804
266,0.01070891286,0.01024067367
267,0.01058395463,0.01057224418
268,0.01072590577,0.0104871589
269,0.01050124515,0.01038617955
270,0.009882831597,0.01086176175
271,0.01079047029,0.009532484808
272,0.01048281661,0.01067170571
273,0.009665895312,0.01045694633
274,0.009834643919,0.01069838053
275,0.01089306339,0.01055866177
276,0.01055388851,0.01099756837
277,0.01071317494,0.01019666344
278,0.009536384139,0.00984044536
279,0.01129073149,0.01067811414
280,0.01039341802,0.009654864669
281,0.01054852363,0.01036511362
282,0.01096982101,0.01041175425
283,0.009918336989,0.01121915644
284,0.01032239792,0.01061668806
285,0.009721785318,0.01024861843
286,0.009907574742,0.01099910925
287,0.01104681438,0.00996931293
288,0.009878797457,0.01038581994
289,0.009935685317,0.009784053487
290,0.01010913926,0.009913809248
291,0.01031830534,0.01038030605
292,0.0102562079,0.01057915052
293,0.01089682931,0.01082704484
294,0.01065116632,0.01025728101
295,0.01051102625,0.01103108691
296,0.01066033903,0.01017600403
297,0.01036957081,0.01067224704
298,0.01067887002,0.009902588208
299,0.01005873759,0.01010978338
300,0.01005209924,0.009984116303
301,0.009958579089,0.009794608923
302,0.01077855495,0.01024466532
303,0.01055661158,0.01061627467
304,0.01002958708,0.01064540504
305,0.01020175708,0.01062738197
306,0.01069033693,0.01105722727
307,0.01078096987,0.01002470835
308,0.01049817645,0.01011674537
309,0.01037369121,0.009944958379
310,0.0106824761,0.01105433586
311,0.01010596345,0.01051014161
312,0.01033997932,0.01027433691
313,0.01011868229,0.01062341896
314,0.01044475415,0.009911045898
315,0.01058523834,0.01090074261
316,0.009686757636,0.01019861654
317,0.01023437234,0.01042235235
318,0.01057797112,0.01042927615
319,0.009742410504,0.01032101724
320,0.01052472519,0.01067307172
321,0.01012864034,0.01095643605
322,0.009684256278,0.01025151333
323,0.01014961652,0.01051552454
324,0.009885939071,0.009953014087
325,0.01023278013,0.01083384675
326,0.01009569684,0.009828976705
327,0.00986038195,0.01018320769
328,0.0106988207,0.01022696274
329,0.01127836329,0.0102824989
330,0.01014553569,0.01032649667
331,0.01046983723,0.01028351381
332,0.01019966719,0.01030449697
333,0.01026065601,0.01068963972
334,0.01029914024,0.01057201182
335,0.01038263482,0.01051655842
336,0.009826901602,0.01024488511
337,0.01016616548,0.01101378025
338,0.01025616203,0.01042371057
339,0.009754867293,0.009746366879
340,0.01093125995,0.01101474848
341,0.01009592635,0.01117430849
342,0.01106738928,0.01081150712
343,0.01056328602,0.01000599028
344,0.009955969756,0.01070886303
345,0.01046114962,0.01045632327
346,0.01046766661,0.01018294727
347,0.009738488705,0.01068993064
348,0.01017789589,0.01013807568
349,0.01041972986,0.01013677637
350,0.009788979893,0.01063378784
351,0.009823924396,0.01024149742
352,0.01066717471,0.01082904323
353,0.0106967364,0.01020895608
354,0.0102692293,0.01125009707
355,0.009640795994,0.01091680187
356,0.009753514081,0.01027138729
357,0.009821091546,0.01080751512
358,0.01036023104,0.01020291098
359,0.01041138615,0.01048082719
360,0.01015948958,0.01034513244
361,0.01039268391,0.009677122696
362,0.01083484723,0.01004587894
363,0.0107401812,0.01009032701
364,0.01051651861,0.01036602259
365,0.01001189242,0.009954468929
366,0.01010364643,0.01003193448
367,0.01017090818,0.01063769311
368,0.01059230557,0.01126584632
369,0.009887969587,0.01015491504
370,0.01012764184,0.01037551626
371,0.01012181898,0.01054696343
372,0.01020296599,0.01067214622
373,0.01024794264,0.01035569899
374,0.01015565393,0.01041318243
375,0.01053458988,0.01065962773
376,0.009338028322,0.01021487021
377,0.010025708,0.01082357054
378,0.0107877251,0.01074626332
379,0.009782117908,0.01059973938
380,0.01053904637,0.01061922405
381,0.009492250509,0.009557634126
382,0.00948927924,0.01019912795
383,0.01021987339,0.009766945615
384,0.009220638894,0.01063540764
385,0.01049534418,0.01001691306
386,0.01081273449,0.01024406636
387,0.01028937101,0.009851820185
388,0.01011889451,0.01066635828
389,0.009576175478,0.01008237852
390,0.01042356715,0.011110352
391,0.009675567155,0.0101170619
392,0.01020428806,0.01081323321
393,0.01052294811,0.010129467
394,0.009685016121,0.01012011548
395,0.01002969581,0.01029549865
396,0.009727163997,0.01020252274
397,0.009808792267,0.01043823629
398,0.01009866432,0.01026379468
399,0.009773581638,0.01009145321
400,0.01038320374,0.01107032516
401,0.01011594827,0.0101519922
402,0.009683212265,0.01063345012
403,0.01035412902,0.009753287188
404,0.009974104236,0.01063464466
405,0.01021563308,0.01079655683
406,0.01041839866,0.01055259607
407,0.009512436693,0.01096312678
408,0.01047335146,0.01045733131
409,0.01037393988,0.01004371082
410,0.01009401761,0.01049314509
411,0.01066863374,0.01067744987
412,0.01061111398,0.01091304573
413,0.01009718719,0.01029434637
414,0.01008626947,0.01103853749
415,0.01063805411,0.01009356912
416,0.01056118438,0.01052845072
417,0.009742415277,0.01122112898
418,0.009843725478,0.01063822932
419,0.009961254895,0.0105390884
420,0.01021130546,0.01038687048
421,0.01006865082,0.01020041283
422,0.009848515503,0.01027791016
423,0.009550379706,0.01030171337
424,0.009630159009,0.01079117728
425,0.009507727926,0.01041066973
426,0.009462152666,0.009752955637
427,0.009903481463,0.01075487223
428,0.009735322674,0.01014456525
429,0.01018550538,0.01068155584
430,0.009745560412,0.009879240533
431,0.009570928523,0.01000445848
432,0.01040974318,0.009912802605
433,0.009833821037,0.01024273876
434,0.009162795264,0.0104917736
435,0.009846704081,0.01017635898
436,0.009553458542,0.0106431176
437,0.009700984461,0.01060452871
438,0.009951391956,0.01060595945
439,0.009779604152,0.0101755223
440,0.009943842189,0.01031418447
441,0.009965441655,0.01052830869
442,0.009464151226,0.01039234165
443,0.009694815031,0.009917136515
444,0.01011834526,0.01001666486
445,0.009960814263,0.01009492064
446,0.01058288047,0.01040123939
447,0.01003483939,0.009823314496
448,0.009604112129,0.01010479289
449,0.0096554755,0.01042226073
450,0.009418533649,0.01047551457
451,0.009947998798,0.01019378472
452,0.01013048389,0.01126822131
453,0.01004057564,0.01054371789
454,0.009851752315,0.01041406591
455,0.009556173638,0.0103511567
456,0.009594330215,0.01079152559
457,0.01034086541,0.01073298045
458,0.0101156598,0.01082941378
459,0.008776889008,0.01016142266
460,0.009579071891,0.01015773375
461,0.00952804659,0.009800833068
462,0.009739141678,0.01082869561
463,0.01004883333,0.01052465697
464,0.009825772257,0.01058822253
465,0.01017453778,0.009933324764
466,0.009091217653,0.009866148583
467,0.008937742095,0.009730131598
468,0.009918109514,0.01060378703
469,0.010111182,0.01052969613
470,0.009885203792,0.01022231276
471,0.009804035886,0.009921283112
472,0.009963872319,0.01047045109
473,0.009951204644,0.0104100774
474,0.01013019565,0.01048325491
475,0.009992424515,0.009705485892
476,0.009551158757,0.01021104888
477,0.009672746761,0.01069803012
478,0.009481472254,0.01067060488
479,0.009807165014,0.009648175444
480,0.01008365059,0.01082915091
481,0.009397514223,0.01013298926
482,0.009355993883,0.009911907371
483,0.009624612983,0.01078959345
484,0.00922881841,0.0104271326
485,0.009176375344,0.01027082244
486,0.009050176537,0.01071881165
487,0.009419135982,0.01048266154
488,0.009626839077,0.01025009202
489,0.009387398663,0.01044872159
490,0.009358804731,0.01068284269
491,0.009505849215,0.009869436384
492,0.009976258036,0.01069704141
493,0.008880913549,0.01002019364
494,0.009703125223,0.01063022972
495,0.009927518782,0.01048704644
496,0.009523423272,0.01013696135
497,0.009298307123,0.01028041111
498,0.009816162288,0.01001604088
499,0.01018779725,0.01086218667
500,0.009336358053,0.01048948558
501,0.009791281424,0.01014748099
502,0.009721581242,0.009641924291
503,0.009520093678,0.01096840948
504,0.009956166148,0.01103319216
505,0.008918171457,0.009465026087
506,0.009493810241,0.01010598405
507,0.009221683315,0.01068309508
508,0.009119572816,0.01009641541
509,0.009538016457,0.0106143041
510,0.009397829301,0.009748656536
511,0.008771915687,0.01020342857
512,0.009231520002,0.01085395843
513,0.009430437698,0.009618049429
514,0.008346843708,0.01018704788
515,0.009043871018,0.01057756215
516,0.009479372879,0.01027251582
517,0.009134389111,0.01045936311
518,0.009772202582,0.009846389643
519,0.00928973814,0.009640556003
520,0.008791503904,0.01033997594
521,0.009118772228,0.01032237103
522,0.009183652408,0.01031607261
523,0.008802937227,0.009998597903
524,0.009730802849,0.01072260318
525,0.00939864479,0.01000390144
526,0.009506044909,0.01015023852
527,0.009569683752,0.01112082752
528,0.009031083668,0.01033695915
529,0.008917313826,0.01017240074
530,0.009566792753,0.01073211932
531,0.009042063204,0.01035755663
532,0.009172112099,0.01030370477
533,0.009206097689,0.01016402524
534,0.009354184265,0.009925663471
535,0.00921269285,0.0108071412
536,0.009238964645,0.009647880681
537,0.009405650431,0.01057257468
538,0.009012614144,0.009701908217
539,0.008620158711,0.01006415114
540,0.008975765435,0.00983732962
541,0.009383288387,0.01044491935
542,0.009163280891,0.01002312207
543,0.009266378358,0.01073661051
544,0.009363466641,0.01026609063
545,0.008978636644,0.01096356614
546,0.009303086321,0.01012491854
547,0.00883869885,0.01027156366
548,0.009075238602,0.01081851579
549,0.009054699331,0.01010083687
550,0.008713981602,0.01011858589
551,0.008953715209,0.01073861448
552,0.008897415071,0.01067997108
553,0.009182916488,0.01020726701
554,0.0090493483,0.01071926404
555,0.009334888426,0.010261941
556,0.009096787544,0.0107578031
557,0.008549661492,0.01115069981
558,0.008419603575,0.01091696101
559,0.008526488498,0.01037940593
560,0.008749429369,0.01050039846
561,0.008934022917,0.01020607993
562,0.008335148916,0.01054363826
563,0.008467051841,0.01092230517
564,0.008748044842,0.01073063444
565,0.008982139407,0.01022251893
566,0.008493814676,0.01088266762
567,0.008489236236,0.009889403475
568,0.00871456496,0.01016597578
569,0.008467799344,0.01053325541
570,0.009085840313,0.01073740039
571,0.008868146921,0.009801812237
572,0.008297911612,0.01027163351
573,0.00836778665,0.01059178286
574,0.008298150671,0.01047357533
575,0.008523595403,0.0108608068
576,0.008672429714,0.01065699733
577,0.0080692388,0.01072743372
578,0.008221049036,0.0106200825
579,0.008753482252,0.01029905304
580,0.008303321432,0.01045608905
581,0.008537252725,0.01037209958
582,0.008142454608,0.01067717688
583,0.007871957379,0.01019068237
584,0.008009704005,0.01120642526
585,0.008089717827,0.01010611234
586,0.008049320546,0.01011209399
587,0.007611185545,0.01013776276
588,0.008040217916,0.01084187883
589,0.008115625824,0.01067168976
590,0.00849832705,0.01039802318
591,0.008111611998,0.01046399924
592,0.007935225382,0.01012089418
593,0.008391063835,0.0108063065
594,0.007841786253,0.01020733931
595,0.007888660359,0.01023131376
596,0.007700846181,0.01010199764
597,0.008120367245,0.01095993631
598,0.007442977163,0.01035112969
599,0.007802324544,0.01034250425
600,0.007588598994,0.01087213703
601,0.007561172941,0.01063182426
602,0.007064683829,0.01021612529
603,0.007744457049,0.01055756269
604,0.007467511692,0.01050268603
605,0.007745420386,0.0106301565
606,0.007245743996,0.01043349289
607,0.006974213,0.01034010341
608,0.007841482176,0.01130353787
609,0.007585926855,0.01003792253
610,0.007333178422,0.01050893369
611,0.007656115864,0.01074184931
612,0.007457862666,0.01089281426
613,0.007532904507,0.009818351595
614,0.007494262769,0.01069654746
615,0.006920234533,0.009863262414
616,0.007210770564,0.01094418799
617,0.006955393357,0.01001982158
618,0.007262463274,0.01098054566
619,0.007223074383,0.01062609837
620,0.007152371574,0.009658995434
621,0.007112111838,0.01045129308
622,0.007118194306,0.01038717967
623,0.006864400813,0.01115498401
624,0.007104091172,0.009878755314
625,0.007073220913,0.01072520262
626,0.006956122874,0.01097434352
627,0.006314784754,0.01006809017
628,0.006562084833,0.01079427416
629,0.00697390642,0.01071555843
630,0.006989540649,0.01069160621
631,0.006622462301,0.01007871819
632,0.006538626738,0.01042437297
633,0.006764160993,0.01034136757
634,0.007113209867,0.01056319394
635,0.006767236628,0.01060730906
636,0.006932480552,0.01040309214
637,0.006441926991,0.01093802846
638,0.006272370403,0.01019725576
639,0.006610403536,0.01071839454
640,0.006080505729,0.01022997336
641,0.006796811649,0.01003714034
642,0.006143605104,0.01115116419
643,0.006536169676,0.01005255897
644,0.006619918859,0.009920251206
645,0.006357601029,0.01041980169
646,0.00605043245,0.01090099313
647,0.006569995312,0.01019817113
648,0.006143266335,0.009859638056
649,0.006344333,0.01006170665
650,0.006339232961,0.01045555691
651,0.006153094582,0.009429709171
652,0.006226836413,0.01038672228
653,0.006170029752,0.01001839922
654,0.00635242468,0.01068200881
655,0.006312563433,0.009789390489
656,0.005829675007,0.01005001203
657,0.006051103876,0.0104199195
658,0.005753885431,0.01073792716
659,0.005821127968,0.01072288968
660,0.005807163136,0.01023375266
661,0.006359169551,0.01118202205
662,0.005933356588,0.01062034606
663,0.006034010963,0.01064442936
664,0.005807797133,0.009962078067
665,0.00602918159,0.009758126689
666,0.005810025672,0.010338614
667,0.005932259141,0.01023210364
668,0.00590594043,0.010265694
669,0.006002888724,0.01065947034
670,0.006020612025,0.009738541674
671,0.00578023761,0.01069859636
672,0.00605109334,0.009906331776
673,0.005317539792,0.01074109541
674,0.00604218588,0.009891835158
675,0.005598929652,0.009814817226
676,0.006400997227,0.009570032707
677,0.00572007196,0.01001726335
678,0.005903615616,0.01065856707
679,0.006235410518,0.009754576837
680,0.00544023054,0.01079987211
681,0.005738146487,0.009895470575
682,0.005718263856,0.01003384287
683,0.005589379172,0.009709479404
684,0.005719816661,0.0110048604
685,0.00549862592,0.009864357125
686,0.005582601822,0.009399862261
687,0.005509981245,0.009780921973
688,0.005564188003,0.009859233513
689,0.005585999053,0.01037687203
690,0.005609341257,0.009289428825
691,0.00559009338,0.01056321431
692,0.00532303541,0.01048320788
693,0.005463142355,0.009346218547
694,0.005595548835,0.009752443526
695,0.005747550575,0.01005415339
696,0.005439246714,0.01007519779
697,0.00541431841,0.01093921124
698,0.00512406131,0.01059107017
699,0.005486032867,0.01005512639
700,0.005126476404,0.01066817797
701,0.005265291256,0.01003777201
702,0.005562942591,0.009950705571
703,0.005088081001,0.01042772224
704,0.005186036462,0.01025840454
705,0.00589641236,0.009783765534
706,0.005348205275,0.00998022675
707,0.005505349312,0.0106726638
708,0.005359926261,0.0101250303
709,0.005283150822,0.01088843914
710,0.005445790419,0.01028518577
711,0.005256079487,0.01043988578
712,0.005222316366,0.009746162919
713,0.005498116312,0.01128247299
714,0.00530284713,0.01023057464
715,0.005293905095,0.009978921502
716,0.005075376539,0.009851271752
717,0.005130585341,0.01038999821
718,0.005258799356,0.009946031612
719,0.005094500317,0.009873289499
720,0.005252661009,0.01010716031
721,0.005085039884,0.01030512922
722,0.005413837614,0.009776056162
723,0.005068419268,0.01088901248
724,0.005305406172,0.01029754349
725,0.005081087002,0.01011808217
726,0.004955878248,0.00995563576
727,0.005155677383,0.009039096243
728,0.005282115424,0.01131420303
729,0.005131428305,0.01000614627
730,0.005228611291,0.009692530672
731,0.004978090117,0.01118081145
732,0.005173023615,0.01107485057
733,0.004943146661,0.009612384718
734,0.00497561699,0.01076373248
735,0.00506103714,0.01004027587
736,0.005170884135,0.01149330183
737,0.00519635278,0.00983215787
738,0.005107344768,0.01054766891
739,0.005260856997,0.01066131797
740,0.005110333848,0.01015523355
741,0.004980535246,0.01076291944
742,0.005006329156,0.00982469623
743,0.004949339957,0.009982471936
744,0.005171410739,0.01068077877
745,0.004946663335,0.01012972719
746,0.005022629513,0.009756804793
747,0.005013715359,0.01072225958
748,0.004855871666,0.01039727684
749,0.00518634211,0.00994766911
750,0.005022199126,0.009330262896
751,0.005016041163,0.01039440488
752,0.004816463508,0.009809291048
753,0.004765689373,0.01126749814
754,0.004817126202,0.01018111606
755,0.004722423444,0.0100313751
756,0.004812079365,0.01013431692
757,0.004939428065,0.01062610396
758,0.004859797598,0.01167847938
759,0.004899731604,0.009146188037
760,0.004922099644,0.009405804682
761,0.004912035831,0.01019446156
762,0.00470601517,0.009977686917
763,0.004977922305,0.0100973614
764,0.004562903952,0.009998447844
765,0.004709890927,0.01083394419
766,0.004872634832,0.009774658014
767,0.004693309776,0.009406697354
768,0.004697665747,0.01116173773
769,0.00445637657,0.01086706761
770,0.005046830338,0.01043412171
771,0.004871467419,0.01026306138
772,0.004694835836,0.01041513891
773,0.0045190198,0.01013613516
774,0.004766193219,0.00963853969
775,0.004585015588,0.01104991371
776,0.004696324526,0.008893808874
777,0.004663096799,0.009934186703
778,0.004732235335,0.01058254612
779,0.004786630161,0.01148989971
780,0.004984201922,0.01125191024
781,0.004825011478,0.01006963314
782,0.004664859036,0.01028886379
783,0.004667219881,0.009650136984
784,0.00458740216,0.01038896583
785,0.004630347365,0.01147903781
786,0.004956560326,0.01020014228
787,0.004759554111,0.01121996611
788,0.004583504284,0.009722933813
789,0.00471780129,0.01061469305
790,0.004705403786,0.01044446393
791,0.004598180705,0.009812735894
792,0.004652539326,0.009913924499
793,0.004741911456,0.009173716535
794,0.004535526736,0.01035477989
795,0.004454969603,0.0101864594
796,0.004456247523,0.00986756396
797,0.004230207385,0.01233622257
798,0.004216181813,0.01077714213
799,0.00466553896,0.0100963352
800,0.004461128032,0.01116877655
801,0.004663962463,0.01113628293
802,0.004458187177,0.01007793006
803,0.004540783644,0.01013599557
804,0.004675497941,0.01107873942
805,0.004734088492,0.0115533683
806,0.0043399391,0.01073860493
807,0.004504717188,0.00991468213
808,0.004411439848,0.01048824482
809,0.004284725233,0.0110555084
810,0.004605898284,0.01049953524
811,0.004688850429,0.00848351192
812,0.004436797171,0.01013179024
813,0.004570343764,0.01030186366
814,0.004402433085,0.009606757085
815,0.00451204757,0.01155859325
816,0.004438673728,0.01012894826
817,0.004418823868,0.01088988804
818,0.004534218955,0.009748148499
819,0.004035956605,0.01046316756
820,0.004595777602,0.01177150151
821,0.004160664423,0.009808707458
822,0.004272376595,0.01372676308
823,0.0044965618,0.01000683953
824,0.004364574066,0.008900116198
825,0.00429287029,0.01103467576
826,0.004525698605,0.01005984971
827,0.004238953523,0.01169799094
828,0.004663817468,0.01072929619
829,0.004438076605,0.0121139813
830,0.004211545282,0.01165357186
831,0.004284025927,0.01071728312
832,0.004187196522,0.01190817764
833,0.00438430038,0.01027266565
834,0.004405480955,0.01182543603
835,0.004249454883,0.01086915692
836,0.004110699752,0.009856975928
837,0.004057434853,0.01157691493
838,0.004310724355,0.009576150391
839,0.004325023387,0.01007698139
840,0.004321247048,0.01144145255
841,0.004376489844,0.01003666664
842,0.004135259282,0.01243773347
843,0.004112660186,0.01034812431
844,0.004154863273,0.01055659202
845,0.004474948626,0.01058443688
846,0.004220027826,0.01001586649
847,0.004218264308,0.01037397038
848,0.004591735604,0.0111465886
849,0.00450894743,0.0120186609
850,0.004326460912,0.01073832181
851,0.004243097326,0.01029217732
852,0.004252340907,0.01181321731
853,0.004278935259,0.01090576709
854,0.004272550752,0.0112538609
855,0.004407507455,0.01106972178
856,0.004246085882,0.01042308641
857,0.004019924672,0.01060464117
858,0.004342204105,0.01152445649
859,0.004368111608,0.01028052915
860,0.004120759404,0.01289948565
861,0.004124109255,0.01053218241
862,0.004243120842,0.0108593055
863,0.004225595534,0.01167128002
864,0.00444558548,0.01109276805
865,0.004047774302,0.01095537073
866,0.00411369084,0.01192288182
867,0.004295082937,0.01099973416
868,0.004120511003,0.01057346864
869,0.004156884708,0.01142828399
870,0.003913269611,0.01301819144
871,0.004111156391,0.01159736468
872,0.004182438803,0.01051700907
873,0.00442315184,0.009840276325
874,0.00414259563,0.01075209747
875,0.004100771534,0.01206054376
876,0.004264769552,0.01049920171
877,0.004170345695,0.01021551748
878,0.004043970839,0.01212432748
879,0.004283731192,0.01029893011
880,0.004056139383,0.01159798319
881,0.004166804138,0.01009402319
882,0.004068778508,0.01016350952
883,0.004117815959,0.01199745177
884,0.003843777726,0.009886206943
885,0.004197707603,0.01079844777
886,0.004104464228,0.01252038777
887,0.004111781687,0.01010188286
888,0.004053429584,0.01158046152
889,0.004430360714,0.009266730282
890,0.004132383619,0.01129045105
891,0.004275924992,0.01157912845
892,0.003833881201,0.01257963234
893,0.004019338608,0.01109193545
894,0.004156012234,0.009792510536
895,0.003997194144,0.01076600049
896,0.004274205043,0.0121951492
897,0.004192247987,0.01139398699
898,0.003882742632,0.01189517055
899,0.004138239776,0.01016381546
900,0.003885632148,0.01116296474
901,0.0040835377,0.01222570718
902,0.003957998037,0.009358187614
903,0.003849631321,0.01095435733
904,0.003783793713,0.01121575525
905,0.004113722825,0.01145282469
906,0.003900931362,0.009711960098
907,0.004217876936,0.01168802602
908,0.004011062265,0.01118388528
909,0.003848672583,0.01297159342
910,0.004020276305,0.01063340384
911,0.004085561348,0.01139711495
912,0.003782979853,0.01160608116
913,0.004036204424,0.01164209819
914,0.003837442957,0.01191266184
915,0.003761857981,0.01059518487
916,0.004168096959,0.009794470854
917,0.003702514281,0.01402013132
918,0.004015615443,0.01074159809
919,0.003729095159,0.01040515106
920,0.003942955023,0.01109443186
921,0.003965324431,0.00970573636
922,0.003855801217,0.0110356143
923,0.003901663848,0.01090908551
924,0.00410128411,0.01079240849
925,0.003913465771,0.01005421218
926,0.00377299689,0.01266480505
927,0.0040784991,0.009999605594
928,0.003740440152,0.01299756533
929,0.004050624848,0.01064884663
930,0.003742220462,0.01170558226
931,0.003961778188,0.01221554412
932,0.003642516851,0.01012040966
933,0.003917751019,0.0122887746
934,0.003853354196,0.01004913577
935,0.003955331194,0.01194859343
936,0.003988416167,0.01119723113
937,0.003783146676,0.01063002145
938,0.003850730689,0.01040930627
939,0.003514499957,0.01305123069
940,0.00381472247,0.009860200109
941,0.003525899141,0.01107121783
942,0.003779377876,0.01109126303
943,0.003966659278,0.01124326873
944,0.003944179043,0.01177579141
945,0.003672030638,0.01013126405
946,0.003709773795,0.01330581948
947,0.003869677661,0.01056403946
948,0.003784651199,0.01209574484
949,0.003826523287,0.01056012418
950,0.003880989301,0.01158412348
951,0.003612424276,0.01087359723
952,0.003862494574,0.0116516077
953,0.00387980626,0.01074413816
954,0.003833073279,0.01140636217
955,0.003944439377,0.009891181078
956,0.003761053056,0.01028726529
957,0.003730795695,0.01200190221
958,0.003876091709,0.01012134738
959,0.003630994586,0.0115369776
960,0.003808729263,0.009716897854
961,0.003738515516,0.01133824571
962,0.003763017652,0.01054852444
963,0.003937789821,0.01366822491
964,0.003738021071,0.01012418786
965,0.003837888333,0.0121835504
966,0.003773959819,0.01204556052
967,0.003792480158,0.009189366596
968,0.00373058999,0.0126373854
969,0.003692661761,0.01274522964
970,0.003868758358,0.0115926289
971,0.003718470776,0.01223465381
972,0.003503297077,0.01269634475
973,0.003764106164,0.009771444602
974,0.003759332729,0.01343356515
975,0.003884098609,0.009986835532
976,0.003940995754,0.0114210844
977,0.003650854691,0.01001995278
978,0.003662267933,0.01178062684
979,0.003821105609,0.01053432759
980,0.003505107336,0.01448154089
981,0.004009430035,0.009180565015
982,0.003700870788,0.01105223352
983,0.003516608645,0.01057369157
984,0.003771134827,0.01083072042
985,0.003664768912,0.01205320738
986,0.003679235582,0.01192112092
987,0.003682381765,0.01063387352
988,0.003749037453,0.01151618175
989,0.003805739892,0.01178878872
990,0.003789666283,0.01061743498
991,0.003773673146,0.01123826276
992,0.003773209668,0.01076818269
993,0.003660026414,0.00923855172
994,0.003726017574,0.01271031762
995,0.003946951678,0.009640812699
996,0.003995159816,0.01205854444
997,0.003612582077,0.01123481023
998,0.003740819608,0.01179486385
999,0.00332922244,0.01066312444
1000,0.003623307683,0.01271751593
1001,0.003782144224,0.0115066978
1002,0.003598601877,0.01221776928
1003,0.003577966272,0.01203881239
1004,0.003537552984,0.009644409874
1005,0.003521645209,0.01225471043
1006,0.003686717479,0.01045015559
1007,0.003718145541,0.00974091934
1008,0.00354421392,0.0127805766
1009,0.003647319711,0.009431541956
1010,0.003747251263,0.01032672892
1011,0.003670830978,0.01350438001
1012,0.003723474132,0.01152709709
1013,0.003814084019,0.01147608855
1014,0.003689448175,0.01148357789
1015,0.003819658043,0.01246713451
1016,0.003617475712,0.01129574492
1017,0.003596498282,0.0114464548
1018,0.003693044302,0.0110074837
1019,0.003409696481,0.01024294982
1020,0.003514660522,0.01168521622
1021,0.003605994891,0.01028687041
1022,0.003534695745,0.01410031156
1023,0.0036449951,0.01071101066
1024,0.003719802859,0.01075109537
1025,0.003604717436,0.01088665717
1026,0.003717598534,0.01111862087
1027,0.003455614729,0.008421729435
1028,0.003717998596,0.01202873059
1029,0.003810926486,0.01030573493
1030,0.003527100838,0.01057452231
1031,0.003626803606,0.01035339315
1032,0.003619448195,0.01150312461
1033,0.003638396302,0.01137706009
1034,0.00356248024,0.01211179467
1035,0.003610534302,0.01185756456
1036,0.003610481363,0.0126345919
1037,0.003503452113,0.01166651538
1038,0.00353060296,0.01099534618
1039,0.003671680315,0.01218003011
1040,0.003837150289,0.01027003385
1041,0.003638304333,0.01106889243
1042,0.003434385028,0.01196540822
1043,0.003494186996,0.0104463984
1044,0.003652248095,0.009921404067
1045,0.003409091529,0.01193179842
1046,0.00355058274,0.01042784494
1047,0.003552229377,0.01313879807
1048,0.003579379118,0.01134847966
1049,0.003551680624,0.01188783348
1050,0.003374949883,0.01188192354
1051,0.003437441133,0.01147729682
1052,0.003460520413,0.01142071479
1053,0.003259410936,0.01212076214
1054,0.003576452349,0.01134475262
1055,0.003513264732,0.01250853017
1056,0.003483487613,0.01200876618
1057,0.003474748402,0.0114674404
1058,0.003454386955,0.01170912944
1059,0.00340184744,0.01145997713
1060,0.003482369677,0.00978640141
1061,0.003507894668,0.01249557431
1062,0.003266320593,0.01340452954
1063,0.003544698906,0.01141143288
1064,0.003718089225,0.01189542376
1065,0.003282786667,0.01166952157
1066,0.003480045096,0.01018817187
1067,0.003669020516,0.00956475921
1068,0.003667248093,0.01137441862
1069,0.003541249142,0.01332729112
1070,0.003560125537,0.01107386337
1071,0.003321522672,0.01171175379
1072,0.003317883995,0.01195245015
1073,0.003527835186,0.01202565443
1074,0.003334924811,0.01008153823
1075,0.003352774307,0.01038618531
1076,0.003450140241,0.01186586521
1077,0.003412180115,0.01208480087
1078,0.003583193349,0.009875026415
1079,0.003358132206,0.01074659394
1080,0.003494764096,0.01288423699
1081,0.003190732183,0.01207372418
1082,0.003351570835,0.0120692472
1083,0.003430900048,0.01151526195
1084,0.003307897772,0.01338771801
1085,0.003364333505,0.0102601127
1086,0.003203126776,0.01413422311
1087,0.003321484081,0.008906453091
1088,0.003598410171,0.01169936755
1089,0.00324112887,0.01252526056
1090,0.003313732712,0.009028339351
1091,0.003572724352,0.01410951407
1092,0.00338947578,0.009487440286
1093,0.003411307844,0.01020923245
1094,0.00334737997,0.01044290798
1095,0.003540889331,0.01150133787
1096,0.00341379887,0.009703858988
1097,0.00335799568,0.01079678209
1098,0.003409841942,0.009949962958
1099,0.003389883321,0.01188375312
1100,0.003427423857,0.01034392358
1101,0.003342683893,0.01082850317
1102,0.003448013245,0.01301305392
1103,0.003418886976,0.01010895392
1104,0.003444472182,0.00996304123
1105,0.003331107582,0.01038410119
1106,0.003216089681,0.01061163796
1107,0.003547665692,0.01133860974
1108,0.003475952952,0.01156207884
1109,0.003256374766,0.009215844504
1110,0.003256543772,0.01296424132
1111,0.003282956895,0.0116676261
1112,0.003403051174,0.01018434082
1113,0.003652247367,0.01258156507
1114,0.003477253864,0.0113390038
1115,0.003210807394,0.01186125888
1116,0.003421442001,0.01043145824
1117,0.003139653272,0.01100891887
1118,0.003201549902,0.01241208951
1119,0.003432612692,0.01285754307
1120,0.003359889088,0.009681076219
1121,0.003188568633,0.01470356784
1122,0.003446431627,0.008889846969
1123,0.003245571046,0.01076944009
1124,0.003081612522,0.01048123877
1125,0.003373128304,0.01313695509
1126,0.003499779705,0.009905634332
1127,0.003394249012,0.01223902451
1128,0.003263630089,0.0102141854
1129,0.003328215244,0.01257877704
1130,0.003157630563,0.00912171579
1131,0.003113292594,0.01217420667
1132,0.003333244938,0.009605933563
1133,0.003414935345,0.009122665389
1134,0.003317738941,0.01039956464
1135,0.003297244926,0.011213994
1136,0.003259912017,0.01043213531
1137,0.003212760988,0.01194852823
1138,0.003413950064,0.01070214482
1139,0.003272469359,0.01131561899
1140,0.003289213317,0.01093578595
1141,0.003485711874,0.01204795891
1142,0.003356576286,0.01173767657
1143,0.00322062982,0.009652045788
1144,0.003229948663,0.01174599677
1145,0.00346344008,0.009558888967
1146,0.003221756313,0.01107752486
1147,0.003271699301,0.01205862849
1148,0.003169999603,0.01247280766
1149,0.003312639426,0.009858397301
1150,0.00319545719,0.01240104588
1151,0.003200885316,0.01026403607
1152,0.003315202513,0.0114522645
1153,0.003208639828,0.01142577792
1154,0.00321188377,0.01083051623
1155,0.003211647883,0.01220278651
1156,0.003380044014,0.009714299696
1157,0.003400838439,0.01162190316
1158,0.00327762324,0.01123202359
1159,0.003270310728,0.008796981536
1160,0.003304847953,0.0137049054
1161,0.003358257702,0.01219118608
1162,0.003275623341,0.01096318592
1163,0.003513050411,0.01140570722
1164,0.003346047539,0.01098345791
1165,0.0032203921,0.01110236533
1166,0.003245104715,0.01199560263
1167,0.003091135732,0.01250952022
1168,0.003148551565,0.01127871824
1169,0.003363809927,0.01153792103
1170,0.003285881772,0.01079294633
1171,0.002950888214,0.01185253996
1172,0.003090244893,0.01050519547
1173,0.003216843092,0.01236483024
1174,0.003244232532,0.01022855705
1175,0.003278361255,0.01211625955
1176,0.003105908079,0.01089360437
1177,0.00323429206,0.01115575247
1178,0.003093717736,0.0110601302
1179,0.003334085224,0.009716745932
1180,0.003041235061,0.0112814795
1181,0.003181925305,0.01022122672
1182,0.003380580456,0.01293336845
1183,0.003198686027,0.01150957635
1184,0.003187977796,0.01072537631
1185,0.003222695668,0.01187386503
1186,0.003164124064,0.009748925106
1187,0.003212510026,0.01062097168
1188,0.003132605605,0.01161812712
1189,0.003109918529,0.01164365851
1190,0.003321761353,0.01171757525
1191,0.003317922849,0.01099812821
1192,0.003261944017,0.01234557165
1193,0.003044631652,0.01285759907
1194,0.003061501804,0.01049885689
1195,0.003067006415,0.01290743949
1196,0.003238167847,0.008953961427
1197,0.003256675904,0.009237466147
1198,0.003139859356,0.009141092538
1199,0.003407622135,0.01305006619
1200,0.003365221899,0.01124387421
1201,0.003221702529,0.01234519877
1202,0.003027721832,0.009748636861
1203,0.003157291067,0.01124562259
1204,0.003309872438,0.009854923235
1205,0.003208938113,0.01079469756
1206,0.003073135042,0.01087442134
1207,0.003141146968,0.0096657002
1208,0.00317221423,0.01164175163
1209,0.003223940788,0.009631796915
1210,0.003145268041,0.01406715356
1211,0.003113004408,0.01024103956
1212,0.003156733117,0.0123038888
1213,0.00332699783,0.01242220215
1214,0.003046453465,0.01170756435
1215,0.003208611946,0.00977000338
1216,0.003082020761,0.01324662392
1217,0.003095718945,0.009657341579
1218,0.003111183498,0.01151060453
1219,0.003059005598,0.01026298187
1220,0.003055100096,0.01100635552
1221,0.003187535011,0.009896755801
1222,0.002936835197,0.01214954723
1223,0.003132597252,0.00876020646
1224,0.003162049223,0.01288973971
1225,0.003117601504,0.009538759943
1226,0.002927284164,0.01337391231
1227,0.003167627932,0.009633669164
1228,0.003182585991,0.01001226139
1229,0.003423793154,0.01064988493
1230,0.003132535814,0.01154510851
1231,0.003183988563,0.01099151029
1232,0.003225839435,0.01097500836
1233,0.003141742927,0.01193647005
1234,0.002977481781,0.00851034018
1235,0.003158670093,0.01046658843
1236,0.00302308792,0.01026001445
1237,0.003084701719,0.01146108843
1238,0.003073843021,0.01015942148
1239,0.003111796221,0.01234872092
1240,0.003347512451,0.009021020844
1241,0.003095741733,0.01253136108
1242,0.00318427154,0.01104533242
1243,0.003150569886,0.009379643481
1244,0.003117169486,0.01131073281
1245,0.003039479256,0.008468427521
1246,0.003230797622,0.01263529086
1247,0.003234882752,0.009864710271
1248,0.003135821695,0.01049426699
1249,0.003249855625,0.01167892455
1250,0.003109056386,0.01043071307
1251,0.003019206284,0.00936397101
1252,0.003031615022,0.01121249632
1253,0.003343961929,0.009013512754
1254,0.003109169193,0.01159868785
1255,0.003078450944,0.01032581669
1256,0.003037646296,0.01095862011
1257,0.002987260988,0.01090683532
1258,0.002861130662,0.009905052313
1259,0.003196324018,0.01002012339
1260,0.003133281105,0.01026398805
1261,0.002949385176,0.01042947941
1262,0.003154843755,0.01058925199
1263,0.003079130576,0.01039930031
1264,0.003228044399,0.01020673569
1265,0.003113428771,0.01025015768
1266,0.002970918315,0.01053512038
1267,0.003051617998,0.01044727373
1268,0.00294255573,0.009959131712
1269,0.003135968145,0.009214407299
1270,0.003248734982,0.01288906613
1271,0.003085276025,0.008731689246
1272,0.003171045246,0.01196327875
1273,0.003036931012,0.009246835194
1274,0.002959445439,0.01087470714
1275,0.002838160086,0.01138416887
1276,0.003066914622,0.009289435809
1277,0.00304512959,0.01057646959
1278,0.003050340165,0.008149742032
1279,0.003133063379,0.01202358364
1280,0.003127516597,0.009940606775
1281,0.003108827368,0.009607241605
1282,0.003030919353,0.01276644948
1283,0.003076122521,0.008811373729
1284,0.003045081161,0.01062922995
1285,0.003075922315,0.0101400828
1286,0.003102462797,0.01000061311
1287,0.003128888813,0.01010026346
1288,0.002943825937,0.00970669731
1289,0.003013073438,0.01337064814
1290,0.00330683979,0.008980490675
1291,0.003132032696,0.01086834492
1292,0.003108840203,0.01087117742
1293,0.003014356131,0.01088899793
1294,0.002954197698,0.009034724033
1295,0.00311644387,0.0099932499
1296,0.002889351308,0.009903171449
1297,0.003064752993,0.009698900103
1298,0.003193482233,0.01066152263
1299,0.003074886394,0.01008472266
1300,0.002834768384,0.01015565963
1301,0.00289875493,0.01036972215
1302,0.002868995827,0.009662140394
1303,0.003028408421,0.01191163505
1304,0.002904008987,0.00947128277
1305,0.003086509474,0.008790591033
1306,0.003046636208,0.01002788858
1307,0.002876914485,0.0106508215
1308,0.002953020856,0.009911549278
1309,0.003100473696,0.009534805664
1310,0.003179551568,0.01007828454
1311,0.003204737732,0.009785551461
1312,0.003022722434,0.01077245071
1313,0.002952865703,0.01132785133
1314,0.002925330569,0.01058407559
1315,0.002899494604,0.0100225159
1316,0.003055343434,0.008734669362
1317,0.002965077147,0.01221768954
1318,0.002971123147,0.009409460763
1319,0.003024691308,0.009614634677
1320,0.00298768052,0.009936867573
1321,0.003014815651,0.008995451673
1322,0.002946859895,0.01175216353
1323,0.00316063856,0.008814383589
1324,0.002967043896,0.009792037134
1325,0.003133035993,0.01073245751
1326,0.002822405455,0.008986680652
1327,0.003079006099,0.01169792493
1328,0.002959191072,0.009605894797
1329,0.002944457781,0.01006093383
1330,0.003075895074,0.008757576346
1331,0.003206466965,0.01110696676
1332,0.002849029406,0.01029352285
1333,0.002971507463,0.009187113552
1334,0.002829232777,0.009736447188
1335,0.002799963899,0.01107035263
1336,0.00310939888,0.009204558504
1337,0.002844235511,0.01164864493
1338,0.002879291511,0.01080074068
1339,0.002872836892,0.01072782197
1340,0.003053663386,0.01088535832
1341,0.002872124722,0.01054611371
1342,0.002846647491,0.009154965403
1343,0.002880678396,0.009388271836
1344,0.002822122566,0.009991830098
1345,0.002910837036,0.009213299607
1346,0.00306575952,0.01063065184
1347,0.003176195518,0.01068810595
1348,0.002989469562,0.009963485587
1349,0.002754124231,0.01108271559
1350,0.002928760281,0.009502602159
1351,0.002729179396,0.009850354632
1352,0.002853622718,0.01049097721
1353,0.002918621642,0.009091628948
1354,0.002769273589,0.01059640601
1355,0.002953604038,0.009290734131
1356,0.002846854157,0.009653249406
1357,0.002683774306,0.01007641526
1358,0.002793514577,0.009227526956
1359,0.002881240973,0.009640059492
1360,0.002819043235,0.009349085565
1361,0.002964343643,0.01039126003
1362,0.002804469637,0.009210329852
1363,0.002739483112,0.009668852203
1364,0.00277783515,0.0110916082
1365,0.002839907247,0.009399563598
1366,0.002936109231,0.009756240179
1367,0.002971091773,0.008432217175
1368,0.002856412873,0.01076382399
1369,0.002752682718,0.008973508258
1370,0.002860049484,0.01082712878
1371,0.002994723851,0.00774119416
1372,0.002964868443,0.01066672348
1373,0.002924830769,0.009405702236
1374,0.002858873864,0.009033801034
1375,0.002858031425,0.009723317926
1376,0.00294791616,0.01003858802
1377,0.00268891119,0.009435997927
1378,0.002849263285,0.009966462268
1379,0.00278546114,0.00927299686
1380,0.002956805081,0.01095204067
1381,0.002948740585,0.009263349813
1382,0.002833499981,0.009634614456
1383,0.002700619487,0.0104345748
1384,0.002785558667,0.008350752993
1385,0.002795215813,0.0101887791
1386,0.002821523522,0.008143106767
1387,0.002732820285,0.009972027154
1388,0.002788340556,0.009231566102
1389,0.002850404038,0.01002763305
1390,0.002748262166,0.01032739517
1391,0.002498563059,0.009907975094
1392,0.002834829036,0.009250331088
1393,0.002747616731,0.009525014786
1394,0.002811477752,0.009382361139
1395,0.00269672068,0.01060641283
1396,0.002755334688,0.009742959286
1397,0.002745659614,0.009103448188
1398,0.002752828907,0.0106411904
1399,0.002893763798,0.008169485664
1400,0.002886619273,0.01115149364
1401,0.002605734102,0.01162138977
1402,0.002695395233,0.01040836785
1403,0.002648272086,0.01034567284
1404,0.00271724537,0.008732697752
1405,0.00263238803,0.009302401566
1406,0.002812199731,0.009406610625
1407,0.002710657864,0.009317072516
1408,0.002963499632,0.009117711917
1409,0.002776695008,0.008704177802
1410,0.002752272354,0.01125567121
1411,0.002887070092,0.008132326591
1412,0.002876664919,0.008763306891
1413,0.00294397425,0.009339980665
1414,0.003031835426,0.008820864256
1415,0.002777450136,0.01037361182
1416,0.003062344156,0.008161704813
1417,0.002773061569,0.0102511103
1418,0.002832918806,0.009804020228
1419,0.002588359261,0.009539595398
1420,0.002717926516,0.01107283693
1421,0.002830008423,0.008771792985
1422,0.002775552362,0.01103840175
1423,0.002706429485,0.008998556063
1424,0.002683885046,0.008841414412
1425,0.002782225696,0.009220440232
1426,0.002658005455,0.009204903676
1427,0.002860192966,0.00992801704
1428,0.00263198695,0.01034257642
1429,0.002884084475,0.00877077732
1430,0.002709005552,0.008862164512
1431,0.002795787092,0.008519965166
1432,0.002682429738,0.01066565164
1433,0.002560980734,0.009453661565
1434,0.00259075535,0.01073540014
1435,0.002759320312,0.009450718702
1436,0.002677746292,0.007899947581
1437,0.002889941505,0.0102155077
1438,0.002617603459,0.00857740402
1439,0.002770667808,0.009523856279
1440,0.002780626499,0.009931823821
1441,0.002818613517,0.008597634616
1442,0.002785619145,0.0115215524
1443,0.002683675615,0.007643870311
1444,0.0027653875,0.01093626604
1445,0.002714160655,0.007938393275
1446,0.002864730166,0.009087167389
1447,0.002661887411,0.01004342362
1448,0.002697565767,0.008680798928
1449,0.002741049742,0.01052818948
1450,0.002637133293,0.008083472552
1451,0.002646614885,0.01031343907
1452,0.002605543268,0.008121638559
1453,0.002842815273,0.009475418716
1454,0.002652204857,0.008648064686
1455,0.002799920127,0.008430275193
1456,0.002660688828,0.008532996813
1457,0.002793683554,0.009512428427
1458,0.002539450477,0.008276770415
1459,0.002808614314,0.009920880315
1460,0.002614343335,0.009688011312
1461,0.002726606152,0.008348538249
1462,0.002839628578,0.009027897264
1463,0.002766818448,0.007217991108
1464,0.002833830396,0.01035822334
1465,0.002819973772,0.009336248273
1466,0.002677341196,0.00899909687
1467,0.002762810094,0.008562330273
1468,0.002542028902,0.009486943483
1469,0.002655234799,0.009995665052
1470,0.00254920416,0.007742402551
1471,0.002846090734,0.009894823306
1472,0.002381565311,0.009721221286
1473,0.002401331876,0.009626818297
1474,0.002836376661,0.008632423938
1475,0.002630021918,0.01037726179
1476,0.002600014006,0.008554367989
1477,0.002876197395,0.008079536841
1478,0.00265214291,0.00962559809
1479,0.002434468188,0.008108756738
1480,0.002766834106,0.01015116263
1481,0.002527104807,0.007668380335
1482,0.002674590709,0.009664302575
1483,0.002659074031,0.008138446079
1484,0.002532257553,0.009166483302
1485,0.002692205977,0.009310533351
1486,0.002721303375,0.008760930679
1487,0.002637424215,0.0105154115
1488,0.002625270805,0.00871432299
1489,0.002585602109,0.00942257524
1490,0.002532896295,0.008260349918
1491,0.002734497219,0.01000514108
1492,0.002624050219,0.009818399441
1493,0.002846839343,0.00817312632
1494,0.002833458973,0.009616745752
1495,0.002609139599,0.008478732896
1496,0.002696673764,0.009207831346
1497,0.002618023398,0.008179290104
1498,0.002837673383,0.008064899652
1499,0.002573731792,0.008879188681
1500,0.002444118756,0.008491926768
1501,0.00256217795,0.009583520819
1502,0.002429251879,0.008848943049
1503,0.002410176006,0.008377513092
1504,0.002532930695,0.01042071439
1505,0.002760897158,0.00736349303
1506,0.00266968194,0.0117211137
1507,0.002441252553,0.009022579296
1508,0.002419742086,0.008226023987
1509,0.002530352795,0.008410073409
1510,0.002545503055,0.008402599022
1511,0.002634309756,0.009176506195
1512,0.002635070239,0.009525343718
1513,0.002640234074,0.008226214035
1514,0.002393889503,0.009058308264
1515,0.002737237839,0.008674054465
1516,0.002629200069,0.008524486038
1517,0.002423035941,0.008798127936
1518,0.002355973615,0.008594336337
1519,0.002741738048,0.007842827181
1520,0.002687765955,0.00908129086
1521,0.002702549624,0.009127783182
1522,0.002225578748,0.00922652334
1523,0.00241128949,0.009187175252
1524,0.002459323499,0.007851303788
1525,0.002658351237,0.008388953109
1526,0.002552835824,0.009945249825
1527,0.002590831951,0.007797294296
1528,0.002524668904,0.009497598629
1529,0.00248525769,0.008576146734
1530,0.002422470046,0.008344466041
1531,0.002636233112,0.009402918629
1532,0.002754706133,0.007168288459
1533,0.00217269946,0.009375793743
1534,0.002772924927,0.008170848887
1535,0.002502514137,0.009442844428
1536,0.002496258094,0.008126300992
1537,0.002448288462,0.008956208476
1538,0.002670040121,0.008678281214
1539,0.002725310886,0.007863485022
1540,0.002414774091,0.008679343853
1541,0.002404149942,0.008584267984
1542,0.002416041068,0.008711442119
1543,0.00262880075,0.007088483311
1544,0.002523047791,0.009761226538
1545,0.002545619936,0.008073754783
1546,0.002373047624,0.01051543024
1547,0.002481210511,0.006991553295
1548,0.002493554668,0.008711969946
1549,0.002420241144,0.007777583494
1550,0.002493272361,0.007182913891
1551,0.002480491938,0.007915669004
1552,0.002784349985,0.009439808666
1553,0.002560112305,0.006888464093
1554,0.00251239058,0.008736817108
1555,0.002395970107,0.00686313858
1556,0.002231637831,0.009636647883
1557,0.002446594037,0.007630130101
1558,0.002520993527,0.008696004981
1559,0.00248614591,0.009149801743
1560,0.002281169567,0.009341061115
1561,0.002384512336,0.007958185684
1562,0.002578730346,0.009225607268
1563,0.00239892432,0.006772396388
1564,0.002411628418,0.008060380002
1565,0.00247099332,0.007373019063
1566,0.002298885389,0.00850560976
1567,0.002335814788,0.008809978783
1568,0.002405825158,0.008291583392
1569,0.002419022407,0.007630929467
1570,0.002544791874,0.007410708
1571,0.002377069672,0.008321213769
1572,0.002649612783,0.007825355278
1573,0.002325944806,0.008916086983
1574,0.002312225639,0.007941380143
1575,0.002497126698,0.009735614527
1576,0.002305357135,0.008504290599
1577,0.002476891823,0.007919342373
1578,0.00239803057,0.007717389613
1579,0.002380700374,0.007819107617
1580,0.002563939081,0.009677992435
1581,0.002525535674,0.007514390454
1582,0.002457964205,0.009018532059
1583,0.002548622928,0.006394641125
1584,0.002577231644,0.008372242912
1585,0.002304693757,0.008019812114
1586,0.002406387881,0.007709647354
1587,0.002314249199,0.008389051363
1588,0.00281328967,0.009442046925
1589,0.002370245522,0.007639156829
1590,0.002569094795,0.008895232342
1591,0.00244621007,0.006498581497
1592,0.00233237978,0.009026877931
1593,0.002295430051,0.008135946933
1594,0.002291974801,0.007675363158
1595,0.002418694115,0.007957375783
1596,0.00247232322,0.007622442325
1597,0.002739201591,0.007453571074
1598,0.002395291085,0.007314542541
1599,0.002540816902,0.007950132131
1600,0.002364477754,0.008504983736
1601,0.002399750432,0.007186578354
1602,0.002532696177,0.009651340952
1603,0.002369360111,0.00684180879
1604,0.002485899226,0.007096265792
1605,0.002339824394,0.007657545502
1606,0.002327356357,0.007850572758
1607,0.002449199063,0.008771605266
1608,0.002261870453,0.007829116366
1609,0.002581427485,0.008554661996
1610,0.002277596039,0.008306874661
1611,0.002544131654,0.007660713512
1612,0.002439599339,0.007300817873
1613,0.002414596529,0.008704398293
1614,0.002349987204,0.007442211965
1615,0.002135781731,0.008398036996
1616,0.002345712404,0.008149545698
1617,0.002305822913,0.007278694538
1618,0.002680317353,0.007661447511
1619,0.002223481453,0.007445928699
1620,0.002380951075,0.007034818875
1621,0.002373413285,0.007613143011
1622,0.002166997976,0.00839212042
1623,0.002373328462,0.008485932252
1624,0.002224088443,0.008343666617
1625,0.002542589238,0.006689630973
1626,0.002365046574,0.006959590071
1627,0.002246318661,0.006920904387
1628,0.002312259661,0.007815566729
1629,0.002375808937,0.008606106159
1630,0.002359926788,0.007244014181
1631,0.002585711103,0.00922843616
1632,0.002370646544,0.006279710797
1633,0.002239759182,0.009327889886
1634,0.002638302336,0.007674428634
1635,0.002310413562,0.007163386617
1636,0.002399975638,0.007021986006
1637,0.002217483794,0.007284381194
1638,0.002106550543,0.007336852956
1639,0.002407477674,0.007360211923
1640,0.00232359959,0.007629959378
1641,0.00257685181,0.006622860208
1642,0.00216596821,0.007978967275
1643,0.002556783758,0.007630166074
1644,0.002397067117,0.006848449702
1645,0.002405381631,0.007841243176
1646,0.002527519639,0.006651415373
1647,0.002524379583,0.007463167247
1648,0.002337939222,0.006547526747
1649,0.002326314367,0.00700846914
1650,0.002514505177,0.006816953712
1651,0.002476346897,0.00784601667
1652,0.002325753725,0.007204180351
1653,0.002218494919,0.007663898752
1654,0.002162019664,0.007754841994
1655,0.002479641465,0.006449366163
1656,0.002307499148,0.007924348931
1657,0.00250181547,0.006924603076
1658,0.002260136302,0.007386527897
1659,0.002251404236,0.00682055857
1660,0.002275209597,0.009648682782
1661,0.002342247055,0.006874654035
1662,0.002552252772,0.008726596541
1663,0.002380059363,0.006964908331
1664,0.00244343435,0.008529146959
1665,0.002466716192,0.007235616446
1666,0.00236349972,0.008216399234
1667,0.002443488513,0.006377969286
1668,0.002449220439,0.007493740879
1669,0.002469078507,0.008080584113
1670,0.002199967494,0.007707046054
1671,0.002226479468,0.007457523781
1672,0.002288585674,0.007405931654
1673,0.002395900927,0.006359993364
1674,0.00233654202,0.007674601802
1675,0.002407240827,0.006282083283
1676,0.002202456482,0.007268988295
1677,0.002382845953,0.005607883038
1678,0.002299841552,0.006829843798
1679,0.002344923356,0.007614367642
1680,0.002300573498,0.006125843676
1681,0.002407654974,0.006564710231
1682,0.00244457701,0.007597291202
1683,0.002229329853,0.007065406186
1684,0.002354687182,0.007069387066
1685,0.0023271135,0.005848102504
1686,0.00233294339,0.007711619313
1687,0.002319261461,0.006373086071
1688,0.00231165241,0.007227162598
1689,0.001985584269,0.007449341472
1690,0.002127884654,0.008137782977
1691,0.002290397621,0.006907754869
1692,0.002357942547,0.006927923299
1693,0.00236086105,0.006831362494
1694,0.002479071059,0.006927576207
1695,0.002243181443,0.00705134758
1696,0.00224402202,0.007022125938
1697,0.002360441271,0.007394251006
1698,0.002282850779,0.006825290737
1699,0.002322620567,0.007654481044
1700,0.002291123703,0.006502386124
1701,0.002579649576,0.006413123396
1702,0.002357210236,0.006082921929
1703,0.002524829761,0.006703823165
1704,0.002294162026,0.006453845301
1705,0.002359401231,0.00804352155
1706,0.002047455637,0.006174672279
1707,0.002333180164,0.007009926019
1708,0.002282996022,0.006598369393
1709,0.002088399822,0.006891185534
1710,0.002009933989,0.007367187936
1711,0.002219469738,0.006178304669
1712,0.002260157402,0.007157081389
1713,0.002033332843,0.006660411018
1714,0.002352638025,0.007238510065
1715,0.002220485228,0.008012869861
1716,0.002425871106,0.006941403321
1717,0.002558409644,0.006442522164
1718,0.002295203216,0.006671648705
1719,0.002186019949,0.007848761277
1720,0.002167504557,0.006129122281
1721,0.002388566558,0.007852641924
1722,0.002262367081,0.007402689895
1723,0.002220636772,0.00639911028
1724,0.00224969213,0.005865675252
1725,0.002584712289,0.006667693902
1726,0.002351975141,0.006181321689
1727,0.002287699899,0.00643534126
1728,0.002282847709,0.007582060469
1729,0.002373010662,0.006329333293
1730,0.002177228205,0.006836878951
1731,0.002328982999,0.005366693542
1732,0.002328544098,0.007332972717
1733,0.00236176257,0.006633880548
1734,0.00221226491,0.005489687261
1735,0.002270856668,0.005957731162
1736,0.002106141284,0.006440574594
1737,0.002253975457,0.006759619748
1738,0.00217366204,0.006792693224
1739,0.002083777625,0.006972870673
1740,0.002280095068,0.006907604693
1741,0.002034373756,0.006479186763
1742,0.00228860903,0.006694356212
1743,0.002099474645,0.007513288176
1744,0.002529869744,0.006824437587
1745,0.002202294549,0.008267838566
1746,0.002257151587,0.006299547968
1747,0.002343008004,0.006875704159
1748,0.002147306266,0.006611708261
1749,0.002214854831,0.006142499333
1750,0.002166410224,0.005738483684
1751,0.002170944426,0.008120000421
1752,0.002149705862,0.006367866124
1753,0.002146460465,0.007145903015
1754,0.002331748125,0.006547445315
1755,0.002242600414,0.006234261498
1756,0.002192780754,0.006410945556
1757,0.002171397588,0.006304434908
1758,0.002102051207,0.006589842727
1759,0.002204443852,0.006703573628
1760,0.002219448274,0.0071120832
1761,0.001997951927,0.005591576628
1762,0.002159436044,0.00666613481
1763,0.001954495106,0.005769969197
1764,0.002294290462,0.006226142141
1765,0.002218089401,0.00628452457
1766,0.002154456175,0.006477309566
1767,0.001976673622,0.007174069295
1768,0.002154965259,0.005936586414
1769,0.002161083175,0.007009377645
1770,0.002228144702,0.005488505587
1771,0.00192049754,0.006709550158
1772,0.002020203581,0.005545532273
1773,0.002210665931,0.007101794006
1774,0.002158345073,0.006316190178
1775,0.002143529156,0.006732065754
1776,0.002356074445,0.006295152765
1777,0.002267490403,0.005492755212
1778,0.002175137968,0.006344516296
1779,0.002192505955,0.005431799393
1780,0.002140517987,0.007076721056
1781,0.002268810509,0.005395642482
1782,0.002291693789,0.005795491626
1783,0.002255970467,0.007182072441
1784,0.00235647324,0.005982185481
1785,0.002161271899,0.006329047435
1786,0.002204073273,0.006866339943
1787,0.00233625379,0.005801995343
1788,0.00217831046,0.006712654082
1789,0.002178913361,0.005630102474
1790,0.002389288944,0.006647155329
1791,0.002063929278,0.005114292901
1792,0.002211139072,0.006329261232
1793,0.002266378666,0.006675634591
1794,0.002106220374,0.006371933967
1795,0.002294051519,0.006125946617
1796,0.002215696964,0.006265569886
1797,0.002126189735,0.006425678032
1798,0.00217023649,0.005670291197
1799,0.002216153574,0.007521222346
1800,0.002289693701,0.005151128746
1801,0.001925349177,0.005935812078
1802,0.002092210008,0.005036860879
1803,0.002431965375,0.006346775917
1804,0.002102840081,0.005628106068
1805,0.002155605092,0.005933276727
1806,0.002319087274,0.006063892797
1807,0.002441758406,0.006196236878
1808,0.002338765975,0.005691088329
1809,0.002161978409,0.005365656398
1810,0.002208877777,0.005216266261
1811,0.002220963899,0.007100715942
1812,0.002479855248,0.005815839395
1813,0.002138414871,0.006357027858
1814,0.002245139985,0.005061100936
1815,0.002118269374,0.006841213268
1816,0.002258468754,0.005519636732
1817,0.002115717216,0.006898149208
1818,0.002275280669,0.005852691538
1819,0.00226085732,0.005699534318
1820,0.002159162977,0.005491146701
1821,0.002245706579,0.005966721335
1822,0.002029623574,0.006081933388
1823,0.002141253572,0.006727917993
1824,0.002213961357,0.005501891254
1825,0.001974097919,0.006162786856
1826,0.002282259971,0.005523563828
1827,0.00212038403,0.005689802056
1828,0.002560507492,0.005085255747
1829,0.002127540822,0.005998546607
1830,0.002266828262,0.006083311746
1831,0.002179779272,0.005292604095
1832,0.002287557028,0.006551815721
1833,0.002233084713,0.005857573793
1834,0.002084263717,0.006080323656
1835,0.00225169686,0.006499120034
1836,0.002165194965,0.00695785362
1837,0.00211487124,0.00528400953
1838,0.002236563916,0.005936170055
1839,0.002022035216,0.005425433104
1840,0.00218773089,0.005924604688
1841,0.002091812741,0.006173691654
1842,0.001955161002,0.006436176947
1843,0.0022986361,0.005728345597
1844,0.002160172895,0.006140314741
1845,0.002039778672,0.005847623863
1846,0.002420325618,0.005391338724
1847,0.002143989201,0.00617964199
1848,0.002101553706,0.005297733413
1849,0.002264778421,0.005467400479
1850,0.002121528698,0.005909343454
1851,0.002115985451,0.004908512841
1852,0.002171445507,0.00613071525
1853,0.002163885947,0.005289112451
1854,0.002182949553,0.005574458919
1855,0.00220436808,0.005196739134
1856,0.002349547998,0.006332835124
1857,0.002173698114,0.005171723024
1858,0.002060658269,0.005963749194
1859,0.002080893188,0.006353632314
1860,0.00217443658,0.005953796906
1861,0.002135472154,0.005942857126
1862,0.002255954489,0.006051683158
1863,0.002078671023,0.005582369282
1864,0.00236806841,0.005874818657
1865,0.002292480174,0.006438010489
1866,0.002156913964,0.005206146132
1867,0.002053018106,0.005134635197
1868,0.002196221656,0.005084713135
1869,0.001976155982,0.005492925004
1870,0.001937041161,0.004484488105
1871,0.002117078388,0.005100590613
1872,0.002081550614,0.005677335081
1873,0.002304107693,0.005258610472
1874,0.001983677517,0.005472943303
1875,0.002133742746,0.006150390051
1876,0.002377723053,0.004672778829
1877,0.002223535528,0.006040174107
1878,0.002189329127,0.005449882679
1879,0.002040102656,0.005197232298
1880,0.002187760168,0.005838020472
1881,0.002426640363,0.005126160395
1882,0.002307132963,0.005586019717
1883,0.002195165827,0.004831423896
1884,0.002051198724,0.00562540855
1885,0.0020317491,0.00608265819
1886,0.002245293552,0.005635951646
1887,0.002282337082,0.00506386807
1888,0.002143770937,0.005720897549
1889,0.00222858724,0.00552088453
1890,0.002060928789,0.005599458236
1891,0.002228796759,0.005922226585
1892,0.002236265034,0.005058640963
1893,0.002040755309,0.00563367235
1894,0.002152471847,0.005291599227
1895,0.002265262781,0.00658242713
1896,0.00219668803,0.006151672802
1897,0.002144216414,0.004782031931
1898,0.00227454913,0.006164297403
1899,0.002058275102,0.005067211983
1900,0.0020713493,0.005930209591
1901,0.00225431782,0.005756401748
1902,0.002207209458,0.005118296074
1903,0.002253695464,0.005005967832
1904,0.002066633329,0.005880020326
1905,0.002222148833,0.005390879698
1906,0.002398978861,0.00462735226
1907,0.002380954596,0.0055492252
1908,0.002174968482,0.004358340142
1909,0.002090134061,0.005364205281
1910,0.002175089714,0.005552665796
1911,0.002151562207,0.005567557993
1912,0.002250990568,0.006437422358
1913,0.002192271117,0.004693678842
1914,0.001910845836,0.004932141746
1915,0.002188886167,0.006085299654
1916,0.002147576466,0.005184780981
1917,0.002103715247,0.005618624447
1918,0.001960267007,0.005093196407
1919,0.002221863338,0.006715583266
1920,0.002283331123,0.004707745829
1921,0.002081626095,0.00516184236
1922,0.002170890075,0.004924530513
1923,0.002112933245,0.004960551596
1924,0.00249116098,0.005453341291
1925,0.002111616704,0.004933122691
1926,0.002104184852,0.005467456649
1927,0.002080920545,0.005195211736
1928,0.002167704733,0.005985563097
1929,0.002214004766,0.004942329484
1930,0.002150732311,0.005840824335
1931,0.002338596256,0.004938040976
1932,0.002154856789,0.005664547789
1933,0.002245250798,0.00468035994
1934,0.002174355235,0.005096697481
1935,0.001995266604,0.005120695947
1936,0.00237661459,0.005167802912
1937,0.002083744228,0.005766065675
1938,0.002477393049,0.004115619668
1939,0.002106954023,0.006162601057
1940,0.001948228732,0.004620105145
1941,0.002073134427,0.005680480448
1942,0.002204209115,0.004731493653
1943,0.002269003773,0.005511804193
1944,0.002090682319,0.005762337765
1945,0.002174904977,0.004413484276
1946,0.002264602896,0.005174446036
1947,0.002274831102,0.004323306464
1948,0.002509875485,0.005239983293
1949,0.002219902904,0.005406082317
1950,0.002197474823,0.005024340615
1951,0.002164936421,0.004862048023
1952,0.002263963601,0.00527108548
1953,0.002132117239,0.004451643035
1954,0.002379567421,0.005565253552
1955,0.00243621548,0.005255225406
1956,0.002195998153,0.005657337955
1957,0.002119798199,0.005386141507
1958,0.00197000106,0.004937553371
1959,0.002049071962,0.005032268644
1960,0.002064751126,0.004871826037
1961,0.00212780929,0.005790916883
1962,0.002241762471,0.005235100194
1963,0.002306223178,0.005098746857
1964,0.002183576697,0.005299944663
1965,0.002179490184,0.005482355569
1966,0.002257983346,0.005247508117
1967,0.002336075981,0.00508743769
1968,0.001947834244,0.004824510455
1969,0.002209853206,0.004840623966
1970,0.002192802393,0.005168452946
1971,0.002300424792,0.004699539277
1972,0.002096470707,0.006213596673
1973,0.001857905736,0.004468255502
1974,0.002209412851,0.00575237564
1975,0.002162174758,0.00480092963
1976,0.002187614547,0.005070294079
1977,0.002077407611,0.004836134845
1978,0.0022430182,0.007036254392
1979,0.002207581769,0.004745901853
1980,0.002245651398,0.006102799845
1981,0.002128622291,0.004667142377
1982,0.00254435731,0.005251879629
1983,0.00217591197,0.004160777258
1984,0.002098859753,0.006570668891
1985,0.002072168383,0.004721627483
1986,0.002282360365,0.005197085324
1987,0.002129996356,0.004366546171
1988,0.002215663248,0.004339273873
1989,0.002105641557,0.005655675777
1990,0.002326064088,0.004516745044
1991,0.002073530821,0.005480052117
1992,0.002088057867,0.004409387417
1993,0.002151195265,0.005771495227
1994,0.002142831276,0.004629837349
1995,0.002209011524,0.004995879543
1996,0.002118484292,0.004535418528
1997,0.002174089386,0.004642255168
1998,0.001938812347,0.004812775995
1999,0.002244728123,0.004639573017
2000,0.002123588492,0.00504987
2001,0.00215930547,0.005113133811
2002,0.002095521631,0.004716520954
2003,0.002257072571,0.004947154375
2004,0.001936885747,0.004610416188
2005,0.001986546791,0.004309007898
2006,0.002137729607,0.005359643197
2007,0.002194463712,0.004741271725
2008,0.001983053589,0.005067340739
2009,0.002441743869,0.004123301915
2010,0.002124134073,0.005037208728
2011,0.002207726851,0.005137317814
2012,0.002076224744,0.005430808174
2013,0.001875202026,0.004660251579
2014,0.002194604822,0.004812072439
2015,0.002073055104,0.004723720427
2016,0.00210243788,0.004507206788
2017,0.002253280531,0.004079292034
2018,0.002129005356,0.005281586316
2019,0.002230989485,0.004222486459
2020,0.002063944732,0.005509749928
2021,0.00213461883,0.005178807827
2022,0.002020861095,0.004736099625
2023,0.001908503051,0.004491119733
2024,0.002090773894,0.00458997488
2025,0.002284108152,0.005951698113
2026,0.00221110518,0.004079256585
2027,0.002239931433,0.004894650046
2028,0.002054654091,0.004530082311
2029,0.002225344695,0.005211772572
2030,0.002328150935,0.004233463435
2031,0.002207119061,0.005342529388
2032,0.002206128425,0.004852997779
2033,0.00214519666,0.004461110278
2034,0.002274160652,0.004161016725
2035,0.002124375911,0.005181745131
2036,0.002247772136,0.003936841269
2037,0.002265544274,0.005359616654
2038,0.002054435288,0.003902279423
2039,0.002249253026,0.005736552324
2040,0.002286040981,0.004296776257
2041,0.002359055419,0.005522864638
2042,0.001969219156,0.004230001417
2043,0.002000032226,0.004610993055
2044,0.002088432506,0.004310149379
2045,0.002132681198,0.005100599898
2046,0.002180904921,0.004945958412
2047,0.002106274449,0.005366015248
2048,0.002233778127,0.004227566649
2049,0.002086388078,0.005072850967
2050,0.002359730308,0.004474666901
2051,0.002109227455,0.004714586656
2052,0.002159987474,0.004603623063
2053,0.002345320783,0.00417921436
2054,0.002312524724,0.00513586204
2055,0.002163311001,0.004400255391
2056,0.002205397133,0.004582063732
2057,0.002055086559,0.005310776178
2058,0.001871717628,0.00536043485
2059,0.00209969726,0.005091705709
2060,0.002276456027,0.004274189938
2061,0.00217040717,0.00558356801
2062,0.002199269089,0.004457170668
2063,0.0022436937,0.004335114005
2064,0.00197662937,0.004620021529
2065,0.002024417758,0.004421831778
2066,0.002058196595,0.004788335063
2067,0.002198961709,0.004121662554
2068,0.002155171227,0.005305275146
2069,0.002152694782,0.004226595513
2070,0.002135525589,0.004854239931
2071,0.002052550888,0.004138360586
2072,0.002429496424,0.004837784509
2073,0.002235761232,0.004181493568
2074,0.002105377149,0.004811914405
2075,0.002091566188,0.00456778385
2076,0.002129113142,0.004693628522
2077,0.001976739877,0.004105347354
2078,0.002172207227,0.005204081826
2079,0.002226523473,0.004131281632
2080,0.002024161469,0.004783518205
2081,0.002260299923,0.004320052656
2082,0.002384776191,0.004628265189
2083,0.002103841791,0.004877367115
2084,0.002003047819,0.004942193802
2085,0.002059831386,0.003990186262
2086,0.002189381994,0.004700898862
2087,0.001911813961,0.0047383825
2088,0.002118289922,0.005230778654
2089,0.002095352815,0.004210053827
2090,0.002119911835,0.005282571685
2091,0.002387814457,0.004505007935
2092,0.002167132043,0.004742854799
2093,0.002263918141,0.004553533625
2094,0.002169616142,0.004471613502
2095,0.002126002844,0.004185924103
2096,0.002271162652,0.004919570405
2097,0.002240375397,0.004144427017
2098,0.002358022684,0.004623791086
2099,0.002280451503,0.004491212283
2100,0.002450785774,0.004377030185
2101,0.002217339163,0.004442051228
2102,0.002104145198,0.004855806619
2103,0.002395153875,0.004288341617
2104,0.001986299147,0.004701092839
2105,0.002112838338,0.004655552999
2106,0.002284965609,0.004615687445
2107,0.002239869325,0.004254208732
2108,0.002035272875,0.003997629683
2109,0.002480426308,0.004343604232
2110,0.001925499091,0.004376447119
2111,0.002271313409,0.004375089513
2112,0.002104266765,0.00371388442
2113,0.002137352436,0.004454562266
2114,0.00228642163,0.004311545956
2115,0.002158576506,0.004281601316
2116,0.002477330854,0.00418112136
2117,0.002083894127,0.003852265218
2118,0.002229513644,0.004283969145
2119,0.002233147781,0.003815064934
2120,0.002227511242,0.004682917381
2121,0.002165934973,0.004126176616
2122,0.001933476175,0.005017133837
2123,0.002092512383,0.003314241971
2124,0.00229441878,0.004374349985
2125,0.002426285238,0.003242012055
2126,0.002204882854,0.004360704275
2127,0.002333503478,0.004415723495
2128,0.002176204856,0.00407757939
2129,0.002011730787,0.004849898338
2130,0.002212328516,0.004203628661
2131,0.002091509756,0.004367887304
2132,0.002226639554,0.005212180084
2133,0.002149739492,0.004287858697
2134,0.002193807333,0.004491250787
2135,0.001916857771,0.004458816053
2136,0.00201991995,0.004623956222
2137,0.002503782714,0.004411390721
2138,0.002062323561,0.004088122107
2139,0.002411750815,0.004388074012
2140,0.002149905267,0.003588797466
2141,0.002411900525,0.004847446689
2142,0.00226960727,0.004482862394
2143,0.00247304581,0.004416843905
2144,0.002132429829,0.004114344629
2145,0.002131198315,0.004658913473
2146,0.002032817545,0.004344974412
2147,0.001875919595,0.004343121371
2148,0.001953594183,0.005475099897
2149,0.002118496763,0.004337053659
2150,0.001925036006,0.005566063483
2151,0.0021415503,0.004320242762
2152,0.00203373954,0.004555270571
2153,0.002196957299,0.00437995902
2154,0.002319918654,0.004547337361
2155,0.002077802157,0.003967133234
2156,0.002408594242,0.004516294051
2157,0.00209306374,0.003901713091
2158,0.002311327276,0.00406884143
2159,0.001967613731,0.004600764252
2160,0.002311265212,0.003757990402
2161,0.002397888951,0.0036407976
2162,0.002122177146,0.003999957553
2163,0.002327724229,0.004274735838
2164,0.002104762229,0.004382724903
2165,0.002032482735,0.003697707754
2166,0.002198115646,0.004117613309
2167,0.002158887684,0.003982609749
2168,0.002156497329,0.005619883101
2169,0.002355921737,0.003986863507
2170,0.002065118548,0.004329490301
2171,0.002159517971,0.004448813939
2172,0.002391325324,0.004398880963
2173,0.002114623931,0.003973465617
2174,0.002033958095,0.00413512034
2175,0.002167431565,0.004375142278
2176,0.001977865657,0.003843824554
2177,0.002251805447,0.003730402008
2178,0.00205395685,0.004987422493
2179,0.002218950787,0.004394269723
2180,0.002275557606,0.004069996183
2181,0.002166551742,0.004265818832
2182,0.002311200602,0.003650593804
2183,0.002116630654,0.004550164216
2184,0.002089504371,0.004221971176
2185,0.002073270647,0.004576056672
2186,0.002076069519,0.004096899356
2187,0.001859476004,0.003544743551
2188,0.001948430552,0.004417139775
2189,0.00199303648,0.004344637331
2190,0.002183030185,0.00408316456
2191,0.002209634054,0.003844843392
2192,0.002129911372,0.004179193696
2193,0.002303385656,0.00380692209
2194,0.002050891504,0.005065939622
2195,0.002196620073,0.003566678904
2196,0.00223915196,0.003952569008
2197,0.002247999422,0.003704560804
2198,0.001930565471,0.004708376218
2199,0.002095704578,0.004408999055
2200,0.002077847399,0.003950050304
2201,0.002271641773,0.003462743654
2202,0.002036775215,0.003692164697
2203,0.002107947585,0.003797191952
2204,0.002274429833,0.004345982772
2205,0.002366989051,0.003765791975
2206,0.002251730155,0.004678574333
2207,0.002205332217,0.004326985363
2208,0.002349159884,0.004261597904
2209,0.002149171094,0.004397590004
2210,0.002096964017,0.004227558529
2211,0.002530980826,0.003976589593
2212,0.002021535794,0.00428759749
2213,0.002073924712,0.004331017612
2214,0.002286085655,0.004612959718
2215,0.002228072961,0.004406706139
2216,0.002069461567,0.004118755431
2217,0.002458251489,0.003726516356
2218,0.002315336591,0.004029097327
2219,0.002095990698,0.003815350501
2220,0.002225168602,0.003939648304
2221,0.002216155204,0.003936662979
2222,0.002554231047,0.003545144951
2223,0.002158477932,0.00431551761
2224,0.002249265759,0.004243527947
2225,0.002161002776,0.003702196816
2226,0.001993100377,0.004197860981
2227,0.002324466332,0.004060256149
2228,0.002023632653,0.004144855891
2229,0.002194622575,0.003899101139
2230,0.002250658101,0.004065440036
2231,0.002094899319,0.004109562229
2232,0.002317128849,0.003804720094
2233,0.002058693382,0.00382532191
2234,0.002017832609,0.003554338356
2235,0.002055692574,0.005729884957
2236,0.002252955019,0.003898672439
2237,0.002131438392,0.004365516244
2238,0.00197090258,0.003947814403
2239,0.002244186209,0.004271148064
2240,0.001980490706,0.003955704655
2241,0.002103674648,0.004044609319
2242,0.001995512459,0.0045087334
2243,0.002093327072,0.003924894118
2244,0.002151543129,0.004259522684
2245,0.002448152489,0.004008975171
2246,0.002243348499,0.004340433457
2247,0.002061987208,0.003693898499
2248,0.002473391054,0.004394855088
2249,0.002424777209,0.004052061733
2250,0.002169142434,0.004265269294
2251,0.00221752307,0.00350105809
2252,0.002225317949,0.004431440058
2253,0.002268221462,0.003443226044
2254,0.002170474312,0.003535943339
2255,0.002199699156,0.004416998912
2256,0.002168538675,0.003497863625
2257,0.002194914574,0.004006725008
2258,0.001997439409,0.004226608668
2259,0.002249009704,0.004835352011
2260,0.002185718491,0.003516372904
2261,0.002263726376,0.004312045436
2262,0.002021310967,0.004859415523
2263,0.00204572457,0.003971196624
2264,0.002188528888,0.003893503832
2265,0.002094200085,0.003753471276
2266,0.002417911775,0.003422530572
2267,0.002114894669,0.004072863027
2268,0.00218468254,0.003881990153
2269,0.002187749124,0.003860947123
2270,0.00201966695,0.003954485699
2271,0.00203648,0.004453889589
2272,0.002359483144,0.004073306947
2273,0.002133163711,0.00355845649
2274,0.001897002046,0.004085116612
2275,0.002476572845,0.003545163432
2276,0.002318896906,0.004148082458
2277,0.002245361393,0.003677322034
2278,0.002234794578,0.003735949082
2279,0.002141105899,0.004420420184
2280,0.001961271089,0.003603112855
2281,0.002146618004,0.004766859667
2282,0.002122712045,0.003909120685
2283,0.002319670224,0.003661603812
2284,0.002084272332,0.004075684643
2285,0.002083770858,0.003722905181
2286,0.002303062094,0.004628719267
2287,0.002184650293,0.004118727171
2288,0.002148410465,0.003956855595
2289,0.002371870723,0.003867517313
2290,0.002324915869,0.004040220898
2291,0.00245912261,0.003648991842
2292,0.002249950558,0.00354118328
2293,0.002400800367,0.004957378813
2294,0.002053695687,0.003540753853
2295,0.002304691792,0.00426618426
2296,0.002313481615,0.004010394303
2297,0.002310256183,0.00329530728
2298,0.002268967844,0.004162094847
2299,0.002161143071,0.003640778596
2300,0.002354778844,0.003816817218
2301,0.002571761172,0.004092401621
2302,0.002191078078,0.003578085249
2303,0.002186482059,0.003006271436
2304,0.002293282552,0.004303493683
2305,0.002199175724,0.003299523145
2306,0.002050740572,0.004277293658
2307,0.002375508629,0.003994021565
2308,0.002065120585,0.004360211256
2309,0.002185567268,0.00368833926
2310,0.002250900521,0.00380723679
2311,0.002345010289,0.003698283166
2312,0.002124116232,0.003818451834
2313,0.002078810183,0.003970073391
2314,0.00224758769,0.0039628917
2315,0.002322085231,0.004153567861
2316,0.002483924531,0.003508395544
2317,0.002333443161,0.004495331465
2318,0.002055255449,0.00358276529
2319,0.002216655819,0.00461127836
2320,0.002182188036,0.003607999766
2321,0.002209852188,0.003555745527
2322,0.002071731258,0.003852172435
2323,0.002106485699,0.003590582433
2324,0.00217677097,0.003688967961
2325,0.002452989647,0.003915347916
2326,0.002277214211,0.003999169247
2327,0.002204091448,0.004337218561
2328,0.002209508457,0.003379570611
2329,0.002450303349,0.003766789974
2330,0.002243219831,0.003338729934
2331,0.002130959023,0.003518109326
2332,0.002283602633,0.003608306142
2333,0.002239920737,0.003555065923
2334,0.001940981834,0.004366618901
2335,0.002204062766,0.003936679161
2336,0.002132974187,0.004019542888
2337,0.002449211708,0.00390418811
2338,0.002137173535,0.003528397589
2339,0.002309278963,0.003945636156
2340,0.002217464295,0.00338232622
2341,0.002226681783,0.00425908278
2342,0.002265474119,0.004157409159
2343,0.002581533743,0.003871534573
2344,0.002191859676,0.003686572687
2345,0.002130024484,0.003392373561
2346,0.002246650518,0.004039824562
2347,0.001992857375,0.003721545741
2348,0.002392463575,0.003803512984
2349,0.002102977902,0.003711358004
2350,0.002448881962,0.003312022571
2351,0.002082738763,0.003247796296
2352,0.002077921672,0.00350683069
2353,0.002334480319,0.003605553124
2354,0.002014461934,0.004426333355
2355,0.002480084469,0.003466070048
2356,0.002288431395,0.003962863149
2357,0.002279848064,0.003378196096
2358,0.002302369176,0.003695076186
2359,0.002286736941,0.003606581216
2360,0.002121345678,0.003652449639
2361,0.002166725288,0.00347792008
2362,0.002321366032,0.003409085417
2363,0.002282918722,0.003730386699
2364,0.0022423388,0.003709175449
2365,0.002311875229,0.004260109825
2366,0.002051740768,0.003356672154
2367,0.002328710892,0.00371555629
2368,0.002379143669,0.003415192012
2369,0.00229324284,0.00360368524
2370,0.002245030497,0.003748395073
2371,0.002307023518,0.004083183157
2372,0.002130021981,0.003613836918
2373,0.002110041576,0.003461202316
2374,0.002098505356,0.003651504463
2375,0.002170713953,0.003780684347
2376,0.002472951106,0.004030621203
2377,0.002247480137,0.003614684771
2378,0.002312314042,0.00416309206
2379,0.002217167741,0.002949065296
2380,0.002583925685,0.003748483286
2381,0.002386335938,0.003183411376
2382,0.002155797032,0.003876888164
2383,0.00233452658,0.003484501212
2384,0.002279297449,0.003669826809
2385,0.002222181298,0.003885386162
2386,0.002130732071,0.00384637696
2387,0.002549126322,0.003823433013
2388,0.00235719292,0.004239709611
2389,0.00243739759,0.00325377722
2390,0.002185237769,0.004616026417
2391,0.002286282936,0.003442425892
2392,0.002198197151,0.003662723815
2393,0.002108710876,0.003283030732
2394,0.002349615897,0.003659637499
2395,0.002354456083,0.003355345747
2396,0.00214689874,0.004358401435
2397,0.002460344054,0.004075143079
2398,0.002512866966,0.004119801306
2399,0.002395023766,0.00360812014
2400,0.002092908093,0.003264958767
2401,0.00243874939,0.003571129171
2402,0.002227888341,0.003767128452
2403,0.002071070398,0.003943157149
2404,0.002197456182,0.003326919847
2405,0.00232515161,0.003718643275
2406,0.00216036108,0.00374240856
2407,0.002187904101,0.003940400289
2408,0.002209556318,0.003935001703
2409,0.002469642757,0.003662142408
2410,0.002254765699,0.003497758385
2411,0.002304154288,0.003507073212
2412,0.002293313824,0.003590101522
2413,0.002378312507,0.003646273515
2414,0.002056448095,0.004209243169
2415,0.002354381286,0.003632096719
2416,0.002355593184,0.002993101371
2417,0.002344584645,0.003419037414
2418,0.002037476326,0.003386741126
2419,0.002396893993,0.004281504138
2420,0.002353124873,0.003122501861
2421,0.00224880781,0.00385874504
2422,0.002154222602,0.004206200509
2423,0.00224401454,0.004043870926
2424,0.00218940062,0.003276081028
2425,0.002390055481,0.004177596798
2426,0.00223120852,0.003943378077
2427,0.002063651715,0.003398164612
2428,0.002227209494,0.003807573172
2429,0.001990068864,0.003491306503
2430,0.002193513152,0.003779224324
2431,0.00236450354,0.003454038
2432,0.002376043543,0.003742559144
2433,0.00242010747,0.003713307
2434,0.002024627174,0.003702465503
2435,0.002214553562,0.004056617356
2436,0.002092195471,0.003545828542
2437,0.002302925568,0.003344836558
2438,0.002262089576,0.003475636011
2439,0.002217436209,0.003953717183
2440,0.00241900736,0.003299786622
2441,0.002120305653,0.004125478416
2442,0.002222267009,0.003439698805
2443,0.002277283798,0.004116481752
2444,0.002254962121,0.003174515616
2445,0.002373434734,0.003835514188
2446,0.002212283944,0.003557304823
2447,0.002358899015,0.003891342843
2448,0.002245634503,0.003664014017
2449,0.002171815562,0.003850151377
2450,0.002250647929,0.003734618338
2451,0.002266359181,0.004349682218
2452,0.002204561242,0.003252609196
2453,0.002435760514,0.003465759102
2454,0.002199378607,0.003363517579
2455,0.002478362323,0.003868725296
2456,0.002242521863,0.003637717891
2457,0.002210227831,0.003745677328
2458,0.0026010648,0.003101161099
2459,0.002284925329,0.003034412686
2460,0.002410929621,0.003637573449
2461,0.00229011997,0.003550079477
2462,0.002010921467,0.003949808975
2463,0.002232457089,0.003626493941
2464,0.002276301544,0.003179588617
2465,0.002333214376,0.003228151036
2466,0.00243756405,0.003529232461
2467,0.002173216766,0.002987242056
2468,0.00216143085,0.004399389436
2469,0.002269442164,0.003624314151
2470,0.002448543033,0.003646319965
2471,0.002431154178,0.003147465177
2472,0.002056581652,0.00349117213
2473,0.002091086542,0.00378197059
2474,0.00223119212,0.003949932609
2475,0.002611451491,0.003202756285
2476,0.002079818922,0.003489519615
2477,0.002220821436,0.003351003223
2478,0.002168369596,0.003024759673
2479,0.002442037818,0.003826966422
2480,0.002427734988,0.003244196501
2481,0.002453519031,0.003474598343
2482,0.002460459233,0.003259885299
2483,0.002559609406,0.003469526826
2484,0.002413680253,0.003359859664
2485,0.00218440959,0.003808952228
2486,0.002302130364,0.004057832324
2487,0.002361379724,0.003699583933
2488,0.002289757293,0.003694007202
2489,0.00230671934,0.00312200957
2490,0.002234749903,0.003831819922
2491,0.002450811444,0.003538112418
2492,0.002379029713,0.00365993884
2493,0.002415063005,0.003169208503
2494,0.002412817979,0.003884659818
2495,0.002436094102,0.003409997385
2496,0.002330408519,0.003443194291
2497,0.002176968919,0.003177255974
2498,0.002227262084,0.003343916469
2499,0.002436435563,0.003398240864
2500,0.002293154772,0.003492446587
2501,0.002298122447,0.003512368683
2502,0.002285965282,0.003598356125
2503,0.002302882043,0.003682961513
2504,0.002593562152,0.003340360505
2505,0.002369941445,0.003830861417
2506,0.00236684535,0.003586394858
2507,0.002470880048,0.003713290993
2508,0.002489351114,0.002983059327
2509,0.002362760628,0.00343769195
2510,0.002344343142,0.003606216604
2511,0.002345233617,0.003198626626
2512,0.002400193815,0.004066033376
2513,0.002303579458,0.002968012443
2514,0.002470055246,0.003419389192
2515,0.002215064902,0.003404259594
2516,0.002621962718,0.003389013553
2517,0.002510068618,0.003473606834
2518,0.002199674767,0.004038826039
2519,0.002638732549,0.00308052625
2520,0.002640539155,0.003742283559
2521,0.002358272963,0.002875492617
2522,0.00227533697,0.003758183535
2523,0.002306647875,0.004072023788
2524,0.002442264595,0.003363743046
2525,0.002324199537,0.003762926761
2526,0.002256349646,0.003290675013
2527,0.002183158926,0.003348009952
2528,0.00231471892,0.003206397145
2529,0.002450128086,0.004058309656
2530,0.002516304274,0.003322053788
2531,0.002285744413,0.003769355651
2532,0.002489911538,0.003489077906
2533,0.002248686476,0.004336070357
2534,0.002516342967,0.003634907509
2535,0.00207587707,0.003768317198
2536,0.001999532309,0.003614439949
2537,0.002416341958,0.003773271106
2538,0.002399721096,0.003037047252
2539,0.002457682538,0.003444942908
2540,0.002327274357,0.003384498385
2541,0.002609604533,0.003899340634
2542,0.002272624304,0.003531602561
2543,0.002327563547,0.004119162681
2544,0.002247124707,0.003415705229
2545,0.002293025027,0.003509456728
2546,0.002234188811,0.003405960539
2547,0.002112165472,0.003582698846
2548,0.002587829382,0.003830693197
2549,0.002213827494,0.003025054873
2550,0.002055617937,0.003871870926
2551,0.002513519663,0.003626318357
2552,0.002182106575,0.003260976606
2553,0.002349098126,0.003515490884
2554,0.00237264375,0.003807274945
2555,0.002223926422,0.003064741599
2556,0.002394390161,0.003780196625
2557,0.002369574329,0.002948979556
2558,0.002377128563,0.003591011628
2559,0.00269010209,0.002931706287
2560,0.002463012832,0.003493799421
2561,0.002403907754,0.003163264861
2562,0.002589466254,0.003581772355
2563,0.002490074839,0.003279230499
2564,0.00243876371,0.003213921475
2565,0.002471858723,0.00369810604
2566,0.002431797911,0.002987157481
2567,0.002573907928,0.004099246085
2568,0.002453737834,0.003435051418
2569,0.002510102233,0.004032628261
2570,0.002532510101,0.003209146264
2571,0.002550008212,0.003621413081
2572,0.002380335762,0.003476746089
2573,0.002715611627,0.004229749844
2574,0.002285571158,0.003412380378
2575,0.002333389464,0.003606206243
2576,0.00260677241,0.00321508557
2577,0.002255658255,0.003414220118
2578,0.002287299212,0.003525724373
2579,0.002503840544,0.003148919699
2580,0.002154973554,0.003298529628
2581,0.002349997987,0.003248565859
2582,0.00245177903,0.00303491723
2583,0.00259750399,0.003154578473
2584,0.002803454146,0.003098300862
2585,0.002338903039,0.003996320069
2586,0.002612134762,0.003018799296
2587,0.0023254759,0.003503308079
2588,0.002455233713,0.003726360737
2589,0.002568080032,0.003407677083
2590,0.002408178116,0.003719701897
2591,0.002280183064,0.003201743413
2592,0.002439880816,0.003033589426
2593,0.002388621739,0.003392900137
2594,0.002556331659,0.003149423515
2595,0.002438806841,0.003441076522
2596,0.002473251719,0.003417994652
2597,0.002283218797,0.003550667869
2598,0.002302738198,0.002978226723
2599,0.002304700916,0.00420745177
2600,0.002512190884,0.003344151133
2601,0.002680403981,0.003340595897
2602,0.002500989925,0.00343751008
2603,0.002581496432,0.00325264511
2604,0.002768959035,0.003114950494
2605,0.002535730629,0.002989518485
2606,0.002490764629,0.003346019541
2607,0.002483178221,0.00370118409
2608,0.002323685258,0.00307582441
2609,0.002387099288,0.003504737455
2610,0.00253403683,0.003403227689
2611,0.002595197642,0.003473562247
2612,0.002694031165,0.003649740189
2613,0.002133439571,0.003634522465
2614,0.002528447105,0.003073879954
2615,0.00245596419,0.003990419675
2616,0.002520597132,0.003279822326
2617,0.002455443027,0.003833564697
2618,0.002468419785,0.003120479902
2619,0.002487692545,0.003839122481
2620,0.002529374513,0.003152226884
2621,0.002279877721,0.003669426806
2622,0.002565865943,0.003576481657
2623,0.002231183476,0.003167087183
2624,0.002594670223,0.003453343466
2625,0.002580867585,0.003529330832
2626,0.002425057784,0.003785507899
2627,0.002755189867,0.003188129223
2628,0.002793556225,0.003776734316
2629,0.002541366106,0.003026301565
2630,0.002591571931,0.004120275204
2631,0.002655797609,0.003192653341
2632,0.00235879203,0.003193109704
2633,0.002488829312,0.003040023992
2634,0.002253921368,0.003213748743
2635,0.002569082717,0.003693474166
2636,0.002596861726,0.002951858653
2637,0.002563736853,0.003556683077
2638,0.002331110576,0.003456716338
2639,0.002603307279,0.003348452185
2640,0.002354233875,0.003552887472
2641,0.002366874003,0.003262856044
2642,0.002224461263,0.003693029314
2643,0.002434280395,0.003751526354
2644,0.002412485817,0.002759986586
2645,0.002571050398,0.003003605496
2646,0.002211015337,0.003591268061
2647,0.002486307945,0.003925403376
2648,0.002292042933,0.002963048028
2649,0.002448641157,0.003982937924
2650,0.002390891081,0.003242168605
2651,0.002636711026,0.003618949471
2652,0.002608591749,0.003367685829
2653,0.002351108837,0.0033998336
2654,0.002388089852,0.003258107929
2655,0.002393165138,0.002988848311
2656,0.002468060004,0.003134620056
2657,0.002436291179,0.003299328266
2658,0.002283257898,0.004044149013
2659,0.002634348348,0.003528882982
2660,0.002568722004,0.00302141477
2661,0.002235552325,0.003123645583
2662,0.002634441786,0.003849375411
2663,0.002476820926,0.002841124573
2664,0.002240402478,0.003409163153
2665,0.002362744286,0.003337831498
2666,0.002627891896,0.003094600077
2667,0.002775264831,0.002911292511
2668,0.002489438688,0.003241343686
2669,0.00252680562,0.003408568358
2670,0.002608579613,0.003067242011
2671,0.002281942856,0.003559997451
2672,0.002562830749,0.002719546028
2673,0.002408018336,0.003276927018
2674,0.002124308201,0.003217871039
2675,0.002740988421,0.002963384235
2676,0.002457743671,0.003085438831
2677,0.002558692591,0.003900277952
2678,0.002795282111,0.003129600867
2679,0.002449592081,0.003440041939
2680,0.002457793234,0.003367014666
2681,0.002558985492,0.003894912661
2682,0.002258364591,0.002938154226
2683,0.002725517115,0.003084145079
2684,0.002574174578,0.003415746265
2685,0.00245200067,0.003358965652
2686,0.002314309109,0.003260350437
2687,0.002531830003,0.003151475888
2688,0.002549073179,0.00330534362
2689,0.002654982702,0.003277402022
2690,0.002542543662,0.003114863386
2691,0.002476716065,0.00322919109
2692,0.002492134663,0.003210281924
2693,0.002249077646,0.003322778764
2694,0.002463238256,0.003170034382
2695,0.002680841601,0.003097591456
2696,0.002388614055,0.003389961319
2697,0.002522599258,0.00351748048
2698,0.002919850493,0.003299954871
2699,0.002468385195,0.003141058842
2700,0.002357717167,0.003484295798
2701,0.002785653938,0.00305300561
2702,0.002575764229,0.002751991822
2703,0.002532145299,0.003873501933
2704,0.002558171283,0.002960101439
2705,0.002566254901,0.003503455664
2706,0.002492735017,0.003148466581
2707,0.002366570785,0.003030093299
2708,0.002478723181,0.002820186492
2709,0.002510487291,0.003389388905
2710,0.002428234875,0.003131777834
2711,0.002238376284,0.003024064179
2712,0.002444729267,0.003413980099
2713,0.002717940195,0.00285698846
2714,0.002408084358,0.002557028711
2715,0.002411101159,0.003623200901
2716,0.002390799636,0.00296502834
2717,0.002853703918,0.003545727392
2718,0.002563248592,0.002903314569
2719,0.002754517569,0.002985104948
2720,0.002388078065,0.003217983292
2721,0.002619512932,0.003254623502
2722,0.002619989216,0.003178192099
2723,0.002711248118,0.003023266589
2724,0.002536732907,0.002792288462
2725,0.002744672151,0.003307951178
2726,0.002586458373,0.002995637711
2727,0.002685977408,0.003778311162
2728,0.002873288962,0.002978352568
2729,0.002768906677,0.003832426446
2730,0.002471572487,0.002958843892
2731,0.00237091734,0.003526352957
2732,0.00236170752,0.003164334048
2733,0.002536751796,0.003868905216
2734,0.002117699813,0.00282472503
2735,0.002374052987,0.004123323451
2736,0.002747023958,0.003100920643
2737,0.002687756991,0.003310816246
2738,0.002246855613,0.002715868235
2739,0.002922694897,0.003747751063
2740,0.002577334497,0.00271907376
2741,0.002405905296,0.003335621295
2742,0.002546393269,0.002485984864
2743,0.002321513501,0.003437623382
2744,0.002795967885,0.003020808275
2745,0.002490329556,0.002867246105
2746,0.00237025274,0.003285631567
2747,0.002833321079,0.003423347051
2748,0.002491161315,0.003145064402
2749,0.002675448282,0.002982548758
2750,0.002776758105,0.00320263952
2751,0.002345707413,0.003236492281
2752,0.002628709684,0.003183573979
2753,0.002448775398,0.002852724196
2754,0.002549571,0.003210658324
2755,0.002599739935,0.003089910053
2756,0.002672906121,0.00332024708
2757,0.002860474968,0.003090287762
2758,0.002765333309,0.003045069432
2759,0.002624067361,0.002991533576
2760,0.0023723739,0.002984688908
2761,0.002615057499,0.002986926644
2762,0.002365465669,0.003676332592
2763,0.002815318527,0.002638259466
2764,0.002699327772,0.002831598278
2765,0.002643430111,0.003184629983
2766,0.002542584785,0.003558484634
2767,0.00228245082,0.003597582021
2768,0.002566499461,0.003291354762
2769,0.002739058647,0.002928308488
2770,0.002534428757,0.002763925775
2771,0.002500529372,0.003497272381
2772,0.002328595612,0.0033472387
2773,0.002669906418,0.0036844571
2774,0.002744753991,0.003145955561
2775,0.002627954411,0.002945034124
2776,0.002553865648,0.003243488871
2777,0.00257489772,0.003309799242
2778,0.00280394539,0.003090623009
2779,0.002405941064,0.002999022312
2780,0.002646913839,0.003246550681
2781,0.002409394103,0.003027105675
2782,0.002601196058,0.003161322122
2783,0.002762869786,0.003366388846
2784,0.002375759359,0.003249244881
2785,0.002811089667,0.003086261917
2786,0.002792049985,0.002904710709
2787,0.002518669906,0.003075689136
2788,0.002623578068,0.003482289321
2789,0.002357848527,0.003296998941
2790,0.00244213223,0.002645256624
2791,0.002590997698,0.00288252451
2792,0.002420071411,0.002610439493
2793,0.00264534395,0.003092136467
2794,0.002376344259,0.00353059874
2795,0.002578019194,0.003324954974
2796,0.002835996755,0.003614814574
2797,0.002673857118,0.002812245832
2798,0.002686773776,0.003679160669
2799,0.002732725596,0.002878174681
2800,0.002385948028,0.0032358483
2801,0.002480445663,0.002811908824
2802,0.002441960212,0.003433956066
2803,0.00250965415,0.003516602999
2804,0.002583446767,0.00331087099
2805,0.002452835703,0.003142281348
2806,0.002430739769,0.002934845252
2807,0.00272366729,0.002909035626
2808,0.002447184263,0.002764004399
2809,0.00266538962,0.003300888318
2810,0.002770238629,0.003284160397
2811,0.002155683935,0.003570575151
2812,0.002517887799,0.002851192403
2813,0.002758319053,0.003094807034
2814,0.002426734485,0.002444313519
2815,0.002668165107,0.00340611345
2816,0.002601283297,0.00274103001
2817,0.002544365474,0.003311114997
2818,0.002603331683,0.002683792351
2819,0.00281634726,0.003105933458
2820,0.002803394978,0.002925550536
2821,0.002741872609,0.002964052444
2822,0.002410234272,0.003502708219
2823,0.002875621372,0.002887788956
2824,0.002715300594,0.003237371799
2825,0.002766797843,0.003100645961
2826,0.002632504737,0.002770881401
2827,0.002723168262,0.003133600811
2828,0.002915679535,0.002892624936
2829,0.002822769893,0.003248685272
2830,0.002403987703,0.003230954753
2831,0.002645011496,0.003177352482
2832,0.002398621902,0.003216839221
2833,0.00242658054,0.003592200286
2834,0.002533991705,0.003069114726
2835,0.002695398362,0.003189924872
2836,0.00284377177,0.003321309487
2837,0.00285622658,0.00308619265
2838,0.002641745523,0.003454656224
2839,0.002629458235,0.002797138703
2840,0.002631035721,0.00315052041
2841,0.002681322221,0.0032037333
2842,0.002927056456,0.002961598919
2843,0.002473064422,0.003220089246
2844,0.002564671726,0.00349855781
2845,0.002440329437,0.003423686518
2846,0.002521991555,0.002977116092
2847,0.002716278977,0.00323574018
2848,0.002586328963,0.002954303403
2849,0.00247152595,0.002940701641
2850,0.002720969816,0.002685640677
2851,0.002566009542,0.002996843366
2852,0.00253002235,0.002958979225
2853,0.00261633117,0.003061192925
2854,0.002547870739,0.003282664082
2855,0.002504333868,0.003843637038
2856,0.002592120014,0.003133371909
2857,0.002505682758,0.002857991989
2858,0.002707455773,0.003066378384
2859,0.002660630969,0.003033349552
2860,0.003142911824,0.003312538029
2861,0.002594620746,0.002913535194
2862,0.002588299452,0.003223307314
2863,0.002858415595,0.002902227425
2864,0.002382644219,0.003159950866
2865,0.002570488461,0.003098825022
2866,0.002403974926,0.002761070238
2867,0.002829869307,0.003094120941
2868,0.002890675009,0.002820043286
2869,0.002281507142,0.003359351977
2870,0.002572219033,0.00290901828
2871,0.00289814276,0.003079698974
2872,0.002784397308,0.002705692779
2873,0.003000655241,0.002861909263
2874,0.002528666198,0.003415280458
2875,0.002896862919,0.002958349738
2876,0.002861098677,0.002985763786
2877,0.002617129547,0.003157586441
2878,0.002863740112,0.00271992854
2879,0.00264097398,0.003198004561
2880,0.002587574214,0.003505810018
2881,0.002999278426,0.003064155055
2882,0.002699440724,0.003057354508
2883,0.002509512356,0.003080891416
2884,0.002629370138,0.00321558569
2885,0.002567350108,0.002649117188
2886,0.002729589498,0.00311703523
2887,0.002691693255,0.003342489304
2888,0.002517510889,0.002559199012
2889,0.00253186308,0.003020455391
2890,0.002596102859,0.002709352702
2891,0.002606704627,0.003006486135
2892,0.002838869957,0.003128526354
2893,0.002609441726,0.003100421862
2894,0.002726323524,0.002833532228
2895,0.002806042758,0.002936915756
2896,0.002599761487,0.003295485978
2897,0.002650472627,0.002825733129
2898,0.002557531232,0.003062681819
2899,0.002742105498,0.002838139088
2900,0.003082047566,0.00340529313
2901,0.002807185228,0.002817158907
2902,0.002657124787,0.00265723723
2903,0.002717968149,0.003079430986
2904,0.002602809458,0.003152058896
2905,0.002465433558,0.002872361569
2906,0.003143060603,0.002649783768
2907,0.002605892078,0.003420468274
2908,0.002835428342,0.003044502577
2909,0.002738124749,0.003596558119
2910,0.002969701891,0.002390030131
2911,0.002595767553,0.002803491981
2912,0.002645686211,0.002855910614
2913,0.002568428084,0.002834273997
2914,0.002562811933,0.003042644967
2915,0.002779392962,0.002621661872
2916,0.002587359311,0.003671194747
2917,0.003003040532,0.002481534641
2918,0.002989932342,0.003165968665
2919,0.002795704961,0.002989235654
2920,0.002711674635,0.003278056363
2921,0.002958206343,0.002839257766
2922,0.002967287699,0.002601815271
2923,0.002971596026,0.002787266247
2924,0.00265479082,0.002841866721
2925,0.002577689564,0.002793377731
2926,0.002731943343,0.003313621739
2927,0.002692780166,0.003226736328
2928,0.002368447502,0.002710791159
2929,0.002336149017,0.00333922627
2930,0.002832125421,0.002916361642
2931,0.002944713546,0.0027372021
2932,0.0027101757,0.003305765626
2933,0.002652729192,0.00320380152
2934,0.003051396634,0.00255484246
2935,0.002502283955,0.003008224885
2936,0.002704033832,0.003058309783
2937,0.002866398892,0.002817075641
2938,0.003194816527,0.003541356797
2939,0.003092837927,0.002741725591
2940,0.00239103919,0.003406331671
2941,0.002878131083,0.002721051045
2942,0.00285506589,0.003928277642
2943,0.003011797264,0.002667463516
2944,0.002851715166,0.002615281614
2945,0.002522009076,0.003092892439
2946,0.002402522296,0.002637060752
2947,0.002842256828,0.002997499396
2948,0.002935497556,0.002777378453
2949,0.002847077398,0.0026335695
2950,0.002612543583,0.002942324325
2951,0.002545163792,0.002995857212
2952,0.003169986216,0.002700568104
2953,0.002774888184,0.002882115659
2954,0.002896830265,0.002853712969
2955,0.002616597922,0.002803024166
2956,0.00293327836,0.00315629362
2957,0.002601626664,0.00292896069
2958,0.002686595049,0.002885116497
2959,0.002533777064,0.003020914941
2960,0.002602791617,0.002852899052
2961,0.002701030724,0.002591929777
2962,0.002582655638,0.002835226711
2963,0.002651054034,0.002803265743
2964,0.003195230005,0.003514211101
2965,0.002743755438,0.002771857209
2966,0.002975082578,0.00315555514
2967,0.002722192206,0.002466250036
2968,0.002707097796,0.002995171322
2969,0.002717991127,0.003058453876
2970,0.002478113311,0.002947135683
2971,0.00272837939,0.003081007046
2972,0.002714530099,0.003022487508
2973,0.00260185494,0.00328131768
2974,0.00279948159,0.003065795987
2975,0.002719863114,0.003000896133
2976,0.002777347981,0.002631441705
2977,0.003018094285,0.003005428094
2978,0.003007024876,0.003009956854
2979,0.002533582388,0.002839054068
2980,0.002553605402,0.003163100773
2981,0.002824823459,0.002775966364
2982,0.002934324642,0.00255309671
2983,0.002968136585,0.002446770173
2984,0.002943110478,0.003053054825
2985,0.00263255657,0.002937103505
2986,0.00286271947,0.002845173236
2987,0.002682079357,0.002952577604
2988,0.002970232672,0.003338979033
2989,0.002747445629,0.002774982771
2990,0.002902151173,0.002869312419
2991,0.00287869382,0.002959843376
2992,0.002521514543,0.0030958188
2993,0.002918567421,0.002696956712
2994,0.00299652142,0.002983324346
2995,0.002895912301,0.002449550535
2996,0.003081026181,0.003297483549
2997,0.002587274386,0.002262969312
2998,0.002754954621,0.002758342045
2999,0.00283855648,0.003074047709
3000,0.00269683043,0.002783185104
3001,0.002894468547,0.002759119554
3002,0.002446234794,0.00322358447
3003,0.002687912318,0.002417801603
3004,0.002586013186,0.002925454435
3005,0.002571112214,0.002924298955
3006,0.002663477324,0.002656073819
3007,0.002638975377,0.00318065504
3008,0.002876635001,0.002401419479
3009,0.002686492488,0.00316240362
3010,0.002617849168,0.002678802615
3011,0.002805183816,0.003317280672
3012,0.002787058387,0.003017602226
3013,0.002539951776,0.002959104633
3014,0.002569219825,0.002811393177
3015,0.003121027868,0.00275060159
3016,0.00257148614,0.00295685255
3017,0.002879205684,0.002951549686
3018,0.00294279604,0.002906977403
3019,0.00258756851,0.002553870232
3020,0.002405009727,0.002780481591
3021,0.002588980686,0.002438203097
3022,0.002635903787,0.002986874344
3023,0.002568377095,0.002678251942
3024,0.00266647969,0.002804806863
3025,0.003006304963,0.00254830865
3026,0.002395340183,0.003170182958
3027,0.002561905916,0.003038934054
3028,0.002646968293,0.003276792704
3029,0.002547947399,0.002502258634
3030,0.002534318162,0.002900364372
3031,0.002695365227,0.003272537928
3032,0.002616359823,0.002653958218
3033,0.002700836892,0.002982656588
3034,0.002327571012,0.003107693658
3035,0.002827408171,0.002563455695
3036,0.002566109353,0.002912398282
3037,0.00279157827,0.002783955977
3038,0.002688202832,0.002920978877
3039,0.002531285936,0.002953088173
3040,0.002659635909,0.002959967518
3041,0.002808771678,0.003078583046
3042,0.002469601066,0.003319526295
3043,0.002592653065,0.002806213655
3044,0.002379318568,0.002832400933
3045,0.002640001228,0.002803718438
3046,0.002537023189,0.002706129628
3047,0.002853770624,0.002803232666
3048,0.002656756697,0.002848438686
3049,0.002333896511,0.002351586343
3050,0.002629178081,0.002964857267
3051,0.002640263934,0.002616715821
3052,0.002682460166,0.003179710271
3053,0.002754837595,0.002830408252
3054,0.002821761067,0.002711332985
3055,0.002680759237,0.002868217998
3056,0.002635663521,0.003187446244
3057,0.002835953521,0.002890561649
3058,0.002629013674,0.002859802218
3059,0.002690747555,0.003463420901
3060,0.00318550173,0.002982719161
3061,0.00262023753,0.002387686967
3062,0.002957911085,0.002975698764
3063,0.002637605969,0.002883128211
3064,0.002685921907,0.002903534682
3065,0.002802305302,0.002453282155
3066,0.002434392707,0.002915887279
3067,0.002461261465,0.00296130171
3068,0.002517556131,0.002719220793
3069,0.002649058355,0.002955656644
3070,0.002763182885,0.00265267989
3071,0.002727532439,0.002854318474
3072,0.002951460512,0.003533896437
3073,0.002468359497,0.002977872646
3074,0.002863899121,0.002616578116
3075,0.002810669219,0.002735630638
3076,0.002902502252,0.003028837964
3077,0.002605755115,0.002690506255
3078,0.002297861211,0.00275196039
3079,0.002959677047,0.00304700085
3080,0.002997673349,0.003103246534
3081,0.002538565634,0.002967048276
3082,0.0025478522,0.003024378617
3083,0.002648906375,0.002835123014
3084,0.002613969729,0.00327224136
3085,0.00247281589,0.003079125861
3086,0.002993664122,0.003047823266
3087,0.00255644643,0.002870558674
3088,0.002534383442,0.002911757852
3089,0.002906857553,0.002755529436
3090,0.002368944624,0.002902194828
3091,0.002498490649,0.002602141554
3092,0.002718063537,0.002623409004
3093,0.002846037285,0.002864105714
3094,0.002649515736,0.002858152991
3095,0.002358305181,0.002698040509
3096,0.00273067526,0.002772825683
3097,0.002654007549,0.002765491721
3098,0.002915916644,0.002885146358
3099,0.002312986049,0.003396045766
3100,0.002884034388,0.002966223081
3101,0.002582083776,0.002457061506
3102,0.002667815686,0.002953805437
3103,0.002608483133,0.002760777628
3104,0.002830038371,0.002897617262
3105,0.003156630468,0.002802157134
3106,0.002921110019,0.002760859235
3107,0.002391670394,0.003356275934
3108,0.002540750167,0.00315571262
3109,0.002505069046,0.002509094105
3110,0.002757923998,0.00287868196
3111,0.002574089565,0.002743409714
3112,0.002949358721,0.003068976454
3113,0.003073539672,0.00307827504
3114,0.002790990809,0.002795309847
3115,0.00266302767,0.002651522111
3116,0.002721654135,0.003125379386
3117,0.002651516639,0.002675195297
3118,0.002586609815,0.003161215893
3119,0.002640701918,0.00264197294
3120,0.002894989331,0.002787811129
3121,0.002773619723,0.002875367034
3122,0.002969841473,0.003096053464
3123,0.002407346285,0.002657876947
3124,0.002737418457,0.003175360616
3125,0.002645152665,0.002709443579
3126,0.002756284841,0.002895322163
3127,0.002917196107,0.00260793147
3128,0.002702211088,0.002893201105
3129,0.002416659525,0.002846197254
3130,0.002082555569,0.002583656431
3131,0.002783211035,0.003014718648
3132,0.002209600774,0.002890537056
3133,0.002654984361,0.002832635626
3134,0.002586829389,0.002665043328
3135,0.002773131127,0.002975464333
3136,0.002702704296,0.003150386503
3137,0.002451209351,0.002990030334
3138,0.002455777503,0.002637853409
3139,0.002655150834,0.002904681634
3140,0.002567330463,0.00293324003
3141,0.002785095363,0.002523827163
3142,0.002453436959,0.002859484666
3143,0.002529719844,0.002504172473
3144,0.002942735387,0.003040747048
3145,0.002480836003,0.002789197228
3146,0.002601827291,0.002728370062
3147,0.002724262537,0.002860159759
3148,0.002678730525,0.002330011353
3149,0.002784331024,0.003206525755
3150,0.00286896326,0.002614892437
3151,0.00238009388,0.003012553731
3152,0.002408639761,0.002795434004
3153,0.002889977171,0.003235732263
3154,0.002612603625,0.002597813422
3155,0.002605567584,0.003002758109
3156,0.002494424625,0.002486579964
3157,0.002305493093,0.002893571451
3158,0.002850422461,0.002364507309
3159,0.002802596049,0.00249012209
3160,0.002886059432,0.002587429844
3161,0.002610582713,0.002868461423
3162,0.002264351147,0.002533975494
3163,0.002461802593,0.003158018546
3164,0.002509238315,0.002612014912
3165,0.002529388701,0.002912589873
3166,0.00252121524,0.002839519613
3167,0.002420564255,0.00298924066
3168,0.002460707881,0.002675266296
3169,0.002389962799,0.002695492876
3170,0.00250200546,0.002738364608
3171,0.002592651479,0.003271476307
3172,0.002604389345,0.002840557805
3173,0.002758143906,0.002688383625
3174,0.002580927132,0.002749005158
3175,0.002476056208,0.0026836342
3176,0.002433475529,0.002707085921
3177,0.002677321259,0.002533219202
3178,0.002710461005,0.002639266342
3179,0.00269443923,0.002882234257
3180,0.002624498069,0.002541295515
3181,0.002812442748,0.002697717311
3182,0.002829592631,0.002746844053
3183,0.002445579652,0.002266426673
3184,0.002748774743,0.002790534869
3185,0.002379608413,0.002097366552
3186,0.002454523899,0.002836836036
3187,0.002588317177,0.002901062428
3188,0.002467469269,0.002612189768
3189,0.002578125146,0.002998340206
3190,0.002519050788,0.002507128491
3191,0.002515598113,0.002984763531
3192,0.002388040288,0.002501798939
3193,0.002634612698,0.002705928142
3194,0.00253673541,0.003110357939
3195,0.002466896374,0.002744097408
3196,0.002462336153,0.002702190453
3197,0.002720502438,0.003048911574
3198,0.002439286938,0.002977224765
3199,0.002700787649,0.002519529909
3200,0.0027216054,0.00291435828
3201,0.003039711853,0.002435058545
3202,0.002630297502,0.002758479473
3203,0.002663949039,0.002880896529
3204,0.002448227373,0.002692684007
3205,0.002760989941,0.002623359323
3206,0.00257321613,0.002685888379
3207,0.002456699876,0.002582715824
3208,0.002770186431,0.00256493612
3209,0.002659411184,0.002943583386
3210,0.002598525331,0.002600276843
3211,0.002235296735,0.002729133907
3212,0.002547815398,0.002676003642
3213,0.002833260951,0.002757047769
3214,0.002678524324,0.002408309258
3215,0.002272843485,0.002857526939
3216,0.002555092768,0.003039376053
3217,0.00257816544,0.002467246391
3218,0.002515730099,0.003038067109
3219,0.002689772955,0.002702280181
3220,0.002609288611,0.002724782244
3221,0.002758344956,0.002876113402
3222,0.002231869978,0.002861358807
3223,0.003049669031,0.003404527146
3224,0.002375010314,0.00261066563
3225,0.002718558724,0.002908927825
3226,0.002522553419,0.002755594149
3227,0.002533542953,0.0025229241
3228,0.00248600202,0.003080906085
3229,0.002551870683,0.002993737697
3230,0.002312653029,0.002617981896
3231,0.002367447567,0.002696371288
3232,0.002486234182,0.002596573977
3233,0.002486079087,0.003059031354
3234,0.002556705193,0.003255716118
3235,0.002561958871,0.002783299424
3236,0.002620805142,0.002884519548
3237,0.002444399695,0.00275294212
3238,0.002623882887,0.002894970588
3239,0.002821222937,0.002434525915
3240,0.002737972973,0.002686126245
3241,0.00258076076,0.002764726174
3242,0.002328377581,0.002636806079
3243,0.002559002372,0.002478354552
3244,0.00253617359,0.002585507114
3245,0.002610148658,0.002881502995
3246,0.002597943705,0.002663370658
3247,0.002543327311,0.002857325424
3248,0.002578934276,0.002614995203
3249,0.002754001383,0.002814878666
3250,0.002370615228,0.002686299034
3251,0.002646621055,0.002731470944
3252,0.002519333735,0.002547128795
3253,0.002367747758,0.003213978431
3254,0.002764325851,0.002600772423
3255,0.002552869322,0.002811244136
3256,0.002598049148,0.002342678039
3257,0.00245014242,0.002941800951
3258,0.0025853064,0.002710619199
3259,0.002630825606,0.003045808902
3260,0.002750484913,0.00232376346
3261,0.002513559564,0.002830218727
3262,0.002476584181,0.002616350437
3263,0.002614400524,0.002996814015
3264,0.002559268076,0.002577575564
3265,0.002471316489,0.002402010694
3266,0.002595457539,0.00303114811
3267,0.002551803103,0.002975976531
3268,0.002373891606,0.002691094109
3269,0.002547226468,0.00261015883
3270,0.002823498478,0.002768131642
3271,0.002427978761,0.00303046481
3272,0.002737985691,0.002211988685
3273,0.002381718281,0.002938309626
3274,0.002608099981,0.002769706218
3275,0.002618464496,0.002344906461
3276,0.002619963081,0.00257124081
3277,0.002419794633,0.002920300292
3278,0.002480330862,0.003023564641
3279,0.002717287367,0.002819457208
3280,0.002453524401,0.002737283998
3281,0.002510635401,0.002692665352
3282,0.002306428636,0.00264986603
3283,0.002478715571,0.002572480822
3284,0.002330039555,0.003055443347
3285,0.00234758931,0.002755979454
3286,0.002637971542,0.00252488126
3287,0.002386454289,0.002197924434
3288,0.002721880766,0.002948401758
3289,0.002396187294,0.002847473574
3290,0.002412956761,0.00272185044
3291,0.002501338648,0.002597173007
3292,0.002549177269,0.002718892443
3293,0.002661147373,0.002537646898
3294,0.002512462874,0.002546467018
3295,0.002317700317,0.002554797145
3296,0.002484697587,0.002667164386
3297,0.002765311117,0.00256811484
3298,0.002266980548,0.00304012993
3299,0.002798120011,0.0027162857
3300,0.002502211195,0.003080470517
3301,0.00266248043,0.002617010628
3302,0.002790542057,0.002717297844
3303,0.002623110253,0.002396198179
3304,0.002567956792,0.002643518266
3305,0.002375719763,0.003025397222
3306,0.002382690829,0.002620597894
3307,0.002351343239,0.002604001755
3308,0.002863732341,0.002479901261
3309,0.002316468017,0.00243273814
3310,0.002584346046,0.002630465402
3311,0.002756847796,0.002284593589
3312,0.002554864128,0.002932320465
3313,0.002590659191,0.002267300573
3314,0.002432668101,0.002795499313
3315,0.00289341461,0.003073310945
3316,0.002875002974,0.002203821976
3317,0.002518368332,0.002374135787
3318,0.002502515374,0.00253763466
3319,0.002590102435,0.002670167349
3320,0.002784349083,0.00252007306
3321,0.00258135848,0.002836145373
3322,0.002460710981,0.002609668751
3323,0.002533048217,0.002354578872
3324,0.002782077237,0.002796799934
3325,0.002483269287,0.002529335703
3326,0.002282886198,0.002764858262
3327,0.002491545965,0.002870021155
3328,0.002505588986,0.002808406862
3329,0.002390869398,0.002375000622
3330,0.002447730862,0.00250403471
3331,0.002511349376,0.00247999678
3332,0.002541877722,0.002686990571
3333,0.002277033695,0.002444219237
3334,0.002456701113,0.003025156853
3335,0.00247577882,0.002579647189
3336,0.002508092206,0.002731559653
3337,0.002315598133,0.002458357179
3338,0.00244893934,0.002786136407
3339,0.00261961139,0.00275043986
3340,0.002406746295,0.002632788528
3341,0.002572892525,0.002625705732
3342,0.002389797271,0.002494982124
3343,0.002559382643,0.002358178433
3344,0.002103411549,0.002585965267
3345,0.002508209698,0.002518828318
3346,0.002480758179,0.002668977409
3347,0.002113789145,0.002785523378
3348,0.002583585796,0.002736015944
3349,0.002422509337,0.003208664304
3350,0.002486746816,0.002472207329
3351,0.00268023269,0.002907790273
3352,0.002343217056,0.002591046577
3353,0.00253501939,0.00286943937
3354,0.002466489852,0.002447405321
3355,0.002696367214,0.002966021479
3356,0.002480732874,0.002739375544
3357,0.002494169807,0.002685590269
3358,0.002284881295,0.002435579605
3359,0.002575712919,0.00268397294
3360,0.00244220857,0.002220147144
3361,0.002552027188,0.002683914281
3362,0.002728032647,0.00276921186
3363,0.002729875705,0.002821395188
3364,0.002621238382,0.002398526049
3365,0.002502207819,0.002558846667
3366,0.002752341461,0.002591132739
3367,0.00238508996,0.002697463409
3368,0.002471929853,0.002713715337
3369,0.00244160174,0.00273073306
3370,0.002315331716,0.00245324531
3371,0.002474149005,0.00251163647
3372,0.002439693446,0.002932325762
3373,0.002375210737,0.002608086943
3374,0.00274932367,0.002261159854
3375,0.002400161044,0.002628098446
3376,0.002693274291,0.002579732623
3377,0.002463876153,0.002780665702
3378,0.002547479919,0.002603083441
3379,0.002864527138,0.002377739555
3380,0.002451365246,0.002540734975
3381,0.002624459885,0.002589579846
3382,0.00242611047,0.002538600005
3383,0.002677690383,0.002806205564
3384,0.002149460677,0.002219263653
3385,0.002223152755,0.002473789413
3386,0.002520003531,0.002474927664
3387,0.002557324275,0.002320132568
3388,0.002235139022,0.002663958643
3389,0.002442025434,0.002416032235
3390,0.002614939789,0.002748371277
3391,0.002708001877,0.002386138498
3392,0.002436495444,0.002452233224
3393,0.002253723884,0.002809622005
3394,0.002599421379,0.002555960091
3395,0.002506114484,0.002622926229
3396,0.002421442288,0.002361121326
3397,0.0024013644,0.002474012465
3398,0.002841230307,0.002294450474
3399,0.002561038826,0.002293842161
3400,0.002337399754,0.002678381425
3401,0.002477025788,0.002368428715
3402,0.002654174285,0.002334878896
3403,0.002567110612,0.002559746645
3404,0.002412732443,0.002512391904
3405,0.002258113469,0.002529443795
3406,0.00263125301,0.002542385104
3407,0.002399330522,0.002468039398
3408,0.002194496497,0.002588235715
3409,0.002357813806,0.002714169023
3410,0.00240669027,0.0024655327
3411,0.002364043932,0.002975637239
3412,0.002509290091,0.002308458716
3413,0.002382725099,0.002608923853
3414,0.002571621502,0.003037669288
3415,0.002397503791,0.002318941275
3416,0.00254032432,0.002800283604
3417,0.00248662605,0.002760491916
3418,0.0021755528,0.002735503251
3419,0.002498717949,0.002400124504
3420,0.002401120757,0.002552759048
3421,0.002210390623,0.002261880829
3422,0.00245278285,0.003173604171
3423,0.002303825881,0.0025001373
3424,0.002505989542,0.002821824688
3425,0.002440711105,0.002561217567
3426,0.002265196643,0.002445064936
3427,0.002448107713,0.002369862967
3428,0.002724428254,0.002422972902
3429,0.002413263559,0.00278129158
3430,0.002430163178,0.002691811824
3431,0.002384267515,0.002760798845
3432,0.002420302146,0.002642439969
3433,0.002262078575,0.002587316354
3434,0.002210761639,0.003037760645
3435,0.002731441127,0.002636775433
3436,0.00221811638,0.002540259709
3437,0.002288956224,0.002516027482
3438,0.002479300412,0.002381086015
3439,0.002442153535,0.002636951598
3440,0.002126088119,0.002720672521
3441,0.00245086936,0.002483445336
3442,0.002508715217,0.002574062062
3443,0.002488199229,0.00252336837
3444,0.002730096166,0.002825451316
3445,0.002359571459,0.002548581877
3446,0.002657895297,0.002565114264
3447,0.002409160283,0.002449606152
3448,0.002300980093,0.002648046153
3449,0.002477094182,0.002829181438
3450,0.002461570024,0.002599634725
3451,0.00229818534,0.002453548077
3452,0.002620181476,0.002356472964
3453,0.002487941121,0.002228896468
3454,0.002556283463,0.002866533934
3455,0.002289063064,0.002293996775
3456,0.002280244531,0.002550782141
3457,0.002497957728,0.002570100594
3458,0.002525358606,0.00245092457
3459,0.002506027959,0.002390883339
3460,0.002344214037,0.002796099419
3461,0.002308046838,0.001917913556
3462,0.002414697534,0.00225859358
3463,0.002522741488,0.002683585451
3464,0.002594543446,0.002790270548
3465,0.002355063611,0.002706652449
3466,0.002396200784,0.002258508452
3467,0.002283891619,0.002569704637
3468,0.002434382914,0.002557262793
3469,0.002204324162,0.002537280467
3470,0.002401191683,0.002189633218
3471,0.002048012393,0.002509306534
3472,0.00255794049,0.002696584488
3473,0.002205531651,0.002204459146
3474,0.00241431444,0.002583208028
3475,0.002444108017,0.00272572125
3476,0.002478636074,0.002729033396
3477,0.002275915045,0.002731324857
3478,0.002391362024,0.002458755829
3479,0.002341097323,0.002499381517
3480,0.0025014204,0.002267270305
3481,0.002524632,0.002643108019
3482,0.002233259991,0.002378096135
3483,0.002259004119,0.002766228397
3484,0.002909792966,0.002247903263
3485,0.002482749114,0.002697067233
3486,0.00242312823,0.002399996461
3487,0.00219447352,0.002693296236
3488,0.002350961979,0.002780732291
3489,0.00258539019,0.002492950152
3490,0.00231967248,0.002497335008
3491,0.002459784708,0.002702618483
3492,0.00260138014,0.002392790324
3493,0.002386571752,0.002637625134
3494,0.002346432462,0.00316362959
3495,0.002219093047,0.002334963559
3496,0.002385100786,0.002418151242
3497,0.00235263152,0.002380406804
3498,0.002255110463,0.002660164799
3499,0.002480510258,0.002565463961
3500,0.002317433566,0.002668159112
3501,0.002494440661,0.002707309992
3502,0.00232341254,0.0022844661
3503,0.002400692902,0.002559880857
3504,0.002470849344,0.002621865773
3505,0.002206545862,0.002309334493
3506,0.002690708221,0.002287425741
3507,0.002322190092,0.002501214331
3508,0.002274450395,0.002369975569
3509,0.002373568175,0.002820584836
3510,0.002513069863,0.00224360521
3511,0.002155366776,0.002245038762
3512,0.002419053446,0.002283257301
3513,0.002262827489,0.002854612336
3514,0.002523581687,0.002456689384
3515,0.002296364051,0.002695591946
3516,0.002552618709,0.002175803587
3517,0.002544085233,0.00260702474
3518,0.002104832485,0.002539827343
3519,0.002546969234,0.002812405262
3520,0.002358217767,0.002319477586
3521,0.002224161755,0.002827990276
3522,0.002303489629,0.002359937833
3523,0.002256400549,0.002482133423
3524,0.001985673938,0.002478468188
3525,0.002481222968,0.002837607928
3526,0.002051985022,0.002482382435
3527,0.002491220803,0.0026335437
3528,0.002267520758,0.002673651004
3529,0.002644457592,0.002331565105
3530,0.002288018979,0.002430009772
3531,0.002632396267,0.002484256736
3532,0.002440277065,0.002615360514
3533,0.002349935472,0.002735335409
3534,0.002415497438,0.002654682452
3535,0.002250986232,0.002608748357
3536,0.002043275512,0.002454407178
3537,0.002447325911,0.002573562146
3538,0.002533447012,0.002527940844
3539,0.002027169365,0.002343955624
3540,0.002598345221,0.002395750853
3541,0.002434908442,0.002245005686
3542,0.002107031512,0.002556138235
3543,0.002371511742,0.002562624082
3544,0.002312927973,0.002800800925
3545,0.00255574481,0.002117818294
3546,0.00239228495,0.002350555864
3547,0.002133947361,0.002373958865
3548,0.002189457693,0.002315550621
3549,0.002372132323,0.002802779316
3550,0.002382968145,0.002492538159
3551,0.001997892148,0.002600731663
3552,0.002254583043,0.002294873324
3553,0.002423227663,0.002668222587
3554,0.002399848512,0.002453207926
3555,0.002425086364,0.002605059359
3556,0.00255920639,0.00245922344
3557,0.00237561237,0.002529951424
3558,0.002279343636,0.002320581887
3559,0.002450466534,0.002312817975
3560,0.002291715791,0.002635460391
3561,0.002214633627,0.002556426145
3562,0.002219216884,0.002381530838
3563,0.002392641618,0.002587278083
3564,0.002195313951,0.002309788018
3565,0.002221085408,0.002041849235
3566,0.002848568576,0.002381762009
3567,0.002494211032,0.002242394679
3568,0.002524316078,0.002766557125
3569,0.002255291416,0.002199040449
3570,0.002324385699,0.002605790985
3571,0.002076460951,0.002486650148
3572,0.002355541626,0.002664355896
3573,0.002519353598,0.002482308453
3574,0.002370619273,0.002763504192
3575,0.002349449729,0.002294225618
3576,0.002400453552,0.002577754713
3577,0.00228193849,0.002549195749
3578,0.002195729001,0.002500090224
3579,0.002217166475,0.002444133177
3580,0.002348842827,0.002265114454
3581,0.002345860077,0.003032252018
3582,0.002453738547,0.002387737375
3583,0.002238466404,0.00242309332
3584,0.002067034613,0.002540806658
3585,0.002342644337,0.002465150508
3586,0.002312309065,0.002911370335
3587,0.002526414377,0.002131065849
3588,0.002376031829,0.002669999783
3589,0.002504608739,0.002189176099
3590,0.002556451276,0.002915443009
3591,0.002429868313,0.002131881396
3592,0.0022570726,0.002543381866
3593,0.00234238946,0.002581372886
3594,0.002350793991,0.002573726029
3595,0.002376816439,0.002331706652
3596,0.00215963833,0.00237241156
3597,0.002275039878,0.002061737934
3598,0.002283448048,0.002230766957
3599,0.002293604673,0.002695750416
3600,0.002116960517,0.00245959367
3601,0.002111562353,0.002242066868
3602,0.002486698024,0.002009492528
3603,0.002298103616,0.002534258791
3604,0.0024289305,0.002293141326
3605,0.002140108612,0.002200483577
3606,0.001970191428,0.002503386393
3607,0.00248792216,0.002821595612
3608,0.002376603283,0.002586608709
3609,0.002294257516,0.002284706163
3610,0.002336142148,0.002908391587
3611,0.002285611947,0.002597027487
3612,0.002393816481,0.002555830491
3613,0.002223198069,0.002484678611
3614,0.002292942212,0.002584934919
3615,0.002217964473,0.002062898318
3616,0.002299362037,0.002699351244
3617,0.002327135939,0.002425047453
3618,0.002366734538,0.002300566455
3619,0.002270552039,0.002352851618
3620,0.002344077089,0.002621766296
3621,0.002329275638,0.0020200914
3622,0.002113837589,0.002171514105
3623,0.002099794045,0.002762100834
3624,0.002449204127,0.002563507078
3625,0.002255673055,0.0025265601
3626,0.002347119735,0.002586856965
3627,0.002329490293,0.003135742416
3628,0.002316844999,0.002483057135
3629,0.002253546612,0.002832462109
3630,0.002266532465,0.002313558245
3631,0.002113868104,0.002309926771
3632,0.002107630004,0.002187682636
3633,0.002464171164,0.002491655774
3634,0.002314715093,0.00255914939
3635,0.002135754097,0.002369466325
3636,0.002323033434,0.002181522941
3637,0.002371429378,0.002616024314
3638,0.002475520349,0.002498977876
3639,0.002484123484,0.002354430209
3640,0.002240361384,0.00255073492
3641,0.002329843148,0.002751567692
3642,0.002338674414,0.002367391033
3643,0.002227268866,0.002200221134
3644,0.002225138684,0.002573550039
3645,0.002121381011,0.00238667606
3646,0.002295639759,0.002384525738
3647,0.002308501571,0.002174615263
3648,0.00231829079,0.002017434337
3649,0.002538744942,0.002624851753
3650,0.002294924983,0.00262993772
3651,0.002340190345,0.002749795036
3652,0.00272790913,0.002179732241
3653,0.002316465732,0.002236818167
3654,0.002418998687,0.002147960171
3655,0.002050217838,0.002363542197
3656,0.002458505944,0.002503118958
3657,0.002095551914,0.002286020972
3658,0.002236926463,0.002453029243
3659,0.002552916005,0.002131977701
3660,0.00243895108,0.002415938419
3661,0.002260208392,0.002506037068
3662,0.002303293208,0.002265360075
3663,0.002288074757,0.002344080698
3664,0.002330469259,0.002485087811
3665,0.002347751681,0.002295466344
3666,0.002127822227,0.002274919199
3667,0.002144728613,0.002952518902
3668,0.002185854668,0.002473682296
3669,0.002430799941,0.002339044891
3670,0.001989996017,0.002112182076
3671,0.002510324339,0.002233109917
3672,0.002386860157,0.002089847723
3673,0.002115361465,0.002266510099
3674,0.002006554016,0.002451218912
3675,0.001960017573,0.002600314139
3676,0.002501008945,0.002373840063
3677,0.00218392651,0.002180753727
3678,0.002347946574,0.00265270783
3679,0.00291067097,0.002265614283
3680,0.002309589865,0.00256068907
3681,0.002672258328,0.002319193736
3682,0.002163055222,0.002518051988
3683,0.002289891039,0.002421204787
3684,0.002269873235,0.002684808569
3685,0.002497835027,0.002345056972
3686,0.002253596249,0.002386675085
3687,0.002163844634,0.002320597865
3688,0.002134049253,0.002330476724
3689,0.002355049422,0.002284025686
3690,0.002448176529,0.002478222174
3691,0.002279825232,0.002426814404
3692,0.001958049455,0.002420777397
3693,0.002082416715,0.002492115571
3694,0.002053040051,0.002318136219
3695,0.002300498862,0.002232637242
3696,0.002288732503,0.002511961022
3697,0.001965713003,0.002357687612
3698,0.002243394847,0.002584706614
3699,0.002333992859,0.002299823449
3700,0.002332867094,0.002372649411
3701,0.002375277822,0.0025679846
3702,0.002118757533,0.002367556939
3703,0.00245168827,0.002702334517
3704,0.002246431337,0.002456099246
3705,0.002278735919,0.002292172037
3706,0.002102261904,0.002429570101
3707,0.001955309199,0.002181863703
3708,0.002137942967,0.002648269408
3709,0.001795941891,0.002225903329
3710,0.0024983599,0.002496086425
3711,0.002482202719,0.002229282429
3712,0.002557688989,0.002374073825
3713,0.002341887346,0.002059533741
3714,0.002338504506,0.002120897363
3715,0.002057981634,0.002309724936
3716,0.002457837894,0.002871561912
3717,0.002095415461,0.002225866789
3718,0.002220276161,0.002356423094
3719,0.002185482401,0.00249007903
3720,0.001857136362,0.00281518462
3721,0.002218153139,0.002058425438
3722,0.002233181542,0.002041265834
3723,0.002097312608,0.002435956092
3724,0.002173420027,0.002925319321
3725,0.002292124293,0.002208378384
3726,0.001915292611,0.00207860666
3727,0.0022969376,0.0020628536
3728,0.002498749673,0.002488762751
3729,0.002250752834,0.002368748465
3730,0.002252241844,0.001814795614
3731,0.002030770338,0.002347894682
3732,0.001974377476,0.002339378349
3733,0.002131893387,0.002402597602
3734,0.002203884782,0.001984210452
3735,0.002052327196,0.002645180837
3736,0.002070757269,0.002633529963
3737,0.002072398638,0.002107102686
3738,0.002031738171,0.002061691499
3739,0.002161322045,0.002250615289
3740,0.00204362793,0.002354340817
3741,0.002571584191,0.002072635529
3742,0.002182685246,0.002017999548
3743,0.002193863009,0.002207269412
3744,0.00226793492,0.002636185178
3745,0.002179090923,0.002209894476
3746,0.001995602608,0.002311318443
3747,0.001976758882,0.002841912006
3748,0.00236019415,0.002159493204
3749,0.002168613006,0.002178521594
3750,0.002038335966,0.002299406682
3751,0.001960672686,0.002230074097
3752,0.002124775521,0.002526020719
3753,0.002272817903,0.002421828132
3754,0.002029203388,0.002165026192
3755,0.002336366801,0.002673606592
3756,0.002029322161,0.002525361735
3757,0.002002448207,0.002718436124
3758,0.002047849193,0.002520503142
3759,0.001989497046,0.002324993402
3760,0.002202726711,0.00279481578
3761,0.002258875538,0.002090546055
3762,0.002538504166,0.002261837857
3763,0.002064029773,0.002448128187
3764,0.002405412597,0.00227606867
3765,0.002252035803,0.002107112829
3766,0.002057731966,0.002081565777
3767,0.002292654695,0.002362456638
3768,0.00252918023,0.002278571599
3769,0.002440742319,0.002405073974
3770,0.002136535419,0.002092863026
3771,0.002085146596,0.002582876128
3772,0.00246003666,0.002195111534
3773,0.002297593281,0.002123059458
3774,0.002239881738,0.002331783064
3775,0.002040075182,0.002615758829
3776,0.002220238297,0.001961968708
3777,0.002081379993,0.002105601132
3778,0.002183681238,0.002211399667
3779,0.002037059865,0.002548715755
3780,0.002102318744,0.002295192477
3781,0.001949848709,0.002299533473
3782,0.002111631038,0.002074574702
3783,0.002096518161,0.002372975447
3784,0.002142460871,0.002251292623
3785,0.002443903868,0.002062969361
3786,0.002077187688,0.00246409027
3787,0.001946823701,0.002127030835
3788,0.002153095716,0.00239981596
3789,0.001998630891,0.002377722034
3790,0.002358872705,0.002547679876
3791,0.002340980616,0.002305166665
3792,0.002187941398,0.002140339158
3793,0.002197230715,0.002108380344
3794,0.002114465809,0.00217700236
3795,0.002157346011,0.002454969523
3796,0.00206942347,0.002190478393
3797,0.002003380971,0.002166851744
3798,0.002019380452,0.002048437251
3799,0.002144197453,0.002638437043
3800,0.002054532495,0.001982531205
3801,0.001974603874,0.002455595706
3802,0.002346571913,0.002309425108
3803,0.002028785791,0.002465415862
3804,0.002297595784,0.002176779686
3805,0.002243202965,0.001893562439
3806,0.002074385775,0.002356219484
3807,0.002600201784,0.002330377087
3808,0.001929158898,0.002162157893
3809,0.002091128888,0.002107222535
3810,0.002227845078,0.002325224486
3811,0.00238899987,0.002160310803
3812,0.002250896257,0.002169493993
3813,0.002366052111,0.002155870316
3814,0.002222458192,0.002266253985
3815,0.001976085172,0.00227702671
3816,0.002053001503,0.002065262379
3817,0.002420488265,0.002080392907
3818,0.002091338887,0.002267065764
3819,0.001874209862,0.00224507165
3820,0.002475973975,0.002231270337
3821,0.002065055756,0.002544943913
3822,0.002060555242,0.002268097116
3823,0.001933476451,0.001910034538
3824,0.002038756953,0.002089166592
3825,0.002356796438,0.002274448809
3826,0.00204358848,0.002110156653
3827,0.0022380179,0.001961279821
3828,0.002412714777,0.002418606906
3829,0.002058559854,0.002229241931
3830,0.00233000984,0.002146981453
3831,0.002260517707,0.002087987159
3832,0.002402288621,0.002365481341
3833,0.002277353502,0.002085424334
3834,0.002201468742,0.002323959372
3835,0.00205349001,0.002747953287
3836,0.002154581729,0.002330231466
3837,0.002004725204,0.002462170582
3838,0.002151282737,0.002390886075
3839,0.001953309096,0.002339737359
3840,0.002012950907,0.001925560427
3841,0.00203625123,0.001944839212
3842,0.00218637877,0.002348543829
3843,0.002327309528,0.002338572813
3844,0.002230938626,0.002302394292
3845,0.0021313732,0.002358652069
3846,0.002273359976,0.002346736757
3847,0.002137200092,0.002249103083
3848,0.002101446968,0.002333971599
3849,0.001963588657,0.001921673815
3850,0.002105908032,0.002109017165
3851,0.001895677458,0.002043483386
3852,0.002118713557,0.002099839374
3853,0.002076558623,0.002125762607
3854,0.002224259253,0.002041775719
3855,0.002115949959,0.002049175659
3856,0.002018716579,0.002137565098
3857,0.00198696299,0.002090313268
3858,0.002218937661,0.002322458997
3859,0.002286355098,0.002043699031
3860,0.002247340992,0.002391909584
3861,0.001907411046,0.002267602453
3862,0.002047559377,0.002160245887
3863,0.002116596908,0.002370416056
3864,0.001984059141,0.002385589294
3865,0.002010769836,0.002077656754
3866,0.002132160458,0.002329396477
3867,0.002216324181,0.002332289368
3868,0.002257626795,0.001792136434
3869,0.002128603199,0.001979017514
3870,0.002034628822,0.001829836678
3871,0.002261668735,0.002120895864
3872,0.001984893548,0.00204728845
3873,0.002356406549,0.002264720417
3874,0.002046964422,0.00202680158
3875,0.002035831436,0.002178495648
3876,0.002057104764,0.002369344656
3877,0.002111010239,0.002251373138
3878,0.001943144671,0.002116613832
3879,0.002070295057,0.002202540578
3880,0.002163793979,0.002095752483
3881,0.001991049852,0.001753256598
3882,0.002213573724,0.002069634866
3883,0.001938109301,0.002351908406
3884,0.001984362214,0.002207454687
3885,0.001805529842,0.002203170719
3886,0.002069693306,0.001830086389
3887,0.001912985099,0.002413173162
3888,0.002147268271,0.002303367903
3889,0.002052376178,0.002023695517
3890,0.001904878329,0.001835726143
3891,0.002121812649,0.00207020434
3892,0.001998047956,0.002350343028
3893,0.001934863467,0.001982030299
3894,0.002254923878,0.002117258831
3895,0.002153545676,0.002110770991
3896,0.001798020152,0.002289044016
3897,0.002207710917,0.002191378531
3898,0.002328336297,0.002222100622
3899,0.002124744264,0.002133012531
3900,0.002024536618,0.002009741744
3901,0.002121544036,0.001986053889
3902,0.002094373733,0.002192040527
3903,0.00203417764,0.002176611641
3904,0.002031883618,0.002226452256
3905,0.002074189877,0.002114660718
3906,0.001976221174,0.002217321293
3907,0.001891889464,0.001904294841
3908,0.002006254712,0.00225561604
3909,0.002084021209,0.002073663083
3910,0.001976188971,0.00224944111
3911,0.00205672429,0.002236083878
3912,0.002083710686,0.002063126332
3913,0.002141052842,0.002159985015
3914,0.001876787908,0.002296920866
3915,0.002074238422,0.002001364439
3916,0.002183703647,0.001997322994
3917,0.001877482631,0.001952848179
3918,0.001976837681,0.002192691434
3919,0.002167324346,0.002359628823
3920,0.001961604677,0.002356127981
3921,0.002063407519,0.001914409426
3922,0.002022441186,0.001929741513
3923,0.001923069402,0.001812748131
3924,0.002097004966,0.002077458557
3925,0.001855530645,0.002136701252
3926,0.001969389166,0.001909397091
3927,0.001850199347,0.001849890366
3928,0.002011677556,0.002199979383
3929,0.002067952097,0.002505174023
3930,0.001967503791,0.002307297487
3931,0.002040904757,0.002184359939
3932,0.002128601802,0.002436602299
3933,0.002097109551,0.001783079148
3934,0.001969953766,0.001969327699
3935,0.001917534653,0.001875223665
3936,0.002249580692,0.001961577698
3937,0.001996302657,0.002225629069
3938,0.001907577142,0.00236880219
3939,0.002261653528,0.002063961219
3940,0.002194741013,0.002216107459
3941,0.002159185504,0.002107748587
3942,0.002027835566,0.00215008542
3943,0.002165906175,0.002284668444
3944,0.00187650483,0.002006605384
3945,0.002003089656,0.002185971345
3946,0.001699315195,0.002284416842
3947,0.00183781526,0.002113357885
3948,0.002208654172,0.002050549127
3949,0.002212139108,0.002080151826
3950,0.002122876031,0.001896503032
3951,0.001911642394,0.002033559489
3952,0.00176400521,0.001906679725
3953,0.001981929105,0.001844038343
3954,0.001875997288,0.001783592888
3955,0.002065767345,0.001901302487
3956,0.001963055969,0.002121783342
3957,0.001988154152,0.002000207489
3958,0.001647296449,0.002236283239
3959,0.002145892446,0.0026024463
3960,0.002009595701,0.0020165897
3961,0.001992922422,0.002075119191
3962,0.001878433162,0.002144490194
3963,0.001884438461,0.00207318351
3964,0.001947748417,0.001672355575
3965,0.001927631078,0.001897541908
3966,0.002051121934,0.002261972055
3967,0.002232960862,0.002432334004
3968,0.001909649451,0.001921272124
3969,0.002324751418,0.001910549065
3970,0.002010064563,0.002045557034
3971,0.002089401576,0.001826374355
3972,0.001916944253,0.001843840786
3973,0.002242829156,0.002007516261
3974,0.001963804287,0.002016739265
3975,0.001888759041,0.00204086976
3976,0.002133147937,0.001946968172
3977,0.002086099717,0.001926326411
3978,0.001987259573,0.001848640721
3979,0.002113090246,0.001720542117
3980,0.001883461096,0.002052711483
3981,0.002140182332,0.001954687948
3982,0.002126091,0.002122991937
3983,0.002026185044,0.002102276223
3984,0.001896628193,0.001798389771
3985,0.002083362779,0.00190361678
3986,0.002025549868,0.002078165184
3987,0.002004800743,0.00190004101
3988,0.002230640312,0.001968908939
3989,0.002135025119,0.002071825002
3990,0.001841222489,0.002064052969
3991,0.00205755858,0.001811401642
3992,0.001930487793,0.002094639014
3993,0.00180472924,0.001804700601
3994,0.001979841996,0.001900642965
3995,0.001941521114,0.002009640622
3996,0.00225206645,0.002030160453
3997,0.002238602377,0.002126652224
3998,0.001943116877,0.002149258027
3999,0.001828969311,0.002110153524
4000,0.001747235423,0.002199493523
4001,0.001895621084,0.001910354753
4002,0.002151946479,0.002150991044
4003,0.001897943002,0.001803849416
4004,0.00201566756,0.002105791762
4005,0.001730392309,0.002280837783
4006,0.002065547829,0.002052179261
4007,0.002086374821,0.002323103006
4008,0.001933946027,0.002014877537
4009,0.001960450609,0.002215455082
4010,0.002132917056,0.002469365514
4011,0.001847639171,0.001962845141
4012,0.002090168316,0.002166174032
4013,0.00211482172,0.001845182021
4014,0.001722817557,0.001887812512
4015,0.002043507469,0.001758055747
4016,0.001935738779,0.00227558217
4017,0.002181298856,0.002007770308
4018,0.002141757228,0.001817143435
4019,0.001858343181,0.002309986594
4020,0.002017256178,0.002042371358
4021,0.002066634319,0.002382727456
4022,0.002041898435,0.001786604495
4023,0.001925033444,0.001995878236
4024,0.00179489571,0.002162101737
4025,0.001823263534,0.002328978022
4026,0.002176853901,0.001926989455
4027,0.002005741437,0.00173360006
4028,0.001687165655,0.002279045919
4029,0.001968319892,0.002163822268
4030,0.002019284439,0.002098937024
4031,0.002313044242,0.001902584685
4032,0.001719222331,0.001880679542
4033,0.001922392577,0.002115844152
4034,0.002011729288,0.00206807311
4035,0.001718219748,0.002040412146
4036,0.00200533068,0.001951989354
4037,0.002068074275,0.001701470479
4038,0.001671902195,0.002017141131
4039,0.00204743768,0.002020223139
4040,0.002141269375,0.001952087201
4041,0.001830113717,0.002358098238
4042,0.001757985432,0.002222435112
4043,0.00185152085,0.002087082044
4044,0.001888571453,0.001823836283
4045,0.001893686873,0.002086213732
4046,0.002084482359,0.001940504852
4047,0.001842528669,0.001826364649
4048,0.001932268424,0.002412023678
4049,0.001996709165,0.001998389096
4050,0.002326668415,0.001800160651
4051,0.001961983318,0.002190416126
4052,0.001695476531,0.001820887701
4053,0.002100924336,0.001991101002
4054,0.001967510238,0.001787095753
4055,0.002092935363,0.001988042655
4056,0.001950835285,0.002050283103
4057,0.002131151879,0.001508940928
4058,0.002180391035,0.001894106463
4059,0.001843392238,0.002024520698
4060,0.002285530209,0.002098227429
4061,0.001823788189,0.001886481361
4062,0.002040874257,0.001998455118
4063,0.00190379603,0.002095251461
4064,0.001935139589,0.001794371565
4065,0.002121333426,0.001837883305
4066,0.001918037407,0.002181045915
4067,0.001917759582,0.001950580438
4068,0.001763607157,0.001914748849
4069,0.001803401552,0.002025243084
4070,0.001878420444,0.001969309116
4071,0.001713376405,0.00196246928
4072,0.001995534796,0.001857937503
4073,0.001809592519,0.002055718578
4074,0.001918866183,0.002196936272
4075,0.001737529281,0.001633841035
4076,0.001907200727,0.001935582797
4077,0.001586782222,0.001939431662
4078,0.002095431832,0.001762273838
4079,0.002197287016,0.001759297142
4080,0.001945457014,0.001845618506
4081,0.001798430763,0.00230949423
4082,0.001825014406,0.00197579572
4083,0.001703102374,0.001798894984
4084,0.00182086727,0.002135300776
4085,0.002100034588,0.001841908641
4086,0.001907059355,0.002162461184
4087,0.001730393837,0.001809883135
4088,0.001701752844,0.001879331496
4089,0.002071190029,0.002029384123
4090,0.00190202333,0.001925007062
4091,0.002116655276,0.00185323006
4092,0.001840923665,0.001683571216
4093,0.00180272595,0.001726268107
4094,0.002095187563,0.001631589374
4095,0.001969076751,0.001998276348
4096,0.001726949937,0.002205910889
4097,0.00186241584,0.002100033307
4098,0.002016224273,0.002024231246
4099,0.001860870543,0.001850408647
4100,0.00197956273,0.002024745932
4101,0.001736393388,0.001868283216
4102,0.001912232154,0.001910359992
4103,0.001930341779,0.001727366034
4104,0.001781399391,0.002042978027
4105,0.001834475581,0.002020287007
4106,0.001736510341,0.001974421146
4107,0.001891781998,0.002127180807
4108,0.001938543341,0.00188449258
4109,0.002364316679,0.002178392417
4110,0.001960756141,0.001752655939
4111,0.001574857568,0.001998756925
4112,0.001758579674,0.001812567745
4113,0.00178810762,0.002010505545
4114,0.001885699254,0.001955177286
4115,0.002149193679,0.001913564585
4116,0.001725450202,0.002107501947
4117,0.001995324856,0.001978260494
4118,0.001852856745,0.001902450516
4119,0.001839403485,0.002142301222
4120,0.001958989233,0.001903551631
4121,0.00179054476,0.001740132968
4122,0.002057929829,0.001996941486
4123,0.00188384681,0.001907814731
4124,0.001934825283,0.001763319189
4125,0.001905151468,0.001756000944
4126,0.001704741138,0.002143400416
4127,0.00196721431,0.001821968137
4128,0.001816892953,0.002064260771
4129,0.001891869979,0.001925929391
4130,0.001858712945,0.002027964249
4131,0.001636477478,0.001981908383
4132,0.001757443199,0.001977924534
4133,0.001933592721,0.001845509963
4134,0.001997908519,0.001728237738
4135,0.001734367674,0.002085801403
4136,0.001745101748,0.00194625654
4137,0.001831829373,0.001842643047
4138,0.001992799618,0.002122293765
4139,0.002033533136,0.00189712079
4140,0.00173879182,0.001771853014
4141,0.001896699716,0.00196792357
4142,0.001820905571,0.001916042966
4143,0.00191909034,0.001968800905
4144,0.001749743678,0.002135455768
4145,0.001821980622,0.001778127742
4146,0.001829399873,0.002047689646
4147,0.002119041339,0.001734991369
4148,0.001929934588,0.001751923963
4149,0.001970221434,0.001992760313
4150,0.001872493274,0.001817304394
4151,0.001896059533,0.001806650776
4152,0.001959927191,0.001880141921
4153,0.001839035482,0.001758265498
4154,0.002092970099,0.001879583579
4155,0.00165190555,0.001766508751
4156,0.00180935816,0.001987797441
4157,0.001962458045,0.001628168953
4158,0.001866487641,0.001977963097
4159,0.001825716114,0.002162370365
4160,0.001936705521,0.001755554738
4161,0.001703497663,0.002023035762
4162,0.002137793912,0.001896768648
4163,0.001824552121,0.001842044891
4164,0.001540576312,0.002084271371
4165,0.00167998136,0.001837395917
4166,0.001936105706,0.001812266026
4167,0.001822707985,0.001863794823
4168,0.001926592318,0.001924539582
4169,0.001625447228,0.001856968549
4170,0.00168602448,0.001757345919
4171,0.002032372664,0.002106408894
4172,0.002093711184,0.001558117088
4173,0.001996120205,0.001869342785
4174,0.002093919058,0.001767699068
4175,0.001848010244,0.002022551533
4176,0.001743893197,0.001848028493
4177,0.001905022364,0.001933616732
4178,0.001882432596,0.001980208923
4179,0.002142165671,0.001646505625
4180,0.001742348759,0.00165152346
4181,0.001762737578,0.001562967976
4182,0.001778652935,0.001938041387
4183,0.001704239359,0.001648264282
4184,0.00186169571,0.001773897791
4185,0.001779176222,0.001508429952
4186,0.001749317424,0.002042486944
4187,0.001970081983,0.001892915985
4188,0.001721946828,0.0018508223
4189,0.001592284854,0.001600471092
4190,0.002003148678,0.001799616643
4191,0.00177620929,0.001567859101
4192,0.001778857681,0.001652535473
4193,0.001979610097,0.001997385931
4194,0.001621741438,0.001693121463
4195,0.001835159492,0.001754451398
4196,0.001841808175,0.002097076911
4197,0.002027598297,0.001998482127
4198,0.001898921531,0.002031644093
4199,0.001998623775,0.002027361232
4200,0.001913743166,0.001991810132
4201,0.001828502936,0.001997469226
4202,0.001841481513,0.001505613778
4203,0.001818235425,0.001791004921
4204,0.001700609733,0.001918586495
4205,0.001675035732,0.00176205828
4206,0.002052542506,0.001680962581
4207,0.00220772902,0.001475276935
4208,0.001947231198,0.001793067771
4209,0.001834627314,0.00175800854
4210,0.001763503271,0.001632487314
4211,0.001671082893,0.001882408498
4212,0.001914863751,0.001860711331
4213,0.001995474391,0.001954671257
4214,0.00185775815,0.001524864667
4215,0.001838522789,0.001916201931
4216,0.001746969298,0.002076723278
4217,0.002014238984,0.001654594627
4218,0.001856143717,0.001744090841
4219,0.001725816313,0.002060152357
4220,0.00158780429,0.001724554051
4221,0.001706108305,0.001865593789
4222,0.00185471533,0.002035146914
4223,0.001778850783,0.001743363813
4224,0.001813562965,0.002125385261
4225,0.001734779958,0.002085456174
4226,0.001814006057,0.001670342826
4227,0.001641660579,0.001685020936
4228,0.001668362747,0.001673328807
4229,0.001927152756,0.001644807475
4230,0.001788156616,0.001591485619
4231,0.001872146095,0.001990479999
4232,0.001833736562,0.001833419155
4233,0.001946236633,0.001620529525
4234,0.001697852204,0.0017234759
4235,0.001847185122,0.001791885923
4236,0.001800821017,0.001632474101
4237,0.001875852904,0.001608514387
4238,0.00171884193,0.001894809437
4239,0.001730272081,0.002013301957
4240,0.002193458145,0.001906352947
4241,0.001725728594,0.00162787734
4242,0.002025273003,0.001777833386
4243,0.001670014593,0.001854108181
4244,0.001733226629,0.001543714941
4245,0.001775577941,0.001640365968
4246,0.001752049779,0.001645382988
4247,0.001682671907,0.001443601534
4248,0.001652159335,0.001696574443
4249,0.001721195964,0.001688889868
4250,0.001900039482,0.001827084197
4251,0.001967238073,0.001743384433
4252,0.001810210422,0.001792830342
4253,0.001739976971,0.001746958485
4254,0.001745528105,0.001816148768
4255,0.001937749083,0.001820502162
4256,0.001682589762,0.001886420665
4257,0.001883446865,0.001829703688
4258,0.00183158151,0.001828767694
4259,0.001669641046,0.00181117405
4260,0.00164838272,0.001868307561
4261,0.001919124319,0.002165889076
4262,0.001850902947,0.002192779444
4263,0.001939270936,0.001478337173
4264,0.001882198165,0.001821266531
4265,0.001707944204,0.001860312419
4266,0.001643611773,0.001797526842
4267,0.002225571632,0.001876780181
4268,0.0016575435,0.001818507008
4269,0.001647613681,0.00179397082
4270,0.001716886705,0.001798239362
4271,0.001693469894,0.00194485813
4272,0.001571575223,0.001598976669
4273,0.001631777021,0.001856705116
4274,0.001787414061,0.001796363693
4275,0.001829256522,0.001785334622
4276,0.001779545273,0.002107293782
4277,0.001889538238,0.001767661117
4278,0.0017455708,0.001546463594
4279,0.001955421991,0.001761551539
4280,0.00205998811,0.001743677305
4281,0.001748611801,0.001606182137
4282,0.001724786416,0.001580429569
4283,0.00181363702,0.001887771548
4284,0.001761412204,0.001568629326
4285,0.001602412609,0.001591811393
4286,0.00178465787,0.00178966223
4287,0.001625561985,0.001644706543
4288,0.001744847264,0.001937346009
4289,0.001555619659,0.001863954909
4290,0.001643445255,0.001717903055
4291,0.001545060688,0.001780434337
4292,0.001805976033,0.001518556048
4293,0.001768909438,0.00167864465
4294,0.001753297707,0.001622927637
4295,0.001743064815,0.001962366819
4296,0.001994079837,0.001799010468
4297,0.001727085037,0.001867201092
4298,0.001819912373,0.00170127715
4299,0.001787782079,0.001745305752
4300,0.001883545745,0.001817059805
4301,0.00180506405,0.001555316558
4302,0.001854992006,0.001761179868
4303,0.001778203266,0.001581674936
4304,0.001524876032,0.001820564663
4305,0.001570928871,0.001698026361
4306,0.001655826083,0.001840620942
4307,0.001816914766,0.001692822349
4308,0.001816398188,0.001846934931
4309,0.001894673405,0.001787707937
4310,0.001607158301,0.001715672333
4311,0.001607020225,0.00194850369
4312,0.001822583479,0.001607233164
4313,0.001988321936,0.001600160496
4314,0.001850405242,0.001775312237
4315,0.001845371036,0.001709596778
4316,0.001790505092,0.001484854307
4317,0.001835153147,0.001705439208
4318,0.001658582405,0.001705006434
4319,0.001824406325,0.001747915332
4320,0.001755556557,0.00204460253
4321,0.001949643862,0.001763742956
4322,0.001745915361,0.001595960246
4323,0.002025508176,0.001810882153
4324,0.001758085928,0.001755036748
4325,0.002170352076,0.001834073671
4326,0.001583939287,0.001646866935
4327,0.001733606099,0.001934717875
4328,0.001738660008,0.001707689182
4329,0.001604813995,0.001770770017
4330,0.001804392843,0.001855463823
4331,0.001763804568,0.001768639544
4332,0.001638717702,0.001812490271
4333,0.001939654772,0.001758996805
4334,0.001634425673,0.001684548974
4335,0.00202351372,0.001532479262
4336,0.00163668755,0.0019061692
4337,0.001816588498,0.001754113269
4338,0.001783985819,0.001617677641
4339,0.001626902653,0.001641290772
4340,0.001510139846,0.001725447029
4341,0.001717330175,0.001695665167
4342,0.001738171137,0.001574980037
4343,0.001786604145,0.001891355816
4344,0.001658087276,0.001815942596
4345,0.002012926576,0.001857205134
4346,0.001767699738,0.001604761346
4347,0.001810249218,0.00158534167
4348,0.001671877413,0.001791671544
4349,0.001830146633,0.001748563212
4350,0.001758044236,0.00143835225
4351,0.001861138211,0.001652363411
4352,0.002020157161,0.002072488976
4353,0.001554666567,0.001669243167
4354,0.001624986093,0.001735567494
4355,0.001547938824,0.001534020841
4356,0.001637898182,0.001928400321
4357,0.001935233813,0.001642554984
4358,0.001697606029,0.001449577903
4359,0.001739201936,0.001714457932
4360,0.00197846978,0.00197851687
4361,0.00167942229,0.00187589071
4362,0.001831095025,0.00172029942
4363,0.001570438733,0.001714416474
4364,0.00176776103,0.001561753088
4365,0.001726951989,0.001493271957
4366,0.001445541682,0.001699788743
4367,0.001617702161,0.001890394167
4368,0.001869527579,0.001577946285
4369,0.001616018271,0.001632985834
4370,0.001824569918,0.001751434334
4371,0.001853329086,0.00165779391
4372,0.001785740766,0.001621399599
4373,0.001757585545,0.001993490529
4374,0.001683434675,0.001727080366
4375,0.001562751102,0.001768562273
4376,0.001898420247,0.001792803916
4377,0.001796256503,0.001947896671
4378,0.001787417001,0.001490466719
4379,0.001704813039,0.001852939095
4380,0.001608525956,0.001621942094
4381,0.001484543493,0.001752563025
4382,0.001636187924,0.001745964735
4383,0.001669502642,0.001478524719
4384,0.001802417799,0.001682248898
4385,0.001725561349,0.001592024724
4386,0.001429519194,0.001661865375
4387,0.001834532362,0.001786117151
4388,0.001779257494,0.001961638933
4389,0.001795433316,0.00164142104
4390,0.001686554882,0.001754326615
4391,0.001812948976,0.001599309879
4392,0.001874640438,0.001694997089
4393,0.001593216817,0.001635954148
4394,0.001685016832,0.001880916752
4395,0.0014831179,0.001664171476
4396,0.001673267252,0.001614205801
4397,0.00204116611,0.001601702126
4398,0.001848503074,0.001566010847
4399,0.001537897799,0.001891570457
4400,0.00164967266,0.001894916379
4401,0.001709827586,0.001843981445
4402,0.001658259964,0.001723555062
4403,0.001747280199,0.001647094832
4404,0.001883275676,0.001546588566
4405,0.001857523835,0.001893118242
4406,0.00159847326,0.001730721589
4407,0.001754621553,0.001620651485
4408,0.001441521657,0.001638827787
4409,0.001628325423,0.001639375143
4410,0.002021287262,0.001666004886
4411,0.001752807642,0.001551484762
4412,0.001792046867,0.001734516816
4413,0.001548521221,0.001758392405
4414,0.001656090273,0.001577696748
4415,0.001735050828,0.001736738341
4416,0.001529724133,0.001659272777
4417,0.001593077941,0.0015293873
4418,0.001758726794,0.001493488511
4419,0.001688837539,0.001660384689
4420,0.001514671181,0.00151165064
4421,0.002036000573,0.001767036156
4422,0.001460296829,0.00168211339
4423,0.001553753827,0.001659487752
4424,0.001796437369,0.001825069659
4425,0.001780511753,0.001728445961
4426,0.001718416417,0.001471536685
4427,0.001772112446,0.001547749765
4428,0.001611950604,0.001745316389
4429,0.001588976418,0.001827643733
4430,0.001754474419,0.001694955688
4431,0.001684257179,0.001605650468
4432,0.001911869273,0.001756016994
4433,0.001574025562,0.001597123322
4434,0.001834461713,0.001646697856
4435,0.001953039959,0.001746303329
4436,0.001765930516,0.001628871221
4437,0.001410054145,0.001776344507
4438,0.001485592365,0.001722324538
4439,0.001468698305,0.001817591008
4440,0.001605387311,0.001788248148
4441,0.001763382345,0.001632978005
4442,0.001733592522,0.001445301896
4443,0.001904214689,0.00168870484
4444,0.001692885518,0.001544432002
4445,0.001818931058,0.001809299094
4446,0.001781354542,0.00160495314
4447,0.001906976671,0.001608596795
4448,0.001749879317,0.00175144746
4449,0.001795850403,0.001810367263
4450,0.001676942615,0.001739277504
4451,0.001828428911,0.001687843731
4452,0.001499417252,0.001687754702
4453,0.00191034819,0.001601698707
4454,0.001642669347,0.001753928052
4455,0.001688288583,0.001436011298
4456,0.001528575609,0.001716149578
4457,0.00174334037,0.001755122823
4458,0.001525507483,0.001642901218
4459,0.00167168169,0.001775508921
4460,0.002005358052,0.001533068295
4461,0.001619964198,0.001543481005
4462,0.001680788424,0.001639348207
4463,0.001705445829,0.001640702394
4464,0.001543781924,0.001850562257
4465,0.001743100802,0.001840231882
4466,0.001587302424,0.001593997891
4467,0.001527979068,0.001575408874
4468,0.001607577811,0.00155060472
4469,0.001962016337,0.001694490755
4470,0.001776477249,0.001564424267
4471,0.001665077143,0.001656649954
4472,0.00168386467,0.00156490627
4473,0.001613729371,0.001403684983
4474,0.001650859456,0.001479737635
4475,0.001580423719,0.001473508455
4476,0.001406182673,0.001911693485
4477,0.001784631866,0.00140621452
4478,0.00147444215,0.001609434577
4479,0.001660776077,0.001780898747
4480,0.001974789964,0.001486164052
4481,0.001758293642,0.001629936713
4482,0.001729412674,0.001587840234
4483,0.001776852325,0.001930759347
4484,0.001836982832,0.001440396496
4485,0.001909107828,0.001728973773
4486,0.001650078586,0.001527963919
4487,0.00163610329,0.001656436129
4488,0.001687751384,0.001599424068
4489,0.001793297895,0.001649415353
4490,0.001766280635,0.001334393164
4491,0.001882514378,0.001614631867
4492,0.00186907567,0.001870936612
4493,0.001799629114,0.001650786231
4494,0.001481125932,0.001387312368
4495,0.001695292653,0.001792690498
4496,0.001749531992,0.001661182876
4497,0.001687378215,0.001817510012
4498,0.001650722174,0.001547209336
4499,0.001672345505,0.001588511193
4500,0.00184778549,0.001667255259
4501,0.001562476013,0.001411334932
4502,0.001704013019,0.001602109784
4503,0.001691593367,0.00163015649
4504,0.001780604027,0.001971540623
4505,0.001667836055,0.001523925835
4506,0.00194342027,0.001524322666
4507,0.001624874858,0.001594519417
4508,0.001697114159,0.001595005364
4509,0.001839101154,0.0017010843
4510,0.001572168796,0.001330713392
4511,0.001558542004,0.001758067738
4512,0.001941898518,0.001636155605
4513,0.001569281434,0.001623750373
4514,0.001659240923,0.001498313257
4515,0.001605288489,0.001793605261
4516,0.001570607288,0.001568712149
4517,0.001619801289,0.001695702318
4518,0.001768180402,0.001747122631
4519,0.0015320659,0.001423226458
4520,0.001768488088,0.001550867746
4521,0.00162862346,0.001621394782
4522,0.00154827931,0.001650266378
4523,0.001641062525,0.00172549751
4524,0.00160877181,0.001560259319
4525,0.001481447922,0.001580394994
4526,0.001677855704,0.00161418588
4527,0.00161850806,0.001342607626
4528,0.001820826597,0.001702477093
4529,0.001513476076,0.001417086663
4530,0.001748582101,0.001666714525
4531,0.001633602064,0.001817884942
4532,0.001699157117,0.001397932574
4533,0.001364311916,0.001311120832
4534,0.002010293116,0.001366764751
4535,0.001705849558,0.001847422667
4536,0.001815176001,0.001545454725
4537,0.001560421821,0.001671651436
4538,0.001865203187,0.001654904685
4539,0.001536018273,0.001471445896
4540,0.001419850887,0.001684215618
4541,0.001720530694,0.00165663792
4542,0.001731652854,0.001665262622
4543,0.001533313014,0.001488510374
4544,0.001611632135,0.001549291585
4545,0.00146774204,0.00170312023
4546,0.001988635631,0.001481422994
4547,0.001396418847,0.001398857523
4548,0.001550359477,0.001671321035
4549,0.001518666584,0.001718878993
4550,0.001811853566,0.001583953592
4551,0.001671101563,0.001455468628
4552,0.001716946834,0.001659035537
4553,0.001988250297,0.001508448899
4554,0.001798249519,0.00169788023
4555,0.001932361192,0.001259478006
4556,0.001542904865,0.001731521173
4557,0.001627722537,0.00167374243
4558,0.001681684778,0.001539426026
4559,0.001478007223,0.001538705372
4560,0.001618693263,0.00145612027
4561,0.001560193923,0.001713475824
4562,0.001652459541,0.001799429287
4563,0.001536149401,0.001515799449
4564,0.001474195706,0.00156382937
4565,0.001701270434,0.001525664178
4566,0.001642927193,0.001463759138
4567,0.001722824323,0.001573451038
4568,0.001577727569,0.001578967385
4569,0.001598082163,0.001522505947
4570,0.001534304858,0.001574615133
4571,0.00161496512,0.001468571689
4572,0.001490004594,0.00154744969
4573,0.001650943886,0.001517939163
4574,0.001807603679,0.001635993671
4575,0.001567433777,0.001629002312
4576,0.001548131564,0.001708508833
4577,0.001823004888,0.001599746858
4578,0.001960383262,0.001462727261
4579,0.00147066002,0.001613870307
4580,0.001551277237,0.001476378049
4581,0.001593740904,0.001388778946
4582,0.001549848574,0.001512704548
4583,0.00171649197,0.001702127876
4584,0.001575488073,0.001407326577
4585,0.001517875178,0.001992274934
4586,0.001710913042,0.001527490458
4587,0.001546949454,0.001556650357
4588,0.0017924063,0.001819938203
4589,0.001447538511,0.001886030979
4590,0.001462072061,0.001614711393
4591,0.001615343936,0.001352781277
4592,0.001504312255,0.001453292323
4593,0.00159931901,0.001519286932
4594,0.001709337143,0.001544610728
4595,0.001706930576,0.00136411401
4596,0.001370690516,0.001651078535
4597,0.001595526264,0.001639780938
4598,0.001734336984,0.001466550515
4599,0.001497915044,0.001873720859
4600,0.001543152182,0.001847302847
4601,0.001737127051,0.001637521011
4602,0.001573512185,0.001611676387
4603,0.001767702022,0.001571787172
4604,0.001412762926,0.001529494941
4605,0.001361637303,0.001553434995
4606,0.001612935332,0.001479496466
4607,0.001856905496,0.001646883044
4608,0.001647461788,0.001543634338
4609,0.001419970329,0.00180583226
4610,0.00144724975,0.002059969018
4611,0.001560181234,0.001490996729
4612,0.001442220717,0.001708694705
4613,0.001681309033,0.001419456225
4614,0.001536609379,0.001448694667
4615,0.001470622825,0.001509898291
4616,0.001367461242,0.00158149359
4617,0.001502637941,0.001564080245
4618,0.001689190016,0.001492118725
4619,0.001495043776,0.001629752318
4620,0.001646108853,0.001556672549
4621,0.00156655263,0.001582614641
4622,0.0015140053,0.001436785125
4623,0.001545722953,0.001398952663
4624,0.001358403169,0.00142612365
4625,0.001630601153,0.001756199548
4626,0.001634250257,0.001740977474
4627,0.001659123314,0.001605412908
4628,0.001691783429,0.001522752311
4629,0.001725527734,0.001579022879
4630,0.00176752299,0.001366362761
4631,0.00154746043,0.001518941062
4632,0.001646524877,0.001432884907
4633,0.001498279467,0.001544599771
4634,0.001557517244,0.001542907674
4635,0.001664365627,0.001478148653
4636,0.001536171112,0.001524697858
4637,0.001522517923,0.001645759272
4638,0.001603631536,0.001565624683
4639,0.002012100726,0.001585434482
4640,0.001663085801,0.001585232065
4641,0.0014755273,0.001436332343
4642,0.001522623061,0.001550315166
4643,0.001550002635,0.001429899348
4644,0.001439203668,0.001571406494
4645,0.001461092674,0.001653001556
4646,0.001484956942,0.001616204165
4647,0.001554004004,0.001394487655
4648,0.001526747801,0.001519396319
4649,0.00154033424,0.001760816172
4650,0.001492973926,0.001578297924
4651,0.001570298089,0.001463774985
4652,0.001453076518,0.001772270421
4653,0.001454178593,0.001613309258
4654,0.001512272866,0.001694387509
4655,0.001800541824,0.001414825732
4656,0.001722968824,0.00185549492
4657,0.001699051703,0.001301437806
4658,0.001410431796,0.001544270752
4659,0.001562028672,0.001554364368
4660,0.00141767622,0.00167055869
4661,0.001717539722,0.001699256187
4662,0.001576426934,0.001398334054
4663,0.001352737323,0.001309351224
4664,0.001538144439,0.001570940309
4665,0.001737871018,0.001613023371
4666,0.001503826847,0.001556353876
4667,0.001533947274,0.001437151936
4668,0.00163097975,0.001586557162
4669,0.001660389942,0.00172684461
4670,0.00164335726,0.001557536161
4671,0.001861052413,0.001651681698
4672,0.001732218501,0.001522653256
4673,0.001553319016,0.001554640126
4674,0.001609958665,0.00131954324
4675,0.001707572461,0.001576367336
4676,0.001453606295,0.001576093389
4677,0.001719596141,0.001602017102
4678,0.00175176932,0.00167987567
4679,0.001483026979,0.001506125147
4680,0.001581849094,0.001669065561
4681,0.001554855946,0.001371828548
4682,0.001612730382,0.001379918467
4683,0.001730835822,0.001582501602
4684,0.00153542668,0.001514981457
4685,0.001708121577,0.001525792526
4686,0.001613690911,0.001546591753
4687,0.001413893042,0.001556926596
4688,0.001558361095,0.001737271858
4689,0.001778136037,0.001420805886
4690,0.001801091887,0.001514974356
4691,0.001499828853,0.00151009133
4692,0.001406477255,0.001779673999
4693,0.001297096096,0.00152180127
4694,0.001650638704,0.001376307977
4695,0.001870842927,0.0014081177
4696,0.001543835446,0.001752565993
4697,0.001788536218,0.001719402484
4698,0.001620335694,0.001326543337
4699,0.001690131045,0.001547071952
4700,0.001757492792,0.001580348529
4701,0.001624146011,0.001370073551
4702,0.001793594536,0.001620797004
4703,0.001478967184,0.001544322731
4704,0.001637975613,0.001577585484
4705,0.001764829081,0.001552655653
4706,0.001487035348,0.001307952116
4707,0.001487745103,0.001476655336
4708,0.001568877167,0.001552522663
4709,0.001540166573,0.00152731502
4710,0.00138096053,0.001625222081
4711,0.001990118748,0.001416955645
4712,0.001450111202,0.001509912123
4713,0.001706849784,0.001408206066
4714,0.001655665663,0.001676501415
4715,0.001558857286,0.001652720253
4716,0.001651681654,0.001790575756
4717,0.001603169541,0.001418344706
4718,0.001708647047,0.001409237244
4719,0.00152249822,0.001357826528
4720,0.001713751859,0.001478428399
4721,0.0015519382,0.001560994104
4722,0.001496411132,0.001588690313
4723,0.001498209247,0.001517111174
4724,0.001502749597,0.001657915956
4725,0.001515697921,0.001462596105
4726,0.001716757732,0.001321322918
4727,0.001391188096,0.001530797876
4728,0.001600928823,0.001481118146
4729,0.00166018754,0.001471239768
4730,0.001567927218,0.001429188284
4731,0.001364831987,0.001769931987
4732,0.001675300795,0.001404662486
4733,0.001690223784,0.001262335281
4734,0.001676466796,0.001247436696
4735,0.001428917749,0.001427221898
4736,0.001450544543,0.001543664359
4737,0.001511088398,0.001563906721
4738,0.001597501483,0.001610335239
4739,0.001297942028,0.001416491388
4740,0.001394048842,0.001666247539
4741,0.001668177283,0.001633665015
4742,0.00144861122,0.001303515288
4743,0.001456177095,0.001643360985
4744,0.001492930722,0.001590011452
4745,0.001613273562,0.001330075422
4746,0.001534695592,0.00155285334
4747,0.00145900296,0.001536697819
4748,0.001466651534,0.00169058505
4749,0.001389665842,0.001631003091
4750,0.001737500294,0.001600214367
4751,0.001692024147,0.001511331793
4752,0.00149758812,0.001745160087
4753,0.001528495384,0.001681374517
4754,0.00138616217,0.001779511906
4755,0.001798793819,0.001539570701
4756,0.001400142661,0.00140726773
4757,0.001572569672,0.001589796899
4758,0.00161269684,0.001569416709
4759,0.001314357934,0.001530445719
4760,0.001579540563,0.001650616439
4761,0.001584757687,0.001633626278
4762,0.001630240586,0.001243340172
4763,0.001428369033,0.001565451821
4764,0.001516903256,0.001448692637
4765,0.001351810344,0.001634360568
4766,0.001633541542,0.001533211194
4767,0.001345731245,0.001362856143
4768,0.001530120731,0.00148131224
4769,0.001727378403,0.001244797633
4770,0.001618870199,0.001282615282
4771,0.001605169527,0.001836860349
4772,0.001485875982,0.001628403363
4773,0.001555793671,0.001704988856
4774,0.001446451774,0.001555205396
4775,0.001577279923,0.001827394124
4776,0.001581782999,0.001671382634
4777,0.001656762935,0.001367511635
4778,0.001235881857,0.001521005528
4779,0.001545028994,0.001446157781
4780,0.001488200374,0.001322738237
4781,0.001520653823,0.001611778876
4782,0.001433974612,0.001518259727
4783,0.001565380808,0.001291907414
4784,0.001693052691,0.001360852548
4785,0.001493407333,0.001410571822
4786,0.00137330588,0.001338626011
4787,0.00163954428,0.001523357074
4788,0.001533563744,0.001455834776
4789,0.001589816471,0.001475340716
4790,0.001361327624,0.001342701536
4791,0.001361481016,0.001486885521
4792,0.001543980907,0.001437569008
4793,0.001378013243,0.001265957217
4794,0.001315613008,0.001402377282
4795,0.001360248425,0.001301018907
4796,0.001432533856,0.001596726594
4797,0.001478922524,0.001335773719
4798,0.001711079909,0.001628072903
4799,0.001484904104,0.001528619236
4800,0.001672640967,0.001606699945
4801,0.001454766927,0.001400884357
4802,0.00143578717,0.001581740362
4803,0.001809431968,0.001249507732
4804,0.001554020913,0.001394684485
4805,0.001521211423,0.001313245331
4806,0.001466448506,0.001516289878
4807,0.001785826185,0.001427028736
4808,0.001812069371,0.001520871869
4809,0.00151501724,0.001372204068
4810,0.001526351305,0.001423133115
4811,0.001383848736,0.001314146197
4812,0.001591748281,0.001514208707
4813,0.001499728678,0.001443111149
4814,0.001462167085,0.001369353777
4815,0.001580521042,0.001722075016
4816,0.001751389813,0.001392177059
4817,0.001497839898,0.001425362032
4818,0.001552008151,0.001221519859
4819,0.001488180729,0.001441169836
4820,0.001506541026,0.001648418169
4821,0.001578579846,0.001342851887
4822,0.001750074385,0.001443463698
4823,0.00144963646,0.001549744382
4824,0.001489078328,0.001332513311
4825,0.001456245052,0.001487478032
4826,0.001356082372,0.00162252767
4827,0.001527118206,0.001523274987
4828,0.001440785192,0.001502253843
4829,0.001576954339,0.001363229458
4830,0.001403492424,0.001610610794
4831,0.00133538575,0.001706889132
4832,0.001625376783,0.001344179931
4833,0.001794167547,0.00148748987
4834,0.001355895583,0.001616328998
4835,0.00149248352,0.001350310893
4836,0.001648461024,0.00158022355
4837,0.00152349213,0.001368803554
4838,0.00167562718,0.001601766635
4839,0.001362218507,0.001487582325
4840,0.00141627399,0.001603711848
4841,0.001326243,0.00154360442
4842,0.001643887765,0.001605669473
4843,0.001581728779,0.001391705009
4844,0.001510563176,0.001457416045
4845,0.001434346137,0.00138043992
4846,0.001577945557,0.001335427914
4847,0.001396367305,0.001400911817
4848,0.001418916181,0.001576731374
4849,0.001695953353,0.001312070664
4850,0.001415071514,0.001514314921
4851,0.001345625613,0.001713806705
4852,0.001346829151,0.001525446656
4853,0.001557545846,0.001313551184
4854,0.001546691026,0.001496025317
4855,0.001699918968,0.001655948829
4856,0.001552405738,0.001565007842
4857,0.001569660759,0.001393905397
4858,0.001294300338,0.001615912988
4859,0.001540960977,0.001485525601
4860,0.001466850183,0.001580511918
4861,0.001597499948,0.001655614062
4862,0.001540799043,0.001499302627
4863,0.001838870099,0.001563302256
4864,0.001674117433,0.001489127972
4865,0.001568514679,0.001599880678
4866,0.001316211055,0.001570691078
4867,0.001434982834,0.001479349201
4868,0.001522414284,0.001358294452
4869,0.001348991987,0.001658353198
4870,0.001557992422,0.0014210839
4871,0.001528021516,0.001418016633
4872,0.001243593993,0.001385212687
4873,0.001504932603,0.00131760486
4874,0.001297719493,0.001437960353
4875,0.001321344913,0.001751290445
4876,0.001610573629,0.001424983522
4877,0.001377815381,0.001262850128
4878,0.001585271559,0.001368398793
4879,0.001444443413,0.001502502389
4880,0.001490452443,0.001308607185
4881,0.001515692798,0.001506948887
4882,0.001464702567,0.001455236343
4883,0.001454991841,0.001408990531
4884,0.001456912156,0.001343104421
4885,0.00164324764,0.001565955085
4886,0.001514392497,0.001496802055
4887,0.001318332157,0.001670114681
4888,0.001324448007,0.001489250848
4889,0.001529396322,0.0011803987
4890,0.001771364638,0.001460490123
4891,0.001545635023,0.001292820045
4892,0.001527365035,0.001249669032
4893,0.001490986135,0.00153850374
4894,0.001360728646,0.00151679985
4895,0.001439694446,0.001400777168
4896,0.001542923492,0.001543399485
4897,0.001646265839,0.001448995259
4898,0.001446866983,0.00152163281
4899,0.001484075008,0.001455642574
4900,0.001762882486,0.001523287196
4901,0.001682074624,0.001482378007
4902,0.001382336384,0.001339989787
4903,0.001627581703,0.001399766465
4904,0.001652414838,0.001513086288
4905,0.001428179945,0.001448238821
4906,0.001429233293,0.001437180006
4907,0.001426548755,0.001260418023
4908,0.001380143774,0.001229229085
4909,0.001449560092,0.001330200677
4910,0.001569530112,0.001264299397
4911,0.001361541945,0.001548997359
4912,0.001511633251,0.001545644591
4913,0.001430606964,0.001478983613
4914,0.001466751288,0.001469407762
4915,0.00150924825,0.001455995938
4916,0.001403632094,0.001838289842
4917,0.001534222902,0.001475260287
4918,0.001444518697,0.001286559585
4919,0.001658841866,0.001584922109
4920,0.001422001136,0.001434619386
4921,0.001607609724,0.001482520449
4922,0.001411438941,0.001222550069
4923,0.00160231271,0.00156091206
4924,0.001506038316,0.001626477984
4925,0.001567545114,0.001362197348
4926,0.001534245137,0.001085025135
4927,0.001537858268,0.001614946872
4928,0.001719854743,0.001464878136
4929,0.001545790605,0.001354687192
4930,0.00146156337,0.001359830916
4931,0.001476329322,0.001481274288
4932,0.001500057799,0.001410564386
4933,0.001622767377,0.001473891738
4934,0.001669991965,0.001486039015
4935,0.001375351858,0.00119820478
4936,0.001442215638,0.001360132723
4937,0.001435072103,0.001374457592
4938,0.001423654365,0.001496678975
4939,0.001748820694,0.00122864679
4940,0.001414834005,0.001442521883
4941,0.001680668909,0.001510898772
4942,0.001572192967,0.00153574266
4943,0.001474771503,0.001386359669
4944,0.001429408949,0.00130267474
4945,0.00155378427,0.00153686892
4946,0.001474826451,0.001434136531
4947,0.001469774099,0.001374364118
4948,0.001453467281,0.001374835396
4949,0.001502872867,0.001396349238
4950,0.00155132651,0.001599091134
4951,0.001459952306,0.001522875187
4952,0.00180449216,0.001415795938
4953,0.001352455685,0.001371846374
4954,0.001364815078,0.001417739841
4955,0.00128822682,0.001422641886
4956,0.001494694792,0.00160237067
4957,0.001456631886,0.00138065291
4958,0.001265729996,0.001538435434
4959,0.001643910124,0.001370114383
4960,0.001336304216,0.00132534813
4961,0.00147763743,0.001551708396
4962,0.001530661495,0.001248723624
4963,0.001394422434,0.00131191215
4964,0.001733153476,0.001521484577
4965,0.001553810725,0.001511039416
4966,0.00150030003,0.001426794566
4967,0.001564610997,0.00135454617
4968,0.001388082601,0.001422168818
4969,0.001339103663,0.001244945539
4970,0.001301107986,0.001202277934
4971,0.001297582887,0.00143686308
4972,0.001496451092,0.001697217143
4973,0.001610510037,0.001527526947
4974,0.001466879185,0.001404623792
4975,0.001407722259,0.001571856541
4976,0.001693865721,0.001500918632
4977,0.001585789592,0.001319317249
4978,0.001318869137,0.00145506057
4979,0.001418766042,0.001160641397
4980,0.001463726985,0.00146795989
4981,0.00138094875,0.0013279009
4982,0.00150811467,0.001449584117
4983,0.001541285324,0.001385590003
4984,0.001410794721,0.001135819657
4985,0.001252166643,0.001288545638
4986,0.001387373952,0.001379160167
4987,0.001387335717,0.001370024889
4988,0.001541501872,0.001294489732
4989,0.001574553389,0.00144856087
4990,0.001347063699,0.001298799813
4991,0.001592097658,0.001375809617
4992,0.00133635613,0.001253687195
4993,0.001289967906,0.001447828647
4994,0.001422976522,0.00126131867
4995,0.001377086657,0.001384611394
4996,0.001489586633,0.001343312462
4997,0.001526143969,0.001365991426
4998,0.001382092756,0.001289182459
4999,0.001475627199,0.00132601591
5000,0.001475934339,0.001495427205
5001,0.001589752588,0.00157400567
5002,0.001525933287,0.001393184226
5003,0.001387484364,0.001455150479
5004,0.001336508984,0.001494705662
5005,0.00138172062,0.001275625786
5006,0.001369934485,0.001519212194
5007,0.001209223963,0.001213781288
5008,0.001261283018,0.001217797049
5009,0.001397537853,0.001328333965
5010,0.001367393648,0.001407497584
5011,0.001451562392,0.001260566496
5012,0.001361111048,0.001349047663
5013,0.001307573388,0.001421493842
5014,0.001720520246,0.001392475184
5015,0.001295302158,0.001212789517
5016,0.001578048104,0.001445296191
5017,0.001250683854,0.001425112467
5018,0.001556552394,0.001494832279
5019,0.001341941614,0.001649140773
5020,0.001452212178,0.001459078238
5021,0.001420998902,0.001346187186
5022,0.001640784481,0.001434871032
5023,0.001534124167,0.001387419776
5024,0.001268249332,0.001409866774
5025,0.001602711112,0.001387266631
5026,0.001356081775,0.001232110153
5027,0.00142198804,0.001367294521
5028,0.001352405685,0.001336804999
5029,0.001319259471,0.001447069648
5030,0.001347090227,0.001402927344
5031,0.00164440673,0.001408073789
5032,0.001401961214,0.001304492362
5033,0.00143676631,0.001307041079
5034,0.001424092552,0.001486239125
5035,0.001413986283,0.001436270235
5036,0.001434401463,0.00150061
5037,0.001781183484,0.001695961706
5038,0.001476489982,0.001417308922
5039,0.001350937098,0.001389675592
5040,0.00131431927,0.001350360595
5041,0.001291774039,0.001396452557
5042,0.001357818139,0.001287615887
5043,0.001326278114,0.001532011251
5044,0.001527037923,0.001421059307
5045,0.001585341408,0.001587390565
5046,0.001331332154,0.001338380549
5047,0.001220646896,0.001540684156
5048,0.001620203882,0.001318451395
5049,0.001392873208,0.001365452459
5050,0.001505058346,0.001445028509
5051,0.001282455589,0.001397267224
5052,0.00143199075,0.001252102156
5053,0.001481262225,0.001260839839
5054,0.001487189234,0.001338505273
5055,0.001531277361,0.001463670415
5056,0.001590993779,0.001689097917
5057,0.001552517118,0.001354930399
5058,0.001727809489,0.001570374807
5059,0.00134221364,0.001524744017
5060,0.001291934044,0.001276896168
5061,0.001542135753,0.00156112641
5062,0.001215549237,0.001364915581
5063,0.001331959487,0.001309192376
5064,0.001330840278,0.001508830726
5065,0.001370221762,0.001269057982
5066,0.001605348079,0.001197983045
5067,0.001547354681,0.001310277323
5068,0.001467465088,0.001434806894
5069,0.001397780841,0.001282204248
5070,0.001635608896,0.001379801717
5071,0.001468671937,0.001449946896
5072,0.001420586632,0.001495237506
5073,0.001435691345,0.001372439343
5074,0.001364418014,0.001379142064
5075,0.001389271973,0.001643497904
5076,0.001394501305,0.001202142623
5077,0.001496209981,0.001480946856
5078,0.001640135815,0.001331768362
5079,0.00130996888,0.001328055754
5080,0.001380797868,0.001323505159
5081,0.00139500454,0.001572769659
5082,0.001388032804,0.001391421305
5083,0.001242686652,0.001249718633
5084,0.001332022119,0.001464598885
5085,0.001338065224,0.001592782908
5086,0.001398415465,0.001401913403
5087,0.001471058502,0.001368789672
5088,0.001418180691,0.001293119785
5089,0.001456093611,0.001362356372
5090,0.001282600475,0.001385561889
5091,0.001541897407,0.001358118388
5092,0.00144438853,0.001231480514
5093,0.001516715609,0.001174229546
5094,0.001529894784,0.001401617148
5095,0.00140484274,0.001428134339
5096,0.001424271599,0.00163762951
5097,0.001428263771,0.001178752304
5098,0.001332049666,0.001398615677
5099,0.001455526246,0.001315905873
5100,0.001307265309,0.001449103511
5101,0.001662587296,0.001452602548
5102,0.001514878066,0.001314733221
5103,0.001339416121,0.001517978701
5104,0.0017424947,0.00130379753
5105,0.001464910034,0.001451115502
5106,0.001200786901,0.001624114775
5107,0.001517085882,0.001553066206
5108,0.001290061962,0.00162831934
5109,0.001280180186,0.001393800019
5110,0.001409579956,0.001398491935
5111,0.001369660662,0.001516476856
5112,0.001258556811,0.001181594846
5113,0.001328845246,0.001454437966
5114,0.001630575134,0.001402914451
5115,0.001554451301,0.00173272907
5116,0.001417580817,0.00133811617
5117,0.001331744759,0.001236263604
5118,0.001328335798,0.001387967292
5119,0.001468099217,0.001437553627
5120,0.001461208754,0.001430632081
5121,0.001511013004,0.001555707131
5122,0.001573768735,0.001391022175
5123,0.001153881065,0.001589759428
5124,0.001304831952,0.001499075675
5125,0.001490262577,0.001449910997
5126,0.001298937212,0.001388401542
5127,0.001548243003,0.001483750049
5128,0.001531716116,0.001685049021
5129,0.001474030825,0.001432970836
5130,0.001637736394,0.001387084143
5131,0.001629379927,0.001364271244
5132,0.00139084713,0.001080839422
5133,0.001240806923,0.001300417709
5134,0.001454643017,0.001378648732
5135,0.00150925522,0.001407665768
5136,0.001416317988,0.001476154626
5137,0.001563431011,0.001372115512
5138,0.00141881936,0.001259482102
5139,0.001242193095,0.001237577584
5140,0.001323247154,0.001283171878
5141,0.001390179918,0.001271586305
5142,0.001291268018,0.001361093164
5143,0.001406596013,0.001332286134
5144,0.001313318542,0.001499226069
5145,0.001550069406,0.001327932747
5146,0.001472747128,0.001695173851
5147,0.001416100611,0.001216683821
5148,0.001444588415,0.001433066725
5149,0.001370959661,0.001539116478
5150,0.001778849764,0.001218384612
5151,0.001362634408,0.001195586359
5152,0.001450715747,0.001324700606
5153,0.001413108475,0.001198396145
5154,0.001388290009,0.0012724267
5155,0.001438387771,0.001300939344
5156,0.001423167196,0.001313632783
5157,0.001371146194,0.001453980425
5158,0.001432330842,0.001443174915
5159,0.001336787958,0.001502535524
5160,0.001496116267,0.001281494042
5161,0.001316853624,0.001312452718
5162,0.00149321738,0.001581744131
5163,0.00143761911,0.001317964205
5164,0.001161963788,0.001290033295
5165,0.001311608197,0.001368199519
5166,0.001429742704,0.001439105617
5167,0.001632918429,0.001440171953
5168,0.00179084824,0.001238498939
5169,0.001666561424,0.001152647383
5170,0.001398673368,0.001308649997
5171,0.001577807532,0.001316547699
5172,0.00119174226,0.00138356656
5173,0.001242173661,0.001454095327
5174,0.001296790244,0.001303778663
5175,0.00129664909,0.001289442916
5176,0.001527639935,0.001465012567
5177,0.001468051923,0.001272055713
5178,0.001378815738,0.00122551011
5179,0.001537187229,0.001291192093
5180,0.001615206915,0.001241280886
5181,0.001453244768,0.001336800327
5182,0.001284522572,0.001400201807
5183,0.001484110711,0.001480395775
5184,0.001291867215,0.001377924782
5185,0.001485589048,0.001312228342
5186,0.001242321756,0.001445071015
5187,0.001593936584,0.001415876111
5188,0.001554636357,0.001333594162
5189,0.001472455522,0.001408051583
5190,0.001466815505,0.001322751581
5191,0.001302032979,0.001313212539
5192,0.001386553835,0.001267433385
5193,0.001537481105,0.001255534415
5194,0.001533818373,0.001472225922
5195,0.001456050821,0.001149419157
5196,0.001331604464,0.001221493221
5197,0.001606489241,0.001412509067
5198,0.001259346282,0.001426599483
5199,0.001463611261,0.001523377709
5200,0.001387858691,0.001206473673
5201,0.001430284465,0.001359286907
5202,0.001483919608,0.001438428641
5203,0.001175495148,0.001261745179
5204,0.001457511738,0.001242509068
5205,0.001483169057,0.001455252874
5206,0.001345891069,0.001344545592
5207,0.001352685489,0.001213802549
5208,0.001376432687,0.001133798331
5209,0.001156576618,0.001379782057
5210,0.001619543189,0.001299457123
5211,0.001260268742,0.001158880739
5212,0.001508422618,0.001365558972
5213,0.001302373799,0.00140933886
5214,0.001554301067,0.001173210643
5215,0.001474506964,0.001393838742
5216,0.001455605576,0.001300539538
5217,0.001383821764,0.001259699246
5218,0.001369330697,0.001119153705
5219,0.001436124199,0.001501060004
5220,0.001372961,0.001183110508
5221,0.001515016877,0.001419488959
5222,0.001666874436,0.001272112815
5223,0.001315132948,0.0012754368
5224,0.001367038101,0.001353510539
5225,0.001303276244,0.001313480578
5226,0.001221136969,0.00143494417
5227,0.001436494378,0.001324244906
5228,0.001410271383,0.001444420734
5229,0.001397251821,0.0014109076
5230,0.001584838712,0.001353004722
5231,0.001362850642,0.001306102531
5232,0.001772512973,0.001416652842
5233,0.001338393769,0.001373734289
5234,0.001349884784,0.001319122952
5235,0.001358245281,0.00130282779
5236,0.001231439477,0.001261615937
5237,0.001384572053,0.001538611832
5238,0.001401636437,0.00145683618
5239,0.001577619056,0.001196286648
5240,0.001438817882,0.001467783179
5241,0.001230214344,0.001305363723
5242,0.001286106184,0.001315631031
5243,0.00128292579,0.001519314086
5244,0.001413370999,0.001478759659
5245,0.001338194248,0.001414703875
5246,0.001291477078,0.001586933562
5247,0.001258297227,0.001418833257
5248,0.001343615178,0.001339846589
5249,0.001383035225,0.001333205153
5250,0.001537256554,0.001271945155
5251,0.001444291789,0.001290250555
5252,0.00138319008,0.001368194193
5253,0.001394951862,0.001062181938
5254,0.001268153654,0.001271005938
5255,0.001499794351,0.001476803169
5256,0.001597973285,0.00131210719
5257,0.001394802108,0.001391847771
5258,0.001128241514,0.001168807859
5259,0.00132685963,0.001309039391
5260,0.001463330773,0.001196253681
5261,0.001458379906,0.00135401867
5262,0.001311428401,0.001592012195
5263,0.001342937714,0.001222082603
5264,0.001201650164,0.001373053849
5265,0.001231365932,0.001425746814
5266,0.001363647534,0.001176145619
5267,0.001082442112,0.00155401486
5268,0.001258664925,0.001133228048
5269,0.001390682082,0.001314315785
5270,0.001419106484,0.001489726114
5271,0.001609279905,0.001466964684
5272,0.001490288792,0.001279171876
5273,0.001328804763,0.001429995398
5274,0.001416668732,0.001381890223
5275,0.00159181167,0.00130955541
5276,0.001350417908,0.001406541778
5277,0.001326024765,0.001285865328
5278,0.001588143568,0.001215420714
5279,0.001230039546,0.001186588226
5280,0.001447626375,0.001541149337
5281,0.001199731771,0.00151365393
5282,0.001332182408,0.001298250376
5283,0.001251530091,0.001679448484
5284,0.001251049238,0.001434383259
5285,0.001378771063,0.001540909128
5286,0.001299027979,0.001329843304
5287,0.001520731661,0.001432391786
5288,0.001377793677,0.001355099696
5289,0.00139001455,0.001480077539
5290,0.001259433571,0.001201914834
5291,0.001613560293,0.001216575998
5292,0.001276310715,0.001365118253
5293,0.001459593477,0.001188503928
5294,0.001500051731,0.001369357939
5295,0.001244488136,0.00131942577
5296,0.001419351131,0.001122701993
5297,0.001258649849,0.001199191793
5298,0.001417001055,0.001315043555
5299,0.001412149715,0.001255915857
5300,0.001260105128,0.001445989248
5301,0.001246790773,0.001177916631
5302,0.00133679268,0.001257621843
5303,0.001342861266,0.001442613342
5304,0.001305097358,0.001505971319
5305,0.001236825468,0.001333067907
5306,0.001400258181,0.001326235186
5307,0.001568354419,0.001107080905
5308,0.001276167663,0.001331246815
5309,0.001314058929,0.001234304218
5310,0.001356990833,0.001274522263
5311,0.001576966664,0.001472831253
5312,0.001409130142,0.001523920859
5313,0.001276124771,0.001322527365
5314,0.001461127467,0.001296823677
5315,0.001452518918,0.001305560283
5316,0.001194387762,0.001309578656
5317,0.001374251384,0.001190732844
5318,0.001406249961,0.001346863821
5319,0.001399282221,0.001186321642
5320,0.001266943873,0.001380976879
5321,0.001188972259,0.001236786899
5322,0.001354380802,0.0015982724
5323,0.001206529334,0.001344275122
5324,0.001394825282,0.001467058799
5325,0.001147414019,0.001466352362
5326,0.001417878295,0.001508734516
5327,0.001314683046,0.001322096687
5328,0.001512585608,0.001032551387
5329,0.001500939907,0.001204800727
5330,0.001405304516,0.001394797393
5331,0.001530010166,0.001260264384
5332,0.001304642537,0.001350421109
5333,0.00136954082,0.001230512018
5334,0.001403414579,0.001214075754
5335,0.001341442359,0.001264222927
5336,0.00164405987,0.001199173734
5337,0.001164063659,0.001242247519
5338,0.001195633129,0.001239104058
5339,0.00130079464,0.001354201733
5340,0.001366586104,0.001214873912
5341,0.001310710548,0.001330940591
5342,0.001478386403,0.001143898502
5343,0.001339013586,0.00120838904
5344,0.001166531147,0.001261891091
5345,0.001485904984,0.001225626234
5346,0.001524143408,0.001542027792
5347,0.001262393249,0.001250209396
5348,0.001221082777,0.00135874097
5349,0.001339978196,0.00111433283
5350,0.00161791945,0.001282494282
5351,0.001316390262,0.001270565648
5352,0.001668975456,0.001277798307
5353,0.001173887467,0.001420791945
5354,0.001371298349,0.001245100961
5355,0.001200371786,0.001357593021
5356,0.001204294262,0.00141756254
5357,0.00144692944,0.001290022621
5358,0.001346240853,0.001222689963
5359,0.001339790593,0.001324344521
5360,0.001416720843,0.001246218111
5361,0.00151923357,0.0012382028
5362,0.001393254919,0.001293841051
5363,0.001216676981,0.001290150649
5364,0.001298782881,0.001295187983
5365,0.001465055509,0.001314651621
5366,0.00151937129,0.001285948078
5367,0.001514131625,0.001345407349
5368,0.001282617566,0.00158494497
5369,0.001338148992,0.001443015164
5370,0.001368214747,0.001306076098
5371,0.001257498086,0.001450933298
5372,0.001272824135,0.001364202129
5373,0.001307654587,0.001287429579
5374,0.001462566383,0.00150414824
5375,0.001324469544,0.001521136539
5376,0.001347580561,0.001200531609
5377,0.001296825722,0.001228030829
5378,0.001177692626,0.001145561975
5379,0.001230726368,0.001397384884
5380,0.001415176441,0.001422429537
5381,0.001358956215,0.001485634653
5382,0.00135220027,0.001237999575
5383,0.001254387855,0.001336597845
5384,0.001401325731,0.001164501635
5385,0.001496427984,0.001280787983
5386,0.001321243522,0.001213994045
5387,0.001375511405,0.001170447431
5388,0.001265269806,0.001407190284
5389,0.001438826177,0.001252664675
5390,0.001501625826,0.001421902954
5391,0.00151858537,0.001305724814
5392,0.001218150195,0.001170196876
5393,0.001176154488,0.001358763271
5394,0.001397164247,0.001318024377
5395,0.001665555232,0.001408217482
5396,0.00154462982,0.001359868693
5397,0.001443043649,0.001328327853
5398,0.001263655846,0.001174711273
5399,0.001312982204,0.001322830656
5400,0.001368469952,0.001357396904
5401,0.001413694525,0.001389156532
5402,0.001451779724,0.001319903837
5403,0.00118542205,0.001333063577
5404,0.001388962039,0.001507946698
5405,0.001361899995,0.001434675025
5406,0.001376894594,0.001275134404
5407,0.001145523769,0.00114235346
5408,0.001487741451,0.001219286656
5409,0.001348776073,0.001339519134
5410,0.001331234642,0.001155950238
5411,0.001283898164,0.001182918226
5412,0.001460789979,0.001379222558
5413,0.001480270832,0.001198682396
5414,0.00124439464,0.001277251737
5415,0.001368109428,0.001217216566
5416,0.001684488321,0.001252530346
5417,0.001315937472,0.001461175445
5418,0.001201431616,0.00130308923
5419,0.001304234844,0.001323929384
5420,0.001298703079,0.001214135802
5421,0.001396940585,0.001413619801
5422,0.001370431666,0.001370692124
5423,0.001221817511,0.00127421377
5424,0.001249685476,0.001300380303
5425,0.001235844393,0.001158232772
5426,0.001416188825,0.001507861176
5427,0.001317312279,0.001309641106
5428,0.00165768186,0.001157764746
5429,0.001223373503,0.001158649233
5430,0.001408283628,0.001192239513
5431,0.001317999129,0.001176661375
5432,0.001145963084,0.001177492966
5433,0.001365033429,0.001543215454
5434,0.001576800598,0.001400280351
5435,0.001321760996,0.001410425153
5436,0.001408130949,0.001548933593
5437,0.001168985298,0.001405784365
5438,0.00137245543,0.001338674767
5439,0.001169351977,0.001171750104
5440,0.0013181951,0.001332916494
5441,0.001258791999,0.001402833041
5442,0.001466870177,0.001571567031
5443,0.001439604508,0.001118277512
5444,0.001261680605,0.001222978382
5445,0.001261756173,0.001396353313
5446,0.001655678439,0.001358353402
5447,0.001251795198,0.001265763327
5448,0.001407897827,0.001270426837
5449,0.001355726272,0.001278041891
5450,0.001285380094,0.001427453091
5451,0.001552293688,0.001235341173
5452,0.001465138441,0.001121339541
5453,0.001412048798,0.001241491154
5454,0.001385241783,0.001169556701
5455,0.001398280649,0.001342588381
5456,0.001339139344,0.001274303722
5457,0.001205536879,0.001237237688
5458,0.001216751669,0.001274715527
5459,0.001192026015,0.001257795237
5460,0.001245224601,0.00117473305
5461,0.001265404018,0.001280093093
5462,0.001362395982,0.001180261621
5463,0.001352773506,0.001197626792
5464,0.001235884316,0.001364828968
5465,0.001306845341,0.001453087738
5466,0.001486286594,0.001143136767
5467,0.001248018016,0.001353813095
5468,0.001309652434,0.001090837708
5469,0.001423237132,0.00130022502
5470,0.001311909866,0.001407173571
5471,0.001403112474,0.001273103888
5472,0.001322917335,0.001273227994
5473,0.001419897962,0.001333962609
5474,0.001331871637,0.001368779922
5475,0.001557234369,0.001219545542
5476,0.001516492666,0.00138317993
5477,0.001319924188,0.001330697974
5478,0.001229984875,0.001341407122
5479,0.001482860876,0.001156243103
5480,0.001326443235,0.001316368573
5481,0.001140804023,0.001144082016
5482,0.001157628452,0.001389871424
5483,0.001367785728,0.001258825003
5484,0.001469634313,0.001390589532
5485,0.001278245167,0.001185268098
5486,0.001277405478,0.00130638454
5487,0.001294862886,0.00122971052
5488,0.001296161856,0.001308561164
5489,0.001253783215,0.001364497271
5490,0.001486904817,0.001139290813
5491,0.001476219797,0.001189827475
5492,0.001191944633,0.001243380801
5493,0.001207435686,0.001197145619
5494,0.001314079214,0.001321666292
5495,0.001240239384,0.001418869302
5496,0.001290420027,0.001231696755
5497,0.001274712529,0.001414877828
5498,0.001371759892,0.001199100559
5499,0.001338046022,0.001118717169
5500,0.001377419212,0.001289498301
5501,0.001228922716,0.00122028117
5502,0.001257315642,0.001433042955
5503,0.001351436513,0.001315444388
5504,0.001286935643,0.001237620665
5505,0.001298749572,0.001211261697
5506,0.00120972516,0.001384161122
5507,0.001239680438,0.00133268135
5508,0.001349567938,0.001551532594
5509,0.001346875302,0.001382270857
5510,0.001432592224,0.001138558531
5511,0.001297120332,0.001243546729
5512,0.001411648584,0.001371882587
5513,0.001307876184,0.001414910366
5514,0.001317803552,0.00125284664
5515,0.001223044717,0.001304066864
5516,0.001670736892,0.00140896556
5517,0.001233523493,0.001348527338
5518,0.001297540934,0.001155775695
5519,0.001505717912,0.001106436415
5520,0.001261921891,0.001101510963
5521,0.001181121275,0.001239332603
5522,0.00131601328,0.001196222198
5523,0.001448302392,0.001163578403
5524,0.001302082674,0.001388139528
5525,0.001429419353,0.001255818031
5526,0.001355299755,0.001206606248
5527,0.001411263191,0.001111992075
5528,0.001363169242,0.001387130171
5529,0.001258316835,0.001373567022
5530,0.00124951217,0.001158516105
5531,0.001432272576,0.001437051214
5532,0.001285095699,0.001321177246
5533,0.001437555715,0.001284754879
5534,0.00125067927,0.001220401318
5535,0.001324331693,0.001186546397
5536,0.001401564245,0.001099084053
5537,0.001273117603,0.001176807324
5538,0.001295074617,0.001400997804
5539,0.001237288263,0.001287701292
5540,0.001355525746,0.001386580494
5541,0.001176114274,0.001388595105
5542,0.001474374396,0.001267466112
5543,0.001408445212,0.001192090363
5544,0.001163010435,0.001212626448
5545,0.001333644737,0.001274803304
5546,0.001435682003,0.001478460486
5547,0.001389606754,0.001255126241
5548,0.001324336976,0.001283681748
5549,0.001280390541,0.001371335718
5550,0.001442457564,0.001391321697
5551,0.001469202682,0.001183736757
5552,0.001202322434,0.001204787557
5553,0.001274922121,0.001212321695
5554,0.001415220926,0.001106072574
5555,0.001378008754,0.001124429946
5556,0.00155536388,0.001271212226
5557,0.001198074744,0.001331061489
5558,0.001406199037,0.001440607826
5559,0.001297388961,0.001463500346
5560,0.001226657929,0.001289185049
5561,0.001268145519,0.00136943008
5562,0.001209295071,0.001382250157
5563,0.001487536792,0.001306030565
5564,0.001411958699,0.001175268211
5565,0.001352494328,0.001054469511
5566,0.001282002428,0.001151133984
5567,0.001175896883,0.001152350553
5568,0.001381853501,0.001215891927
5569,0.001233119299,0.001208041002
5570,0.001325733348,0.001272234818
5571,0.001351397703,0.001245101419
5572,0.001546688014,0.001166096052
5573,0.001542142047,0.001276512929
5574,0.001427059949,0.001433037731
5575,0.001340317416,0.001355997563
5576,0.00145558027,0.001222393854
5577,0.001153646153,0.00126771551
5578,0.001361221795,0.001227641238
5579,0.001402070171,0.001067240402
5580,0.001305776503,0.00163009447
5581,0.001177857215,0.001228494235
5582,0.001462330889,0.001258471944
5583,0.001219482809,0.001215020238
5584,0.001062948708,0.001297891547
5585,0.001288093983,0.001242748098
5586,0.001182421831,0.001151585879
5587,0.001204208864,0.001237842807
5588,0.001452783501,0.0009448915225
5589,0.001145196562,0.001273206231
5590,0.001268745087,0.001204395303
5591,0.001398479835,0.001202461819
5592,0.001191859737,0.001450010539
5593,0.001249633904,0.001378469067
5594,0.001282200414,0.001452521712
5595,0.001266695326,0.001335004214
5596,0.001172305972,0.001078903224
5597,0.001174208126,0.001136152605
5598,0.001125408686,0.001144321592
5599,0.0011916652,0.001379394686
5600,0.001412563273,0.001214695498
5601,0.001237140998,0.00139215219
5602,0.001350217164,0.001191635703
5603,0.00150109992,0.001154383681
5604,0.001424799921,0.001240420424
5605,0.001247789143,0.001211670438
5606,0.001322823751,0.001217130906
5607,0.001345076314,0.001210115079
5608,0.001700345645,0.001412837977
5609,0.001166804519,0.001311817323
5610,0.001166982613,0.001138215172
5611,0.001219900929,0.00118134667
5612,0.00132867317,0.001172962628
5613,0.001301743119,0.001221370927
5614,0.001238447687,0.001197214231
5615,0.001413573525,0.001267418695
5616,0.001174912373,0.00133792324
5617,0.001361832292,0.001137009378
5618,0.001217653284,0.001369823141
5619,0.001258406875,0.001349938015
5620,0.001480841514,0.001268577391
5621,0.001289787986,0.001227974797
5622,0.001465406793,0.001172353201
5623,0.001341455689,0.001182006374
5624,0.00128819712,0.001245553816
5625,0.001402662667,0.001193269069
5626,0.001537535078,0.001117200096
5627,0.001464281355,0.001319103001
5628,0.001380082533,0.001197132602
5629,0.001444095898,0.001207940455
5630,0.001540731042,0.001163841029
5631,0.001241854516,0.001306256694
5632,0.001354812164,0.001341807481
5633,0.001401905574,0.001135244434
5634,0.001405659816,0.00109431798
5635,0.001343190408,0.001199172453
5636,0.001273050882,0.001175069578
5637,0.001201976716,0.001121669709
5638,0.001271199915,0.001290466811
5639,0.001441169312,0.001236772368
5640,0.001230343194,0.001571514906
5641,0.0012719839,0.001212468938
5642,0.00135888451,0.001259528915
5643,0.001309215513,0.001174390854
5644,0.001307332896,0.001176853446
5645,0.001263217418,0.001098490371
5646,0.001157115184,0.001257517572
5647,0.001245642605,0.001226691063
5648,0.001282062294,0.001465425506
5649,0.001272009358,0.001012930356
5650,0.001248419256,0.001288010484
5651,0.001284979473,0.001150463053
5652,0.001145887283,0.001366203112
5653,0.001292234461,0.001436512663
5654,0.001317963259,0.001288104628
5655,0.001514667798,0.001224738102
5656,0.001171917065,0.001280196098
5657,0.00130262661,0.001296982235
5658,0.001299773532,0.001157429244
5659,0.00124825185,0.001182871136
5660,0.001394745748,0.001283067671
5661,0.001119317451,0.001269043103
5662,0.001191733994,0.001234031726
5663,0.001318198192,0.001265520201
5664,0.001338772097,0.001310766544
5665,0.001156842263,0.001283911915
5666,0.001452804347,0.001401298672
5667,0.001214006232,0.001203900036
5668,0.001315843365,0.001166330308
5669,0.001170744916,0.00126426942
5670,0.001379107562,0.001164881985
5671,0.001163255227,0.001144362112
5672,0.001197771111,0.001282937243
5673,0.001220470163,0.001219473597
5674,0.001328494516,0.001372967716
5675,0.001324657365,0.001119891058
5676,0.00126179785,0.001387525233
5677,0.001262261132,0.001356825102
5678,0.001305431084,0.001239899917
5679,0.001411900317,0.001411918085
5680,0.001061354451,0.001406513766
5681,0.001498661572,0.001366944693
5682,0.001315030488,0.001291149951
5683,0.001397736632,0.001313675224
5684,0.00159963312,0.001184156587
5685,0.001265842147,0.001269477463
5686,0.00140470764,0.001154446865
5687,0.001131217679,0.001388273835
5688,0.001339055016,0.001207707304
5689,0.001374430067,0.001458582803
5690,0.001284501224,0.001464504632
5691,0.001187777278,0.001316258255
5692,0.001506666711,0.001312705623
5693,0.001313002438,0.001305245649
5694,0.001327375678,0.001356660963
5695,0.001282126163,0.00129876352
5696,0.00134662968,0.001239599464
5697,0.001248181608,0.001172519245
5698,0.001166537026,0.001303162804
5699,0.00116897063,0.001261157588
5700,0.001175282661,0.001370518003
5701,0.001487902504,0.001397738692
5702,0.001521792816,0.001234410411
5703,0.00160996271,0.001203842796
5704,0.001379558445,0.001394257597
5705,0.001283135396,0.001217563637
5706,0.001381817601,0.001088206394
5707,0.001285062404,0.001352658335
5708,0.00120974757,0.001178835148
5709,0.001328256403,0.001292883877
5710,0.001156020167,0.001246439278
5711,0.001249372064,0.001223137762
5712,0.001088521094,0.001313520603
5713,0.001178410639,0.001045783094
5714,0.00135207134,0.001422977861
5715,0.001526577827,0.001223042244
5716,0.001376609405,0.001182347412
5717,0.001552542977,0.001151448269
5718,0.001358012312,0.001272074092
5719,0.001371827209,0.001176001555
5720,0.001553328446,0.001510494796
5721,0.001261042984,0.001292676265
5722,0.001381058617,0.001328632265
5723,0.001351717685,0.001278871532
5724,0.001267637024,0.001325047873
5725,0.001527027976,0.001198680453
5726,0.001350945218,0.001143889698
5727,0.001323652723,0.001337527865
5728,0.001456082864,0.001309592211
5729,0.001578564072,0.001362973177
5730,0.001213513882,0.001248123954
5731,0.001296859577,0.001115423642
5732,0.001358002701,0.001348419944
5733,0.00107169454,0.001288895633
5734,0.001207942318,0.001386132528
5735,0.00158665677,0.001276145573
5736,0.001369228106,0.001009140957
5737,0.00128790384,0.001189505703
5738,0.001208516012,0.001292832196
5739,0.001341299023,0.001365700475
5740,0.001527677043,0.001137499421
5741,0.001312265798,0.001320610405
5742,0.001212016919,0.00111605
5743,0.001252744463,0.001213946387
5744,0.001218843521,0.001278356212
5745,0.001204200795,0.001203996158
5746,0.001305521044,0.001120603461
5747,0.001312108485,0.00117190092
5748,0.001357513684,0.001218196747
5749,0.001318065777,0.001311301618
5750,0.0009775693688,0.001155505255
5751,0.00130141394,0.001145588591
5752,0.001318287301,0.001265288091
5753,0.001179052982,0.001166871996
5754,0.001365172466,0.001323917648
5755,0.001370333797,0.001267848304
5756,0.001436982544,0.001185687834
5757,0.001230777743,0.001118483429
5758,0.001314746529,0.001429960175
5759,0.001095813655,0.001429303986
5760,0.001299437441,0.001344160803
5761,0.0009254446923,0.001179683575
5762,0.001269930071,0.001334880333
5763,0.001124063056,0.001178318831
5764,0.001161098116,0.001284511665
5765,0.001416152183,0.001362940282
5766,0.001286916304,0.001189870556
5767,0.001161885426,0.001180538624
5768,0.001182941989,0.001110679485
5769,0.001542196114,0.001154773738
5770,0.001630989631,0.001377100765
5771,0.001208932656,0.001270129498
5772,0.00117634661,0.001192823569
5773,0.001312102628,0.0010827648
5774,0.001319899238,0.001338857437
5775,0.001400247231,0.00122805265
5776,0.00140622881,0.001320230011
5777,0.00141410769,0.001066842895
5778,0.00133210278,0.001340592848
5779,0.0014594479,0.001188948736
5780,0.001448415365,0.001412801474
5781,0.001421998182,0.00144559078
5782,0.001146932889,0.001239841542
5783,0.001294808637,0.001192758005
5784,0.001213127129,0.001035508903
5785,0.001200223574,0.001271219233
5786,0.00130872443,0.001139046093
5787,0.001286505518,0.001183414679
5788,0.001242459482,0.00114502995
5789,0.001136899933,0.001118099157
5790,0.001228431865,0.001177328653
5791,0.001110258498,0.00122870475
5792,0.001389690806,0.001311684413
5793,0.001387655866,0.001118582535
5794,0.001281623438,0.001179186918
5795,0.001329110004,0.001120508532
5796,0.001371148406,0.001222916297
5797,0.001208238878,0.001288914777
5798,0.001254771116,0.001244295709
5799,0.00144049654,0.001209867078
5800,0.00116069962,0.001263484592
5801,0.001196007812,0.001334451081
5802,0.001062746793,0.001130199227
5803,0.001130064404,0.001183055123
5804,0.001453806784,0.001514932592
5805,0.00163900957,0.001310766733
5806,0.001575642251,0.001092472718
5807,0.001274659051,0.001264969542
5808,0.001512361712,0.001192528005
5809,0.001432351026,0.001314436449
5810,0.001702540932,0.001129520962
5811,0.001206215857,0.001136187253
5812,0.00122052888,0.001269130415
5813,0.001233139119,0.001126466712
5814,0.001192570293,0.001392361497
5815,0.001208049289,0.00104895472
5816,0.001218269019,0.001216980047
5817,0.001252571579,0.001205417662
5818,0.001368072204,0.001063046082
5819,0.001361398106,0.001307711544
5820,0.001221086037,0.001127178344
5821,0.001111857673,0.001162506356
5822,0.001420785724,0.001171357384
5823,0.001227676694,0.001214233431
5824,0.001282250771,0.001218091726
5825,0.001280957164,0.001293232082
5826,0.001196330253,0.001072790663
5827,0.001575770104,0.00123487848
5828,0.001244947365,0.001260060788
5829,0.001231151975,0.001315209498
5830,0.001221273866,0.001080280868
5831,0.001472458403,0.001119369168
5832,0.00132434471,0.001286302009
5833,0.001288122701,0.001303057099
5834,0.001126741801,0.001293301313
5835,0.001305905673,0.001172844248
5836,0.001382263079,0.00117635099
5837,0.001430209326,0.001231073067
5838,0.001285511673,0.001342533884
5839,0.001212555588,0.001202400104
5840,0.001152275967,0.001281651399
5841,0.001278372438,0.001151942401
5842,0.001152162033,0.001235307856
5843,0.00140886131,0.001259925346
5844,0.001232403476,0.001306614256
5845,0.001275302362,0.001259358287
5846,0.001311858869,0.001211200521
5847,0.001272214897,0.001340409493
5848,0.00124444886,0.001171346841
5849,0.001176655147,0.001058864298
5850,0.001266436906,0.001307827493
5851,0.001276604104,0.001130576471
5852,0.00155246511,0.001026992482
5853,0.001276881245,0.001367926168
5854,0.001106763142,0.001210599301
5855,0.001380220907,0.001215367192
5856,0.001207166635,0.001289901964
5857,0.001279599514,0.001201740335
5858,0.001336665169,0.001318929819
5859,0.001137927888,0.001256995638
5860,0.001483769665,0.001251581132
5861,0.001313387133,0.001022165379
5862,0.001175877194,0.001312607725
5863,0.001249483932,0.001088933423
5864,0.001322700395,0.001238998739
5865,0.001155765385,0.001304442892
5866,0.001144396403,0.001238759476
5867,0.001310851047,0.001301171222
5868,0.001275995499,0.001473616372
5869,0.001157063467,0.001030423598
5870,0.001381144612,0.001172786287
5871,0.001320231822,0.001377587105
5872,0.001168723684,0.001334063694
5873,0.00124724854,0.001267060274
5874,0.001046493664,0.001126794035
5875,0.001192217722,0.001183230816
5876,0.001180327679,0.001322327524
5877,0.001417268119,0.001302538614
5878,0.001124125396,0.001291099448
5879,0.001211842246,0.001202197855
5880,0.001286401894,0.001284725557
5881,0.001289409163,0.001285728249
5882,0.001282635712,0.001154459387
5883,0.001350435792,0.001331656138
5884,0.001264266168,0.001289030639
5885,0.001493807387,0.001261071775
5886,0.001353992688,0.00112291229
5887,0.001323307028,0.001169258532
5888,0.001049817052,0.001283918245
5889,0.001166274196,0.001459346597
5890,0.001305990794,0.001303394471
5891,0.001265845676,0.001250942281
5892,0.001314263514,0.001249906207
5893,0.001295240669,0.001264102066
5894,0.001336547655,0.001358994268
5895,0.001002558573,0.001057019515
5896,0.00132425534,0.001194546603
5897,0.001262647769,0.001067755074
5898,0.001314851426,0.001236527147
5899,0.001148931209,0.001331315492
5900,0.001214111719,0.001366131342
5901,0.001351720712,0.001011092972
5902,0.001258359684,0.001394079518
5903,0.001017619252,0.001191025556
5904,0.001460059691,0.001340193208
5905,0.001260825578,0.001167378032
5906,0.001409767123,0.001300944576
5907,0.00137437963,0.001274767907
5908,0.001145263333,0.001189626819
5909,0.001221125589,0.001340213181
5910,0.001176119615,0.001148311101
5911,0.001121240923,0.001400660898
5912,0.001249923385,0.001311896143
5913,0.001259352488,0.001252201604
5914,0.00108904935,0.001268537664
5915,0.001525416679,0.0009698165377
5916,0.001237211924,0.001137977888
5917,0.001311682179,0.001447694842
5918,0.001308441642,0.001297010691
5919,0.001407062729,0.001324304831
5920,0.001279907534,0.00102769737
5921,0.00131264377,0.001029859253
5922,0.001229207883,0.001100334426
5923,0.001359839262,0.001229165602
5924,0.001161378124,0.001010592976
5925,0.001112430647,0.001056729801
5926,0.001161528475,0.001318665032
5927,0.001157338309,0.001245217762
5928,0.001327493737,0.001292698289
5929,0.001217871766,0.001215020406
5930,0.001191513707,0.001577918272
5931,0.001510936141,0.001281366596
5932,0.001161430366,0.001168626179
5933,0.001397188396,0.001273699156
5934,0.00117594099,0.001197364632
5935,0.001279060678,0.00115135395
5936,0.001214618707,0.001317552058
5937,0.001342371863,0.001244904684
5938,0.001254621006,0.001088000332
5939,0.00137682019,0.001320107156
5940,0.001288472929,0.001285428909
5941,0.001279101634,0.001251210386
5942,0.001215567667,0.001199648825
5943,0.001485458663,0.001551814072
5944,0.001092915663,0.001317964154
5945,0.001177856204,0.001419242166
5946,0.001461524356,0.001225284235
5947,0.001280000375,0.001133359219
5948,0.001221741928,0.00108002549
5949,0.001191048439,0.001273787107
5950,0.001327135862,0.001276561845
5951,0.001100035224,0.001437188956
5952,0.001280435994,0.0011129923
5953,0.001157072627,0.001293914727
5954,0.001247382999,0.001130659926
5955,0.001220495906,0.001218626225
5956,0.001301316399,0.001245192201
5957,0.0009971152758,0.001392672741
5958,0.0009605017403,0.00120034039
5959,0.001336915484,0.001250577072
5960,0.001139174085,0.001393256527
5961,0.001217486999,0.001278779542
5962,0.001317459537,0.001133646263
5963,0.001304462465,0.001189593495
5964,0.001206452027,0.001304250778
5965,0.001049767496,0.001221349259
5966,0.001205553439,0.001208868169
5967,0.001243015926,0.001301763463
5968,0.001184038207,0.001362975047
5969,0.001352801934,0.001310368054
5970,0.001245387699,0.001269030108
5971,0.001314005,0.001167547402
5972,0.001565870552,0.001121960624
5973,0.00119840604,0.001019568175
5974,0.001112690457,0.001237826553
5975,0.001325602141,0.001321268552
5976,0.00136656937,0.001207724265
5977,0.001152880985,0.001232361064
5978,0.001263031758,0.001189912262
5979,0.001180826759,0.001049411709
5980,0.001227411878,0.001075676584
5981,0.001250037458,0.001118783985
5982,0.00119074883,0.001097433029
5983,0.001310097912,0.001182350803
5984,0.00110866825,0.001095792642
5985,0.001212772353,0.001185593748
5986,0.001155385777,0.001217800724
5987,0.001043916454,0.001239766061
5988,0.001391344646,0.001239632744
5989,0.001419541099,0.001280784767
5990,0.001137647785,0.001283916274
5991,0.001331468338,0.00106635518
5992,0.001336408553,0.001243055631
5993,0.001466111571,0.001085864344
5994,0.001359013913,0.001086531527
5995,0.001182456443,0.001163005152
5996,0.001130400626,0.001143938622
5997,0.001155462036,0.001257975768
5998,0.001290542656,0.001267677304
5999,0.00118587583,0.001248518252
6000,0.001327881197,0.001321490461
6001,0.001416855142,0.001137999549
6002,0.001226639644,0.001404876501
6003,0.001187692476,0.001045214565
6004,0.001296410381,0.001542957492
6005,0.001456099075,0.001065351586
6006,0.001223703905,0.001243565574
6007,0.00125227141,0.001253689668
6008,0.001107884069,0.001291978275
6009,0.001229823312,0.001274604459
6010,0.001220493119,0.001250755027
6011,0.001156250444,0.001219852827
6012,0.001337865906,0.001268689317
6013,0.001220972357,0.001375376742
6014,0.001050813844,0.001256408315
6015,0.001247192056,0.00119290017
6016,0.001210582457,0.001646070596
6017,0.001117465152,0.001076667686
6018,0.001330524392,0.001219733844
6019,0.001092232749,0.001413926861
6020,0.001162595829,0.001064667784
6021,0.001279139615,0.00119373513
6022,0.001359376009,0.001218357778
6023,0.001275804992,0.001253903058
6024,0.001327814847,0.001167025759
6025,0.001186265385,0.00122583357
6026,0.001208771195,0.001210238435
6027,0.00113418002,0.00122063508
6028,0.001256439042,0.001130332763
6029,0.00130919207,0.001242181061
6030,0.001116172913,0.001032835535
6031,0.001122209032,0.001243979554
6032,0.001246801934,0.001270819113
6033,0.001192593721,0.001139980297
6034,0.001279583317,0.001101900212
6035,0.001250206129,0.001039326868
6036,0.001113583618,0.001158035455
6037,0.001415169449,0.001366254444
6038,0.00124281062,0.001268739528
6039,0.001082188661,0.001340587572
6040,0.001137666295,0.001224085347
6041,0.001175418191,0.001094691266
6042,0.001136475315,0.001019052739
6043,0.001170610136,0.001144132562
6044,0.001235291464,0.001458943458
6045,0.001145509836,0.001161883294
6046,0.001141035093,0.001178612154
6047,0.001348334466,0.001354974273
6048,0.001057360321,0.00123696524
6049,0.001432711033,0.001086686141
6050,0.001092840721,0.00129855884
6051,0.001245581276,0.001272990412
6052,0.001313585075,0.001190854462
6053,0.001169176714,0.001216781377
6054,0.001376790737,0.001330825704
6055,0.001269978558,0.001201260216
6056,0.001420979781,0.001226334054
6057,0.001400961046,0.0011160781
6058,0.001243853389,0.001232538532
6059,0.001299820549,0.001333464636
6060,0.001266639476,0.001019185118
6061,0.001337909664,0.001077543682
6062,0.001351133949,0.001000325647
6063,0.001387065284,0.001135480634
6064,0.001425863506,0.001167863193
6065,0.00110607293,0.001236596407
6066,0.001104204355,0.001289338004
6067,0.001067189754,0.001211620489
6068,0.00119114657,0.001079011454
6069,0.001137166786,0.001252424314
6070,0.001173781209,0.001300611191
6071,0.001287892839,0.001071479499
6072,0.001205932102,0.001257769523
6073,0.001360790659,0.001331694053
6074,0.00119566916,0.001296535782
6075,0.001344899283,0.00117487325
6076,0.001215966768,0.001013899026
6077,0.001269059918,0.001051137653
6078,0.001165619498,0.001108953438
6079,0.001380300761,0.001188008398
6080,0.001203357897,0.001019506104
6081,0.001314437322,0.001164391135
6082,0.001172108496,0.001223596752
6083,0.001261032732,0.001202758795
6084,0.001230131376,0.001174479541
6085,0.001102417453,0.001091823164
6086,0.001171015931,0.001211359391
6087,0.00137519744,0.001342914489
6088,0.001185331763,0.00130641806
6089,0.001198609993,0.001241775724
6090,0.001178238112,0.001139717591
6091,0.001269360233,0.001109514458
6092,0.001399510169,0.001296692542
6093,0.001184518325,0.001224733875
6094,0.001268759719,0.001297097086
6095,0.001254967501,0.001168870527
6096,0.001333785491,0.0009819822299
6097,0.001044871417,0.00116415674
6098,0.001248974673,0.001366231278
6099,0.001141723071,0.001291715154
6100,0.001128948388,0.001016279522
6101,0.001574440306,0.001155744547
6102,0.001121989553,0.001116186613
6103,0.001338461283,0.001086018252
6104,0.001190737807,0.0009916154158
6105,0.001130492099,0.001214189055
6106,0.001475203237,0.001210243332
6107,0.001088298653,0.001240182552
6108,0.001174304896,0.001259643395
6109,0.001184101457,0.001231837581
6110,0.001347915088,0.001033038439
6111,0.001041071591,0.001154274934
6112,0.001570685898,0.001018992123
6113,0.001248864733,0.001111450147
6114,0.001296262337,0.001256015472
6115,0.001213773525,0.00137634018
6116,0.001283825295,0.001198812024
6117,0.001274857961,0.000990236651
6118,0.001389584912,0.00118774474
6119,0.001275982671,0.001260513978
6120,0.001004216385,0.001223191073
6121,0.001249936147,0.001048024249
6122,0.001314870162,0.001206887217
6123,0.001130338882,0.00107866653
6124,0.001192803269,0.001292180306
6125,0.001198200742,0.001342247007
6126,0.001251598806,0.001145384165
6127,0.001258507102,0.001170521311
6128,0.001153816229,0.001216182114
6129,0.001034489957,0.001264064878
6130,0.001108901459,0.00115137815
6131,0.001106865493,0.001127902287
6132,0.001441079337,0.001124031231
6133,0.001068996738,0.001243248335
6134,0.00125683139,0.001255257033
6135,0.001249326087,0.001387763092
6136,0.001168239789,0.001197994687
6137,0.001029786268,0.001016376023
6138,0.00115797203,0.001147353898
6139,0.001199934712,0.001043998775
6140,0.001283953236,0.001100216745
6141,0.001134002945,0.001348317841
6142,0.00141431902,0.001189466479
6143,0.001136830862,0.00130019003
6144,0.001204517379,0.001195911682
6145,0.001214223004,0.001154334321
6146,0.00115693135,0.001181035295
6147,0.001244389008,0.001112285448
6148,0.001434101818,0.001371123988
6149,0.001166198148,0.001188118462
6150,0.001081979979,0.001216776014
6151,0.001205972316,0.001285761253
6152,0.001144043585,0.001167828756
6153,0.001242560676,0.001152002988
6154,0.001514042502,0.001235272459
6155,0.001346832061,0.00139503806
6156,0.001183927001,0.001379653215
6157,0.00120229095,0.001219820326
6158,0.001294139853,0.001230361268
6159,0.001157483806,0.001116999207
6160,0.001109449237,0.001097662178
6161,0.001083083953,0.001308638195
6162,0.001128113341,0.001110349585
6163,0.00124940143,0.001267451196
6164,0.001258737189,0.001108214485
6165,0.001177855163,0.001052942207
6166,0.001040080511,0.001199097052
6167,0.001281432305,0.001271589441
6168,0.001146440336,0.001067985489
6169,0.001411178484,0.001195374098
6170,0.001099504334,0.0009613342991
6171,0.001198059421,0.001063696538
6172,0.001046931968,0.001019188116
6173,0.001296838178,0.001138123953
6174,0.001288954969,0.001121538495
6175,0.001440566208,0.001187063361
6176,0.0012145082,0.001115208514
6177,0.001402046822,0.001260712532
6178,0.00126177416,0.00120197262
6179,0.001255998373,0.001155091522
6180,0.001223791012,0.001254303585
6181,0.001155602047,0.001028044055
6182,0.001073780986,0.001181240026
6183,0.001385942029,0.001164705522
6184,0.001089767589,0.0009709825244
6185,0.00126264018,0.001331961997
6186,0.001456321392,0.001230166505
6187,0.001288120984,0.001362562682
6188,0.001279228003,0.001320619951
6189,0.001247545915,0.001185769892
6190,0.001286155188,0.001248886379
6191,0.001271384121,0.001188601011
6192,0.00113051074,0.001195003242
6193,0.001450548705,0.001194389442
6194,0.001179978142,0.001233243194
6195,0.001271994348,0.00123753876
6196,0.001105996591,0.001151606411
6197,0.001366957775,0.001191709576
6198,0.001466501701,0.001171021031
6199,0.001171124466,0.001178762795
6200,0.001321485732,0.001082275856
6201,0.001234745119,0.001171577169
6202,0.00117110632,0.001139537395
6203,0.00115716974,0.001369872778
6204,0.001258317374,0.001313638873
6205,0.001242578648,0.00109295093
6206,0.001312061286,0.001097636174
6207,0.001181209518,0.001185002984
6208,0.001375404223,0.001157662504
6209,0.001217541816,0.0011459897
6210,0.001363427524,0.001287950072
6211,0.001344371776,0.001375971136
6212,0.00119870143,0.001133709113
6213,0.001112778045,0.001454433681
6214,0.001363625794,0.001184961351
6215,0.001113708364,0.001254143579
6216,0.001636900466,0.001182091743
6217,0.0011279545,0.001074431886
6218,0.001084046358,0.001226814253
6219,0.001024040816,0.001064307173
6220,0.001192276461,0.001380294401
6221,0.001209041431,0.0009992276027
6222,0.001219356207,0.001664686686
6223,0.001008417996,0.001083071438
6224,0.001244431107,0.001037530557
6225,0.001067383288,0.001258943084
6226,0.001109763878,0.000991614208
6227,0.001276822513,0.001130571603
6228,0.001268758104,0.001335240951
6229,0.001316380607,0.001186192967
6230,0.001485214751,0.001206125482
6231,0.001389458848,0.001205398366
6232,0.001187551607,0.001154725935
6233,0.001078596579,0.001234114243
6234,0.001285178179,0.001161201973
6235,0.001152118806,0.001123393202
6236,0.001195419245,0.00128047615
6237,0.001253991111,0.001129344048
6238,0.001014935391,0.001070035141
6239,0.001077539906,0.001209932692
6240,0.0009869439891,0.001103966883
6241,0.001079903384,0.001189139846
6242,0.001409405624,0.001019938129
6243,0.001197617901,0.00104901717
6244,0.001287128085,0.001165552916
6245,0.001082434821,0.001201471081
6246,0.001496880592,0.001165109803
6247,0.001236933749,0.0009582563944
6248,0.001117439591,0.00112675038
6249,0.001213333933,0.0009853667871
6250,0.001339307935,0.001020667856
6251,0.001205273948,0.001119781875
6252,0.001374538231,0.001262668375
6253,0.001137588522,0.001078893394
6254,0.001213867406,0.001095054693
6255,0.00106349156,0.001150170872
6256,0.001097030879,0.001207397087
6257,0.001120636814,0.001041367184
6258,0.001322064913,0.001156924787
6259,0.001223970088,0.001190655079
6260,0.001097165681,0.001243765648
6261,0.001244993815,0.001318976552
6262,0.001197133439,0.001218502592
6263,0.00167824651,0.001139697677
6264,0.001465089801,0.001214054893
6265,0.001171305448,0.001110982543
6266,0.001231969291,0.00119399534
6267,0.001220145874,0.001361236078
6268,0.00112033428,0.001230402966
6269,0.001049264647,0.001027038488
6270,0.001191089541,0.001406114527
6271,0.001357591158,0.001241570084
6272,0.001372582214,0.001168722789
6273,0.001131791461,0.001229247609
6274,0.00116646567,0.001264441322
6275,0.001541803707,0.001155475758
6276,0.00147855161,0.001060302027
6277,0.001086721844,0.001025130223
6278,0.001352687243,0.001139412139
6279,0.001271945679,0.001043723743
6280,0.001329634972,0.001215082208
6281,0.001330273466,0.0009032706803
6282,0.001149769349,0.001138164218
6283,0.00146283611,0.001456008868
6284,0.001323147015,0.0009630508066
6285,0.001391152611,0.001233988085
6286,0.001180450039,0.001078687994
6287,0.001039568189,0.001272292728
6288,0.001584124242,0.001133899961
6289,0.001119123182,0.001103953669
6290,0.001309991902,0.001219512364
6291,0.001223070074,0.001175142803
6292,0.001237605538,0.001157751147
6293,0.001046050536,0.00102880552
6294,0.001045901132,0.001084628675
6295,0.001075459615,0.001035977912
6296,0.001256118288,0.001309030406
6297,0.001353400607,0.001074722037
6298,0.001334256609,0.001095527521
6299,0.001070543294,0.0009862031002
6300,0.001331124331,0.001078961235
6301,0.001313354544,0.001146472045
6302,0.001320009455,0.00110849781
6303,0.001360508759,0.001368346893
6304,0.0009770496181,0.001109524885
6305,0.001215168297,0.0009797231105
6306,0.001079526701,0.001107114702
6307,0.001242275539,0.001096469736
6308,0.001212117437,0.00119283743
6309,0.001189205832,0.001290207278
6310,0.001254485622,0.001279387383
6311,0.001148241143,0.001310403066
6312,0.001161549895,0.001069804377
6313,0.001448391478,0.001120341753
6314,0.001338188442,0.001215224496
6315,0.001180873092,0.001080966933
6316,0.001271702786,0.001357305075
6317,0.00123770591,0.001213220254
6318,0.001364919728,0.001226444096
6319,0.001345192555,0.00120056067
6320,0.001194963756,0.001039739633
6321,0.001109841949,0.001299155148
6322,0.001058344344,0.001160245956
6323,0.001080072077,0.00111845052
6324,0.001185410001,0.001138673229
6325,0.001316922317,0.001104331284
6326,0.001341927818,0.001239262339
6327,0.00115624813,0.001017577008
6328,0.001464031899,0.0008566679389
6329,0.001197136444,0.00115253657
6330,0.001089847887,0.001032252672
6331,0.001282017904,0.0009974955829
6332,0.001242531886,0.001161902568
6333,0.001221355538,0.001043060256
6334,0.001321884039,0.001353555694
6335,0.001281687182,0.001202007443
6336,0.001141262481,0.001219178455
6337,0.001292289089,0.001056716654
6338,0.00113812591,0.001282262543
6339,0.001325473473,0.001321169635
6340,0.001224346895,0.001183982407
6341,0.001152456578,0.001110146819
6342,0.0009394366134,0.001084264324
6343,0.001059026712,0.001220884595
6344,0.001216265759,0.00121679368
6345,0.001207577669,0.001221783597
6346,0.001144804126,0.001228840149
6347,0.001178120481,0.001275383052
6348,0.001116674255,0.0011093133
6349,0.001312003355,0.001092084363
6350,0.001141693094,0.001076403678
6351,0.001178614053,0.001059510942
6352,0.001164638314,0.001086477685
6353,0.001100678332,0.001147169954
6354,0.001250435351,0.001234161173
6355,0.001337026537,0.001050366373
6356,0.0009954904526,0.00126607062
6357,0.001227857181,0.001213717856
6358,0.001240363497,0.001040241434
6359,0.001408464414,0.001107725766
6360,0.001087958517,0.001179388091
6361,0.001074431326,0.00123931087
6362,0.001417057683,0.00115766775
6363,0.001340029623,0.001181298881
6364,0.001178032995,0.001168368464
6365,0.001258234821,0.001017712428
6366,0.001227113622,0.001287271967
6367,0.001196660567,0.001425037291
6368,0.001262326652,0.001194057011
6369,0.001221395418,0.001172377823
6370,0.001326847705,0.001159574647
6371,0.001268443404,0.001127679832
6372,0.001200616629,0.001079180191
6373,0.001084479685,0.00126468431
6374,0.001065720935,0.001257507894
6375,0.001091528335,0.00093544829
6376,0.001069197817,0.001113930703
6377,0.001051095336,0.001402772497
6378,0.001131463214,0.001239295605
6379,0.001069663427,0.001217068369
6380,0.001218353376,0.001339127091
6381,0.001385308315,0.001078829489
6382,0.001179188417,0.001314626796
6383,0.001278324045,0.001039237417
6384,0.001248591805,0.001079147405
6385,0.001287222913,0.001112788996
6386,0.001261716803,0.001158158069
6387,0.001168342984,0.001111488389
6388,0.001169126124,0.001221149381
6389,0.0010940434,0.001313433524
6390,0.00116018291,0.001156704828
6391,0.001096633016,0.001298530522
6392,0.001052509971,0.001258819706
6393,0.001130999342,0.001159505424
6394,0.001076651955,0.001135971215
6395,0.001120364046,0.001179336956
6396,0.001367585712,0.001334699569
6397,0.001137842752,0.001051255946
6398,0.0009404640223,0.001092670485
6399,0.001243825085,0.001403398353
6400,0.001462177461,0.001488754482
6401,0.001085382311,0.001111570666
6402,0.001362789466,0.001140642264
6403,0.001069324418,0.00106413132
6404,0.001360282899,0.001136223276
6405,0.001117868182,0.001224866581
6406,0.001098217595,0.001031822641
6407,0.001320742587,0.001157239974
6408,0.001233236944,0.001167990238
6409,0.001279629905,0.001218642072
6410,0.001049619095,0.001199566468
6411,0.001342069059,0.0009588860485
6412,0.001205937006,0.001145707938
6413,0.001089170648,0.001212857554
6414,0.001163150861,0.001068437297
6415,0.001322068973,0.001212507501
6416,0.001247423628,0.001285424485
6417,0.00102902759,0.00102682921
6418,0.001129045537,0.001355533328
6419,0.001147199866,0.00141364021
6420,0.00127233057,0.001296574585
6421,0.001334834371,0.001278741991
6422,0.001480545892,0.001290790715
6423,0.001171799522,0.001205777262
6424,0.001286514984,0.001255291878
6425,0.001198297759,0.001096647269
6426,0.001297980954,0.00121583751
6427,0.001380032838,0.001306204664
6428,0.001222605963,0.001232474533
6429,0.001243522871,0.001090700462
6430,0.001108188189,0.001113520506
6431,0.001218123019,0.001189032431
6432,0.001032597691,0.001049921826
6433,0.00121484189,0.001053835011
6434,0.001320650677,0.001132554287
6435,0.001190014955,0.001162048356
6436,0.001257721517,0.001131270772
6437,0.001155872851,0.001246617809
6438,0.001292491339,0.001139092456
6439,0.001156172839,0.001200740102
6440,0.001264251929,0.001114780775
6441,0.001213266514,0.001109255521
6442,0.001096289336,0.001223060004
6443,0.001107926299,0.001223827683
6444,0.001246891137,0.00123878161
6445,0.001107961667,0.001099658504
6446,0.001106987809,0.001333310043
6447,0.001248427558,0.001161192944
6448,0.0009832621727,0.001286401261
6449,0.001514668693,0.001058919435
6450,0.001309209081,0.001099572815
6451,0.001142819558,0.001320980082
6452,0.001226262146,0.001153496713
6453,0.000988621905,0.001181827443
6454,0.001230519651,0.001201813633
6455,0.00142901051,0.001309024912
6456,0.00141261192,0.001126655574
6457,0.001249795787,0.0009903158862
6458,0.001140024688,0.001136248946
6459,0.001147862589,0.001122536189
6460,0.001304836653,0.001303894649
6461,0.001233046598,0.001172853823
6462,0.001342717755,0.001126337163
6463,0.001207240995,0.001372944826
6464,0.0009951581451,0.001106407704
6465,0.001335151086,0.001157345614
6466,0.001236229458,0.0009753961494
6467,0.001303803998,0.001000047065
6468,0.001175616824,0.00118073287
6469,0.001237848759,0.001212764204
6470,0.001397755666,0.001247824672
6471,0.001042117474,0.001192851043
6472,0.001174668854,0.001075069427
6473,0.001261481564,0.001202953601
6474,0.001165747934,0.001053092237
6475,0.001109141631,0.001188218746
6476,0.001169363954,0.001321065603
6477,0.001161347951,0.0009630473432
6478,0.001312140157,0.001005310623
6479,0.001292462912,0.001081788076
6480,0.001136273953,0.001209344191
6481,0.001311597938,0.001243827726
6482,0.001016815419,0.001014722067
6483,0.001224372361,0.001108472279
6484,0.00141483765,0.001089975929
6485,0.001391011632,0.001263613078
6486,0.001183665918,0.001146745446
6487,0.001318983079,0.001070529841
6488,0.001229863643,0.001089146725
6489,0.001522022896,0.001154966303
6490,0.001264628627,0.001228090106
6491,0.001344169723,0.001233529765
6492,0.001195224693,0.001010147345
6493,0.001109685531,0.001129590775
6494,0.001126718846,0.00125437438
6495,0.001222874998,0.001138631953
6496,0.001129845863,0.001151550779
6497,0.001056780879,0.001028310166
6498,0.001146462535,0.001332250045
6499,0.0009600362464,0.001070418359
6500,0.001255355412,0.001260062687
6501,0.001418785643,0.001097660272
6502,0.001225433967,0.001044475743
6503,0.001334866138,0.001234488846
6504,0.001321376112,0.0009867751505
6505,0.001163275265,0.001141415778
6506,0.001423580965,0.001058129361
6507,0.001163359746,0.001096360473
6508,0.001203070846,0.001261990757
6509,0.001205989887,0.001115038853
6510,0.001314270332,0.001168041585
6511,0.001367654841,0.001126304262
6512,0.001188192451,0.001080660113
6513,0.001023520512,0.001080465117
6514,0.001113262544,0.001249202927
6515,0.001177151426,0.001036429465
6516,0.001086355871,0.0011502665
6517,0.001365197037,0.001165293266
6518,0.001388752178,0.001321015196
6519,0.001220362887,0.001192333897
6520,0.001091876264,0.001292154382
6521,0.001224957028,0.001204147891
6522,0.001213384399,0.001190120965
6523,0.00120252098,0.001177713246
6524,0.001085857686,0.001070818529
6525,0.001406780248,0.001168894487
6526,0.00115865183,0.001297176568
6527,0.001030637075,0.001160630301
6528,0.001249795518,0.00103947505
6529,0.00114322087,0.001166851223
6530,0.00132452236,0.0009715421911
6531,0.001063621101,0.001241472863
6532,0.001237364078,0.001234104071
6533,0.001411070501,0.001004842379
6534,0.001128244206,0.001174062323
6535,0.001387751086,0.001082483606
6536,0.001270701265,0.001321712232
6537,0.001044104378,0.00106696225
6538,0.001242489867,0.001095402644
6539,0.00106753318,0.001045542573
6540,0.001274569491,0.001174333316
6541,0.001211317263,0.0009025219624
6542,0.00102501081,0.001171767661
6543,0.001099805973,0.001273269598
6544,0.001583984194,0.001228102148
6545,0.001313393936,0.001223372281
6546,0.001270593835,0.001114128761
6547,0.001306531776,0.0009882278755
6548,0.001295202375,0.001195268269
6549,0.00109968867,0.00116272903
6550,0.001204778288,0.001434459322
6551,0.001219300422,0.001217467558
6552,0.001184950721,0.001060740746
6553,0.001147654024,0.001107522556
6554,0.001165177011,0.001404527182
6555,0.001262803875,0.00118915482
6556,0.001352214509,0.001229847578
6557,0.001337065536,0.001039375056
6558,0.001253104194,0.001254878815
6559,0.001317964976,0.001094716914
6560,0.001251471323,0.001193702534
6561,0.001325890458,0.001278602002
6562,0.0009882914455,0.001208224734
6563,0.001080726128,0.001112222984
6564,0.001311641361,0.001063536634
6565,0.001235499418,0.001045971279
6566,0.001235444157,0.001474651508
6567,0.001186291614,0.001301190903
6568,0.001191092342,0.001194171942
6569,0.001100715832,0.00111245225
6570,0.001113621038,0.001150103766
6571,0.001240075813,0.00113238718
6572,0.001313289846,0.001214318079
6573,0.00124699049,0.001204986802
6574,0.00113062645,0.001231439994
6575,0.001262196478,0.001266796011
6576,0.001047844322,0.001127378091
6577,0.001209088521,0.001059237307
6578,0.001063992524,0.001234984265
6579,0.001000117561,0.001218220823
6580,0.001059150418,0.001051717554
6581,0.001124476854,0.001180513842
6582,0.00119591879,0.001129685923
6583,0.001197686928,0.0009775553772
6584,0.001031277374,0.001116301137
6585,0.001029213519,0.001093521554
6586,0.001115930405,0.001210189715
6587,0.001306303137,0.001024321464
6588,0.001089885729,0.001279216187
6589,0.001184802444,0.001046455101
6590,0.00124826769,0.001135573482
6591,0.001180742052,0.001115326879
6592,0.001019971591,0.00128566815
6593,0.001218148907,0.001128365584
6594,0.001064726428,0.001064685741
6595,0.001265578743,0.001386348595
6596,0.001282387348,0.001155049758
6597,0.001011991575,0.00110794085
6598,0.001315623078,0.001178500541
6599,0.001180858962,0.0009764404604
6600,0.001093502338,0.001124163267
6601,0.001210605471,0.001265683321
6602,0.001390546378,0.001297107265
6603,0.001338143949,0.001266390886
6604,0.001135229271,0.001037847498
6605,0.001743711779,0.001087316159
6606,0.001112154168,0.001102466005
6607,0.001097131746,0.001042617092
6608,0.001108580123,0.001275972048
6609,0.001371737169,0.001100963702
6610,0.001178682352,0.001321185016
6611,0.001160568187,0.001012377063
6612,0.001187748094,0.001131842466
6613,0.001176076534,0.001141199849
6614,0.001276099254,0.001190079194
6615,0.001151289493,0.001214442906
6616,0.001051199797,0.001084770265
6617,0.001382727503,0.000931801238
6618,0.001182082837,0.001071353123
6619,0.001299865631,0.001033741886
6620,0.001005761209,0.001197436541
6621,0.001310650659,0.001504587111
6622,0.001024184865,0.000979630895
6623,0.001130088196,0.001321827709
6624,0.001277665266,0.001087092198
6625,0.001383978117,0.001148708696
6626,0.001309022045,0.0009551913608
6627,0.00129386464,0.0009813686702
6628,0.001197997371,0.001134377642
6629,0.001131281184,0.001143770736
6630,0.001092478327,0.001092295846
6631,0.001085032585,0.001154417441
6632,0.001212887597,0.001217444413
6633,0.001070195103,0.001112405771
6634,0.001261023164,0.001275921648
6635,0.001065457727,0.001546360814
6636,0.001310051091,0.001139685977
6637,0.00110324187,0.001349783692
6638,0.001297093353,0.001141433466
6639,0.001006704922,0.001196766447
6640,0.001267218569,0.001122753092
6641,0.001190042429,0.001183699234
6642,0.001057234316,0.0008853004401
6643,0.001082743423,0.001344391363
6644,0.00130397168,0.001352496081
6645,0.001175365382,0.001031392741
6646,0.001124468996,0.001016783208
6647,0.001074906708,0.001170769676
6648,0.001011181303,0.001085497133
6649,0.001388690092,0.001038119211
6650,0.001146220922,0.00130758978
6651,0.001114271559,0.001085612566
6652,0.0009920066732,0.001188808288
6653,0.001349494487,0.0008949256007
6654,0.001167007707,0.00103154657
6655,0.001066980578,0.001349468621
6656,0.001218609876,0.0009995142973
6657,0.001090261278,0.001120411274
6658,0.001166507449,0.001188544906
6659,0.001121478621,0.001259488861
6660,0.001609043735,0.001211979419
6661,0.001394510255,0.001180059837
6662,0.001142403547,0.001160484659
6663,0.001355746688,0.001047190497
6664,0.0010371483,0.001278979784
6665,0.001261762671,0.001290323598
6666,0.001373092047,0.001172344659
6667,0.001025883786,0.0009978617309
6668,0.001028905135,0.001382796632
6669,0.00134064896,0.001163478111
6670,0.001259690303,0.001011758664
6671,0.00116442806,0.001200700317
6672,0.001206015331,0.0009803166831
6673,0.001440376858,0.001067862642
6674,0.001090503487,0.001147389165
6675,0.001075088672,0.00116402861
6676,0.001261780832,0.001020011674
6677,0.001204369903,0.001090622347
6678,0.001143798589,0.001091705053
6679,0.001388985671,0.001009786327
6680,0.001102304101,0.0009924451806
6681,0.001057341273,0.001225883025
6682,0.001211949624,0.001244648018
6683,0.001212497918,0.001089984682
6684,0.001137778076,0.001051208928
6685,0.000984282502,0.0009967688893
6686,0.001089571495,0.001081577146
6687,0.001472239106,0.001164969115
6688,0.001225099302,0.001097166649
6689,0.0009682305536,0.001175017656
6690,0.001096472581,0.001042562559
6691,0.001170897995,0.001265583225
6692,0.001259241973,0.001026351682
6693,0.001329930907,0.001116072934
6694,0.00114881125,0.001199899569
6695,0.00115293049,0.001274327507
6696,0.001367097306,0.000989898399
6697,0.00125687354,0.001204821223
6698,0.000996020317,0.001353057392
6699,0.001186847468,0.001223684325
6700,0.001043855875,0.001059082999
6701,0.0009253922181,0.001143426685
6702,0.001288856292,0.001079820868
6703,0.001201476487,0.00113808905
6704,0.001252280563,0.001162612083
6705,0.001101761292,0.001127575706
6706,0.001089759004,0.001283317375
6707,0.001183754561,0.001034022032
6708,0.00148142135,0.001187854541
6709,0.001153823774,0.001288850151
6710,0.001159223415,0.001313309323
6711,0.001023204924,0.001044151999
6712,0.001105478892,0.001309464118
6713,0.001223807223,0.001004284255
6714,0.00116451949,0.001164823188
6715,0.001038857292,0.00106211548
6716,0.001098350986,0.001062905154
6717,0.001389849313,0.001363432821
6718,0.001233039715,0.001242049591
6719,0.001075892862,0.001180124949
6720,0.001443489127,0.00113375231
6721,0.001158212581,0.001073875123
6722,0.001295781789,0.001007669824
6723,0.001228045396,0.001162268774
6724,0.001192653028,0.001342999887
6725,0.001206939654,0.001206981855
6726,0.001105451127,0.001074792839
6727,0.001183196582,0.001241192775
6728,0.001344637945,0.001146311421
6729,0.001059703602,0.001237398727
6730,0.001269234504,0.00111955154
6731,0.001020111951,0.001122785812
6732,0.001325233367,0.0009159387409
6733,0.001138615968,0.001075987282
6734,0.001074627326,0.001047090394
6735,0.001309451203,0.001049203485
6736,0.0009507854993,0.00123509235
6737,0.001159107102,0.001225492844
6738,0.001333460903,0.001257582568
6739,0.001178358994,0.001014632056
6740,0.001145739057,0.001065616438
6741,0.001168306451,0.001273704453
6742,0.001137095722,0.001047256323
6743,0.001111682272,0.001286251121
6744,0.001077812449,0.001046905687
6745,0.001113082901,0.0009714592161
6746,0.00114588486,0.001070276805
6747,0.001201352701,0.001276320887
6748,0.001517330871,0.001050886145
6749,0.001154500853,0.001106719057
6750,0.00144705025,0.001067065605
6751,0.001098558241,0.001136344588
6752,0.001120734923,0.001188441107
6753,0.001160414628,0.001055960354
6754,0.001128483447,0.00102103797
6755,0.001266487088,0.001245625324
6756,0.001003117308,0.001053765503
6757,0.001067001227,0.001175816018
6758,0.001109592042,0.00124746887
6759,0.001140318513,0.001132996294
6760,0.001252743517,0.001146462484
6761,0.00128140056,0.001066116834
6762,0.001127049502,0.0008548150581
6763,0.001060397546,0.001039006573
6764,0.001040534204,0.001147093193
6765,0.001145353672,0.0009567983361
6766,0.00118009009,0.001156835831
6767,0.001179627921,0.00109402895
6768,0.001236192133,0.001078137233
6769,0.001268029286,0.001123227019
6770,0.001054601184,0.001203476531
6771,0.001154091522,0.001019218194
6772,0.001287156971,0.001044634992
6773,0.001148484829,0.001021883189
6774,0.001000722972,0.001345102151
6775,0.0009750855606,0.001057241039
6776,0.001005497048,0.001115187799
6777,0.001185441761,0.001089898069
6778,0.001056116278,0.001098486769
6779,0.001116574909,0.001181973697
6780,0.00104152054,0.001155575897
6781,0.001075118846,0.001113795719
6782,0.001323286589,0.001098717745
6783,0.001244516418,0.001051409359
6784,0.001205033986,0.001062377385
6785,0.001117455024,0.001012196153
6786,0.001183940985,0.00107411424
6787,0.0009016807599,0.001200689301
6788,0.001093699582,0.00102245067
6789,0.001062208736,0.00113032783
6790,0.0009225368558,0.001019541414
6791,0.001095450411,0.0009655420145
6792,0.001087691227,0.001173292607
6793,0.00110013855,0.001140760061
6794,0.001057791858,0.001020196265
6795,0.00120027201,0.0010857702
6796,0.001323971119,0.001175170699
6797,0.001267062136,0.0009439490896
6798,0.0009964499623,0.001224187552
6799,0.001058599621,0.001125230112
6800,0.001014857859,0.00122379094
6801,0.00103357777,0.001045379242
6802,0.001352665393,0.001078930341
6803,0.001056342662,0.0009829866322
6804,0.001419628359,0.001127135554
6805,0.001037299466,0.001287692037
6806,0.001223555053,0.001104561037
6807,0.001053094842,0.001492013274
6808,0.001023371769,0.001165621477
6809,0.00105655771,0.001174137811
6810,0.001255447773,0.001206323293
6811,0.001111795995,0.001133058016
6812,0.001066475939,0.0009665699836
6813,0.001311421562,0.001088114361
6814,0.001200516679,0.001240749261
6815,0.0009990384933,0.001130408622
6816,0.001054485387,0.001120487665
6817,0.001204545035,0.001101578186
6818,0.0008956019374,0.00102047564
6819,0.001323294891,0.00109056216
6820,0.00106293468,0.001058539638
6821,0.001161949491,0.001168604809
6822,0.00120203296,0.001203092754
6823,0.001315752343,0.001007443148
6824,0.001095123538,0.0009897424607
6825,0.0009905149491,0.001117721549
6826,0.001188768554,0.001035406189
6827,0.001165136375,0.001252662289
6828,0.00129692172,0.001074836153
6829,0.001122879847,0.0009172953869
6830,0.001206437169,0.001022060751
6831,0.001176066908,0.001099480854
6832,0.001107405675,0.001061538256
6833,0.001178108956,0.001176378661
6834,0.001137890926,0.001247816428
6835,0.001142061992,0.001008374231
6836,0.001187082911,0.001253319519
6837,0.00116735277,0.001205296699
6838,0.001152983081,0.001164993686
6839,0.0009984036296,0.001046408906
6840,0.001297045339,0.001094979052
6841,0.001191979238,0.001016937757
6842,0.0009979131719,0.001049713908
6843,0.001178187616,0.001185646703
6844,0.001097530214,0.001123918955
6845,0.001352430576,0.001074949483
6846,0.0009480025183,0.001098483946
6847,0.001068710917,0.001108484728
6848,0.001296930146,0.0009589484107
6849,0.001089012723,0.00105728973
6850,0.001004193109,0.001181713022
6851,0.001161465909,0.001234390496
6852,0.001128526841,0.001033292923
6853,0.001210640025,0.001132796882
6854,0.001135433202,0.001098204651
6855,0.001130989498,0.001165120681
6856,0.001221352839,0.001173602803
6857,0.001024173289,0.001009738568
6858,0.001211504066,0.001365298871
6859,0.001291769368,0.0011542559
6860,0.001203554275,0.001049683298
6861,0.001083900155,0.001027116581
6862,0.001323967423,0.001172757737
6863,0.001124956529,0.001154764868
6864,0.00104350075,0.001059978116
6865,0.001177798556,0.001089950674
6866,0.001127807132,0.001241084596
6867,0.001160407461,0.001112001628
6868,0.001105456176,0.001203510481
6869,0.0009819488841,0.001077334739
6870,0.001216474884,0.0009247957132
6871,0.001089625155,0.001048847378
6872,0.001078629895,0.001164567155
6873,0.001001127537,0.001003453166
6874,0.001160004409,0.001166900867
6875,0.001132525431,0.001118771565
6876,0.001157431245,0.001124524468
6877,0.001172482065,0.001158984727
6878,0.001064143049,0.001005963124
6879,0.0009700216615,0.001085034091
6880,0.001118646447,0.001066694975
6881,0.001275462142,0.001072606872
6882,0.001076324508,0.0008437880024
6883,0.001310529151,0.001116023675
6884,0.00114317402,0.001053199172
6885,0.001070795595,0.0009957545772
6886,0.001098780012,0.00108537903
6887,0.00121318279,0.001263628357
6888,0.00105359422,0.001109610035
6889,0.001110660553,0.001163463116
6890,0.001107912227,0.0009316795258
6891,0.001129574419,0.0008979537233
6892,0.001184433029,0.001208721893
6893,0.001145516573,0.001096731743
6894,0.001035598834,0.00128580528
6895,0.0009431957369,0.001019491494
6896,0.001183381522,0.000959806348
6897,0.001267825173,0.001042993965
6898,0.001152311313,0.001040289411
6899,0.001009547472,0.001079205344
6900,0.001235229334,0.0009610840207
6901,0.001196978868,0.0009967418955
6902,0.00122448703,0.001217107259
6903,0.001012112603,0.001057322123
6904,0.001143379915,0.0009744827767
6905,0.0012622824,0.001037858172
6906,0.001252221584,0.001281061086
6907,0.001293759036,0.00111955783
6908,0.001117841421,0.001131119308
6909,0.001142243425,0.001311314867
6910,0.001354233304,0.0009461738155
6911,0.001003396901,0.001180414038
6912,0.001196829478,0.001157147337
6913,0.001021398835,0.001133676371
6914,0.001368785976,0.001182063839
6915,0.001085011529,0.00111484783
6916,0.001212823314,0.001024132602
6917,0.001010895015,0.0009911283341
6918,0.00118414373,0.001135071958
6919,0.001237645811,0.001034106681
6920,0.0009347522282,0.00112930825
6921,0.00110090142,0.001121155576
6922,0.001117602354,0.001099375266
6923,0.001147657851,0.001038417788
6924,0.001081605304,0.001073051033
6925,0.001278512122,0.001098000037
6926,0.001369369427,0.001140442859
6927,0.001207702917,0.000994014692
6928,0.0010158937,0.001165888862
6929,0.001257506105,0.001057525151
6930,0.001095760825,0.001036473266
6931,0.0009900367877,0.001215804463
6932,0.00119703434,0.001154688187
6933,0.001119733672,0.001169317205
6934,0.001179674495,0.001116658386
6935,0.001163454144,0.001077523659
6936,0.001140314089,0.001112236772
6937,0.001159885825,0.001067849109
6938,0.001118398606,0.00114012479
6939,0.001237035598,0.001214631913
6940,0.001136857056,0.0009009572386
6941,0.001109296973,0.001004507998
6942,0.001025126527,0.001244540217
6943,0.001076055807,0.001040927549
6944,0.001144193389,0.001016205068
6945,0.001100923677,0.001175374033
6946,0.001018884512,0.00100332615
6947,0.001224475403,0.001177633734
6948,0.001078646004,0.001148716896
6949,0.001312043547,0.0009369807085
6950,0.001039051662,0.001050726794
6951,0.0009519320884,0.001169566516
6952,0.0012298375,0.001117280211
6953,0.001141925037,0.001063799922
6954,0.001151606884,0.001310709791
6955,0.001146333212,0.001196260113
6956,0.00119993378,0.001115368337
6957,0.001220268576,0.001147340721
6958,0.001183437373,0.001165933274
6959,0.001164171219,0.001052784013
6960,0.001153933939,0.001039679002
6961,0.001234734518,0.00101638792
6962,0.001143734473,0.001140678571
6963,0.001386575103,0.001100292619
6964,0.00096652926,0.001137538871
6965,0.001264631857,0.001383938004
6966,0.001109571625,0.0009282776809
6967,0.001380875641,0.001278432501
6968,0.001233779789,0.000985651146
6969,0.001128928387,0.001192917371
6970,0.001221492596,0.001060508941
6971,0.001089186124,0.001171055213
6972,0.001130862387,0.001213850206
6973,0.0009315642455,0.00106424011
6974,0.001220175785,0.0012736063
6975,0.001255629708,0.001008543259
6976,0.001032114102,0.00118305772
6977,0.001134481427,0.0008935280712
6978,0.001146413626,0.001202697196
6979,0.001163130371,0.001382211078
6980,0.001292705994,0.001050134146
6981,0.001106413612,0.001076084882
6982,0.001301197,0.001230426475
6983,0.001439871608,0.001203534681
6984,0.00121784267,0.001048015445
6985,0.001279418328,0.001195182274
6986,0.0011233033,0.001026328209
6987,0.001290971712,0.001267038017
6988,0.001091472688,0.001026256323
6989,0.001114575149,0.001129410724
6990,0.001161386928,0.0009919033109
6991,0.001234410687,0.001176558799
6992,0.00113045262,0.001100329013
6993,0.001109152014,0.001157836152
6994,0.001181995067,0.001359181064
6995,0.001299970238,0.001029187166
6996,0.001104043491,0.001111779275
6997,0.001072052582,0.0009773278362
6998,0.00114648309,0.001300223346
6999,0.001261104902,0.001038907671
7000,0.001055625755,0.001219657795
7001,0.0009882854065,0.0009402029464
7002,0.000938995443,0.001345964185
7003,0.001162390472,0.001092994695
7004,0.00137577398,0.001111714635
7005,0.001199580918,0.001198138671
7006,0.001128334843,0.0008973995355
7007,0.001159478583,0.001212235453
7008,0.001184137618,0.001219033802
7009,0.0009551776675,0.001010602187
7010,0.0009420132847,0.00106458654
7011,0.0009869623391,0.001018492752
7012,0.001171284173,0.001130324512
7013,0.001052296757,0.001037794507
7014,0.001051436957,0.001012136941
7015,0.001244443985,0.0009488404685
7016,0.001014099034,0.001116126521
7017,0.001123212707,0.0009668943385
7018,0.001098206594,0.0009852044313
7019,0.00116377887,0.001024171746
7020,0.001024729012,0.001104784758
7021,0.001320635514,0.001133189551
7022,0.001056482964,0.001056156449
7023,0.001297053132,0.001141252033
7024,0.001154289617,0.001148465744
7025,0.001348146427,0.000977352247
7026,0.001181351465,0.001194068274
7027,0.001098323803,0.001001681885
7028,0.001090236517,0.001254735624
7029,0.001172754615,0.001169377232
7030,0.00127544412,0.00110825686
7031,0.001110808727,0.001160074426
7032,0.001106760486,0.001100819893
7033,0.001059549599,0.001067068653
7034,0.00125329625,0.0009388546241
7035,0.001239638135,0.001067692305
7036,0.001241630504,0.001143441645
7037,0.001305920945,0.001203550994
7038,0.001096843473,0.001156399012
7039,0.001211813265,0.001151980643
7040,0.001133467595,0.00108284926
7041,0.001206455381,0.001349137594
7042,0.001114109335,0.001092152481
7043,0.001066321958,0.001141566347
7044,0.001083402989,0.001057726156
7045,0.001057179186,0.001022900127
7046,0.001227589317,0.0009174517254
7047,0.001273100948,0.001089877027
7048,0.001165297726,0.00130252471
7049,0.001459069506,0.001077469831
7050,0.001130924218,0.001177344689
7051,0.001155219237,0.001071494175
7052,0.0009846335815,0.001047736048
7053,0.001241322127,0.001173344535
7054,0.001130541204,0.001055618595
7055,0.001046172598,0.001050351428
7056,0.001039652168,0.001071917366
7057,0.001059226473,0.001078391317
7058,0.001190455521,0.00115495309
7059,0.0009641329016,0.001037748109
7060,0.001081922732,0.001004444865
7061,0.001357287489,0.001410686382
7062,0.001114677747,0.001068215723
7063,0.001128993899,0.00106939426
7064,0.001179448511,0.001159940621
7065,0.001209176815,0.001143856389
7066,0.001218690646,0.0009365410369
7067,0.001153761492,0.00144956632
7068,0.001129685261,0.001241363701
7069,0.001135171638,0.001119406727
7070,0.001145110698,0.000992911715
7071,0.001132032507,0.001125123388
7072,0.001028670697,0.001023606928
7073,0.001157939412,0.001055917019
7074,0.001087046905,0.001236801807
7075,0.001351070969,0.00109449165
7076,0.001274296657,0.001270653658
7077,0.001112464663,0.0009082797114
7078,0.001204916647,0.00111337105
7079,0.001110030913,0.001006025675
7080,0.00109391864,0.001187708775
7081,0.001088356825,0.001185478926
7082,0.0009889383218,0.0009808655159
7083,0.001035798843,0.0009403592267
7084,0.001237658136,0.001084827985
7085,0.001069910177,0.001069743426
7086,0.001231478098,0.001102872011
7087,0.001465366295,0.001112467151
7088,0.00111707313,0.001237794873
7089,0.001359419679,0.001145428723
7090,0.001031362721,0.00110761934
7091,0.001026701757,0.001274037386
7092,0.001045212019,0.001045674886
7093,0.001100724796,0.0009512105898
7094,0.001405367264,0.001111779296
7095,0.001192632917,0.00100776898
7096,0.001127266529,0.001326327147
7097,0.00109771415,0.001256104828
7098,0.001130894474,0.001232806913
7099,0.001117090673,0.001206832159
7100,0.001137634536,0.00105023542
7101,0.001079641559,0.001105944772
7102,0.001260060802,0.000845351613
7103,0.001217128367,0.001096600245
7104,0.001055112101,0.001357084337
7105,0.001008432308,0.001198191734
7106,0.001189811206,0.001109390098
7107,0.001008230553,0.001032293272
7108,0.001043631266,0.001045937999
7109,0.001103726056,0.001312373854
7110,0.00102717337,0.001068295453
7111,0.001103410017,0.0009736640059
7112,0.001086669014,0.001147217699
7113,0.001160630381,0.0009906303749
7114,0.001279984193,0.001103213181
7115,0.001099911125,0.001043998127
7116,0.001192286618,0.001161448345
7117,0.001304926416,0.001177982966
7118,0.001046296689,0.001023861267
7119,0.001102429385,0.001130578923
7120,0.001167468516,0.001163259905
7121,0.001268022002,0.0009882916929
7122,0.001084098803,0.001184395223
7123,0.001449394753,0.001089384292
7124,0.001255898358,0.001064622164
7125,0.0009641308206,0.0009517291619
7126,0.00128410101,0.001025588936
7127,0.001092951323,0.001113371429
7128,0.001190072217,0.0009835607416
7129,0.00095821992,0.001115961524
7130,0.001022947778,0.001020143492
7131,0.001076314009,0.001041351636
7132,0.001115090141,0.001069164704
7133,0.001262197024,0.001228511202
7134,0.001229241054,0.001061484538
7135,0.001029390492,0.00112829313
7136,0.001150012482,0.001098671331
7137,0.001203080152,0.001096047636
7138,0.001074767984,0.00122434277
7139,0.001017915063,0.001068668542
7140,0.00108505028,0.001153864068
7141,0.001054437533,0.001082176299
7142,0.0009643706144,0.001018103074
7143,0.0009923434409,0.001188034352
7144,0.001103066694,0.001186767018
7145,0.001003231344,0.001105459749
7146,0.001210989052,0.0009958536102
7147,0.001018820796,0.001085514748
7148,0.001173976649,0.001202646898
7149,0.001239989571,0.00110429449
7150,0.001354590946,0.001060065086
7151,0.001275167611,0.001326340956
7152,0.001154179612,0.001003400903
7153,0.001090466038,0.001081441049
7154,0.001036240123,0.0009858788253
7155,0.0009487975258,0.0009900876757
7156,0.001090626298,0.001243452905
7157,0.001190591691,0.001099772504
7158,0.001085257929,0.001232970928
7159,0.0009848822083,0.001070716324
7160,0.0009536602302,0.00125440766
7161,0.001312559914,0.00122315676
7162,0.001121333022,0.001063642951
7163,0.001067134574,0.001075769083
7164,0.001043459895,0.0009347828236
7165,0.001100968817,0.001126191244
7166,0.001172472737,0.0009863717205
7167,0.001118384353,0.001120282563
7168,0.001206257533,0.001052560889
7169,0.0009444138486,0.001142071938
7170,0.001215128003,0.001180855572
7171,0.001140821078,0.0009389189072
7172,0.001132011981,0.00135084612
7173,0.001223872903,0.001306728373
7174,0.001098199544,0.001091746875
7175,0.001143852664,0.001037953516
7176,0.001253156581,0.001203338703
7177,0.0009880416837,0.001135118757
7178,0.001094375075,0.001236842334
7179,0.001343573327,0.00116152093
7180,0.001232336741,0.001568133404
7181,0.001013355177,0.001002218167
7182,0.001453246135,0.00115497622
7183,0.001292005312,0.001292102032
7184,0.001094541527,0.001053276472
7185,0.00106636015,0.001019815521
7186,0.0009538144222,0.001133900972
7187,0.001127283191,0.001281563098
7188,0.00138834618,0.0009684203033
7189,0.0009658117342,0.001154771933
7190,0.001312882705,0.001090977225
7191,0.001259045239,0.00116721369
7192,0.001050740793,0.001168412375
7193,0.001100304849,0.001021053016
7194,0.001076773282,0.001024148893
7195,0.0009905300758,0.001104404211
7196,0.001099854344,0.001100951195
7197,0.00132247185,0.0009500784581
7198,0.001242726619,0.00101658763
7199,0.001017054157,0.001152778314
7200,0.001094538682,0.001072775405
7201,0.0009959009694,0.001058251757
7202,0.001039468123,0.001180283507
7203,0.001211957533,0.001153914483
7204,0.001225609529,0.001071868326
7205,0.001150793651,0.001250230103
7206,0.001124517439,0.00134235165
7207,0.001411605961,0.001045399491
7208,0.00117955188,0.0008664460183
7209,0.001082698313,0.001197291669
7210,0.001098553672,0.001156975479
7211,0.001080030706,0.001122739901
7212,0.001029937201,0.001135775623
7213,0.001084978961,0.001167143331
7214,0.001281308192,0.001233437688
7215,0.00106753307,0.001138743261
7216,0.001219275051,0.001198847931
7217,0.001279146578,0.000963574952
7218,0.001082108858,0.001055071371
7219,0.001157706254,0.001102072056
7220,0.001297593866,0.001014549292
7221,0.001239736965,0.001126711424
7222,0.001077060748,0.001356181732
7223,0.001152108583,0.00107712896
7224,0.0009412438376,0.001187869471
7225,0.001127672935,0.001236003925
7226,0.0009906116684,0.001155184815
7227,0.00117537794,0.001083747055
7228,0.001201534942,0.001358577647
7229,0.001126023533,0.0009556679433
7230,0.001175538768,0.001123239941
7231,0.001356269509,0.001107211894
7232,0.001137783707,0.001179964544
7233,0.001187443377,0.001086268778
7234,0.00116188774,0.001177321625
7235,0.001161984335,0.001129997363
7236,0.0009349199827,0.001172843295
7237,0.001059423848,0.001089059464
7238,0.001064906457,0.001130130135
7239,0.001088979159,0.001015850801
7240,0.001086002594,0.001256669442
7241,0.00107076241,0.0009582813582
7242,0.001198454767,0.001371119462
7243,0.001018973191,0.0009981319381
7244,0.001151000521,0.00102394836
7245,0.001048483122,0.001181638385
7246,0.001278678385,0.0009963598422
7247,0.001181474945,0.001342698721
7248,0.0009703279939,0.0009859121128
7249,0.001219706668,0.00111215208
7250,0.001198655977,0.0008812091837
7251,0.001307890168,0.001323120174
7252,0.0009383612778,0.000990040855
7253,0.001137740212,0.00113292069
7254,0.001174262383,0.001210188093
7255,0.001315471425,0.001018558643
7256,0.001196467441,0.001026422004
7257,0.0009339131575,0.001007526625
7258,0.001187466034,0.001147358023
7259,0.0009332959962,0.0009710020095
7260,0.0009561631377,0.001070704864
7261,0.001004344827,0.001084351134
7262,0.001215429824,0.001091120837
7263,0.00129287137,0.001072573396
7264,0.001345554265,0.001247462758
7265,0.001002499812,0.001040681076
7266,0.001113907303,0.000963699058
7267,0.001100151923,0.001176259262
7268,0.001115418279,0.0009671606458
7269,0.001067405923,0.001153063415
7270,0.001020090756,0.00103210102
7271,0.001062346491,0.001076393411
7272,0.00109440949,0.00111152303
7273,0.001144790142,0.001037519694
7274,0.001080434609,0.001019816169
7275,0.000897633814,0.001006398888
7276,0.001130635319,0.0009433980813
7277,0.001024943689,0.001110195924
7278,0.0009722696996,0.001025190002
7279,0.001096584267,0.000978183285
7280,0.001005270002,0.001023089026
7281,0.0008546385216,0.0009670233921
7282,0.001038236616,0.001125074734
7283,0.00117815203,0.001063728028
7284,0.001149373267,0.001039045332
7285,0.001136993698,0.0009565826113
7286,0.00123447962,0.001027737198
7287,0.001099951689,0.001038158611
7288,0.001029975174,0.0009960552561
7289,0.001233739182,0.001032940992
7290,0.001191235853,0.001122278918
7291,0.0009887915148,0.001138324034
7292,0.001024485588,0.0009355090151
7293,0.00123710202,0.001376666398
7294,0.001089891521,0.001150834039
7295,0.001044995544,0.001029132116
7296,0.001124759547,0.001037301234
7297,0.001133754333,0.001052221894
7298,0.001149872609,0.001102356313
7299,0.001348629165,0.001092562481
7300,0.0009713696927,0.001124509829
7301,0.0012197861,0.0009886806001
7302,0.001127581971,0.000982892976
7303,0.001083826857,0.001268370463
7304,0.001120019653,0.001040418931
7305,0.001127159747,0.001134804028
7306,0.001330688799,0.001192655196
7307,0.001069497033,0.001188602939
7308,0.001229191381,0.001224398446
7309,0.0009298707009,0.0009323195554
7310,0.00106698896,0.001122298796
7311,0.00120815952,0.00115195031
7312,0.0009568524765,0.001075780063
7313,0.001340214876,0.0009533977282
7314,0.001167592003,0.001239190547
7315,0.0009036621268,0.00125618295
7316,0.001118905908,0.001172551776
7317,0.0009451675214,0.00122482513
7318,0.00102393196,0.0009601830607
7319,0.001109850811,0.001255543393
7320,0.001171187134,0.001088215853
7321,0.0009403555887,0.001095707194
7322,0.00119337895,0.0009190563942
7323,0.001161351538,0.001128864358
7324,0.001213818679,0.001202122898
7325,0.001137347826,0.001007458472
7326,0.001218779544,0.00104095156
7327,0.001136707615,0.0009249930663
7328,0.001173316392,0.001036970767
7329,0.001184367255,0.001028097184
7330,0.000931397095,0.001287098698
7331,0.001221565442,0.00114569562
7332,0.000993632173,0.001231212154
7333,0.0009856944889,0.001153396959
7334,0.001203009779,0.001034816181
7335,0.001088054072,0.001163174253
7336,0.00117138643,0.0009636206232
7337,0.001215605822,0.001012367044
7338,0.001013833928,0.001106441319
7339,0.001279423035,0.00110573203
7340,0.001227006738,0.001055701556
7341,0.0009205728638,0.001070506201
7342,0.001079058777,0.001166831404
7343,0.001128160409,0.00108218129
7344,0.00111950525,0.001179584448
7345,0.001221736449,0.001137824707
7346,0.001075141648,0.001125410323
7347,0.00115334375,0.001052198073
7348,0.001041721225,0.001163030254
7349,0.001188352195,0.001082409093
7350,0.001170632022,0.001172945886
7351,0.001057248526,0.0009964387282
7352,0.001014619891,0.0009682336968
7353,0.001054652268,0.001172301556
7354,0.001085218573,0.001018437375
7355,0.001031350395,0.001031271764
7356,0.00125248055,0.001157045488
7357,0.001074056148,0.001204476968
7358,0.001011993045,0.001114975719
7359,0.001025978912,0.00111046157
7360,0.00121312288,0.001048222555
7361,0.001082209099,0.001196241035
7362,0.001094997999,0.001084319716
7363,0.00115734787,0.001049153187
7364,0.001125359006,0.00116657016
7365,0.001024341997,0.001158899118
7366,0.000998035197,0.001013688168
7367,0.001482554057,0.000908809212
7368,0.0009910724693,0.001130887504
7369,0.001156567174,0.0009728814402
7370,0.0009801744309,0.001048267783
7371,0.001012541841,0.001195655299
7372,0.001104951407,0.001077866742
7373,0.001179320978,0.001103596944
7374,0.001069599639,0.001212832845
7375,0.001162367684,0.001063800286
7376,0.001371714374,0.001103042181
7377,0.001209556511,0.001153299221
7378,0.0009857308251,0.000948412111
7379,0.001010335174,0.001087376222
7380,0.001065595708,0.001177510567
7381,0.00111475731,0.001078160312
7382,0.00126305411,0.001164573361
7383,0.001269729641,0.001236613629
7384,0.001189503884,0.001107963639
7385,0.001069217455,0.001050335079
7386,0.001073891443,0.001096046974
7387,0.001389756733,0.001144881673
7388,0.001353524582,0.001236280383
7389,0.001392449674,0.001038118018
7390,0.0009770331162,0.001196744939
7391,0.001064041411,0.001432724443
7392,0.001250354842,0.001084328753
7393,0.001086202676,0.001208200294
7394,0.001071279701,0.001206622575
7395,0.00101963956,0.001108313278
7396,0.001242116974,0.001082233102
7397,0.0009529363888,0.0008965778979
7398,0.001217705467,0.001074738015
7399,0.001230153299,0.001081399365
7400,0.001123694383,0.001101530463
7401,0.001046417536,0.001091123784
7402,0.0009549211318,0.001129450015
7403,0.001154703685,0.001125607043
7404,0.001259316654,0.001191475676
7405,0.001059006609,0.0009403262375
7406,0.001108537494,0.00102260906
7407,0.0009918493015,0.001080908209
7408,0.001229436348,0.001311275599
7409,0.0009825282468,0.001058916052
7410,0.001252288683,0.001183273314
7411,0.00104202253,0.001295128648
7412,0.001229045214,0.001173269178
7413,0.001169973402,0.0009516239152
7414,0.001387775781,0.001066890043
7415,0.001065274097,0.001237841607
7416,0.001306370956,0.001135257531
7417,0.0008921713015,0.0009763893831
7418,0.001165872964,0.001184930115
7419,0.001296289309,0.001084380798
7420,0.001081160757,0.0009480732479
7421,0.001210327071,0.00104471315
7422,0.00109154464,0.001068444879
7423,0.001067454439,0.001196955651
7424,0.001092994469,0.001045495686
7425,0.001214681863,0.000960980753
7426,0.0009491950477,0.001100190464
7427,0.00102808806,0.001141172455
7428,0.001221646584,0.001073873558
7429,0.001381251983,0.001033625551
7430,0.001375364096,0.001177964979
7431,0.001063999225,0.001080547911
7432,0.001211991512,0.001054272434
7433,0.001176039092,0.001053161759
7434,0.00122996595,0.001064885182
7435,0.001071833634,0.00108764544
7436,0.001103357303,0.001237094635
7437,0.001143025496,0.001058756381
7438,0.001057302012,0.0009432984007
7439,0.001340026691,0.001144201167
7440,0.001160791893,0.000979370714
7441,0.00103766573,0.0009153049032
7442,0.001022244367,0.001103744318
7443,0.0009743278206,0.001169756011
7444,0.001156390594,0.001032529384
7445,0.001234737763,0.001022522571
7446,0.001034522109,0.0009277814752
7447,0.001300421485,0.0009630134955
7448,0.001186680987,0.0009367409875
7449,0.001095626896,0.0009670279906
7450,0.001278591226,0.001230435162
7451,0.001010332482,0.00112223185
7452,0.001138359068,0.001043492266
7453,0.001007418527,0.001057847454
7454,0.001206873021,0.001155386512
7455,0.001117930027,0.001071280349
7456,0.001026114245,0.0009541957988
7457,0.001189320108,0.001268210821
7458,0.001071626742,0.001012367764
7459,0.001215766424,0.001093003913
7460,0.001159790561,0.0009744547497
7461,0.00115799503,0.00119958783
7462,0.001030119172,0.0008995700919
7463,0.001089752375,0.001032538668
7464,0.001162720378,0.001099214744
7465,0.001297255629,0.0008988068148
7466,0.001010545966,0.0009612556387
7467,0.001070110702,0.001191589661
7468,0.001084933072,0.0009365138394
7469,0.001140018932,0.001016050148
7470,0.001136140367,0.0009515303973
7471,0.001149034906,0.001004104866
7472,0.001204297492,0.00115318095
7473,0.001159480955,0.001047762213
7474,0.001155113801,0.0009897525742
7475,0.001063270916,0.0009343955317
7476,0.001420726549,0.001036080903
7477,0.001113895945,0.001016191207
7478,0.001188274,0.0008692613264
7479,0.001183735949,0.001055834204
7480,0.001181234642,0.001001373894
7481,0.001030583553,0.0009988827733
7482,0.001160955333,0.001099331472
7483,0.001064836557,0.0009142967319
7484,0.001156444348,0.001035676258
7485,0.001185211484,0.001079130256
7486,0.001042326032,0.001042289703
7487,0.001084349809,0.001144990725
7488,0.001031598418,0.001026514947
7489,0.001226702872,0.0008995139069
7490,0.001097863984,0.001265470099
7491,0.001034475834,0.001100264635
7492,0.001105742595,0.001015870461
7493,0.00134308725,0.001072647559
7494,0.001282040816,0.001197262842
7495,0.00101283961,0.001068890175
7496,0.001213639793,0.001050320592
7497,0.001062764073,0.001071453211
7498,0.001334842731,0.001039022893
7499,0.00102506097,0.001003806508
7500,0.001127829091,0.001114717037
7501,0.0009997039597,0.0009972840999
7502,0.001329622442,0.001117333966
7503,0.001177543199,0.001101835143
7504,0.001012024644,0.0009559594691
7505,0.0009775550789,0.0009678652132
7506,0.001050608524,0.001090149352
7507,0.001005581915,0.001027259736
7508,0.001126933385,0.0009867477856
7509,0.001248292479,0.001233047093
7510,0.001254102564,0.001128229153
7511,0.0009600323028,0.00132747864
7512,0.001123774571,0.001121406342
7513,0.001141839835,0.001152619603
7514,0.001175112375,0.001181716252
7515,0.001138032821,0.001182418746
7516,0.001373813968,0.001242037346
7517,0.001337234804,0.001029808998
7518,0.0009731335667,0.001037842128
7519,0.001045245044,0.00109940183
7520,0.001012111941,0.001122227361
7521,0.001109440054,0.00121990317
7522,0.001069806181,0.0009833935328
7523,0.001241012564,0.00108092351
7524,0.00116803417,0.001138586806
7525,0.001174588855,0.001232896953
7526,0.001207994574,0.001198893311
7527,0.001007585037,0.0009859520724
7528,0.001073032261,0.001291289678
7529,0.001000075528,0.001057120156
7530,0.0009731220343,0.001059462425
7531,0.001063884003,0.001063158161
7532,0.0009472893435,0.001120722693
7533,0.00106476208,0.0009930450324
7534,0.001108768804,0.001064343822
7535,0.001051961997,0.001168214054
7536,0.001086772514,0.001046983045
7537,0.001016681919,0.001033090521
7538,0.001039255418,0.001104764808
7539,0.0009369785839,0.0009696339548
7540,0.00105256043,0.0008445204003
7541,0.00102716875,0.0009879834761
7542,0.001181826614,0.001126088595
7543,0.001149264259,0.001214676362
7544,0.001150970733,0.001157823048
7545,0.00106142569,0.0010465261
7546,0.001081283321,0.000974763243
7547,0.001151613629,0.001012545836
7548,0.00093742436,0.001045566263
7549,0.0009790273471,0.001333686865
7550,0.001109266894,0.001125831288
7551,0.001028692932,0.001058912414
7552,0.0008436597709,0.000989727203
7553,0.001044275399,0.001120642126
7554,0.001107390046,0.001066839613
7555,0.00105473485,0.001098151974
7556,0.001069918355,0.0009248959832
7557,0.001103330076,0.001123074006
7558,0.001304081408,0.0009168161268
7559,0.001057141642,0.001094668914
7560,0.0009977149093,0.001005955615
7561,0.001058322938,0.001106095457
7562,0.001262283396,0.001069675433
7563,0.00115421963,0.001161003245
7564,0.001108387398,0.001027936145
7565,0.001057975678,0.0009856756296
7566,0.0009282915125,0.0009723491748
7567,0.001067732548,0.001264444036
7568,0.001240135563,0.001135726634
7569,0.00113987724,0.001217053381
7570,0.00109979081,0.00114522974
7571,0.0009936599236,0.001102212445
7572,0.001043953896,0.001013042165
7573,0.001087237855,0.001027964048
7574,0.001234476149,0.001100431989
7575,0.0009919702497,0.001230935428
7576,0.001182285341,0.001371592036
7577,0.001194788892,0.001355575558
7578,0.001294442744,0.001151469565
7579,0.001098289511,0.001140438282
7580,0.001025979102,0.001196114332
7581,0.001148801581,0.001052621039
7582,0.001009517408,0.0009605065134
7583,0.001103658462,0.001012886889
7584,0.001126670853,0.0009943867262
7585,0.001094665393,0.001305531245
7586,0.0008962672073,0.00107481279
7587,0.001081472627,0.001136558429
7588,0.0009464553659,0.001092284227
7589,0.001164947324,0.001155561666
7590,0.001122100832,0.001006649916
7591,0.001041872398,0.001006024359
7592,0.00106886118,0.0009804234651
7593,0.0009765782088,0.001047914993
7594,0.000876236154,0.001077834713
7595,0.001190237977,0.001188635972
7596,0.0009894495815,0.001061807474
7597,0.0009916533818,0.0009475226907
7598,0.0009985882862,0.00105783945
7599,0.001038841961,0.00114867196
7600,0.001080369482,0.001195160454
7601,0.001014789559,0.001107772041
7602,0.001403315546,0.0009806125527
7603,0.001029749707,0.000987135274
7604,0.0009529910385,0.001095797255
7605,0.001280279968,0.0009486267518
7606,0.001060746123,0.001298940413
7607,0.001074737847,0.001023811288
7608,0.001114488347,0.001014058755
7609,0.0009362142373,0.001074164953
7610,0.001098062596,0.0009209218915
7611,0.001075265311,0.0008535523448
7612,0.001168031711,0.000987776999
7613,0.001442647881,0.0009415272943
7614,0.001329696897,0.001126826843
7615,0.001002798686,0.0009648449777
7616,0.0009203301961,0.001064628857
7617,0.001106553253,0.001203808599
7618,0.001132001031,0.0009612477224
7619,0.0009932767498,0.001036633068
7620,0.001286608385,0.001122614267
7621,0.001016838076,0.0011379961
7622,0.001169165305,0.0009960324096
7623,0.0009815067315,0.0009589835972
7624,0.001132589212,0.001082970964
7625,0.001131164237,0.0009515586135
7626,0.001112896891,0.001122019086
7627,0.00112087313,0.001304039382
7628,0.001045412937,0.001013177221
7629,0.001010259642,0.00112447139
7630,0.001044321994,0.00111304233
7631,0.001083278446,0.001077091474
7632,0.001063344323,0.0009776630177
7633,0.001155670579,0.001178320548
7634,0.0009901566373,0.0009651754008
7635,0.001063293908,0.001113003229
7636,0.001237121345,0.001146637194
7637,0.0009860277278,0.0009853826487
7638,0.00140734345,0.0009306735301
7639,0.001140031731,0.001198359008
7640,0.001339686009,0.000951043512
7641,0.001120232686,0.001013609719
7642,0.001251022091,0.00109611675
7643,0.001095757638,0.001076455352
7644,0.001362927171,0.001152646582
7645,0.001125742187,0.001036431757
7646,0.001159759064,0.0008882174079
7647,0.001200840299,0.001133480277
7648,0.001039442846,0.001095914071
7649,0.001194770986,0.001040030184
7650,0.001131986719,0.001069999351
7651,0.001373093146,0.001232569477
7652,0.001061817362,0.001024747937
7653,0.001193135184,0.001054307199
7654,0.001010918575,0.001174734796
7655,0.001031078558,0.0009282351093
7656,0.001465570946,0.0009832258438
7657,0.00101580294,0.001142875684
7658,0.001144655449,0.00114839874
7659,0.001289771979,0.001042494412
7660,0.001173353914,0.001010659027
7661,0.001095252461,0.001004173202
7662,0.001227650915,0.001389246296
7663,0.0013077322,0.000954427298
7664,0.001254611641,0.0009967320948
7665,0.001060853909,0.001150475633
7666,0.00112352406,0.00109045922
7667,0.001039373674,0.0009899303186
7668,0.001025801015,0.0009864591193
7669,0.001101331582,0.001180040497
7670,0.0009724863703,0.0008306579402
7671,0.001335879635,0.0009470100631
7672,0.001093834144,0.001153088742
7673,0.001312996254,0.0009857656405
7674,0.001114461331,0.001192779921
7675,0.001172495337,0.001109156241
7676,0.00122326042,0.001000502503
7677,0.001281392928,0.0008872608814
7678,0.001272265552,0.001130331621
7679,0.001225895459,0.001108984667
7680,0.001102539602,0.0009706422643
7681,0.001171396492,0.001013243615
7682,0.0009085225101,0.0009462222297
7683,0.001142410256,0.001025925128
7684,0.001069261285,0.001090588863
7685,0.0009802916029,0.001124607254
7686,0.001276636758,0.000834057726
7687,0.0010238217,0.0009474827748
7688,0.001154006015,0.001035549831
7689,0.001155366517,0.001045972815
7690,0.001192645279,0.0009865190441
7691,0.001117207015,0.001075893881
7692,0.001074768326,0.001133788915
7693,0.001133929007,0.0009979362294
7694,0.001221539409,0.0009958178634
7695,0.001312914617,0.0009933296096
7696,0.001071485567,0.0009086588325
7697,0.001176313257,0.001184360764
7698,0.001019117772,0.001107584838
7699,0.001011574997,0.001204513042
7700,0.001022855438,0.0009492008903
7701,0.001331007137,0.001018847433
7702,0.001080155744,0.001108536468
7703,0.001137823216,0.000930571754
7704,0.001014869653,0.001178651844
7705,0.001021929456,0.0009006017135
7706,0.001028943145,0.001159179403
7707,0.001036538357,0.001084349264
7708,0.001101377275,0.0009139506583
7709,0.001186993861,0.0009202055589
7710,0.001160938751,0.001077784233
7711,0.001102991242,0.0008996678807
7712,0.001036455869,0.001195338489
7713,0.001028984698,0.0009823888104
7714,0.001094079402,0.0009893086317
7715,0.001292648572,0.0009805569571
7716,0.001329910367,0.001038752671
7717,0.000996628929,0.001110558878
7718,0.00101289009,0.001028801438
7719,0.001209060276,0.00100149939
7720,0.001066972778,0.001111523547
7721,0.001204648412,0.001326815414
7722,0.001260881007,0.00101001095
7723,0.001127119351,0.00103020238
7724,0.001150858006,0.001157659877
7725,0.0009646040999,0.0009931548775
7726,0.0009574618743,0.001033331137
7727,0.001073021704,0.000881256834
7728,0.001182076288,0.001008954008
7729,0.001069789054,0.0009480404769
7730,0.001049025552,0.001027263694
7731,0.001141923924,0.001064779251
7732,0.001266940577,0.001162529363
7733,0.001225017171,0.001075585889
7734,0.001277934112,0.00110392669
7735,0.0009353513524,0.001005339349
7736,0.0009679791037,0.001101445545
7737,0.001064294149,0.0009852270305
7738,0.001064942648,0.001267051484
7739,0.001029323881,0.0010485448
7740,0.001180919287,0.001144697497
7741,0.001126082338,0.001115925079
7742,0.00099536169,0.0009306460051
7743,0.001025581507,0.001019604329
7744,0.001056334702,0.001064755386
7745,0.001008546096,0.0009395119341
7746,0.001011953274,0.001155625745
7747,0.001167041875,0.0009541651452
7748,0.001236638651,0.0009616676252
7749,0.001063629425,0.001226536871
7750,0.001108665536,0.001034786183
7751,0.0009184890441,0.0009716656496
7752,0.001029066749,0.00112391825
7753,0.001093302817,0.001109949713
7754,0.001077060464,0.0009425731259
7755,0.001003724741,0.001025056961
7756,0.001109442288,0.00125610266
7757,0.001003724406,0.001108769284
7758,0.001094946099,0.001189700371
7759,0.001112279024,0.00123270091
7760,0.00100622551,0.001097214568
7761,0.0009878047058,0.0008758926924
7762,0.001067775091,0.001084281757
7763,0.0009962707554,0.0009470077712
7764,0.001035056091,0.001191559779
7765,0.001135690465,0.001102305941
7766,0.0009812807693,0.001023328572
7767,0.001192526564,0.001045596167
7768,0.0009597160024,0.0009584231884
7769,0.001242174956,0.0012320018
7770,0.001220366452,0.0008742708524
7771,0.001184582128,0.0008841031886
7772,0.001101785405,0.0009648915657
7773,0.001123229194,0.001054898763
7774,0.00123695768,0.0007940210198
7775,0.001056409244,0.00102804452
7776,0.001000481265,0.001326263271
7777,0.0009929775042,0.001157721352
7778,0.001165979083,0.0009413123626
7779,0.001175297926,0.001135659964
7780,0.001030248517,0.001116593034
7781,0.001135835009,0.000963789651
7782,0.001228619374,0.001148489275
7783,0.0009369145628,0.001202759224
7784,0.001111346683,0.001278580596
7785,0.001058182213,0.001214525488
7786,0.001003388192,0.001088314937
7787,0.000987937201,0.0009291941678
7788,0.001008637366,0.0009139707181
7789,0.0009093480767,0.0009603745348
7790,0.001134716193,0.0008400329098
7791,0.001019725205,0.001165033704
7792,0.001077689245,0.001275244635
7793,0.000903561333,0.000862806497
7794,0.001112793281,0.001115004918
7795,0.001209178088,0.001147165887
7796,0.00108627772,0.0009526468421
7797,0.0009413554653,0.001154144717
7798,0.001043046723,0.001083319774
7799,0.001305095873,0.001169742965
7800,0.001056717592,0.00104564082
7801,0.001131188626,0.0009981945404
7802,0.001183384869,0.001088308214
7803,0.0009756006039,0.001016793263
7804,0.001002296616,0.001109577861
7805,0.001206364985,0.0009629350679
7806,0.001011790089,0.00121725841
7807,0.001079236688,0.001128822034
7808,0.001109754478,0.0009412952058
7809,0.001100133835,0.001044622579
7810,0.001052741318,0.001033906607
7811,0.001005751277,0.001087502627
7812,0.001215356584,0.001045125478
7813,0.001228999798,0.0009611304122
7814,0.00115149888,0.0009741879767
7815,0.000998028343,0.001151769509
7816,0.0009538770682,0.0009835811579
7817,0.0009323849663,0.001101748247
7818,0.001350489336,0.0009666319311
7819,0.0009766310322,0.001071848026
7820,0.001020865537,0.001322729528
7821,0.001172688251,0.0009663762467
7822,0.001062453412,0.0009573280258
7823,0.00108811559,0.001139239343
7824,0.001026427533,0.0009772621343
7825,0.001200634579,0.00116646495
7826,0.001017423805,0.0009962728363
7827,0.001044510565,0.0009615586532
7828,0.001136297346,0.001178825718
7829,0.001212606578,0.001062345596
7830,0.001018116382,0.001037694485
7831,0.001058158639,0.0009585115622
7832,0.001155956888,0.0009972136977
7833,0.001128690623,0.001068326739
7834,0.001042894284,0.001075446919
7835,0.001212377945,0.001086463206
7836,0.001095698972,0.001073129963
7837,0.00103081594,0.001078562396
7838,0.00125700832,0.0009445948526
7839,0.001096800988,0.001071372746
7840,0.001067527446,0.0008653011319
7841,0.001091976766,0.001042672346
7842,0.001099579829,0.001044048811
7843,0.001171067328,0.001296376569
7844,0.00112123604,0.00099234152
7845,0.001459642226,0.00104268382
7846,0.00088597789,0.001127523079
7847,0.0009735567874,0.001260981146
7848,0.0009754558414,0.001283453727
7849,0.001074651678,0.0009711227904
7850,0.001053825501,0.00113281676
7851,0.001406356423,0.001052346728
7852,0.001271222231,0.0009938957228
7853,0.00101786611,0.0009697050118
7854,0.001205026427,0.001065373435
7855,0.001080471447,0.0009491554665
7856,0.001010162989,0.001109941353
7857,0.00116504739,0.0008248816084
7858,0.001082757735,0.0008360664142
7859,0.001036141395,0.0009507628929
7860,0.001189377799,0.001185636829
7861,0.001071982078,0.001001330558
7862,0.000915183482,0.001071740029
7863,0.001071617546,0.001009053856
7864,0.0009652103108,0.001124519928
7865,0.001024519705,0.001047564081
7866,0.0009850728093,0.00090400919
7867,0.00113678808,0.00104122662
7868,0.0009917241696,0.001144012618
7869,0.0009402437572,0.001078477224
7870,0.001152692254,0.001113619124
7871,0.001000340366,0.001200852552
7872,0.001024901125,0.001201816747
7873,0.000974034454,0.00117273759
7874,0.001156318292,0.001064205433
7875,0.001133473059,0.001027485094
7876,0.001065450859,0.000975784169
7877,0.001123908776,0.0008645518537
7878,0.001137731437,0.0009541779509
7879,0.001047641643,0.001041699266
7880,0.001011474531,0.0009391316926
7881,0.001062682597,0.001061393334
7882,0.001078457972,0.001040780349
7883,0.001227573681,0.001097360597
7884,0.001265932122,0.001167038259
7885,0.001179205879,0.001182158579
7886,0.001250284753,0.001201240542
7887,0.001035093286,0.001097421708
7888,0.001392326601,0.000888828712
7889,0.001009327752,0.001046060868
7890,0.001108260265,0.001111101083
7891,0.0009402276701,0.0008905834693
7892,0.001079729504,0.001100853842
7893,0.001257881719,0.001110441881
7894,0.001044808443,0.001002467674
7895,0.001108669552,0.0009912248934
7896,0.0009424239543,0.00132872237
7897,0.001037519585,0.001160049964
7898,0.001035655092,0.001140956221
7899,0.0009193672013,0.001086401251
7900,0.001037853632,0.001147795287
7901,0.001096639819,0.001041226329
7902,0.00118788195,0.001054025633
7903,0.001250327819,0.0009909461369
7904,0.001239397141,0.00102562891
7905,0.00105766765,0.001077614907
7906,0.0009671372827,0.001044558805
7907,0.001015009489,0.001008160456
7908,0.001159367734,0.001038499162
7909,0.001250297049,0.001084863514
7910,0.001031975524,0.001083491443
7911,0.001288036743,0.001083492534
7912,0.001293911548,0.001025914775
7913,0.001057816524,0.00106661256
7914,0.001093874162,0.001026848739
7915,0.001002946468,0.00100607788
7916,0.001098646266,0.0009842843938
7917,0.001052609186,0.0009605520609
7918,0.001089855985,0.001203049978
7919,0.001006256614,0.001079880567
7920,0.001154974649,0.00100454202
7921,0.0009918274882,0.001109131794
7922,0.001179034523,0.001068675017
7923,0.001060731192,0.0009533425327
7924,0.001085308206,0.0009785516231
7925,0.001035320121,0.0009505288035
7926,0.001047804071,0.0009772823469
7927,0.001341862488,0.0009266699635
7928,0.001190402843,0.001100272966
7929,0.00117565431,0.001109013145
7930,0.0009597363896,0.001129836288
7931,0.001031781452,0.001125542105
7932,0.001151335862,0.00124552277
7933,0.000985610408,0.0009798734463
7934,0.001011113789,0.001174717974
7935,0.001309272709,0.0009243935929
7936,0.001098267247,0.001125182469
7937,0.001240473248,0.0009553057535
7938,0.001008404986,0.001147160976
7939,0.001061312265,0.001089604535
7940,0.001112834609,0.00107740867
7941,0.001064655691,0.001026800397
7942,0.001025360791,0.00116959669
7943,0.001061992087,0.001037901464
7944,0.001391158214,0.001184119821
7945,0.001136238927,0.001195738514
7946,0.001114467217,0.0009843222579
7947,0.001105034171,0.0008871035898
7948,0.001132029938,0.001099889982
7949,0.0009963776029,0.0009419602102
7950,0.001216266712,0.001103595816
7951,0.001114933584,0.001174421173
7952,0.0009876530021,0.0009419572452
7953,0.001284512437,0.001057063841
7954,0.001119617882,0.00109120705
7955,0.001379180227,0.001029737199
7956,0.001080096583,0.0008359115236
7957,0.001122700029,0.0008838431895
7958,0.001244422958,0.001026612925
7959,0.001040269788,0.001200838335
7960,0.0009366467129,0.001047487502
7961,0.001228141016,0.0009605083178
7962,0.001131638601,0.0009932698522
7963,0.001212876603,0.0009293335315
7964,0.001235314543,0.001036091475
7965,0.001137727435,0.001019222233
7966,0.00106451584,0.001186718109
7967,0.001111833881,0.001066746081
7968,0.001208967275,0.001032610533
7969,0.001125422357,0.001067426543
7970,0.0009524805064,0.001088933932
7971,0.001022984296,0.0008772479268
7972,0.001096799468,0.0009429919883
7973,0.001135837025,0.001200661551
7974,0.001186053196,0.001190143033
7975,0.001026153499,0.001110324665
7976,0.001064030803,0.0009824293957
7977,0.000889228817,0.001131872508
7978,0.001150539516,0.0008252451298
7979,0.0009988693928,0.001168110095
7980,0.0009507666691,0.001083382063
7981,0.001164658293,0.001120233559
7982,0.0009674047251,0.001181441861
7983,0.001305705366,0.001026750972
7984,0.0010281738,0.0010869502
7985,0.001057440895,0.001209961789
7986,0.001024273894,0.001002513513
7987,0.001084670184,0.001060092509
7988,0.0009669274514,0.0009627754553
7989,0.001014355556,0.001166268266
7990,0.001347665435,0.0009933968176
7991,0.001124976588,0.000892613898
7992,0.0009343729616,0.001040550073
7993,0.001160915963,0.00103512279
7994,0.001066327946,0.001330258805
7995,0.001051779036,0.001056144007
7996,0.001145209186,0.001101013157
7997,0.001042380783,0.001086890275
7998,0.001134804945,0.001179481485
7999,0.001123198796,0.001006218983
8000,0.001057269044,0.001202196669
8001,0.0009999741233,0.0009013367453
8002,0.001073368025,0.0009382043172
8003,0.001299255702,0.001184125089
8004,0.001082542425,0.0008850181184
8005,0.001039349823,0.0009857992409
8006,0.001002401666,0.0009883812454
8007,0.0009869894711,0.001019259362
8008,0.001098701381,0.001061229828
8009,0.001168216877,0.001113264625
8010,0.001177718405,0.001110936399
8011,0.001075890716,0.000970610723
8012,0.00127710637,0.001027064434
8013,0.0009073967667,0.001014590736
8014,0.001194433054,0.001030784624
8015,0.0009767356896,0.001063205789
8016,0.00108160275,0.0009919484874
8017,0.001158512227,0.0009651623332
8018,0.001042551638,0.001012287212
8019,0.001077737441,0.0009102650583
8020,0.001189409704,0.001033917084
8021,0.001232016359,0.001187132853
8022,0.001064744203,0.001310814499
8023,0.0009594095245,0.0009695121698
8024,0.00105782329,0.00106688634
8025,0.001154495338,0.001121999579
8026,0.00102943703,0.001091057602
8027,0.001104263843,0.001193246899
8028,0.001049900784,0.001048804377
8029,0.001039405877,0.001108070901
8030,0.001130478136,0.001136666389
8031,0.0008974359807,0.0009926861239
8032,0.001064593409,0.0008993644515
8033,0.001169886178,0.001052722771
8034,0.001114684695,0.0009836793834
8035,0.001131651021,0.0009412375875
8036,0.0009987785888,0.001029014857
8037,0.001313374472,0.001029164036
8038,0.0009739620436,0.001180332962
8039,0.000962561222,0.000956742595
8040,0.001055418412,0.001053342516
8041,0.001208846792,0.001011267872
8042,0.001230672751,0.001218603247
8043,0.001230493814,0.001035793808
8044,0.00108154874,0.001040573428
8045,0.0009672751985,0.001113148799
8046,0.001084193485,0.001045849378
8047,0.001210773611,0.001029280247
8048,0.001237258926,0.001080178619
8049,0.001161288048,0.0009278621292
8050,0.0008709840185,0.001176015998
8051,0.001221983279,0.001022752484
8052,0.001022868666,0.001015380658
8053,0.0009407466932,0.001102940179
8054,0.001046968639,0.0009929412845
8055,0.0009486298004,0.001118658183
8056,0.0009421008945,0.0009845215172
8057,0.001089987629,0.0009787809322
8058,0.001034022207,0.0009773809361
8059,0.0009572243944,0.0009631502471
8060,0.001133780468,0.001191540658
8061,0.001193235606,0.001047076759
8062,0.00108832938,0.001003888239
8063,0.001055670131,0.001175523706
8064,0.0008661017418,0.0008633695616
8065,0.001060742296,0.001181750406
8066,0.001389620447,0.001293531997
8067,0.001171490178,0.000965940475
8068,0.001116377745,0.001078894886
8069,0.001266865322,0.00102740818
8070,0.001125176743,0.001039615265
8071,0.0009575653166,0.0009577983874
8072,0.001064728363,0.0008908729869
8073,0.001065554316,0.001052554413
8074,0.0009323494742,0.0009893422466
8075,0.0009996272784,0.001054414548
8076,0.001167565126,0.001061401475
8077,0.0009284617918,0.0008842150128
8078,0.001068129808,0.00103067571
8079,0.001183415952,0.001103888942
8080,0.001148158633,0.001069081038
8081,0.0009716326385,0.001058333997
8082,0.001235752046,0.001296211994
8083,0.0008797698029,0.0008726398519
8084,0.0009986611913,0.001028169412
8085,0.00109752523,0.001103483832
8086,0.0009752001497,0.001009338477
8087,0.0009436327309,0.0009967870574
8088,0.001091343074,0.001062671865
8089,0.001038787079,0.001082566458
8090,0.0009688434075,0.001199673949
8091,0.001033310276,0.0009241601765
8092,0.001095031876,0.001133839527
8093,0.001102379989,0.001115053288
8094,0.00130705093,0.0009324892962
8095,0.001056110981,0.001261938196
8096,0.001151147953,0.001137574953
8097,0.0009543042615,0.0009447074117
8098,0.001178472128,0.001246061962
8099,0.001023317083,0.0009920458688
8100,0.001073776213,0.0009649651038
8101,0.001101448252,0.001237943594
8102,0.0009193459191,0.001033432425
8103,0.001019750773,0.0009235167017
8104,0.001179724728,0.001097709581
8105,0.001022600962,0.001114165971
8106,0.001042423828,0.00112988818
8107,0.001061512732,0.001053328197
8108,0.001090782724,0.001010793283
8109,0.001020080337,0.001136003557
8110,0.00114841693,0.001034282999
8111,0.001064289158,0.001010213789
8112,0.0009618243639,0.001014882386
8113,0.0008980394705,0.001131822872
8114,0.0009597974567,0.00116582663
8115,0.0009974739951,0.000957270342
8116,0.001183197797,0.0009632310102
8117,0.001177975697,0.001327533442
8118,0.001021789598,0.000961364065
8119,0.001053101107,0.00092881819
8120,0.001000918448,0.000910893832
8121,0.001009548083,0.0009148004101
8122,0.0009034719988,0.001434760961
8123,0.0009409148552,0.001118239932
8124,0.001047256199,0.0008493508794
8125,0.001117863299,0.001150352866
8126,0.001120606117,0.001260642151
8127,0.001147612718,0.001058489237
8128,0.001130058517,0.0009531205433
8129,0.001161524728,0.001021280703
8130,0.001179223749,0.001024157813
8131,0.0009061590099,0.0009807817041
8132,0.0009785641305,0.001040787967
8133,0.001038901377,0.001000306569
8134,0.001134449369,0.001004140169
8135,0.001143238274,0.001228337976
8136,0.0009890311921,0.001093622224
8137,0.001005608501,0.0009412486397
8138,0.000884234214,0.0009874184398
8139,0.001360923561,0.001127446187
8140,0.001210786992,0.001059629038
8141,0.001319515861,0.001028094397
8142,0.0009458267377,0.001069957361
8143,0.001126399591,0.001122914262
8144,0.00104878893,0.0008634587575
8145,0.001078948517,0.0009129255195
8146,0.00111560143,0.001032508495
8147,0.001208754889,0.0009781884146
8148,0.001052828258,0.001177488339
8149,0.001153391677,0.0009267641872
8150,0.0009778317326,0.001014451947
8151,0.001138765721,0.001104794901
8152,0.001036842281,0.00123074084
8153,0.001058292226,0.001161365675
8154,0.001096429558,0.001123133166
8155,0.001171682925,0.0009473399041
8156,0.0008847419449,0.0009871886577
8157,0.0009595021693,0.001018401526
8158,0.001075820081,0.001132365513
8159,0.0009009182904,0.001137006926
8160,0.0008740322664,0.001147729796
8161,0.001106395168,0.001156736049
8162,0.001141172674,0.001024748752
8163,0.001061165261,0.001111470847
8164,0.001079243586,0.0009772461271
8165,0.00102561299,0.0009164731964
8166,0.0008658896404,0.001094625637
8167,0.0009982928968,0.001046043122
8168,0.00112444564,0.001094335952
8169,0.001087815581,0.0009311338872
8170,0.001266377214,0.001106844262
8171,0.001020359501,0.0008966116438
8172,0.0009344310893,0.001098181427
8173,0.001118797867,0.00106057035
8174,0.001290994071,0.001234844545
8175,0.001135479899,0.001039217976
8176,0.001045328907,0.001071423445
8177,0.00093079613,0.001129750686
8178,0.001152276134,0.001043840493
8179,0.001242293059,0.001369196092
8180,0.0009812946737,0.001022711222
8181,0.001296706912,0.001028350904
8182,0.001317368224,0.001187768474
8183,0.0009871972943,0.0009670443251
8184,0.001067730045,0.0009012061637
8185,0.0009277322679,0.000950952679
8186,0.0009735211352,0.001081485076
8187,0.0009367648963,0.001090920385
8188,0.001071897554,0.0008872307371
8189,0.001011955756,0.001200717583
8190,0.001267846179,0.001066844256
8191,0.001076621622,0.001065407494
8192,0.001020233583,0.001032045278
8193,0.001109204102,0.0009646028557
8194,0.001058317008,0.001057725814
8195,0.0009472032034,0.0009652154622
8196,0.0009914921538,0.001129553719
8197,0.00114127573,0.001078237321
8198,0.001328479208,0.0009814649165
8199,0.001115141611,0.001210814844
8200,0.001042322867,0.001042911135
8201,0.001154544523,0.001010292857
8202,0.001144021124,0.001069758124
8203,0.001178235216,0.001204637832
8204,0.0008391914016,0.001028347317
8205,0.001003804013,0.0009824547378
8206,0.001061053779,0.001160796761
8207,0.001134467566,0.0009283042455
8208,0.001307167615,0.001046696365
8209,0.001032405911,0.001050494633
8210,0.00120218136,0.001234571137
8211,0.001091880658,0.0009402035212
8212,0.001148658041,0.0009757126754
8213,0.0008709074173,0.0009442828668
8214,0.0009957688671,0.0009849232156
8215,0.001018669282,0.0009602086793
8216,0.001146167684,0.0009926085404
8217,0.0008906276998,0.00102386206
8218,0.0011607138,0.001135594815
8219,0.0011454138,0.0009481381348
8220,0.0009353936912,0.001065207449
8221,0.001137109808,0.001024669655
8222,0.001113223356,0.0009341637779
8223,0.0009756557265,0.001119475688
8224,0.001068293968,0.0008800317664
8225,0.0009522368127,0.001014778492
8226,0.000983841157,0.001181082189
8227,0.001134532336,0.0009684091565
8228,0.0009368546089,0.001013244924
8229,0.001076238805,0.001032290551
8230,0.001106989519,0.001031294014
8231,0.001300513861,0.0009671836597
8232,0.001015261172,0.0009601226411
8233,0.001114795385,0.001114893901
8234,0.001089743419,0.001032895416
8235,0.001345075972,0.0009560398321
8236,0.0009252674135,0.001130313307
8237,0.001033634231,0.001060280265
8238,0.001243348874,0.001121511479
8239,0.001425941497,0.0009534823039
8240,0.0009300595848,0.0009867391345
8241,0.0009315945208,0.001123413218
8242,0.0009683198732,0.0009460609363
8243,0.00105756642,0.0009857302721
8244,0.001050454557,0.001183562199
8245,0.001198911392,0.00114774402
8246,0.001497517202,0.001094193241
8247,0.001069694015,0.001150685886
8248,0.001257188087,0.0009886500702
8249,0.0009877571501,0.001026334445
8250,0.00113425147,0.001129325625
8251,0.001121754016,0.0009621163845
8252,0.0009837505349,0.001044438293
8253,0.001061173607,0.0009560771286
8254,0.001077960078,0.001097735607
8255,0.00102350473,0.0009951847969
8256,0.001071830498,0.001192842567
8257,0.0009409101112,0.001170203308
8258,0.0009822647626,0.001015780261
8259,0.001005224898,0.0009588516041
8260,0.001131794917,0.001122345006
8261,0.001163274428,0.00104752394
8262,0.001045150908,0.0011125858
8263,0.001081456729,0.001050089544
8264,0.0009900709774,0.001097728637
8265,0.001160372121,0.001170784592
8266,0.001356774112,0.0009733673432
8267,0.0009347700179,0.001003553087
8268,0.001053174943,0.001328546023
8269,0.001058014423,0.0009707116042
8270,0.001057383182,0.001066310644
8271,0.0009360225449,0.0009939960873
8272,0.001371141851,0.0009095050191
8273,0.001100859547,0.001091549799
8274,0.001062416552,0.001057423535
8275,0.0009713578256,0.001201997387
8276,0.001181412925,0.001048474005
8277,0.0009565824803,0.001028244682
8278,0.001282679747,0.001091238002
8279,0.000952108101,0.0009690954612
8280,0.001372354272,0.0009675347828
8281,0.001173450335,0.001003529935
8282,0.0008876540742,0.001004114034
8283,0.001090655656,0.001091397702
8284,0.001090016493,0.00122634547
8285,0.001184186098,0.0009402551295
8286,0.001061883988,0.001096700755
8287,0.001209080583,0.001114144448
8288,0.001334638619,0.001080352806
8289,0.001174530204,0.001101808113
8290,0.001208959147,0.001152179495
8291,0.0009740778696,0.0009800307453
8292,0.00100334327,0.001076975117
8293,0.0008855625929,0.001098238856
8294,0.001189910108,0.001060011018
8295,0.001065977456,0.001023471938
8296,0.001045774763,0.0009443452946
8297,0.001005068058,0.0009706594647
8298,0.0009107243459,0.0009701887684
8299,0.000969518027,0.000994480346
8300,0.00103089703,0.001164856876
8301,0.001008684143,0.001034800116
8302,0.001021414857,0.001122012865
8303,0.001180890918,0.0009506312344
8304,0.001033125714,0.001059695722
8305,0.0009982559495,0.00105483774
8306,0.0009136072549,0.001066736142
8307,0.001076199333,0.001087886172
8308,0.001077337474,0.0009895911207
8309,0.001066102217,0.001266151674
8310,0.001057250098,0.001325404606
8311,0.0009785895745,0.001078652109
8312,0.001023069941,0.001021883247
8313,0.0009589688343,0.000956153759
8314,0.001097603134,0.001168593975
8315,0.001366706194,0.0008498659809
8316,0.0009661410513,0.0009442085138
8317,0.001062245581,0.001000958364
8318,0.001061031988,0.0008505143269
8319,0.001060469862,0.0009875120231
8320,0.001062584364,0.0009230229261
8321,0.00104913328,0.00104043616
8322,0.001119772998,0.001199945342
8323,0.001010556378,0.0008842387542
8324,0.001161744563,0.0009760258981
8325,0.001087692894,0.001222337451
8326,0.001161737935,0.001031948719
8327,0.001194840494,0.00111984359
8328,0.001015047652,0.0009087499275
8329,0.0009399845367,0.0009854401869
8330,0.001098530876,0.0009540888714
8331,0.001084909381,0.001088178054
8332,0.001056616733,0.001059886119
8333,0.0009513136247,0.001024458135
8334,0.001251150068,0.0009409737759
8335,0.0009585707885,0.0009913040776
8336,0.0009787258532,0.001057383153
8337,0.001177196929,0.0009479606233
8338,0.001077971494,0.00108038215
8339,0.0009971252948,0.001184946093
8340,0.0009481180023,0.0009521135507
8341,0.0012391645,0.001049364131
8342,0.001044531229,0.001029327745
8343,0.001176725178,0.0009547165973
8344,0.001091125028,0.001047542515
8345,0.0009895252952,0.001041987482
8346,0.001176403479,0.001184830224
8347,0.001062240168,0.00111549443
8348,0.001161729539,0.001068666155
8349,0.001099627974,0.000927850786
8350,0.001088395744,0.000930763541
8351,0.001064985612,0.001046555226
8352,0.001069901795,0.0008884122799
8353,0.001141775952,0.001115027117
8354,0.001214055606,0.001050434621
8355,0.0009831304342,0.001010904802
8356,0.001112994469,0.001158861291
8357,0.00102839285,0.0009259369981
8358,0.001012225046,0.0009739415691
8359,0.00137811371,0.001050788836
8360,0.0011072009,0.001299004907
8361,0.0009938002913,0.001168713592
8362,0.001182698972,0.001349761573
8363,0.0009904652397,0.0009728603036
8364,0.001255599855,0.001171528405
8365,0.001059792841,0.0009856382094
8366,0.001149319847,0.001100327863
8367,0.001206760513,0.001142414389
8368,0.0009958744195,0.001169832489
8369,0.001025071746,0.001189369606
8370,0.001002739475,0.001184381261
8371,0.001125621646,0.0009539165694
8372,0.001102434886,0.001036105619
8373,0.001502006031,0.001121547539
8374,0.001088393088,0.00110143546
8375,0.001176270533,0.001058739479
8376,0.00132949277,0.001043914293
8377,0.00118205238,0.000998990261
8378,0.001097878601,0.001072413907
8379,0.0009141915798,0.0009781032641
8380,0.00111817693,0.001128767712
8381,0.001036358124,0.001012706802
8382,0.001107145152,0.001220107501
8383,0.00108119606,0.0009690347433
8384,0.001215048287,0.00119973057
8385,0.0009694601467,0.001123278853
8386,0.001081173563,0.001039750037
8387,0.001106884236,0.001122005313
8388,0.00111710628,0.0009847214315
8389,0.0009512367251,0.001025462414
8390,0.0009730164238,0.001271819812
8391,0.0009191095014,0.001150531294
8392,0.001017160255,0.0009397733302
8393,0.0011784858,0.0009564466745
8394,0.0008876245847,0.001170020383
8395,0.001157554711,0.00114595364
8396,0.0009271885137,0.001124855
8397,0.001170644289,0.0011815705
8398,0.001105271927,0.001200169085
8399,0.001177232087,0.001044821467
8400,0.001025866295,0.0009225699832
8401,0.001061948155,0.0009283346735
8402,0.001085551085,0.0009873408271
8403,0.000928002708,0.001015058049
8404,0.001129193697,0.0009399017217
8405,0.0008654936537,0.001065806413
8406,0.001103280847,0.0009444223833
8407,0.0009597328608,0.001135066297
8408,0.001004192505,0.001106284981
8409,0.00108969758,0.001090286183
8410,0.001071729042,0.001179246821
8411,0.001027869388,0.001013180263
8412,0.000953629773,0.0009403840158
8413,0.0008703663625,0.00102674534
8414,0.001135670696,0.001022715252
8415,0.001037973845,0.000865196911
8416,0.001335424218,0.001233517811
8417,0.00101297201,0.0009796869272
8418,0.001113071703,0.001184003471
8419,0.001057156238,0.001071043625
8420,0.001361683338,0.001006470004
8421,0.001066904493,0.001217598052
8422,0.001027864222,0.001074093962
8423,0.001021233526,0.001077868677
8424,0.001265069477,0.001136575396
8425,0.001169200717,0.0009936324059
8426,0.0009274022377,0.001136504034
8427,0.0009667509657,0.0009041324956
8428,0.00116471338,0.0009385375452
8429,0.001238376994,0.001112894046
8430,0.001082403025,0.0009520282401
8431,0.001078987225,0.001173551282
8432,0.001004495462,0.0009278645666
8433,0.00100321693,0.001173610319
8434,0.0009446760087,0.001206176668
8435,0.001051421124,0.00127140736
8436,0.001283249796,0.001082965224
8437,0.001200258681,0.001236537566
8438,0.000850702032,0.001231505477
8439,0.001046396028,0.001288094034
8440,0.001173666256,0.001058562921
8441,0.0008091309792,0.001015990776
8442,0.001105776922,0.0009938996227
8443,0.001013703572,0.001073598287
8444,0.001170828,0.0009073429537
8445,0.0009459806315,0.001078038826
8446,0.0008795774775,0.001026983424
8447,0.001008724801,0.001041009418
8448,0.001053672961,0.001072928419
8449,0.0009892020898,0.001040856972
8450,0.0009996277804,0.001010167136
8451,0.001309685409,0.001112555336
8452,0.001140033251,0.0009867966219
8453,0.001084004849,0.001071919578
8454,0.001144627204,0.001187157679
8455,0.001434383565,0.001035231224
8456,0.001337531554,0.00121970084
8457,0.001049177612,0.00101955892
8458,0.001116197738,0.001021784366
8459,0.00110399018,0.0009961620817
8460,0.001047309313,0.001097600012
8461,0.001094864194,0.0009486336348
8462,0.001496523153,0.001066812751
8463,0.00107503969,0.001064977281
8464,0.001168976341,0.001054511609
8465,0.001248963417,0.0008521804266
8466,0.00113684035,0.001083994437
8467,0.001150820724,0.0009916654308
8468,0.001128204996,0.0009123193158
8469,0.001113434308,0.0009036031915
8470,0.001074949039,0.0009519663727
8471,0.0009397932299,0.001035149115
8472,0.001085485274,0.0009695088374
8473,0.001027160069,0.00105356206
8474,0.001397176296,0.0009334230708
8475,0.001061414405,0.0009931631721
8476,0.001190885705,0.001126022224
8477,0.001177533093,0.0009803122375
8478,0.001222326333,0.0009692232925
8479,0.001067256104,0.0010331515
8480,0.001099797948,0.0008931220291
8481,0.001034310204,0.0009158500616
8482,0.001124213944,0.0009741336835
8483,0.001106416632,0.001046591293
8484,0.0009859696584,0.0009646570397
8485,0.0009645619866,0.0009260289662
8486,0.001121611625,0.001067953941
8487,0.0009671159787,0.001164145127
8488,0.001092002174,0.0009446927506
8489,0.001024140875,0.0008705408036
8490,0.001073676642,0.00104357308
8491,0.001052147338,0.00117583204
8492,0.0009418596164,0.00123681187
8493,0.001095930107,0.0008168168424
8494,0.0009279644873,0.001124940194
8495,0.0009824524313,0.001127307718
8496,0.001159547719,0.001000979108
8497,0.001241809427,0.001005763545
8498,0.001041806965,0.001052694468
8499,0.001243086532,0.0008932378769
8500,0.0009198623666,0.0009511951212
8501,0.001111862752,0.001140824985
8502,0.0009120660834,0.001142133624
8503,0.0009977026129,0.001069232087
8504,0.0009228688868,0.0008180566219
8505,0.001090005186,0.001132167759
8506,0.001008912157,0.001030011314
8507,0.001147937612,0.0009652808658
8508,0.001042044336,0.001189572889
8509,0.001048586266,0.0009882889863
8510,0.001027108243,0.001062622337
8511,0.001125275652,0.0009708128127
8512,0.001099699941,0.001224613967
8513,0.0009497757128,0.000948158151
8514,0.001068265381,0.00106895341
8515,0.0008458127777,0.001069716156
8516,0.001164419235,0.001211548792
8517,0.001017105918,0.001118924272
8518,0.001125903007,0.001111884892
8519,0.0009700362134,0.001069785365
8520,0.001082844065,0.001249585308
8521,0.0009026340631,0.001072082101
8522,0.0009579413381,0.00112779659
8523,0.001138753956,0.00107808935
8524,0.0008769220367,0.0009945338461
8525,0.001156632148,0.000998229887
8526,0.001236045042,0.001008540916
8527,0.001135050079,0.001174611745
8528,0.001007028295,0.0009982535557
8529,0.0009391652566,0.001007122082
8530,0.0009054514376,0.0009291894967
8531,0.001010934844,0.001180303341
8532,0.001197614583,0.001089797595
8533,0.001060280883,0.001245333253
8534,0.001089600868,0.001269692351
8535,0.0009110388928,0.001174510791
8536,0.001063371172,0.001170868236
8537,0.0009304948908,0.0009823073997
8538,0.000972513124,0.001082087649
8539,0.001100039401,0.0008725841762
8540,0.001000340933,0.0008539790069
8541,0.0009607583052,0.0009631240027
8542,0.0009977329173,0.001027619976
8543,0.001064240991,0.0009791923949
8544,0.000922229141,0.001027748192
8545,0.001172621967,0.0009507983632
8546,0.001129239012,0.001001710472
8547,0.001083402538,0.001067736914
8548,0.001067338089,0.0009973668784
8549,0.001129083896,0.001039532013
8550,0.0009308375666,0.0009378267132
8551,0.001168767019,0.00103318211
8552,0.0009901736121,0.001055899811
8553,0.001153212557,0.0009724428528
8554,0.001086593176,0.001021920492
8555,0.001007491875,0.0009853275624
8556,0.00108451386,0.0009184779046
8557,0.0009666529368,0.001183971501
8558,0.001132485959,0.001080025155
8559,0.001014893562,0.001102082846
8560,0.0009229351417,0.0009414373999
8561,0.0009734862542,0.001190977258
8562,0.001016802067,0.001157514285
8563,0.0009838207698,0.001220193844
8564,0.001115635416,0.0008926011942
8565,0.0009934909103,0.001143891983
8566,0.001012732428,0.0009690206498
8567,0.001078615576,0.001069228245
8568,0.001124671544,0.0009004681124
8569,0.0009508818184,0.001120765155
8570,0.001003261656,0.001005463346
8571,0.001073661522,0.0009905175539
8572,0.001463524022,0.00122319605
8573,0.001181383275,0.001087808057
8574,0.001053910506,0.001071610619
8575,0.001138422915,0.00105175974
8576,0.0009143713032,0.001138392552
8577,0.001190922776,0.0009844041633
8578,0.001016919632,0.001056741654
8579,0.001239891062,0.001131539648
8580,0.001195605299,0.001059887618
8581,0.0009265675399,0.0009597618191
8582,0.001212365671,0.001283155929
8583,0.001054626904,0.001171497199
8584,0.0009837846737,0.001074315805
8585,0.001006548126,0.0009366774539
8586,0.0009936935749,0.001027005186
8587,0.001167192873,0.001058014524
8588,0.001258266602,0.0008920592445
8589,0.001131637684,0.001035878173
8590,0.001002813231,0.00122938658
8591,0.001129939737,0.001090596677
8592,0.001042654745,0.0009719530717
8593,0.001302871395,0.001045336139
8594,0.001091546226,0.001063495794
8595,0.001191781834,0.001012833993
8596,0.001037794886,0.0009648324849
8597,0.001104817107,0.001054510576
8598,0.0009531352043,0.00105453204
8599,0.001161064713,0.001025348225
8600,0.001152082987,0.001099148867
8601,0.00122280651,0.001061759591
8602,0.001210880495,0.0009711881139
8603,0.001133909456,0.00100899738
8604,0.001245287902,0.0009392039719
8605,0.000958377299,0.0009345862272
8606,0.001062899479,0.001088632103
8607,0.00132282704,0.001220026861
8608,0.001195693025,0.001244114501
8609,0.00105205716,0.0009635915922
8610,0.001042154639,0.001127900701
8611,0.001037238282,0.0010135517
8612,0.00090219087,0.001095960259
8613,0.001190922259,0.0009064255573
8614,0.0009587448149,0.00101192257
8615,0.00106440419,0.001040468596
8616,0.001216214507,0.001076602093
8617,0.00106960415,0.0009240138461
8618,0.001316330941,0.001029748753
8619,0.001325951518,0.001075820313
8620,0.001101351954,0.0009342349149
8621,0.001140180226,0.001139332242
8622,0.001044697368,0.00107916422
8623,0.001111404126,0.001065776196
8624,0.001136519939,0.001229270412
8625,0.001182739186,0.0009865344618
8626,0.001246614163,0.0009123334967
8627,0.0009213709345,0.0009049638611
8628,0.001028755389,0.0009789160104
8629,0.00103117236,0.001126350813
8630,0.0009524854249,0.001051327741
8631,0.0009426577017,0.0009863634114
8632,0.001057828704,0.0008936934537
8633,0.0009666618862,0.001097167755
8634,0.001069267346,0.000874961348
8635,0.001145709706,0.0009374842848
8636,0.00114742724,0.0008973787553
8637,0.0009195954262,0.0009512857941
8638,0.00105752379,0.001027177255
8639,0.001056722511,0.001023355238
8640,0.0009954468478,0.001108597222
8641,0.001243788247,0.001031545318
8642,0.001083100244,0.000956096068
8643,0.0009813100623,0.0009459097055
8644,0.00108846798,0.00104960247
8645,0.0009919009681,0.001121166169
8646,0.001093260871,0.001002962417
8647,0.001003313177,0.0009467733325
8648,0.0009822772263,0.001018853647
8649,0.001227991124,0.0009807961105
8650,0.0009974253044,0.0009566489462
8651,0.00122253484,0.001013682988
8652,0.00100458091,0.0011160473
8653,0.001013041823,0.000965904881
8654,0.001139110733,0.001078225127
8655,0.001196179299,0.001253301052
8656,0.001081088914,0.001143135771
8657,0.0009639522978,0.001154388687
8658,0.001029437793,0.0009962165059
8659,0.0009819875777,0.001030793966
8660,0.001110729565,0.000945841668
8661,0.001070748804,0.001081537957
8662,0.001164762652,0.0009627990657
8663,0.001172950062,0.0009614212249
8664,0.001166540533,0.001175982979
8665,0.001112872887,0.0009368902975
8666,0.0009283803083,0.001042869029
8667,0.001068380654,0.001067598721
8668,0.0009616614698,0.001009539279
8669,0.001131383178,0.001052286178
8670,0.001099221328,0.001139938788
8671,0.00114161599,0.0008942100321
8672,0.001077418354,0.001047302321
8673,0.001196939789,0.0009717164794
8674,0.00104048576,0.001105669042
8675,0.001127869342,0.001194535565
8676,0.001273054164,0.0009042758684
8677,0.001089762809,0.001053679262
8678,0.001046324738,0.0009920049779
8679,0.001352956489,0.001011770124
8680,0.000972229107,0.000960766527
8681,0.0009568459354,0.001125543087
8682,0.00110237662,0.001023520657
8683,0.0009253441676,0.001320299132
8684,0.000929758593,0.0009409978884
8685,0.0009422050862,0.0009366731247
8686,0.001019210271,0.0009354531867
8687,0.0009951796965,0.001052033651
8688,0.0008900041066,0.001008886415
8689,0.001076544148,0.001022675489
8690,0.001236403281,0.001176588143
8691,0.001121540539,0.0009715495471
8692,0.001015060436,0.001019912306
8693,0.001133687962,0.0009272411116
8694,0.001239636236,0.001157298648
8695,0.001078745358,0.0009761988695
8696,0.001095680585,0.001033896711
8697,0.0009934224654,0.001071796156
8698,0.0009877990015,0.0009578781101
8699,0.0009072966568,0.001164917681
8700,0.001253384587,0.0009734143168
8701,0.001146235947,0.0009897470663
8702,0.001138881598,0.001200865743
8703,0.001377335473,0.0009031441441
8704,0.0009141231058,0.0009443478484
8705,0.000942011553,0.001063571268
8706,0.001180588704,0.001031027939
8707,0.001093599225,0.001046565718
8708,0.0009903425307,0.001028635539
8709,0.001047379046,0.001085860087
8710,0.0011739404,0.001030284882
8711,0.001059881273,0.001202721905
8712,0.0009302421895,0.001172129036
8713,0.001067950907,0.001076041946
8714,0.0009504082554,0.0009801737906
8715,0.0009316205251,0.0009704605618
8716,0.0009640531789,0.001105376148
8717,0.001037842288,0.0009816927632
8718,0.001041560296,0.001012566318
8719,0.001058285663,0.0008793096276
8720,0.001253562696,0.001259823526
8721,0.001039969793,0.001096676504
8722,0.001044302597,0.001203088228
8723,0.001082576535,0.0009742512339
8724,0.001204706408,0.0009297627475
8725,0.00113773247,0.0008471059336
8726,0.0009662428129,0.0009916566632
8727,0.00104818667,0.001021826974
8728,0.0009757012594,0.0009314595445
8729,0.001151600329,0.001032678083
8730,0.0009852319126,0.001049755556
8731,0.0008991488503,0.000994934293
8732,0.0009438925554,0.001053784617
8733,0.001166202426,0.001008468644
8734,0.001147741597,0.0009237708946
8735,0.001139588698,0.001104390576
8736,0.001039871058,0.0009285477354
8737,0.001051322011,0.001050983759
8738,0.0009829271075,0.0009952821929
8739,0.00102402729,0.0008711523769
8740,0.001069080834,0.001200577091
8741,0.0009474174003,0.001005875856
8742,0.0009056123381,0.0009933400797
8743,0.001192977586,0.001240038779
8744,0.0009823750006,0.001051254636
8745,0.001283516503,0.00107364836
8746,0.0009365123769,0.00119682392
8747,0.00101844038,0.00102115162
8748,0.001011692664,0.001027826082
8749,0.001282187783,0.000951965907
8750,0.00122520564,0.001023407815
8751,0.001151035613,0.000966974425
8752,0.0009956486829,0.001101496127
8753,0.0009914302063,0.0009540559331
8754,0.0008878680164,0.001017413408
8755,0.001018444374,0.001156383427
8756,0.001155500424,0.0008759042175
8757,0.0009413436783,0.0008582980299
8758,0.001091194077,0.0009845307068
8759,0.001111387421,0.001104740069
8760,0.00112289079,0.001082881914
8761,0.001266150524,0.001056142661
8762,0.001098382891,0.001124569018
8763,0.00105058492,0.000995395174
8764,0.0009559183745,0.001185173802
8765,0.001076268738,0.000917109086
8766,0.0009840231214,0.001136455045
8767,0.001143891255,0.001130557976
8768,0.00109074638,0.000854193233
8769,0.001100298723,0.001083091149
8770,0.001086906595,0.001021180178
8771,0.001200211278,0.001060441769
8772,0.0009180826382,0.0009683517346
8773,0.001116229541,0.0009591162379
8774,0.0008768607222,0.001151999553
