epoch,from_history_train,from_history_val
1,0.03794986336,0.03616390051
2,0.034574277,0.03253148962
3,0.03126919479,0.02900704555
4,0.02875189786,0.02769682789
5,0.02716798242,0.02617156436
6,0.02591632912,0.02503569052
7,0.02448953665,0.02426743391
8,0.02466861578,0.02337814448
9,0.02471803501,0.02411332098
10,0.02370408247,0.022394564
11,0.02233965159,0.02227512654
12,0.02264668862,0.02163937688
13,0.02168054087,0.02142461133
14,0.02086827019,0.02124750777
15,0.02049433137,0.01962120482
16,0.02010915289,0.01992239687
17,0.0196224153,0.01892055129
18,0.01905742707,0.01849650638
19,0.01969107171,0.01866299333
20,0.01877444447,0.01817652397
21,0.01839916175,0.01852394571
22,0.01780912047,0.0171650789
23,0.01673681312,0.01695132488
24,0.01658380311,0.0164243225
25,0.01706366998,0.01615851303
26,0.01701932307,0.01622501062
27,0.01590848633,0.0161066982
28,0.01674472564,0.01584630169
29,0.015679467,0.01595767471
30,0.01575553115,0.01527212863
31,0.01565611165,0.0149386375
32,0.01567748294,0.01527522504
33,0.01494133472,0.01486367802
34,0.01513793622,0.0152304481
35,0.01483313937,0.01451887365
36,0.01441347646,0.01438570698
37,0.01446854055,0.0148134348
38,0.01438494795,0.01370938064
39,0.01427445281,0.01401768345
40,0.01357033849,0.0137046366
41,0.01336388488,0.01328564133
42,0.01406036224,0.01344488747
43,0.01443787338,0.01323657669
44,0.01355328492,0.01410908811
45,0.0139161963,0.01349173149
46,0.01289332972,0.01360699732
47,0.01331657579,0.01291404094
48,0.01310117089,0.01278321445
49,0.01301298116,0.01299404155
50,0.01281937771,0.01251444337
51,0.0132005898,0.01290636125
52,0.01314780698,0.01309955469
53,0.01269205287,0.01275739435
54,0.01213753445,0.01283490018
55,0.01261945209,0.01275786012
56,0.01262529078,0.01296621154
57,0.01209696347,0.01209172618
58,0.01291717426,0.01219718868
59,0.01203270257,0.01209715707
60,0.01219861512,0.01201037306
61,0.01274784666,0.0123223128
62,0.01262718055,0.01188696281
63,0.01199150993,0.01213570079
64,0.01178188995,0.01151039719
65,0.01193874038,0.01235152385
66,0.01192189998,0.01227302244
67,0.01241838373,0.01225430763
68,0.01225655724,0.01251724572
69,0.0109534472,0.01166724227
70,0.01142653148,0.01192223397
71,0.01145019906,0.01117517229
72,0.01178714528,0.01200270571
73,0.01095765887,0.01195650629
74,0.01181410509,0.01186820446
75,0.01225869311,0.0116414862
76,0.01117082802,0.01178764342
77,0.0115329338,0.01123483758
78,0.01127535861,0.01088686427
79,0.01218131685,0.01176926191
80,0.0111493764,0.01154175471
81,0.01148522692,0.01154490781
82,0.01089134312,0.01134592341
83,0.0114661128,0.01156302355
84,0.01173730846,0.01164792036
85,0.01122424635,0.01113338012
86,0.01152101962,0.01143316971
87,0.01096398174,0.01106366178
88,0.0113949111,0.01133139897
89,0.01172033953,0.01126443141
90,0.01133002632,0.01190716075
91,0.01156582113,0.01155438495
92,0.01113973779,0.01112145709
93,0.01065295772,0.0117796876
94,0.01080917276,0.01120038296
95,0.01120800374,0.01157417928
96,0.01152800291,0.01132296037
97,0.0110716325,0.01180428232
98,0.009960607509,0.01056970551
99,0.01109459682,0.01081356301
100,0.01130069874,0.01113030792
101,0.0105832835,0.01146080357
102,0.01171491307,0.01081882266
103,0.01098661614,0.0114994169
104,0.01083110005,0.0105387629
105,0.01105621143,0.01085710397
106,0.01110851124,0.01093813684
107,0.01100462093,0.01111380034
108,0.01104756258,0.01038363611
109,0.01128552086,0.0111985741
110,0.0115140375,0.01103856578
111,0.01026917377,0.01069713256
112,0.01100350823,0.01145513542
113,0.01088074164,0.01069269888
114,0.01144822023,0.01109730755
115,0.01087954186,0.01084494125
116,0.01112614514,0.01112491847
117,0.01016530837,0.01119866082
118,0.01122060942,0.01088892214
119,0.01072426978,0.01080983446
120,0.0112344902,0.01049841952
121,0.01087612391,0.0114211156
122,0.0110138685,0.01103439543
123,0.01009356091,0.01104464638
124,0.01133978087,0.01076503505
125,0.01026660972,0.0114263366
126,0.01105686056,0.01132460078
127,0.01096613123,0.01045799116
128,0.01059849421,0.01071521954
129,0.009977147158,0.01043221715
130,0.01080116595,0.01085996744
131,0.01109089446,0.01072185207
132,0.01076180721,0.01080285956
133,0.0108329691,0.01085976802
134,0.0104365478,0.011283812
135,0.01098710822,0.01035929495
136,0.01134257321,0.01083771512
137,0.01106448844,0.0110560637
138,0.01109677379,0.0109674253
139,0.01071710058,0.01099187334
140,0.01080044848,0.01092982001
141,0.0110616103,0.01099301013
142,0.01074253162,0.0108542036
143,0.0110180804,0.01066582394
144,0.01055077149,0.01096370013
145,0.01032789261,0.01123135001
146,0.009935988579,0.01070344483
147,0.01027359441,0.0107805389
148,0.01117363153,0.0113857789
149,0.01044514088,0.01088393293
150,0.01007670385,0.01033159927
151,0.01036207785,0.01101600821
152,0.01144567295,0.01095926471
153,0.0110493243,0.01044245798
154,0.01065252116,0.01047077146
155,0.01103609789,0.0106530129
156,0.01081762288,0.01051208912
157,0.01057318388,0.0100273774
158,0.0102948898,0.011090038
159,0.0105978559,0.01075048186
160,0.0106422964,0.01130447187
161,0.01046937762,0.01067471248
162,0.01113244006,0.01095119072
163,0.01070118777,0.01051242976
164,0.01033471792,0.01011154125
165,0.01071719814,0.0106800166
166,0.01016012591,0.01081991417
167,0.01086887717,0.0107582981
168,0.01105521549,0.01142085157
169,0.01028131088,0.01069616026
170,0.01040059468,0.01107921952
171,0.01010806917,0.01103410218
172,0.01035851729,0.01135451731
173,0.01045131695,0.01076102292
174,0.01079129323,0.0104860987
175,0.01149074349,0.01039584167
176,0.01086114708,0.01113921264
177,0.01081185299,0.01069182169
178,0.01035051286,0.01052678411
179,0.01027371513,0.01010406343
180,0.01134977618,0.01053506718
181,0.009994478198,0.01119622192
182,0.01070737198,0.01037377957
183,0.01038911694,0.01053978258
184,0.01008205122,0.01089331519
185,0.01034836133,0.01008762431
186,0.0100877505,0.01114226191
187,0.01072434359,0.01050525066
188,0.01088724204,0.01025038864
189,0.01056838769,0.01084293379
190,0.01002342696,0.01047645567
191,0.0106502868,0.01068075001
192,0.01027816022,0.01053928817
193,0.0111536138,0.01044874277
194,0.01090882008,0.01031678671
195,0.01050619723,0.01037211751
196,0.01082949073,0.01077666227
197,0.01053136576,0.01053551678
198,0.01088052103,0.01097088668
199,0.01031969604,0.01090031303
200,0.01029257453,0.01075487945
201,0.009899112629,0.01153168082
202,0.01032418292,0.01056148787
203,0.01025948056,0.01045253279
204,0.01041408465,0.01069141563
205,0.01019929477,0.01080154825
206,0.0101128032,0.0107237536
207,0.01078104845,0.01073172747
208,0.01032653032,0.01016610442
209,0.009665380116,0.01031952398
210,0.01078887621,0.01061542844
211,0.01028636156,0.01055549085
212,0.01076359779,0.009910920518
213,0.01044914895,0.01115470356
214,0.01052670635,0.01004532352
215,0.01047868561,0.01120094128
216,0.01040542778,0.01015055156
217,0.01004998689,0.01094498101
218,0.009942766628,0.0100905241
219,0.01077369007,0.01051022543
220,0.01058349304,0.01040084136
221,0.0106556915,0.01004589058
222,0.01046949194,0.01056435681
223,0.01060141751,0.01007702784
224,0.01037835027,0.0103831552
225,0.009852775489,0.01040401903
226,0.01059805648,0.01033227833
227,0.009854338132,0.01051363803
228,0.01077095757,0.01135329448
229,0.01061532495,0.01078219281
230,0.01051226666,0.0101111132
231,0.01053069602,0.01130898006
232,0.01065126911,0.0109100095
233,0.009890433052,0.01001764636
234,0.01084684383,0.01097869442
235,0.01061262551,0.01058011828
236,0.009952048887,0.01125742996
237,0.01097557961,0.01094670629
238,0.01057239855,0.01015291864
239,0.0103275982,0.009977042908
240,0.01063929999,0.0107959361
241,0.0105770732,0.0101115728
242,0.01056126517,0.01045289158
243,0.01039431989,0.01060510322
244,0.01040294493,0.01008464105
245,0.0104283666,0.01036035735
246,0.01054624724,0.0108923181
247,0.01054871106,0.01047935418
248,0.01026076591,0.01071693818
249,0.01041950891,0.01003710751
250,0.01015986619,0.01067920367
251,0.01002242765,0.0103150591
252,0.01059466077,0.009958300972
253,0.01037893933,0.009827616042
254,0.01134737197,0.01074170356
255,0.01040228049,0.01044287544
256,0.00981822086,0.01028117794
257,0.01023139653,0.01029994362
258,0.009784987546,0.01029613463
259,0.01056662388,0.009886209969
260,0.01056004397,0.009780357592
261,0.01036409859,0.01023580681
262,0.009654340334,0.01002681279
263,0.01031402673,0.009867102723
264,0.01016326639,0.01061407558
265,0.01107674465,0.01030424179
266,0.01067551854,0.01030200347
267,0.01056099776,0.01062022883
268,0.01068190776,0.01054328925
269,0.01047551131,0.01042434643
270,0.009862978826,0.01091710955
271,0.0107205672,0.009589834372
272,0.01046042982,0.01073068962
273,0.009641293727,0.01052174997
274,0.009857606608,0.01072757423
275,0.01086650696,0.01059831399
276,0.01055117045,0.01105095027
277,0.01068550197,0.01024325425
278,0.009525717702,0.009892427595
279,0.01127845072,0.01072574931
280,0.01041793101,0.009699237184
281,0.01055416698,0.01041625056
282,0.01091543247,0.01045120612
283,0.009894301416,0.01125774952
284,0.01031647425,0.01067061268
285,0.009710282786,0.0102930346
286,0.009903029772,0.01104796445
287,0.01103798952,0.01000072691
288,0.009850894916,0.01043621544
289,0.009886245127,0.009841893741
290,0.01011966297,0.009960886906
291,0.01032577932,0.01042954286
292,0.01027169684,0.01062523015
293,0.01089434244,0.01086073415
294,0.01068489114,0.01030242932
295,0.01050739631,0.0110891537
296,0.01063744072,0.01021845837
297,0.01035869971,0.01072481449
298,0.01067433995,0.009950944805
299,0.01006927423,0.01014506991
300,0.01006930659,0.01004783844
301,0.009961737785,0.009864321328
302,0.01079822367,0.0102910233
303,0.01056064281,0.01065382559
304,0.01005703339,0.01068021392
305,0.01020818553,0.01066544384
306,0.01070251281,0.01109005045
307,0.01079124643,0.01006558444
308,0.01051684434,0.01016442617
309,0.01039952983,0.009977743379
310,0.01067578816,0.01108450978
311,0.01012798585,0.01055575255
312,0.01037519379,0.01031864958
313,0.01014066685,0.01066493371
314,0.01049135253,0.009956339141
315,0.01061912929,0.01094544178
316,0.009703580348,0.01025132032
317,0.01028264884,0.01045333955
318,0.01060236502,0.01045494492
319,0.009785110597,0.01033900562
320,0.01055190607,0.010720658
321,0.01017463673,0.01100087713
322,0.009744096082,0.01028901071
323,0.01017077384,0.01054457889
324,0.009919898352,0.009995961445
325,0.01030466857,0.01086513873
326,0.01017314492,0.009860543301
327,0.009914182359,0.010214807
328,0.01073374471,0.01026567235
329,0.01131852122,0.010316186
330,0.01018392574,0.01036142639
331,0.01051989733,0.01031841256
332,0.01026921265,0.01035318919
333,0.01030364772,0.0107252046
334,0.01032865571,0.01060377888
335,0.01042683318,0.01055642823
336,0.009869705187,0.01029412879
337,0.01023332065,0.01105385995
338,0.01029575244,0.01046902162
339,0.009810216899,0.009783765068
340,0.01100151043,0.01106520498
341,0.01017051493,0.01120335411
342,0.01115270401,0.01086167432
343,0.01067461795,0.01004491455
344,0.01006993081,0.01075943548
345,0.01056276227,0.01050570153
346,0.01053792454,0.01023884187
347,0.009804691304,0.01071289892
348,0.01025942783,0.01017344347
349,0.0105470866,0.01017686806
350,0.009880994679,0.01066990721
351,0.009932314744,0.01027471828
352,0.01075431355,0.01087324403
353,0.01080983027,0.01024460257
354,0.01040256745,0.01130610378
355,0.009733162355,0.01095119945
356,0.009861212107,0.010318527
357,0.009935035894,0.01084259397
358,0.01049523859,0.01023978461
359,0.01052694558,0.01052124286
360,0.0102772722,0.01038474939
361,0.01051471441,0.009718129295
362,0.01096171816,0.01008129946
363,0.01086394617,0.01013044897
364,0.01063686667,0.01040802512
365,0.01012844872,0.009984882316
366,0.01024035679,0.01009127242
367,0.01026990463,0.01068207598
368,0.01074380986,0.01130975352
369,0.01000352204,0.01018009509
370,0.01023950195,0.01042314619
371,0.01028578868,0.01057617855
372,0.01034235576,0.0107164802
373,0.01037451287,0.01037976309
374,0.01029030152,0.01044864021
375,0.01068735577,0.01067694102
376,0.009473663347,0.01025970839
377,0.01013197214,0.01087941637
378,0.01096728456,0.01078229072
379,0.009925173945,0.01063578879
380,0.01072379411,0.0106650641
381,0.009646353428,0.009595976677
382,0.009653975023,0.01024632878
383,0.01038488571,0.009799789288
384,0.009374477551,0.01067363482
385,0.01065034175,0.01007434947
386,0.01099395601,0.01030969992
387,0.01045814145,0.009895590949
388,0.01030167879,0.01071497868
389,0.009724189993,0.01011145918
390,0.01060294558,0.01114913181
391,0.009871845366,0.01014387136
392,0.01037536259,0.0108462224
393,0.01072278817,0.01014867157
394,0.009912371752,0.0101401147
395,0.01020029397,0.01033431129
396,0.009932671383,0.01024905173
397,0.01003928191,0.01046917099
398,0.01027363935,0.01029593556
399,0.009957586182,0.01012765209
400,0.01063133846,0.01110526768
401,0.01032195694,0.01020089223
402,0.009905869025,0.01066272648
403,0.01054962457,0.009805551963
404,0.01017392869,0.01068433688
405,0.01045549044,0.01084159559
406,0.01065632823,0.01058457198
407,0.009749287157,0.01099315786
408,0.01069978951,0.01048110542
409,0.01062556822,0.01006969856
410,0.01034412533,0.01053879748
411,0.01091836696,0.01071688277
412,0.01083917439,0.01094778185
413,0.01034696843,0.010343701
414,0.01037373208,0.01105644123
415,0.01092252659,0.01013059367
416,0.01082851132,0.01056957152
417,0.0100370351,0.01125487662
418,0.01012512413,0.01068052475
419,0.01022992528,0.01056465344
420,0.01051125641,0.01042415795
421,0.01035117172,0.01025113428
422,0.01009746187,0.01034482953
423,0.009823800414,0.01030673448
424,0.009897115291,0.01081906003
425,0.009790401557,0.01043993677
426,0.009764249786,0.009786622599
427,0.01019134547,0.01079014479
428,0.01002279506,0.01018578128
429,0.01047692704,0.01071628311
430,0.01012128813,0.009934199625
431,0.009899568395,0.0100318765
432,0.01073661423,0.009939702693
433,0.01017404185,0.01027258788
434,0.009441072703,0.01053385949
435,0.01017949637,0.01020495081
436,0.009897835436,0.01068499871
437,0.01002154325,0.01064141293
438,0.01028986019,0.01064292435
439,0.01012611401,0.01022927638
440,0.0102487813,0.01034720358
441,0.01030072267,0.01056296483
442,0.009817105951,0.01041937352
443,0.01005896472,0.009948601131
444,0.01047633146,0.0100551917
445,0.01031644305,0.01013388252
446,0.01097554737,0.01042436936
447,0.01044391876,0.009852715419
448,0.009988462087,0.01014350913
449,0.01009316405,0.01045386028
450,0.009782827576,0.01051433117
451,0.01032136369,0.01023106941
452,0.01052101771,0.0113025005
453,0.01045123592,0.010563544
454,0.01028001634,0.01043100865
455,0.009948366205,0.01039132616
456,0.01001805963,0.01082506671
457,0.01077935263,0.01076974231
458,0.01055633964,0.01086003962
459,0.009162692004,0.01020661846
460,0.01000560517,0.01019713306
461,0.009992941516,0.009837242193
462,0.01019162836,0.01083907671
463,0.01054244011,0.01056767034
464,0.01030594937,0.01062615623
465,0.01064468478,0.009970293089
466,0.009520295775,0.00991298235
467,0.009375593858,0.009773302125
468,0.01044211711,0.01063202415
469,0.01060362428,0.01057344023
470,0.01036861213,0.01024547475
471,0.01030303619,0.009957593516
472,0.01048403396,0.01048990095
473,0.01047749282,0.01045534678
474,0.01069580717,0.0105164228
475,0.01051889674,0.009740557871
476,0.01004365901,0.01024404354
477,0.01020832243,0.01072309434
478,0.01006801391,0.01068273664
479,0.01036056038,0.009690101491
480,0.01067301643,0.010851264
481,0.009978956194,0.01016317215
482,0.009973921464,0.009943887359
483,0.01018368138,0.01083744096
484,0.009803697583,0.01047775545
485,0.009759071399,0.01031658531
486,0.00961046922,0.01075826131
487,0.01005696552,0.01053555473
488,0.01021051966,0.01028738695
489,0.009985106182,0.01047939598
490,0.009982487536,0.01070227032
491,0.01009746362,0.009892679751
492,0.01064181456,0.01074044558
493,0.009509137366,0.01006610144
494,0.01035992673,0.01071066386
495,0.01064069837,0.01051107864
496,0.01023212401,0.01017595781
497,0.009934339323,0.01029986329
498,0.01053475635,0.01005395839
499,0.01088877395,0.01090561994
500,0.009997099638,0.01052238897
501,0.01053455088,0.01019678148
502,0.01048830745,0.00972082885
503,0.01027478976,0.01098967157
504,0.01073843776,0.01104531402
505,0.009679505369,0.009488903335
506,0.01026436756,0.01014467597
507,0.01001423539,0.01069907146
508,0.009858297301,0.01014088339
509,0.01029353146,0.01066444011
510,0.01021408581,0.009786650888
511,0.00950419507,0.01025362243
512,0.01004983659,0.01088923437
513,0.01027149626,0.009633274574
514,0.009115434019,0.01022839977
515,0.009904695675,0.01059912436
516,0.01035970333,0.01029821124
517,0.01000652008,0.01048372162
518,0.01071873994,0.009847535403
519,0.01016023895,0.009680350195
520,0.00967511523,0.01035907085
521,0.009997007204,0.01033383317
522,0.01013335201,0.01029574231
523,0.009681793628,0.009987555444
524,0.01069387526,0.01069574757
525,0.01035539398,0.009998593479
526,0.01049583068,0.01015453599
527,0.01061888086,0.01113537513
528,0.009997810004,0.01032871997
529,0.009926950326,0.01019120752
530,0.01064656419,0.01076028508
531,0.01005145325,0.01037306385
532,0.01020320738,0.01032359549
533,0.01027142862,0.01017993037
534,0.01053542527,0.009952911525
535,0.0103206808,0.01084967668
536,0.01036260941,0.009644786594
537,0.01052027568,0.01057656575
538,0.01016134303,0.009706878336
539,0.009639864787,0.01006160863
540,0.01009793684,0.009854513453
541,0.01063775131,0.01044638432
542,0.01041965291,0.01001102605
543,0.01049227698,0.01072443416
544,0.01056137017,0.01026241365
545,0.01023046684,0.01097437984
546,0.01059662807,0.01011514594
547,0.01008400694,0.01027468103
548,0.01034185046,0.01080254372
549,0.01039811259,0.01010266237
550,0.01002532744,0.01013193943
551,0.01033717406,0.01072765491
552,0.01017601334,0.01065851562
553,0.01065174374,0.01018893719
554,0.01050848118,0.01073092397
555,0.01089742139,0.01023317093
556,0.01064682181,0.0107462008
557,0.009963943856,0.01117450849
558,0.009841095074,0.01087046519
559,0.009897976706,0.01033846731
560,0.01023557212,0.01052887668
561,0.01050820528,0.01014689205
562,0.00978073955,0.01053970843
563,0.01007103722,0.01091042918
564,0.01038434019,0.01069637237
565,0.01070072595,0.01014784945
566,0.01012622402,0.01083191636
567,0.01014328015,0.009879268589
568,0.0103454935,0.01010405237
569,0.01016515773,0.01045062568
570,0.0109398606,0.01064016169
571,0.01066689449,0.009775684215
572,0.01001124235,0.01024582318
573,0.01006972441,0.01056638942
574,0.009997447836,0.01042667008
575,0.0103288322,0.01083517494
576,0.0105378665,0.01064603019
577,0.009922667989,0.01065978629
578,0.01011983468,0.01058852393
579,0.0107960368,0.01025521383
580,0.0102175083,0.01041536173
581,0.01057072717,0.01026872708
582,0.01014570752,0.01063698868
583,0.00979305862,0.01004183374
584,0.01022253348,0.01104782044
585,0.01010003674,0.01007173129
586,0.01011958718,0.01009358582
587,0.00972919981,0.01010328112
588,0.01010479243,0.01065014349
589,0.01040878624,0.01060858497
590,0.0108639067,0.01035845233
591,0.0102485395,0.01032499876
592,0.01037244825,0.01011641871
593,0.01065936603,0.01074921398
594,0.01019801362,0.01010788919
595,0.01034386735,0.01013691153
596,0.01001257758,0.00997966202
597,0.01071506762,0.01089920069
598,0.009822887136,0.01014945772
599,0.01025710546,0.01023519237
600,0.01009013131,0.01076036331
601,0.0101335987,0.01054508914
602,0.00943488034,0.01015303086
603,0.01043243462,0.01043626678
604,0.01002608798,0.01043901709
605,0.01037014788,0.01052527479
606,0.009731120197,0.01033308008
607,0.009628896834,0.01020859194
608,0.01078513602,0.01118662499
609,0.01047277288,0.01001633215
610,0.01020343392,0.01039249066
611,0.01060778485,0.01066699158
612,0.01030697383,0.0107922852
613,0.01056489581,0.009676401387
614,0.01024018915,0.01044319407
615,0.009893806884,0.009870308917
616,0.01021405926,0.01092774863
617,0.009822523221,0.009965116275
618,0.01047402865,0.01086160075
619,0.01059224783,0.01061019278
620,0.0103574777,0.009577520192
621,0.01045940025,0.01046225429
622,0.0103054184,0.01019904262
623,0.01040644641,0.01089701522
624,0.01054411836,0.009868976427
625,0.01041726279,0.0106465345
626,0.01018608001,0.01091642503
627,0.009415338631,0.00973888766
628,0.009737416403,0.01079533668
629,0.01047274889,0.01070317556
630,0.01053914172,0.01063411951
631,0.01007654145,0.009918072261
632,0.01018395089,0.01028670487
633,0.01065117784,0.01014190854
634,0.01078359445,0.01048852073
635,0.01041989599,0.01045058027
636,0.01097111648,0.01042026863
637,0.01027948409,0.01090541575
638,0.009892877308,0.01030072349
639,0.01057115174,0.01080510858
640,0.009480920737,0.01005428558
641,0.01071814529,0.009846206638
642,0.00987409777,0.01109935739
643,0.01000518852,0.01010659395
644,0.01053012896,0.01012212364
645,0.01022681629,0.01037357503
646,0.009598588338,0.01088324818
647,0.01065724995,0.01006315753
648,0.009998868103,0.009991848725
649,0.01057731349,0.009988739388
650,0.01036105305,0.01033898734
651,0.01038137288,0.00952913519
652,0.01019815379,0.01073983777
653,0.01051120774,0.01019012893
654,0.01046111225,0.01049596618
655,0.01031243906,0.0099389276
656,0.0103777909,0.01004311966
657,0.009803459514,0.01053466043
658,0.009684592485,0.01070216927
659,0.009248890623,0.01104557922
660,0.009828380658,0.01036887022
661,0.0108535405,0.01090948656
662,0.01018305495,0.01041991299
663,0.0101809632,0.01092407585
664,0.01003005519,0.01024181838
665,0.01041345892,0.009857833851
666,0.01008667517,0.01075997145
667,0.01084873907,0.01008700591
668,0.01016983064,0.01054810861
669,0.01011448854,0.01068893808
670,0.01030705788,0.0098016134
671,0.0101379836,0.01122202678
672,0.01067374391,0.01016899094
673,0.009620282799,0.01051170251
674,0.01055989927,0.01011216443
675,0.01013681211,0.01027719257
676,0.01109027315,0.009997635381
677,0.009899325669,0.01048499451
678,0.01046243298,0.01055372856
679,0.01139349467,0.01013732806
680,0.009980496252,0.01118649589
681,0.01052789355,0.01018003013
682,0.01019400009,0.01061982103
683,0.01029654744,0.01005356724
684,0.01043672458,0.01133849681
685,0.009943382116,0.01018634462
686,0.01086021657,0.009694800247
687,0.01040115207,0.01002532919
688,0.01034932653,0.01024854498
689,0.0103987105,0.01029742556
690,0.01048038213,0.009900908102
691,0.01088087365,0.01075809426
692,0.00938707852,0.01074970711
693,0.01013204397,0.009867244284
694,0.01050994743,0.009664148907
695,0.0103658053,0.009905513842
696,0.009935711394,0.01049267233
697,0.01025929756,0.01098957798
698,0.009554960532,0.01041669387
699,0.01044783113,0.01063438377
700,0.009600079095,0.01079163642
701,0.01023676677,0.0105163944
702,0.01090349536,0.01012964302
703,0.009715996566,0.01045502862
704,0.009676701564,0.01033600024
705,0.01121770579,0.01050296228
706,0.01004303293,0.01032095298
707,0.01045117306,0.01091208251
708,0.009858637466,0.01037626923
709,0.01004157763,0.01074911631
710,0.01048065408,0.01079370535
711,0.01042786683,0.01081896061
712,0.01007108926,0.0101038561
713,0.01015449758,0.01112454943
714,0.01049663243,0.01074164559
715,0.01010102301,0.01021085354
716,0.01054413698,0.01024938165
717,0.01015321887,0.01007016865
718,0.01011912769,0.01061994175
719,0.01000901591,0.01043330063
720,0.01040518144,0.01038478571
721,0.01074785041,0.01046959002
722,0.01095979032,0.0105307952
723,0.01009043911,0.01067435648
724,0.01010826364,0.01082276134
725,0.009938269504,0.009884635452
726,0.0100989755,0.01009851089
727,0.01011289319,0.009789605159
728,0.01044905116,0.01092837774
729,0.01055541704,0.01045319776
730,0.01065938955,0.01011549251
731,0.009696538909,0.01010289136
732,0.01047338941,0.01092208608
733,0.01023513707,0.01027115888
734,0.01050442969,0.01063229947
735,0.01035107707,0.0107015773
736,0.01051410625,0.01065117808
737,0.01086713618,0.01063052763
738,0.01080680708,0.0105461377
739,0.01061268686,0.01044171175
740,0.01024637627,0.01099718537
741,0.01005045604,0.01067335194
742,0.01051568112,0.01008667587
743,0.01039671828,0.01067627268
744,0.01021064806,0.01067565661
745,0.01034290111,0.01060249691
746,0.01069660508,0.01012202026
747,0.01003116812,0.01076295273
748,0.01033969107,0.01001778606
749,0.01060952456,0.01031237992
750,0.01081270596,0.01014912967
751,0.01005029422,0.0100240797
752,0.0102506025,0.01024419081
753,0.009922007681,0.01100943249
754,0.01082474482,0.01073311234
755,0.009910367779,0.01019143709
756,0.009883351973,0.01012689946
757,0.01101831126,0.01066603139
758,0.01016416866,0.01042638335
759,0.01006730401,0.009833927848
760,0.01075429365,0.01014847017
761,0.01069739519,0.01064743183
762,0.01000701456,0.01006859203
763,0.01121367444,0.01054585655
764,0.01031706808,0.009887789958
765,0.01037811534,0.01053675229
766,0.01078422135,0.01068540826
767,0.01022526494,0.01007221325
768,0.01026957331,0.009781859349
769,0.009607845044,0.01103776484
770,0.01059051068,0.009890809655
771,0.01017047279,0.010687139
772,0.01047197485,0.01006504078
773,0.009099502233,0.009662915603
774,0.01011022495,0.01020287164
775,0.009816540056,0.01017527166
776,0.01036429894,0.009557671205
777,0.01035105647,0.01060297701
778,0.01068348589,0.01042588847
779,0.01039339614,0.01067167369
780,0.01066754269,0.01024480222
781,0.01005192578,0.01055126812
782,0.01063289307,0.01014114474
783,0.009706242825,0.009870695183
784,0.009467451484,0.009907690226
785,0.01011733513,0.0101592436
786,0.01039702957,0.01028873585
787,0.01000654907,0.01041743753
788,0.01041716523,0.009891875554
789,0.01057793212,0.01051560673
790,0.01001732389,0.01047516428
791,0.009772542689,0.009655203496
792,0.0104980584,0.009869114729
793,0.01054753608,0.009691962856
794,0.01021898363,0.01038651715
795,0.01012123737,0.01004684065
796,0.009984065196,0.009939970216
797,0.0100484913,0.01031987451
798,0.009104693949,0.01049964502
799,0.01074960851,0.009958802839
800,0.01044011244,0.01079041651
801,0.01057402056,0.01020294521
802,0.00983095495,0.01017965097
803,0.01014286431,0.009169430938
804,0.0106172543,0.01012232737
805,0.01077942795,0.01072405162
806,0.00997101923,0.01048633165
807,0.01044022886,0.01005857671
808,0.01042905089,0.01013078366
809,0.01028831734,0.01022447192
810,0.01011088339,0.01058892743
811,0.01058361225,0.009279111284
812,0.01006287185,0.01037053112
813,0.01045338577,0.01006393752
814,0.01000599621,0.009941226454
815,0.01057925529,0.01059268042
816,0.0100882462,0.01035797212
817,0.01055992919,0.0102888695
818,0.01038497651,0.009658870636
819,0.009340237943,0.01015214494
820,0.0106551568,0.01010010624
821,0.009881516336,0.01037357724
822,0.009998191497,0.01090486662
823,0.0107392855,0.01088287134
824,0.01038783905,0.009751960402
825,0.01032840391,0.009892461705
826,0.01085176039,0.01020353299
827,0.01008671522,0.01147556712
828,0.0109044119,0.01063302846
829,0.01014919335,0.01087803824
830,0.0101882146,0.01013587834
831,0.01018904918,0.0100398116
832,0.009980496601,0.009865723085
833,0.01007612736,0.009892423463
834,0.009364075377,0.0102174558
835,0.01071631291,0.01062921248
836,0.01025967789,0.009880625876
837,0.0094086795,0.009815015714
838,0.01026210818,0.01020314568
839,0.0100466077,0.01077799895
840,0.01055577828,0.01038697583
841,0.01044088387,0.01016724925
842,0.01040407864,0.01025786297
843,0.009860001388,0.01008075522
844,0.00994399155,0.01113632286
845,0.01074178296,0.009969255887
846,0.01002038072,0.009925513528
847,0.01026394567,0.009763722192
848,0.01111068623,0.01031944167
849,0.009984688484,0.01062179729
850,0.01050963579,0.01066736481
851,0.01052851451,0.01019620197
852,0.01010169671,0.01019579521
853,0.01043949602,0.01049580448
854,0.01069866156,0.01035746129
855,0.01026954968,0.0102779126
856,0.01044945978,0.01049020537
857,0.01036649826,0.01003784419
858,0.01015243388,0.01102467219
859,0.0104860313,0.01084685524
860,0.0102051032,0.01020941348
861,0.01014087372,0.0106866532
862,0.011217074,0.01002576132
863,0.01011747785,0.01067518478
864,0.01000957179,0.01079345087
865,0.01082737849,0.01013075025
866,0.01057455095,0.01021140604
867,0.01024855382,0.01015659247
868,0.009795645485,0.01006068313
869,0.01081645535,0.0100257406
870,0.009914838476,0.01081235148
871,0.01054696715,0.00981742877
872,0.01039422082,0.01082973287
873,0.01048245223,0.01026896702
874,0.01003483427,0.01040269295
875,0.009943672572,0.01104948053
876,0.0103037256,0.01048638229
877,0.0106219314,0.01021188824
878,0.01013568626,0.01063295826
879,0.01013326296,0.01020150143
880,0.01011671417,0.01063340763
881,0.01035604638,0.01030895533
882,0.01016710477,0.0102626459
883,0.01013385179,0.01074926148
884,0.009699483984,0.00994636619
885,0.01067577954,0.01029936236
886,0.01058913558,0.01101743861
887,0.01019419543,0.01040810486
888,0.01003888028,0.009903606144
889,0.01040631591,0.009552265401
890,0.01038296602,0.01035722217
891,0.01037473534,0.01048046187
892,0.01013678522,0.01020447421
893,0.01018911484,0.01084881043
894,0.01082844369,0.01009335218
895,0.009872353519,0.01060597261
896,0.01047262351,0.009650384774
897,0.01073022559,0.01107241795
898,0.01025452011,0.010327611
899,0.01011845109,0.01038191607
900,0.01018926851,0.01058754325
901,0.009852701332,0.01024660328
902,0.01016532152,0.01009491272
903,0.01017206861,0.009730584628
904,0.01072539238,0.01040199108
905,0.01008244045,0.01059787231
906,0.01044674311,0.01024463773
907,0.01021525438,0.01083219144
908,0.01059560466,0.01082967385
909,0.009635300492,0.01075905806
910,0.01020385767,0.01039188076
911,0.0101974787,0.01029520819
912,0.01021829352,0.01097368251
913,0.01047350012,0.01117954019
914,0.01001550443,0.01061749039
915,0.009475053754,0.00969355111
916,0.01049260143,0.01087324484
917,0.01000568713,0.01027474331
918,0.009710526909,0.01038925652
919,0.009830171126,0.01048824051
920,0.01057877252,0.009718051529
921,0.01045741758,0.009748510318
922,0.010047585,0.01053792785
923,0.01028241473,0.01028815925
924,0.0106318125,0.01005669136
925,0.01001807803,0.01055775909
926,0.01009717199,0.01016800303
927,0.0103527226,0.01083963306
928,0.009830118099,0.01031535584
929,0.01097981026,0.01084399875
930,0.00964154175,0.01055985992
931,0.01031756017,0.01000331924
932,0.009553585609,0.00975479139
933,0.01008106419,0.01082241174
934,0.009911111789,0.009296131961
935,0.01040712395,0.01040650601
936,0.01079698419,0.01019973296
937,0.009990721126,0.01015805872
938,0.009838055063,0.01001961471
939,0.009559873666,0.01015538466
940,0.009901455953,0.01021639339
941,0.0102363287,0.01031147048
942,0.009905065526,0.01027311687
943,0.01000800868,0.01043919264
944,0.0102337217,0.01023826317
945,0.009902090882,0.01081061119
946,0.009859587881,0.01088300836
947,0.0108187868,0.01092805015
948,0.009941522731,0.01045188389
949,0.009991678817,0.01038832392
950,0.01024139335,0.01031784981
951,0.009747632663,0.01035876723
952,0.01032483974,0.009869457455
953,0.009975569556,0.00980206579
954,0.0100286036,0.01048730395
955,0.01048906962,0.01001886011
956,0.009568424663,0.01059110148
957,0.00994109537,0.01090160431
958,0.01015143807,0.01045463979
959,0.009793911013,0.009698054404
960,0.01068190089,0.00967718591
961,0.009724717704,0.009914830443
962,0.01019700186,0.009761777474
963,0.01070760458,0.01033241139
964,0.009990232065,0.01097916311
965,0.01100030413,0.01061170141
966,0.01053169614,0.01054566773
967,0.01008619939,0.009653052432
968,0.009886716725,0.01019723108
969,0.01025438984,0.01112138934
970,0.0105714394,0.01058738469
971,0.01070503017,0.01109293406
972,0.009393818211,0.01098409796
973,0.01070493774,0.01077610929
974,0.01013354416,0.010333193
975,0.009626176558,0.009495161066
976,0.0105383253,0.01059455215
977,0.01002300286,0.01034293568
978,0.009506475762,0.0116025426
979,0.009928491083,0.009951558779
980,0.009843086009,0.01065305725
981,0.009870289708,0.01043046033
982,0.01010335714,0.009977870388
983,0.009996499168,0.01050925918
984,0.01045302849,0.01051467413
985,0.01042576542,0.01035613508
986,0.01037153904,0.01035400212
987,0.01051472197,0.0099841638
988,0.01063095964,0.01030872366
989,0.01076016692,0.009619706427
990,0.01037615852,0.009726105956
991,0.01014284184,0.01079504355
992,0.01007790037,0.0103176632
993,0.01062894834,0.009907533298
994,0.01015579654,0.01076218369
995,0.01084792218,0.01061538653
996,0.01131246181,0.01037794119
997,0.01038734347,0.01092000911
998,0.01038542308,0.01038886851
999,0.009441731032,0.01062372699
1000,0.01023883943,0.01089491381
1001,0.01021872682,0.01047369326
1002,0.009666831931,0.01078278478
1003,0.01025883411,0.01022630837
1004,0.01037877717,0.01052116149
1005,0.009596178425,0.01016420312
1006,0.01021463366,0.01001620223
1007,0.01086357492,0.009988898295
1008,0.009953303263,0.01012762601
1009,0.0101050816,0.01028384967
1010,0.01066695887,0.01088592655
1011,0.009995128377,0.01046696852
1012,0.01004342793,0.01028377283
1013,0.01031230472,0.009986767895
1014,0.01024752157,0.009976681555
1015,0.01029264904,0.009863006533
1016,0.01016013208,0.01055686257
1017,0.01017482125,0.01059360977
1018,0.0111005099,0.01032498199
1019,0.01048331941,0.01047278254
1020,0.01014531718,0.009628721047
1021,0.01029718132,0.009602225327
1022,0.0101217943,0.01058436278
1023,0.01081614534,0.01011036907
1024,0.01015594311,0.01049159782
1025,0.009798623854,0.009912076057
1026,0.01047404774,0.01013556856
1027,0.009902155376,0.009934485424
1028,0.0100172949,0.01074348134
1029,0.009865935775,0.01062072406
1030,0.0105237813,0.01055193658
1031,0.01097858069,0.01036485622
1032,0.009774014819,0.01011436735
1033,0.01039286144,0.01046860067
1034,0.00999451091,0.01036580862
1035,0.009912261623,0.01069565443
1036,0.0106495379,0.0105997416
1037,0.0103845027,0.01030313608
1038,0.01030715101,0.01031258161
1039,0.01084728574,0.01073900238
1040,0.01036725903,0.01028498169
1041,0.0103033348,0.01052782929
1042,0.01015430188,0.01034364069
1043,0.00954318,0.009893006179
1044,0.01034838124,0.01062048681
1045,0.01004709839,0.01041135879
1046,0.01024608873,0.01038389688
1047,0.01060598996,0.01082964451
1048,0.01027119474,0.01024778432
1049,0.01032539632,0.01029176288
1050,0.009700786555,0.01106096711
1051,0.009761046735,0.01044036541
1052,0.009564749664,0.01016495947
1053,0.009888781933,0.01088548708
1054,0.01062857022,0.01048337237
1055,0.01024755544,0.01081753755
1056,0.01033437741,0.009837619262
1057,0.009975905414,0.01066455641
1058,0.01032151212,0.0100305659
1059,0.01040897868,0.01068868989
1060,0.0101809568,0.01092193485
1061,0.01068940922,0.01047488966
1062,0.009690201841,0.01063074777
1063,0.01041416533,0.0102015005
1064,0.01032162644,0.01012896094
1065,0.009647700703,0.01049977692
1066,0.01072650461,0.01030029764
1067,0.01058338431,0.0105150434
1068,0.01092262531,0.009964141413
1069,0.01028142066,0.0104127907
1070,0.01026256627,0.01004362933
1071,0.009809495066,0.01025362767
1072,0.009838818689,0.01037921791
1073,0.01011983107,0.01102062769
1074,0.00998047844,0.01035988156
1075,0.0101178597,0.01007394469
1076,0.0101616591,0.01035096392
1077,0.01035590493,0.009969403793
1078,0.0105734152,0.009889968554
1079,0.009856748395,0.01056222233
1080,0.01070223027,0.01040845201
1081,0.009795832913,0.01017254975
1082,0.01010693307,0.01016452722
1083,0.01021593565,0.01102312049
1084,0.01005324128,0.01031946565
1085,0.00994909741,0.0101602216
1086,0.009480056353,0.0105709359
1087,0.009422760573,0.01031826681
1088,0.01056231343,0.01076743845
1089,0.009246107074,0.01127747574
1090,0.009723501047,0.009757667664
1091,0.0104196273,0.01030586846
1092,0.01069811592,0.009950482519
1093,0.01017902978,0.009925412945
1094,0.010087464,0.01047140185
1095,0.01055133098,0.01032312575
1096,0.01022270473,0.01111791201
1097,0.01017769496,0.009827276343
1098,0.01042696112,0.0103267004
1099,0.01053621841,0.0103589854
1100,0.01102801249,0.009254803648
1101,0.01032406464,0.01015675382
1102,0.01001934079,0.01029869926
1103,0.009741769987,0.01061668724
1104,0.01004057901,0.01023474173
1105,0.009861078928,0.01052605722
1106,0.01006230724,0.01003598527
1107,0.01008774166,0.01060421218
1108,0.01049939846,0.01060387003
1109,0.009738637833,0.01086886879
1110,0.01028751722,0.01050262793
1111,0.00993648544,0.01064974326
1112,0.01005948102,0.01020065031
1113,0.01024012116,0.01067954663
1114,0.01001081301,0.01038801996
1115,0.01027420699,0.01055044017
1116,0.01100385829,0.01047510898
1117,0.009917112882,0.009855753859
1118,0.01037137164,0.01088975999
1119,0.01091208484,0.01071610593
1120,0.009924787446,0.009575780947
1121,0.009292544913,0.01112562953
1122,0.01007766975,0.009492155164
1123,0.009623863385,0.01058771927
1124,0.01000252448,0.01076959725
1125,0.01060745877,0.01057513047
1126,0.01054914005,0.009359643562
1127,0.01061348582,0.009967209538
1128,0.009791319026,0.01046988938
1129,0.01025188109,0.01032253471
1130,0.009838669212,0.009557873593
1131,0.01013434643,0.01019953261
1132,0.0104748169,0.009806369548
1133,0.01031042228,0.009968228522
1134,0.009796857368,0.01065283222
1135,0.01032417896,0.01083252265
1136,0.01000852278,0.009765900497
1137,0.01014690299,0.01060573035
1138,0.01009426359,0.01063045755
1139,0.01026759145,0.0105991133
1140,0.009993058397,0.01014311169
1141,0.01106227015,0.0104545888
1142,0.01043618307,0.009877033764
1143,0.00989277428,0.01070716558
1144,0.009703751304,0.01047176053
1145,0.01005583385,0.009950254112
1146,0.01014918357,0.01076240197
1147,0.01056418277,0.01048458042
1148,0.01015381771,0.0101774612
1149,0.01111913752,0.01051328739
1150,0.01001389837,0.01048279391
1151,0.009720271337,0.009712622035
1152,0.01046853291,0.01044818934
1153,0.009744120878,0.01027892029
1154,0.009494469617,0.0104489004
1155,0.01048700069,0.01028788008
1156,0.01027575927,0.01005377225
1157,0.01034889277,0.01033492433
1158,0.01059874473,0.01061421121
1159,0.01000211248,0.01013360603
1160,0.01039706531,0.01056185749
1161,0.01035292924,0.01057538006
1162,0.009712503932,0.01041011605
1163,0.01155383559,0.01039976487
1164,0.01048943272,0.01104270865
1165,0.009456791333,0.01045796543
1166,0.009800349944,0.01100076211
1167,0.01039017993,0.01082936698
1168,0.009728623205,0.01029246434
1169,0.009706034325,0.01035257033
1170,0.01058480015,0.01041242585
1171,0.01005687017,0.01014374266
1172,0.00996025058,0.01007923333
1173,0.01004538476,0.009598111617
1174,0.01036338496,0.01071204012
1175,0.01067203179,0.01010182174
1176,0.01048266864,0.0113960288
1177,0.01027930819,0.00991108059
1178,0.00989424577,0.009708689409
1179,0.01047090464,0.01048846007
1180,0.01020551723,0.01041219069
1181,0.01007455087,0.01076278975
1182,0.01055082388,0.01031158725
1183,0.01054977044,0.01000335254
1184,0.009725359618,0.01044576918
1185,0.01028598321,0.01001424191
1186,0.01062790561,0.009488013864
1187,0.009879796999,0.01003379293
1188,0.0103826304,0.01010660257
1189,0.009923175094,0.01079096599
1190,0.01082817919,0.01075995038
1191,0.01046413125,0.009800872765
1192,0.01033849223,0.010160862
1193,0.009702683426,0.009920235723
1194,0.009121113108,0.01109659486
1195,0.009762157453,0.01046814432
1196,0.01068316179,0.01064549549
1197,0.01049556246,0.01002601907
1198,0.01030248078,0.01035258081
1199,0.01069020596,0.01049703243
1200,0.01074027992,0.01030898141
1201,0.01014939894,0.01029570296
1202,0.01015509642,0.01020878344
1203,0.01043715817,0.01031678193
1204,0.01064638223,0.009692539927
1205,0.0103501163,0.009850613889
1206,0.009691078798,0.009665102931
1207,0.01030878921,0.0103031263
1208,0.01014750783,0.01059085329
1209,0.0107846827,0.01001897233
1210,0.01028370694,0.01052626385
1211,0.01030586415,0.01014240144
1212,0.01044572319,0.01044229476
1213,0.01067898609,0.009621727688
1214,0.01003782032,0.01044214249
1215,0.01068359672,0.01089674886
1216,0.01044068637,0.01098295744
1217,0.01014697994,0.01023983129
1218,0.01043246919,0.00979499321
1219,0.009858576581,0.01043023891
1220,0.009616538999,0.01014097815
1221,0.009863737272,0.009844114073
1222,0.009963383782,0.01006599632
1223,0.009955522954,0.0100278334
1224,0.01021266996,0.01096985291
1225,0.009938843781,0.009597363998
1226,0.01032585418,0.01054537843
1227,0.009900803328,0.01037201611
1228,0.01020604651,0.01034111658
1229,0.01110761764,0.01021483133
1230,0.01012957143,0.01085633086
1231,0.009662434692,0.01047184598
1232,0.00994609989,0.01022789278
1233,0.0102977691,0.01043566794
1234,0.01005541824,0.01040901197
1235,0.01010736229,0.009864112828
1236,0.01047105819,0.01057707728
1237,0.01038967317,0.01041739527
1238,0.01009154518,0.01098569925
1239,0.009973658365,0.009988600621
1240,0.01072471496,0.010150193
1241,0.01005569997,0.0103386126
1242,0.0100018495,0.01020859415
1243,0.009537352831,0.01023355254
1244,0.01042918279,0.01021778909
1245,0.009467032505,0.01029710053
1246,0.01051714586,0.01048337179
1247,0.01083502732,0.01030703995
1248,0.009591732407,0.01058446919
1249,0.01067382062,0.009890756104
1250,0.01021480386,0.009621496778
1251,0.009656569979,0.009934451024
1252,0.009870169917,0.01024921297
1253,0.01074275747,0.009170127916
1254,0.0101480434,0.01023469027
1255,0.0101069673,0.01038052212
1256,0.009770707926,0.009651022148
1257,0.009826979134,0.01001328562
1258,0.01015703892,0.01049072435
1259,0.01051293395,0.01048476947
1260,0.01083837647,0.01067168231
1261,0.009931239299,0.009715923574
1262,0.01060832734,0.01029975072
1263,0.01006191282,0.01018802309
1264,0.01016440906,0.01029128686
1265,0.01031951339,0.010366751
1266,0.01003606664,0.01020194078
1267,0.01056282606,0.01007778163
1268,0.0100661855,0.0101026335
1269,0.01042932144,0.01018893975
1270,0.01025220647,0.01047416183
1271,0.01034096116,0.01003370539
1272,0.01069507888,0.01037103101
1273,0.01029940043,0.01000743778
1274,0.01013552689,0.01044155401
1275,0.0102099161,0.010639866
1276,0.01030429511,0.01021537674
1277,0.01026609249,0.01043370995
1278,0.009797897656,0.01005083101
1279,0.01038872404,0.01017015229
1280,0.009421701776,0.01005775423
1281,0.01022096677,0.01053871203
1282,0.009911729372,0.01013700035
1283,0.01029707445,0.0103611449
1284,0.009792823577,0.01006805792
1285,0.0104417461,0.009958821
1286,0.01053100522,0.01018923603
1287,0.0106356336,0.01068996813
1288,0.009621317615,0.01060144138
1289,0.01050685358,0.01025125908
1290,0.01064418885,0.01005596831
1291,0.01030008821,0.0103278138
1292,0.01058760693,0.009829533519
1293,0.01028106885,0.009732670267
1294,0.009865238564,0.01049428491
1295,0.009961673291,0.01027512283
1296,0.01015584485,0.009869943606
1297,0.009807507508,0.009686801466
1298,0.00990456494,0.01014388434
1299,0.01096509234,0.01013229473
1300,0.009940901771,0.01047766674
1301,0.009923479985,0.01085668954
1302,0.00937258231,0.01017055917
1303,0.009696744382,0.009558909922
1304,0.009648913867,0.009714259533
1305,0.009998577065,0.01014149922
1306,0.01020407642,0.009642602876
1307,0.009074361296,0.01056409301
1308,0.01028162485,0.01039886964
1309,0.01069762849,0.01032386604
1310,0.01012677164,0.01110900787
1311,0.01058325381,0.01024587004
1312,0.009866841254,0.0108418559
1313,0.01024199161,0.01035097812
1314,0.009407885256,0.01002665225
1315,0.01059491455,0.01030312851
1316,0.009919770469,0.01028698427
1317,0.01008567738,0.010560269
1318,0.01014919719,0.009851260693
1319,0.01020822709,0.01032724266
1320,0.01031671115,0.01035294647
1321,0.0102819521,0.01028121577
1322,0.009837082122,0.01003913255
1323,0.009859460522,0.01045274129
1324,0.009937684634,0.01039717859
1325,0.01077009749,0.01008109341
1326,0.009552919422,0.009912411682
1327,0.009994695778,0.0107696451
1328,0.009581678081,0.009727286466
1329,0.01022020658,0.01055153063
1330,0.01032682077,0.009746382479
1331,0.01033089659,0.01049607026
1332,0.009783765534,0.009901354089
1333,0.0104002445,0.01006498758
1334,0.01015845861,0.009738054825
1335,0.0100315176,0.01063480275
1336,0.01038413763,0.01000987971
1337,0.01043878042,0.01061961369
1338,0.009807820199,0.0100107562
1339,0.009762057103,0.0101484505
1340,0.01012484625,0.01078574685
1341,0.00987955567,0.01068746811
1342,0.01005234197,0.01046587108
1343,0.0100610432,0.01001016982
1344,0.01039936859,0.01009548479
1345,0.009931995184,0.01034304628
1346,0.01029371214,0.010492109
1347,0.01075874234,0.009990706923
1348,0.009990814142,0.009802856948
1349,0.009412259969,0.01000719983
1350,0.009458580753,0.01037559356
1351,0.01025932957,0.01008926355
1352,0.009810986929,0.01063844154
1353,0.01039272046,0.009854983655
1354,0.009809237788,0.01050615532
1355,0.01016481442,0.009736928274
1356,0.009678972652,0.009727213066
1357,0.009488697513,0.00966148451
1358,0.009853543423,0.009764331975
1359,0.01013942825,0.01003306184
1360,0.009655593662,0.01012133248
1361,0.01012288744,0.01000931556
1362,0.009800649597,0.009741012938
1363,0.009658724535,0.01061197347
1364,0.009960827883,0.01032787189
1365,0.009812408709,0.01043571404
1366,0.01012155332,0.009988526581
1367,0.01025066874,0.01062403445
1368,0.009934771108,0.01037342194
1369,0.01014496677,0.01028051169
1370,0.01028560067,0.01015061175
1371,0.01029939344,0.010420862
1372,0.01005550975,0.01044103445
1373,0.0104526385,0.009320573998
1374,0.01018964429,0.01013115025
1375,0.01020505442,0.01057184383
1376,0.01059277088,0.01061236241
1377,0.009447907971,0.009860032354
1378,0.00975510478,0.01048159413
1379,0.009888602886,0.01075848995
1380,0.009794635465,0.01019752561
1381,0.01031268865,0.01041120745
1382,0.00943977444,0.009938486037
1383,0.01046217757,0.01052493695
1384,0.00957754557,0.01028687519
1385,0.01007779886,0.00968429551
1386,0.0105580783,0.009621599922
1387,0.0102165764,0.009181367524
1388,0.01026354358,0.0103904464
1389,0.01009327045,0.008994236239
1390,0.00942449132,0.01013908593
1391,0.009675037698,0.01063330576
1392,0.01032667584,0.009976727073
1393,0.009744864365,0.009477976011
1394,0.01017732837,0.01020393218
1395,0.009727654164,0.009956281981
1396,0.009899141849,0.01018591691
1397,0.01020844944,0.00960291666
1398,0.009959018207,0.01049297827
1399,0.009985156241,0.01025062276
1400,0.01048682095,0.01004699664
1401,0.01001467404,0.01020071877
1402,0.01018604287,0.01055586128
1403,0.009199966211,0.01027579152
1404,0.009521216678,0.009399768198
1405,0.009491810575,0.01014940918
1406,0.009981896728,0.01015407604
1407,0.01007846848,0.009724992677
1408,0.01061384473,0.009972627508
1409,0.009824197623,0.009724136908
1410,0.009490708471,0.01084604301
1411,0.01013633108,0.009650032152
1412,0.01015990111,0.009866865701
1413,0.01028704294,0.01045820676
1414,0.009626980464,0.01022694656
1415,0.01012900646,0.01057344768
1416,0.009937428287,0.01040501089
1417,0.00976355013,0.009939914686
1418,0.01048446074,0.01018483902
1419,0.009456973989,0.01034886204
1420,0.010279865,0.01105960709
1421,0.009801007574,0.009890104993
1422,0.009923329344,0.0105494851
1423,0.009527582501,0.010391452
1424,0.009606315987,0.009798728861
1425,0.009634526796,0.009674220113
1426,0.009642318008,0.01032340666
1427,0.01015815756,0.009788370226
1428,0.01007769874,0.009858367033
1429,0.01041165588,0.009807156748
1430,0.01000964036,0.01055496617
1431,0.01072680776,0.00997886539
1432,0.009549563518,0.009562300169
1433,0.009964079596,0.009198158165
1434,0.01004977757,0.01063697343
1435,0.01004303084,0.009902768536
1436,0.008742916805,0.01014493091
1437,0.0100353458,0.009523703367
1438,0.009963312536,0.009876205586
1439,0.01017384569,0.009351370391
1440,0.009724937379,0.009888831992
1441,0.01006168418,0.01036195073
1442,0.01017123379,0.009917416959
1443,0.009851492592,0.0104562504
1444,0.01002272719,0.01035341364
1445,0.009799259366,0.009555024095
1446,0.009788645199,0.009878955432
1447,0.00977514009,0.01013463491
1448,0.01034891757,0.009681954631
1449,0.009457663749,0.01002156083
1450,0.009505682043,0.009594044299
1451,0.009710876737,0.009545916459
1452,0.009501420776,0.01004224003
1453,0.01038109278,0.009917296353
1454,0.009166039992,0.01047510793
1455,0.009698734968,0.009894330171
1456,0.009272892203,0.01010579953
1457,0.01092283998,0.009597122669
1458,0.009657263523,0.00992674951
1459,0.009856769582,0.009858923033
1460,0.01001259731,0.009196123807
1461,0.009791720775,0.009719204332
1462,0.009878020617,0.009291248862
1463,0.009535257821,0.009790378506
1464,0.01001001452,0.008921380155
1465,0.01003249374,0.009522794513
1466,0.009604075574,0.009992034524
1467,0.0094892286,0.00963866408
1468,0.009175487561,0.009144764452
1469,0.01010399056,0.009675046545
1470,0.009657740477,0.009463298251
1471,0.01020165544,0.009319298377
1472,0.009299024125,0.01021629828
1473,0.009636120172,0.009557259153
1474,0.009799882304,0.009703210788
1475,0.009542825748,0.009844499989
1476,0.0095657286,0.009565258864
1477,0.009736469714,0.009106374462
1478,0.009460065165,0.009892207803
1479,0.008782952442,0.009890950634
1480,0.01003516349,0.009484996146
1481,0.009416876826,0.009758725064
1482,0.009557291167,0.009128413512
1483,0.009771427372,0.009370587533
1484,0.009378338582,0.009413787513
1485,0.009615026414,0.009927595151
1486,0.009734795662,0.009928637999
1487,0.009632657049,0.009074323461
1488,0.009993844782,0.009770247852
1489,0.009098172537,0.009603990009
1490,0.009148763609,0.009445930016
1491,0.009710094542,0.009351550078
1492,0.00960369932,0.00970990106
1493,0.009729186771,0.00992804463
1494,0.010066655,0.00935354759
1495,0.008997657744,0.009536088095
1496,0.009577539167,0.009541550651
1497,0.009336281451,0.009095629794
1498,0.009732780978,0.009857556783
1499,0.009943518438,0.009267170797
1500,0.009544461267,0.009831295582
1501,0.009336849616,0.009157104592
1502,0.009577341727,0.008988747257
1503,0.009155843407,0.009018494457
1504,0.009453822044,0.009075862006
1505,0.009414156899,0.009317551856
1506,0.009400035487,0.01014622219
1507,0.009338925942,0.00921874214
1508,0.009392523905,0.009029832785
1509,0.009333961178,0.009496024868
1510,0.009289111011,0.009515941609
1511,0.009495286969,0.009430931881
1512,0.009332026588,0.009636878211
1513,0.009889847715,0.008302604838
1514,0.009227750241,0.009688078542
1515,0.009273335454,0.009351146
1516,0.00940802804,0.008780821401
1517,0.009180261171,0.009033059992
1518,0.008657245431,0.008825239667
1519,0.009609326255,0.008709934598
1520,0.009235170495,0.009075518232
1521,0.009260114981,0.009044370847
1522,0.008476837829,0.009781388449
1523,0.008691964613,0.00911726302
1524,0.009406488738,0.009006592154
1525,0.00987467065,0.008606797317
1526,0.009487122181,0.00916051172
1527,0.008930430573,0.00920599082
1528,0.009112330736,0.009745548014
1529,0.009088762745,0.009185679257
1530,0.008853057283,0.008690678864
1531,0.009421743453,0.00897260278
1532,0.009668585612,0.008218731615
1533,0.00891596498,0.008900597109
1534,0.009197884123,0.00887066283
1535,0.008880059933,0.008993789728
1536,0.00876672205,0.008759473742
1537,0.008772358589,0.008764747705
1538,0.008977197693,0.009045590181
1539,0.009159144072,0.008366065798
1540,0.008711577742,0.008753685805
1541,0.008778930292,0.008457389078
1542,0.009354199108,0.008284725423
1543,0.008717997523,0.00813947391
1544,0.009295840282,0.008845992386
1545,0.009398211841,0.008766763785
1546,0.00815733528,0.009235388134
1547,0.008762283716,0.008588301891
1548,0.009091789369,0.008110951749
1549,0.008482562087,0.008079569088
1550,0.008411538322,0.008312300546
1551,0.008725350839,0.008130173897
1552,0.009227166942,0.008424931613
1553,0.008802181343,0.008204456128
1554,0.008865708485,0.008122163243
1555,0.008422469255,0.00870063249
1556,0.008585492847,0.008753440576
1557,0.008754424343,0.008365975693
1558,0.008800283424,0.008279373869
1559,0.009016129479,0.008145697124
1560,0.008472275222,0.008801232907
1561,0.008499723044,0.008487001644
1562,0.008426422661,0.008488038206
1563,0.008007567259,0.00836657139
1564,0.008287205594,0.008186257037
1565,0.008317102795,0.008796429145
1566,0.008479388838,0.008816870803
1567,0.008023068658,0.0085392365
1568,0.008250236337,0.008747947461
1569,0.008684975561,0.008719846781
1570,0.008326347335,0.007932327455
1571,0.008451306669,0.008438438002
1572,0.009290539776,0.008217813796
1573,0.008501984936,0.008147483633
1574,0.00827373279,0.008046001778
1575,0.00855899899,0.008637218794
1576,0.008205587626,0.008742571517
1577,0.00831365661,0.008196085226
1578,0.008714288939,0.008359705505
1579,0.008596126048,0.008352193167
1580,0.008697005804,0.008457700082
1581,0.008399820887,0.008417404781
1582,0.00837242743,0.008350091346
1583,0.008465219871,0.007464845025
1584,0.008454218856,0.00808556244
1585,0.007988765137,0.007715736807
1586,0.008195707167,0.008575000509
1587,0.008777599141,0.007967322308
1588,0.008445407439,0.008417411183
1589,0.007886972628,0.008268406033
1590,0.008023111615,0.008836451219
1591,0.008326023642,0.007662152348
1592,0.007815686171,0.008267406782
1593,0.007848471403,0.008036437619
1594,0.007550841779,0.008378553321
1595,0.00783880899,0.008112144598
1596,0.007958148897,0.008011201979
1597,0.008200240089,0.007960539602
1598,0.008033044636,0.00778315129
1599,0.008595532796,0.007474421349
1600,0.008016382984,0.008150804148
1601,0.007779819018,0.008054806502
1602,0.008070406795,0.008443390252
1603,0.008120434009,0.008082750428
1604,0.008323816292,0.007290264184
1605,0.00811216142,0.007849526475
1606,0.008202392666,0.007770658121
1607,0.00802183355,0.007902381301
1608,0.007986204932,0.007796287304
1609,0.008317330154,0.008013373998
1610,0.007414470369,0.007889408269
1611,0.007979298767,0.007664572157
1612,0.007655766211,0.007817991485
1613,0.008081577544,0.008301736554
1614,0.00735167833,0.007227863243
1615,0.007392377243,0.008005877899
1616,0.007998480985,0.008100444975
1617,0.008023966046,0.00796591863
1618,0.008088707924,0.007609916793
1619,0.007467346208,0.007423880859
1620,0.007534869539,0.007101530733
1621,0.007615452632,0.007937741408
1622,0.007863526233,0.007810651558
1623,0.007485858572,0.007616360497
1624,0.007110238133,0.007575342606
1625,0.007660101808,0.007566773624
1626,0.007032802736,0.007459469256
1627,0.007501051063,0.007526652131
1628,0.007395470864,0.007966021134
1629,0.007192635792,0.007972717518
1630,0.007528206159,0.007832902425
1631,0.008150826965,0.008251678082
1632,0.007556545781,0.007089419581
1633,0.007447320153,0.007518412836
1634,0.00770504406,0.008158658573
1635,0.007546340814,0.007231149939
1636,0.007562109968,0.00727315509
1637,0.007013215218,0.006960158644
1638,0.006900250504,0.007226690592
1639,0.007385871548,0.006947708433
1640,0.007047442836,0.007386531797
1641,0.007693901891,0.006882571965
1642,0.006631846656,0.007112864056
1643,0.007694493106,0.007970034028
1644,0.008128945599,0.007233898505
1645,0.007110762061,0.007803048065
1646,0.007539828948,0.007960545365
1647,0.006901380722,0.007105400437
1648,0.007394277141,0.007228373666
1649,0.006686689623,0.006695939082
1650,0.007245473156,0.00668424723
1651,0.007067333383,0.007421863964
1652,0.007175695559,0.007050387969
1653,0.006824502838,0.006645546935
1654,0.006947887596,0.007544508553
1655,0.007158350025,0.007267813024
1656,0.0069231331,0.006871542195
1657,0.007234407589,0.007241660613
1658,0.006352226133,0.007341380464
1659,0.007319621916,0.007163267699
1660,0.006902601221,0.006976437406
1661,0.006835558859,0.007312307251
1662,0.007203603978,0.007487223018
1663,0.006633583514,0.006665177352
1664,0.007239025203,0.007917214825
1665,0.007320943871,0.006799455674
1666,0.007124139753,0.007409307582
1667,0.006931198644,0.006412064482
1668,0.007132252504,0.007369239582
1669,0.00710707868,0.006898159976
1670,0.006643319735,0.006589087949
1671,0.006632156437,0.007231811702
1672,0.00688550598,0.007401264273
1673,0.006419085781,0.00693840842
1674,0.006671637821,0.006561496586
1675,0.006683372834,0.00632345042
1676,0.006658057391,0.006928994437
1677,0.006698948506,0.006341443863
1678,0.006682224281,0.006176449067
1679,0.006819899776,0.006669420865
1680,0.006447207881,0.006157232565
1681,0.007016893709,0.006555418076
1682,0.006840420829,0.006261392438
1683,0.006392262061,0.007391027
1684,0.006560914568,0.006672635674
1685,0.006199013151,0.006199097144
1686,0.006529154198,0.005864743434
1687,0.006092155818,0.006697365257
1688,0.006612822297,0.006748491316
1689,0.006208479521,0.006804877659
1690,0.006526938698,0.00799032097
1691,0.006367219437,0.006814336462
1692,0.006596354011,0.006399353966
1693,0.006311997247,0.00637838681
1694,0.006362740998,0.00623317837
1695,0.005899798998,0.007313384383
1696,0.006352149765,0.006823351781
1697,0.005835628021,0.005735154526
1698,0.006191729568,0.007082069817
1699,0.006811689585,0.006593517144
1700,0.006340511027,0.006170587905
1701,0.006217263639,0.006076004414
1702,0.006005422212,0.006341234082
1703,0.007058354211,0.005834706069
1704,0.006705587904,0.006079857296
1705,0.006114903081,0.00684118137
1706,0.005687305471,0.006373468263
1707,0.006237964844,0.005999152316
1708,0.006002000591,0.00597575272
1709,0.006108044414,0.006327429088
1710,0.005451203848,0.00651785254
1711,0.005897811032,0.006600364577
1712,0.006165609579,0.005964920507
1713,0.006069439696,0.006454296585
1714,0.00657733914,0.00624632556
1715,0.005886170373,0.005887892738
1716,0.006155466544,0.006439194083
1717,0.006383392669,0.005652175401
1718,0.006070140225,0.006213955581
1719,0.006325941766,0.006841302384
1720,0.005578999408,0.006358183455
1721,0.006465483224,0.006287624594
1722,0.00587574736,0.006369457289
1723,0.005772572011,0.006133294664
1724,0.00612967083,0.005319374439
1725,0.006354122364,0.006379073195
1726,0.006519370654,0.006095421792
1727,0.005844296655,0.006084281253
1728,0.006005718664,0.006849507394
1729,0.006059619016,0.005406272539
1730,0.00561782904,0.00566165382
1731,0.006243873795,0.005946252961
1732,0.005885044578,0.005709257093
1733,0.005951816973,0.006325345952
1734,0.005923837482,0.005132071325
1735,0.005829035013,0.005590899324
1736,0.005826645822,0.006052923622
1737,0.005772228178,0.00619286974
1738,0.0057790883,0.005693243642
1739,0.005581789475,0.005852149159
1740,0.005930466403,0.006030891382
1741,0.005320078693,0.006216741051
1742,0.006179218006,0.005970359431
1743,0.005577592936,0.007150399848
1744,0.006433340546,0.005878066353
1745,0.005665867997,0.006484580168
1746,0.005738790147,0.006381348416
1747,0.005522284715,0.006843794661
1748,0.005420839007,0.006547011086
1749,0.005559872952,0.004571988247
1750,0.005606653809,0.005985067866
1751,0.005548319314,0.006879502616
1752,0.005509160052,0.005557128054
1753,0.005840433063,0.005963901116
1754,0.005511843599,0.006012408412
1755,0.005540075654,0.006126472843
1756,0.005852088041,0.005963236792
1757,0.005172039324,0.006212544395
1758,0.005764946167,0.006322640053
1759,0.005402750918,0.006313227117
1760,0.005892653542,0.006072664866
1761,0.005094671797,0.006308184995
1762,0.005393755273,0.005875180534
1763,0.005519652623,0.005859796249
1764,0.005828275112,0.005507103575
1765,0.005813027208,0.006440937927
1766,0.005344874866,0.006365788402
1767,0.005360787618,0.006201920856
1768,0.005676381406,0.006420997437
1769,0.005479991261,0.005860296427
1770,0.005382896343,0.00541792583
1771,0.00509525981,0.00586611731
1772,0.005382047209,0.005597941403
1773,0.005703641975,0.005202723143
1774,0.005413798615,0.00656816829
1775,0.005412645463,0.006518547831
1776,0.005518639053,0.006313618273
1777,0.005528757581,0.005794515047
1778,0.005864626961,0.006081297586
1779,0.005425898009,0.005145683186
1780,0.005298965843,0.006587628741
1781,0.005667136109,0.005320391851
1782,0.005669757957,0.00520148658
1783,0.005349547602,0.006613130856
1784,0.005812418822,0.005526241439
1785,0.005692775303,0.005441404879
1786,0.005372427579,0.006345491507
1787,0.005538943456,0.006179278716
1788,0.005548699526,0.005260665494
1789,0.005273787596,0.005537800782
1790,0.005820084421,0.005168601638
1791,0.005301513476,0.00541501469
1792,0.005417295499,0.00599721953
1793,0.005792762502,0.00611380866
1794,0.00533639628,0.006570107362
1795,0.005429684476,0.005374334723
1796,0.005205780384,0.005983573385
1797,0.00549088465,0.006255719985
1798,0.005709064251,0.005401642062
1799,0.005429421202,0.005868730019
1800,0.005396437889,0.005890174129
1801,0.005280052341,0.005508001603
1802,0.005518502963,0.004656099016
1803,0.005992001097,0.005476016027
1804,0.005324215279,0.005931884923
1805,0.005442669557,0.005822902313
1806,0.005277387216,0.005539121223
1807,0.005524243054,0.006122559542
1808,0.005511730385,0.005747195857
1809,0.005188983283,0.005602840858
1810,0.005415107909,0.005800555402
1811,0.005357968214,0.005869519024
1812,0.005405806005,0.006371152238
1813,0.005229650269,0.005743964721
1814,0.005231971678,0.005595023918
1815,0.005059215182,0.006162592035
1816,0.005595744704,0.006265758944
1817,0.004994262417,0.005901674915
1818,0.005680344941,0.005694612861
1819,0.005399981514,0.005584380589
1820,0.005374133645,0.005822188628
1821,0.005163873953,0.005782593798
1822,0.005265318323,0.006248067657
1823,0.005168425036,0.00615027867
1824,0.00548056449,0.005937635113
1825,0.004997764714,0.005738710926
1826,0.005339040537,0.005670847604
1827,0.005262009101,0.005714979081
1828,0.005842463812,0.00549524778
1829,0.005252474512,0.005785353016
1830,0.005562675535,0.006277403038
1831,0.005533895222,0.005109055986
1832,0.00574898778,0.005363428965
1833,0.005474583188,0.005847321241
1834,0.005260383798,0.00557236711
1835,0.00509019423,0.00614912028
1836,0.005195432226,0.00655859441
1837,0.005037955183,0.005872213747
1838,0.005246547167,0.005433876417
1839,0.005023188889,0.005513472133
1840,0.005260438833,0.005575311603
1841,0.005076878413,0.006255334592
1842,0.005128331773,0.006170625507
1843,0.005177297571,0.005626615079
1844,0.005201131105,0.005469219584
1845,0.004989122623,0.00601059146
1846,0.005585950974,0.005081868905
1847,0.005251044466,0.00582690211
1848,0.004996889795,0.005914801673
1849,0.005538114754,0.005862600519
1850,0.005019705975,0.005524880136
1851,0.005137954955,0.005728114746
1852,0.005060419906,0.005442561989
1853,0.005169175914,0.005448997254
1854,0.005190498836,0.00588415761
1855,0.00510038482,0.00505118072
1856,0.0054374889,0.005688792444
1857,0.005187740899,0.005505567999
1858,0.005107104895,0.00590100867
1859,0.00484528183,0.006225945603
1860,0.005150569661,0.005734824808
1861,0.005256487755,0.005966588971
1862,0.005377866619,0.005692491075
1863,0.004749405954,0.005700478388
1864,0.00544275617,0.005587772059
1865,0.005059539137,0.005811824871
1866,0.005038311472,0.005875005852
1867,0.005164577509,0.00555856002
1868,0.005088596023,0.005125921045
1869,0.005020389566,0.005831597082
1870,0.00475797063,0.005100146926
1871,0.004936858284,0.005645964236
1872,0.005062470853,0.00513965229
1873,0.005090254825,0.005491274089
1874,0.004775251786,0.005654090084
1875,0.005186502996,0.005360200303
1876,0.005258927646,0.005255011085
1877,0.004874158127,0.005821793224
1878,0.005077876966,0.006026621966
1879,0.004952878342,0.005216587859
1880,0.005431291182,0.005567403219
1881,0.005301628786,0.004959886137
1882,0.005322838202,0.005536740879
1883,0.005150789279,0.005001558602
1884,0.005164142349,0.005840370781
1885,0.004833640385,0.005387125246
1886,0.004979133024,0.005265788175
1887,0.00556984148,0.005648354185
1888,0.004865719297,0.005740527587
1889,0.005135375774,0.005885090795
1890,0.00489158422,0.005815512617
1891,0.005027236883,0.006070874806
1892,0.005266861466,0.005523162312
1893,0.004912272911,0.005547686655
1894,0.005337576731,0.005854575196
1895,0.005259307334,0.005391219631
1896,0.004382594168,0.006712756527
1897,0.004703273822,0.005682229705
1898,0.005357248418,0.005492057186
1899,0.005034286442,0.005415419349
1900,0.005134305509,0.004973554926
1901,0.005201366846,0.006002623995
1902,0.005342851393,0.005596493895
1903,0.005069217004,0.004670763621
1904,0.005003320111,0.006371480587
1905,0.005113552033,0.005519402563
1906,0.005164081405,0.005025833147
1907,0.005217348458,0.005541453196
1908,0.00525846344,0.005128220335
1909,0.005308426771,0.005539891077
1910,0.004636497295,0.005684407544
1911,0.004999059514,0.005663800694
1912,0.005404306517,0.005067913444
1913,0.004323600617,0.006092723459
1914,0.004563067108,0.005146578071
1915,0.005350631429,0.005650996522
1916,0.005296978867,0.005395659769
1917,0.005022688827,0.005876424082
1918,0.005140107474,0.005195451085
1919,0.005218807608,0.005929726001
1920,0.005160681903,0.005306166655
1921,0.004775792069,0.005075789173
1922,0.005041872151,0.004927803355
1923,0.004901818116,0.005487944058
1924,0.005574333016,0.005120716756
1925,0.004888236756,0.005528634472
1926,0.004803419171,0.005357720831
1927,0.004635546065,0.005565928237
1928,0.004990982881,0.005979784997
1929,0.004816657514,0.005343895464
1930,0.004923691624,0.005605475046
1931,0.004941094143,0.005348074366
1932,0.004894904792,0.005528003298
1933,0.005257652374,0.005218095786
1934,0.005299638142,0.005139945133
1935,0.004656996636,0.005818760314
1936,0.005079918046,0.005615459755
1937,0.004685006104,0.005365699006
1938,0.005498889892,0.00506043568
1939,0.004700950376,0.00574537518
1940,0.004514538043,0.005496560538
1941,0.005175041675,0.005033589667
1942,0.0049187431,0.005119390553
1943,0.004933595425,0.005644361605
1944,0.004952531366,0.005834638258
1945,0.004847199336,0.004917088547
1946,0.005139665154,0.005235188932
1947,0.005088203063,0.005084267847
1948,0.005200279062,0.005418830842
1949,0.005166824441,0.005985636264
1950,0.004801257979,0.00525154249
1951,0.004717799748,0.005232766562
1952,0.004892861412,0.005554445612
1953,0.004895241669,0.005209554278
1954,0.005163998052,0.004926360067
1955,0.005337137904,0.005717274558
1956,0.004839435976,0.006278226443
1957,0.005095275934,0.005384747463
1958,0.004892566532,0.005322432553
1959,0.004623450805,0.004951096431
1960,0.004641861044,0.005694770836
1961,0.005036329094,0.005339153344
1962,0.00480356859,0.005540784798
1963,0.005391913757,0.005414512008
1964,0.004857669177,0.005491774122
1965,0.005161114532,0.005651937507
1966,0.004915604542,0.005457015941
1967,0.005365147197,0.004841809015
1968,0.004606949515,0.00550495254
1969,0.005071398919,0.005387751386
1970,0.005035896727,0.005173781712
1971,0.005056597583,0.005650614912
1972,0.004693669383,0.005830322159
1973,0.004273716622,0.005212678865
1974,0.00501870751,0.005304341321
1975,0.004796114954,0.005720952409
1976,0.004951015289,0.005776330538
1977,0.005047744286,0.005278869881
1978,0.00487168791,0.005889807711
1979,0.005001961603,0.005091008556
1980,0.005186862545,0.005177009385
1981,0.004543258779,0.005707605043
1982,0.005474596051,0.004945846274
1983,0.004998027987,0.004870223464
1984,0.004501713323,0.00574539986
1985,0.00434092147,0.005492117954
1986,0.0052125816,0.005706790078
1987,0.004533141037,0.00479612872
1988,0.004702808685,0.005085450248
1989,0.004676614335,0.006010185461
1990,0.005236386438,0.005202398228
1991,0.004789445753,0.005057820701
1992,0.004583190661,0.004958046193
1993,0.004782898293,0.005585581006
1994,0.004987471853,0.005432775826
1995,0.00470011562,0.005375806097
1996,0.004871264828,0.005095561908
1997,0.004599191918,0.005178848689
1998,0.004540744645,0.005567341286
1999,0.004602627421,0.004841433722
2000,0.004691358481,0.005432400503
2001,0.005160933826,0.005483976303
2002,0.004195336049,0.005249379494
2003,0.004970702808,0.005443362403
2004,0.004171367473,0.004973311385
2005,0.004273200699,0.004959939048
2006,0.004544262367,0.006190178217
2007,0.004934881872,0.005542647326
2008,0.004483586265,0.005421374895
2009,0.005221969041,0.004707689339
2010,0.004621963541,0.005413555016
2011,0.004919515515,0.005945786426
2012,0.004605273774,0.005836788449
2013,0.004316344857,0.005131275597
2014,0.004812447121,0.005435407948
2015,0.004618596722,0.004881121597
2016,0.004583993432,0.005453197635
2017,0.005240495404,0.005013684917
2018,0.004887121089,0.005051495915
2019,0.004910009768,0.004967631306
2020,0.004715492105,0.005957037909
2021,0.004780288495,0.005999077053
2022,0.00457846903,0.005636945192
2023,0.004500699433,0.005291738024
2024,0.004715697025,0.004667069734
2025,0.004936976446,0.005373475433
2026,0.004696851509,0.005734133301
2027,0.005089895654,0.005326785205
2028,0.004972445138,0.004772530752
2029,0.004761256336,0.00575110002
2030,0.005019668315,0.005119538953
2031,0.004945846566,0.005448178446
2032,0.0047737266,0.006122164603
2033,0.004669662972,0.004468259955
2034,0.004964848689,0.004821371229
2035,0.004731950175,0.005247729277
2036,0.004755291418,0.004799692659
2037,0.004625835165,0.005942432268
2038,0.004486501217,0.005110680358
2039,0.005145291507,0.005123693554
2040,0.004984901811,0.005073208187
2041,0.004691387177,0.005104975251
2042,0.004700846504,0.004955650831
2043,0.004479636293,0.005367911072
2044,0.004607729905,0.005234939221
2045,0.004813753651,0.005054519133
2046,0.00480878196,0.005837817269
2047,0.004136686475,0.006178425509
2048,0.004855145467,0.005244500644
2049,0.004726699612,0.005493911682
2050,0.004535181943,0.005402975075
2051,0.00446877681,0.004939168983
2052,0.004732744186,0.005079047754
2053,0.00496876915,0.005154770333
2054,0.004518445203,0.0053385637
2055,0.004431575828,0.005786286667
2056,0.004627324786,0.005318475596
2057,0.004552442842,0.005869502318
2058,0.004527762358,0.00515320868
2059,0.004618758481,0.005898121279
2060,0.00463563652,0.004907055758
2061,0.004835647997,0.005988788791
2062,0.004787935351,0.005183078116
2063,0.004346192698,0.005300521676
2064,0.004543242598,0.005064464931
2065,0.004493239772,0.00498706018
2066,0.004352573218,0.004645902955
2067,0.004555778869,0.005137861561
2068,0.004654872115,0.005028111453
2069,0.004672736279,0.00474925965
2070,0.004495904373,0.005491853284
2071,0.004357004771,0.005143651564
2072,0.004850042518,0.004749510088
2073,0.004551703052,0.004950768605
2074,0.004109517875,0.005356027861
2075,0.004459667136,0.005362579483
2076,0.004425912222,0.005565945059
2077,0.004642526095,0.004755642178
2078,0.004404711741,0.005258422636
2079,0.004461544217,0.005074831744
2080,0.004512044135,0.005427795113
2081,0.004840235051,0.004661016283
2082,0.004946694826,0.005023560981
2083,0.004778308183,0.005315082497
2084,0.004198910436,0.005194913363
2085,0.004486944992,0.005016734649
2086,0.004580038803,0.00509080998
2087,0.0043861788,0.00506637356
2088,0.004449321335,0.005147589836
2089,0.004353365832,0.005307509564
2090,0.00421566877,0.005702924973
2091,0.004911653581,0.00565710821
2092,0.004435159004,0.004976884869
2093,0.004576044448,0.005827862595
2094,0.004657224403,0.004864124872
2095,0.004423990526,0.005323704157
2096,0.004883257643,0.005618542607
2097,0.004190672247,0.004691010341
2098,0.004870683246,0.005305521656
2099,0.004584649374,0.005157763662
2100,0.004691447946,0.004672045819
2101,0.004595269507,0.005457061226
2102,0.004567768832,0.004898461455
2103,0.005048250983,0.004757265211
2104,0.004473203793,0.004969497095
2105,0.004187330604,0.005168855831
2106,0.004418133263,0.005175676954
2107,0.004677923105,0.005480182241
2108,0.00493531095,0.004305075854
2109,0.004978940065,0.005398370995
2110,0.004209175211,0.005036809889
2111,0.004351243289,0.005300648452
2112,0.004550423677,0.004662863386
2113,0.004420104466,0.004806316574
2114,0.004827402183,0.004504777491
2115,0.004357133294,0.005910091801
2116,0.00428709187,0.005047405604
2117,0.004130676884,0.004505279765
2118,0.004394083837,0.005408006022
2119,0.004336433893,0.004961453582
2120,0.004565530515,0.00472174809
2121,0.004157535819,0.004951657669
2122,0.004077338439,0.005721460446
2123,0.004092720133,0.004320303357
2124,0.004383509047,0.004912727803
2125,0.004590351804,0.004584140494
2126,0.004477019655,0.005165910028
2127,0.004662159656,0.004952543852
2128,0.004220408446,0.004614384321
2129,0.004439857032,0.005053955596
2130,0.004546889802,0.004988825007
2131,0.004211392195,0.004769225547
2132,0.004568826116,0.00599049608
2133,0.004649792681,0.004827372497
2134,0.004178191884,0.004705158935
2135,0.004001450347,0.00523616455
2136,0.004233670275,0.004944852728
2137,0.004491815256,0.005129219324
2138,0.00414199385,0.004751921486
2139,0.004805004224,0.004829066718
2140,0.004450182547,0.004489781801
2141,0.004556054948,0.005187566276
2142,0.004739359108,0.00523639837
2143,0.004569092911,0.004823558207
2144,0.004012674966,0.004913060693
2145,0.004135666502,0.005077932379
2146,0.004288020486,0.004929519258
2147,0.004329441173,0.004830461519
2148,0.004388220957,0.005017715856
2149,0.004049638781,0.005477979837
2150,0.004088359419,0.005500086176
2151,0.00395407973,0.005376354849
2152,0.004340823274,0.004453676404
2153,0.004314916645,0.005220284453
2154,0.004763905628,0.005387208745
2155,0.00420924474,0.004613817058
2156,0.004368328955,0.004859895504
2157,0.00422946224,0.005197767634
2158,0.004390257614,0.004931671021
2159,0.004133430077,0.005067007034
2160,0.004088223184,0.005092941603
2161,0.004719885881,0.004545790551
2162,0.004314155958,0.004550117912
2163,0.004201287345,0.004863965587
2164,0.004094008618,0.004889037285
2165,0.003957894631,0.004274018575
2166,0.004056437203,0.004692020855
2167,0.00402663264,0.004505058518
2168,0.004087990266,0.005287272332
2169,0.004414412193,0.005305465311
2170,0.004190470732,0.004735365394
2171,0.004310469783,0.004436516727
2172,0.00491536042,0.004742377962
2173,0.004070288618,0.004964181659
2174,0.00414078348,0.004960943828
2175,0.004086582048,0.004806837242
2176,0.003736990591,0.004781405849
2177,0.004265868047,0.004284025141
2178,0.003887080675,0.005397996167
2179,0.004282597045,0.005139377288
2180,0.004438264586,0.004541679315
2181,0.004036611674,0.004158264637
2182,0.004120464553,0.004863663315
2183,0.004313789512,0.005437388667
2184,0.003963966563,0.004628544557
2185,0.004445386468,0.004549522535
2186,0.003928784456,0.005465069844
2187,0.003999218141,0.003900246636
2188,0.004222696589,0.004569028912
2189,0.004283907998,0.004939362931
2190,0.004237945453,0.004659328348
2191,0.004084999789,0.004646929156
2192,0.004096289107,0.004831236205
2193,0.004379937687,0.004506955214
2194,0.004111682851,0.005285961146
2195,0.004282925336,0.004388870671
2196,0.004262825387,0.004302922636
2197,0.004498785711,0.004180371674
2198,0.003862638754,0.004541193543
2199,0.003661401133,0.004958659818
2200,0.004040476866,0.004633044999
2201,0.004222813615,0.003786386485
2202,0.004151160829,0.004349205003
2203,0.003887108353,0.004550340993
2204,0.004143677128,0.004960262391
2205,0.004205822828,0.004627557471
2206,0.004250083119,0.004690425412
2207,0.003989554447,0.005238047685
2208,0.004158814903,0.004866390198
2209,0.003984204814,0.005030831264
2210,0.004203126009,0.004270013567
2211,0.004692240618,0.004728092084
2212,0.0041058895,0.004743154859
2213,0.004219386348,0.004568510369
2214,0.004395111348,0.004784100631
2215,0.004277086642,0.004737019102
2216,0.003797732294,0.004502022523
2217,0.004195445741,0.005028804007
2218,0.004387090477,0.004485506681
2219,0.00389630525,0.004371078714
2220,0.003938698472,0.004906425893
2221,0.004209603299,0.004130173766
2222,0.004562874587,0.004245895543
2223,0.003907524486,0.004742914491
2224,0.003928129503,0.004809577717
2225,0.003931425308,0.004213971959
2226,0.004252070357,0.004438241158
2227,0.003773006669,0.005047568615
2228,0.003863089631,0.004384746513
2229,0.00408122185,0.004354291188
2230,0.004186134844,0.004719620774
2231,0.003658574395,0.004030598619
2232,0.00433123656,0.004897529725
2233,0.003587296262,0.004269987869
2234,0.003904515848,0.004501368268
2235,0.004094629519,0.004413703457
2236,0.003901569668,0.004434268893
2237,0.004127104883,0.004452532565
2238,0.003659881448,0.004512941436
2239,0.004039422463,0.004722170474
2240,0.003633603919,0.004274276842
2241,0.00392211866,0.004506298312
2242,0.003600460914,0.004604656744
2243,0.003739844775,0.004339055973
2244,0.003881770186,0.004383693275
2245,0.004300351691,0.004969611502
2246,0.003846077569,0.004435003502
2247,0.003752159886,0.004885829927
2248,0.004195934773,0.004843741073
2249,0.004007894109,0.004813560867
2250,0.003922519129,0.004763174162
2251,0.003981329472,0.004396404722
2252,0.004090631381,0.004579372675
2253,0.004015757557,0.004340851097
2254,0.003539423662,0.004067940579
2255,0.004006186733,0.005421226117
2256,0.003637558781,0.004026456794
2257,0.003838979406,0.004436910996
2258,0.003734474012,0.004752342531
2259,0.003807445202,0.005494222161
2260,0.003937683883,0.00394514692
2261,0.004050742486,0.004545081581
2262,0.003827465465,0.004868504824
2263,0.003872873494,0.004847303702
2264,0.004038129671,0.004105002765
2265,0.003909564111,0.004651948664
2266,0.004035860562,0.003770820971
2267,0.003898245835,0.004653284384
2268,0.004217024019,0.004724918923
2269,0.003530665301,0.004137104959
2270,0.00358640062,0.004872744787
2271,0.003792140225,0.004732630245
2272,0.004140795296,0.004263962794
2273,0.00344343789,0.004462184763
2274,0.003460038482,0.004374532349
2275,0.004409010406,0.004202875105
2276,0.004129076842,0.004146167601
2277,0.003667516168,0.004346589412
2278,0.00390983664,0.004350389558
2279,0.003891588305,0.005051758373
2280,0.00373044092,0.003914571862
2281,0.004123630613,0.004157038493
2282,0.003820680897,0.004800812487
2283,0.003772248921,0.003969898913
2284,0.003729533317,0.00481791707
2285,0.003862660757,0.004412524751
2286,0.003795803728,0.004599367385
2287,0.003612308996,0.004569590499
2288,0.003780160827,0.004386563203
2289,0.004142221267,0.004346730275
2290,0.004039818421,0.004483296449
2291,0.004049496638,0.004062671331
2292,0.003916780086,0.00414084745
2293,0.003598705982,0.004968718597
2294,0.003690117679,0.004463301157
2295,0.003960739501,0.004263843584
2296,0.003940910858,0.004214793065
2297,0.003975357424,0.003942711424
2298,0.003727687523,0.004504093202
2299,0.003885240119,0.00409694112
2300,0.003949998383,0.004411111644
2301,0.004358110629,0.004174511123
2302,0.003714808496,0.004302673187
2303,0.003884028993,0.003762225533
2304,0.004080390529,0.003966804186
2305,0.003982367547,0.00418136912
2306,0.003624455858,0.004654039745
2307,0.003929669794,0.004514494794
2308,0.003536381089,0.004448934575
2309,0.003555671894,0.004535280401
2310,0.003775282297,0.004139963363
2311,0.003800353239,0.00438578974
2312,0.003744813934,0.00402865326
2313,0.00407145053,0.004018480249
2314,0.003728848213,0.004891380726
2315,0.003822862956,0.004464554484
2316,0.003980565205,0.00405212483
2317,0.003895910719,0.004713561124
2318,0.00370954597,0.004292411933
2319,0.003966482531,0.00424245809
2320,0.003524230211,0.004318237683
2321,0.003755554411,0.003744896094
2322,0.003596057271,0.00430547414
2323,0.003763683228,0.004108683584
2324,0.003840274294,0.003842212638
2325,0.004022658832,0.004385914945
2326,0.003968776815,0.004689940542
2327,0.003788761096,0.005056909984
2328,0.004048288567,0.003861583944
2329,0.003833770577,0.004051152355
2330,0.003605477483,0.004285729578
2331,0.003523515479,0.004538966401
2332,0.003728228825,0.003940543334
2333,0.003686872689,0.004135879746
2334,0.003438843647,0.004760329291
2335,0.003603216202,0.004583243921
2336,0.003624140751,0.004328600888
2337,0.003924608754,0.004047068505
2338,0.003470740048,0.004509219376
2339,0.003905581369,0.004461553122
2340,0.003684155177,0.004105158034
2341,0.00356225131,0.004518878908
2342,0.00400165582,0.004405065818
2343,0.003845777712,0.004091519193
2344,0.003984162351,0.004126749205
2345,0.00348066166,0.004074599216
2346,0.003664344084,0.004278034408
2347,0.003407154843,0.004290123121
2348,0.003834442992,0.003835913521
2349,0.00353599654,0.004072353186
2350,0.004152135953,0.003798210237
2351,0.003526339919,0.003889581305
2352,0.003629171319,0.003813538555
2353,0.004054067424,0.004161128047
2354,0.0034606072,0.004697500204
2355,0.004231394414,0.003870917542
2356,0.003629616811,0.004197957373
2357,0.003967724857,0.004074540775
2358,0.003732673067,0.004478665651
2359,0.003887967265,0.003693945793
2360,0.003539292258,0.004244482814
2361,0.00343779393,0.004167560866
2362,0.003793485841,0.003735079197
2363,0.00363919232,0.003953204781
2364,0.00381199125,0.00426419219
2365,0.003659600508,0.004623598477
2366,0.003755301412,0.004033147357
2367,0.003889732034,0.003888534062
2368,0.003742000437,0.003713503946
2369,0.003850440291,0.004143439379
2370,0.003707333439,0.004274334991
2371,0.003705944313,0.004475834954
2372,0.003601530043,0.003988374025
2373,0.003722468653,0.004063583794
2374,0.003617052134,0.003931225336
2375,0.003583746176,0.004260076559
2376,0.003754674311,0.004246157856
2377,0.003784822009,0.004250363447
2378,0.003663468378,0.004496129608
2379,0.003415254236,0.003549532616
2380,0.003807967034,0.004078451515
2381,0.003638014547,0.003980157897
2382,0.003308128275,0.004283167917
2383,0.003715103609,0.004106467561
2384,0.003578288015,0.004026930575
2385,0.003905239369,0.004094274045
2386,0.003391623148,0.004436830321
2387,0.00396304467,0.004266231845
2388,0.003822817904,0.004399744503
2389,0.004053533514,0.004180185031
2390,0.003312165063,0.004388489586
2391,0.003489570809,0.004094452976
2392,0.003835415962,0.003967359458
2393,0.003622431163,0.004025654052
2394,0.003611051652,0.004007937358
2395,0.003780289349,0.004372606403
2396,0.003327934595,0.004474318383
2397,0.003878076532,0.004482890712
2398,0.003914743109,0.004908492207
2399,0.003769632109,0.003842674516
2400,0.003590176755,0.003852378606
2401,0.003793570388,0.00408823535
2402,0.003424627415,0.003861831501
2403,0.003629256564,0.004291223857
2404,0.003498026694,0.003812128241
2405,0.003522953077,0.003674032661
2406,0.003498978418,0.003949853563
2407,0.00355081461,0.004194705165
2408,0.003555825358,0.004311602941
2409,0.003669650265,0.003764506953
2410,0.003370800987,0.004257811495
2411,0.003436004248,0.004276457475
2412,0.003960982867,0.003796744364
2413,0.003643477743,0.003973402112
2414,0.003396963381,0.004354092031
2415,0.003590071079,0.003908249782
2416,0.003456552542,0.003914275672
2417,0.003691914026,0.003851061512
2418,0.003449980839,0.003958980116
2419,0.003737106628,0.004075795121
2420,0.003795378259,0.003953940526
2421,0.003431257472,0.003600406111
2422,0.003594689624,0.0048915433
2423,0.003600496391,0.003878164571
2424,0.003590895998,0.003782488871
2425,0.003439439402,0.00461497152
2426,0.003635691857,0.004137601936
2427,0.003332770022,0.00382997666
2428,0.003546862601,0.00381271253
2429,0.003239061538,0.004319872329
2430,0.003501455911,0.003862845566
2431,0.003803008382,0.003631803294
2432,0.003650076978,0.004145899089
2433,0.003707260388,0.004565760988
2434,0.0033741394,0.003766341368
2435,0.003408230259,0.004383012594
2436,0.003535125958,0.003859786753
2437,0.003501610277,0.003832386166
2438,0.003578979115,0.003994669823
2439,0.003386958182,0.00400326922
2440,0.003686742566,0.003862706246
2441,0.003446025861,0.00447804961
2442,0.003558849654,0.004117250734
2443,0.003148950404,0.003989004792
2444,0.003163755027,0.003811787901
2445,0.003755078011,0.003954974818
2446,0.003219646722,0.003991326317
2447,0.003769179049,0.003808035486
2448,0.003407075448,0.004129748268
2449,0.003514516342,0.003844353138
2450,0.003572039597,0.004242911789
2451,0.00349508191,0.004147880216
2452,0.003339678049,0.004015893996
2453,0.003427525633,0.003618321673
2454,0.003518339654,0.003892596345
2455,0.003553700226,0.004107185145
2456,0.003453185753,0.004214871267
2457,0.003502027568,0.003645734076
2458,0.003757059312,0.003710862657
2459,0.003415084095,0.003586464911
2460,0.003698955115,0.003665552736
2461,0.003354356275,0.004091568204
2462,0.003135591716,0.004083962296
2463,0.003596352413,0.003956186963
2464,0.003466517694,0.003403784649
2465,0.003554854746,0.003625196696
2466,0.003494580946,0.003829026653
2467,0.003322657722,0.003552099952
2468,0.003302715835,0.003987257078
2469,0.003473802499,0.004239559115
2470,0.003646187397,0.003518374258
2471,0.003544096428,0.003673130297
2472,0.003026679304,0.003644140932
2473,0.003286126099,0.004088864836
2474,0.003326667764,0.004400602047
2475,0.00357645395,0.003945883625
2476,0.003386955912,0.003802799823
2477,0.003403430455,0.003691727965
2478,0.003544353443,0.003430408018
2479,0.003720588662,0.004125528329
2480,0.00358814068,0.003831935144
2481,0.003579909651,0.003921073803
2482,0.003438499116,0.003642394062
2483,0.003856513562,0.004016739113
2484,0.003520292375,0.003636548645
2485,0.003611406108,0.004245240008
2486,0.003283532133,0.004010575125
2487,0.003470296186,0.004269091762
2488,0.003364512435,0.003440307453
2489,0.003380204958,0.003719422413
2490,0.003512167837,0.004038476996
2491,0.003474181896,0.00375389625
2492,0.003544460371,0.003796239092
2493,0.003614545712,0.003866095009
2494,0.003761848871,0.003821037739
2495,0.003685152886,0.00399240866
2496,0.003394975123,0.0038489461
2497,0.003133092745,0.003873220936
2498,0.00349608282,0.003620456584
2499,0.003731473902,0.003605165199
2500,0.003405783587,0.004231549392
2501,0.003395609878,0.004051509342
2502,0.003294341557,0.003976995329
2503,0.003496313235,0.004237338115
2504,0.003710707475,0.003962338902
2505,0.003244081425,0.003833685128
2506,0.003335766029,0.004128151806
2507,0.003569516906,0.004046876857
2508,0.003590965644,0.003423356568
2509,0.00336923619,0.003677192784
2510,0.003763285436,0.003616325179
2511,0.003543156199,0.003503465792
2512,0.00344821086,0.00415988086
2513,0.003532792936,0.003733953432
2514,0.003317989089,0.003648371581
2515,0.00339606026,0.003918637667
2516,0.003907946812,0.003993279126
2517,0.003682159557,0.003591798682
2518,0.003316484683,0.003951274935
2519,0.003753742494,0.003742951347
2520,0.003631963511,0.003708200733
2521,0.00333798668,0.003336791269
2522,0.003270681598,0.003945686447
2523,0.003336019872,0.003991966892
2524,0.003366184188,0.004028993077
2525,0.00349165473,0.003992624959
2526,0.003585299943,0.003633181826
2527,0.003222764324,0.003529324051
2528,0.003349458973,0.003558676457
2529,0.003549002693,0.003964793723
2530,0.00343684337,0.003859756602
2531,0.003078418988,0.00387324873
2532,0.003794437594,0.004347333132
2533,0.003340879455,0.004227170895
2534,0.003703614551,0.004353914352
2535,0.002997583972,0.004047042195
2536,0.003120103473,0.004088070418
2537,0.003511044546,0.00433517425
2538,0.003247792105,0.003488015704
2539,0.003608786879,0.003364435659
2540,0.003125517542,0.003918184899
2541,0.003331355168,0.003940136114
2542,0.003393269464,0.003995874315
2543,0.00303247929,0.004522086005
2544,0.003142754431,0.003558065859
2545,0.00334618194,0.003976470791
2546,0.003313584428,0.003747962794
2547,0.002956802782,0.004183034122
2548,0.003499024227,0.003884059348
2549,0.003003655293,0.003539514553
2550,0.003073479631,0.003902574215
2551,0.003541867482,0.003885660699
2552,0.003168015217,0.003666892153
2553,0.003401067021,0.003750437521
2554,0.003261553793,0.003858547745
2555,0.003047810518,0.003490556861
2556,0.003106616903,0.003946815938
2557,0.003167134419,0.003862235782
2558,0.003270600486,0.003724039183
2559,0.003777216247,0.003363660711
2560,0.003521659499,0.003622999619
2561,0.00319803608,0.003691961087
2562,0.003540152713,0.003794715507
2563,0.003502273466,0.003647704172
2564,0.00362031738,0.003535314987
2565,0.003370945866,0.004033132805
2566,0.003507746849,0.003324668709
2567,0.00341392422,0.003712613659
2568,0.003340004216,0.004282598587
2569,0.003431798599,0.003767591523
2570,0.003720876208,0.003821213875
2571,0.003435352875,0.003852842754
2572,0.003304397891,0.004052333621
2573,0.003194396966,0.004243330943
2574,0.003136612097,0.003756813559
2575,0.003363225638,0.003662760835
2576,0.003693750099,0.003578172415
2577,0.00327332798,0.00353882034
2578,0.003319330921,0.003912754066
2579,0.003550397349,0.003638821043
2580,0.002936447156,0.003521393402
2581,0.003274401766,0.003782647487
2582,0.003461742424,0.003281669575
2583,0.003482632688,0.003469343967
2584,0.003678332636,0.003323794663
2585,0.00319426108,0.004113983567
2586,0.003390378261,0.003716172301
2587,0.003200211213,0.003398438712
2588,0.003521228908,0.004175619455
2589,0.003514498676,0.003866416955
2590,0.0033040579,0.003924123215
2591,0.003125675023,0.003634195484
2592,0.003538225777,0.003410163306
2593,0.003566220432,0.003744711925
2594,0.003402258357,0.003459951229
2595,0.003444494272,0.003995236941
2596,0.003421536181,0.003664853808
2597,0.003268809203,0.003842669103
2598,0.003130354133,0.003711797064
2599,0.003025363811,0.00395898876
2600,0.003162409266,0.003488339367
2601,0.00344891983,0.004030615208
2602,0.003178457962,0.003707792261
2603,0.003321299766,0.003797815007
2604,0.003441903653,0.003327509476
2605,0.003161016677,0.003495909885
2606,0.003245104541,0.003744348011
2607,0.003391202132,0.003927059588
2608,0.003178917541,0.003536948236
2609,0.003025227343,0.003889793268
2610,0.003488152113,0.003903544944
2611,0.0034231873,0.003427727148
2612,0.003624846955,0.004165896768
2613,0.002937942336,0.003781509586
2614,0.003724214126,0.003407987679
2615,0.003429740318,0.003688570927
2616,0.003319155832,0.003885542246
2617,0.003317329567,0.003512189083
2618,0.003134170925,0.003710996563
2619,0.003347613936,0.003735106613
2620,0.003284063569,0.003565762017
2621,0.003038630704,0.003563689068
2622,0.003409231838,0.003730306373
2623,0.002989139874,0.003503921063
2624,0.003594577982,0.003830762638
2625,0.003468240146,0.004295889143
2626,0.003189612398,0.003746861999
2627,0.003519343678,0.00360172239
2628,0.003684819356,0.003796471749
2629,0.003285357991,0.003573897469
2630,0.003398149071,0.00387167267
2631,0.003235885815,0.003615931666
2632,0.003013682493,0.0034832643
2633,0.003287841944,0.003532468807
2634,0.003190374875,0.003242171981
2635,0.003403175069,0.003890950349
2636,0.003447617899,0.003666776378
2637,0.003215192148,0.003789007489
2638,0.003166334529,0.003759802115
2639,0.00324017508,0.003669583239
2640,0.003031962377,0.003646797675
2641,0.003213678341,0.003727990639
2642,0.002881898021,0.003875615512
2643,0.003278062999,0.004003999115
2644,0.003271720139,0.003240810765
2645,0.003164783382,0.003575365379
2646,0.002962154744,0.003767921269
2647,0.003070717125,0.004201985837
2648,0.003206340887,0.003527833527
2649,0.002973465802,0.003726481169
2650,0.003103781113,0.003816446901
2651,0.003263424005,0.003638521972
2652,0.003531649709,0.003634279245
2653,0.003240510268,0.003217631718
2654,0.003412009333,0.003675124462
2655,0.003332037915,0.003414775099
2656,0.003333896399,0.003315109294
2657,0.003219108417,0.003526664688
2658,0.00295687528,0.004323284957
2659,0.003403449751,0.003722836991
2660,0.003351240768,0.00340065427
2661,0.003061657015,0.003740711109
2662,0.003341975855,0.003747683018
2663,0.00345886487,0.003367548139
2664,0.002963190404,0.003451081662
2665,0.003171935183,0.003483360895
2666,0.003410683363,0.003505889908
2667,0.003486757691,0.003232220246
2668,0.003290206572,0.003378128313
2669,0.003254757205,0.003564215469
2670,0.00339581343,0.003574160801
2671,0.002838671615,0.00361559185
2672,0.003492724325,0.003372405365
2673,0.003104435775,0.003612923785
2674,0.002902000997,0.003377967281
2675,0.003324728692,0.003392452752
2676,0.003019392607,0.00332672699
2677,0.003121572343,0.003969009529
2678,0.003485646797,0.003892526642
2679,0.003154755657,0.003426440031
2680,0.003317397728,0.00385229144
2681,0.003355655819,0.003604456404
2682,0.003097644454,0.003308077197
2683,0.003375531145,0.003177515318
2684,0.003148083953,0.003813528514
2685,0.003110068938,0.003487204114
2686,0.003182424203,0.003810088179
2687,0.003458513413,0.003070715262
2688,0.003151104494,0.003681854461
2689,0.003101774375,0.003436502215
2690,0.003186997608,0.003831560636
2691,0.002862792084,0.003396607906
2692,0.003184669593,0.003531633061
2693,0.003234166768,0.003240774851
2694,0.003292257345,0.003787813213
2695,0.003222449712,0.003436668805
2696,0.003033487563,0.003595616115
2697,0.003479310864,0.003614156274
2698,0.003686044511,0.003817620163
2699,0.003115004918,0.003522594052
2700,0.003118260473,0.003617061768
2701,0.003385343065,0.003277262382
2702,0.00319586898,0.003181230888
2703,0.00324010363,0.003381510411
2704,0.003128151671,0.003659155249
2705,0.003279051365,0.003818256926
2706,0.003057281865,0.003419319226
2707,0.002987712796,0.003296653304
2708,0.003303362377,0.002938543446
2709,0.003189579205,0.00378763568
2710,0.003080542781,0.003356358327
2711,0.003021585813,0.003183339344
2712,0.003145684954,0.003582855134
2713,0.003474720404,0.003041670134
2714,0.002998823707,0.003086616402
2715,0.00297317034,0.003999413631
2716,0.003144075308,0.003232098301
2717,0.003203716624,0.003548808454
2718,0.003038137453,0.003207021975
2719,0.003396412489,0.003370683087
2720,0.003047622915,0.003638749098
2721,0.003190002055,0.003452056611
2722,0.00345774091,0.003573320777
2723,0.003508857655,0.003020874239
2724,0.003225440771,0.0032839755
2725,0.003419497691,0.003415088257
2726,0.003454585414,0.003432770813
2727,0.003296448267,0.003924734454
2728,0.003601404635,0.003310754662
2729,0.003332222434,0.003669296479
2730,0.003084340715,0.00348065031
2731,0.002904924797,0.003807781439
2732,0.003038086783,0.003284157312
2733,0.003065998142,0.003632327222
2734,0.002725467726,0.003358310118
2735,0.002810597303,0.004156887328
2736,0.003289432061,0.003510407318
2737,0.003460506501,0.003498797654
2738,0.00279585339,0.003281608631
2739,0.003253673174,0.003925154859
2740,0.0032955473,0.003053887514
2741,0.003087121731,0.003661770112
2742,0.003341505741,0.003071798157
2743,0.003134641243,0.003492172313
2744,0.003216811136,0.003470750205
2745,0.003083973628,0.003068325139
2746,0.003085522359,0.00345207061
2747,0.003433643782,0.003748378746
2748,0.003164630587,0.003483611887
2749,0.003174412355,0.003394769825
2750,0.003429094213,0.003495302604
2751,0.00301465689,0.003217575897
2752,0.003307374573,0.003509204835
2753,0.003068599937,0.002944819047
2754,0.003121811664,0.003549628134
2755,0.003167676856,0.0034473954
2756,0.003372013132,0.003500491614
2757,0.003417232772,0.003542040125
2758,0.003128526238,0.003296036128
2759,0.003277852491,0.003208165581
2760,0.002869327902,0.003158323001
2761,0.003190337098,0.003245529544
2762,0.003098510148,0.003529025998
2763,0.003257892589,0.003092626779
2764,0.003129421122,0.003048388404
2765,0.003159083426,0.003329851257
2766,0.003082791838,0.003941052768
2767,0.002914876008,0.00327991278
2768,0.003036074864,0.003373668296
2769,0.003232042742,0.003322505567
2770,0.00301458803,0.003167232062
2771,0.003059219249,0.003335354879
2772,0.002913407312,0.003796004225
2773,0.0033499735,0.003487064649
2774,0.003402264672,0.003577437543
2775,0.003099135269,0.003287911532
2776,0.003159697953,0.003318277973
2777,0.003156691586,0.003975894128
2778,0.003058835136,0.00325954493
2779,0.00288077796,0.003550692723
2780,0.003240556485,0.003402985632
2781,0.002776901238,0.0031362882
2782,0.003066905716,0.003744364891
2783,0.003354270331,0.00328202339
2784,0.003078569978,0.003561141755
2785,0.003466327791,0.003089257982
2786,0.003131011763,0.003176959755
2787,0.002989728033,0.003281636396
2788,0.003144791059,0.003595358838
2789,0.002900025458,0.003431673511
2790,0.002911509335,0.00305506459
2791,0.003012089554,0.003254472831
2792,0.002894945355,0.003011580295
2793,0.003196906036,0.003233001626
2794,0.002877537365,0.00353150937
2795,0.003083221498,0.00364589176
2796,0.003317159222,0.003213238757
2797,0.003004540253,0.003405893804
2798,0.003113680665,0.003515000019
2799,0.00318742852,0.003196795471
2800,0.002994803479,0.003324885125
2801,0.002945516055,0.003165831207
2802,0.002963496605,0.003354098415
2803,0.002969411784,0.003883018508
2804,0.003014776128,0.003432201949
2805,0.002933083335,0.003285790764
2806,0.00303490131,0.003233028488
2807,0.003246692766,0.003022729274
2808,0.002853702841,0.003374918218
2809,0.003138965723,0.003467724688
2810,0.002991083747,0.003622225253
2811,0.002706012689,0.003865863546
2812,0.002994543524,0.003312833956
2813,0.003103632596,0.00319563481
2814,0.002890664386,0.003107692901
2815,0.003095266642,0.003657351743
2816,0.003008036991,0.003171650285
2817,0.00304331939,0.003443166235
2818,0.003009068925,0.002960613056
2819,0.003337544011,0.003145817347
2820,0.003106661228,0.00328094713
2821,0.003374550259,0.003361254901
2822,0.002889182855,0.003517833422
2823,0.003381368791,0.003380830254
2824,0.003279373137,0.003296789364
2825,0.003237358032,0.003367847414
2826,0.003146871779,0.003147983982
2827,0.003022722871,0.003250981215
2828,0.003231628565,0.003071692074
2829,0.002935296157,0.003698747401
2830,0.002853928076,0.00365699979
2831,0.003004541213,0.003322859964
2832,0.002837809909,0.003317999275
2833,0.002921640233,0.003974921245
2834,0.003068640799,0.003168777621
2835,0.003073653119,0.003594570881
2836,0.003196738544,0.003476383514
2837,0.00336694342,0.003116008651
2838,0.003101371432,0.003449340933
2839,0.002988860739,0.003371829313
2840,0.003222432802,0.003230320901
2841,0.003029903804,0.003104563599
2842,0.0032548288,0.003728751326
2843,0.002810750098,0.003435223771
2844,0.003042800934,0.003757282975
2845,0.002980544552,0.003464713722
2846,0.003028398321,0.00312941111
2847,0.003219646984,0.003346482583
2848,0.003054809466,0.003212332871
2849,0.002737393632,0.003378745838
2850,0.003054273722,0.003051056439
2851,0.003021468554,0.003154229489
2852,0.002909391944,0.00336815379
2853,0.003094433603,0.003402864939
2854,0.002931834402,0.003581246245
2855,0.002875656937,0.003781616513
2856,0.002997289528,0.003452329809
2857,0.003005555016,0.003054055036
2858,0.00324490614,0.003304390877
2859,0.003247766697,0.003133865393
2860,0.003496443154,0.003614698566
2861,0.002758742892,0.003003454884
2862,0.002881969063,0.00333274054
2863,0.003200367937,0.003305561579
2864,0.002965880529,0.003240687191
2865,0.003061075811,0.003253511124
2866,0.002769567451,0.003060356772
2867,0.003268993692,0.003359606664
2868,0.003369103011,0.003228277143
2869,0.002745670674,0.003449635959
2870,0.003025742102,0.003257522563
2871,0.003255360789,0.003251566086
2872,0.003173859324,0.003132834565
2873,0.003314809874,0.002958927769
2874,0.002889837313,0.003426918149
2875,0.003224949702,0.003209320013
2876,0.003063757933,0.003098496818
2877,0.003120591864,0.003398527915
2878,0.003334721958,0.003115232714
2879,0.003132224781,0.003321785742
2880,0.002831012156,0.003329104075
2881,0.003242705337,0.003412740858
2882,0.003068539198,0.003275225929
2883,0.002852227684,0.003537174111
2884,0.003049463528,0.00329022872
2885,0.002921859617,0.002975767507
2886,0.003064288787,0.003153362195
2887,0.00306048221,0.003705958923
2888,0.002799377224,0.002673584328
2889,0.002979397075,0.003064658347
2890,0.002933150099,0.003111293772
2891,0.002906225942,0.00358206121
2892,0.003054389847,0.003328941501
2893,0.003042907483,0.003380114795
2894,0.003010491899,0.003031677217
2895,0.003139611188,0.003234729345
2896,0.002863243339,0.003268757398
2897,0.00315137679,0.003539692436
2898,0.002789532969,0.003302179772
2899,0.002969525696,0.002968565066
2900,0.00332870381,0.003440279019
2901,0.003061438125,0.003487728623
2902,0.002976306132,0.00300419479
2903,0.003074629465,0.003101917915
2904,0.00306614337,0.00329336588
2905,0.002787628706,0.003065224853
2906,0.003299163887,0.00284999024
2907,0.002939695143,0.003611325432
2908,0.003096426488,0.00323750198
2909,0.003062633768,0.00377284101
2910,0.00329054243,0.00277020174
2911,0.002906000242,0.003183541237
2912,0.002842874324,0.003285398532
2913,0.002827304241,0.002991777903
2914,0.002897806728,0.003070608771
2915,0.003017119772,0.002831919759
2916,0.002773422093,0.003621849144
2917,0.00316246177,0.003018015355
2918,0.003185745969,0.00327394082
2919,0.003270451329,0.003154252277
2920,0.003217325488,0.003214896424
2921,0.003193466197,0.003037027578
2922,0.003240864287,0.002860620822
2923,0.003207408998,0.002908015245
2924,0.002889762254,0.002928093745
2925,0.002860400156,0.00302448697
2926,0.002943302214,0.00335263813
2927,0.00290747566,0.003238014498
2928,0.002564792463,0.003114599735
2929,0.002758278861,0.003317657392
2930,0.003028879612,0.003093014791
2931,0.003169859207,0.00296952427
2932,0.002986247448,0.003287924948
2933,0.002890092146,0.003469444666
2934,0.003145541472,0.002947396511
2935,0.002813407424,0.003298774594
2936,0.002909772418,0.003157936415
2937,0.003127804463,0.003042424039
2938,0.003402993665,0.003655051114
2939,0.003320858959,0.00314772423
2940,0.002673719602,0.002913305012
2941,0.002881304128,0.003017228155
2942,0.002950827329,0.003636474808
2943,0.003203266853,0.003147368028
2944,0.003015002701,0.002731728513
2945,0.002682373277,0.003469720803
2946,0.002650756971,0.002815101441
2947,0.003020907403,0.003056532703
2948,0.003253686969,0.003127856035
2949,0.002961681021,0.00303000136
2950,0.002951603383,0.003170674929
2951,0.002760931733,0.003078780253
2952,0.003325862024,0.002794928107
2953,0.002901039552,0.002900265856
2954,0.003025010898,0.003268285858
2955,0.00282639268,0.002855886967
2956,0.003150411358,0.003456899896
2957,0.002959669917,0.002989005065
2958,0.002909659321,0.003167761955
2959,0.002634427539,0.003208153183
2960,0.002900036256,0.002901844564
2961,0.002896267397,0.00289135761
2962,0.002903149172,0.003067454032
2963,0.00288904694,0.003029301297
2964,0.003253804112,0.003229213238
2965,0.003063031501,0.003160047403
2966,0.003187824477,0.002874208905
2967,0.002797938476,0.003016608331
2968,0.003003115708,0.003133573948
2969,0.002897281724,0.003310423432
2970,0.002845705487,0.002956589393
2971,0.00307204327,0.003560168145
2972,0.002997701726,0.003039710544
2973,0.002922242129,0.003393603081
2974,0.003162935405,0.00360553799
2975,0.002933361626,0.00292101223
2976,0.002795101725,0.002780767361
2977,0.003036689275,0.003127330157
2978,0.003196460049,0.003490921954
2979,0.002717834752,0.003017471608
2980,0.00281556962,0.003218300873
2981,0.003099766822,0.003087345016
2982,0.003200601612,0.002799754817
2983,0.003201592743,0.002591528581
2984,0.003110288468,0.003060607502
2985,0.002827096148,0.003466971742
2986,0.002906518755,0.002907811722
2987,0.002981074766,0.003151344674
2988,0.003092446015,0.003634148918
2989,0.002959269419,0.00280644733
2990,0.003221510706,0.003140556742
2991,0.002912829601,0.003256980912
2992,0.002692707407,0.003171859542
2993,0.003073894623,0.002974812116
2994,0.003299206932,0.002927398484
2995,0.003034306894,0.002867433737
2996,0.003271960275,0.00305491063
2997,0.002769733634,0.002621440595
2998,0.00289080615,0.002835893829
2999,0.002942685212,0.003127569071
3000,0.002910505194,0.003291350702
3001,0.002990164736,0.002946033812
3002,0.00258542446,0.003053288936
3003,0.002857340936,0.002760913136
3004,0.002760999836,0.00296593504
3005,0.002778630471,0.002955489559
3006,0.002826124779,0.003019960364
3007,0.002662965184,0.003191072698
3008,0.003082829731,0.00258584859
3009,0.002835853607,0.003177994047
3010,0.002670990041,0.00313213098
3011,0.00291461547,0.00327718645
3012,0.002839782508,0.003218837548
3013,0.002759680821,0.003120183625
3014,0.002786628058,0.002961740713
3015,0.003167774121,0.002749207153
3016,0.002837932465,0.003207985195
3017,0.003090207203,0.002879307518
3018,0.003208518319,0.003030035936
3019,0.002708332642,0.002807660174
3020,0.002464750272,0.002850756951
3021,0.002714890288,0.002602296969
3022,0.002821275993,0.003033160028
3023,0.002817087196,0.003024140344
3024,0.002810925245,0.002840161644
3025,0.003239578247,0.002864714683
3026,0.002563885704,0.002905414935
3027,0.002692100155,0.003082514741
3028,0.003036525857,0.00323750815
3029,0.002693608985,0.002806023607
3030,0.002748954343,0.002923722524
3031,0.002914134762,0.003381148854
3032,0.002785181307,0.002791297942
3033,0.002947995497,0.003095331398
3034,0.002603700414,0.00311479035
3035,0.002948428359,0.002823744144
3036,0.002780408104,0.003024960868
3037,0.002963606763,0.00307434093
3038,0.002920959814,0.003055013483
3039,0.002885839072,0.003047012724
3040,0.002748837112,0.003262592567
3041,0.003020166187,0.00328397032
3042,0.002758705872,0.003412067774
3043,0.002740039519,0.003162771172
3044,0.002523994102,0.002875841717
3045,0.002773636574,0.003287231637
3046,0.002685207757,0.002675164957
3047,0.003052889078,0.0028156076
3048,0.002792590676,0.003173012694
3049,0.002591284399,0.002584693779
3050,0.002813323284,0.002708094893
3051,0.002885734168,0.002844000293
3052,0.002830030891,0.003141584981
3053,0.002967399632,0.003095506225
3054,0.002880949934,0.002861737914
3055,0.002917798003,0.002777598507
3056,0.002743138117,0.003345887759
3057,0.002979199548,0.003091120103
3058,0.002838369663,0.002772375825
3059,0.002934143267,0.00337265202
3060,0.00324233048,0.003334334382
3061,0.002804170843,0.002523682197
3062,0.003033909015,0.003190291143
3063,0.002779816219,0.00297749904
3064,0.002677091892,0.002921544394
3065,0.002785276738,0.002843503811
3066,0.002721916186,0.003025150188
3067,0.002644604625,0.003036439215
3068,0.002772618638,0.002950535039
3069,0.002762736432,0.002937191224
3070,0.002867623494,0.002852329199
3071,0.003053884255,0.002952109498
3072,0.00305610025,0.003207950242
3073,0.002665769702,0.003251829825
3074,0.003197857586,0.002751726483
3075,0.003088105004,0.00278605854
3076,0.002890375094,0.003453629266
3077,0.002752907312,0.002833398903
3078,0.002480252646,0.00274630959
3079,0.003131313104,0.003142014961
3080,0.003192406934,0.003289149405
3081,0.002751360968,0.003181188964
3082,0.002773108368,0.002878140804
3083,0.002746138023,0.002879857057
3084,0.002719985961,0.003147118317
3085,0.00263500234,0.003223308886
3086,0.002944125707,0.003130649042
3087,0.002654240088,0.003012642934
3088,0.0026271315,0.002950734284
3089,0.002934151998,0.002889013645
3090,0.002594065358,0.003083763178
3091,0.002693449613,0.002701407182
3092,0.00282687202,0.002641043859
3093,0.002938199934,0.003060061717
3094,0.002764623539,0.002803210751
3095,0.002560652356,0.003086696117
3096,0.002795688008,0.002650169714
3097,0.00289183823,0.002961454855
3098,0.002989795437,0.003003085323
3099,0.002485088597,0.003272004295
3100,0.002927463822,0.003059381066
3101,0.00266722677,0.002628327755
3102,0.002730001346,0.003149816475
3103,0.002761922515,0.003017302224
3104,0.003039314353,0.002945303248
3105,0.00337425436,0.002904994908
3106,0.002955945092,0.002791079285
3107,0.002648432419,0.003319831012
3108,0.002742096985,0.003212113894
3109,0.002536776301,0.002712307731
3110,0.003015370661,0.003065948607
3111,0.002722642472,0.002871096454
3112,0.003140143323,0.003094417974
3113,0.003037874034,0.003328786901
3114,0.002825067932,0.002815408152
3115,0.002830974379,0.002915739082
3116,0.002876846876,0.003125817399
3117,0.002947782428,0.002771054918
3118,0.002753133609,0.003230105096
3119,0.002756875474,0.002599865431
3120,0.003068928345,0.00308326626
3121,0.002872277139,0.002854650316
3122,0.00303379196,0.003087476391
3123,0.002596261242,0.002830144629
3124,0.002864309121,0.003148783202
3125,0.002863640897,0.002688563138
3126,0.002932093455,0.003002636629
3127,0.003049734049,0.002701008198
3128,0.002836974076,0.003056971123
3129,0.002638705191,0.002997662988
3130,0.002213418382,0.002650246781
3131,0.002897528961,0.003027405386
3132,0.002415763491,0.003153896279
3133,0.002697942284,0.002686485124
3134,0.002795238164,0.002846582182
3135,0.002808060497,0.002980041012
3136,0.002981585654,0.003274290269
3137,0.002647376037,0.003087669407
3138,0.002648147783,0.002609508636
3139,0.002842275862,0.003087438614
3140,0.002674276446,0.002784155018
3141,0.002901536005,0.002622769651
3142,0.002646969195,0.002876078652
3143,0.002677557728,0.002798743604
3144,0.003027265833,0.003019979369
3145,0.002695339412,0.002905912232
3146,0.00265734276,0.002962076425
3147,0.00280820427,0.002835735271
3148,0.00273425295,0.002768675535
3149,0.002805452561,0.003154144855
3150,0.002914583107,0.002851507132
3151,0.002489633494,0.002965068416
3152,0.002653817355,0.002895465906
3153,0.002930917617,0.003044461948
3154,0.002670285496,0.00285874329
3155,0.002732275956,0.00297148744
3156,0.002689124754,0.002651183837
3157,0.002390187452,0.003054245157
3158,0.003048456158,0.002453653608
3159,0.002985422732,0.002663938096
3160,0.002800082322,0.00278118212
3161,0.002724199672,0.002889965486
3162,0.00252683548,0.002522715979
3163,0.002552250211,0.003196473757
3164,0.002565443778,0.002667340304
3165,0.002694622555,0.002908198046
3166,0.002669861831,0.003003891936
3167,0.002568917305,0.002976934309
3168,0.002697827396,0.002729511791
3169,0.002547441385,0.002737311879
3170,0.002558346314,0.002773342785
3171,0.002733016678,0.003123653354
3172,0.002730806766,0.002908034425
3173,0.002881342865,0.002685296291
3174,0.002718132397,0.00297615552
3175,0.002692406706,0.002735940827
3176,0.002592803852,0.002694117313
3177,0.002806918405,0.002527497389
3178,0.002882266825,0.002774284832
3179,0.002841646638,0.002825792908
3180,0.002646092471,0.002661283419
3181,0.002943223371,0.002890973497
3182,0.003056273534,0.002767721686
3183,0.002742345387,0.002535815584
3184,0.00284925467,0.002869747026
3185,0.002600201144,0.002214579989
3186,0.002491327745,0.002925983776
3187,0.002863483969,0.003194467223
3188,0.002649168775,0.002730637701
3189,0.002645002314,0.002945845015
3190,0.002649992093,0.002544613322
3191,0.002605186572,0.003007781284
3192,0.00257345321,0.002858651191
3193,0.002731626126,0.002758490999
3194,0.002747737337,0.003122821479
3195,0.002706043539,0.002995943738
3196,0.002664418222,0.00261749886
3197,0.00281193704,0.003197061684
3198,0.002637816273,0.002888086776
3199,0.002870950848,0.002606503826
3200,0.00291146987,0.002976399759
3201,0.003066468576,0.002698308206
3202,0.002675778305,0.002925686393
3203,0.002902856999,0.002770048624
3204,0.002743488003,0.002527103949
3205,0.002896268474,0.002866943047
3206,0.002608292823,0.002586954215
3207,0.002547329204,0.002674473362
3208,0.002875767241,0.00272322337
3209,0.002843089489,0.002766867576
3210,0.002702598897,0.002878654515
3211,0.002487774342,0.002653553267
3212,0.002791068837,0.002858628141
3213,0.002831307705,0.00272177087
3214,0.002743828023,0.002608620358
3215,0.002415436116,0.002968426998
3216,0.002725753468,0.003033617715
3217,0.002805435477,0.002463017096
3218,0.002713293477,0.002993956412
3219,0.002768180537,0.002822994022
3220,0.00270604316,0.002808574674
3221,0.002870385099,0.002908181574
3222,0.002401075326,0.002719788085
3223,0.003033157845,0.003321116848
3224,0.002508419275,0.002885489492
3225,0.002772695952,0.002980539633
3226,0.002666221873,0.002761089447
3227,0.002658813028,0.002622180298
3228,0.002512770923,0.003151009674
3229,0.002561309637,0.002994110429
3230,0.00245978203,0.002608424271
3231,0.002553395316,0.002909108298
3232,0.002685508487,0.002609607123
3233,0.002574776125,0.003110513353
3234,0.00274131498,0.003030668013
3235,0.002712931222,0.002956800017
3236,0.002766251593,0.002712621324
3237,0.002566981886,0.002825365547
3238,0.002624426212,0.003065339406
3239,0.002934316639,0.002457090523
3240,0.00299191635,0.002942729596
3241,0.002797187539,0.002790700732
3242,0.00251173618,0.002587411844
3243,0.002811032347,0.002387681045
3244,0.002749434498,0.002710441011
3245,0.002630557807,0.002727793399
3246,0.00265378489,0.002922253741
3247,0.002702435944,0.00288442662
3248,0.002701035264,0.002437852017
3249,0.00296867697,0.003053515698
3250,0.002502370524,0.00265873532
3251,0.002819549103,0.002820273105
3252,0.002697784366,0.002565094095
3253,0.002541411464,0.003122347553
3254,0.002798429457,0.002658876241
3255,0.002676445612,0.002892690478
3256,0.002668389207,0.002569097327
3257,0.002547706783,0.002952548064
3258,0.002669380279,0.002826159849
3259,0.002696397307,0.003021158394
3260,0.002732441586,0.002578847925
3261,0.002787230391,0.002917080419
3262,0.002678113611,0.002646238456
3263,0.00274652816,0.002893260331
3264,0.002707802574,0.002713615337
3265,0.002576015366,0.002392126014
3266,0.002666839617,0.003087125631
3267,0.00264110518,0.002895283455
3268,0.002591378754,0.002612149823
3269,0.00262885238,0.002703516831
3270,0.002873512363,0.002789364051
3271,0.002573526406,0.002925289387
3272,0.002793890075,0.002331351163
3273,0.002579895096,0.002719912387
3274,0.002606333641,0.0028288553
3275,0.002610501979,0.002320299303
3276,0.002834651037,0.002746076687
3277,0.002632890231,0.002823391347
3278,0.00270144848,0.002982554084
3279,0.002930306684,0.002850657445
3280,0.002546148724,0.002643773129
3281,0.002639203827,0.002738236682
3282,0.002447567036,0.002564375201
3283,0.002672962582,0.00253174649
3284,0.002366926507,0.002866378956
3285,0.002579379856,0.002781831427
3286,0.002682248771,0.002465546349
3287,0.002560022112,0.00239297087
3288,0.002898940002,0.002868471958
3289,0.002516663284,0.002843138034
3290,0.002441800054,0.002572005396
3291,0.00263739597,0.002756968985
3292,0.002598296327,0.00257580023
3293,0.002678266887,0.002670680609
3294,0.002582679066,0.002375235636
3295,0.002499880211,0.002704079379
3296,0.002673059178,0.002582728528
3297,0.00279851348,0.002611022588
3298,0.00241308799,0.002736573573
3299,0.003129936871,0.00323548881
3300,0.002624067856,0.002910434763
3301,0.002792969608,0.002643368091
3302,0.002838703454,0.002929052687
3303,0.002778664988,0.002467935134
3304,0.002866312396,0.002612994867
3305,0.002407645865,0.003140524699
3306,0.002597822895,0.002490481798
3307,0.002547322714,0.002681997721
3308,0.002777124319,0.002636807709
3309,0.002454403846,0.002570953206
3310,0.002654330048,0.002553797851
3311,0.002868163167,0.002335904996
3312,0.002754154761,0.002832704486
3313,0.002824168507,0.0023400801
3314,0.002595424623,0.002700321085
3315,0.002900421241,0.003156657564
3316,0.002901684784,0.002359236954
3317,0.002567578427,0.002389472385
3318,0.002664620552,0.002773497385
3319,0.002788523212,0.00277407562
3320,0.002889734053,0.002386249093
3321,0.002691052854,0.002869012649
3322,0.002586383402,0.002617617385
3323,0.002616859812,0.002390058624
3324,0.002794659405,0.002728393258
3325,0.002551137615,0.002610082418
3326,0.002331476528,0.002789207821
3327,0.002571423276,0.002737396237
3328,0.002608088573,0.003047142614
3329,0.002460170057,0.002290118689
3330,0.002618249986,0.00262710583
3331,0.002794864427,0.002508797188
3332,0.002624704197,0.002472784749
3333,0.002374084259,0.002559585279
3334,0.002613442572,0.002882454166
3335,0.002713503956,0.002654241689
3336,0.002701585297,0.002622117841
3337,0.002420471283,0.00236442186
3338,0.002587721683,0.002714906819
3339,0.00275643231,0.002819342684
3340,0.00258154067,0.002638061007
3341,0.002625744382,0.002681158279
3342,0.002543131748,0.002445894934
3343,0.002723736659,0.002455406779
3344,0.002202861593,0.002581527806
3345,0.002659977705,0.002578870262
3346,0.002636060381,0.002638562815
3347,0.002262672104,0.002859415341
3348,0.002664181055,0.002848210715
3349,0.002384452033,0.003153613245
3350,0.002513734362,0.002461027747
3351,0.00270438462,0.002912144409
3352,0.002532723593,0.002698891738
3353,0.002668355039,0.002522189796
3354,0.002515597909,0.002638269973
3355,0.002736415772,0.002739789634
3356,0.002502864067,0.002691232454
3357,0.002554614941,0.002682325197
3358,0.00234411897,0.002468523482
3359,0.002695786679,0.002401713951
3360,0.00241363098,0.002239997717
3361,0.002598331426,0.002512188817
3362,0.002751448774,0.00281119073
3363,0.002781361312,0.00250654573
3364,0.00257759486,0.002548050805
3365,0.002584924936,0.002484097087
3366,0.002787968944,0.002575922816
3367,0.002493193984,0.002611283184
3368,0.002544671413,0.002818667388
3369,0.002463476325,0.002728506894
3370,0.002500136092,0.002308702038
3371,0.002737725037,0.002592232166
3372,0.002455190013,0.00276714073
3373,0.002395000716,0.002649557326
3374,0.002846661795,0.002172793713
3375,0.002481924297,0.002756004833
3376,0.002744808269,0.002685058964
3377,0.00247171105,0.00260006843
3378,0.002749270236,0.002706681989
3379,0.00294003851,0.002344704131
3380,0.002697593285,0.002533485007
3381,0.002718236879,0.002405782652
3382,0.002590718941,0.002572962607
3383,0.002639016398,0.002606637485
3384,0.002282368427,0.002280730318
3385,0.002350710856,0.002301436034
3386,0.002726651088,0.002379133017
3387,0.002776604146,0.002343466345
3388,0.002353217627,0.002557149783
3389,0.002411734415,0.002387247659
3390,0.002689513494,0.002928759612
3391,0.00271308099,0.002389734393
3392,0.002528069628,0.002383073734
3393,0.002435059941,0.002867862175
3394,0.002552906575,0.002476026682
3395,0.002639309707,0.002694677358
3396,0.002619280436,0.002523984585
3397,0.002465803322,0.002326020156
3398,0.003034579073,0.002295272527
3399,0.002644075634,0.002443549645
3400,0.00237553136,0.002554232138
3401,0.002607532602,0.002436546376
3402,0.002702419471,0.00232982423
3403,0.002575222083,0.002593548357
3404,0.002502138377,0.002441835968
3405,0.002434148017,0.002492100088
3406,0.00279766068,0.002405125138
3407,0.002472266089,0.002543363138
3408,0.002295387632,0.00256509913
3409,0.002430633424,0.002729697226
3410,0.00249824248,0.002418762684
3411,0.002579531167,0.002842177084
3412,0.002538032859,0.002389069661
3413,0.002464762685,0.00252854242
3414,0.002741618111,0.002817056869
3415,0.002503245021,0.002540575922
3416,0.002645598375,0.002646378372
3417,0.002679519035,0.003020703618
3418,0.00234604087,0.002636905236
3419,0.002622215921,0.002404715371
3420,0.002502247109,0.002690889349
3421,0.002346587309,0.002209362749
3422,0.002564161521,0.003015446156
3423,0.002380332822,0.00252549116
3424,0.002546675125,0.002533129591
3425,0.002495487075,0.002640528022
3426,0.00227619159,0.002292447287
3427,0.002337200698,0.002607535076
3428,0.002677912416,0.002499845461
3429,0.002420136065,0.0026906516
3430,0.002407967957,0.002572566591
3431,0.002327795461,0.002630107221
3432,0.002440073717,0.00266672943
3433,0.002378205085,0.002476147027
3434,0.002288295393,0.002943316125
3435,0.002794704575,0.002443051751
3436,0.002248072575,0.002640508668
3437,0.002433534421,0.002397709919
3438,0.002586191258,0.00250478278
3439,0.00248383783,0.002588744508
3440,0.002273076825,0.002585761569
3441,0.00260225861,0.002481858101
3442,0.002610906857,0.002530686106
3443,0.002436186725,0.002630130213
3444,0.002804582706,0.002944385284
3445,0.002536539658,0.002274459432
3446,0.002770674502,0.002474077643
3447,0.002601346874,0.002654140131
3448,0.00240887588,0.002457814873
3449,0.002622174798,0.002861137677
3450,0.002565828327,0.002523226547
3451,0.002434526454,0.002361453444
3452,0.002734334237,0.002162061995
3453,0.002534023137,0.002287632233
3454,0.002558620137,0.002522647541
3455,0.002257637636,0.002429206914
3456,0.002340953637,0.002494589688
3457,0.002549359415,0.002412496367
3458,0.002629311872,0.002313901365
3459,0.002502901014,0.002230953338
3460,0.002409715031,0.002966737578
3461,0.002408939414,0.001869590458
3462,0.002505298253,0.002256008273
3463,0.002641260478,0.002558414461
3464,0.002718122792,0.002670446789
3465,0.0023908937,0.002625391557
3466,0.002438475858,0.002202593096
3467,0.002347974587,0.00248623782
3468,0.002535567386,0.002325817797
3469,0.002297274768,0.002591916593
3470,0.002426210922,0.002110522313
3471,0.002020932108,0.002508904174
3472,0.002649450529,0.00256514136
3473,0.002405777515,0.002324259534
3474,0.002456174581,0.002484836688
3475,0.002644155145,0.002749712032
3476,0.00255418208,0.002701668942
3477,0.002289540047,0.002596638413
3478,0.002412931717,0.002361752136
3479,0.002332736301,0.002611691336
3480,0.002563720816,0.00228198072
3481,0.002541783091,0.002473848464
3482,0.002280696135,0.002246942473
3483,0.002491887426,0.002471689018
3484,0.002908201161,0.002292273377
3485,0.002548896009,0.002408103974
3486,0.002447733073,0.002504188044
3487,0.002388749112,0.002547422337
3488,0.002381608792,0.002708686981
3489,0.002648144306,0.002448854357
3490,0.002405689665,0.002509241545
3491,0.002509823884,0.002608289549
3492,0.002606181093,0.002407311636
3493,0.002499322785,0.002576119805
3494,0.002468312101,0.003041524789
3495,0.002312330282,0.002469965577
3496,0.00243446017,0.002360518192
3497,0.002382250925,0.00248769841
3498,0.002300212174,0.002600259002
3499,0.002554317383,0.002576879313
3500,0.002496814384,0.002757040536
3501,0.00264007668,0.002670350485
3502,0.002453209745,0.002143804202
3503,0.002497274996,0.002681685801
3504,0.002367693378,0.002451111097
3505,0.002368902133,0.002435102215
3506,0.002748117913,0.002191276682
3507,0.002417209893,0.002421775076
3508,0.00240805473,0.002387408604
3509,0.002537850392,0.002608369512
3510,0.002448386833,0.002265205374
3511,0.002335674042,0.002304945679
3512,0.00247964263,0.002240252696
3513,0.002305935603,0.00275023267
3514,0.002469356914,0.002395611838
3515,0.002400632249,0.002651393355
3516,0.002584389818,0.0022913516
3517,0.002662476269,0.002468717488
3518,0.002245905664,0.002503218624
3519,0.002533583363,0.002518931273
3520,0.002483587392,0.002333420431
3521,0.002199359878,0.002642639389
3522,0.00226261928,0.002362296116
3523,0.002336679521,0.002323742316
3524,0.002077672412,0.002417400552
3525,0.002483287244,0.002714471164
3526,0.002220999595,0.002483915057
3527,0.002487364167,0.002607963892
3528,0.002344963097,0.002636303252
3529,0.002672653063,0.002392771901
3530,0.002367182897,0.002440927026
3531,0.002664971689,0.002313194302
3532,0.002453539055,0.002553882456
3533,0.002414413466,0.002849440702
3534,0.002505358658,0.002519928894
3535,0.002479434683,0.002681689337
3536,0.002259368994,0.002446743587
3537,0.002493162145,0.002566716546
3538,0.002485907724,0.002556751584
3539,0.002041804502,0.00244323381
3540,0.002723879559,0.002330291172
3541,0.002564277791,0.002192670101
3542,0.002165839032,0.002769346582
3543,0.002401059537,0.002366263099
3544,0.002379116602,0.002573976381
3545,0.002641347659,0.002219014132
3546,0.002450872911,0.002267947639
3547,0.002220908427,0.002412719565
3548,0.002156172341,0.002293528058
3549,0.002554382605,0.002684158302
3550,0.002458078612,0.002372933726
3551,0.002172468769,0.0025996115
3552,0.00247014506,0.002296799488
3553,0.00247572537,0.002496020359
3554,0.002510078659,0.002495545748
3555,0.002573848818,0.002506506789
3556,0.002534147963,0.002348370544
3557,0.002449530584,0.002449060354
3558,0.002337042315,0.002359945487
3559,0.002647997506,0.002314487079
3560,0.002321454522,0.002676550415
3561,0.002265881616,0.002557534448
3562,0.002377780154,0.002249779922
3563,0.002410157904,0.002571807345
3564,0.002228680241,0.0023079073
3565,0.002455508074,0.002035428144
3566,0.002763074532,0.002484786295
3567,0.002584062924,0.002271422883
3568,0.002721509751,0.002583790978
3569,0.002386589927,0.002268974553
3570,0.002507473633,0.00244958188
3571,0.002113981056,0.002385164553
3572,0.002348718088,0.002441644407
3573,0.002536596556,0.002444406215
3574,0.002444412108,0.002521247588
3575,0.002370320595,0.002263993505
3576,0.00253321552,0.002484771117
3577,0.002395988267,0.002445223698
3578,0.002206872028,0.002304617083
3579,0.00220212595,0.002389178291
3580,0.002346768873,0.002201614116
3581,0.002409686582,0.00289947362
3582,0.002448985557,0.00240786004
3583,0.002365438209,0.002321550433
3584,0.00220066974,0.002579067164
3585,0.00233908798,0.002258748558
3586,0.002482931581,0.002871353499
3587,0.002634045406,0.002177989343
3588,0.002544179733,0.00243156412
3589,0.002493130538,0.002200758085
3590,0.002505994606,0.002636371704
3591,0.00247930114,0.002079003752
3592,0.002425938699,0.002463884928
3593,0.00253595403,0.002519768634
3594,0.002553136146,0.002487473059
3595,0.002384807682,0.002367062931
3596,0.002406173298,0.00227142559
3597,0.002381715167,0.001974799787
3598,0.002292267556,0.00220548427
3599,0.002404948304,0.002490447034
3600,0.002168424864,0.00252743435
3601,0.002200616393,0.00222051864
3602,0.002502146817,0.002044046108
3603,0.002338388251,0.002336765247
3604,0.002521755028,0.002132825844
3605,0.002157848241,0.002129946501
3606,0.002173970614,0.002398191908
3607,0.002448578511,0.002719610959
3608,0.002374160511,0.002529534322
3609,0.002372768256,0.002314500947
3610,0.002384828142,0.00255026565
3611,0.002304034424,0.002414513248
3612,0.00231763997,0.002340513078
3613,0.002396765587,0.002412268019
3614,0.002406137588,0.002365941065
3615,0.00226991676,0.002162524659
3616,0.002400641359,0.002678178003
3617,0.002339036946,0.0023629356
3618,0.00252454124,0.00223289046
3619,0.002346743247,0.002404057261
3620,0.002324599205,0.002519271744
3621,0.002315253718,0.002021300053
3622,0.002118398916,0.002252727136
3623,0.002201639567,0.002636739024
3624,0.002395455551,0.002447809587
3625,0.002373545794,0.002504649587
3626,0.002520502749,0.00253359793
3627,0.002497393405,0.002989241242
3628,0.002406409054,0.00241467591
3629,0.002370035028,0.002653784206
3630,0.002324569126,0.002247323064
3631,0.002261390706,0.002079026061
3632,0.002130743713,0.002348717375
3633,0.002551576385,0.002126162755
3634,0.002295858372,0.002513750573
3635,0.002150250206,0.00225247386
3636,0.002409839042,0.002184876401
3637,0.002370357295,0.002455485941
3638,0.002531369872,0.002433149697
3639,0.002542683593,0.002202460746
3640,0.002315416496,0.002566880547
3641,0.002380307968,0.00259274921
3642,0.002220972819,0.002316626313
3643,0.002298390653,0.002297343264
3644,0.002391177259,0.002531225589
3645,0.002270330646,0.00228770425
3646,0.002268586788,0.002295526298
3647,0.002347245696,0.00231942031
3648,0.002358141894,0.00197706357
3649,0.00265056752,0.002476613779
3650,0.002562410358,0.002638305508
3651,0.002477521179,0.002561266941
3652,0.002730814769,0.002188710234
3653,0.002322125089,0.002343053799
3654,0.002495127759,0.00205862947
3655,0.002182607539,0.00238531307
3656,0.002503408861,0.002352571173
3657,0.002143932987,0.002283032969
3658,0.002396952012,0.002286549861
3659,0.002541712398,0.00215018577
3660,0.002416360381,0.002318988016
3661,0.002326584421,0.002661982813
3662,0.00241702389,0.002198411748
3663,0.00233025357,0.002393490897
3664,0.00243199851,0.002428993728
3665,0.002384622087,0.002151316512
3666,0.002350140378,0.002210800361
3667,0.002252915845,0.002788384358
3668,0.002222741037,0.002492800151
3669,0.002437719639,0.002296430772
3670,0.002049056915,0.002166193764
3671,0.002563829941,0.002128110296
3672,0.00244189192,0.002174016263
3673,0.002237619745,0.002109618392
3674,0.002071400915,0.002361493214
3675,0.002055050427,0.002466312289
3676,0.002553772836,0.002290884324
3677,0.002174969122,0.002075117678
3678,0.002327108174,0.00254392749
3679,0.002973673429,0.002322390894
3680,0.002513748434,0.002348214373
3681,0.002573971084,0.002319051011
3682,0.002068015878,0.002367043155
3683,0.002390139955,0.002335167563
3684,0.002295097351,0.002552790247
3685,0.002602927736,0.00235311508
3686,0.002244767413,0.002148831263
3687,0.002311401069,0.002421506026
3688,0.00213274674,0.002145740087
3689,0.002301304572,0.002257090426
3690,0.00252037232,0.002315345017
3691,0.002268402328,0.002358174956
3692,0.002000060253,0.002291833458
3693,0.002148697633,0.002479088871
3694,0.002215939923,0.002190457701
3695,0.002291630954,0.0022386481
3696,0.002290160613,0.00229064282
3697,0.002055974866,0.002280513043
3698,0.002461362659,0.002408786997
3699,0.002478734532,0.002272892525
3700,0.002395840711,0.00236500171
3701,0.002497576032,0.002426900115
3702,0.002269218836,0.002318745479
3703,0.002490903556,0.002557010972
3704,0.00218609799,0.002394684168
3705,0.002471105749,0.002274057653
3706,0.002185999838,0.002370928283
3707,0.002041309112,0.002266441676
3708,0.002231708582,0.002581911191
3709,0.001829788671,0.002193290697
3710,0.002515788277,0.002348394744
3711,0.002574187369,0.002328604067
3712,0.0025088978,0.002290221775
3713,0.002314922676,0.002073927884
3714,0.002358999118,0.002045994319
3715,0.002110894435,0.002351610034
3716,0.002425893734,0.002739453746
3717,0.002196764704,0.002261823785
3718,0.002374283722,0.002310707045
3719,0.002208743419,0.002344379289
3720,0.001995687606,0.002649747417
3721,0.002366620334,0.002190964515
3722,0.002219260874,0.001968736862
3723,0.002179095536,0.002643439657
3724,0.002175736838,0.002785691293
3725,0.002317994833,0.002163200785
3726,0.002023423571,0.002086702632
3727,0.002296338324,0.002030980511
3728,0.002530537255,0.002501825511
3729,0.002308627925,0.002385671323
3730,0.002414024304,0.001828669061
3731,0.002110136993,0.002214357257
3732,0.002023402514,0.00226046989
3733,0.002300431806,0.002238266985
3734,0.002182948127,0.002076303819
3735,0.002137993637,0.002399464327
3736,0.002145739534,0.002527011035
3737,0.002075207958,0.00204463111
3738,0.002107804758,0.002092718089
3739,0.002244777395,0.002226302313
3740,0.002201484735,0.002255526269
3741,0.00269634393,0.002088928362
3742,0.002188280807,0.002099681398
3743,0.002360693761,0.002175992879
3744,0.00233782531,0.002796642308
3745,0.002243674389,0.002122513193
3746,0.002159411684,0.0023477293
3747,0.002103864128,0.002666045591
3748,0.002518157213,0.001966786673
3749,0.002324659508,0.002365982204
3750,0.002210390841,0.002200724091
3751,0.002077213518,0.002135587129
3752,0.002212389052,0.002352970041
3753,0.002311098273,0.002357543563
3754,0.002159333511,0.002185386649
3755,0.002335754325,0.002573927573
3756,0.00219958878,0.002331421012
3757,0.002121409707,0.002715141629
3758,0.002264993411,0.002486751342
3759,0.002152267145,0.002239078938
3760,0.002251968675,0.002572477621
3761,0.002279134889,0.002064315398
3762,0.002549159763,0.002241809387
3763,0.001995480896,0.002421890502
3764,0.002379143363,0.002252719933
3765,0.002240681803,0.002113433919
3766,0.00216553577,0.002109534733
3767,0.002325003079,0.002225308315
3768,0.002624705288,0.002286131101
3769,0.002493509877,0.00239487474
3770,0.002287505646,0.002137757067
3771,0.00216665781,0.002513533836
3772,0.002627533511,0.002237860128
3773,0.002262675422,0.00210524365
3774,0.002359300954,0.002255528772
3775,0.002129646571,0.002524589494
3776,0.002290471806,0.002012279641
3777,0.002141552439,0.002106582862
3778,0.002197576978,0.002380845122
3779,0.002172799126,0.002362447151
3780,0.00219869017,0.0024891137
3781,0.002082984283,0.002339715997
3782,0.002239555921,0.002131714471
3783,0.002083489439,0.002292625562
3784,0.002197602749,0.002309128584
3785,0.002562445108,0.001965154268
3786,0.002198751303,0.002417202253
3787,0.002097509379,0.002011978911
3788,0.002197773079,0.002347150861
3789,0.002040265492,0.002422046877
3790,0.002583202295,0.002454601199
3791,0.002324883419,0.002280980698
3792,0.002171291548,0.002132700421
3793,0.00232460523,0.002110980393
3794,0.002186812955,0.002176263864
3795,0.002180708907,0.002297924235
3796,0.002081360421,0.002135616014
3797,0.002098725512,0.002057855367
3798,0.002066215427,0.002087942863
3799,0.002319743187,0.00265268411
3800,0.00215374057,0.001955931235
3801,0.001992256366,0.002332891119
3802,0.002459276468,0.002307581395
3803,0.002121428231,0.00239001523
3804,0.002331773328,0.002275812803
3805,0.002348466282,0.001918301336
3806,0.002163069264,0.002428650594
3807,0.002655303309,0.002145759427
3808,0.002002554596,0.002105696141
3809,0.002220656112,0.002142524405
3810,0.00237046658,0.002230603088
3811,0.002493341788,0.00208755424
3812,0.002257562504,0.00214685862
3813,0.002425091458,0.002132180525
3814,0.002272222831,0.002171675427
3815,0.002067884605,0.002226017168
3816,0.002084130683,0.002045445755
3817,0.002629878669,0.002055019999
3818,0.002166730163,0.002227342979
3819,0.002020278072,0.002342523905
3820,0.00249531967,0.002279267021
3821,0.002157182578,0.002686904947
3822,0.002207542275,0.002212682186
3823,0.001970274214,0.002005697359
3824,0.002187272534,0.002071351119
3825,0.002419220007,0.002303982299
3826,0.002125854007,0.00206765128
3827,0.00237329473,0.001982673028
3828,0.002287170282,0.002374191754
3829,0.002117988726,0.002252757535
3830,0.002404464554,0.002222427065
3831,0.002367519191,0.002035778482
3832,0.002453637455,0.002343587519
3833,0.002275304956,0.002152522895
3834,0.00224536733,0.002227973979
3835,0.002063151362,0.002685803833
3836,0.002158070827,0.00221404378
3837,0.002131926201,0.002455809095
3838,0.002118439748,0.002367888315
3839,0.0020471561,0.002359330349
3840,0.0021206042,0.001892529312
3841,0.002032032193,0.001903675147
3842,0.002130929352,0.002294153979
3843,0.002457028197,0.00240382136
3844,0.00237386243,0.002211784362
3845,0.002279515858,0.002103761857
3846,0.002373030555,0.002412811358
3847,0.002252714548,0.002288755073
3848,0.002194529239,0.002353439471
3849,0.002034210644,0.001903158147
3850,0.002211347499,0.002124247287
3851,0.002028235976,0.00210340583
3852,0.002155707989,0.002040012885
3853,0.002122556441,0.00209316051
3854,0.002239928523,0.002016275335
3855,0.002166337028,0.001997386222
3856,0.002154930073,0.002086192035
3857,0.002083980798,0.002127324275
3858,0.002193168737,0.00234084962
3859,0.002278589178,0.002040854684
3860,0.002408192027,0.002201756768
3861,0.00191023793,0.00207307961
3862,0.002179676929,0.002252377657
3863,0.002204249919,0.002259736022
3864,0.002000520486,0.002335415076
3865,0.002161322249,0.002139350225
3866,0.002179293064,0.002338904058
3867,0.002165141996,0.002143776306
3868,0.002352852694,0.001826161708
3869,0.002197517431,0.001939432041
3870,0.002084589287,0.001834845956
3871,0.002273510399,0.002130054811
3872,0.00197689615,0.002032359902
3873,0.002384968073,0.002367218709
3874,0.00213766814,0.002058218015
3875,0.002126548396,0.002028000396
3876,0.002152123168,0.002284676331
3877,0.002170949985,0.00234411798
3878,0.002030483447,0.002096782438
3879,0.002062733649,0.002271516176
3880,0.002254952837,0.002092767405
3881,0.002145321399,0.001806882035
3882,0.002363588137,0.002039919593
3883,0.001964121446,0.002308810537
3884,0.002003867514,0.002179752657
3885,0.001961504109,0.002200552568
3886,0.002218080888,0.001978132364
3887,0.002058729675,0.002396772936
3888,0.00216586965,0.002298479783
3889,0.00215163987,0.001972991813
3890,0.00198401029,0.001806076645
3891,0.002217215166,0.002109131456
3892,0.001993096113,0.002377281417
3893,0.002062671832,0.001994265302
3894,0.002250059886,0.002089238056
3895,0.002264218798,0.002026485876
3896,0.001839064018,0.002114905743
3897,0.002178693961,0.002097827688
3898,0.002260202949,0.002088423236
3899,0.002032235861,0.002257577071
3900,0.002168125749,0.00193750787
3901,0.002115991534,0.001981537149
3902,0.002302784997,0.002148341024
3903,0.002113422495,0.002214030726
3904,0.002123153681,0.002177260816
3905,0.002252505845,0.002140924305
3906,0.002173832167,0.002153564812
3907,0.001996965482,0.002080876555
3908,0.002039133382,0.002283171067
3909,0.001982795089,0.002208779086
3910,0.002079548212,0.002245888725
3911,0.002086204273,0.002261742906
3912,0.002243419542,0.002075438068
3913,0.002235180451,0.002124179373
3914,0.00199980881,0.002271927311
3915,0.002245540629,0.001995328363
3916,0.002298468273,0.001913033819
3917,0.001949546349,0.001923227115
3918,0.001977412161,0.002126045933
3919,0.00226395925,0.002517845685
3920,0.002081992599,0.002250190315
3921,0.002253990839,0.00199946441
3922,0.002123199069,0.001861115379
3923,0.001968091412,0.001795782926
3924,0.002171927335,0.002082818217
3925,0.001941185663,0.002199594019
3926,0.002146123632,0.001915026631
3927,0.001903000972,0.00176549748
3928,0.002133283153,0.001894360365
3929,0.002164407459,0.002358390251
3930,0.00200292567,0.00248038568
3931,0.002120317411,0.002150548971
3932,0.002243461306,0.002341900748
3933,0.002232241473,0.001867943458
3934,0.002156706425,0.001984074755
3935,0.001954182255,0.001839570949
3936,0.002296128689,0.001983650218
3937,0.00205288679,0.002139284887
3938,0.002069340626,0.002138027034
3939,0.002350452371,0.002499808805
3940,0.002287942843,0.002202800199
3941,0.00220735019,0.002159450087
3942,0.002137060161,0.002017551989
3943,0.0021407452,0.002326966845
3944,0.001934587839,0.002034015881
3945,0.002024790243,0.002192930377
3946,0.001803928681,0.002243936528
3947,0.001924649623,0.002139472606
3948,0.002288314965,0.002142829821
3949,0.002216080873,0.002159312571
3950,0.002206653327,0.002029744588
3951,0.002010695214,0.002097433331
3952,0.001818514327,0.001871346773
3953,0.002092758121,0.00199637773
3954,0.002033718149,0.00179449196
3955,0.002155880691,0.001913934859
3956,0.002091028175,0.002084619977
3957,0.002112328628,0.002030130243
3958,0.001740405816,0.002214343185
3959,0.002150075641,0.002591908007
3960,0.002137970689,0.002062589163
3961,0.002220284165,0.002092071503
3962,0.001995851853,0.002203352982
3963,0.001890065862,0.001998067339
3964,0.002020178785,0.00178221293
3965,0.001939624141,0.001891897991
3966,0.002077644531,0.002276600746
3967,0.0023158603,0.002633575146
3968,0.002008679905,0.001927810517
3969,0.002400845289,0.002002195295
3970,0.002055795936,0.002053160133
3971,0.002216114939,0.001827963613
3972,0.001962523413,0.001932290033
3973,0.002327902024,0.002071863448
3974,0.002121389014,0.002100391925
3975,0.001919824834,0.001986824514
3976,0.002293232159,0.002004643698
3977,0.002176164009,0.002019490523
3978,0.002168694453,0.00193211445
3979,0.002228801663,0.00180936385
3980,0.002045391826,0.001993410217
3981,0.002277163352,0.001918423644
3982,0.002260756664,0.002065427267
3983,0.002085860251,0.002013935591
3984,0.002025571986,0.001811374561
3985,0.002204967939,0.00194447003
3986,0.002182800628,0.001990844219
3987,0.001990577555,0.002100513142
3988,0.002402408049,0.002034487756
3989,0.002254126724,0.002124765582
3990,0.001987734693,0.002087398883
3991,0.002044432549,0.001829617278
3992,0.002010089811,0.002203944619
3993,0.001925643825,0.001803079402
3994,0.002062520784,0.00208098274
3995,0.002029534196,0.002124194754
3996,0.002366581903,0.002249937577
3997,0.002343189786,0.002075056851
3998,0.001993355749,0.002122969934
3999,0.001915772533,0.001977595268
4000,0.001882381141,0.002287782321
4001,0.001976039435,0.001934537664
4002,0.002194912682,0.002145215069
4003,0.00195545009,0.001858566888
4004,0.002177175993,0.002131864705
4005,0.001847691092,0.002363838357
4006,0.002239819587,0.002181852367
4007,0.002349209404,0.002379818223
4008,0.00195561297,0.001962666109
4009,0.001918127382,0.002180088064
4010,0.002207553538,0.002544770337
4011,0.001998669526,0.001984969975
4012,0.002135459261,0.002143445963
4013,0.0021870934,0.0018990346
4014,0.00187375785,0.001962657625
4015,0.002042796259,0.001690774981
4016,0.002088302266,0.002256059845
4017,0.002248489196,0.002059220438
4018,0.002262788359,0.001862925157
4019,0.001973305567,0.00226318503
4020,0.002097471312,0.001984681454
4021,0.002271657024,0.002325204798
4022,0.002120274439,0.001898498784
4023,0.001999361426,0.001925761258
4024,0.001921996067,0.002185099263
4025,0.001828352484,0.0023186912
4026,0.002285744209,0.001860822173
4027,0.002177247603,0.001749918782
4028,0.001804661646,0.002256661042
4029,0.002136387338,0.002268054683
4030,0.002194644214,0.002122440579
4031,0.002397794102,0.001867043378
4032,0.001847131396,0.001936357192
4033,0.002006723545,0.002327135939
4034,0.002112118469,0.001995124505
4035,0.00187531425,0.002123932762
4036,0.002209669212,0.001966958487
4037,0.002251000653,0.001777255588
4038,0.001870429202,0.002089217829
4039,0.002026295464,0.002024019937
4040,0.002259188172,0.00210416787
4041,0.001908034974,0.002232184648
4042,0.001921518793,0.002139131684
4043,0.001905684781,0.002186978993
4044,0.001955295913,0.001847886291
4045,0.002090867652,0.002135540955
4046,0.002215857763,0.002005215312
4047,0.001988963413,0.001936520974
4048,0.002111106645,0.002378605859
4049,0.002083589061,0.002022220899
4050,0.002276414205,0.001947677854
4051,0.002105827545,0.00226355248
4052,0.001815062642,0.001827786313
4053,0.002162499834,0.002085557891
4054,0.002024112226,0.001844648301
4055,0.002124908948,0.002070244474
4056,0.002148428117,0.002241099879
4057,0.002170777603,0.001535699281
4058,0.002197160415,0.002000386055
4059,0.002091002825,0.001983263617
4060,0.002277248641,0.002033655139
4061,0.001868862644,0.00196704283
4062,0.002084913373,0.002169232132
4063,0.001949659782,0.002191677064
4064,0.002020130793,0.001846814936
4065,0.002268150754,0.001930392711
4066,0.002010355893,0.002305698566
4067,0.002140328259,0.001982325412
4068,0.00189160333,0.00197474203
4069,0.001914225228,0.002149061344
4070,0.002068857473,0.001927103353
4071,0.001773003998,0.0020015552
4072,0.002091301576,0.001882245691
4073,0.001945841082,0.002103678096
4074,0.002042189386,0.002219343136
4075,0.001845304345,0.001732415476
4076,0.001979462701,0.002113464856
4077,0.001767638154,0.001991362471
4078,0.002172009976,0.001788225185
4079,0.002262969007,0.001942263567
4080,0.002006060284,0.00181656098
4081,0.00187931316,0.002337031721
4082,0.002024566144,0.001906570775
4083,0.001800166065,0.001893418303
4084,0.001934955595,0.002126330262
4085,0.00211555307,0.001897501104
4086,0.002058632366,0.002301385801
4087,0.001820992446,0.001983485388
4088,0.001924202457,0.001957986897
4089,0.002147142426,0.002050724244
4090,0.001929512044,0.001917856353
4091,0.002239896799,0.001901168565
4092,0.001897282928,0.001803529361
4093,0.001952551218,0.001734678212
4094,0.002185702935,0.001862395118
4095,0.002198289745,0.002145901322
4096,0.001857607989,0.002409770765
4097,0.002044299647,0.002191034495
4098,0.001954383799,0.001936409943
4099,0.002082147053,0.001893960303
4100,0.002136249474,0.002001245797
4101,0.001828675857,0.001928848491
4102,0.00200259636,0.0019737775
4103,0.002156769027,0.001858974982
4104,0.001997079438,0.002073632306
4105,0.001976611908,0.002108561326
4106,0.001810440168,0.002045028814
4107,0.001973994804,0.002131374757
4108,0.002049483461,0.001882661614
4109,0.002390858732,0.002261016169
4110,0.002083267624,0.00187750136
4111,0.001718195388,0.00208688897
4112,0.00192064482,0.00183120236
4113,0.001896339789,0.002034834833
4114,0.001976283151,0.002029089723
4115,0.002301207482,0.001903298369
4116,0.001832224385,0.00203576863
4117,0.001994302307,0.001934918095
4118,0.001844365266,0.001951364582
4119,0.002094621173,0.002197926369
4120,0.002001906279,0.002132700218
4121,0.001952457213,0.001818581033
4122,0.002306528899,0.002144199403
4123,0.002022609187,0.001999860338
4124,0.002033097524,0.001846403073
4125,0.001991158031,0.001789948728
4126,0.001860120567,0.002193118184
4127,0.002088046458,0.001954677413
4128,0.001986931602,0.0020507882
4129,0.002074154021,0.001925822027
4130,0.001997624684,0.002092918017
4131,0.001797123987,0.002235012056
4132,0.001900030562,0.001998830296
4133,0.002110939618,0.002073221433
4134,0.002056290337,0.001779275204
4135,0.001859918455,0.002138995958
4136,0.001874428272,0.002048699185
4137,0.002017939565,0.001972074882
4138,0.002210820312,0.002098761892
4139,0.00221818313,0.002046711059
4140,0.001832234891,0.00181989542
4141,0.001928037964,0.002009903634
4142,0.001921261588,0.002025008114
4143,0.002084264008,0.002009639895
4144,0.001916623558,0.002196923073
4145,0.002028757663,0.001906798876
4146,0.002049127084,0.002120175937
4147,0.002085926215,0.001790951355
4148,0.001988090022,0.001840317156
4149,0.002122670048,0.002047293616
4150,0.001934300075,0.001823124694
4151,0.002021252978,0.001804567844
4152,0.002027536641,0.001981572874
4153,0.002041169821,0.001919250702
4154,0.002062709522,0.002115790281
4155,0.001875725327,0.001849413806
4156,0.001871932909,0.002194962304
4157,0.002071183335,0.001802828177
4158,0.001989290293,0.002135241913
4159,0.001926200304,0.00206857716
4160,0.002054353055,0.001716330182
4161,0.001926970202,0.002019246473
4162,0.002329147988,0.001914116845
4163,0.001906057805,0.002057870151
4164,0.001654971536,0.002077704179
4165,0.001744275112,0.001873551097
4166,0.002107739943,0.001793469462
4167,0.001881911114,0.001996068007
4168,0.002069450886,0.002017332008
4169,0.00189175579,0.001927561709
4170,0.001871792352,0.00185525752
4171,0.002163970814,0.002241706505
4172,0.002141862788,0.001670761776
4173,0.002104303916,0.002023567926
4174,0.002228034617,0.001860811244
4175,0.001946307311,0.002232110783
4176,0.001936116838,0.001885663194
4177,0.002095656848,0.001979366134
4178,0.001903504075,0.002004110502
4179,0.002221712348,0.001905801575
4180,0.001891453066,0.001760883766
4181,0.002031476179,0.001751820237
4182,0.001894241839,0.001884096491
4183,0.001849193053,0.001740250213
4184,0.001993908256,0.001909375074
4185,0.001837389209,0.001568806445
4186,0.001956708395,0.002170089603
4187,0.002088999419,0.001979969704
4188,0.001910552819,0.001912694526
4189,0.00173631472,0.001674735788
4190,0.002056846948,0.001899976007
4191,0.00190291676,0.001694305276
4192,0.001858111966,0.0017456926
4193,0.002056623896,0.002072682575
4194,0.001772456744,0.001843508115
4195,0.001890611748,0.001830672627
4196,0.001938796864,0.002157207957
4197,0.002236444168,0.002049511415
4198,0.001973721766,0.002125340427
4199,0.002215799192,0.002083947722
4200,0.002028313233,0.002139159726
4201,0.001894139117,0.002065251916
4202,0.001920518145,0.001585916471
4203,0.001949616882,0.001856938703
4204,0.001786404115,0.001982833404
4205,0.001782115127,0.001819249446
4206,0.002161738375,0.001753206641
4207,0.002351599236,0.001667597797
4208,0.002054453566,0.001815139432
4209,0.002013805832,0.00184737258
4210,0.001955188869,0.001709686025
4211,0.001763541411,0.001945853393
4212,0.001995711238,0.001911543091
4213,0.002085411339,0.002057419915
4214,0.002032802426,0.001563853817
4215,0.001997272266,0.001920372524
4216,0.001950585967,0.00216081187
4217,0.002155804861,0.001716041108
4218,0.001966880009,0.001808717701
4219,0.001800747385,0.002126102088
4220,0.001744856898,0.001887558741
4221,0.001893974491,0.001978621629
4222,0.001985883777,0.001889791776
4223,0.0019421693,0.00183580826
4224,0.002046357506,0.002066113826
4225,0.001789340546,0.002314879661
4226,0.001978095126,0.001904900724
4227,0.001811516253,0.001688743127
4228,0.001779529295,0.00178693184
4229,0.002056619938,0.001751048476
4230,0.001948931938,0.001676343978
4231,0.001997068408,0.002042808366
4232,0.002021728549,0.001973228704
4233,0.002111582362,0.001732478515
4234,0.001888228144,0.001794352036
4235,0.001934486179,0.001826129446
4236,0.001943565308,0.001753652046
4237,0.00201052177,0.001744513793
4238,0.001889243649,0.002105446605
4239,0.001843485632,0.002159657015
4240,0.002309165109,0.00207972723
4241,0.001844108847,0.001649131198
4242,0.002119685305,0.001825882704
4243,0.001768430782,0.001893831577
4244,0.001871408836,0.001669149962
4245,0.00192502499,0.001700319961
4246,0.001991310492,0.001783356405
4247,0.001756724712,0.001588723637
4248,0.001822514343,0.001845571969
4249,0.001891101114,0.001821853599
4250,0.001979955618,0.001926748519
4251,0.001961953269,0.00184891028
4252,0.001942883624,0.001907595826
4253,0.00195811814,0.001874592053
4254,0.00185026713,0.002031202108
4255,0.002142662488,0.001874032139
4256,0.001887776234,0.002091096758
4257,0.002056184967,0.001969423436
4258,0.00198104381,0.002094742129
4259,0.001834787879,0.001897174021
4260,0.001875379181,0.001982940288
4261,0.001951919461,0.002194729663
4262,0.001930356579,0.002342911263
4263,0.002036204649,0.001630565312
4264,0.002107094915,0.001936913613
4265,0.001870358421,0.001985151132
4266,0.00176366909,0.001975060281
4267,0.002418616976,0.001981397101
4268,0.00175844015,0.001929364342
4269,0.001790221329,0.001889935127
4270,0.00181085337,0.001924412354
4271,0.001846974861,0.001988720833
4272,0.001777882702,0.001863334124
4273,0.00167757232,0.001865982238
4274,0.001862512945,0.002009977165
4275,0.001965156363,0.001799034595
4276,0.001856773451,0.002328532893
4277,0.002031424752,0.001865767801
4278,0.001865507409,0.001713949096
4279,0.002152483314,0.001831751797
4280,0.002251105994,0.0019206945
4281,0.001767137452,0.001832103648
4282,0.001874803595,0.001705915434
4283,0.001899059163,0.002016558166
4284,0.001934253276,0.001680309506
4285,0.001705547664,0.001661562987
4286,0.001949656682,0.002050979645
4287,0.001732918827,0.001698566601
4288,0.001835574367,0.001983737544
4289,0.001770921837,0.001916403853
4290,0.001849833367,0.001914887544
4291,0.001807762426,0.001819887329
4292,0.002077213736,0.001670448881
4293,0.001964485724,0.001849387598
4294,0.001832143171,0.001691387733
4295,0.00190586668,0.001976589629
4296,0.002092149589,0.001827353437
4297,0.001913833839,0.00182846305
4298,0.001862459496,0.001893136723
4299,0.001960505833,0.002046353562
4300,0.002138336509,0.001804368978
4301,0.001991315119,0.001729999742
4302,0.001944934644,0.001861496887
4303,0.001976026644,0.001756145677
4304,0.001716080675,0.002010216951
4305,0.001594373738,0.001829965724
4306,0.001839991091,0.002085831511
4307,0.001920143535,0.001796231329
4308,0.00197987142,0.002150399014
4309,0.001996114093,0.001878249808
4310,0.001703569884,0.001849179622
4311,0.001786633351,0.002030526754
4312,0.001953799729,0.001697830492
4313,0.002262585273,0.001801569902
4314,0.002112752278,0.00182679086
4315,0.001892669228,0.001916816807
4316,0.002003284404,0.001690807127
4317,0.002025371621,0.001797373392
4318,0.001807827561,0.001843499587
4319,0.001971394551,0.00182424493
4320,0.001937435576,0.002146238054
4321,0.001986557254,0.001813468683
4322,0.001924281125,0.001668870027
4323,0.002147226507,0.001970114114
4324,0.001805953798,0.001958069915
4325,0.002214284803,0.001920022201
4326,0.001659341913,0.001687962736
4327,0.001889017542,0.002074861477
4328,0.001871583358,0.0018094283
4329,0.001797746358,0.001802713043
4330,0.002023986759,0.002039577506
4331,0.001843371632,0.001861640092
4332,0.001747873801,0.001964548632
4333,0.002151720211,0.001802188344
4334,0.001801308725,0.001809275287
4335,0.002063038555,0.001762239728
4336,0.001744986686,0.002164600868
4337,0.00194711941,0.00180980991
4338,0.001853423702,0.001729473923
4339,0.001725631621,0.001691248748
4340,0.001658384819,0.001914237073
4341,0.001898028568,0.001749686387
4342,0.001805443098,0.001709211137
4343,0.002012280529,0.002123290804
4344,0.001791457136,0.001935138789
4345,0.002115558033,0.001981277877
4346,0.00180943661,0.00177949213
4347,0.002074725315,0.001641999697
4348,0.001866145773,0.001791334129
4349,0.001937653054,0.001813391718
4350,0.001995067185,0.001590316198
4351,0.001925277902,0.001737785467
4352,0.002145258986,0.002237168781
4353,0.001737250757,0.001837154865
4354,0.001668755081,0.001905424535
4355,0.001770618779,0.001632587817
4356,0.001802758459,0.002050776369
4357,0.002120361329,0.00187725565
4358,0.001903112512,0.001615591289
4359,0.001977554319,0.001821827638
4360,0.002175315443,0.002149932567
4361,0.001773526092,0.001912074586
4362,0.002110080968,0.001850515706
4363,0.001731198106,0.001898728369
4364,0.001928955695,0.001700918598
4365,0.001972390513,0.001704659211
4366,0.001687346215,0.001838160169
4367,0.001827973523,0.001949294587
4368,0.002006143914,0.001720903558
4369,0.001801485443,0.001800589249
4370,0.002044282941,0.001931528561
4371,0.002016686878,0.001811363836
4372,0.001918523179,0.001881581746
4373,0.001920655457,0.002073379044
4374,0.001843909558,0.001931822801
4375,0.001629821272,0.00184912188
4376,0.001880296419,0.001879185438
4377,0.001900956704,0.002016264654
4378,0.001971427977,0.001697750413
4379,0.001864951351,0.001983829919
4380,0.001711572753,0.001713173973
4381,0.001750676121,0.001864449587
4382,0.001817423734,0.001741454849
4383,0.001777289202,0.001633886306
4384,0.001879737756,0.001731441327
4385,0.001887554041,0.001735979662
4386,0.001579538934,0.001749441799
4387,0.001939423179,0.002049610921
4388,0.002055825913,0.001981768277
4389,0.001909740007,0.001776195757
4390,0.001843349528,0.001873583693
4391,0.001946697841,0.00168740908
4392,0.002076716904,0.001893654058
4393,0.00182763848,0.001839863879
4394,0.001788880996,0.001967685297
4395,0.001702097681,0.001897675204
4396,0.001839671357,0.001700493536
4397,0.002247368306,0.001748255134
4398,0.002051373929,0.001767045396
4399,0.001720354441,0.002047243252
4400,0.001798741272,0.002022514687
4401,0.001851971683,0.002060364583
4402,0.001813431576,0.001922096606
4403,0.00190490848,0.001797136007
4404,0.002000260676,0.001724464353
4405,0.00206565985,0.002034671634
4406,0.001637903551,0.001849098233
4407,0.001867703817,0.001847001025
4408,0.001619571965,0.001818687422
4409,0.001801563136,0.00174508385
4410,0.002273152902,0.001904547942
4411,0.001873023823,0.001715107472
4412,0.001953829764,0.001870968321
4413,0.001660489288,0.001826134612
4414,0.00183867036,0.001754876677
4415,0.001861377154,0.001889926789
4416,0.001691427358,0.001741503002
4417,0.001662058203,0.001713548947
4418,0.001933618405,0.001695853498
4419,0.001926059384,0.001885913516
4420,0.001608971375,0.001617040209
4421,0.002250897669,0.001947468991
4422,0.001608675055,0.001850726272
4423,0.001698622538,0.001794859782
4424,0.001957639892,0.002271232035
4425,0.001959396395,0.001842248806
4426,0.001879366173,0.00167694941
4427,0.002079453508,0.00163500385
4428,0.001733963232,0.001904152348
4429,0.001786320921,0.001892589338
4430,0.001980563742,0.001844402912
4431,0.001850301691,0.00175271304
4432,0.002066890767,0.001901319352
4433,0.001777943806,0.001730998658
4434,0.001894654619,0.001902059594
4435,0.001962005641,0.00187500492
4436,0.001901241048,0.001748702955
4437,0.00157453939,0.001986102492
4438,0.001667417047,0.001866670631
4439,0.001687549928,0.001912225198
4440,0.001766135596,0.001837891221
4441,0.001847177511,0.001790048394
4442,0.001852703121,0.001561909754
4443,0.002053930366,0.001778603953
4444,0.001822753067,0.001671163132
4445,0.001996953084,0.001790860988
4446,0.001967910939,0.001798291458
4447,0.002036972524,0.001756749305
4448,0.001938176647,0.001866932624
4449,0.001857172625,0.002041209227
4450,0.001745674424,0.001858404765
4451,0.001896387592,0.001930609898
4452,0.00167132527,0.001837099364
4453,0.002116623917,0.001669529171
4454,0.001846386614,0.00180404757
4455,0.001810579619,0.0015833098
4456,0.001787787609,0.001837850345
4457,0.001801853927,0.001847795706
4458,0.001674734391,0.001805786174
4459,0.001940202259,0.001809725509
4460,0.00213209998,0.001682556103
4461,0.001805510445,0.001628714497
4462,0.001886931466,0.001753868506
4463,0.001955704909,0.001607526283
4464,0.00169524127,0.001981748777
4465,0.001904485296,0.001872835302
4466,0.00167259376,0.001721240944
4467,0.001730598422,0.001579744072
4468,0.001870805892,0.001654162945
4469,0.002159357187,0.001781981962
4470,0.001923849632,0.001743168788
4471,0.001746697875,0.00192932706
4472,0.001760132538,0.00172040757
4473,0.001788665249,0.001581787816
4474,0.001903744778,0.001658615016
4475,0.001792103081,0.001721582332
4476,0.001552260146,0.002011148375
4477,0.00205238456,0.001606866674
4478,0.001643094438,0.001829325789
4479,0.001878240641,0.001798176861
4480,0.00204262702,0.001585644568
4481,0.001914658249,0.001746162146
4482,0.00189338965,0.001696827545
4483,0.001915113346,0.001840754616
4484,0.001984265851,0.001549699453
4485,0.002155929469,0.001903279728
4486,0.001831717542,0.001689532262
4487,0.001776656063,0.001643156036
4488,0.001829217697,0.001757468752
4489,0.001982062226,0.001887834063
4490,0.001908021062,0.001454703553
4491,0.001960357971,0.001819899713
4492,0.00211216262,0.002059780818
4493,0.002064460088,0.001868107283
4494,0.001652563995,0.001543427032
4495,0.001977412088,0.00209430336
4496,0.001898489369,0.001765498615
4497,0.001890554064,0.002086664637
4498,0.001841048826,0.001718396641
4499,0.00189240255,0.001804554558
4500,0.001974075349,0.001883283854
4501,0.001739002444,0.001693558792
4502,0.001898886068,0.001827885848
4503,0.001840501282,0.001752056385
4504,0.002070928254,0.00213251618
4505,0.001867799263,0.001635970126
4506,0.002173973582,0.001698237698
4507,0.001838436685,0.001762498083
4508,0.001962004928,0.001936890825
4509,0.002002316658,0.001915770568
4510,0.001803950494,0.001513108888
4511,0.001807052176,0.001835008705
4512,0.002217327492,0.001722783534
4513,0.001718641579,0.001774360047
4514,0.001796502838,0.001630128536
4515,0.001677543871,0.002065936395
4516,0.001641494251,0.001764630622
4517,0.001818156423,0.001876581373
4518,0.001968129014,0.001890014362
4519,0.001649137426,0.00153164794
4520,0.001981273657,0.001783126165
4521,0.001691202982,0.001656707449
4522,0.001732740362,0.001951745871
4523,0.001801386185,0.001848372049
4524,0.001815170122,0.001668772675
4525,0.001647769663,0.00182599145
4526,0.001763739478,0.00180212126
4527,0.001844271887,0.001551422087
4528,0.002064370696,0.001845533116
4529,0.001761956752,0.001629205697
4530,0.001823972052,0.001928470898
4531,0.001740786072,0.001985345196
4532,0.00189476856,0.001569894564
4533,0.001488423353,0.001509388647
4534,0.002167848565,0.0016038994
4535,0.001901705386,0.00200753157
4536,0.001929218663,0.001707497067
4537,0.001703808433,0.001922567724
4538,0.002050142517,0.001778508231
4539,0.001713711885,0.001662910217
4540,0.001642000265,0.00184136488
4541,0.001914014225,0.001840615907
4542,0.001896138056,0.001718241023
4543,0.001666078548,0.001667702629
4544,0.001836605719,0.001832959941
4545,0.001701895671,0.001768174319
4546,0.002220439186,0.001583654201
4547,0.00160141378,0.001684177725
4548,0.001728353862,0.00188117112
4549,0.001729294891,0.001932914995
4550,0.001933950101,0.001710345401
4551,0.001836329029,0.001673922387
4552,0.001987505922,0.001798353711
4553,0.002078380305,0.001679943045
4554,0.001992174875,0.001830199297
4555,0.002084471693,0.001407086907
4556,0.001675292224,0.001900067888
4557,0.001744078283,0.001856675255
4558,0.001829665183,0.001705021845
4559,0.00172545205,0.001770569099
4560,0.001690271849,0.001781114406
4561,0.001692494683,0.001854317452
4562,0.001847957014,0.001977330234
4563,0.001643098105,0.001773065727
4564,0.001571881148,0.001852686517
4565,0.001927793244,0.001658071953
4566,0.001782508101,0.001619711897
4567,0.001947196026,0.00176092636
4568,0.001791141112,0.001795734192
4569,0.00174429093,0.001922895812
4570,0.001771989511,0.001731300057
4571,0.00174544529,0.001596644244
4572,0.001661810646,0.001692986538
4573,0.001727931915,0.001716913423
4574,0.001880168216,0.001830751004
4575,0.001635984619,0.001744843117
4576,0.001749732925,0.00179436621
4577,0.001985920841,0.001794232259
4578,0.002143354868,0.001630298604
4579,0.001767279347,0.001736572987
4580,0.001708210722,0.001648445541
4581,0.00172953069,0.001549660577
4582,0.001767648719,0.001697466229
4583,0.001861658864,0.001828226348
4584,0.001816790944,0.001591590408
4585,0.00162392878,0.002134864917
4586,0.001831216607,0.001741280867
4587,0.00168870925,0.001631289939
4588,0.001979212248,0.002076377554
4589,0.001621624004,0.001997195141
4590,0.001660895985,0.001842643484
4591,0.001788227295,0.001479479615
4592,0.001664444993,0.001582525569
4593,0.001752660173,0.001738234409
4594,0.001874478461,0.001873040004
4595,0.001922388969,0.001549656517
4596,0.001466569185,0.0017293782
4597,0.001878265306,0.001652116829
4598,0.001926321696,0.001556944771
4599,0.001662717506,0.0020427337
4600,0.001736285107,0.002027313079
4601,0.00198062924,0.001801906212
4602,0.001681090842,0.001765818233
4603,0.001859637705,0.001767131689
4604,0.001574737282,0.001670097015
4605,0.001620202805,0.001678190849
4606,0.001737395636,0.00177188628
4607,0.001930328071,0.001865880928
4608,0.001752687109,0.001691966347
4609,0.001605131794,0.001942768911
4610,0.001693621976,0.002085255896
4611,0.001927804798,0.001641767711
4612,0.00162510715,0.001788979396
4613,0.001877766772,0.001659395348
4614,0.001654027656,0.001708014286
4615,0.001647532408,0.001659425325
4616,0.001600710573,0.0018017892
4617,0.001604557736,0.001757227961
4618,0.001863635305,0.001667180608
4619,0.001654703883,0.001807583641
4620,0.001792111841,0.001778827398
4621,0.00178012262,0.001692793623
4622,0.001647854166,0.001606599326
4623,0.001760122643,0.001607891536
4624,0.001505767534,0.001598534494
4625,0.001769940718,0.001897944938
4626,0.001921604169,0.001904228149
4627,0.001872955225,0.001840031924
4628,0.001762387954,0.001805027394
4629,0.001927021804,0.001721345063
4630,0.002054245808,0.001559877084
4631,0.001689501471,0.001626218611
4632,0.001755430261,0.001583519494
4633,0.001716636805,0.001792820403
4634,0.001728097821,0.001697646614
4635,0.001955406682,0.001649771963
4636,0.001641966781,0.001758188053
4637,0.001735637881,0.001832033537
4638,0.001792507261,0.001794498967
4639,0.002119655081,0.001751242817
4640,0.00181589472,0.001806926302
4641,0.001720946922,0.001627969643
4642,0.001654806983,0.001666560536
4643,0.001729780764,0.001674786152
4644,0.001544571598,0.001759404782
4645,0.001639576556,0.001753838471
4646,0.001698449167,0.001911951564
4647,0.001788020731,0.001591190754
4648,0.001577217976,0.001745591915
4649,0.001629073187,0.001876880095
4650,0.001683876311,0.001786146197
4651,0.00176710829,0.001680424582
4652,0.001785866698,0.001931368926
4653,0.001604250894,0.001677540335
4654,0.001811950249,0.001825756117
4655,0.001848221218,0.001463517445
4656,0.001935036897,0.001857441253
4657,0.001819029305,0.001521724
4658,0.001580692173,0.001655777654
4659,0.001713426202,0.00173039925
4660,0.00164744645,0.00186741387
4661,0.002004388705,0.001960638314
4662,0.001785842323,0.001556630334
4663,0.001584241603,0.001544309052
4664,0.001817676297,0.00169901285
4665,0.00194683201,0.001966254742
4666,0.001648780177,0.001773562399
4667,0.001692101709,0.001649406586
4668,0.001783270578,0.001763937253
4669,0.001862163626,0.001995708604
4670,0.001794209529,0.001711401273
4671,0.001934811648,0.001714493264
4672,0.001752430486,0.001750857555
4673,0.001774121731,0.001642462259
4674,0.001743810411,0.001523183324
4675,0.001933261694,0.001797910183
4676,0.001610740161,0.00179640179
4677,0.001961239672,0.00181592544
4678,0.001984901697,0.001872811947
4679,0.001660498907,0.001739549421
4680,0.001811708018,0.001899210431
4681,0.001742886001,0.001630122541
4682,0.001706009702,0.001611036641
4683,0.001888923187,0.001690229794
4684,0.00173053969,0.001785544227
4685,0.001930272396,0.001587722101
4686,0.001834637296,0.001826720094
4687,0.001642638192,0.001824672334
4688,0.001733275494,0.001858619493
4689,0.001952483202,0.001583893318
4690,0.001927062302,0.001724339119
4691,0.001795423421,0.001613628207
4692,0.001589054082,0.002006084964
4693,0.001424773902,0.001640977876
4694,0.001911362837,0.001530442241
4695,0.002101756952,0.001499154539
4696,0.001708129217,0.002030977354
4697,0.002006604249,0.001817476252
4698,0.001823879502,0.001495243327
4699,0.001746749054,0.001843923499
4700,0.001946582197,0.001745863745
4701,0.001794526266,0.001603246754
4702,0.001925569813,0.001780938459
4703,0.001539778459,0.001621608229
4704,0.00176428516,0.001848841581
4705,0.00188932514,0.001648373713
4706,0.001619617426,0.001415101447
4707,0.001706376424,0.001826240565
4708,0.001689775963,0.001751345
4709,0.001702921931,0.001733290846
4710,0.001665897245,0.001895996189
4711,0.002022509216,0.001609476662
4712,0.001608000675,0.00175853273
4713,0.001914693028,0.001624448298
4714,0.001829665591,0.001900404153
4715,0.001788859736,0.001874663212
4716,0.001825227286,0.001856161223
4717,0.001681230191,0.001686836928
4718,0.001941093797,0.00150745963
4719,0.001733476864,0.001530410649
4720,0.001930515689,0.001680407382
4721,0.001770107294,0.001764383182
4722,0.001595293827,0.00172885487
4723,0.001689918354,0.001582673023
4724,0.00170622961,0.001726073897
4725,0.001696405452,0.001738714913
4726,0.001879476258,0.001461179883
4727,0.001550681307,0.001779137194
4728,0.001770904186,0.001919473129
4729,0.001780474791,0.001623658842
4730,0.001821976548,0.001555152776
4731,0.001512122806,0.001946284392
4732,0.00181312942,0.001574553535
4733,0.001933804684,0.001483094587
4734,0.001891444103,0.001552667687
4735,0.001592759567,0.001655439948
4736,0.001620322,0.001886161044
4737,0.001631306863,0.001695490879
4738,0.001755409263,0.001880504526
4739,0.001569175729,0.001575310438
4740,0.001578924304,0.001823235099
4741,0.001876007242,0.001952219187
4742,0.001644678443,0.001481202067
4743,0.001657638873,0.001828611727
4744,0.001646408375,0.001720925953
4745,0.001824402061,0.001605261234
4746,0.001681401336,0.001678961198
4747,0.001688978751,0.001675850799
4748,0.001632725922,0.001891191569
4749,0.00160899022,0.001991493074
4750,0.001927337915,0.001888809566
4751,0.001944880249,0.001677019987
4752,0.001707709263,0.002019061707
4753,0.001757474296,0.001927227568
4754,0.001579530668,0.001928499711
4755,0.001981823239,0.00173634087
4756,0.001627188947,0.001581872872
4757,0.001734883277,0.001742045381
4758,0.001753453544,0.00176776688
4759,0.001507225912,0.001774107863
4760,0.001694737162,0.001874726906
4761,0.001812313378,0.001929956328
4762,0.001862040604,0.001363852323
4763,0.001618033421,0.001734215301
4764,0.001673244245,0.001630517247
4765,0.001563850616,0.001755453268
4766,0.001862738442,0.001756723752
4767,0.001584985002,0.001510141126
4768,0.001730801712,0.00164188374
4769,0.001989244818,0.001401292488
4770,0.001751709031,0.001524519306
4771,0.001944749456,0.001894248591
4772,0.001712004901,0.001778535181
4773,0.001765601439,0.001828368462
4774,0.001683833907,0.001719112464
4775,0.001702911759,0.002024906484
4776,0.001787157424,0.001846146261
4777,0.001772891075,0.001592503686
4778,0.001388737946,0.001708736003
4779,0.001693731931,0.001560851582
4780,0.00163564508,0.001473343342
4781,0.0017040479,0.001757887716
4782,0.001599756302,0.001761190608
4783,0.001826608917,0.001489628892
4784,0.001856803516,0.001559156197
4785,0.001692963895,0.001626959507
4786,0.001538105105,0.001525098633
4787,0.001867703701,0.001752880256
4788,0.001780557504,0.001641556795
4789,0.001818332734,0.00170679763
4790,0.001558487522,0.001509526468
4791,0.001693578743,0.001683523995
4792,0.001732313001,0.00161113785
4793,0.001571208748,0.001445292961
4794,0.001535128045,0.001652938969
4795,0.001631623702,0.001490976661
4796,0.001622496085,0.001715515493
4797,0.001635004286,0.001580816548
4798,0.001955685817,0.001846552361
4799,0.00159853448,0.001739593397
4800,0.001713168385,0.001760747953
4801,0.001744680485,0.001596043163
4802,0.001582345285,0.001707603966
4803,0.001883229255,0.001455449514
4804,0.001676491476,0.001582156998
4805,0.001680501606,0.001579529082
4806,0.001544423474,0.001672560073
4807,0.001887053397,0.001671973208
4808,0.001907047947,0.001699048647
4809,0.001619992458,0.00145719781
4810,0.001684047907,0.001588365427
4811,0.001535874864,0.001598303774
4812,0.001780202889,0.001681365582
4813,0.001817908298,0.001570007356
4814,0.00167163313,0.001531931368
4815,0.001853486407,0.001946482385
4816,0.00191427581,0.001550422923
4817,0.001591977969,0.001702738431
4818,0.00173949395,0.001478680017
4819,0.00174948218,0.001678897999
4820,0.0017440386,0.001834854542
4821,0.001811284325,0.00155165483
4822,0.001931097446,0.001682385671
4823,0.001599250798,0.001805650827
4824,0.001668072582,0.001576487572
4825,0.00166954039,0.001550431465
4826,0.001507815032,0.001834203955
4827,0.00181989283,0.001745967325
4828,0.001650548627,0.001739338812
4829,0.001812033763,0.00154264376
4830,0.001665833246,0.001881052856
4831,0.001521941886,0.001882898359
4832,0.00181230242,0.001518011559
4833,0.002083621177,0.001661972157
4834,0.001612703956,0.001774656906
4835,0.001684152521,0.001529747853
4836,0.001814614909,0.001806585133
4837,0.001695305386,0.00158663225
4838,0.001859027718,0.001747031798
4839,0.001432135527,0.001767895475
4840,0.001627744889,0.001731142547
4841,0.001527307497,0.001652900624
4842,0.001817004464,0.001785873479
4843,0.001858812437,0.001585288337
4844,0.001784218373,0.001638641348
4845,0.001693487138,0.001544222425
4846,0.001717702486,0.001618969953
4847,0.001555385024,0.001600625386
4848,0.0016432743,0.001715133403
4849,0.001900357325,0.001458978892
4850,0.001575330316,0.001663905263
4851,0.001461287378,0.00190395955
4852,0.001497465273,0.001768131537
4853,0.001742527013,0.001526666107
4854,0.001661595015,0.001675639433
4855,0.001937360677,0.00177813675
4856,0.001720056971,0.001825621148
4857,0.001731927041,0.001599732444
4858,0.001434143604,0.001818704273
4859,0.001684899486,0.001699713408
4860,0.001661270944,0.001683188981
4861,0.00180838698,0.001767349473
4862,0.001786154113,0.001630928571
4863,0.00200881077,0.001764984903
4864,0.00192242676,0.0016569336
4865,0.001699628745,0.001811403941
4866,0.001516105942,0.001768419301
4867,0.001583421035,0.001671953374
4868,0.00169911905,0.001578193507
4869,0.001539055316,0.001903480545
4870,0.001719211257,0.001671208753
4871,0.001735124213,0.001611173182
4872,0.001396890104,0.001630775689
4873,0.001734625694,0.001504772183
4874,0.001505360589,0.001608070466
4875,0.001604518242,0.001815909403
4876,0.001775779077,0.001633301421
4877,0.001557619267,0.001491823336
4878,0.001745653804,0.001505595807
4879,0.001618457914,0.001620813651
4880,0.001664684518,0.001468275761
4881,0.001813294322,0.001728203686
4882,0.001622605283,0.001715158578
4883,0.001632740386,0.001564886552
4884,0.001564668957,0.00161599103
4885,0.001888235289,0.00159062208
4886,0.001707160613,0.001655121334
4887,0.001472462944,0.001807679771
4888,0.001521344544,0.00160404561
4889,0.001692040576,0.001387953125
4890,0.001864610633,0.001734620309
4891,0.001700938228,0.001488542286
4892,0.001641110619,0.00138409833
4893,0.001656104272,0.001640066577
4894,0.001589134336,0.001768290691
4895,0.001627424499,0.001515162206
4896,0.001686023141,0.001715845938
4897,0.001782170308,0.001551951646
4898,0.001633836946,0.001703017697
4899,0.001696325286,0.001715594379
4900,0.001852492191,0.00172444222
4901,0.001754339421,0.001655019398
4902,0.00162507793,0.001606048681
4903,0.001822555249,0.001635265464
4904,0.001820907346,0.001611504471
4905,0.001575450035,0.001577822142
4906,0.001588875341,0.001603852244
4907,0.001552788017,0.001371143204
4908,0.001598000861,0.00146844938
4909,0.00162855348,0.001494333956
4910,0.001649098878,0.001416207815
4911,0.001560932884,0.001688118296
4912,0.001642029019,0.001733100478
4913,0.001673839972,0.001670812271
4914,0.001678802233,0.001818541736
4915,0.001623524775,0.001751524585
4916,0.001643850934,0.002088884328
4917,0.001665972435,0.001693711747
4918,0.001702633657,0.001468180526
4919,0.001800088372,0.001782943698
4920,0.001628637692,0.001648106016
4921,0.001880699347,0.001664126656
4922,0.001618070295,0.001411497622
4923,0.001862767138,0.001856489383
4924,0.001759428225,0.001864126185
4925,0.001853062669,0.001418853528
4926,0.001649395461,0.001332507381
4927,0.001735374753,0.001790243434
4928,0.001875571063,0.001603557321
4929,0.001690139121,0.001570138047
4930,0.001600509204,0.001568543419
4931,0.001675351057,0.001529505011
4932,0.001729264593,0.001618553884
4933,0.00172316299,0.001606489255
4934,0.001849046486,0.00169579775
4935,0.001511710827,0.001349396975
4936,0.001788603113,0.001483980799
4937,0.001622073483,0.001637763242
4938,0.001570587789,0.001637777212
4939,0.002014185142,0.001392206017
4940,0.001634336273,0.001570660694
4941,0.001867145504,0.001783923552
4942,0.001742222084,0.001850712186
4943,0.0016559168,0.001610520922
4944,0.001677836408,0.001450650569
4945,0.001753967736,0.001621909149
4946,0.001620520983,0.001633506909
4947,0.001693170867,0.001456632424
4948,0.001600518415,0.001514894437
4949,0.001718565647,0.00171820684
4950,0.001809174064,0.001825755986
4951,0.001654043081,0.001702585738
4952,0.001933458901,0.00162426311
4953,0.001474073521,0.001552059228
4954,0.001526509979,0.00166739618
4955,0.001446234528,0.001688437507
4956,0.001632028812,0.001892551139
4957,0.001676260494,0.001531557282
4958,0.001479890547,0.001694892911
4959,0.001794800388,0.001551561218
4960,0.00160993055,0.001501373583
4961,0.001745391521,0.001699814777
4962,0.001655319662,0.001467228169
4963,0.001562560807,0.001528050139
4964,0.001880913536,0.001699018947
4965,0.001718097454,0.001703745715
4966,0.001661369723,0.001626880228
4967,0.001780004008,0.001525743472
4968,0.001702134439,0.001612175547
4969,0.001610280306,0.001457923543
4970,0.001559150784,0.001393163802
4971,0.001486360634,0.001615565401
4972,0.001650374135,0.001808188128
4973,0.00172724764,0.001604401026
4974,0.001533508694,0.001701357745
4975,0.001628274753,0.001649574348
4976,0.001868844382,0.001702667301
4977,0.001760105384,0.001506123852
4978,0.001492211362,0.001686842326
4979,0.001668206256,0.001362547322
4980,0.001667367935,0.001789198141
4981,0.001484661407,0.001493797012
4982,0.001761174644,0.001688302436
4983,0.001649296406,0.001618965616
4984,0.00156768327,0.001354629305
4985,0.001522248262,0.001480024279
4986,0.001626481477,0.001698213913
4987,0.0015582224,0.001565183462
4988,0.001792414725,0.00159015345
4989,0.001776343808,0.001629524006
4990,0.001596015485,0.00145537268
4991,0.00180839283,0.001445757414
4992,0.001492682379,0.001440115826
4993,0.001387492244,0.001656170381
4994,0.001496483164,0.001433793281
4995,0.0014855263,0.00161141179
4996,0.001733714133,0.00153234083
4997,0.001709903678,0.00151104301
4998,0.001617637608,0.001488998212
4999,0.001654302061,0.001501024759
5000,0.001628265731,0.001637811351
5001,0.001756241036,0.00186861954
5002,0.001722562913,0.001594853034
5003,0.001517055367,0.001676793225
5004,0.00147254327,0.001566104278
5005,0.001536293101,0.001492976822
5006,0.001511674229,0.001778033824
5007,0.001341560695,0.001312356784
5008,0.001424440678,0.001372231767
5009,0.001614861772,0.00154075968
5010,0.001539392295,0.001672034079
5011,0.001691772384,0.001482982989
5012,0.001544596962,0.00159266773
5013,0.001491259973,0.001555649695
5014,0.001836046387,0.001557357318
5015,0.001440604843,0.001388803721
5016,0.00170083523,0.001585585327
5017,0.001418964239,0.001543323146
5018,0.001762960877,0.001714558472
5019,0.001471317388,0.001974164494
5020,0.001584557278,0.001753665449
5021,0.001662862778,0.001480837207
5022,0.001753889155,0.001523034014
5023,0.001734250356,0.001573731817
5024,0.00141316661,0.001529115922
5025,0.001785448811,0.001505101653
5026,0.001516619261,0.001415283259
5027,0.001595554364,0.001597573559
5028,0.001554732749,0.001458599334
5029,0.001513701354,0.001654026244
5030,0.001466585818,0.001581201912
5031,0.001783478161,0.001624217126
5032,0.001548402943,0.001472161392
5033,0.001571249115,0.001629312275
5034,0.001697504806,0.001658740744
5035,0.001639196271,0.001640933682
5036,0.001574339505,0.001776050209
5037,0.001921035975,0.002019971958
5038,0.001640262606,0.001589662803
5039,0.001489403003,0.001664474948
5040,0.001384778239,0.001547475724
5041,0.001488988157,0.001684823495
5042,0.001584975238,0.001528782464
5043,0.001526570646,0.001741042215
5044,0.001749702365,0.001661336733
5045,0.00169241862,0.001711128571
5046,0.001523710525,0.001529622823
5047,0.001443955844,0.001802997387
5048,0.001772333519,0.001561864206
5049,0.001527294036,0.001517304816
5050,0.001638673217,0.001647789541
5051,0.001500033308,0.001575762959
5052,0.001600136617,0.00145762469
5053,0.001629027189,0.001485050874
5054,0.001620148134,0.001430928736
5055,0.001749380535,0.001693299666
5056,0.001624356213,0.001783712811
5057,0.001813668612,0.001546761414
5058,0.001896699017,0.001747445232
5059,0.001501231818,0.001720536704
5060,0.001449306888,0.001422804446
5061,0.001766945483,0.001753760138
5062,0.00143878581,0.001579440119
5063,0.001489153932,0.001407711563
5064,0.001586567305,0.001742922643
5065,0.0015702784,0.001466228816
5066,0.001787638073,0.001393582657
5067,0.001742449051,0.001497041041
5068,0.001648879566,0.00169783266
5069,0.00154363559,0.001565556639
5070,0.001780050065,0.001470776886
5071,0.001552310016,0.0015586027
5072,0.001635285749,0.001770184725
5073,0.001646528661,0.001646396573
5074,0.001561134268,0.001538656448
5075,0.001556264877,0.002080380014
5076,0.00155633995,0.001360525697
5077,0.001726802104,0.001668243669
5078,0.001805886131,0.001463295106
5079,0.001459184758,0.001549058376
5080,0.001501209001,0.001565431638
5081,0.001592129905,0.00182062063
5082,0.00156367899,0.001603718949
5083,0.00135558685,0.001396260646
5084,0.001443021509,0.001640148839
5085,0.001503796128,0.001804978921
5086,0.001509483394,0.001636001456
5087,0.00158216928,0.001587667211
5088,0.001633742431,0.00142295409
5089,0.001609254614,0.001515043929
5090,0.001481569634,0.0015747898
5091,0.001718806467,0.00155472404
5092,0.00166269661,0.001415424704
5093,0.001715699633,0.001360708105
5094,0.001651760438,0.001553956667
5095,0.001510223825,0.001563424143
5096,0.001472332224,0.001884773388
5097,0.001684265895,0.001324088022
5098,0.001502976302,0.001580749537
5099,0.001656930806,0.001498502083
5100,0.001427139563,0.001709094417
5101,0.001916554393,0.001684933537
5102,0.001636440415,0.001383277653
5103,0.001580751225,0.001692553546
5104,0.001961526781,0.001466207832
5105,0.001531334754,0.0018038251
5106,0.001394822968,0.001729872019
5107,0.00153029144,0.001853576934
5108,0.001470843883,0.001871660977
5109,0.001471515687,0.001546581858
5110,0.001568284279,0.001590248037
5111,0.001493478383,0.001904543256
5112,0.001470642397,0.001353905529
5113,0.001519544516,0.001492018273
5114,0.001856801333,0.0015975969
5115,0.001831313857,0.001956341366
5116,0.001543209553,0.001511249488
5117,0.001532228765,0.001450062657
5118,0.001476437348,0.001520910679
5119,0.001558555392,0.001733803525
5120,0.00165830295,0.001549510795
5121,0.001646941571,0.001756758124
5122,0.001686701275,0.001595690832
5123,0.001311393891,0.00179596903
5124,0.001495304445,0.001608825391
5125,0.001561160898,0.001694317034
5126,0.0015936454,0.001508940899
5127,0.001725786249,0.001592688073
5128,0.001652303588,0.001827386004
5129,0.00163575873,0.001652549516
5130,0.001802104991,0.001554555245
5131,0.001828905515,0.001449539595
5132,0.001516436314,0.001199938386
5133,0.001489919508,0.001431742246
5134,0.001537117278,0.0016157754
5135,0.001663109011,0.001482951746
5136,0.001631055231,0.00156837012
5137,0.001778885417,0.001617461501
5138,0.00165587019,0.001445716203
5139,0.001413885984,0.001355704488
5140,0.001556828152,0.00145269552
5141,0.001588682353,0.001533376184
5142,0.001435488273,0.001619392089
5143,0.001641374925,0.001526031483
5144,0.001481402971,0.001696440027
5145,0.001766796107,0.001590643646
5146,0.001705148607,0.001914025022
5147,0.001593925626,0.001357648252
5148,0.001633800566,0.001690794568
5149,0.001496746481,0.001738212522
5150,0.001853392649,0.001378551948
5151,0.001653817948,0.001308646184
5152,0.001585648788,0.001575090821
5153,0.001569487387,0.001386163043
5154,0.00156074304,0.001535338233
5155,0.001642608011,0.001488814756
5156,0.001628485115,0.001407732314
5157,0.001529267669,0.00161167678
5158,0.001735611382,0.001729768817
5159,0.00147337091,0.001753402044
5160,0.001676805681,0.001459830542
5161,0.001516400589,0.00154325433
5162,0.00176874247,0.001736315549
5163,0.001684681323,0.001429481665
5164,0.001379236855,0.001441551947
5165,0.001513777519,0.001637925219
5166,0.00165472347,0.001675567313
5167,0.001906008736,0.001649279176
5168,0.00197481348,0.001459834122
5169,0.001852151501,0.001405506249
5170,0.00154850274,0.00152137065
5171,0.001674418934,0.001525423344
5172,0.001365991018,0.001600139702
5173,0.001391523881,0.001703830538
5174,0.001446213821,0.001468425573
5175,0.00150955678,0.001512803341
5176,0.001701218745,0.001621741554
5177,0.001708584969,0.001500065599
5178,0.0015253686,0.001337262707
5179,0.001629262144,0.001455587248
5180,0.001836478026,0.00137432701
5181,0.001513558789,0.001553720271
5182,0.001567941858,0.001648758771
5183,0.001601484488,0.001622019001
5184,0.001477125086,0.001599787109
5185,0.00171016535,0.001439519328
5186,0.001513746203,0.001656357897
5187,0.001671681268,0.001690868477
5188,0.001779756669,0.001481381914
5189,0.001614444991,0.001573899368
5190,0.001673599516,0.00152569139
5191,0.001533090894,0.001430112796
5192,0.001635061999,0.001455852384
5193,0.001827504821,0.001468096772
5194,0.001613199813,0.001673309729
5195,0.001585989143,0.001258196717
5196,0.001580179916,0.00142146209
5197,0.001792063267,0.001593150955
5198,0.001426045012,0.001671400125
5199,0.001631982217,0.0017659812
5200,0.001607988146,0.001378644491
5201,0.00163713457,0.00151696906
5202,0.001649811777,0.001641541967
5203,0.001246401851,0.001427000519
5204,0.001647552272,0.00141871802
5205,0.001674247527,0.001638691581
5206,0.001530293972,0.001514144547
5207,0.001447687406,0.001384686722
5208,0.00157394266,0.001348653328
5209,0.001369367164,0.001481014828
5210,0.001804714455,0.001470243675
5211,0.001500296843,0.001303811339
5212,0.001674501866,0.001630068757
5213,0.001469821887,0.00163803513
5214,0.001600496369,0.001318524737
5215,0.001715562321,0.001591954904
5216,0.001702626076,0.001482388499
5217,0.001584489146,0.001441749861
5218,0.0015006412,0.001224535008
5219,0.001611083149,0.001677756256
5220,0.001517473633,0.001366122888
5221,0.001728999763,0.001553174487
5222,0.001938452697,0.00151882584
5223,0.001525912186,0.001424789327
5224,0.001530594964,0.00153045023
5225,0.001384633098,0.001486039873
5226,0.001465295383,0.001625135039
5227,0.001524323481,0.001526570501
5228,0.001629016871,0.001606845428
5229,0.001585374921,0.001634917207
5230,0.00174169954,0.001488271999
5231,0.001465081339,0.001495564153
5232,0.001914429406,0.001643876865
5233,0.00150322917,0.001571246874
5234,0.001374687941,0.001571431101
5235,0.001509238748,0.001509625188
5236,0.001404121562,0.001465758978
5237,0.001673482882,0.001674233819
5238,0.001569667562,0.001650338818
5239,0.001676298663,0.001334918372
5240,0.001585987658,0.001637828478
5241,0.001354877953,0.001506160392
5242,0.001430726683,0.001566931678
5243,0.001515199212,0.001751547752
5244,0.001648058096,0.001541943013
5245,0.001567256259,0.001603952362
5246,0.001401381807,0.001887720384
5247,0.001474520992,0.001619952061
5248,0.001554173592,0.001535745781
5249,0.001547200794,0.001579484917
5250,0.001807387918,0.00136395506
5251,0.001568428605,0.001367283432
5252,0.001451678676,0.001609583822
5253,0.001663631832,0.00120901061
5254,0.001454669138,0.001428821532
5255,0.001739250205,0.001673556559
5256,0.001773609823,0.001481260377
5257,0.001553969123,0.00156971097
5258,0.001257872194,0.001403959817
5259,0.001553368347,0.001407518197
5260,0.001558218821,0.001411773177
5261,0.001648659076,0.001523677056
5262,0.001490286668,0.001737016879
5263,0.001485234534,0.001361641494
5264,0.001386069664,0.001507938927
5265,0.001448557858,0.001528705034
5266,0.001454864308,0.001392575592
5267,0.001268363936,0.001826391905
5268,0.001531126487,0.001339895854
5269,0.001546785439,0.001529234229
5270,0.001619572358,0.001610690029
5271,0.001746574009,0.001479287661
5272,0.001596989125,0.001401879097
5273,0.001465689391,0.001661037706
5274,0.001646243341,0.001541545629
5275,0.001807291046,0.00148195056
5276,0.001547596563,0.001637189678
5277,0.001522784689,0.001515812357
5278,0.001658442561,0.001416729268
5279,0.001367495439,0.001311819957
5280,0.001629225284,0.001710519631
5281,0.001399371511,0.001775879748
5282,0.00147295784,0.001526297012
5283,0.001491735966,0.00176526836
5284,0.001406657873,0.001725725495
5285,0.001635399385,0.001686615782
5286,0.001597594484,0.001579911826
5287,0.001639125199,0.001697077067
5288,0.001589453983,0.001456156868
5289,0.001652726118,0.001568174994
5290,0.001355817047,0.001368106008
5291,0.001823918908,0.00157497944
5292,0.00146202177,0.001535235431
5293,0.001633882566,0.001379953501
5294,0.001655717409,0.001545377221
5295,0.001370713377,0.001489962495
5296,0.001637668291,0.001364477983
5297,0.001504729822,0.00134172145
5298,0.001582427649,0.001560537683
5299,0.001556033123,0.001446691967
5300,0.001452399301,0.001593677793
5301,0.001425462484,0.00131524507
5302,0.001517353594,0.00143509022
5303,0.001608666484,0.001673443971
5304,0.001413584003,0.001676304528
5305,0.001321973104,0.001538647033
5306,0.001556624717,0.00140474458
5307,0.001778743681,0.001217657264
5308,0.001456132595,0.001532951559
5309,0.001433497848,0.001473043449
5310,0.001511481998,0.001369771868
5311,0.001825394269,0.001634019223
5312,0.0014854404,0.001824850522
5313,0.001473612356,0.001544581581
5314,0.001652474893,0.00152392764
5315,0.001600776668,0.001432139863
5316,0.001388245946,0.001506716435
5317,0.001506460903,0.001383444258
5318,0.001588977022,0.001593820125
5319,0.001661336893,0.001330524952
5320,0.001409163233,0.001593606939
5321,0.00141808833,0.001307320621
5322,0.00148743832,0.001688223259
5323,0.001363018557,0.001542025566
5324,0.00164328728,0.001694509236
5325,0.001402775189,0.00165604605
5326,0.001600206815,0.00155645833
5327,0.001482632928,0.001481480213
5328,0.001586029161,0.001301757889
5329,0.001753566161,0.001457210077
5330,0.001640973584,0.001561185331
5331,0.001730120202,0.001402564711
5332,0.001546388536,0.001523534534
5333,0.001520770762,0.001529930232
5334,0.001575812727,0.001388180302
5335,0.001533556453,0.001482941458
5336,0.001753444478,0.00144099829
5337,0.001305116995,0.001439181113
5338,0.001400852605,0.001423335183
5339,0.001494650583,0.001571984321
5340,0.001487447124,0.001496069191
5341,0.001502642714,0.001491215793
5342,0.00156951556,0.001263273909
5343,0.001458356564,0.001327665057
5344,0.001426310031,0.001435092854
5345,0.001822604216,0.001458880011
5346,0.001750784097,0.001674625557
5347,0.001392748964,0.001435459169
5348,0.001382429327,0.001434803111
5349,0.001489922135,0.001297081406
5350,0.001738603038,0.001435865997
5351,0.001487747169,0.001385518059
5352,0.001862143676,0.001526309134
5353,0.001377420893,0.001518121717
5354,0.001471280993,0.001506246503
5355,0.001351645726,0.001582757643
5356,0.001443581408,0.001580090873
5357,0.001553625174,0.001466493559
5358,0.001432040212,0.001378737885
5359,0.001528727604,0.001595103124
5360,0.001551592526,0.001438957581
5361,0.00161832197,0.001362384675
5362,0.001582669734,0.001407116404
5363,0.001423219292,0.00143481182
5364,0.00143198861,0.00150049424
5365,0.001590654487,0.001482725565
5366,0.001592563247,0.001470015268
5367,0.001603594224,0.001596711867
5368,0.001515566633,0.001808348607
5369,0.001558025644,0.00164697507
5370,0.001598794435,0.001498632031
5371,0.001373349995,0.001578539392
5372,0.001349533981,0.001541363061
5373,0.00150233219,0.001558183671
5374,0.001711295627,0.001653314437
5375,0.001517038123,0.001738494408
5376,0.001519868994,0.001372072904
5377,0.0014028476,0.001482964872
5378,0.001381077702,0.001309438747
5379,0.001485322806,0.001621968855
5380,0.001608207152,0.00157863753
5381,0.001540429657,0.001583683465
5382,0.001538830358,0.001376271917
5383,0.001445173533,0.001510626156
5384,0.001416802974,0.001359583643
5385,0.001645978264,0.001452299897
5386,0.001433480182,0.00141258011
5387,0.001670149504,0.001366306096
5388,0.001398861568,0.001600738498
5389,0.001682625938,0.001428683288
5390,0.001748267343,0.001659512898
5391,0.001615750807,0.001537685763
5392,0.001332337182,0.00140034857
5393,0.001355407308,0.001567259635
5394,0.001587100545,0.001547140433
5395,0.001787121233,0.001562343918
5396,0.001693558079,0.001540858138
5397,0.001580386743,0.001500472092
5398,0.0015100085,0.001283277772
5399,0.001499193488,0.001506316577
5400,0.001554317525,0.001660568319
5401,0.001609833824,0.001579555901
5402,0.001629199047,0.001550579036
5403,0.001316886657,0.001517286873
5404,0.001548386135,0.001590141997
5405,0.001618775597,0.001628831931
5406,0.001543738021,0.001498943326
5407,0.001310569161,0.001402762529
5408,0.001598715928,0.001440761131
5409,0.001533582341,0.001455139514
5410,0.00136642062,0.001357878558
5411,0.001515132375,0.00142021972
5412,0.001671255508,0.001565303901
5413,0.00167718064,0.001412674646
5414,0.001413333695,0.001387052209
5415,0.00148505946,0.001508173067
5416,0.001733692319,0.001393943196
5417,0.001515395263,0.001495237913
5418,0.00136864723,0.001527332148
5419,0.001413866936,0.001495840857
5420,0.001368526035,0.001362480354
5421,0.001485966743,0.001579621414
5422,0.001492246098,0.001584055193
5423,0.001434035381,0.001503545995
5424,0.001448262701,0.001415259947
5425,0.001388107485,0.001348886872
5426,0.001594660003,0.001728584684
5427,0.001500647908,0.001453432167
5428,0.001807164037,0.001321750118
5429,0.001444122114,0.001380153757
5430,0.001491438423,0.001418101514
5431,0.001456921585,0.001369035599
5432,0.001349751539,0.001353438216
5433,0.001485165674,0.001640195289
5434,0.001816414893,0.001614990993
5435,0.001533928051,0.00156057498
5436,0.001446464797,0.001623106655
5437,0.001378352921,0.001622554992
5438,0.001601088428,0.001539070377
5439,0.001284158381,0.001346767334
5440,0.001519057085,0.001496791214
5441,0.001458650557,0.001538655546
5442,0.001579357078,0.001721424502
5443,0.001621743228,0.001314149689
5444,0.001520513702,0.001401852482
5445,0.00145669443,0.001579476877
5446,0.001679909838,0.001559798911
5447,0.001452892611,0.001468139759
5448,0.00149127483,0.001391315003
5449,0.001525578948,0.001356979294
5450,0.001444798952,0.001592044078
5451,0.001686301883,0.001462112123
5452,0.001610783685,0.001216217206
5453,0.001548589862,0.001426615963
5454,0.001537380842,0.001336681242
5455,0.001492624899,0.001489589282
5456,0.001528268236,0.001458267245
5457,0.001426855597,0.001427886717
5458,0.001370122292,0.001377664019
5459,0.001276636642,0.001513184572
5460,0.001455059493,0.001322074597
5461,0.001460772182,0.001468719609
5462,0.001522825769,0.001355996006
5463,0.001649039361,0.001385794356
5464,0.001421785651,0.001525200103
5465,0.001370871687,0.001629694249
5466,0.001615402478,0.001263275168
5467,0.001344681834,0.001459821768
5468,0.001553992843,0.001260794008
5469,0.001524957312,0.001538945529
5470,0.001466036381,0.001640642862
5471,0.00154696645,0.001484007065
5472,0.001458926839,0.001437906816
5473,0.001551800939,0.001516177857
5474,0.001558254356,0.001613480941
5475,0.001786970795,0.001429941214
5476,0.001677468987,0.001545767445
5477,0.001470124014,0.001409015735
5478,0.001376634755,0.001541121121
5479,0.001607559636,0.001388320554
5480,0.001419494103,0.001476850623
5481,0.001309195039,0.001287447187
5482,0.001289701671,0.001624078082
5483,0.001522762541,0.001457086844
5484,0.001723137801,0.001511740229
5485,0.001473904318,0.001350137216
5486,0.001453052173,0.001450291471
5487,0.001462084518,0.00153980805
5488,0.00142758833,0.001568404623
5489,0.001459695763,0.001551123569
5490,0.001744837078,0.001333872482
5491,0.001695191473,0.001371265651
5492,0.001326903439,0.001417945678
5493,0.001322258788,0.001335868772
5494,0.001422970352,0.001490254821
5495,0.001461730324,0.001648351186
5496,0.001399775305,0.001391539336
5497,0.001413230988,0.001636867877
5498,0.001513663767,0.001374148931
5499,0.001532615715,0.001295816794
5500,0.001493384072,0.001521591956
5501,0.001369751466,0.001455832084
5502,0.00139294281,0.001631004052
5503,0.001511755698,0.001499483697
5504,0.001400727764,0.001475611462
5505,0.001437129104,0.001319235547
5506,0.001317213872,0.001635078996
5507,0.00134724447,0.00147851072
5508,0.001532371825,0.001736627091
5509,0.001525784748,0.0015168432
5510,0.001590201457,0.001300495001
5511,0.001511421753,0.001423261929
5512,0.001516713863,0.001466877598
5513,0.001431778437,0.001532249196
5514,0.001581193093,0.001421652312
5515,0.001435074286,0.001428007847
5516,0.001820874808,0.001443259178
5517,0.001304159137,0.00160461574
5518,0.001464211789,0.00126980785
5519,0.001684655261,0.001316766997
5520,0.001484030319,0.001210087721
5521,0.001348726917,0.001354927139
5522,0.001529125133,0.001275858231
5523,0.001579362695,0.001330647036
5524,0.001462523433,0.001613385306
5525,0.001572964808,0.00137382176
5526,0.001447573974,0.001383860581
5527,0.001522821636,0.001254599556
5528,0.001618164788,0.001489087692
5529,0.001417840394,0.001436881386
5530,0.001339060094,0.001318839568
5531,0.001538983648,0.001655645188
5532,0.001564555991,0.001501606966
5533,0.001644388933,0.001448035109
5534,0.001480153544,0.001362851865
5535,0.001546602405,0.001447711184
5536,0.001612692853,0.001276227216
5537,0.001377491542,0.001327302729
5538,0.00142505682,0.001652583756
5539,0.001308798412,0.00151794625
5540,0.001471817042,0.00157366271
5541,0.001370879632,0.001585361635
5542,0.001674544081,0.001463097324
5543,0.001545720806,0.001424390503
5544,0.001295034963,0.001387433891
5545,0.001444859277,0.0015030387
5546,0.001522776947,0.001698221095
5547,0.001513364303,0.001478732636
5548,0.001466516711,0.001418370812
5549,0.00148668258,0.001500722487
5550,0.0016699384,0.001544913728
5551,0.001669019548,0.001256835967
5552,0.001431498284,0.001389605386
5553,0.00148961207,0.001371216204
5554,0.001537863704,0.001233360206
5555,0.001607910992,0.00128874529
5556,0.001721189954,0.001450344011
5557,0.001257395939,0.00161684677
5558,0.001570533117,0.001721629684
5559,0.001470601201,0.001642887597
5560,0.001430021162,0.001385967553
5561,0.001367546909,0.001606109996
5562,0.001413210295,0.001519555954
5563,0.001503276377,0.001519086174
5564,0.001499052989,0.001290763568
5565,0.00158604559,0.001138041218
5566,0.001316584516,0.001371358274
5567,0.001319200681,0.001304081365
5568,0.001516192176,0.001390517544
5569,0.001416434825,0.001285109916
5570,0.001564153805,0.001469507682
5571,0.001561149067,0.001401627553
5572,0.001697375206,0.001345016753
5573,0.001745980233,0.001473506767
5574,0.001575075206,0.001624769706
5575,0.001551748821,0.00155318086
5576,0.001617203125,0.001339503389
5577,0.001255770483,0.001443797315
5578,0.001576676208,0.001459488682
5579,0.001561353551,0.001203371889
5580,0.001546116124,0.001953760235
5581,0.001338552524,0.001358258101
5582,0.001593815061,0.001402498689
5583,0.001351218045,0.001515801443
5584,0.001214161821,0.001582937097
5585,0.001436967126,0.001454260389
5586,0.001311448257,0.001399256449
5587,0.001380426853,0.001456917889
5588,0.001577811403,0.001095026695
5589,0.001398425913,0.001374662635
5590,0.001509067457,0.001392889935
5591,0.001667721634,0.001344402168
5592,0.001234365605,0.001581704695
5593,0.001422485788,0.001555243667
5594,0.001352603838,0.001537967226
5595,0.001368091514,0.001605987032
5596,0.001263797254,0.001266866246
5597,0.001358379945,0.001282912519
5598,0.001373944411,0.001368545287
5599,0.001418313564,0.001571756031
5600,0.001619230185,0.001342898613
5601,0.001420443834,0.001413724465
5602,0.001489405637,0.001362277806
5603,0.001670524682,0.001324613622
5604,0.001526105916,0.001501145918
5605,0.001459685009,0.001473515513
5606,0.001487858193,0.001470873773
5607,0.001524617539,0.001393215352
5608,0.001831949383,0.001488077891
5609,0.001375810127,0.001454970086
5610,0.001304521924,0.001313892215
5611,0.001463429013,0.001325896315
5612,0.001440895881,0.001232096467
5613,0.001551751338,0.001413286882
5614,0.001434141974,0.001355997905
5615,0.001612067295,0.0013764873
5616,0.001377785833,0.001456581624
5617,0.001532388444,0.001314393347
5618,0.001322865734,0.001481611631
5619,0.001388789737,0.001509278482
5620,0.001569793603,0.001496096935
5621,0.001501717677,0.001393675164
5622,0.001660372291,0.001245497449
5623,0.001424347283,0.001427659095
5624,0.001447992865,0.001382321221
5625,0.001562400779,0.001391272635
5626,0.001639120819,0.001416628715
5627,0.001645851284,0.001535718897
5628,0.001549935187,0.001356848676
5629,0.001563739541,0.001398377164
5630,0.001616430454,0.001349309387
5631,0.001416582149,0.001399387358
5632,0.001635492561,0.001568924767
5633,0.001588513594,0.001332615284
5634,0.001661033719,0.001299935757
5635,0.001499563848,0.001382295552
5636,0.001452993398,0.001369727615
5637,0.001314708308,0.00122237709
5638,0.001452725759,0.001490263334
5639,0.001619970091,0.001403980321
5640,0.001521957136,0.001783024753
5641,0.001511283117,0.001324039084
5642,0.00154449117,0.001442476409
5643,0.001431126235,0.00133548725
5644,0.001400757181,0.001372874438
5645,0.001459579013,0.001315328431
5646,0.001399098946,0.001408737808
5647,0.001505569278,0.001415414867
5648,0.001463726425,0.001666609503
5649,0.001408335535,0.001176185498
5650,0.001339168848,0.001529685105
5651,0.001473389304,0.001336983485
5652,0.001331325795,0.001491298157
5653,0.001380773479,0.00155918175
5654,0.001605383208,0.001478290447
5655,0.001570762528,0.001400617824
5656,0.001367959369,0.001365795353
5657,0.001440256863,0.001472167089
5658,0.001460480737,0.00127709395
5659,0.001426588613,0.001365179443
5660,0.001659213682,0.001521756087
5661,0.001351285115,0.001490752868
5662,0.001380217043,0.0014497191
5663,0.001467505717,0.001387681463
5664,0.001571200002,0.001555030569
5665,0.001337828558,0.001339690047
5666,0.001614987894,0.001665617718
5667,0.001295772585,0.001428541829
5668,0.001549390538,0.001352992374
5669,0.001285661914,0.001396899301
5670,0.001535871736,0.001357128742
5671,0.001463579247,0.001346807796
5672,0.001487384696,0.001467478301
5673,0.001446100316,0.001446766575
5674,0.00157379028,0.00151082933
5675,0.001539772129,0.001309907857
5676,0.001469902621,0.001628328682
5677,0.00150270322,0.001469415707
5678,0.001423232956,0.001398022338
5679,0.001570277207,0.001557385796
5680,0.001245775733,0.001574027425
5681,0.001576008231,0.001546669038
5682,0.001434908976,0.001397060922
5683,0.001584605867,0.001510538888
5684,0.001857782976,0.001296135204
5685,0.001422595611,0.001448407551
5686,0.00154437797,0.001317395683
5687,0.001275213057,0.001637122768
5688,0.001533101706,0.001398542838
5689,0.001566050836,0.00169317791
5690,0.001440955792,0.001646242526
5691,0.001390761638,0.001582332319
5692,0.001599023046,0.001497635778
5693,0.001606646736,0.001538310666
5694,0.001509768947,0.001568174586
5695,0.001524965075,0.001478038583
5696,0.001501534556,0.001464898363
5697,0.001428926538,0.001351842555
5698,0.00132051752,0.001536396783
5699,0.001278672615,0.001414057675
5700,0.001352340885,0.001550798683
5701,0.001559776079,0.00161444112
5702,0.001611253261,0.001454952711
5703,0.001719277221,0.001387147277
5704,0.001521633079,0.00150291287
5705,0.00142031697,0.001380478585
5706,0.00154126047,0.001327090125
5707,0.001522569844,0.001470316565
5708,0.001457076156,0.001407290838
5709,0.001426008479,0.00150357034
5710,0.001322368524,0.001452526951
5711,0.001361153001,0.001422110872
5712,0.001208013164,0.001508672191
5713,0.001368997895,0.001231659189
5714,0.00147230205,0.001609815401
5715,0.001627811958,0.001424630362
5716,0.001492524359,0.001304555801
5717,0.001611256535,0.001279663069
5718,0.001534407944,0.001386353135
5719,0.001597888375,0.001442309898
5720,0.001611339554,0.001605130499
5721,0.001394687497,0.001294785819
5722,0.001498922749,0.001485189292
5723,0.001580258453,0.001457023551
5724,0.001505110107,0.001560857061
5725,0.001663461298,0.001481379761
5726,0.001521951213,0.001365345808
5727,0.001392985563,0.001486243505
5728,0.001547559557,0.00146579885
5729,0.001633222273,0.00145740353
5730,0.001441138069,0.001476920923
5731,0.001461880966,0.001217153273
5732,0.001635446723,0.001410004639
5733,0.001183726745,0.001379913541
5734,0.001334624627,0.001660444221
5735,0.001830098539,0.001590158223
5736,0.001453932171,0.001174133264
5737,0.001427146504,0.001376194137
5738,0.001388566408,0.001462731176
5739,0.001534220311,0.0014855138
5740,0.001592455883,0.001320087336
5741,0.00149799294,0.001445674658
5742,0.00132767146,0.001231054615
5743,0.001462428852,0.001433022364
5744,0.00137881549,0.001366598677
5745,0.001390750127,0.001375028703
5746,0.001415565552,0.001288207408
5747,0.001542259692,0.001331334206
5748,0.001558435913,0.001375970714
5749,0.001365414049,0.001459468462
5750,0.001183743007,0.001292947265
5751,0.001550698857,0.001292203284
5752,0.001403421775,0.001507512134
5753,0.001313321016,0.001380915201
5754,0.001442800989,0.001490152339
5755,0.00154750279,0.001369951482
5756,0.001540453086,0.001375388572
5757,0.001395245097,0.001271902838
5758,0.001496666897,0.001561211277
5759,0.001332993088,0.001624135519
5760,0.001427152602,0.001568023188
5761,0.001107622382,0.001290880304
5762,0.00160080858,0.00156123229
5763,0.001311254062,0.00124662395
5764,0.001276255512,0.001550718909
5765,0.001640118571,0.001529137342
5766,0.001498638638,0.001411761885
5767,0.001352598207,0.001387587501
5768,0.001313559973,0.001311146552
5769,0.001766994072,0.001397249747
5770,0.00176733009,0.001549162065
5771,0.001447404327,0.001425272625
5772,0.001355464774,0.001275177645
5773,0.001415589359,0.001222394611
5774,0.001526836393,0.001696317893
5775,0.001535353134,0.001413668506
5776,0.001685609677,0.001533238115
5777,0.001553740643,0.001294543181
5778,0.001458800165,0.001595029462
5779,0.001683226699,0.001351496874
5780,0.001566426203,0.001595036447
5781,0.001589612919,0.001680833986
5782,0.001373770763,0.001424846618
5783,0.001395507963,0.001418674481
5784,0.001412131365,0.001223546038
5785,0.001354913198,0.001466037109
5786,0.001435636965,0.001325164325
5787,0.001517288634,0.001381500857
5788,0.001468725728,0.001358224821
5789,0.001305250014,0.001294791262
5790,0.001348553196,0.001381755588
5791,0.001268304542,0.001341464987
5792,0.001550381756,0.001545276216
5793,0.001430918055,0.001306981889
5794,0.001448502342,0.001354027328
5795,0.001490445968,0.001328384096
5796,0.001572733527,0.001480646722
5797,0.001498103884,0.001589539112
5798,0.00147932455,0.001374782238
5799,0.001540518824,0.001347199803
5800,0.001325336591,0.001509662805
5801,0.00127474207,0.001489734845
5802,0.001246548025,0.001327625389
5803,0.001336239977,0.001370461061
5804,0.001685891431,0.001620781957
5805,0.001759212406,0.001462328102
5806,0.001702489622,0.001199856488
5807,0.001292361456,0.001442477602
5808,0.00161032984,0.001441200475
5809,0.001621077041,0.001543842154
5810,0.001869322237,0.001298365416
5811,0.001358916634,0.001336013316
5812,0.001408711003,0.001459146311
5813,0.001373199921,0.001304311823
5814,0.001392501712,0.00155596788
5815,0.001383328869,0.001287068335
5816,0.001392017264,0.001373536354
5817,0.001407067764,0.001424157439
5818,0.001563353566,0.001246371525
5819,0.001499678583,0.001570472799
5820,0.001399874222,0.001346064499
5821,0.001213397598,0.001288632018
5822,0.001608512903,0.00139754542
5823,0.001421584457,0.001411612655
5824,0.001453253339,0.001490922034
5825,0.00142355483,0.001428091244
5826,0.001295572103,0.001241483282
5827,0.001641794195,0.001372060084
5828,0.001288810272,0.001446376569
5829,0.001413802202,0.0015012363
5830,0.001310994972,0.001215671764
5831,0.001606691105,0.001282107711
5832,0.001574287715,0.001452856479
5833,0.001462871674,0.001464581495
5834,0.001366051249,0.001527478409
5835,0.001510165413,0.001310611617
5836,0.001559629134,0.001373538726
5837,0.001478888531,0.001394888794
5838,0.001395164043,0.001616491267
5839,0.001373132342,0.001385306736
5840,0.001322482683,0.001533380477
5841,0.001398292254,0.001322209166
5842,0.001325607831,0.00138647962
5843,0.001469501498,0.001436056074
5844,0.001476736725,0.001474256074
5845,0.001478723323,0.001399907604
5846,0.001476481324,0.001462805129
5847,0.001409907971,0.00152930546
5848,0.001445903807,0.001292790315
5849,0.001279955082,0.001283219644
5850,0.001444907,0.00147829183
5851,0.001373160732,0.001248998262
5852,0.001837661141,0.001225336186
5853,0.001381271213,0.001482384803
5854,0.001270406065,0.001545420804
5855,0.001558528624,0.00145488992
5856,0.00148899651,0.001479612998
5857,0.001407445408,0.001415760766
5858,0.00143259282,0.001492773808
5859,0.001274606679,0.001451455464
5860,0.001586878352,0.001359786569
5861,0.001483957269,0.001212243289
5862,0.001346838922,0.001514936128
5863,0.001407107746,0.001244549407
5864,0.001401186644,0.00142155194
5865,0.001331466367,0.001454532015
5866,0.00133486015,0.001411254765
5867,0.001486230263,0.001475754892
5868,0.001526946318,0.001639054797
5869,0.001411409678,0.001218208861
5870,0.001595869078,0.001436286926
5871,0.001391057784,0.001438395382
5872,0.001281607787,0.001547266438
5873,0.001371147424,0.001438013918
5874,0.001188297443,0.001363495016
5875,0.001412175072,0.001367084464
5876,0.001388570876,0.001642220792
5877,0.001502902669,0.001566391686
5878,0.001247697677,0.001457244376
5879,0.001354782493,0.001416254177
5880,0.001450318596,0.001527277156
5881,0.001327576596,0.001467857088
5882,0.001383528077,0.001320847638
5883,0.001492958341,0.001515719618
5884,0.001356532171,0.001505423876
5885,0.001661054805,0.00145808862
5886,0.001480210471,0.001281072313
5887,0.001483565007,0.001432432997
5888,0.001145730086,0.001508118003
5889,0.001321317868,0.001547024352
5890,0.00165418828,0.001551749971
5891,0.001625307879,0.001501127219
5892,0.001570836335,0.00149413594
5893,0.001403000453,0.001479739847
5894,0.001435933184,0.001473991782
5895,0.001095111293,0.001252258422
5896,0.001519876183,0.001338455171
5897,0.001374762243,0.001333693705
5898,0.001456818667,0.001326135141
5899,0.00124818593,0.001547739768
5900,0.001395880332,0.001516904289
5901,0.001501349238,0.001173587647
5902,0.001369046033,0.0015243874
5903,0.001194263881,0.001438996187
5904,0.001558489879,0.00142914863
5905,0.001423252586,0.001299229363
5906,0.001559318,0.001513194351
5907,0.001548417917,0.001456515631
5908,0.001310959255,0.001311103057
5909,0.001369086589,0.001574740294
5910,0.00135647288,0.001280069657
5911,0.001232074603,0.001553409485
5912,0.001509638896,0.001421441746
5913,0.001520446371,0.001439894011
5914,0.001266104067,0.001553837428
5915,0.001547193446,0.001138365056
5916,0.001410755896,0.001304206977
5917,0.001576480281,0.001611917483
5918,0.001425115159,0.001453893841
5919,0.001555033654,0.00149352361
5920,0.001452388839,0.001248301269
5921,0.001449196061,0.001225170694
5922,0.001451489094,0.001292125016
5923,0.001569460306,0.001399657995
5924,0.001403034461,0.001219314297
5925,0.00130228202,0.001200264254
5926,0.001287344261,0.001465900437
5927,0.001315937254,0.001449006479
5928,0.001487878471,0.001485150642
5929,0.001361958486,0.001469468072
5930,0.001450035357,0.001777500991
5931,0.001648585603,0.001485017885
5932,0.00132050598,0.001315342961
5933,0.001632082698,0.001476372214
5934,0.001417455394,0.00131642312
5935,0.00148089978,0.001263892234
5936,0.001311378917,0.001474362085
5937,0.001485497982,0.001403961025
5938,0.00142488032,0.00130365949
5939,0.001500782033,0.001502973624
5940,0.001404176015,0.001419069202
5941,0.00142960815,0.001478146514
5942,0.001385425785,0.001379162568
5943,0.001612290522,0.001832558977
5944,0.001301034994,0.001569178406
5945,0.001347036305,0.001502790474
5946,0.001469566312,0.001372791725
5947,0.001526291526,0.001310601772
5948,0.001351718412,0.001203338208
5949,0.001289874206,0.001458264655
5950,0.001455535399,0.001455409758
5951,0.001274870148,0.001545082298
5952,0.001515678836,0.001268150547
5953,0.001289298321,0.001454614845
5954,0.001400362118,0.001311186075
5955,0.001346761492,0.001386579162
5956,0.001473562792,0.001442804103
5957,0.001143601781,0.001538383949
5958,0.001113024016,0.001355816319
5959,0.00152553252,0.001355791486
5960,0.001282208876,0.001526478853
5961,0.001407013857,0.001513540963
5962,0.001456568134,0.001275747185
5963,0.001423045411,0.001368278165
5964,0.001359780617,0.001485877889
5965,0.001228828973,0.001382826347
5966,0.001507551176,0.001297035356
5967,0.001373725187,0.001425733448
5968,0.001343188895,0.001502069033
5969,0.001470924661,0.001426794741
5970,0.001401379413,0.001489865725
5971,0.001455325648,0.001361110553
5972,0.001696187435,0.001237611694
5973,0.001339320283,0.001237596167
5974,0.001286309176,0.001407793156
5975,0.001517551398,0.001480998864
5976,0.00159389621,0.00133160533
5977,0.001266571053,0.001436665203
5978,0.001511776645,0.001386770673
5979,0.001321576216,0.001377293127
5980,0.001455893318,0.001223065774
5981,0.001388774093,0.001351104875
5982,0.001393245824,0.001332403357
5983,0.001479283907,0.001319441304
5984,0.001232238727,0.001292114059
5985,0.001344004399,0.001366055738
5986,0.001297514667,0.001349104103
5987,0.001248175227,0.00145447487
5988,0.001514821881,0.001412425285
5989,0.00155403369,0.001386925069
5990,0.001301571014,0.001391016936
5991,0.001473559561,0.001117391563
5992,0.001374184256,0.001379662834
5993,0.001578801413,0.001223542502
5994,0.001517666431,0.001204526299
5995,0.001333182052,0.001352626467
5996,0.001338464717,0.001254069575
5997,0.001244621468,0.001390335863
5998,0.001467963448,0.001500860861
5999,0.001469472256,0.001414259707
6000,0.001423048132,0.001468859817
6001,0.001508619825,0.001345163109
6002,0.001391873375,0.001557107724
6003,0.001260947349,0.001173826342
6004,0.001432416757,0.001726225528
6005,0.00154827426,0.001274347036
6006,0.001391745289,0.0015588112
6007,0.001385891403,0.001425852664
6008,0.001338710412,0.0013964354
6009,0.001315223475,0.001418856278
6010,0.001492120435,0.00141136309
6011,0.001420462926,0.001439729516
6012,0.001563009369,0.001398786022
6013,0.001364448239,0.001580577911
6014,0.001225169297,0.001349780228
6015,0.001469074268,0.001404099952
6016,0.001427896874,0.001772324191
6017,0.001229069581,0.00122201418
6018,0.001452969751,0.001404276649
6019,0.001255986041,0.00159981515
6020,0.001298629082,0.001146833223
6021,0.001477544691,0.001350160237
6022,0.001590287793,0.001394899009
6023,0.001389023382,0.001434214195
6024,0.001356935558,0.001303784149
6025,0.001292022484,0.001318436749
6026,0.001344620061,0.001391255253
6027,0.001331702311,0.001362711642
6028,0.001406719122,0.001284465965
6029,0.001594779766,0.001375249856
6030,0.001303325029,0.001202906045
6031,0.00137846265,0.001437401792
6032,0.00138202282,0.001448270967
6033,0.001298042262,0.001299883588
6034,0.001493968302,0.001240430967
6035,0.001393546372,0.001209206152
6036,0.001268294734,0.001280319957
6037,0.001676956512,0.001515489785
6038,0.001356748122,0.001477164478
6039,0.001220448517,0.001410229219
6040,0.001308901497,0.001476801321
6041,0.001385813812,0.001288899533
6042,0.001260135577,0.001260910401
6043,0.001251201553,0.001326154219
6044,0.001397302054,0.001649202532
6045,0.001228156128,0.001253416238
6046,0.001362968855,0.001373673484
6047,0.001511707116,0.001514302523
6048,0.001280165998,0.001388186953
6049,0.001643439289,0.001234697505
6050,0.001326109705,0.001464024885
6051,0.001401091751,0.001301736804
6052,0.001416951956,0.001289377869
6053,0.001308615429,0.001442550274
6054,0.001474263656,0.001459500359
6055,0.001384248942,0.001374032116
6056,0.001555610812,0.001418428335
6057,0.001590707237,0.001326224359
6058,0.00139708005,0.001422574889
6059,0.001432373829,0.00144313059
6060,0.001396438383,0.001142990695
6061,0.001504709886,0.001149011849
6062,0.00144677647,0.001126999268
6063,0.001571707413,0.001287453575
6064,0.001480879306,0.001412796744
6065,0.001225490589,0.001454253303
6066,0.00129883083,0.001515924334
6067,0.001259089055,0.001413360907
6068,0.00134527206,0.001287222287
6069,0.00130181553,0.001476497113
6070,0.001380766786,0.001480097933
6071,0.001455998878,0.001276623545
6072,0.001419124834,0.001398407025
6073,0.001557910742,0.001567660991
6074,0.001423305119,0.001438231629
6075,0.001579004223,0.001282839774
6076,0.001359714108,0.001213643089
6077,0.001460906977,0.001220176084
6078,0.001288526328,0.001314821442
6079,0.001518059478,0.001446662362
6080,0.001424484319,0.001181310741
6081,0.00149375711,0.001379178226
6082,0.001408784272,0.001416619918
6083,0.001506728222,0.001338058624
6084,0.001371211547,0.001370382306
6085,0.001234760421,0.001220555147
6086,0.001371234481,0.001429537777
6087,0.001530566966,0.001477521175
6088,0.001377027598,0.001533676666
6089,0.001335831417,0.001491726842
6090,0.001376172571,0.001323036136
6091,0.001449480609,0.001316343216
6092,0.001518622114,0.001402580936
6093,0.00136490626,0.001477866157
6094,0.001453220699,0.001464388319
6095,0.001404328461,0.001364059208
6096,0.001459331237,0.001225088978
6097,0.001238664692,0.001320741918
6098,0.001392943159,0.001436080798
6099,0.001244063336,0.001551935959
6100,0.001281511453,0.001116521118
6101,0.001767387424,0.001325827121
6102,0.001238417266,0.001327808423
6103,0.001421780209,0.001254485396
6104,0.001339783936,0.001205071712
6105,0.001347816171,0.001405310526
6106,0.001638460308,0.001379726105
6107,0.001256000949,0.001354141088
6108,0.001451368989,0.001443684028
6109,0.001397465676,0.00133535247
6110,0.00150883993,0.001207250803
6111,0.001246209489,0.001300165139
6112,0.001812660208,0.001268405627
6113,0.001377436056,0.001333430817
6114,0.001549121327,0.001455582853
6115,0.001382404473,0.001537382625
6116,0.001536499243,0.001418851098
6117,0.001384680509,0.001153790538
6118,0.00151284966,0.00142052857
6119,0.001458811952,0.001488658367
6120,0.001225498236,0.001446516813
6121,0.0013812791,0.001256614487
6122,0.00153177639,0.001361699557
6123,0.001315759582,0.001293316054
6124,0.001276394149,0.001470005402
6125,0.001343685552,0.001487119749
6126,0.00143964764,0.001317079179
6127,0.001449320916,0.00141540046
6128,0.001256113392,0.00146403713
6129,0.001232668721,0.001485623594
6130,0.001249097491,0.00133386469
6131,0.001300258809,0.001276875351
6132,0.001542102735,0.001361268514
6133,0.001164008158,0.001393703758
6134,0.001388627337,0.001499411752
6135,0.001374858875,0.001522731109
6136,0.001253867857,0.001291287088
6137,0.001148027171,0.001196074627
6138,0.001331325882,0.001290719243
6139,0.001347797283,0.001245145351
6140,0.001512121918,0.00126550092
6141,0.001307908358,0.001507297551
6142,0.001557746218,0.001409476914
6143,0.001320480471,0.001388560981
6144,0.001340251023,0.001311870401
6145,0.00139596434,0.001356088847
6146,0.001334052104,0.001413143153
6147,0.001451788121,0.001273914073
6148,0.001691062571,0.001491578892
6149,0.001369323683,0.001391039637
6150,0.001259103708,0.001334445857
6151,0.001356443216,0.001481506777
6152,0.001310835622,0.001300158692
6153,0.00145898934,0.001331768188
6154,0.001630865998,0.001372158884
6155,0.001615294765,0.001497670535
6156,0.001239848134,0.001515638505
6157,0.001263640261,0.001399862856
6158,0.001427816816,0.001409037475
6159,0.001370400336,0.001281897967
6160,0.001174779653,0.001267273139
6161,0.001237959252,0.00156477718
6162,0.001297141782,0.00122354355
6163,0.001333761436,0.001439131258
6164,0.001456587546,0.001312435648
6165,0.001260458987,0.001230057125
6166,0.001211251292,0.001426030387
6167,0.001438842861,0.001374552106
6168,0.00128946983,0.001134493476
6169,0.001546878091,0.001327624384
6170,0.001220358376,0.001111141231
6171,0.00136696767,0.001231555696
6172,0.001227831148,0.001156948187
6173,0.001491803465,0.00130189077
6174,0.001453420511,0.001268435561
6175,0.001684524352,0.001371375489
6176,0.001341709969,0.001236485754
6177,0.001527946137,0.001490924158
6178,0.001414930237,0.001519324192
6179,0.001410509823,0.001282024074
6180,0.001379697933,0.00137646962
6181,0.001258645811,0.001280064607
6182,0.001184948058,0.001348407204
6183,0.001537642114,0.001426757677
6184,0.001263121376,0.001169240029
6185,0.001497590398,0.001554958631
6186,0.001659139321,0.001408187636
6187,0.001482643158,0.001580372322
6188,0.001430720862,0.001482292937
6189,0.001367383316,0.001334652035
6190,0.001420311135,0.001368806494
6191,0.001455116551,0.001316199705
6192,0.001362584284,0.001333322936
6193,0.00162115648,0.001302482313
6194,0.001403196977,0.001441898145
6195,0.001434742589,0.001381495065
6196,0.001219906524,0.001266536739
6197,0.001628971899,0.001375030508
6198,0.001609343861,0.001341701747
6199,0.001392418242,0.001310528314
6200,0.001555480689,0.001267531763
6201,0.001384807874,0.001338636721
6202,0.001349343773,0.001274012437
6203,0.001254039948,0.001506209461
6204,0.001414751547,0.001444173045
6205,0.001378842033,0.001238877259
6206,0.00148160581,0.001288861909
6207,0.001350432489,0.001290118737
6208,0.001446209004,0.001358474809
6209,0.001315982256,0.001294851856
6210,0.001503760854,0.001455470636
6211,0.00150428804,0.001559597702
6212,0.001370591788,0.001351991887
6213,0.001285831589,0.001558680153
6214,0.001507032168,0.001355055036
6215,0.001382415285,0.001388259843
6216,0.001856437011,0.001316644077
6217,0.001315190748,0.001238106859
6218,0.001289741922,0.001405508112
6219,0.001177643855,0.001233083938
6220,0.001344697521,0.001555158553
6221,0.001377493376,0.001151210898
6222,0.001323694567,0.001626117577
6223,0.001135421822,0.001212770003
6224,0.001449887684,0.001212680319
6225,0.001249972855,0.001467692142
6226,0.001338579954,0.001163035711
6227,0.001460862637,0.001290679837
6228,0.001448997689,0.00149317809
6229,0.001423836526,0.001447575385
6230,0.001611216736,0.001302340403
6231,0.001529845031,0.001363717573
6232,0.001357505054,0.001370930157
6233,0.001290024229,0.001433931669
6234,0.001366711236,0.001288459556
6235,0.001406122479,0.001265351777
6236,0.001298591873,0.001478482242
6237,0.001537656426,0.001240740923
6238,0.0012114032,0.001305025362
6239,0.001213492171,0.001385492062
6240,0.001227660905,0.001279094096
6241,0.001224826934,0.001378934932
6242,0.001473367462,0.001203840446
6243,0.001395866231,0.001232163631
6244,0.001436121485,0.001349489394
6245,0.001254614734,0.001373876643
6246,0.001650711827,0.001383603812
6247,0.001410314828,0.001130943529
6248,0.001363846633,0.00129751175
6249,0.00137451748,0.001090523649
6250,0.001519824305,0.0012020227
6251,0.001369358215,0.001218857593
6252,0.001604567937,0.001384344891
6253,0.001410542754,0.001226164357
6254,0.001408304597,0.001307694416
6255,0.001216440745,0.001267855696
6256,0.001371083505,0.001277066469
6257,0.001276005059,0.001253570219
6258,0.001549314897,0.001275588569
6259,0.001373147272,0.00125991083
6260,0.001217358666,0.001371039034
6261,0.001375311789,0.001459428138
6262,0.001318680319,0.001359142494
6263,0.00179529177,0.001333638291
6264,0.001611453714,0.001401344256
6265,0.001392560574,0.001305085781
6266,0.001393383485,0.001276875417
6267,0.001447235525,0.00150618433
6268,0.001307650848,0.001476778256
6269,0.001181505286,0.001256749645
6270,0.001361231378,0.001590402462
6271,0.001496931553,0.00144411184
6272,0.001569931643,0.001426140661
6273,0.001269346074,0.001383353578
6274,0.00131786069,0.001399900291
6275,0.001753086297,0.001338160349
6276,0.001613582819,0.001158881721
6277,0.001269003988,0.001101053094
6278,0.001493134703,0.001282005978
6279,0.001370951046,0.001139408247
6280,0.001551386085,0.001382502756
6281,0.001431305951,0.0010445808
6282,0.001344422941,0.001316068214
6283,0.001638485584,0.001703935719
6284,0.001564491075,0.001120127476
6285,0.001640659146,0.001501057675
6286,0.001343919474,0.001290874832
6287,0.001301511162,0.001479657498
6288,0.00175178115,0.001343484997
6289,0.001277175979,0.001290212676
6290,0.001464833724,0.001348028789
6291,0.001347056983,0.001336584028
6292,0.001421779627,0.001391043304
6293,0.001262125392,0.001188550159
6294,0.001209079943,0.00129762444
6295,0.001250913083,0.001183330147
6296,0.001427675539,0.001439630214
6297,0.001428216507,0.001263927625
6298,0.001484317894,0.001315418798
6299,0.001231910574,0.001170092328
6300,0.001527613014,0.001220788086
6301,0.00137662598,0.001292632682
6302,0.001396089516,0.001279746684
6303,0.00156242105,0.001423304464
6304,0.001098457469,0.001251783942
6305,0.00139841791,0.001107056276
6306,0.001262290163,0.001305003592
6307,0.001388441131,0.001293003006
6308,0.001364625801,0.001594722387
6309,0.001478707112,0.001497377714
6310,0.00148986945,0.001431968485
6311,0.001327467937,0.001523087893
6312,0.001315713271,0.001244793253
6313,0.001614970184,0.001272223642
6314,0.001405715811,0.001391161044
6315,0.001401030255,0.00138910325
6316,0.001509784328,0.001441667322
6317,0.001434321224,0.001404155759
6318,0.00160333993,0.001415761755
6319,0.001490976021,0.001396210646
6320,0.001337466143,0.001228276473
6321,0.001279060401,0.001489839124
6322,0.001224369509,0.001403864953
6323,0.001271805057,0.001275277777
6324,0.001358473601,0.001376437576
6325,0.001471122203,0.001390820253
6326,0.001461223379,0.001373243802
6327,0.001334870394,0.001148363343
6328,0.001661599839,0.001033748384
6329,0.001326762031,0.00138084669
6330,0.001278311756,0.001148873424
6331,0.001480608553,0.001188284368
6332,0.001459926934,0.001379334411
6333,0.001353465632,0.00114623081
6334,0.001466413552,0.001444599853
6335,0.001342060554,0.001340803254
6336,0.001270005574,0.001325742924
6337,0.001497319354,0.001244158251
6338,0.001322337135,0.001396652442
6339,0.001467778275,0.001562205274
6340,0.001416709536,0.001397632353
6341,0.001382903909,0.001345404868
6342,0.001101771893,0.001237005781
6343,0.001201040235,0.001323051467
6344,0.001337140362,0.001357735433
6345,0.001284760096,0.001294755275
6346,0.001360093433,0.001382155097
6347,0.00142279781,0.001435381491
6348,0.001335078297,0.001317899412
6349,0.001430202479,0.001266661326
6350,0.001330310464,0.001325884499
6351,0.001358134235,0.001249235269
6352,0.001415225779,0.001272975656
6353,0.001356732806,0.001354263251
6354,0.001437665465,0.001470806092
6355,0.001417958665,0.001209493006
6356,0.001192617427,0.001429557837
6357,0.001458844417,0.00145919522
6358,0.001417225474,0.001229935791
6359,0.001634528751,0.001305903803
6360,0.001198636295,0.001369357051
6361,0.001274022346,0.001438482315
6362,0.001569031752,0.001328879589
6363,0.001511506329,0.001376506203
6364,0.001502432773,0.001387084791
6365,0.001364623007,0.001127179807
6366,0.001360129419,0.001426348652
6367,0.001238125195,0.001614852226
6368,0.001432428784,0.00137218248
6369,0.0013663805,0.001283429759
6370,0.00146252026,0.001297367438
6371,0.001478660677,0.001339410141
6372,0.001280775876,0.001199322011
6373,0.001336465939,0.001458959421
6374,0.001269167689,0.001490298484
6375,0.001333566244,0.00110613228
6376,0.001226634042,0.001237126635
6377,0.001197507168,0.001646176301
6378,0.00126394791,0.001377223351
6379,0.001192200027,0.001356982677
6380,0.001377923894,0.001440091677
6381,0.001486140049,0.001251164373
6382,0.001275355033,0.001430672899
6383,0.001365736432,0.001224323525
6384,0.001406809795,0.00121785931
6385,0.001376047614,0.001256772033
6386,0.00149130496,0.001244649065
6387,0.001268155742,0.001297823117
6388,0.001342090487,0.001392152873
6389,0.001224818116,0.001485770954
6390,0.001333465392,0.001354708016
6391,0.00127790578,0.001499369304
6392,0.001193431366,0.001437668892
6393,0.001294199174,0.001216889534
6394,0.001235472046,0.001279560107
6395,0.001299042269,0.001311288463
6396,0.001509895068,0.001451694057
6397,0.001385869058,0.001232826413
6398,0.001131346071,0.001259792494
6399,0.001377604378,0.001540411191
6400,0.001597730326,0.001629896884
6401,0.001185810172,0.001288449508
6402,0.001517045719,0.001283535377
6403,0.001264535305,0.001251896305
6404,0.001506856272,0.00126002347
6405,0.001196681536,0.001394194733
6406,0.001322410644,0.001175367681
6407,0.001539545119,0.00132757856
6408,0.001412637066,0.001221378792
6409,0.001520969221,0.001306200764
6410,0.001171597192,0.00132936085
6411,0.0014422518,0.001155784943
6412,0.001360761715,0.001319776311
6413,0.001246212472,0.001387489589
6414,0.001326654907,0.001228263041
6415,0.001449531366,0.001379024485
6416,0.00139239183,0.001534561685
6417,0.001182576772,0.001174969337
6418,0.001227378278,0.001506161207
6419,0.001321844531,0.001540598052
6420,0.001429581054,0.001464956498
6421,0.001419085733,0.001483169617
6422,0.001619599367,0.001486826106
6423,0.001302903831,0.001421976689
6424,0.001424036935,0.00144624224
6425,0.001330729574,0.001317171758
6426,0.001566364968,0.001406984826
6427,0.001531297588,0.001483538043
6428,0.001335338835,0.001515586671
6429,0.001399039589,0.001263419079
6430,0.00122424875,0.001336347297
6431,0.00133735394,0.001367841338
6432,0.001082674396,0.001159927167
6433,0.001432971607,0.001158732208
6434,0.001445815884,0.001287338979
6435,0.001417968735,0.001316355512
6436,0.001375324398,0.001321364936
6437,0.001321317795,0.001399646586
6438,0.001444921945,0.001355447253
6439,0.001353318192,0.001388214667
6440,0.00150102179,0.001220782149
6441,0.001404962932,0.001237382698
6442,0.001251305373,0.001428868054
6443,0.001268151347,0.001397717642
6444,0.00139680838,0.001350659106
6445,0.00120549625,0.001251564892
6446,0.001309602412,0.001582891404
6447,0.001448876777,0.001337024732
6448,0.001155366961,0.001471630007
6449,0.001615335976,0.001186355556
6450,0.001554351169,0.001364192183
6451,0.001303607925,0.001498859565
6452,0.001429495343,0.001348234044
6453,0.001101058173,0.001343961791
6454,0.001451624063,0.001349432321
6455,0.001638981543,0.001409479606
6456,0.001564840757,0.001245423598
6457,0.001380253889,0.001118568885
6458,0.001310875232,0.001355041699
6459,0.001333690481,0.001291902794
6460,0.001476603429,0.001520672769
6461,0.00135020446,0.00144443685
6462,0.001550754605,0.001305713689
6463,0.001260762285,0.001411442747
6464,0.001124078408,0.001262556078
6465,0.001480281877,0.001317159782
6466,0.0013229373,0.00109354638
6467,0.001462747096,0.001181094187
6468,0.001314479247,0.001381995709
6469,0.001492991316,0.001271627218
6470,0.0015674319,0.001466940237
6471,0.001205505403,0.001334533634
6472,0.001296080947,0.00122970104
6473,0.001312426888,0.001339915529
6474,0.00126459085,0.001204057793
6475,0.001334620305,0.001285430641
6476,0.001260120494,0.001493966629
6477,0.001275882772,0.001123704278
6478,0.001529417641,0.001179407962
6479,0.001434260368,0.001240343241
6480,0.001258638906,0.00144215639
6481,0.001508437039,0.001478102742
6482,0.001160826389,0.001152587298
6483,0.001451483309,0.001271148678
6484,0.001484624925,0.001225511616
6485,0.001454773846,0.00135404319
6486,0.001220530859,0.001319183502
6487,0.001452698169,0.001254793402
6488,0.001312161286,0.00129951768
6489,0.001643390351,0.001373345192
6490,0.001457535182,0.001400625129
6491,0.001737186249,0.001484301029
6492,0.001372763501,0.001255371477
6493,0.001250150781,0.001280646764
6494,0.001388030796,0.001411577075
6495,0.001471291238,0.001282878671
6496,0.001244220286,0.001325684803
6497,0.00114424256,0.001204799104
6498,0.001273904461,0.001409316385
6499,0.001135090024,0.001230637114
6500,0.001439249929,0.001477025216
6501,0.001544211103,0.001354029017
6502,0.00138244863,0.00120103026
6503,0.001450398413,0.001427285315
6504,0.001516118049,0.001100966831
6505,0.001269157809,0.001307211074
6506,0.001447373412,0.001236271542
6507,0.001291965164,0.001290571112
6508,0.001347666199,0.001499671605
6509,0.001325056888,0.001289511209
6510,0.001478615872,0.001336654677
6511,0.001500437327,0.001280272183
6512,0.001342803604,0.001178057013
6513,0.001268623164,0.00125837887
6514,0.001334744462,0.001399185814
6515,0.001277528165,0.001214529737
6516,0.001234577867,0.00129999379
6517,0.001553594353,0.001329739694
6518,0.001524035062,0.001490695664
6519,0.001378720859,0.001272513458
6520,0.001188590817,0.00151147056
6521,0.001399171801,0.001406483352
6522,0.001372340674,0.001344184479
6523,0.00124302099,0.001291399341
6524,0.001218522113,0.00120691488
6525,0.001524054649,0.001363792137
6526,0.001236104443,0.001559435099
6527,0.001169261923,0.001282399797
6528,0.00139869898,0.001202495579
6529,0.001247076689,0.001290370565
6530,0.00149399096,0.001095517015
6531,0.001207170215,0.001457420956
6532,0.001461412889,0.00135539948
6533,0.001561601079,0.001180774547
6534,0.001182048836,0.001390387537
6535,0.001498591766,0.001230833543
6536,0.001394613384,0.001410890705
6537,0.001195547331,0.001217884535
6538,0.001421492067,0.001277489151
6539,0.001203927393,0.001216353397
6540,0.001442948284,0.001321901713
6541,0.001359647751,0.001067697354
6542,0.00114421051,0.001310787622
6543,0.001287153093,0.001530447145
6544,0.001719970314,0.001334889712
6545,0.001440571214,0.001413697399
6546,0.001412670797,0.001315880872
6547,0.001460841784,0.001148147479
6548,0.001509538299,0.001414574435
6549,0.001259753597,0.001338932692
6550,0.001370068072,0.001577789582
6551,0.001344694145,0.001393146209
6552,0.001343678014,0.001240976439
6553,0.001264923638,0.001360695183
6554,0.001422694011,0.001614132168
6555,0.001373790175,0.001420519839
6556,0.001482395732,0.001354820852
6557,0.001305840196,0.001135434846
6558,0.001464342087,0.001503151048
6559,0.001468251459,0.001265467654
6560,0.001338567934,0.001378448098
6561,0.001359387606,0.001497145859
6562,0.001148350551,0.001389551326
6563,0.00120547838,0.001269993241
6564,0.001447973373,0.001314590947
6565,0.00143052444,0.00120862107
6566,0.001456535567,0.001600253745
6567,0.001260831647,0.001386431191
6568,0.001333647684,0.001315505622
6569,0.001204958622,0.001277999945
6570,0.001297628762,0.001348327773
6571,0.00140409897,0.001264393795
6572,0.001441754619,0.001430610413
6573,0.001399346234,0.001318442679
6574,0.001321852455,0.001347440309
6575,0.001447283161,0.001385507727
6576,0.001177214712,0.001266807812
6577,0.001306125894,0.001203262509
6578,0.001179113846,0.001399117478
6579,0.001169072551,0.001437886545
6580,0.001221688064,0.001259737772
6581,0.001347654004,0.001290822096
6582,0.001354516913,0.001280606601
6583,0.001336875823,0.001117451786
6584,0.001151483841,0.001230676586
6585,0.001136641964,0.001241945691
6586,0.001368607671,0.001401336936
6587,0.001441617409,0.001219080455
6588,0.001284261336,0.001448831819
6589,0.001397905791,0.001192709584
6590,0.001399619432,0.001272233123
6591,0.001226150896,0.001312938635
6592,0.001187906171,0.001494742348
6593,0.001424203117,0.001313101915
6594,0.001266640109,0.001337901303
6595,0.001496754143,0.001577893519
6596,0.00145391954,0.00133953066
6597,0.001116732972,0.001196105368
6598,0.001585746999,0.001453665594
6599,0.001357251516,0.001084949552
6600,0.00125376416,0.001218948353
6601,0.001332626081,0.001372951701
6602,0.00158573121,0.001492857933
6603,0.00152748925,0.001516693374
6604,0.001262663041,0.001104776587
6605,0.001814188938,0.001222405386
6606,0.001308164181,0.001328570674
6607,0.001324288227,0.00124599188
6608,0.001244069615,0.001310451844
6609,0.001423436712,0.00121790517
6610,0.001283960009,0.001481514206
6611,0.001281293582,0.001202785294
6612,0.001376280175,0.001322636919
6613,0.001356699569,0.001315263144
6614,0.00140103024,0.001367422548
6615,0.001327199381,0.001434101447
6616,0.001267200707,0.001276840485
6617,0.001560116769,0.001098537963
6618,0.001295188667,0.001251034337
6619,0.001565184895,0.001162865723
6620,0.001291212451,0.00135248086
6621,0.001431748431,0.001677092456
6622,0.00115132449,0.001191124669
6623,0.001319864969,0.001514513569
6624,0.001460433181,0.001208534326
6625,0.001570784589,0.00131133898
6626,0.001456391983,0.001095168496
6627,0.001418867279,0.001178192048
6628,0.001323775548,0.001306292266
6629,0.001301522942,0.001300863049
6630,0.001280923054,0.001267628177
6631,0.001325929712,0.001345593832
6632,0.001350311417,0.001352635358
6633,0.00123233776,0.001337489426
6634,0.001501164079,0.00141212203
6635,0.001170359465,0.001599720403
6636,0.001483847213,0.00127292957
6637,0.00123516265,0.001492063413
6638,0.001305549718,0.001360277398
6639,0.001159016487,0.001345358534
6640,0.001330709812,0.00129017148
6641,0.001389057368,0.001287878498
6642,0.001153800491,0.001075503467
6643,0.001315008638,0.001538172859
6644,0.001443906935,0.001483578002
6645,0.001327188227,0.001198182203
6646,0.001275387229,0.001140068009
6647,0.001246866595,0.001355837871
6648,0.001245161533,0.001221744133
6649,0.001523821629,0.001185865811
6650,0.001326791869,0.001453661185
6651,0.001201304498,0.00120366834
6652,0.001126943724,0.001423276568
6653,0.001509707465,0.001053950487
6654,0.001402505535,0.001225377768
6655,0.001205471017,0.001462792054
6656,0.001461524371,0.001122176327
6657,0.001292301735,0.001310807449
6658,0.001356437228,0.001340482195
6659,0.001298084906,0.00145573081
6660,0.001677890308,0.001459101113
6661,0.001555037481,0.001357131063
6662,0.001296449627,0.001308689483
6663,0.001515550161,0.001202245112
6664,0.001133060017,0.00145028402
6665,0.001463004432,0.001363463103
6666,0.001482376669,0.001293979098
6667,0.001208223955,0.001161057648
6668,0.001209011039,0.001631649036
6669,0.001521992846,0.001304128324
6670,0.001282082681,0.001114975727
6671,0.001294519709,0.001350811574
6672,0.001323644465,0.001172772878
6673,0.001556578274,0.001248703338
6674,0.001213811847,0.001313558925
6675,0.001216389617,0.001341637675
6676,0.001397317596,0.001218201789
6677,0.00130152762,0.00136634853
6678,0.001301220676,0.001299801981
6679,0.001531264206,0.001244123399
6680,0.001224393025,0.001140975051
6681,0.001212923424,0.001498252197
6682,0.001339883456,0.001366209981
6683,0.001446313283,0.001288011539
6684,0.001294326925,0.001162487446
6685,0.001122971029,0.001148294403
6686,0.00123790183,0.001286307604
6687,0.00153204966,0.001311125263
6688,0.001478586462,0.001304493402
6689,0.001074733504,0.001298660427
6690,0.001303498022,0.001187641064
6691,0.001396768843,0.001403790768
6692,0.00145604444,0.001229863854
6693,0.001484340602,0.0012818838
6694,0.001312569235,0.00136877998
6695,0.001299471587,0.001424512942
6696,0.0015322463,0.001139767934
6697,0.001462287357,0.00140445937
6698,0.00112456928,0.001466066482
6699,0.001377642766,0.001379477515
6700,0.001159825981,0.001203422988
6701,0.001117045664,0.001310468819
6702,0.001437551909,0.00125208879
6703,0.00138563232,0.001319894247
6704,0.001421822599,0.001295675778
6705,0.001242202838,0.001310571039
6706,0.001231555434,0.001421560795
6707,0.00127728816,0.001210212256
6708,0.001622498472,0.001376249187
6709,0.001231746974,0.001513089432
6710,0.001318986964,0.001419000124
6711,0.001216928868,0.001216400415
6712,0.001367376084,0.001403507762
6713,0.001408235883,0.001180834297
6714,0.001277573327,0.001402149544
6715,0.001286294129,0.001231584043
6716,0.001246999149,0.001222631108
6717,0.001507470355,0.001476404825
6718,0.001490782743,0.001371847029
6719,0.001194551209,0.001398365835
6720,0.001506280612,0.001354782624
6721,0.001279783479,0.001186004592
6722,0.001453221485,0.001219010475
6723,0.00137161067,0.001303628131
6724,0.001419561348,0.001588091043
6725,0.001320461728,0.001390670528
6726,0.001246585016,0.001199029102
6727,0.001269014494,0.001365215299
6728,0.001542267724,0.001297590614
6729,0.00119596444,0.001450797892
6730,0.001400786117,0.001306011
6731,0.001117071377,0.001258276563
6732,0.001368813901,0.001161961351
6733,0.001224778985,0.001236087199
6734,0.001337676556,0.001169968811
6735,0.001444008885,0.001255958399
6736,0.001125192401,0.00140481205
6737,0.001287030194,0.001366757773
6738,0.001449503005,0.001394227213
6739,0.001243621729,0.001171615746
6740,0.001261616169,0.001256853342
6741,0.001340588999,0.001492186195
6742,0.0012930917,0.001231080161
6743,0.001214804157,0.001442343899
6744,0.001203660257,0.001121270921
6745,0.001268062435,0.001088454606
6746,0.001332600717,0.001198242026
6747,0.001292112662,0.00141872633
6748,0.001552205271,0.001201212457
6749,0.001300811324,0.001261174839
6750,0.001558747957,0.001246190252
6751,0.001310158143,0.001332284082
6752,0.001310532418,0.001358237554
6753,0.001355798217,0.001181888729
6754,0.001287039508,0.001180615327
6755,0.001493142539,0.001435318496
6756,0.001173195698,0.001228202033
6757,0.001246152562,0.001368218524
6758,0.001249687892,0.001473908531
6759,0.001372817278,0.001335861321
6760,0.001408155615,0.001352531312
6761,0.001349014521,0.001216925026
6762,0.00136282586,0.001026254169
6763,0.001219025493,0.001180054052
6764,0.001252439914,0.001275129907
6765,0.001286695282,0.001131253484
6766,0.001279051052,0.001300011179
6767,0.001403142422,0.001307354934
6768,0.001442398527,0.001252120484
6769,0.001403378061,0.001266454739
6770,0.001207522539,0.001375051623
6771,0.001293481568,0.001237465258
6772,0.001458949264,0.001237869277
6773,0.001201159219,0.001158355139
6774,0.001199989158,0.001490747934
6775,0.001098217726,0.001280343757
6776,0.00123420512,0.001292084889
6777,0.001325028832,0.001216056779
6778,0.001208751361,0.001266759806
6779,0.001259071963,0.001319033167
6780,0.001175669277,0.001269482374
6781,0.001186381021,0.001281279387
6782,0.001498016674,0.001268460765
6783,0.001333993911,0.001204812732
6784,0.001405147821,0.001221221471
6785,0.001329670478,0.001144467504
6786,0.001430093034,0.00122604645
6787,0.001030772655,0.001312209715
6788,0.001196662648,0.00127076151
6789,0.001268632266,0.001325315403
6790,0.001121693793,0.001135740655
6791,0.001296535818,0.001164754627
6792,0.001201486783,0.001364881806
6793,0.001241765924,0.001328013663
6794,0.00125218014,0.001218534409
6795,0.001329485807,0.001253931179
6796,0.001326660058,0.001343039345
6797,0.001441224056,0.00111911117
6798,0.001210628296,0.001339714014
6799,0.001168672519,0.001228761619
6800,0.001136280036,0.001380541493
6801,0.001220283404,0.001214992197
6802,0.001431411278,0.001215595723
6803,0.001130890276,0.001163707173
6804,0.001450677664,0.001325216799
6805,0.0012303728,0.001481841609
6806,0.001384554023,0.001276114155
6807,0.00120276348,0.001715529434
6808,0.001227937973,0.001331487867
6809,0.001221849059,0.001324511686
6810,0.001413807615,0.001330798157
6811,0.001354365741,0.001231820068
6812,0.001248086104,0.001089743208
6813,0.001456020698,0.001323263714
6814,0.00137020956,0.001350430874
6815,0.00122043748,0.001278754557
6816,0.001172537253,0.001280387849
6817,0.00136502627,0.001277257703
6818,0.001067323181,0.00121812657
6819,0.001327709004,0.001169862044
6820,0.001171407908,0.001214212643
6821,0.001373336578,0.001381238471
6822,0.001298942138,0.00133539096
6823,0.001400536763,0.00118258578
6824,0.001232868701,0.001225501001
6825,0.001146819799,0.001270646368
6826,0.00137787695,0.001199863931
6827,0.001233116694,0.001472414049
6828,0.001383752053,0.001187011454
6829,0.001251425681,0.001084338372
6830,0.001324627847,0.001197230966
6831,0.00145152687,0.001335215537
6832,0.001203064268,0.001203722037
6833,0.001379126421,0.001357788089
6834,0.001397499931,0.001436806684
6835,0.001271955902,0.001182275584
6836,0.001323005112,0.001426106843
6837,0.001284123551,0.0014194748
6838,0.001331380758,0.001345301018
6839,0.001204495595,0.001200764476
6840,0.001546841639,0.001299928306
6841,0.001364558964,0.001181103224
6842,0.001170978794,0.001296923248
6843,0.001391366721,0.001368045465
6844,0.001269681728,0.001290570202
6845,0.00153449153,0.001282659636
6846,0.001116800333,0.001305464044
6847,0.00124644037,0.001299253941
6848,0.001389828074,0.001099747838
6849,0.001181405954,0.001277731964
6850,0.001156300474,0.00141105349
6851,0.001271879177,0.001495297096
6852,0.001309468455,0.001194705808
6853,0.001389325756,0.001320915049
6854,0.001333554625,0.00124265565
6855,0.001263282684,0.001388560006
6856,0.001325105448,0.001300514312
6857,0.00119700293,0.001157984574
6858,0.001449331219,0.001470435236
6859,0.001410701712,0.001367889243
6860,0.001409408665,0.001185341454
6861,0.001283022575,0.001201088198
6862,0.001493433374,0.00133346051
6863,0.001320760726,0.001341452305
6864,0.001234063107,0.00126508878
6865,0.001319629824,0.001268104963
6866,0.00129932462,0.001424346985
6867,0.001236125907,0.001269115193
6868,0.001335750901,0.001361863877
6869,0.00111360634,0.001162367051
6870,0.001349190563,0.001074669897
6871,0.001259166878,0.00120651738
6872,0.001175163263,0.001370775426
6873,0.001110898811,0.001185075984
6874,0.001251877562,0.001275976436
6875,0.001259962868,0.001267105217
6876,0.001348456513,0.001217476791
6877,0.001272359135,0.001320897172
6878,0.001272448455,0.001089312675
6879,0.001173084209,0.001232103888
6880,0.001348606624,0.001201697967
6881,0.001360644004,0.001187568632
6882,0.001267988715,0.001024414145
6883,0.001294130896,0.001272748937
6884,0.00134154546,0.001218265199
6885,0.001195441233,0.001107596545
6886,0.001160348853,0.001279568154
6887,0.001330319741,0.001486118999
6888,0.001298565199,0.001404737952
6889,0.00128476807,0.001434847509
6890,0.001303722485,0.001130237462
6891,0.00136737807,0.001052541498
6892,0.001367741526,0.001345697368
6893,0.00129149673,0.001201164239
6894,0.001190467025,0.001443860398
6895,0.001149691241,0.001151919321
6896,0.001318700313,0.00110940716
6897,0.001401241738,0.001218472753
6898,0.001295583672,0.001193259646
6899,0.001068484642,0.001259054756
6900,0.001426757372,0.001146975621
6901,0.001394545434,0.001199134917
6902,0.001429796466,0.001381893431
6903,0.001153983583,0.001204437074
6904,0.001272224108,0.001181512773
6905,0.001393335289,0.001207665715
6906,0.001391496946,0.001436441846
6907,0.001456301979,0.00122896245
6908,0.001349151949,0.001390249337
6909,0.001316432041,0.001512641888
6910,0.001539225152,0.001106153621
6911,0.001170303331,0.001281776567
6912,0.001444315487,0.001318748524
6913,0.001150576194,0.001235939402
6914,0.001466322545,0.001404413022
6915,0.001184526525,0.001359713846
6916,0.001336940222,0.001201375846
6917,0.001120565816,0.00119434714
6918,0.001287719046,0.001290065105
6919,0.001356263449,0.001232611176
6920,0.001082413903,0.00123529938
6921,0.001215612603,0.001260312391
6922,0.001290346467,0.001275284085
6923,0.001283536461,0.00116360555
6924,0.001241671227,0.001260517543
6925,0.001441191904,0.001261382087
6926,0.001461700347,0.001239287623
6927,0.001379379573,0.001131671248
6928,0.001194269884,0.001257593176
6929,0.001359835194,0.001276341558
6930,0.001285310849,0.001179277577
6931,0.001122418507,0.001320718919
6932,0.001240213714,0.00124680165
6933,0.001291547494,0.001310272783
6934,0.001309834945,0.001276015726
6935,0.001330658881,0.001232499853
6936,0.001335894915,0.001229051064
6937,0.00127357115,0.001295114591
6938,0.001204161104,0.001298203562
6939,0.001408385448,0.001303286641
6940,0.00120033334,0.001042685071
6941,0.001226445595,0.001147855502
6942,0.001191396288,0.001441781169
6943,0.001214831456,0.00124796656
6944,0.001389107623,0.001175607948
6945,0.001279353673,0.001336933332
6946,0.001194310345,0.001225761946
6947,0.001378974921,0.001306666149
6948,0.001242187078,0.00125745753
6949,0.001399612491,0.001081945484
6950,0.001253181937,0.001115564111
6951,0.00116070082,0.001336827423
6952,0.001379388625,0.001297086419
6953,0.00130315125,0.001193541997
6954,0.001327692335,0.001401350026
6955,0.001286668092,0.001330566258
6956,0.00138548424,0.001226535707
6957,0.001460928906,0.001335147033
6958,0.001382026807,0.001301076612
6959,0.00126419001,0.001268815249
6960,0.001305884289,0.001167272683
6961,0.001426477887,0.001133492537
6962,0.001333001819,0.001287104584
6963,0.001551899419,0.001208728689
6964,0.00107502297,0.001336524903
6965,0.001469249371,0.001476083235
6966,0.001196122241,0.00109599367
6967,0.001522051083,0.001417905543
6968,0.001479087026,0.001172628909
6969,0.00134323728,0.001269850567
6970,0.001383883442,0.001242399638
6971,0.001264391773,0.001269532644
6972,0.001264887695,0.001314883979
6973,0.001111901751,0.00121534885
6974,0.001436584585,0.001448675888
6975,0.001319841511,0.001184240842
6976,0.001163489949,0.001321307755
6977,0.00135508016,0.001014255278
6978,0.001384115254,0.001331058156
6979,0.001270852517,0.001453988283
6980,0.001397548083,0.001262070706
6981,0.001390828693,0.001280541888
6982,0.001370384198,0.001364347496
6983,0.00150589952,0.001338091395
6984,0.001321126663,0.001203267297
6985,0.00143367266,0.001392579696
6986,0.001180040708,0.001191433417
6987,0.001516540375,0.001364998257
6988,0.001324651676,0.001213547825
6989,0.001292595378,0.001275203766
6990,0.001291608729,0.001101125003
6991,0.001453530334,0.001329436855
6992,0.001274832488,0.001281641409
6993,0.001289654276,0.00127185513
6994,0.001338422349,0.001492319556
6995,0.001443840723,0.001233234187
6996,0.001218089579,0.001356682507
6997,0.001220567407,0.001150521319
6998,0.001334699336,0.001516031174
6999,0.001334145381,0.00121639666
7000,0.001215268217,0.001399290391
7001,0.001150688229,0.001120690198
7002,0.00108516476,0.00148811112
7003,0.001310604828,0.001219619837
7004,0.001511493501,0.001295777722
7005,0.001300348027,0.00138178264
7006,0.001281820121,0.001041286981
7007,0.001291307177,0.001353810636
7008,0.001355652086,0.001354201944
7009,0.001088890844,0.001195000761
7010,0.001147700561,0.001214538439
7011,0.001144114896,0.001162964676
7012,0.001264167207,0.001250670248
7013,0.001188590701,0.001220810111
7014,0.001173221564,0.001178674487
7015,0.001322883269,0.001119693363
7016,0.001243252969,0.001307972219
7017,0.001244497194,0.001146252107
7018,0.001202357547,0.00114975591
7019,0.001371675782,0.001227081266
7020,0.00118684239,0.001297246912
7021,0.001494600088,0.001297592709
7022,0.001166635819,0.00123196427
7023,0.001419397566,0.001370449994
7024,0.001338924048,0.001325162171
7025,0.001516995064,0.001108056691
7026,0.001358925045,0.001324062912
7027,0.001204523127,0.001149830743
7028,0.001238778146,0.001490441035
7029,0.001333823864,0.00125560318
7030,0.001423434893,0.001259268167
7031,0.001323186603,0.001350578736
7032,0.001325621633,0.001205141183
7033,0.001200121005,0.001284061604
7034,0.001358321111,0.001082904389
7035,0.001385453535,0.001262756363
7036,0.001535854572,0.001356550543
7037,0.001461842709,0.001357350826
7038,0.001262226331,0.00134092923
7039,0.001351356914,0.001293808724
7040,0.001332549757,0.001265362356
7041,0.001320881362,0.001505943219
7042,0.001262486272,0.001251398338
7043,0.0012637541,0.001287203966
7044,0.001245326705,0.001224685708
7045,0.001301031385,0.001220555656
7046,0.001395806699,0.001054554501
7047,0.001363436502,0.001233889474
7048,0.001259676996,0.001498511439
7049,0.001637507128,0.001210045099
7050,0.001238971206,0.001359249283
7051,0.001299692987,0.00128254843
7052,0.001116078725,0.001261359299
7053,0.001314422167,0.001236164964
7054,0.001171110387,0.001196896432
7055,0.001166980161,0.001146861105
7056,0.001250754307,0.001191831507
7057,0.001218595979,0.001229967667
7058,0.001339823633,0.001277224721
7059,0.001159774358,0.001217563098
7060,0.001262924059,0.00110643464
7061,0.001446764429,0.001561861034
7062,0.001237798846,0.001233316587
7063,0.001338757778,0.001249293869
7064,0.00135346716,0.001346131001
7065,0.001367270452,0.001307101855
7066,0.001301489261,0.001081181297
7067,0.001296923903,0.00158180474
7068,0.001317634109,0.001372310027
7069,0.001268756387,0.00122665659
7070,0.001327261263,0.001151687648
7071,0.001265814477,0.001314097812
7072,0.00119152767,0.001162399276
7073,0.00126624784,0.001196638113
7074,0.001189806964,0.001389944809
7075,0.001462604821,0.001225449232
7076,0.001369807258,0.001408373268
7077,0.001244273808,0.001080972121
7078,0.001367003104,0.001216535886
7079,0.001246743166,0.001144953902
7080,0.001295905611,0.001373633975
7081,0.00124623641,0.0014023025
7082,0.001199929087,0.001106798285
7083,0.001167148192,0.001115861269
7084,0.001250869507,0.001260617384
7085,0.001219527083,0.001203248707
7086,0.001432167279,0.001341148367
7087,0.001726616698,0.001265595209
7088,0.001244696105,0.001360479859
7089,0.001445747737,0.001291796099
7090,0.001213917909,0.001242394166
7091,0.001168071271,0.001481427462
7092,0.001203873937,0.001214394593
7093,0.00122301314,0.001123880313
7094,0.00148351556,0.001234924013
7095,0.001176185462,0.001141214598
7096,0.001278630662,0.001472276002
7097,0.001129994889,0.001396621461
7098,0.001276159004,0.00136932671
7099,0.001378914872,0.001370193422
7100,0.001299083844,0.001192475109
7101,0.001266458123,0.001330518382
7102,0.001395587809,0.00102708309
7103,0.001390000529,0.001245322164
7104,0.001210819137,0.001521618644
7105,0.001153485682,0.001348755206
7106,0.001275178671,0.001336366906
7107,0.001152047829,0.00126408886
7108,0.00126789738,0.00125017808
7109,0.001175734105,0.001486834481
7110,0.001134162354,0.001223079802
7111,0.001281674318,0.001150104545
7112,0.001284010912,0.001273070375
7113,0.001207330082,0.001240887243
7114,0.001373066887,0.001259325145
7115,0.001251268433,0.001207709203
7116,0.00127629441,0.001325868572
7117,0.001458137805,0.001378172004
7118,0.001177339036,0.001199647682
7119,0.001310264706,0.001302331882
7120,0.00127802715,0.001325652469
7121,0.001444833979,0.001118248176
7122,0.001254658237,0.001324321958
7123,0.001531440896,0.001277295632
7124,0.001348548496,0.001203226013
7125,0.001113505619,0.001108192439
7126,0.001355215201,0.001116502091
7127,0.001269774482,0.001251378824
7128,0.001313440836,0.00117356213
7129,0.001054986795,0.001246572683
7130,0.001143108537,0.001160877197
7131,0.001313577246,0.001198271493
7132,0.001253930488,0.001212999181
7133,0.001308730018,0.001376051499
7134,0.00150828874,0.001229132802
7135,0.001252068898,0.0013209522
7136,0.001361831921,0.001255525567
7137,0.001381753071,0.001265802421
7138,0.001260326157,0.001351980907
7139,0.001141239889,0.001211615257
7140,0.001199445702,0.001280121076
7141,0.001209292634,0.001296463437
7142,0.001174023273,0.001172189652
7143,0.001188761293,0.001398440378
7144,0.001262318561,0.001399031738
7145,0.001172258868,0.001310178377
7146,0.001309757994,0.001230957656
7147,0.00118902915,0.001199671671
7148,0.001318973387,0.0013425488
7149,0.00140457708,0.001193738564
7150,0.00145099689,0.001150876109
7151,0.001306526719,0.001498592872
7152,0.001359941423,0.001121357571
7153,0.001272980386,0.001238372963
7154,0.00126385266,0.001121339708
7155,0.001094878869,0.001196513782
7156,0.001269671295,0.00129655128
7157,0.001281435281,0.00123427029
7158,0.001307118822,0.001365962496
7159,0.001163493362,0.001277248055
7160,0.001103067872,0.001383601193
7161,0.001391465514,0.001342795178
7162,0.001282473066,0.001215308897
7163,0.001336701964,0.001236780867
7164,0.001142544643,0.00107158655
7165,0.0012852418,0.001262766287
7166,0.001312645327,0.001128630654
7167,0.0012866576,0.001346962694
7168,0.001442347144,0.001206280467
7169,0.001010473192,0.001328129729
7170,0.001343644733,0.001347439655
7171,0.001276776995,0.00110624361
7172,0.001290839267,0.001487536065
7173,0.001383674462,0.001446897746
7174,0.001286363637,0.001263544946
7175,0.001322523625,0.001193664437
7176,0.001442987181,0.001342913522
7177,0.001207529618,0.001266702631
7178,0.001202586602,0.001398072432
7179,0.001374006562,0.001279666511
7180,0.001409847377,0.001672001526
7181,0.001166138652,0.001124531678
7182,0.001624979661,0.001250213492
7183,0.00150187398,0.001554593226
7184,0.001278768876,0.001152392913
7185,0.001284560421,0.001113256498
7186,0.001127597709,0.001298281255
7187,0.001207635913,0.001326162237
7188,0.001497498946,0.001167971925
7189,0.001122489208,0.001318682669
7190,0.001471451869,0.00122747093
7191,0.001395625499,0.001245032894
7192,0.001252534712,0.001278701173
7193,0.001196530007,0.00111655036
7194,0.001150358738,0.001169753872
7195,0.001176764752,0.001314300243
7196,0.001259505887,0.001246455329
7197,0.001559056785,0.001123230271
7198,0.001408344615,0.001199066297
7199,0.001190907707,0.001298618175
7200,0.001250616246,0.001142089714
7201,0.001149916556,0.00121123853
7202,0.001282631179,0.001333389708
7203,0.001434290432,0.001289997475
7204,0.001281460194,0.001203179774
7205,0.001291579996,0.001415541505
7206,0.001251932874,0.001489387025
7207,0.001585033999,0.00127366955
7208,0.001410488287,0.001035623667
7209,0.001252134054,0.001384600022
7210,0.001176679027,0.001316353941
7211,0.001329864885,0.001231949806
7212,0.001195632009,0.001252017202
7213,0.001238656056,0.001335801695
7214,0.001360473165,0.001326030906
7215,0.001209073715,0.0012999967
7216,0.001341087307,0.001335885914
7217,0.00141101639,0.001100334666
7218,0.001248175846,0.001242888568
7219,0.001328710314,0.001275706025
7220,0.001365451397,0.00116610407
7221,0.001457757578,0.001278270123
7222,0.001213314681,0.001433293954
7223,0.00126335775,0.001216940669
7224,0.001044042518,0.001217153826
7225,0.001210928094,0.001470529329
7226,0.001185854395,0.001311438726
7227,0.001351486455,0.001218676611
7228,0.001332791377,0.001491511168
7229,0.001305830418,0.001117287407
7230,0.001362069554,0.001270038163
7231,0.001448760304,0.001344176431
7232,0.001252938629,0.001339177812
7233,0.00138077476,0.001203431995
7234,0.001287636129,0.001299873882
7235,0.001355191082,0.001281637225
7236,0.001060213523,0.001324159944
7237,0.001250229107,0.001219300248
7238,0.001215486904,0.001304618454
7239,0.001206519155,0.001193537501
7240,0.001249468449,0.001401911104
7241,0.001218909907,0.001135200459
7242,0.001400779183,0.001502767453
7243,0.001211672934,0.001175074111
7244,0.001343654192,0.001123657989
7245,0.001249185225,0.001357121684
7246,0.001401150621,0.001136452709
7247,0.001387965043,0.001417592139
7248,0.001101108734,0.001089574369
7249,0.001487865346,0.001243948689
7250,0.001345694604,0.0010307427
7251,0.001479603583,0.00150820578
7252,0.001136704173,0.001138158266
7253,0.001285562561,0.001226927314
7254,0.001293864676,0.001369364589
7255,0.001453023491,0.001168362229
7256,0.001404036346,0.001209391688
7257,0.001049471866,0.001108490746
7258,0.001393719067,0.00126937958
7259,0.001113882594,0.001088358418
7260,0.001182608699,0.001218828256
7261,0.001108137469,0.001260344863
7262,0.001405115428,0.001266356267
7263,0.001299374497,0.001316061112
7264,0.001629614708,0.001430039672
7265,0.001219625367,0.001216370794
7266,0.001291648616,0.001168760602
7267,0.001254070623,0.001290058281
7268,0.001285188155,0.001121781468
7269,0.001203167805,0.001293111098
7270,0.001164075089,0.00118154729
7271,0.001190732408,0.001271098568
7272,0.001208731534,0.001234813317
7273,0.001264911523,0.001189428753
7274,0.001214027063,0.001207381443
7275,0.00103436537,0.001158935404
7276,0.001319233597,0.001135475206
7277,0.00114676691,0.001304010089
7278,0.001151460718,0.001166770999
7279,0.001262759222,0.001133931037
7280,0.00115874099,0.001177982565
7281,0.0009334035494,0.001083557741
7282,0.001267552856,0.001276836629
7283,0.001340715884,0.001221168808
7284,0.001285569095,0.001185856607
7285,0.001315183341,0.00110495148
7286,0.001445186383,0.001213840573
7287,0.001304846803,0.001185121175
7288,0.001159106061,0.001136014507
7289,0.001394626684,0.001180151747
7290,0.001368489051,0.00129924732
7291,0.00100911648,0.001333317996
7292,0.00119809703,0.001090273305
7293,0.001386774791,0.001505804379
7294,0.001193010234,0.001368196143
7295,0.001178359191,0.001247462045
7296,0.001259046461,0.001246364045
7297,0.001345118668,0.001231882743
7298,0.001458422164,0.001260286052
7299,0.001427688352,0.001251075621
7300,0.001087819575,0.001293009038
7301,0.001285121281,0.001142816349
7302,0.001184977031,0.001212928364
7303,0.001260783756,0.001468017246
7304,0.001298486633,0.001183948792
7305,0.001202420855,0.001276774965
7306,0.001458956118,0.001290999382
7307,0.00121891762,0.001359412388
7308,0.001352594365,0.001471891432
7309,0.001141239351,0.001096125481
7310,0.001298829477,0.001285898208
7311,0.001439439846,0.001393971739
7312,0.001089593927,0.001210801995
7313,0.001437259001,0.001168198054
7314,0.001263574653,0.00140344628
7315,0.001075770815,0.001465821755
7316,0.001220261482,0.001399277346
7317,0.001093933788,0.001329468883
7318,0.001213154443,0.001086323777
7319,0.001227936569,0.001360178125
7320,0.001266331783,0.001304127145
7321,0.001136795639,0.001187481423
7322,0.001369271951,0.001053285516
7323,0.001301744313,0.001270021268
7324,0.00136442708,0.001323327902
7325,0.001287481158,0.001148875366
7326,0.001351261177,0.001250478919
7327,0.001317772229,0.001037998598
7328,0.001288601037,0.001151034026
7329,0.001383336159,0.00117355508
7330,0.001031664178,0.001394933046
7331,0.001350132079,0.001258346194
7332,0.001176273814,0.001354925938
7333,0.001095269945,0.00126808932
7334,0.001328912345,0.00118499127
7335,0.001260249432,0.001312987675
7336,0.001352314721,0.001063914278
7337,0.001435110993,0.00113396754
7338,0.001186350957,0.001295686699
7339,0.001419182037,0.001248326626
7340,0.001418510918,0.001167302566
7341,0.001064754957,0.001180259569
7342,0.001175844882,0.001253849288
7343,0.001217652381,0.001220998296
7344,0.001308510276,0.001364588927
7345,0.001366340082,0.001262400663
7346,0.001222481034,0.001222915082
7347,0.001255556715,0.001207451882
7348,0.001157037324,0.001297596536
7349,0.001306545186,0.001212890216
7350,0.001319144649,0.001404199793
7351,0.001263848673,0.001143026602
7352,0.001108775999,0.001084029238
7353,0.001235323798,0.001409071905
7354,0.001209792652,0.001178821833
7355,0.001217190998,0.001112421145
7356,0.001499059355,0.001320870011
7357,0.001197906604,0.001254609393
7358,0.001164601621,0.001212725969
7359,0.001144149595,0.001269658358
7360,0.001341832685,0.001219041995
7361,0.001250041751,0.001373161795
7362,0.001228445442,0.00121043394
7363,0.001230321912,0.001213429125
7364,0.001297411174,0.001287656713
7365,0.001193771073,0.001344442178
7366,0.001122563634,0.001190792391
7367,0.00144581114,0.0009970050669
7368,0.001225676599,0.001324438228
7369,0.001221525119,0.001160195483
7370,0.001122709589,0.001235774114
7371,0.001228683592,0.001422113077
7372,0.001201244471,0.001206409564
7373,0.001279729666,0.001236615921
7374,0.001275110735,0.001393494778
7375,0.001337206428,0.001223649124
7376,0.001558742442,0.001279955482
7377,0.001338608388,0.001304424826
7378,0.001140692235,0.00111899028
7379,0.001162136003,0.001273523143
7380,0.001239187259,0.001373492581
7381,0.0013327263,0.001167275084
7382,0.001328522056,0.001280337747
7383,0.001478509846,0.001385302654
7384,0.001276521201,0.001300234377
7385,0.001318722017,0.001248171851
7386,0.001157474457,0.001292468543
7387,0.001424475908,0.001289328575
7388,0.00148045164,0.001432302452
7389,0.001550542074,0.001182009961
7390,0.001093759747,0.00131441436
7391,0.001140760724,0.001569545653
7392,0.001409311866,0.001225661043
7393,0.001200520077,0.001422801666
7394,0.001254498151,0.001387014265
7395,0.001201481551,0.001292421264
7396,0.001305818791,0.001269734952
7397,0.001113198421,0.001012549707
7398,0.00140229633,0.001211305127
7399,0.001452127821,0.001266093437
7400,0.001346726538,0.001289504085
7401,0.001110864207,0.00124139322
7402,0.001113227452,0.001279345051
7403,0.001347762998,0.001281516757
7404,0.001399074303,0.001358573711
7405,0.00117802684,0.001069491307
7406,0.001236979791,0.001200236424
7407,0.001008529274,0.00122957147
7408,0.001324490091,0.001470022253
7409,0.001154692029,0.001231358096
7410,0.001476977734,0.001311367712
7411,0.001209213675,0.00140952607
7412,0.001355745932,0.001314438021
7413,0.001363509102,0.001161124936
7414,0.001468738672,0.001207689405
7415,0.001139774235,0.001397518005
7416,0.001451759235,0.001267520951
7417,0.001052098341,0.001057131369
7418,0.001329459708,0.001318562427
7419,0.001388228629,0.001188343987
7420,0.001276880677,0.00109230954
7421,0.001361707938,0.001203897315
7422,0.001220418766,0.001171124924
7423,0.001179227846,0.001303726807
7424,0.001159328203,0.00118876675
7425,0.001426148083,0.001080721522
7426,0.001108616016,0.001233764306
7427,0.001140380336,0.001217708836
7428,0.001422247791,0.001266210013
7429,0.001357002882,0.001140097134
7430,0.001412491722,0.001230024965
7431,0.001251579059,0.001213862823
7432,0.001324647965,0.001188294489
7433,0.001309379193,0.001278613126
7434,0.001405397335,0.001286496532
7435,0.001347731915,0.001260025034
7436,0.001267813859,0.001378240129
7437,0.001269918997,0.001269195469
7438,0.001249592045,0.001108333876
7439,0.001317323724,0.001336559391
7440,0.00122809867,0.001084044306
7441,0.001205139117,0.001069216385
7442,0.001155784179,0.001249745772
7443,0.001128900425,0.001255966177
7444,0.00124782171,0.001139336855
7445,0.001359541224,0.001166245827
7446,0.001212160103,0.001099715657
7447,0.001518329307,0.001142944799
7448,0.001273463567,0.001109842582
7449,0.001186522975,0.001096190004
7450,0.001369855861,0.001339632421
7451,0.001162150766,0.001226439847
7452,0.001283074627,0.001283604543
7453,0.001171729702,0.001247837979
7454,0.001304928257,0.001311721586
7455,0.001222829618,0.001232265829
7456,0.001135974737,0.001094195002
7457,0.001339541923,0.00139772299
7458,0.001184040571,0.001237730212
7459,0.00134342206,0.00130232815
7460,0.001297365379,0.001165701142
7461,0.001304941507,0.001383198811
7462,0.001158113882,0.001047835671
7463,0.001315524452,0.00114803957
7464,0.001267650572,0.001214101678
7465,0.001437153507,0.001046880883
7466,0.001220053353,0.001132573176
7467,0.001222759784,0.001383544746
7468,0.001276985829,0.001110040132
7469,0.001295739159,0.001130077151
7470,0.001329451181,0.001078081608
7471,0.0012732291,0.001149272313
7472,0.001428034186,0.001384638294
7473,0.001305961356,0.00125407926
7474,0.001278256081,0.001135944614
7475,0.001206704561,0.001096350483
7476,0.001607737489,0.001216705023
7477,0.0013091652,0.001133141042
7478,0.0013048322,0.001005430036
7479,0.001413460413,0.001150918411
7480,0.00134168689,0.001201057938
7481,0.001121907742,0.001227176414
7482,0.001336453257,0.001275157367
7483,0.001198123995,0.00106690517
7484,0.001259620461,0.001231836453
7485,0.001301016222,0.001229208356
7486,0.00119269429,0.001207718153
7487,0.001304662932,0.00135807936
7488,0.001166823058,0.001216109595
7489,0.001362628653,0.001084068215
7490,0.001206367888,0.001401720001
7491,0.001232001436,0.001224004111
7492,0.001242109611,0.001113796054
7493,0.001320152922,0.001175203171
7494,0.001394478255,0.001405695672
7495,0.001231175978,0.001263263301
7496,0.00144304469,0.001164361587
7497,0.001318645132,0.001272074078
7498,0.001496768666,0.001231881339
7499,0.001231948168,0.001125237126
7500,0.001301362703,0.001237123943
7501,0.001076336397,0.001175153324
7502,0.001480228952,0.001263565959
7503,0.001311399625,0.001259999146
7504,0.001115781968,0.00110197605
7505,0.001188836948,0.001202770727
7506,0.001230851216,0.001278050782
7507,0.001287440886,0.001205531196
7508,0.001223011604,0.00108198767
7509,0.001498809841,0.001282641249
7510,0.001415182982,0.001195491299
7511,0.001094413157,0.001386281365
7512,0.001337628462,0.001245408275
7513,0.001268809014,0.001329911771
7514,0.001389775251,0.001334588385
7515,0.001237492892,0.001229616682
7516,0.001479161212,0.001434658159
7517,0.001487757327,0.001201494968
7518,0.001132692421,0.001220188409
7519,0.001273785958,0.001202606283
7520,0.001193306605,0.001346866047
7521,0.00123758462,0.001341949239
7522,0.001164345667,0.00116661856
7523,0.001354979227,0.001285982406
7524,0.001336227666,0.001288507774
7525,0.001290805973,0.001382308692
7526,0.001306624152,0.001333439563
7527,0.001151101867,0.001107223339
7528,0.001201222054,0.001429437063
7529,0.001146933399,0.001266331841
7530,0.001121455731,0.001213193798
7531,0.001220262166,0.001233570132
7532,0.001138165637,0.001304050544
7533,0.001235424403,0.001138108521
7534,0.00120863015,0.00123841039
7535,0.001266609921,0.001314917514
7536,0.00121135237,0.00128181294
7537,0.001195014796,0.001232875773
7538,0.001173666402,0.001278728858
7539,0.001068485944,0.001086665892
7540,0.001206845496,0.0009745969801
7541,0.001182862266,0.001123184309
7542,0.001350490376,0.001248974426
7543,0.001263721271,0.001329838517
7544,0.001291760498,0.001244421765
7545,0.001189093309,0.001255553907
7546,0.001236091863,0.001128973068
7547,0.001279099262,0.001150040356
7548,0.001125840383,0.001160084532
7549,0.001049374157,0.001518448989
7550,0.001231448252,0.001351365085
7551,0.001141889748,0.001234830226
7552,0.0009613617731,0.001118774118
7553,0.001125174938,0.001286578823
7554,0.001251829359,0.001161766988
7555,0.001252187227,0.001259850906
7556,0.001323212862,0.001095359883
7557,0.001276952156,0.001245334599
7558,0.001453452234,0.001092216022
7559,0.001161767141,0.001217971643
7560,0.001147869749,0.001180958658
7561,0.001240176411,0.001254475777
7562,0.001431115466,0.001232774994
7563,0.001242696278,0.001297489267
7564,0.001206651061,0.00121390284
7565,0.001242150553,0.001114872088
7566,0.001048905651,0.001071285536
7567,0.001232045055,0.001341761759
7568,0.001337847978,0.001263194623
7569,0.001175045501,0.00137926382
7570,0.001270151275,0.001288940774
7571,0.001086584714,0.001257522876
7572,0.00120977388,0.00114906724
7573,0.001275890485,0.001265739127
7574,0.001409430595,0.001246045809
7575,0.001091437618,0.001403132293
7576,0.001435730912,0.001466247195
7577,0.001287057996,0.001448232302
7578,0.001398760694,0.001302024713
7579,0.001205159308,0.001300438365
7580,0.001192118085,0.001290575863
7581,0.001313944507,0.001250792106
7582,0.001218147103,0.001073737993
7583,0.00118455958,0.001163644476
7584,0.001208927308,0.001125699797
7585,0.00131791929,0.001477489815
7586,0.00101219309,0.00124347688
7587,0.001298219839,0.001298333438
7588,0.001125074923,0.001183667067
7589,0.001361668539,0.001326108657
7590,0.001375047519,0.00121893578
7591,0.001129407756,0.001162650842
7592,0.001204228676,0.001106172436
7593,0.001054548171,0.001226912515
7594,0.001022123724,0.001251170412
7595,0.001223101026,0.001384314317
7596,0.001051680578,0.001156514139
7597,0.001142942696,0.001070116945
7598,0.001094201405,0.001171274947
7599,0.001125638104,0.001342122312
7600,0.001166438422,0.001333792316
7601,0.001248991197,0.001273201902
7602,0.001536553122,0.001065701668
7603,0.00118546978,0.001194674696
7604,0.001112687438,0.001260934499
7605,0.001325181322,0.001127109492
7606,0.001208625268,0.001407808581
7607,0.001168479212,0.001163089706
7608,0.001239433739,0.001095880863
7609,0.001115342828,0.001260226039
7610,0.001293566122,0.001081688919
7611,0.001250101879,0.0009984502176
7612,0.001419865803,0.001141154928
7613,0.001509624664,0.001098108856
7614,0.001421085151,0.001251791487
7615,0.001305653066,0.001069350452
7616,0.001004956772,0.00123891652
7617,0.001230140304,0.001368723155
7618,0.001341878109,0.001116248161
7619,0.001164220062,0.001160043546
7620,0.001398557266,0.001277852345
7621,0.001169272211,0.001286348546
7622,0.001234078649,0.001126926043
7623,0.001186711408,0.001089326892
7624,0.001400922374,0.00119808696
7625,0.001303830264,0.001104849616
7626,0.001436109385,0.001202545027
7627,0.00122225011,0.001450742428
7628,0.001155722057,0.001121642519
7629,0.001127672876,0.001259787547
7630,0.001199387676,0.001268055581
7631,0.001244863932,0.001246888438
7632,0.001205658533,0.001150289652
7633,0.001270501394,0.001328567712
7634,0.00107528134,0.001094434767
7635,0.001189402843,0.001309774023
7636,0.001319814379,0.001254795301
7637,0.001084012816,0.001222027815
7638,0.001589271371,0.001030435269
7639,0.001340346338,0.001435879771
7640,0.001464462955,0.001121201145
7641,0.001245496285,0.001131071796
7642,0.001327058897,0.001316480528
7643,0.001229559377,0.00119517155
7644,0.001465092057,0.00131053674
7645,0.001266980151,0.001164377318
7646,0.001318646449,0.001047193728
7647,0.00132109072,0.001297208568
7648,0.001134973551,0.00125374824
7649,0.001415357961,0.001218178862
7650,0.001373910782,0.001206231216
7651,0.001442468289,0.001424857073
7652,0.001202229716,0.001161790387
7653,0.001319918185,0.001188299932
7654,0.001287689811,0.001316929207
7655,0.001141269619,0.001040325747
7656,0.001567810978,0.001102754752
7657,0.00115516402,0.001221351515
7658,0.001294239104,0.001265598541
7659,0.001477090031,0.001111251804
7660,0.001395362407,0.001140712404
7661,0.001254269511,0.001092386919
7662,0.001388944584,0.001468137365
7663,0.001444229398,0.001073997009
7664,0.001281709905,0.001203671331
7665,0.001250011192,0.001263820901
7666,0.001166854512,0.00126714175
7667,0.001103281356,0.001166993614
7668,0.001080337461,0.00106510226
7669,0.001176105099,0.001294549984
7670,0.001100966525,0.001009431508
7671,0.001397139706,0.001068229249
7672,0.001252948336,0.001313505323
7673,0.001476648817,0.001155437538
7674,0.001255163348,0.001301007273
7675,0.001315544941,0.001285133832
7676,0.001350659411,0.001188020891
7677,0.001516222008,0.001031151485
7678,0.001525705375,0.001263158636
7679,0.001343669588,0.001261425226
7680,0.001200820414,0.001119265333
7681,0.001249503039,0.001119196284
7682,0.001045801248,0.001111405058
7683,0.001245068299,0.001145014903
7684,0.001202567677,0.00121093812
7685,0.00108546947,0.001302658173
7686,0.001392403123,0.0009711235616
7687,0.001226338842,0.001067307698
7688,0.001324179684,0.001232096743
7689,0.001334206805,0.001181961481
7690,0.001397561806,0.001106133372
7691,0.001311471191,0.001222732346
7692,0.001296588161,0.00132360102
7693,0.001261622514,0.00116062686
7694,0.001441873363,0.001198338708
7695,0.001487332527,0.001132331738
7696,0.001252981077,0.001036595604
7697,0.001358273861,0.001304699064
7698,0.001189208779,0.001298949472
7699,0.001225133055,0.001410720251
7700,0.001242856197,0.001086067015
7701,0.001356366556,0.001260222482
7702,0.001250547284,0.001283033518
7703,0.001269279703,0.00106777552
7704,0.001113460632,0.001309736006
7705,0.00120419469,0.001012747634
7706,0.00115817265,0.001272239257
7707,0.001198128237,0.001193257587
7708,0.00128077688,0.001067326244
7709,0.001394836225,0.001044698321
7710,0.001249501489,0.001254262097
7711,0.001207698137,0.0009983578857
7712,0.00116648883,0.001331977357
7713,0.001180890184,0.001141683184
7714,0.001271034445,0.001132450809
7715,0.001522815699,0.001154494639
7716,0.001486439505,0.001189438233
7717,0.001092138082,0.001298664676
7718,0.001182398883,0.001108190736
7719,0.001271483023,0.001185747424
7720,0.001157999752,0.001222312356
7721,0.001369530102,0.001540299927
7722,0.001422721762,0.001185707326
7723,0.001280685326,0.001153044999
7724,0.001342243108,0.001240832251
7725,0.001199187522,0.0011123144
7726,0.001065587974,0.001179994484
7727,0.001234038398,0.0009900805817
7728,0.001236748503,0.001164127607
7729,0.001224900858,0.001111658472
7730,0.001169257826,0.001184511093
7731,0.001242314815,0.001280946301
7732,0.001485886387,0.001290487329
7733,0.001374757041,0.001274989831
7734,0.001372399369,0.001245067528
7735,0.001041791904,0.001137042702
7736,0.001104744653,0.001297624949
7737,0.001244996762,0.001199911647
7738,0.001136592509,0.001417562453
7739,0.001176089361,0.001270094988
7740,0.001342434211,0.00127409985
7741,0.001223074549,0.001270175577
7742,0.00113689409,0.001071952523
7743,0.001154594269,0.001192282274
7744,0.001210571703,0.001219341168
7745,0.001146925038,0.001088017809
7746,0.001250461006,0.001270759778
7747,0.001328410493,0.001092277911
7748,0.001376817461,0.001152086959
7749,0.001222132087,0.001386898744
7750,0.001278754658,0.00119803704
7751,0.001070879123,0.00108177025
7752,0.001165975911,0.001226341279
7753,0.001313047484,0.001232202667
7754,0.001222332852,0.001045407196
7755,0.001120075402,0.001216880628
7756,0.001193318167,0.00140971267
7757,0.001218582787,0.001234302144
7758,0.001174770659,0.001327693113
7759,0.001231139933,0.001450345837
7760,0.001154237107,0.001240984129
7761,0.001108180142,0.001018834402
7762,0.001127058873,0.001239655488
7763,0.001193242992,0.001105873853
7764,0.001147809802,0.001330461775
7765,0.001210458533,0.001279686512
7766,0.001170376498,0.001236630582
7767,0.001318043178,0.001181806758
7768,0.001110129881,0.00113991712
7769,0.001285110935,0.001435524646
7770,0.001442262452,0.001009682834
7771,0.00127559137,0.001046497549
7772,0.001192399344,0.001098531058
7773,0.001241626218,0.001158238956
7774,0.001365159405,0.000892756776
7775,0.001170462972,0.001154438607
7776,0.001067121244,0.001482847729
7777,0.001195161909,0.001455411984
7778,0.001406713418,0.001143059526
7779,0.001296795323,0.001334537796
7780,0.001139368724,0.001224852291
7781,0.001240600024,0.001098439818
7782,0.001362972951,0.001364377502
7783,0.001103905546,0.00140227798
7784,0.001329504368,0.001431608347
7785,0.001231841714,0.001325676443
7786,0.001166167218,0.001224443185
7787,0.001209641086,0.001090933758
7788,0.001112375969,0.001106330797
7789,0.001026265112,0.001111555561
7790,0.001317981019,0.001020207252
7791,0.001194879194,0.001354619031
7792,0.001176080135,0.00146027554
7793,0.001022039134,0.001023460551
7794,0.00133115222,0.001245367421
7795,0.001292526336,0.001251909009
7796,0.001150436714,0.001118651351
7797,0.001146522671,0.001408454831
7798,0.001184176312,0.0012456689
7799,0.001479096958,0.001238857025
7800,0.001253484617,0.001142349771
7801,0.001324127195,0.001152122983
7802,0.001387152879,0.001165887559
7803,0.001151792159,0.001179219922
7804,0.001118911605,0.00122476845
7805,0.001360880444,0.00113269061
7806,0.001222941246,0.001346867881
7807,0.001245605599,0.001286394137
7808,0.001252798167,0.001061050287
7809,0.001230075402,0.001202931729
7810,0.001231533519,0.001205460241
7811,0.001162212568,0.00123973158
7812,0.001267627966,0.0011883119
7813,0.00138892018,0.00115237532
7814,0.00126580619,0.001161246604
7815,0.001170025636,0.001338571848
7816,0.001080959242,0.001172926444
7817,0.001077732013,0.001261613113
7818,0.001452453274,0.00110241145
7819,0.001156971062,0.001266225714
7820,0.001140881264,0.001494798271
7821,0.001358405614,0.001146262824
7822,0.001177847778,0.001099945359
7823,0.001189103008,0.001296612601
7824,0.001115470339,0.001144478629
7825,0.001415823339,0.001391836311
7826,0.001135944323,0.001137299747
7827,0.00120404036,0.001063433636
7828,0.001330312371,0.001271591005
7829,0.001354111359,0.001188852184
7830,0.00121179007,0.001198550664
7831,0.00125093371,0.001106883312
7832,0.001262946826,0.001119416251
7833,0.001295267139,0.001206225927
7834,0.001177062048,0.001244235529
7835,0.001311656939,0.001246602988
7836,0.001236248907,0.001256717049
7837,0.00112317266,0.001199027938
7838,0.001501643601,0.001054244683
7839,0.001221348837,0.001195324876
7840,0.001306950173,0.0009899818615
7841,0.001242851984,0.001213817195
7842,0.001215032251,0.001206137749
7843,0.001393199884,0.001416089472
7844,0.001213720221,0.00114659479
7845,0.00160942979,0.001192221644
7846,0.001072960971,0.001256938689
7847,0.001162423432,0.001385866875
7848,0.001088599442,0.001377891967
7849,0.001150086267,0.001150818636
7850,0.001109830439,0.001279171687
7851,0.001427743417,0.001173453624
7852,0.001454456506,0.00116181546
7853,0.00116515025,0.001180284235
7854,0.001361185874,0.001183981607
7855,0.001206254456,0.001130303761
7856,0.00116944754,0.001233800751
7857,0.001234768235,0.000980295692
7858,0.001227891058,0.0009631950525
7859,0.001141182867,0.001080536837
7860,0.001333578832,0.00137395208
7861,0.001135578263,0.001224915286
7862,0.001113234888,0.001257379387
7863,0.001168040922,0.001129853648
7864,0.001125149523,0.001291388791
7865,0.001225413187,0.001217395344
7866,0.00107244699,0.001118600041
7867,0.001307767539,0.001192859949
7868,0.001150116223,0.001287033403
7869,0.001081062655,0.001225295717
7870,0.001334185108,0.001243816252
7871,0.001159771382,0.001313202687
7872,0.001206441433,0.001422780319
7873,0.001176188132,0.001325359059
7874,0.001377916575,0.001238641504
7875,0.001266514329,0.001180151274
7876,0.001353126863,0.001096768894
7877,0.001276288851,0.001026235535
7878,0.001318666007,0.00114489453
7879,0.001228603047,0.001200897619
7880,0.00124014874,0.001138000654
7881,0.001212976218,0.00120872254
7882,0.001251585549,0.001216271819
7883,0.001330261526,0.001262556092
7884,0.001321210177,0.001365125034
7885,0.001326806028,0.001278604832
7886,0.001386981858,0.001365628232
7887,0.001237270095,0.00131556944
7888,0.001536764714,0.001012482317
7889,0.001184943438,0.001197599689
7890,0.001324273129,0.001321453004
7891,0.001052756721,0.001012654793
7892,0.001266130566,0.001176971055
7893,0.001393538725,0.00129166335
7894,0.001137803825,0.001216881741
7895,0.001218688318,0.001081867442
7896,0.001056658824,0.00149032881
7897,0.001233419665,0.001307704879
7898,0.001244666906,0.001311535074
7899,0.001073723419,0.001236205353
7900,0.001190389245,0.001304515594
7901,0.001270350622,0.001181603351
7902,0.001395290965,0.001165898459
7903,0.001405355026,0.001139470172
7904,0.001391425692,0.001240886158
7905,0.001239072524,0.001208378708
7906,0.001058316899,0.001214165284
7907,0.001149444775,0.001179876599
7908,0.001331982916,0.001176404068
7909,0.001297722178,0.00120028072
7910,0.001254796538,0.001261682148
7911,0.001425068149,0.001256813412
7912,0.001449250165,0.001215749246
7913,0.001171019838,0.001203674867
7914,0.001227808236,0.001185813802
7915,0.001190030744,0.00115951489
7916,0.001342509931,0.00110298831
7917,0.001250431407,0.001106711919
7918,0.001228755485,0.00137247474
7919,0.001122032889,0.00120521721
7920,0.001320533062,0.001154706239
7921,0.00113719808,0.001290309359
7922,0.001270606619,0.001301245953
7923,0.001244718012,0.001106059011
7924,0.001250228466,0.00107209116
7925,0.001189855975,0.001122020636
7926,0.001207071196,0.001106069583
7927,0.001420093795,0.001110364326
7928,0.001294291462,0.00131708612
7929,0.00135130257,0.001278499811
7930,0.001095969368,0.001322253513
7931,0.001077660614,0.001314720481
7932,0.001392927392,0.00137909731
7933,0.001109980229,0.001058346345
7934,0.001164137437,0.001316425463
7935,0.001459571773,0.001043185563
7936,0.001193201359,0.001248167493
7937,0.00139731016,0.001128725831
7938,0.001181639876,0.001342515781
7939,0.0012553579,0.001282010475
7940,0.001146939932,0.001204126223
7941,0.001210635528,0.001165713729
7942,0.001182247062,0.001297477371
7943,0.001211125018,0.001138997453
7944,0.001433136335,0.001320486161
7945,0.00124713924,0.001275518109
7946,0.001169564806,0.001136803032
7947,0.001258452801,0.001037936396
7948,0.001315777961,0.001258276068
7949,0.001174612553,0.001074446067
7950,0.001284667604,0.001254163581
7951,0.001237943288,0.001422830319
7952,0.0011984577,0.001078375361
7953,0.001365572061,0.001207455622
7954,0.001273696362,0.001210645169
7955,0.001441416694,0.001137058491
7956,0.001254034185,0.0009712205574
7957,0.001189592098,0.001013134686
7958,0.001301150704,0.001154478508
7959,0.001144205351,0.001363725714
7960,0.001135892162,0.001176881226
7961,0.001347517551,0.001102407914
7962,0.001282871162,0.001146301482
7963,0.001314320121,0.001136450475
7964,0.001316418922,0.001186319292
7965,0.001306278071,0.001152664852
7966,0.001212998199,0.001377807115
7967,0.001243239996,0.00125588708
7968,0.001320160183,0.001203419873
7969,0.001249518471,0.001239776917
7970,0.001112747763,0.001220872902
7971,0.001128943848,0.001032773063
7972,0.001249873589,0.001022790973
7973,0.001273522481,0.001291081746
7974,0.001309006002,0.00140078993
7975,0.001151845121,0.001211328978
7976,0.001246177271,0.001085889075
7977,0.001146925555,0.001214238211
7978,0.001142061199,0.0009265932749
7979,0.001137673185,0.001334304514
7980,0.001044328877,0.001194087075
7981,0.001287422143,0.001296402501
7982,0.001071747734,0.001337038979
7983,0.00142039104,0.001173507582
7984,0.001229725414,0.001243922568
7985,0.001214181655,0.001348135607
7986,0.001222931103,0.001182047301
7987,0.001225639578,0.001156720828
7988,0.001074824329,0.001108844161
7989,0.001135338003,0.001272062596
7990,0.001463770939,0.001189145165
7991,0.001259999401,0.001041293908
7992,0.001059739494,0.001250851747
7993,0.001290521963,0.001212558796
7994,0.001230138827,0.001488886875
7995,0.001271923677,0.001224967389
7996,0.001263077189,0.001277564072
7997,0.001144516544,0.001248745029
7998,0.001269502107,0.001269989487
7999,0.001290041153,0.001200934377
8000,0.001225264205,0.001314642192
8001,0.00122141571,0.001046231708
8002,0.001177562583,0.001066493933
8003,0.001400513567,0.001363725023
8004,0.001199401537,0.001002737677
8005,0.001223503561,0.001095276959
8006,0.001104828494,0.001143862159
8007,0.001109441786,0.001169731244
8008,0.001196250683,0.001141679284
8009,0.001376408851,0.001250631009
8010,0.001252234608,0.001252561022
8011,0.001203543376,0.001053038271
8012,0.001359197428,0.001134459992
8013,0.001039547198,0.001105054696
8014,0.001324000819,0.001218974452
8015,0.001104883195,0.001203631837
8016,0.001173526813,0.001113340062
8017,0.0012842781,0.001100810696
8018,0.001187624228,0.001210301241
8019,0.001194506782,0.001053087937
8020,0.001345080927,0.001182658358
8021,0.001340209856,0.001297848619
8022,0.001160496548,0.00145576823
8023,0.001085392709,0.001073649801
8024,0.001181554064,0.001207609414
8025,0.001327720216,0.001292578847
8026,0.00113735925,0.00128192718
8027,0.001146947747,0.001309879874
8028,0.00118484033,0.001238632714
8029,0.001124684422,0.001339884519
8030,0.001272986534,0.001312152774
8031,0.001062725591,0.0011553687
8032,0.001225173255,0.001034472058
8033,0.001368195721,0.001236778167
8034,0.001252643618,0.001099557099
8035,0.001274637587,0.001028982653
8036,0.001090215032,0.001178610808
8037,0.001466147631,0.001163634246
8038,0.001091782731,0.0013673047
8039,0.001089641592,0.001112586819
8040,0.00119052708,0.00120839008
8041,0.001281647892,0.001194925986
8042,0.001345240475,0.001358578702
8043,0.001314698486,0.001152974924
8044,0.00126069571,0.001116448424
8045,0.001075899017,0.001255930176
8046,0.001158347834,0.001149696007
8047,0.001422748239,0.001157617029
8048,0.001358036738,0.001247079155
8049,0.001343269621,0.001097738495
8050,0.0009854858654,0.001324897763
8051,0.001304237201,0.001110142432
8052,0.001234185867,0.00115019099
8053,0.001044626952,0.001192048199
8054,0.001250987305,0.001156585597
8055,0.00108269498,0.001265813451
8056,0.001112117876,0.001132999765
8057,0.001179389597,0.001118460073
8058,0.001167304297,0.00120227498
8059,0.001146335664,0.00108437911
8060,0.001321567266,0.001312046676
8061,0.001243533494,0.001153648482
8062,0.001259222561,0.001081203263
8063,0.001183066619,0.001309753803
8064,0.0009853625961,0.0009781414556
8065,0.001299219439,0.001259615281
8066,0.001524882959,0.001427467476
8067,0.001370872633,0.001134572383
8068,0.00127293398,0.001252977192
8069,0.001410850338,0.001187146467
8070,0.001289420339,0.001236764787
8071,0.001157964543,0.001138929736
8072,0.001304244943,0.001041997486
8073,0.001163341556,0.001190367577
8074,0.001066586396,0.001115223502
8075,0.001170381896,0.001209097143
8076,0.001328837228,0.0012503529
8077,0.001059039292,0.001067237674
8078,0.001183558968,0.001185662964
8079,0.0013000869,0.0012421594
8080,0.001305262296,0.00119654186
8081,0.001124987895,0.001228328809
8082,0.001282046505,0.001342152995
8083,0.00103756239,0.000984649887
8084,0.001199623235,0.001151673379
8085,0.001175806174,0.001267572326
8086,0.001127400312,0.001138187152
8087,0.001076114335,0.001203181979
8088,0.001212077346,0.001249013272
8089,0.001192051168,0.001298729054
8090,0.001051134095,0.001368072371
8091,0.001211778086,0.001085365591
8092,0.001175724479,0.001239971651
8093,0.001191341173,0.001242334525
8094,0.001382632836,0.001068869467
8095,0.00121321917,0.001371262748
8096,0.00127451116,0.001307233484
8097,0.001240195088,0.001062003204
8098,0.001343937984,0.001353789077
8099,0.001160114211,0.001094066974
8100,0.001239643992,0.001146993527
8101,0.001200974912,0.001385611053
8102,0.001036683709,0.001170612821
8103,0.001244639439,0.001075080501
8104,0.001347212092,0.001221029452
8105,0.001149877746,0.001233481787
8106,0.001238002958,0.001311031738
8107,0.001181657186,0.001204565226
8108,0.001237674776,0.001135357335
8109,0.001160057043,0.001292040375
8110,0.001236569406,0.001227550747
8111,0.001259432167,0.001143332927
8112,0.001138958207,0.001143121139
8113,0.001010322783,0.001347476733
8114,0.001126524352,0.00127765107
8115,0.001148424773,0.001127480966
8116,0.001271177862,0.0011113496
8117,0.001361747913,0.001452096214
8118,0.001195229532,0.001093763647
8119,0.001201447943,0.0010286303
8120,0.001055031578,0.001021727476
8121,0.001196667392,0.001102273607
8122,0.001070166996,0.00155033241
8123,0.001117558248,0.0012516524
8124,0.001164760404,0.001032821041
8125,0.00124232658,0.001265206825
8126,0.001273813803,0.001405587718
8127,0.001281385397,0.001213943098
8128,0.001219862752,0.00106182228
8129,0.001276418501,0.001248610846
8130,0.001181498257,0.001134074271
8131,0.001025912927,0.001110084871
8132,0.001079619135,0.001212198782
8133,0.001228450608,0.001120211768
8134,0.001228752793,0.001160843298
8135,0.001311839558,0.001397043365
8136,0.001169028168,0.001236437223
8137,0.001155468803,0.001054424349
8138,0.001097993641,0.001177167142
8139,0.001393563536,0.001253020084
8140,0.001332775857,0.001166093607
8141,0.001473708908,0.001187562732
8142,0.001156217491,0.001233700488
8143,0.001321165517,0.001250643632
8144,0.00119470746,0.0009973592678
8145,0.001240083446,0.00102473663
8146,0.00122141646,0.001205391978
8147,0.001402078997,0.001107443357
8148,0.00117315611,0.001341954703
8149,0.001289165171,0.00109577414
8150,0.001112073573,0.001117808351
8151,0.001287276005,0.001217228528
8152,0.001232690032,0.001422331865
8153,0.001198856728,0.001334036344
8154,0.00128461932,0.001215409044
8155,0.00129268325,0.001045572637
8156,0.0009798658357,0.001115503816
8157,0.001044116623,0.001186302681
8158,0.001346137222,0.001287297389
8159,0.001082238421,0.001266897816
8160,0.0009923372854,0.001297725787
8161,0.001223338157,0.001293047957
8162,0.001343847682,0.001139835731
8163,0.001275545677,0.001245786611
8164,0.001204025219,0.001120670371
8165,0.001184595967,0.001065715725
8166,0.001006862774,0.001231656308
8167,0.001171001109,0.00125189135
8168,0.001293662892,0.001298266005
8169,0.001195727353,0.001092035163
8170,0.001415347979,0.001217270226
8171,0.001119002147,0.00106625136
8172,0.001171463518,0.001193779375
8173,0.0012070136,0.00122658188
8174,0.001465018577,0.001430617376
8175,0.001249460933,0.001208819813
8176,0.001112207385,0.00123835056
8177,0.001013826979,0.001323216042
8178,0.001263759601,0.00121012923
8179,0.001370346872,0.001528459456
8180,0.001165337555,0.001152288103
8181,0.001482830317,0.001178866296
8182,0.001541104852,0.001298924835
8183,0.001097212597,0.001072366489
8184,0.001263915336,0.001078723806
8185,0.001065867182,0.001054909662
8186,0.001086014861,0.00120448025
8187,0.00109274537,0.001269545683
8188,0.001193836441,0.001067164318
8189,0.001150539785,0.001324665311
8190,0.001393637387,0.001294391317
8191,0.001238512086,0.001199176149
8192,0.001041076735,0.001192234442
8193,0.001323195669,0.001099900466
8194,0.001227024892,0.001209240691
8195,0.001126034178,0.001137374129
8196,0.001042050695,0.00128482822
8197,0.001381343674,0.001204596578
8198,0.001421159031,0.001113486695
8199,0.001191983647,0.001371850667
8200,0.001199610444,0.001126540476
8201,0.001272713213,0.001127258067
8202,0.001257950164,0.001210247057
8203,0.001275822622,0.00128582953
8204,0.0009414251035,0.001128071191
8205,0.00117227064,0.00115588621
8206,0.00127024109,0.001283362581
8207,0.001289884254,0.001053627915
8208,0.001440658751,0.001208335205
8209,0.001294258866,0.001151965567
8210,0.001332682965,0.001338932074
8211,0.001276813011,0.001081166192
8212,0.001315372632,0.001127002302
8213,0.001043058932,0.001019798205
8214,0.001128858101,0.00112562759
8215,0.001168030562,0.001089623482
8216,0.001283876743,0.001114118575
8217,0.001067975361,0.001080686365
8218,0.001208194204,0.001284750426
8219,0.001111591031,0.001110803038
8220,0.001107695665,0.001201779858
8221,0.001321340198,0.001187980219
8222,0.001201348605,0.001125171926
8223,0.001119797344,0.001262605248
8224,0.0012068219,0.001053881468
8225,0.001112155951,0.001148064097
8226,0.001078412337,0.001326375568
8227,0.001259542361,0.001066594021
8228,0.001168490126,0.00109630495
8229,0.001226511449,0.001172984521
8230,0.001278441923,0.001150438395
8231,0.001415573905,0.001100649373
8232,0.0011183112,0.001058499904
8233,0.00122800158,0.00125278825
8234,0.00119883108,0.001187948576
8235,0.001397681146,0.001140082917
8236,0.001047775455,0.001298084455
8237,0.001212920637,0.001179109902
8238,0.001424410832,0.00131764081
8239,0.001576446921,0.001118522661
8240,0.001120628309,0.001127641772
8241,0.001055075918,0.001295460032
8242,0.001186648049,0.001057206988
8243,0.001122555717,0.001106202566
8244,0.001173117518,0.001361303061
8245,0.001378857327,0.001317734692
8246,0.001651957369,0.001225477958
8247,0.001207181194,0.001291176406
8248,0.001435438535,0.001143827758
8249,0.001167982708,0.001189886854
8250,0.001225704626,0.001264020495
8251,0.001234197531,0.001087866018
8252,0.001093190564,0.00121155243
8253,0.001255297764,0.001058746799
8254,0.001287734078,0.001182279491
8255,0.001176776488,0.001125295152
8256,0.00117705619,0.001357763358
8257,0.001021799682,0.001331139778
8258,0.00113207769,0.001189660965
8259,0.00114277636,0.001127812604
8260,0.001292493595,0.001274577073
8261,0.001266282823,0.001127945899
8262,0.00111049202,0.001175129233
8263,0.001249859692,0.001185281195
8264,0.001115794104,0.001244404426
8265,0.001264952167,0.00132901554
8266,0.001452029581,0.001141749577
8267,0.001079640657,0.001185897883
8268,0.001292511712,0.001389840319
8269,0.001208662812,0.001101257687
8270,0.001196307305,0.001236616561
8271,0.00107382713,0.001101962836
8272,0.001425161638,0.001049246988
8273,0.001306776816,0.001265344341
8274,0.001241278049,0.001186816167
8275,0.001170859839,0.001352728919
8276,0.001344828757,0.001233034796
8277,0.001188109251,0.001182602864
8278,0.001464514353,0.001148012292
8279,0.001123780683,0.001139777582
8280,0.001455987876,0.001083101626
8281,0.00136663999,0.001110103301
8282,0.0009970641986,0.001162682063
8283,0.001171827556,0.001193984594
8284,0.001278545635,0.001345083161
8285,0.001322704782,0.001053008971
8286,0.001202279396,0.001251495749
8287,0.001332119049,0.001258651748
8288,0.001476298312,0.001219509708
8289,0.00132796765,0.001212256902
8290,0.001352389416,0.001287099738
8291,0.001102488663,0.001060226743
8292,0.001257010175,0.001206595225
8293,0.001082146489,0.001241063714
8294,0.001273719812,0.001184073517
8295,0.001226116088,0.001158423845
8296,0.001191058924,0.001135277787
8297,0.001111508129,0.001113461127
8298,0.00110469613,0.001078473826
8299,0.001080596732,0.001154446931
8300,0.001177994352,0.001334330205
8301,0.001130950179,0.001185628207
8302,0.00116958993,0.00127993917
8303,0.001329694736,0.001076788292
8304,0.001169711635,0.001223289946
8305,0.001099718655,0.001165740759
8306,0.001029803112,0.001217438643
8307,0.001197377132,0.001213991782
8308,0.00121098636,0.001160585714
8309,0.001170648575,0.001384821691
8310,0.001212162708,0.001410338082
8311,0.001142716639,0.001202930311
8312,0.001186066525,0.001244127678
8313,0.001128219781,0.001141734014
8314,0.001206995817,0.001314794936
8315,0.001477700862,0.001022208962
8316,0.00109613419,0.001153923098
8317,0.001202102801,0.001163238827
8318,0.001150324344,0.0009717995199
8319,0.001237582765,0.001168369774
8320,0.001197089994,0.001075655236
8321,0.001159884072,0.001187848662
8322,0.001202229279,0.001388140212
8323,0.001219783029,0.001014927053
8324,0.001293520581,0.00111273292
8325,0.001268369386,0.00132646619
8326,0.001356419336,0.001187335714
8327,0.001409707023,0.001244599145
8328,0.001166587419,0.001025363381
8329,0.001134130427,0.00114830213
8330,0.001225837077,0.001083778567
8331,0.001200406332,0.00125362863
8332,0.001246555796,0.001280489392
8333,0.001071956372,0.00112722566
8334,0.001355578934,0.001115541127
8335,0.001123594593,0.001163875488
8336,0.001165728201,0.001174340396
8337,0.001261864076,0.001101561524
8338,0.001252886141,0.001217922851
8339,0.001165451213,0.001334886867
8340,0.001088797275,0.001049444247
8341,0.001575728806,0.001189809729
8342,0.001291748929,0.001137035455
8343,0.001240493802,0.001082137118
8344,0.001176478581,0.001206569352
8345,0.001184378212,0.001162343018
8346,0.001253534203,0.001339902672
8347,0.00118733244,0.001254708623
8348,0.001332521417,0.001241334561
8349,0.001273695903,0.001089385711
8350,0.001207838723,0.00103352013
8351,0.001214986602,0.001146772818
8352,0.001224301217,0.001076382963
8353,0.001258297867,0.00134514473
8354,0.001318005015,0.001221745792
8355,0.001155506325,0.001144061942
8356,0.001174001212,0.001317063019
8357,0.001166072456,0.001057086163
8358,0.001152829325,0.001091717044
8359,0.001519294965,0.001179361854
8360,0.001218778452,0.001395191386
8361,0.001108650082,0.001261887024
8362,0.001353743261,0.001358846792
8363,0.001099851615,0.001126649324
8364,0.001465427697,0.001303367455
8365,0.001193544544,0.001123620335
8366,0.00130597641,0.001242942111
8367,0.001338864684,0.001257388089
8368,0.001078318885,0.001254810042
8369,0.001183948414,0.001256468531
8370,0.00128921475,0.001371339036
8371,0.0013083667,0.001054754546
8372,0.0011754843,0.001173940902
8373,0.001604107019,0.001242212486
8374,0.00118365042,0.001219188249
8375,0.001324389799,0.001185725443
8376,0.001456596889,0.001154608981
8377,0.001333652079,0.001167088347
8378,0.001255427189,0.001263129445
8379,0.001075288223,0.001090988495
8380,0.001179799961,0.001291798311
8381,0.001227101777,0.001155587735
8382,0.001255285875,0.001319969422
8383,0.001234411371,0.001071725725
8384,0.001335795212,0.001348049591
8385,0.001105328076,0.001210856564
8386,0.001335841669,0.00117861505
8387,0.001237094206,0.001250202571
8388,0.00122118053,0.001151121432
8389,0.001051833649,0.001177514838
8390,0.001025007114,0.001491943636
8391,0.001077233028,0.001305962956
8392,0.001183440349,0.00107001482
8393,0.001317326547,0.001116213476
8394,0.001037941649,0.001244438557
8395,0.001285332699,0.00125669624
8396,0.001109574514,0.001258988086
8397,0.001290794229,0.001328902741
8398,0.001281441117,0.001377995184
8399,0.001277205869,0.001224859334
8400,0.001210320785,0.001048655766
8401,0.0012757281,0.001105980809
8402,0.00117719204,0.001225525157
8403,0.001115584913,0.001186891437
8404,0.001247852641,0.001062365263
8405,0.0009872043447,0.001231891089
8406,0.001264053601,0.001086695105
8407,0.001106428783,0.001260352998
8408,0.001079259535,0.001249648769
8409,0.001259454191,0.001225039523
8410,0.001289472828,0.001317537593
8411,0.001202021005,0.001147907853
8412,0.001079472459,0.001053989683
8413,0.001023285113,0.001194009536
8414,0.001315233385,0.001170105803
8415,0.001213967844,0.0009447529083
8416,0.001506233515,0.00140916722
8417,0.001113053026,0.001227058216
8418,0.001276242721,0.001362962445
8419,0.001237907658,0.001201570063
8420,0.001497292207,0.001212203075
8421,0.00125855142,0.001327891136
8422,0.001143914378,0.00121932746
8423,0.001096812266,0.001253393435
8424,0.001307722676,0.001263926584
8425,0.001224885789,0.001105962838
8426,0.001056847192,0.001286519269
8427,0.001090981175,0.0009621844874
8428,0.001263173239,0.001115262625
8429,0.001291776098,0.001258730772
8430,0.001308435501,0.00113501757
8431,0.001210859984,0.001358619891
8432,0.001144502283,0.001091710059
8433,0.001134814578,0.001280265555
8434,0.001102357208,0.001388611148
8435,0.001146690178,0.001438994004
8436,0.001380526475,0.001221156053
8437,0.001378337212,0.001441050066
8438,0.0009901632802,0.00136835275
8439,0.001156458828,0.001401642352
8440,0.001240341771,0.00116446738
8441,0.0009300645615,0.001165564609
8442,0.001334582863,0.001131626355
8443,0.001212336836,0.001206644112
8444,0.001212573989,0.001026118669
8445,0.001136111037,0.001201094958
8446,0.001068154954,0.001160205094
8447,0.001147811061,0.001180367726
8448,0.001301685334,0.001263726372
8449,0.001185797446,0.001129141034
8450,0.001145767754,0.00110706329
8451,0.001299081072,0.001304282785
8452,0.001255480573,0.001119341585
8453,0.001300099051,0.001175965845
8454,0.001291711946,0.001444103596
8455,0.001514017291,0.001174699632
8456,0.001630838713,0.001365081946
8457,0.001143157708,0.00120682142
8458,0.001269966786,0.001133249192
8459,0.001216403529,0.001111007216
8460,0.001183409266,0.001257984281
8461,0.001226516841,0.00110792739
8462,0.001624263896,0.001203664695
8463,0.001149407195,0.001227339497
8464,0.001245956359,0.001233536765
8465,0.001380858921,0.0009510415621
8466,0.001284075159,0.001275261813
8467,0.00126721312,0.001071458486
8468,0.001176031685,0.0010603704
8469,0.001232790797,0.001048938138
8470,0.001223368214,0.001118344764
8471,0.001027708182,0.001164220645
8472,0.001288817555,0.00109572144
8473,0.001113032835,0.001210476439
8474,0.001611832064,0.001079962502
8475,0.001158146275,0.001149861077
8476,0.001330374173,0.001204421977
8477,0.001197260441,0.001145674491
8478,0.001400761066,0.001131286655
8479,0.001227064204,0.00119238926
8480,0.00122599717,0.001057336143
8481,0.001139974207,0.001103400522
8482,0.001279198827,0.00108832134
8483,0.001206139357,0.001203205189
8484,0.001192885291,0.001138827793
8485,0.001018512776,0.00108908768
8486,0.001248412795,0.001236013144
8487,0.001083087998,0.001297405674
8488,0.001327389567,0.001080619484
8489,0.001125163719,0.001033930923
8490,0.001184544417,0.001177644423
8491,0.001178666906,0.001304085228
8492,0.00102664579,0.001464131412
8493,0.001320694544,0.0009880273064
8494,0.001006000137,0.001252017988
8495,0.001294870948,0.001228900284
8496,0.001139728905,0.001131270779
8497,0.001446696697,0.00119175281
8498,0.001066617806,0.001287826286
8499,0.001357719331,0.00107298683
8500,0.001004726626,0.001116211293
8501,0.001194060569,0.001251482783
8502,0.0009953958288,0.001314471301
8503,0.001163647692,0.00120430372
8504,0.001064291697,0.0009398936236
8505,0.001258439668,0.001295891459
8506,0.001077419663,0.001183868735
8507,0.001251893758,0.001091683058
8508,0.001213362484,0.001341287949
8509,0.00110599964,0.001109704775
8510,0.001153402649,0.001256621879
8511,0.001261946069,0.001109036981
8512,0.001307695704,0.001367496239
8513,0.00111804789,0.001125810733
8514,0.001253877614,0.001190828181
8515,0.0009564113134,0.001247477085
8516,0.001318352108,0.001471630982
8517,0.00121299296,0.001233403142
8518,0.001239719713,0.001219267644
8519,0.001133575148,0.001173940982
8520,0.00118472708,0.001368677818
8521,0.001030618369,0.001245682797
8522,0.001118264299,0.001315042507
8523,0.001276393596,0.001253573006
8524,0.001040148571,0.00114274917
8525,0.001270219684,0.0011517573
8526,0.001279215801,0.001162917113
8527,0.001364736483,0.001367358898
8528,0.001103989693,0.001091913036
8529,0.001051685736,0.001110963909
8530,0.001049778162,0.001036331487
8531,0.001085484852,0.001358881716
8532,0.001347694648,0.001203322492
8533,0.001193641132,0.001307712228
8534,0.001226204578,0.001496477518
8535,0.001119152468,0.001309176223
8536,0.001223858533,0.001289078878
8537,0.001021067867,0.001129580312
8538,0.00114498804,0.001201428568
8539,0.001263662984,0.0009882330341
8540,0.001153010679,0.001046910002
8541,0.001024933372,0.001137236584
8542,0.001208205002,0.001131611825
8543,0.001166133472,0.001117396539
8544,0.00107093143,0.001166045353
8545,0.001438428269,0.001043805089
8546,0.001185472633,0.001038440336
8547,0.001264289342,0.001221655242
8548,0.001202672473,0.00110814863
8549,0.001254522533,0.001132677258
8550,0.001106466429,0.001071726583
8551,0.001346564008,0.001176510174
8552,0.001083129966,0.001203107364
8553,0.001235083531,0.001116579864
8554,0.001229107591,0.00114693334
8555,0.00115813945,0.001136177969
8556,0.001235946613,0.001044721161
8557,0.001136832143,0.001303645447
8558,0.001234592739,0.001249601373
8559,0.001168601877,0.001205279463
8560,0.001030008614,0.001072252453
8561,0.001117914486,0.001314211746
8562,0.001155603844,0.00121715659
8563,0.001125566923,0.001365042088
8564,0.001147501636,0.001042960823
8565,0.001144212081,0.001305625774
8566,0.001218439618,0.001043160381
8567,0.001216160279,0.00124863215
8568,0.001297846087,0.001027351347
8569,0.001091630729,0.001271639747
8570,0.001025208345,0.001157961618
8571,0.001233010349,0.001139322521
8572,0.001524045772,0.001336612288
8573,0.001261358833,0.001206768495
8574,0.001149553507,0.001224798099
8575,0.001254412462,0.00119481641
8576,0.001068744903,0.001303619865
8577,0.001323137818,0.001132018406
8578,0.001148094445,0.001209757043
8579,0.001344769218,0.001256210897
8580,0.001290843182,0.001212420932
8581,0.001104446987,0.001082147457
8582,0.001395512896,0.001434305545
8583,0.001172223259,0.001328303035
8584,0.001166984206,0.00119322641
8585,0.001148933385,0.00101750061
8586,0.001114617553,0.001168405877
8587,0.001373970939,0.001242217913
8588,0.001388433244,0.001009459418
8589,0.001241811267,0.001170675947
8590,0.001163033667,0.001417946449
8591,0.001254343442,0.001217946439
8592,0.001152439807,0.001081137321
8593,0.001324789155,0.001194752316
8594,0.001159145082,0.001193087635
8595,0.001357707384,0.001175036246
8596,0.00123262644,0.001123169292
8597,0.001364684213,0.001155739032
8598,0.001109052195,0.001165223017
8599,0.001420474815,0.001156692568
8600,0.001272142617,0.001246501386
8601,0.001325433761,0.001232395749
8602,0.00145645775,0.001148973774
8603,0.00124874332,0.001210423405
8604,0.00145072733,0.001082608847
8605,0.00108194803,0.001009727057
8606,0.001182376545,0.001261220496
8607,0.001455245736,0.00134724439
8608,0.001352869192,0.001365597847
8609,0.001137938008,0.00109037658
8610,0.001186411195,0.00126799984
8611,0.001104158189,0.001199088278
8612,0.0009970946849,0.00114179153
8613,0.001386995093,0.001060411669
8614,0.001098936293,0.001180226995
8615,0.001230142356,0.001205018969
8616,0.001372322149,0.001205604996
8617,0.001219375343,0.001065625198
8618,0.001472042277,0.001176846941
8619,0.001396135078,0.001185212175
8620,0.001224549691,0.00109084123
8621,0.001275916307,0.001277744799
8622,0.001156915387,0.001199502549
8623,0.001289381922,0.001217922516
8624,0.001300164105,0.001273534377
8625,0.001258277392,0.001091680642
8626,0.001467153241,0.00104551301
8627,0.001095349748,0.001008766754
8628,0.001169135903,0.00110270569
8629,0.00125226871,0.001283320671
8630,0.001172605567,0.00122160207
8631,0.001035919035,0.001188756978
8632,0.001231971444,0.001041234966
8633,0.001135987855,0.00126532009
8634,0.00128080033,0.0009925268314
8635,0.001281884608,0.001065863806
8636,0.001247103319,0.00102565511
8637,0.001106912467,0.001126431052
8638,0.001226990455,0.001150636825
8639,0.001182046246,0.001153676705
8640,0.001183552158,0.001246167987
8641,0.001331639607,0.001214949385
8642,0.001205417197,0.001103934315
8643,0.001163944049,0.001123587572
8644,0.001273817223,0.001238679943
8645,0.001180976011,0.001362580602
8646,0.001221276412,0.001188772818
8647,0.001135639606,0.001061874253
8648,0.001168560986,0.001149658201
8649,0.001405995856,0.001142111461
8650,0.001161501568,0.001174189958
8651,0.001377257344,0.001157850435
8652,0.001123599955,0.00121802809
8653,0.001145398506,0.001146683768
8654,0.001220175021,0.001202349602
8655,0.0013072605,0.001434386118
8656,0.001107825585,0.001243466744
8657,0.001061191964,0.001351599625
8658,0.001296454764,0.001140003806
8659,0.001107042088,0.001185062312
8660,0.001261514946,0.001055985682
8661,0.001196736244,0.001158074221
8662,0.001242550774,0.00109973763
8663,0.001350659819,0.001112521189
8664,0.001334254295,0.001318928698
8665,0.001222097824,0.001089607184
8666,0.001018731193,0.001200862032
8667,0.001138872925,0.00121077877
8668,0.001120912893,0.001222967134
8669,0.001330360319,0.001211163624
8670,0.001251421258,0.001300692733
8671,0.00126201236,0.001084264964
8672,0.001192753443,0.0011425579
8673,0.001370339713,0.001112546444
8674,0.001170473974,0.001210470989
8675,0.001375469838,0.001324964898
8676,0.001306467777,0.001010656655
8677,0.00121567156,0.001229514724
8678,0.001206192363,0.001134522347
8679,0.001419394845,0.001157495783
8680,0.001046023048,0.001082336697
8681,0.001057443507,0.001291890687
8682,0.001222227278,0.001142910114
8683,0.001062665731,0.001447171082
8684,0.001107387063,0.001063818934
8685,0.001100956717,0.00104052142
8686,0.001164012036,0.001086436241
8687,0.001180784064,0.001225051295
8688,0.001060637165,0.001222765146
8689,0.001275052353,0.001159516483
8690,0.001416739986,0.001270321402
8691,0.001243033701,0.001085985357
8692,0.001176608806,0.001135481391
8693,0.001226160479,0.00104023028
8694,0.001291190521,0.001351535757
8695,0.001175330224,0.001175625614
8696,0.001194136537,0.001191508185
8697,0.001241951693,0.001227832836
8698,0.001168939663,0.001112490681
8699,0.001080253322,0.001277121424
8700,0.001487888148,0.001180599735
8701,0.001292541972,0.001121185924
8702,0.001210374336,0.001343261247
8703,0.001531756432,0.00100169806
8704,0.001058683294,0.001055011169
8705,0.001072673083,0.001208547401
8706,0.001355180269,0.001204040673
8707,0.001216501609,0.001208899252
8708,0.001060483381,0.001184209395
8709,0.001205288652,0.001254924457
8710,0.00127819537,0.001184734239
8711,0.001268325839,0.00129849567
8712,0.001094469444,0.00139741895
8713,0.001221097264,0.001206809
8714,0.001153390855,0.001133485108
8715,0.001119190943,0.001151094948
8716,0.001148626106,0.001239289377
8717,0.001219787235,0.001161200096
8718,0.001169884243,0.001168933872
8719,0.001161192791,0.001077577479
8720,0.001353173357,0.001393864601
8721,0.00128158283,0.001236821568
8722,0.001149127194,0.00130507147
8723,0.00121831477,0.001091832528
8724,0.001299356722,0.00102922599
8725,0.00131350803,0.0009732565522
8726,0.001102740338,0.001125390285
8727,0.001177419261,0.001151002907
8728,0.001086489734,0.001054190761
8729,0.001211393988,0.0010892102
8730,0.001132378675,0.001185058791
8731,0.001037202281,0.001179003732
8732,0.001072000654,0.001143786438
8733,0.001416953339,0.001121147543
8734,0.001285371254,0.001048239261
8735,0.001258398384,0.001148345909
8736,0.001098742141,0.001127128337
8737,0.001173326877,0.001253618095
8738,0.001082854222,0.001139949636
8739,0.001198495607,0.001006772931
8740,0.001314872134,0.001314576701
8741,0.001132762554,0.001159056657
8742,0.001066985249,0.001165136928
8743,0.001344882185,0.00139076497
8744,0.001096662563,0.001265744002
8745,0.001358087276,0.001231628019
8746,0.001037971451,0.001301056058
8747,0.001156328959,0.001175916077
8748,0.001143690752,0.001205612258
8749,0.001518543824,0.001107541291
8750,0.001356763831,0.001153628677
8751,0.001356982211,0.001162811175
8752,0.001170689196,0.001214531214
8753,0.001110785284,0.001086681928
8754,0.0009908304855,0.001161263499
8755,0.001217560006,0.0012955454
8756,0.001283705249,0.001017811206
8757,0.001164030589,0.0009924755941
8758,0.001242388811,0.001132319718
8759,0.001309530489,0.001274086761
8760,0.001301832068,0.001272039299
8761,0.001291607834,0.001250014931
8762,0.00127708706,0.001312394001
8763,0.001121142501,0.001113579361
8764,0.00108668505,0.001330817955
8765,0.001167246119,0.001097237531
8766,0.001129067481,0.001286709979
8767,0.00128328026,0.001267440653
8768,0.001136566527,0.0009827172034
8769,0.001230036738,0.001268163687
8770,0.001193135424,0.001169923373
8771,0.001348218932,0.001183513654
8772,0.001091411701,0.001182841879
8773,0.001320219963,0.001092627223
8774,0.0009909257278,0.001246699379
