epoch,train_loss,val_loss,test_loss,lr,best_val_loss_so_far
0,0.04500409681349993,0.043891810812056065,0.04408805165439844,0.0,inf
1,0.044046363327652216,0.042395271360874176,0.04416313488036394,2e-09,0.043891810812056065
2,0.04612781386822462,0.044464170932769775,0.04420275194570422,4e-09,0.042395271360874176
3,0.0440351921133697,0.042297990527004004,0.04366565961390734,6.000000000000001e-09,0.042395271360874176
4,0.04522116854786873,0.03994518890976906,0.04108417872339487,8e-09,0.042297990527004004
5,0.04153222730383277,0.04000119352713227,0.041804914362728596,1e-08,0.03994518890976906
6,0.04186510667204857,0.03968066954985261,0.04138270393013954,1.2000000000000002e-08,0.03994518890976906
7,0.037194496719166636,0.03947330126538873,0.04123096400871873,1.4000000000000001e-08,0.03968066954985261
8,0.04125497816130519,0.03961392305791378,0.03945622267201543,1.6e-08,0.03947330126538873
9,0.038409240543842316,0.03766669658944011,0.037556033581495285,1.8000000000000002e-08,0.03947330126538873
10,0.038496815133839846,0.03644552733749151,0.039836141280829906,2e-08,0.03766669658944011
11,0.03700967179611325,0.036745462100952864,0.03815131215378642,2.2000000000000002e-08,0.03644552733749151
12,0.03866924112662673,0.03628111444413662,0.03884158143773675,2.4000000000000003e-08,0.03644552733749151
13,0.036289087031036615,0.03390517644584179,0.03689459152519703,2.6000000000000005e-08,0.03628111444413662
14,0.03520502825267613,0.03564955526962876,0.038319703191518784,2.8000000000000003e-08,0.03390517644584179
15,0.03783040912821889,0.03323783748783171,0.03325057704932988,3.0000000000000004e-08,0.03390517644584179
16,0.03540898161008954,0.036075541051104665,0.036747930804267526,3.2e-08,0.03323783748783171
17,0.033487890381366014,0.03500683233141899,0.03422618261538446,3.4e-08,0.03323783748783171
18,0.032685056794434786,0.03471584268845618,0.034969855565577745,3.6000000000000005e-08,0.03323783748783171
19,0.03651999752037227,0.03337706415913999,0.033696634229272604,3.8e-08,0.03323783748783171
20,0.03466606326401234,0.03236937220208347,0.03432186646386981,4e-08,0.03323783748783171
21,0.03177761170081794,0.030667794169858098,0.033510885667055845,4.2e-08,0.03236937220208347
22,0.034058619290590286,0.03231559228152037,0.03183937259018421,4.4000000000000004e-08,0.030667794169858098
23,0.03199816052801907,0.0305812016595155,0.03184286318719387,4.6e-08,0.030667794169858098
24,0.03115201974287629,0.029968915972858667,0.03141613327898085,4.8000000000000006e-08,0.0305812016595155
25,0.029949566116556525,0.029733474599197507,0.03179904096759856,5e-08,0.029968915972858667
26,0.029526611091569066,0.02836146578192711,0.0298898930195719,5.200000000000001e-08,0.029733474599197507
27,0.030962976859882474,0.028158449102193117,0.02992396499030292,5.4e-08,0.02836146578192711
28,0.031993343494832516,0.02825493668206036,0.029452956281602383,5.6000000000000005e-08,0.028158449102193117
29,0.029655755031853914,0.02992563252337277,0.030930161476135254,5.8e-08,0.028158449102193117
30,0.03020479972474277,0.025815664790570736,0.02841027732938528,6.000000000000001e-08,0.028158449102193117
31,0.026877939933910966,0.026534551521763206,0.02785246050916612,6.2e-08,0.025815664790570736
32,0.029142405139282346,0.026768701849505305,0.02672666567377746,6.4e-08,0.025815664790570736
33,0.029965562745928764,0.027539182221516967,0.026952714659273624,6.600000000000001e-08,0.025815664790570736
34,0.02656621322967112,0.025860111927613616,0.026856885058805346,6.8e-08,0.025815664790570736
35,0.026966592529788613,0.023651135386899114,0.02279716869816184,7e-08,0.025815664790570736
36,0.02367556211538613,0.023208660539239645,0.024666866986081004,7.200000000000001e-08,0.023651135386899114
37,0.026359043084084988,0.02366668125614524,0.025566528318449855,7.400000000000001e-08,0.023208660539239645
38,0.025442800484597683,0.023450549691915512,0.023504334269091487,7.6e-08,0.023208660539239645
39,0.02510278159752488,0.021813744213432074,0.02466363087296486,7.800000000000001e-08,0.023208660539239645
40,0.024784209672361612,0.023310146061703563,0.024336349219083786,8e-08,0.021813744213432074
41,0.023386456770822406,0.021379562560468912,0.02355751465074718,8.2e-08,0.021813744213432074
42,0.023109833942726254,0.020990036893635988,0.022318758303299546,8.4e-08,0.021379562560468912
43,0.022613375913351774,0.020917042158544064,0.022372629260644317,8.6e-08,0.020990036893635988
44,0.02316828863695264,0.02215046901255846,0.02008603001013398,8.800000000000001e-08,0.020917042158544064
45,0.022884391015395522,0.021702216705307364,0.020624330500140786,9.000000000000001e-08,0.020917042158544064
46,0.02329610218293965,0.02088919305242598,0.021660222439095378,9.2e-08,0.020917042158544064
47,0.021703445352613926,0.019353216281160712,0.020467170746997,9.400000000000001e-08,0.02088919305242598
48,0.020097006345167756,0.020215856144204736,0.019422155106440187,9.600000000000001e-08,0.019353216281160712
49,0.02085349685512483,0.018245757091790438,0.0192875771317631,9.800000000000002e-08,0.019353216281160712
50,0.021148251369595528,0.018096062703989446,0.019325143424794078,1e-07,0.018245757091790438
51,0.022745199967175722,0.018587396596558392,0.019413269823417068,1.0200000000000001e-07,0.018096062703989446
52,0.019312511663883924,0.018936808686703444,0.018970217555761337,1.0400000000000002e-07,0.018096062703989446
53,0.018992602825164795,0.015970384003594518,0.019274577731266618,1.0600000000000002e-07,0.018096062703989446
54,0.017276530154049397,0.01785440056119114,0.01810771448072046,1.08e-07,0.015970384003594518
55,0.0188884106464684,0.018447795184329152,0.01866997708566487,1.1e-07,0.015970384003594518
56,0.017568892100825906,0.01634965999983251,0.017750017577782273,1.1200000000000001e-07,0.015970384003594518
57,0.018198173609562218,0.01797316689044237,0.017680702614597976,1.1400000000000001e-07,0.015970384003594518
58,0.01774114929139614,0.01669190323445946,0.016871281317435205,1.16e-07,0.015970384003594518
59,0.01689034583978355,0.016625391086563468,0.016786408959887922,1.1800000000000001e-07,0.015970384003594518
60,0.018021330004557967,0.015209741075523198,0.01682375161908567,1.2000000000000002e-07,0.015970384003594518
61,0.01682513952255249,0.014496296644210815,0.0167350338306278,1.22e-07,0.015209741075523198
62,0.017112444853410125,0.016058531822636724,0.015055688447318971,1.24e-07,0.014496296644210815
63,0.016369405086152256,0.014767708024010062,0.01667544210795313,1.2600000000000002e-07,0.014496296644210815
64,0.016108190407976508,0.014641518355347216,0.015380275901407003,1.28e-07,0.014496296644210815
65,0.015789339086040854,0.014917987282387912,0.014823265140876174,1.3000000000000003e-07,0.014496296644210815
66,0.01703315309714526,0.014963631751015782,0.014947771443985403,1.3200000000000002e-07,0.014496296644210815
67,0.014997608377598226,0.013662245008163154,0.014683827525004745,1.34e-07,0.014496296644210815
68,0.0152384809916839,0.013609032146632671,0.013923708582296968,1.36e-07,0.013662245008163154
69,0.015180865186266601,0.013571270275861025,0.014316663146018982,1.3800000000000002e-07,0.013609032146632671
70,0.014896347536705434,0.014342874754220247,0.013661213917657733,1.4e-07,0.013571270275861025
71,0.015099084354005754,0.012666080729104578,0.013784241396933794,1.42e-07,0.013571270275861025
72,0.015388113097287714,0.013080512988381088,0.01404179772362113,1.4400000000000002e-07,0.012666080729104578
73,0.014299009344540536,0.013765037758275867,0.013900643563829362,1.46e-07,0.012666080729104578
74,0.013999592047184706,0.013743981253355742,0.01404723955783993,1.4800000000000003e-07,0.012666080729104578
75,0.014085851493291557,0.013423346215859056,0.013650698820129037,1.5e-07,0.012666080729104578
76,0.014404228189960122,0.012517192051745951,0.013992228428833187,1.52e-07,0.012666080729104578
77,0.014505900559015572,0.013228378957137465,0.013380526099354029,1.54e-07,0.012517192051745951
78,0.01331353688146919,0.01301135728135705,0.013583191088400781,1.5600000000000002e-07,0.012517192051745951
79,0.013749474659562111,0.011931682704016566,0.012950508971698582,1.58e-07,0.012517192051745951
80,0.013659903779625893,0.01269718969706446,0.012903593364171684,1.6e-07,0.011931682704016566
81,0.013731990940868855,0.012499067466706038,0.012873255996964872,1.6200000000000002e-07,0.011931682704016566
82,0.01265996159054339,0.013089732266962528,0.01197316637262702,1.64e-07,0.011931682704016566
83,0.013734271167777479,0.013503038208000362,0.0126699487445876,1.6600000000000003e-07,0.011931682704016566
84,0.012770248111337423,0.012114791781641543,0.012958720559254289,1.68e-07,0.011931682704016566
85,0.012853479012846947,0.01235959178302437,0.012349677039310336,1.7000000000000001e-07,0.011931682704016566
86,0.013091131462715566,0.01221906067803502,0.012569469516165555,1.72e-07,0.011931682704016566
87,0.013200657209381461,0.012270775740034878,0.012253159773536026,1.7400000000000002e-07,0.011931682704016566
88,0.013322728220373392,0.011883930186741054,0.012358814128674567,1.7600000000000001e-07,0.011931682704016566
89,0.012872745865024626,0.013028826331719756,0.012510480009950697,1.78e-07,0.011883930186741054
90,0.012947184382937849,0.011792819364927709,0.012699084705673158,1.8000000000000002e-07,0.011883930186741054
91,0.012349177384749055,0.011772181489504874,0.0120023483177647,1.8200000000000002e-07,0.011792819364927709
92,0.01279822748620063,0.012300998321734369,0.012089724303223193,1.84e-07,0.011772181489504874
93,0.012965593603439629,0.011637508519925177,0.012057696585543454,1.86e-07,0.011772181489504874
94,0.013120052637532353,0.012558646849356592,0.01220888807438314,1.8800000000000002e-07,0.011637508519925177
95,0.01280937623232603,0.012644695700146258,0.011872619274072349,1.9000000000000003e-07,0.011637508519925177
96,0.012833348009735346,0.012051356839947402,0.012499334057793021,1.9200000000000003e-07,0.011637508519925177
97,0.012777624651789665,0.012005034135654569,0.011576402350328863,1.9400000000000002e-07,0.011637508519925177
98,0.01286290748976171,0.011228038463741541,0.011448101373389363,1.9600000000000003e-07,0.011637508519925177
99,0.012013396131806076,0.011531822907272726,0.011536573176272213,1.98e-07,0.011228038463741541
100,0.01263672485947609,0.012250066385604441,0.01150363776832819,2e-07,0.011228038463741541
101,0.012737979181110859,0.012146043940447271,0.011789507581852376,2.02e-07,0.011228038463741541
102,0.01275221398100257,0.011917211348190904,0.012863644282333553,2.0400000000000003e-07,0.011228038463741541
103,0.012540464522317052,0.011883356608450413,0.01166724250651896,2.0600000000000002e-07,0.011228038463741541
104,0.012414964730851352,0.01183387206401676,0.011723892414011061,2.0800000000000004e-07,0.011228038463741541
105,0.011937623610720038,0.011234135832637548,0.01163737045135349,2.1000000000000003e-07,0.011228038463741541
106,0.01181160903070122,0.011301793158054352,0.011608086060732603,2.1200000000000005e-07,0.011228038463741541
107,0.012532602297142148,0.012526745209470391,0.011684676050208509,2.14e-07,0.011228038463741541
108,0.013052562135271728,0.011555421748198569,0.011141030467115343,2.16e-07,0.011228038463741541
109,0.012632017955183983,0.011943779769353569,0.011150406557135284,2.1800000000000002e-07,0.011228038463741541
110,0.012130477232858539,0.011542166001163423,0.011730087455362082,2.2e-07,0.011228038463741541
111,0.012377625098451972,0.011460462934337556,0.011674387846142054,2.2200000000000003e-07,0.011228038463741541
112,0.01207774633076042,0.011333930771797895,0.012022009352222085,2.2400000000000002e-07,0.011228038463741541
113,0.011221720022149384,0.011256893281824887,0.01091748382896185,2.2600000000000004e-07,0.011228038463741541
114,0.012076791725121439,0.011156068532727659,0.011217203107662499,2.2800000000000003e-07,0.011228038463741541
115,0.011802022345364094,0.012356302933767438,0.011612001457251608,2.3000000000000005e-07,0.011156068532727659
116,0.012195141986012459,0.010627842857502401,0.011598067358136177,2.32e-07,0.011156068532727659
117,0.011692232452332973,0.011023728759028018,0.010486027342267334,2.34e-07,0.010627842857502401
118,0.012037353706546128,0.01142173819243908,0.010849293903447688,2.3600000000000002e-07,0.010627842857502401
119,0.012100209132768214,0.011337622883729637,0.01106646831613034,2.3800000000000001e-07,0.010627842857502401
120,0.01201970805414021,0.011514663812704384,0.010731507441960275,2.4000000000000003e-07,0.010627842857502401
121,0.011661223252303898,0.011218111729249358,0.011336188996210694,2.42e-07,0.010627842857502401
122,0.011470409110188484,0.011238406877964735,0.01086034718900919,2.44e-07,0.010627842857502401
123,0.01102334342431277,0.010853024665266275,0.010988586931489408,2.4600000000000006e-07,0.010627842857502401
124,0.012019294430501759,0.011376417591236532,0.01170883933082223,2.48e-07,0.010627842857502401
125,0.011583642335608602,0.010726340115070343,0.01117915310896933,2.5e-07,0.010627842857502401
126,0.0117921739583835,0.011423979536630213,0.011800929671153426,2.5200000000000003e-07,0.010627842857502401
127,0.011665141093544662,0.011430191108956933,0.011281583807431161,2.54e-07,0.010627842857502401
128,0.010698325117118657,0.01135014253668487,0.011422352399677038,2.56e-07,0.010627842857502401
129,0.0117175622144714,0.010823738179169595,0.010902604786679149,2.58e-07,0.010627842857502401
130,0.011644136509858072,0.011087143910117447,0.01104511076118797,2.6000000000000005e-07,0.010627842857502401
131,0.012122941087000072,0.01092929719015956,0.010066254064440727,2.6200000000000004e-07,0.010627842857502401
132,0.01145373028703034,0.010793222114443779,0.010571001446805894,2.6400000000000003e-07,0.010627842857502401
133,0.01153456186875701,0.011397990165278316,0.010592257720418274,2.66e-07,0.010627842857502401
134,0.011151072103530169,0.011118236347101629,0.011166668846271932,2.68e-07,0.010627842857502401
135,0.011668919119983912,0.010402619489468634,0.010614559869281948,2.7e-07,0.010627842857502401
136,0.011973591870628297,0.010850491351448,0.010332008241675794,2.72e-07,0.010402619489468634
137,0.011319160461425781,0.010784806101582944,0.010896454215981066,2.7400000000000004e-07,0.010402619489468634
138,0.011554409866221249,0.010544613469392061,0.011139523587189615,2.7600000000000004e-07,0.010402619489468634
139,0.011405516881495714,0.01078493008390069,0.011246477253735065,2.7800000000000003e-07,0.010402619489468634
140,0.011171263293363154,0.010544507531449199,0.011343083111569285,2.8e-07,0.010402619489468634
141,0.010880640242248774,0.010561831179074943,0.010643029701896012,2.82e-07,0.010402619489468634
142,0.011192620266228914,0.01106938102748245,0.010672136675566435,2.84e-07,0.010402619489468634
143,0.01066466816700995,0.010630707489326596,0.010476694442331791,2.86e-07,0.010402619489468634
144,0.010981648112647235,0.010416488628834486,0.010504555888473988,2.8800000000000004e-07,0.010402619489468634
145,0.010689823655411601,0.01104082609526813,0.009976278524845839,2.9000000000000003e-07,0.010402619489468634
146,0.010921000153757632,0.01065055571962148,0.010673320619389415,2.92e-07,0.010402619489468634
147,0.010985187953338027,0.010340943816117942,0.010687031433917582,2.94e-07,0.010402619489468634
148,0.011326949810609221,0.01104455883614719,0.010136332479305565,2.9600000000000006e-07,0.010340943816117942
149,0.011532508418895304,0.010466920444741845,0.011100050178356469,2.9800000000000005e-07,0.010340943816117942
150,0.01081290072761476,0.01074939442332834,0.010514721740037203,3e-07,0.010340943816117942
151,0.011076493887230754,0.010873865918256342,0.010730238165706396,3.0200000000000003e-07,0.010340943816117942
152,0.011471744976006448,0.011047540232539177,0.010297419037669897,3.04e-07,0.010340943816117942
153,0.010966829839162529,0.010946836322546005,0.010592809179797769,3.06e-07,0.010340943816117942
154,0.010484309052117169,0.010917147970758379,0.010603579110465944,3.08e-07,0.010340943816117942
155,0.011911595240235329,0.010201618541032076,0.01034444768447429,3.1000000000000005e-07,0.010340943816117942
156,0.011280994047410786,0.010879926499910653,0.010774740832857788,3.1200000000000004e-07,0.010201618541032076
157,0.011361267417669296,0.01093954627867788,0.010475429822690785,3.1400000000000003e-07,0.010201618541032076
158,0.011481065768748522,0.010396779864095151,0.00972352852113545,3.16e-07,0.010201618541032076
159,0.011139741633087397,0.010594669380225241,0.01047931332141161,3.18e-07,0.010201618541032076
160,0.010854198480956256,0.011071382788941264,0.01074290438555181,3.2e-07,0.010201618541032076
161,0.010661103413440287,0.010239686002023518,0.010064644273370504,3.22e-07,0.010201618541032076
162,0.01110749994404614,0.009862367296591401,0.010288035497069359,3.2400000000000004e-07,0.010201618541032076
163,0.010879150358960032,0.010476448223926127,0.010573973297141492,3.2600000000000003e-07,0.009862367296591401
164,0.010215062531642616,0.00967356690671295,0.010030748439021409,3.28e-07,0.009862367296591401
165,0.010819441173225641,0.01112043543253094,0.010419100406579673,3.3e-07,0.00967356690671295
166,0.010512172244489193,0.010839824448339641,0.01046818878967315,3.3200000000000006e-07,0.00967356690671295
167,0.010818494600243866,0.010308180819265544,0.00947855319827795,3.34e-07,0.00967356690671295
168,0.01167778205126524,0.01100003020837903,0.010557690518908203,3.36e-07,0.00967356690671295
169,0.011095640482380986,0.010008277953602374,0.01015826512593776,3.3800000000000004e-07,0.00967356690671295
170,0.011052821530029178,0.010602790396660566,0.010258071823045611,3.4000000000000003e-07,0.00967356690671295
171,0.010773777379654348,0.009996412321925163,0.010078137507662177,3.42e-07,0.00967356690671295
172,0.010685533634386957,0.01076218078378588,0.010248965118080378,3.44e-07,0.00967356690671295
173,0.010336907813325524,0.01067361410241574,0.01014751207549125,3.4600000000000005e-07,0.00967356690671295
174,0.011464095674455166,0.00995008577592671,0.010003894218243659,3.4800000000000005e-07,0.00967356690671295
175,0.011019427911378443,0.009883566992357373,0.010801286436617374,3.5e-07,0.00967356690671295
176,0.011065433034673333,0.011010849266313016,0.010386065696366131,3.5200000000000003e-07,0.00967356690671295
177,0.011011928203515708,0.010442820843309164,0.009778209088835865,3.54e-07,0.00967356690671295
178,0.010821929085068405,0.01031210902146995,0.009626271901652217,3.56e-07,0.00967356690671295
179,0.010927448514848948,0.010495561989955604,0.00982925877906382,3.58e-07,0.00967356690671295
180,0.010493320878595114,0.010609639226458967,0.010769509826786816,3.6000000000000005e-07,0.00967356690671295
181,0.010711541050113738,0.009622539742849767,0.00974996411241591,3.6200000000000004e-07,0.00967356690671295
182,0.010305652162060142,0.010741483652964234,0.009738344233483076,3.6400000000000003e-07,0.009622539742849767
183,0.010598805965855718,0.01025276246946305,0.009688481804914773,3.660000000000001e-07,0.009622539742849767
184,0.01048309076577425,0.010650859796442091,0.010153931798413396,3.68e-07,0.009622539742849767
185,0.010544873890466988,0.010704460670240223,0.010737779433839023,3.7e-07,0.009622539742849767
186,0.01097934611607343,0.009840077720582485,0.010359571315348148,3.72e-07,0.009622539742849767
187,0.010129684000276029,0.010833930689841509,0.010302114766091108,3.7400000000000004e-07,0.009622539742849767
188,0.010078330524265766,0.01012398803140968,0.010429538087919354,3.7600000000000003e-07,0.009622539742849767
189,0.0102551105665043,0.010616149753332138,0.009933406487107277,3.78e-07,0.009622539742849767
190,0.011246874346397817,0.010193474241532385,0.010451624519191682,3.8000000000000007e-07,0.009622539742849767
191,0.010714092990383506,0.010355252539739013,0.00997498375363648,3.8200000000000006e-07,0.009622539742849767
192,0.01051802549045533,0.010159515077248216,0.010354393045417964,3.8400000000000005e-07,0.009622539742849767
193,0.011157916393131018,0.010435202508233488,0.010622873436659575,3.86e-07,0.009622539742849767
194,0.010950224008411169,0.010245372075587511,0.009791701100766659,3.8800000000000003e-07,0.009622539742849767
195,0.010904204566031694,0.010041191708296537,0.010123562766239047,3.9e-07,0.009622539742849767
196,0.010340425884351134,0.009440564084798098,0.009795754682272673,3.9200000000000007e-07,0.009622539742849767
197,0.010721531347371638,0.010665760724805295,0.009584903018549085,3.94e-07,0.009440564084798098
198,0.010489619919098914,0.01066417503170669,0.009769589640200138,3.96e-07,0.009440564084798098
199,0.010672549367882311,0.009157531894743443,0.010261613293550909,3.98e-07,0.009440564084798098
200,0.010490944958291948,0.010229287552647293,0.009990317979827523,4e-07,0.009157531894743443
201,0.010720122023485601,0.01017917599529028,0.009873842471279204,4.02e-07,0.009157531894743443
202,0.011048866552300751,0.01017322379630059,0.00905838975450024,4.04e-07,0.009157531894743443
203,0.011016435688361526,0.009997447952628136,0.009918489377014339,4.06e-07,0.009157531894743443
204,0.010485401726327837,0.009859133744612336,0.009769811877049506,4.0800000000000005e-07,0.009157531894743443
205,0.01080856763292104,0.010380416177213192,0.009615024900995195,4.1000000000000004e-07,0.009157531894743443
206,0.010888753226026893,0.010388310649432242,0.010170288034714758,4.1200000000000004e-07,0.009157531894743443
207,0.01067443157080561,0.010213392903096974,0.010556040331721306,4.1400000000000003e-07,0.009157531894743443
208,0.01027487136889249,0.010145005071535707,0.009661867516115308,4.1600000000000007e-07,0.009157531894743443
209,0.010646882699802518,0.009521219995804131,0.010440495098009706,4.1800000000000006e-07,0.009157531894743443
210,0.010247284197248518,0.00994063972029835,0.010387913789600134,4.2000000000000006e-07,0.009157531894743443
211,0.010336560662835836,0.01006353145930916,0.00926496833562851,4.2200000000000005e-07,0.009157531894743443
212,0.01079140033107251,0.009831676259636879,0.010622333618812263,4.240000000000001e-07,0.009157531894743443
213,0.010333694634027779,0.010716322576627135,0.010144256055355072,4.260000000000001e-07,0.009157531894743443
214,0.010258761350996792,0.010077757411636412,0.009915141039527953,4.28e-07,0.009157531894743443
215,0.010357972700148821,0.011088406201452017,0.010244827368296683,4.3e-07,0.009157531894743443
216,0.010816499241627753,0.01000675477553159,0.010868641547858715,4.32e-07,0.009157531894743443
217,0.01102059194818139,0.010262683150358498,0.009626665501855314,4.34e-07,0.009157531894743443
218,0.010240484378300607,0.010656983009539545,0.01028959744144231,4.3600000000000004e-07,0.009157531894743443
219,0.010377087630331516,0.009713026345707476,0.009794412180781364,4.3800000000000003e-07,0.009157531894743443
220,0.010692564654164016,0.01033032510895282,0.010113346739672124,4.4e-07,0.009157531894743443
221,0.009782741428352892,0.010065147769637406,0.009871690534055233,4.42e-07,0.009157531894743443
222,0.011263801832683384,0.009583701204974204,0.00991759228054434,4.4400000000000006e-07,0.009157531894743443
223,0.010289519559592009,0.010028207092545927,0.010156889213249087,4.4600000000000005e-07,0.009157531894743443
224,0.010763752390630543,0.010228611994534731,0.01015541481319815,4.4800000000000004e-07,0.009157531894743443
225,0.010215067537501454,0.010229337844066322,0.009836887242272496,4.5000000000000003e-07,0.009157531894743443
226,0.010167907341383398,0.009911457425914705,0.009816961828619242,4.520000000000001e-07,0.009157531894743443
227,0.010747635271400213,0.009914461406879127,0.009895865805447102,4.5400000000000007e-07,0.009157531894743443
228,0.009596058400347829,0.009492336888797581,0.010728382505476475,4.5600000000000006e-07,0.009157531894743443
229,0.010553278960287571,0.010442476603202522,0.009831723757088184,4.5800000000000005e-07,0.009157531894743443
230,0.009818105143494904,0.009529409697279334,0.010335804778151214,4.600000000000001e-07,0.009157531894743443
231,0.011066771461628377,0.00977519922889769,0.010605246643535793,4.62e-07,0.009157531894743443
232,0.010073999175801873,0.009908630046993494,0.009944378747604787,4.64e-07,0.009157531894743443
233,0.010387826943770051,0.009768764022737741,0.00993857579305768,4.66e-07,0.009157531894743443
234,0.011044126935303211,0.01027715322561562,0.01017307850997895,4.68e-07,0.009157531894743443
235,0.0097345836693421,0.010171959991566837,0.010723653598688543,4.7e-07,0.009157531894743443
236,0.010362026048824191,0.009642914985306561,0.009840804035775363,4.7200000000000004e-07,0.009157531894743443
237,0.010778247960843146,0.009982449701055884,0.009521049680188298,4.7400000000000004e-07,0.009157531894743443
238,0.01077080040704459,0.010493043693713844,0.009858224890194833,4.7600000000000003e-07,0.009157531894743443
239,0.010706977336667478,0.009477712796069682,0.009786469396203756,4.78e-07,0.009157531894743443
240,0.010133045027032495,0.009687636862508953,0.01020391273777932,4.800000000000001e-07,0.009157531894743443
241,0.009954965324141085,0.010131639312021434,0.009992736857384443,4.82e-07,0.009157531894743443
242,0.009478773921728134,0.010144593194127083,0.009699946327600628,4.84e-07,0.009157531894743443
243,0.009608186082914472,0.009462350979447365,0.010020518209785223,4.860000000000001e-07,0.009157531894743443
244,0.010546850389800966,0.009991124854423106,0.010186507715843618,4.88e-07,0.009157531894743443
245,0.010393685894086957,0.009476346021983773,0.010119327809661627,4.900000000000001e-07,0.009157531894743443
246,0.010415203170850873,0.009849466383457184,0.009335592563729733,4.920000000000001e-07,0.009157531894743443
247,0.010136128636077046,0.01014844118617475,0.010112845804542303,4.940000000000001e-07,0.009157531894743443
248,0.009998982772231102,0.009698813315480947,0.009080755349714309,4.96e-07,0.009157531894743443
249,0.010239524650387466,0.009921046090312302,0.010560589842498302,4.98e-07,0.009157531894743443
250,0.0104386365856044,0.009434331906959414,0.00973231066018343,5e-07,0.009157531894743443
251,0.009962382260710001,0.009589154738932848,0.010453695780597627,5.02e-07,0.009157531894743443
252,0.010807334678247571,0.009937185444869101,0.00930384628009051,5.040000000000001e-07,0.009157531894743443
253,0.010031676385551691,0.01016223500482738,0.010260039009153843,5.06e-07,0.009157531894743443
254,0.01007872971240431,0.00975353957619518,0.009435544488951564,5.08e-07,0.009157531894743443
255,0.01006891648285091,0.009802660439163446,0.009956772672012448,5.1e-07,0.009157531894743443
256,0.009673753986135125,0.009522469015792012,0.009653919085394591,5.12e-07,0.009157531894743443
257,0.010717271594330668,0.009749842225573957,0.009698791895061731,5.140000000000001e-07,0.009157531894743443
258,0.010523741715587676,0.009626989718526602,0.010102283675223589,5.16e-07,0.009157531894743443
259,0.01007250347174704,0.010550944833084941,0.010511269676499069,5.180000000000001e-07,0.009157531894743443
260,0.010591537575237453,0.01002140052150935,0.010006018332205713,5.200000000000001e-07,0.009157531894743443
261,0.009830771596170962,0.009756429702974856,0.010650688782334328,5.22e-07,0.009157531894743443
262,0.010075080557726324,0.009814164601266384,0.009909002692438662,5.240000000000001e-07,0.009157531894743443
263,0.010005731484852731,0.010110204457305372,0.010162429185584188,5.260000000000001e-07,0.009157531894743443
264,0.009981734561733902,0.010424437001347542,0.009716861066408455,5.280000000000001e-07,0.009157531894743443
265,0.010010477271862328,0.009531104122288525,0.009761733002960682,5.3e-07,0.009157531894743443
266,0.01025853876490146,0.009967556106857955,0.009516775025986135,5.32e-07,0.009157531894743443
267,0.00993460277095437,0.010089318850077689,0.009611104265786707,5.34e-07,0.009157531894743443
268,0.009956936351954937,0.010279411566443741,0.010003651259467006,5.36e-07,0.009157531894743443
269,0.010108682210557163,0.009905105689540505,0.01000261155422777,5.38e-07,0.009157531894743443
270,0.010380506166256964,0.010054975398816168,0.010040491120889783,5.4e-07,0.009157531894743443
271,0.01047075365204364,0.010203373385593295,0.009393314947374165,5.420000000000001e-07,0.009157531894743443
272,0.010446980013512075,0.00979111937340349,0.010248801205307245,5.44e-07,0.009157531894743443
273,0.010674067074432969,0.010196500108577311,0.009871206479147077,5.46e-07,0.009157531894743443
274,0.010693011339753866,0.009820145438425243,0.009616693365387619,5.480000000000001e-07,0.009157531894743443
275,0.009814571123570204,0.009855050127953291,0.010003128205426037,5.5e-07,0.009157531894743443
276,0.01001719816122204,0.009884191793389618,0.009005193132907152,5.520000000000001e-07,0.009157531894743443
277,0.009969029109925032,0.009866825072094798,0.010211690445430577,5.540000000000001e-07,0.009157531894743443
278,0.010217007482424378,0.009821899933740497,0.009548622299917042,5.560000000000001e-07,0.009157531894743443
279,0.009826241875998676,0.009558260440826416,0.009474352584220469,5.580000000000001e-07,0.009157531894743443
280,0.010015371604822576,0.009792492841370404,0.009769704134669155,5.6e-07,0.009157531894743443
281,0.010399128426797688,0.009653435670770705,0.009989495389163494,5.620000000000001e-07,0.009157531894743443
282,0.01041275798343122,0.009973878157325089,0.009980417089536786,5.64e-07,0.009157531894743443
283,0.009748164447955787,0.009672595770098269,0.010191332665272057,5.66e-07,0.009157531894743443
284,0.00947467441437766,0.009726882679387927,0.009680016664788127,5.68e-07,0.009157531894743443
285,0.010117828263901174,0.01027356123086065,0.010275864508002996,5.7e-07,0.009157531894743443
286,0.009881523437798023,0.010310856392607093,0.009639371768571436,5.72e-07,0.009157531894743443
287,0.0099618264939636,0.00982879486400634,0.009632287255953997,5.74e-07,0.009157531894743443
288,0.010233794571831822,0.009544585947878659,0.009782476699911058,5.760000000000001e-07,0.009157531894743443
289,0.009752907673828304,0.009957252186723053,0.009763553738594055,5.78e-07,0.009157531894743443
290,0.010229017352685332,0.009966763784177601,0.009471635450609028,5.800000000000001e-07,0.009157531894743443
291,0.00957723124884069,0.010317800100892782,0.009178499225527048,5.820000000000001e-07,0.009157531894743443
292,0.009574488853104413,0.009548716247081757,0.01027432456612587,5.84e-07,0.009157531894743443
293,0.009541736566461623,0.009628468076698482,0.009674848057329655,5.860000000000001e-07,0.009157531894743443
294,0.009457014151848853,0.009816309669986367,0.009583249338902533,5.88e-07,0.009157531894743443
295,0.010063739726319909,0.009677251218818128,0.010020691202953458,5.900000000000001e-07,0.009157531894743443
296,0.009862074279226363,0.009885978535749018,0.010155588272027671,5.920000000000001e-07,0.009157531894743443
297,0.009471826022490859,0.010143975378014147,0.01030813786201179,5.94e-07,0.009157531894743443
298,0.009797616163268685,0.009512334188912064,0.010333747835829854,5.960000000000001e-07,0.009157531894743443
299,0.009767296724021435,0.010163544910028577,0.009489510324783623,5.98e-07,0.009157531894743443
300,0.009951364248991013,0.009558773250319064,0.009143877949099988,6e-07,0.009157531894743443
301,0.009562939871102571,0.010049972799606621,0.009987142984755337,6.02e-07,0.009157531894743443
302,0.010219605173915625,0.009783560875803232,0.01009949087165296,6.040000000000001e-07,0.009157531894743443
303,0.010043686954304576,0.009763760841451585,0.009767515235580504,6.06e-07,0.009157531894743443
304,0.010149427456781268,0.009442271024454385,0.009592701273504645,6.08e-07,0.009157531894743443
305,0.009803443565033376,0.009927179082296789,0.01017011294607073,6.100000000000001e-07,0.009157531894743443
306,0.010085922200232744,0.009920127340592444,0.009955432848073542,6.12e-07,0.009157531894743443
307,0.010367779177613556,0.009963471326045692,0.009617414441891015,6.140000000000001e-07,0.009157531894743443
308,0.010194307193160057,0.010028841556049883,0.009176054503768682,6.16e-07,0.009157531894743443
309,0.00989847257733345,0.009701591217890382,0.009977321955375373,6.180000000000001e-07,0.009157531894743443
310,0.00956555234733969,0.009295922645833343,0.009090259904041886,6.200000000000001e-07,0.009157531894743443
311,0.010030297911725938,0.010131155722774565,0.010123335523530841,6.22e-07,0.009157531894743443
312,0.010228402446955442,0.009768293413799256,0.009452914237044752,6.240000000000001e-07,0.009157531894743443
313,0.009439575718715787,0.01008648716378957,0.009870524401776493,6.260000000000001e-07,0.009157531894743443
314,0.010041775880381465,0.00995195418363437,0.009374434710480273,6.280000000000001e-07,0.009157531894743443
315,0.010041390196420252,0.009715457446873188,0.009606312960386276,6.300000000000001e-07,0.009157531894743443
316,0.009341613040305674,0.009730059071443975,0.010129843722097576,6.32e-07,0.009157531894743443
317,0.009670361992903054,0.010038171545602381,0.008963635773397982,6.34e-07,0.009157531894743443
318,0.009590371511876583,0.009216231061145663,0.009206014685332775,6.36e-07,0.009157531894743443
319,0.009634407004341483,0.010156885255128145,0.009961775271221995,6.380000000000001e-07,0.009157531894743443
320,0.009510149131529033,0.009265649947337806,0.010320441331714392,6.4e-07,0.009157531894743443
321,0.009588522545527667,0.009551653871312737,0.009582966798916459,6.420000000000001e-07,0.009157531894743443
322,0.009949027094990015,0.00968174822628498,0.00932527834083885,6.44e-07,0.009157531894743443
323,0.009617652860470116,0.00972139067016542,0.009925243793986738,6.46e-07,0.009157531894743443
324,0.009814562508836389,0.009507618611678481,0.00967621908057481,6.480000000000001e-07,0.009157531894743443
325,0.009405429183971137,0.009429346187971532,0.00963536521885544,6.5e-07,0.009157531894743443
326,0.009794644080102444,0.009551579016260803,0.00919117871671915,6.520000000000001e-07,0.009157531894743443
327,0.009164647606667131,0.010095771285705268,0.009778830863069743,6.540000000000001e-07,0.009157531894743443
328,0.010517554474063218,0.00948585185687989,0.009448020195122808,6.56e-07,0.009157531894743443
329,0.009307938918936998,0.010289705242030323,0.009874524432234466,6.580000000000001e-07,0.009157531894743443
330,0.010346754104830325,0.009191144607029855,0.009722251794300973,6.6e-07,0.009157531894743443
331,0.00963866343954578,0.010175051167607307,0.00924037047661841,6.620000000000001e-07,0.009157531894743443
332,0.010462875827215612,0.010379183571785688,0.009991398663260043,6.640000000000001e-07,0.009157531894743443
333,0.01040720276068896,0.00979528872994706,0.009959284914657474,6.660000000000001e-07,0.009157531894743443
334,0.010254647815600038,0.009947439539246261,0.009612709400244057,6.68e-07,0.009157531894743443
335,0.009762210305780172,0.010019649285823107,0.009886758285574615,6.7e-07,0.009157531894743443
336,0.009930453728884459,0.00958002742845565,0.009620745782740414,6.72e-07,0.009157531894743443
337,0.009916285518556833,0.01031234732363373,0.00967985182069242,6.74e-07,0.009157531894743443
338,0.010583797586150467,0.009657652582973242,0.010140630998648703,6.760000000000001e-07,0.009157531894743443
339,0.009344869700726122,0.01022107363678515,0.009530951967462897,6.78e-07,0.009157531894743443
340,0.009979518654290587,0.00888986443169415,0.009728030767291784,6.800000000000001e-07,0.009157531894743443
341,0.009857114171609282,0.010009490884840488,0.009626632323488593,6.820000000000001e-07,0.00888986443169415
342,0.009469112381339073,0.010138522717170417,0.009664940764196217,6.84e-07,0.00888986443169415
343,0.009934440022334456,0.01030446495860815,0.00952359358780086,6.860000000000001e-07,0.00888986443169415
344,0.009816133766435087,0.009983810596168041,0.009843737701885402,6.88e-07,0.00888986443169415
345,0.009809753159061074,0.009762154426425695,0.009768740506842732,6.900000000000001e-07,0.00888986443169415
346,0.009701462113298476,0.009108837111853063,0.009663550881668925,6.920000000000001e-07,0.00888986443169415
347,0.009824928129091859,0.009966358193196356,0.009808343253098428,6.94e-07,0.00888986443169415
348,0.010036063613370061,0.009731875383295119,0.010619427775964141,6.960000000000001e-07,0.00888986443169415
349,0.009149701334536076,0.009685667813755572,0.009736224950756878,6.980000000000001e-07,0.00888986443169415
350,0.010094994271639735,0.009170252364128828,0.00938681501429528,7e-07,0.00888986443169415
351,0.010632735909894109,0.00947882269974798,0.01040036790072918,7.02e-07,0.00888986443169415
352,0.009641433600336313,0.009848807356320322,0.00997461227234453,7.040000000000001e-07,0.00888986443169415
353,0.009309074841439724,0.010356624610722065,0.010177687974646688,7.06e-07,0.00888986443169415
354,0.010485608014278114,0.008957700047176331,0.009725078474730253,7.08e-07,0.00888986443169415
355,0.010031926853116602,0.01007908524479717,0.009822612395510077,7.100000000000001e-07,0.00888986443169415
356,0.009998900583013892,0.009756303858011961,0.009091364045161754,7.12e-07,0.00888986443169415
357,0.010030109318904579,0.009875474614091218,0.009468761971220374,7.140000000000001e-07,0.00888986443169415
358,0.009624138474464417,0.00915895140497014,0.009416552376933396,7.16e-07,0.00888986443169415
359,0.00982119026593864,0.009791107149794698,0.010337791056372225,7.18e-07,0.00888986443169415
360,0.009457895532250404,0.00945839483756572,0.009924115147441626,7.200000000000001e-07,0.00888986443169415
361,0.009778162580914795,0.010027532815001905,0.0101378372637555,7.22e-07,0.00888986443169415
362,0.009638867457397282,0.010061586275696754,0.009286858490668237,7.240000000000001e-07,0.00888986443169415
363,0.010206135804764926,0.010034724022261798,0.009746944531798363,7.260000000000001e-07,0.00888986443169415
364,0.009783618617802858,0.009188396506942809,0.00965458806604147,7.280000000000001e-07,0.00888986443169415
365,0.010473513859324157,0.009550636052154005,0.00940187368541956,7.300000000000001e-07,0.00888986443169415
366,0.010268657933920622,0.009649751766119152,0.009672623593360186,7.320000000000001e-07,0.00888986443169415
367,0.00960705359466374,0.010115984012372792,0.009145330637693405,7.34e-07,0.00888986443169415
368,0.009556906530633569,0.00970737636089325,0.010473576840013266,7.36e-07,0.00888986443169415
369,0.009924228652380407,0.00941199017688632,0.009386016754433513,7.380000000000001e-07,0.00888986443169415
370,0.010075104073621333,0.009728571283631027,0.00978697621030733,7.4e-07,0.00888986443169415
371,0.010439016856253147,0.009421843860764056,0.010099467937834561,7.420000000000001e-07,0.00888986443169415
372,0.010093671386130154,0.009299737983383238,0.009012398368213326,7.44e-07,0.00888986443169415
373,0.010369952884502709,0.009680555202066898,0.01021453773137182,7.46e-07,0.00888986443169415
374,0.0095309317111969,0.009198226674925536,0.009918022667989135,7.480000000000001e-07,0.00888986443169415
375,0.010226264945231378,0.009047975181601942,0.009770513221155852,7.5e-07,0.00888986443169415
376,0.009996940032579005,0.009517784463241696,0.009880184778012335,7.520000000000001e-07,0.00888986443169415
377,0.010071346070617437,0.009838539990596473,0.009394128108397126,7.540000000000001e-07,0.00888986443169415
378,0.00967655674321577,0.009421045077033341,0.009298753459006548,7.56e-07,0.00888986443169415
379,0.009342855715658516,0.00990768929477781,0.009537853766232729,7.580000000000001e-07,0.00888986443169415
380,0.010366449714638293,0.010014987201429904,0.009246408240869641,7.600000000000001e-07,0.00888986443169415
381,0.009189526783302426,0.010103670181706548,0.009722733171656728,7.620000000000001e-07,0.00888986443169415
382,0.009439406858291477,0.01004953111987561,0.008336682396475226,7.640000000000001e-07,0.00888986443169415
383,0.009666682570241392,0.0091403613332659,0.010109085822477937,7.660000000000001e-07,0.00888986443169415
384,0.00919748394517228,0.009249286726117134,0.009652396780438721,7.680000000000001e-07,0.00888986443169415
385,0.010093284654431045,0.009404338314197958,0.00930373347364366,7.7e-07,0.00888986443169415
386,0.009790440439246595,0.009553759125992656,0.009264688997063786,7.72e-07,0.00888986443169415
387,0.010099458042532206,0.009119439055211842,0.009794050245545805,7.74e-07,0.00888986443169415
388,0.009606807143427432,0.009303031372837722,0.010069594602100551,7.760000000000001e-07,0.00888986443169415
389,0.009709553502034396,0.009713211096823215,0.009123746654950082,7.78e-07,0.00888986443169415
390,0.010249890852719545,0.009298821911215782,0.010089727467857301,7.8e-07,0.00888986443169415
391,0.009550094604492188,0.009202178451232612,0.010077498620375991,7.820000000000001e-07,0.00888986443169415
392,0.00970569928176701,0.009874867741018534,0.00908800633624196,7.840000000000001e-07,0.00888986443169415
393,0.009709617588669062,0.009723137365654111,0.010061430279165506,7.860000000000001e-07,0.00888986443169415
394,0.009786871378310025,0.009941716096363962,0.009826938738115132,7.88e-07,0.00888986443169415
395,0.009766712551936507,0.009516998077742755,0.00979004381224513,7.900000000000001e-07,0.00888986443169415
396,0.009789660689420998,0.009523463668301702,0.0099290608195588,7.92e-07,0.00888986443169415
397,0.009560788399539888,0.009367023478262126,0.009602461941540241,7.94e-07,0.00888986443169415
398,0.010142143350094557,0.010201666853390634,0.008975838543847203,7.96e-07,0.00888986443169415
399,0.009354355919640511,0.009476643754169345,0.009159300243481994,7.980000000000001e-07,0.00888986443169415
400,0.009753596154041588,0.010041241766884923,0.009401627234183252,8e-07,0.00888986443169415
401,0.009686373814474791,0.009895537747070193,0.00939266209024936,8.020000000000001e-07,0.00888986443169415
402,0.009484503651037812,0.009065951860975474,0.009677270543761551,8.04e-07,0.00888986443169415
403,0.00981540186330676,0.010047631512861699,0.009822107385843992,8.060000000000001e-07,0.00888986443169415
404,0.010427609086036682,0.009764328598976135,0.009970043087378144,8.08e-07,0.00888986443169415
405,0.009277965989895165,0.010639922576956451,0.009472559089772403,8.100000000000001e-07,0.00888986443169415
406,0.009710075217299163,0.008990440052002668,0.009963809046894312,8.12e-07,0.00888986443169415
407,0.009507097769528627,0.009969180449843407,0.009571556933224201,8.140000000000002e-07,0.00888986443169415
408,0.009857082855887711,0.0090794573770836,0.010088886716403067,8.160000000000001e-07,0.00888986443169415
409,0.009361166565213352,0.00873159128241241,0.009405661025084555,8.180000000000002e-07,0.00888986443169415
410,0.009209821000695229,0.009480333887040615,0.009186596842482686,8.200000000000001e-07,0.00873159128241241
411,0.009808126953430474,0.009327872190624475,0.009379325318150222,8.22e-07,0.00873159128241241
412,0.009093725879210979,0.009995207074098289,0.009754014201462269,8.240000000000001e-07,0.00873159128241241
413,0.010100681683979928,0.00935136538464576,0.009565081214532256,8.26e-07,0.00873159128241241
414,0.009588812361471355,0.00947933818679303,0.009915281902067363,8.280000000000001e-07,0.00873159128241241
415,0.009358238778077066,0.00985944049898535,0.009543880354613066,8.3e-07,0.00873159128241241
416,0.009672941057942808,0.009620408120099455,0.009743912669364363,8.320000000000001e-07,0.00873159128241241
417,0.009738978929817677,0.009712533093988895,0.009554841904900968,8.34e-07,0.00873159128241241
418,0.009849708643741906,0.009554480551742017,0.008992048969957978,8.360000000000001e-07,0.00873159128241241
419,0.009619215794373304,0.00981522467918694,0.009691931889392436,8.380000000000001e-07,0.00873159128241241
420,0.009897913318127394,0.009918231866322458,0.009691592364106327,8.400000000000001e-07,0.00873159128241241
421,0.010166219086386263,0.008843212330248207,0.0094959408743307,8.42e-07,0.00873159128241241
422,0.009932494547683746,0.008963819476775825,0.009827764355577528,8.440000000000001e-07,0.00873159128241241
423,0.010119356331415474,0.009937246679328382,0.00947461579926312,8.46e-07,0.00873159128241241
424,0.009365465259179473,0.00941565993707627,0.009540442726574838,8.480000000000002e-07,0.00873159128241241
425,0.00976727344095707,0.009391720057465136,0.00963876605965197,8.5e-07,0.00873159128241241
426,0.009389906539581716,0.01007685624063015,0.009130199265200645,8.520000000000002e-07,0.00873159128241241
427,0.009661360993050039,0.009172139631118625,0.009739441913552582,8.540000000000001e-07,0.00873159128241241
428,0.010249254410155118,0.009499199921265244,0.009658972558099777,8.56e-07,0.00873159128241241
429,0.00917509599821642,0.009271730901673436,0.00937645451631397,8.580000000000001e-07,0.00873159128241241
430,0.009616744820959866,0.009075204143300653,0.009299615630879998,8.6e-07,0.00873159128241241
431,0.010148845962248743,0.009635915281251073,0.009582903003320098,8.620000000000001e-07,0.00873159128241241
432,0.00934901280561462,0.009492368903011084,0.008966133929789066,8.64e-07,0.00873159128241241
433,0.009230264695361257,0.010038136038929224,0.00913923722691834,8.66e-07,0.00873159128241241
434,0.00907543144421652,0.009483506146352738,0.009128156583756208,8.68e-07,0.00873159128241241
435,0.00950632058084011,0.008814647793769836,0.009994320571422577,8.700000000000001e-07,0.00873159128241241
436,0.009396077133715153,0.009749216609634459,0.00979907438158989,8.720000000000001e-07,0.00873159128241241
437,0.009540755883790553,0.009798244689591229,0.009796190424822271,8.740000000000001e-07,0.00873159128241241
438,0.009926048805937171,0.010012471815571189,0.009311262634582818,8.760000000000001e-07,0.00873159128241241
439,0.009439780144020915,0.009796461672522128,0.009170609642751515,8.780000000000001e-07,0.00873159128241241
440,0.008949353126809001,0.009387372818309814,0.009292452596127987,8.8e-07,0.00873159128241241
441,0.009969228529371321,0.009348424384370446,0.00886115018511191,8.820000000000002e-07,0.00873159128241241
442,0.009576169308274984,0.009541944484226406,0.010373732773587108,8.84e-07,0.00873159128241241
443,0.009834913304075599,0.009257206344045699,0.009440427995286882,8.860000000000002e-07,0.00873159128241241
444,0.009364043362438679,0.009466160903684795,0.009510275791399181,8.880000000000001e-07,0.00873159128241241
445,0.009498658706434071,0.009541811130475253,0.009263371699489653,8.9e-07,0.00873159128241241
446,0.010210664593614638,0.00955481082201004,0.009349443716928363,8.920000000000001e-07,0.00873159128241241
447,0.00927596545079723,0.009660874959081411,0.008923419518396258,8.94e-07,0.00873159128241241
448,0.009664226265158504,0.008983704494312406,0.009542821790091693,8.960000000000001e-07,0.00873159128241241
449,0.009691628976725042,0.009825249551795423,0.009540725382976234,8.98e-07,0.00873159128241241
450,0.009887671680189669,0.009795870631933212,0.0097280164482072,9.000000000000001e-07,0.00873159128241241
451,0.008813631488010287,0.009327100706286728,0.009722736198455095,9.02e-07,0.00873159128241241
452,0.009053529356606305,0.009201846027281135,0.008983677718788385,9.040000000000002e-07,0.00873159128241241
453,0.009541647275909781,0.009158614207990468,0.009521028317976743,9.06e-07,0.00873159128241241
454,0.009637520532123744,0.009580124169588089,0.009230546420440078,9.080000000000001e-07,0.00873159128241241
455,0.009095764136873186,0.009070325759239495,0.009488297684583813,9.100000000000001e-07,0.00873159128241241
456,0.009088600287213922,0.00896186486352235,0.010226588579826057,9.120000000000001e-07,0.00873159128241241
457,0.009790769778192043,0.010043744230642915,0.008647409616969526,9.140000000000001e-07,0.00873159128241241
458,0.00931712903548032,0.008809878665488213,0.009406953933648765,9.160000000000001e-07,0.00873159128241241
459,0.010074768564663827,0.009639595402404666,0.008997778641059995,9.18e-07,0.00873159128241241
460,0.009448357159271836,0.009744707553181797,0.009649416315369308,9.200000000000002e-07,0.00873159128241241
461,0.009622112731449306,0.0095242332899943,0.00926784856710583,9.22e-07,0.00873159128241241
462,0.009089058265089989,0.008704948995728046,0.009306990716140717,9.24e-07,0.00873159128241241
463,0.00980492087546736,0.010243667522445321,0.009228895243722945,9.260000000000001e-07,0.008704948995728046
464,0.009771675919182599,0.009291541064158082,0.009790247539058328,9.28e-07,0.008704948995728046
465,0.00909798825159669,0.009440117049962282,0.0102267264155671,9.300000000000001e-07,0.008704948995728046
466,0.009111169609241188,0.009442810318432748,0.010087809059768915,9.32e-07,0.008704948995728046
467,0.010157588636502624,0.009352161432616413,0.009771046345122159,9.340000000000001e-07,0.008704948995728046
468,0.010042099049314857,0.009237745660357177,0.0093922772211954,9.36e-07,0.008704948995728046
469,0.009832390816882253,0.009001991944387555,0.009725167881697416,9.380000000000002e-07,0.008704948995728046
470,0.009991883765906096,0.009539657854475081,0.008834306674543768,9.4e-07,0.008704948995728046
471,0.009407741366885602,0.010165374376811087,0.009052331384737045,9.420000000000002e-07,0.008704948995728046
472,0.009458488086238503,0.008984266663901508,0.009636980365030468,9.440000000000001e-07,0.008704948995728046
473,0.00963140680687502,0.00973704643547535,0.009338265750557184,9.460000000000001e-07,0.008704948995728046
474,0.00949358125217259,0.009039589844178408,0.008957209414802492,9.480000000000001e-07,0.008704948995728046
475,0.009823562460951507,0.009372583241201937,0.008202147611882538,9.500000000000001e-07,0.008704948995728046
476,0.009933159570209682,0.0094462406123057,0.009066372062079608,9.520000000000001e-07,0.008704948995728046
477,0.00976411672309041,0.009831494884565473,0.009254436707124114,9.54e-07,0.008704948995728046
478,0.009080144634936005,0.009223059983924031,0.00952090579085052,9.56e-07,0.008704948995728046
479,0.009803519817069173,0.009519328246824443,0.00874307390768081,9.58e-07,0.008704948995728046
480,0.009943711920641363,0.009831319330260158,0.009027717693243176,9.600000000000001e-07,0.008704948995728046
481,0.010195055278018117,0.009746513795107603,0.009129422949627042,9.62e-07,0.008704948995728046
482,0.009888588567264378,0.00959651218727231,0.009603239130228758,9.64e-07,0.008704948995728046
483,0.009264421532861888,0.009515443758573383,0.008820630377158523,9.66e-07,0.008704948995728046
484,0.009098843322135508,0.009154817904345691,0.010013996041379869,9.68e-07,0.008704948995728046
485,0.009418873116374016,0.009405544027686119,0.00926918105687946,9.7e-07,0.008704948995728046
486,0.009209720883518457,0.009040194505359977,0.009637494455091655,9.720000000000002e-07,0.008704948995728046
487,0.009387984056957066,0.00930615293327719,0.009138482855632901,9.740000000000001e-07,0.008704948995728046
488,0.008837259258143604,0.009226492722518742,0.00884725886862725,9.76e-07,0.008704948995728046
489,0.00985068391310051,0.009051910834386945,0.008743431768380105,9.78e-07,0.008704948995728046
490,0.009699481655843556,0.009546980261802673,0.009707123623229563,9.800000000000001e-07,0.008704948995728046
491,0.009747890988364816,0.009487934526987374,0.00951837922912091,9.82e-07,0.008704948995728046
492,0.009737178217619658,0.009260536986403167,0.009033834328874946,9.840000000000002e-07,0.008704948995728046
493,0.010004348470829427,0.009233231889083982,0.00938660855172202,9.860000000000002e-07,0.008704948995728046
494,0.009071314358152449,0.009861776838079095,0.009735615109093487,9.880000000000001e-07,0.008704948995728046
495,0.009528560563921928,0.009382599964737892,0.010368053102865815,9.9e-07,0.008704948995728046
496,0.009127986268140376,0.009220690990332514,0.009583279199432582,9.92e-07,0.008704948995728046
497,0.009166509378701448,0.00896393513539806,0.00992933486122638,9.940000000000001e-07,0.008704948995728046
498,0.009178990498185158,0.00912558555137366,0.009308053995482624,9.96e-07,0.008704948995728046
499,0.010014856699854136,0.010112792835570872,0.009623235673643649,9.98e-07,0.008704948995728046
500,0.009191646007820964,0.009615462739020586,0.009167759562842548,1e-06,0.008704948995728046
501,0.009362634271383286,0.009141310816630721,0.009874414536170661,1.002e-06,0.008704948995728046
502,0.010049232398159802,0.009681089548394084,0.009822824271395802,1.004e-06,0.008704948995728046
503,0.009847087319940329,0.009446447482332587,0.008818256377708167,1.0060000000000002e-06,0.008704948995728046
504,0.009388550999574363,0.009056162787601352,0.00919708760920912,1.0080000000000001e-06,0.008704948995728046
505,0.00937158486340195,0.00945300201419741,0.009669389575719833,1.01e-06,0.008704948995728046
506,0.009520906023681164,0.009837480320129544,0.009432653547264636,1.012e-06,0.008704948995728046
507,0.010089942254126072,0.008873516228049994,0.00981787999626249,1.0140000000000002e-06,0.008704948995728046
508,0.009341574739664793,0.009568097302690148,0.009221164684277028,1.016e-06,0.008704948995728046
509,0.00908415752928704,0.009695077314972878,0.00939505296992138,1.0180000000000002e-06,0.008704948995728046
510,0.009132385486736894,0.008865429321303964,0.008853282139170915,1.02e-06,0.008704948995728046
511,0.009049446787685156,0.00926432287087664,0.00929050927516073,1.0220000000000001e-06,0.008704948995728046
512,0.009611606947146356,0.009528264519758523,0.009131107886787504,1.024e-06,0.008704948995728046
513,0.009255353827029467,0.008972695912234485,0.009979896829463542,1.026e-06,0.008704948995728046
514,0.009565024985931814,0.008753467758651823,0.00838023069081828,1.0280000000000002e-06,0.008704948995728046
515,0.009254426113329828,0.009766548406332731,0.008886830240953714,1.03e-06,0.008704948995728046
516,0.010171428322792053,0.009782642708159983,0.009370200743433088,1.032e-06,0.008704948995728046
517,0.009360295487567782,0.009240425715688616,0.010040902183391154,1.034e-06,0.008704948995728046
518,0.009738160762935877,0.008896745624952018,0.00896970636676997,1.0360000000000001e-06,0.008704948995728046
519,0.00906949897762388,0.00986840995028615,0.009044542617630213,1.038e-06,0.008704948995728046
520,0.009013558621518314,0.009051610482856631,0.009584402840118855,1.0400000000000002e-06,0.008704948995728046
521,0.009166650706902146,0.009216558071784675,0.009629498817957938,1.0420000000000001e-06,0.008704948995728046
522,0.009675596025772393,0.010003847884945571,0.009132858365774155,1.044e-06,0.008704948995728046
523,0.0098271215101704,0.009448111755773425,0.00829357618931681,1.046e-06,0.008704948995728046
524,0.009511089068837464,0.009506485192105174,0.009683647309429944,1.0480000000000002e-06,0.008704948995728046
525,0.009236328420229256,0.008751410874538124,0.009661115589551628,1.0500000000000001e-06,0.008704948995728046
526,0.009363999124616385,0.010010930360294878,0.00895699707325548,1.0520000000000003e-06,0.008704948995728046
527,0.00907699589151889,0.009023333434015512,0.009572719340212643,1.054e-06,0.008704948995728046
528,0.009527853224426508,0.009251914452761412,0.009151883365120739,1.0560000000000001e-06,0.008704948995728046
529,0.01005293126218021,0.009573197807185352,0.009092474938370287,1.058e-06,0.008704948995728046
530,0.009084742283448577,0.009665601653978229,0.00850227358750999,1.06e-06,0.008704948995728046
531,0.009117371635511518,0.00978173315525055,0.009145436575636268,1.0620000000000002e-06,0.008704948995728046
532,0.009180530672892928,0.009689213242381811,0.008992575632873923,1.064e-06,0.008704948995728046
533,0.010434299358166754,0.009065967635251582,0.00952368974685669,1.066e-06,0.008704948995728046
534,0.0092405776376836,0.009584211278706789,0.00908374838763848,1.068e-06,0.008704948995728046
535,0.009435264335479587,0.009286277345381677,0.008576551743317395,1.0700000000000001e-06,0.008704948995728046
536,0.009856546763330698,0.009234920726157725,0.008983394654933363,1.072e-06,0.008704948995728046
537,0.0093554652412422,0.008436880132649094,0.009285901673138142,1.0740000000000002e-06,0.008704948995728046
538,0.009530983516015112,0.008744385908357799,0.009777078754268587,1.076e-06,0.008436880132649094
539,0.009189593023620546,0.009064780664630234,0.00936386379180476,1.078e-06,0.008436880132649094
540,0.009560778038576245,0.009128399891778827,0.00965886004269123,1.08e-06,0.008436880132649094
541,0.009027177235111594,0.008815264038275927,0.008961239946074784,1.0820000000000002e-06,0.008436880132649094
542,0.009719467489048839,0.00896699063014239,0.009141065529547632,1.0840000000000001e-06,0.008436880132649094
543,0.009033373033162206,0.009625757928006351,0.00934997561853379,1.086e-06,0.008436880132649094
544,0.009655125846620649,0.009602382546290755,0.008989646448753774,1.088e-06,0.008436880132649094
545,0.009580004378221929,0.00935304956510663,0.008842735784128308,1.0900000000000002e-06,0.008436880132649094
546,0.008961097861174494,0.009099649963900447,0.008931062708143145,1.092e-06,0.008436880132649094
547,0.009391377272550017,0.00940085225738585,0.009193801204673946,1.094e-06,0.008436880132649094
548,0.009537465055473149,0.009400938812177628,0.008980656508356333,1.0960000000000002e-06,0.008436880132649094
549,0.008882707450538874,0.009182101697660983,0.009448445052839816,1.0980000000000001e-06,0.008436880132649094
550,0.009580388315953314,0.00934109662193805,0.009018019423820078,1.1e-06,0.008436880132649094
551,0.009377600043080747,0.008839246002025902,0.008423523569945246,1.102e-06,0.008436880132649094
552,0.00980983953922987,0.00922414957312867,0.009331586654298007,1.1040000000000001e-06,0.008436880132649094
553,0.009054530877619982,0.008409696398302913,0.00904395047109574,1.106e-06,0.008436880132649094
554,0.009132857841905206,0.008959012746345252,0.008918046951293945,1.1080000000000002e-06,0.008409696398302913
555,0.009996408713050187,0.009338591946288943,0.00902484729886055,1.11e-06,0.008409696398302913
556,0.009657929767854512,0.009237905032932758,0.009631344699300826,1.1120000000000001e-06,0.008409696398302913
557,0.009014329756610096,0.009118089103139937,0.00897587975487113,1.114e-06,0.008409696398302913
558,0.008880224777385592,0.008578125503845513,0.0091674251598306,1.1160000000000002e-06,0.008409696398302913
559,0.009542154264636338,0.00977391900960356,0.009268778841942549,1.1180000000000001e-06,0.008409696398302913
560,0.00952536123804748,0.009034033049829304,0.008987708308268338,1.12e-06,0.008409696398302913
561,0.009764474583789706,0.00943884433945641,0.009101846313569695,1.122e-06,0.008409696398302913
562,0.00887440552469343,0.00934046576730907,0.00958369579166174,1.1240000000000002e-06,0.008409696398302913
563,0.009365074336528778,0.009729948360472918,0.008652140677440912,1.126e-06,0.008409696398302913
564,0.008956051897257566,0.009430676291231066,0.009146689088083804,1.128e-06,0.008409696398302913
565,0.009252786985598505,0.009322600089944899,0.009429395315237343,1.1300000000000002e-06,0.008409696398302913
566,0.009504471730906516,0.008983685867860913,0.008980662212707102,1.132e-06,0.008409696398302913
567,0.009849894209764898,0.008872629899997264,0.009579323814250529,1.134e-06,0.008409696398302913
568,0.009263882646337152,0.009319587785284966,0.009117618959862739,1.136e-06,0.008409696398302913
569,0.009537206031382084,0.009267513873055577,0.00970804167445749,1.1380000000000002e-06,0.008409696398302913
570,0.00920531339943409,0.009304544189944863,0.00908307044301182,1.14e-06,0.008409696398302913
571,0.0095375447999686,0.008964446024037898,0.008691833238117397,1.142e-06,0.008409696398302913
572,0.009163039037957788,0.008579968474805355,0.009184941765852273,1.144e-06,0.008409696398302913
573,0.008874656108673662,0.008866654650773853,0.009039322205353528,1.1460000000000001e-06,0.008409696398302913
574,0.009830922819674015,0.009368656028527766,0.009379659430123866,1.148e-06,0.008409696398302913
575,0.009133561048656702,0.009047139203175902,0.009201063308864832,1.1500000000000002e-06,0.008409696398302913
576,0.008976658922620118,0.00934846408199519,0.00879014318343252,1.1520000000000002e-06,0.008409696398302913
577,0.009119099122472107,0.009029283770360053,0.009121089475229383,1.154e-06,0.008409696398302913
578,0.009358703857287765,0.009483455680310726,0.009168287797365338,1.156e-06,0.008409696398302913
579,0.008397111494559795,0.008737476484384388,0.00929554330650717,1.1580000000000002e-06,0.008409696398302913
580,0.008984548738226295,0.008562224451452494,0.00950545456726104,1.1600000000000001e-06,0.008409696398302913
581,0.00906707625836134,0.009001959231682122,0.00902966334251687,1.162e-06,0.008409696398302913
582,0.009150718804448843,0.009021266596391797,0.009295235970057547,1.1640000000000002e-06,0.008409696398302913
583,0.009407480712980032,0.008854046347551048,0.00857849552994594,1.166e-06,0.008409696398302913
584,0.009093825938180089,0.009006948908790946,0.00923344847979024,1.168e-06,0.008409696398302913
585,0.00949633156415075,0.008915413403883576,0.008750884619075805,1.17e-06,0.008409696398302913
586,0.009730212390422821,0.00847226707264781,0.009174075908958912,1.1720000000000002e-06,0.008409696398302913
587,0.009806883404962718,0.008556305023375899,0.008519009803421795,1.1740000000000001e-06,0.008409696398302913
588,0.009279860649257898,0.009154681232757866,0.00824881112203002,1.176e-06,0.008409696398302913
589,0.009020465251524001,0.008712642709724605,0.009912352543324232,1.178e-06,0.008409696398302913
590,0.009271585149690509,0.009125164709985256,0.00829476531362161,1.1800000000000001e-06,0.008409696398302913
591,0.009043228288646787,0.008304184477310628,0.008591809484641999,1.182e-06,0.008409696398302913
592,0.009314002934843302,0.009412194893229753,0.009163307375274599,1.1840000000000002e-06,0.008304184477310628
593,0.009259898564778268,0.00895486504305154,0.008973481715656817,1.1860000000000002e-06,0.008304184477310628
594,0.009023487684316933,0.009019786375574768,0.009076306188944727,1.188e-06,0.008304184477310628
595,0.00902633392252028,0.008552856801543385,0.009552236122544855,1.19e-06,0.008304184477310628
596,0.008393795927986503,0.00859276979463175,0.008809976046904922,1.1920000000000002e-06,0.008304184477310628
597,0.008859932655468583,0.008944776840507984,0.008886541123501956,1.1940000000000001e-06,0.008304184477310628
598,0.008760124968830496,0.009390501421876252,0.009348529623821378,1.196e-06,0.008304184477310628
599,0.009371822641696781,0.008906973409466445,0.009061732213012874,1.198e-06,0.008304184477310628
600,0.008605552837252617,0.008330222393851727,0.008965221932157874,1.2e-06,0.008304184477310628
601,0.00917974760523066,0.00922301912214607,0.008750422101002187,1.202e-06,0.008304184477310628
602,0.009298116841819137,0.008785374346189201,0.008110669383313507,1.204e-06,0.008304184477310628
603,0.009209594689309597,0.008875963918399066,0.008513616921845824,1.2060000000000002e-06,0.008304184477310628
604,0.00920839048922062,0.008741393918171525,0.008772972214501351,1.2080000000000001e-06,0.008304184477310628
605,0.008558508532587439,0.008529207552783191,0.008152336697094142,1.21e-06,0.008304184477310628
606,0.009142007678747177,0.009296661824919283,0.00894721777876839,1.212e-06,0.008304184477310628
607,0.009700297610834241,0.009039097116328776,0.008703674422577024,1.2140000000000002e-06,0.008304184477310628
608,0.009300580364651978,0.009364350815303624,0.008498285431414843,1.216e-06,0.008304184477310628
609,0.009439584566280246,0.008639192790724337,0.008978268306236714,1.2180000000000002e-06,0.008304184477310628
610,0.008731477137189358,0.008763178368099034,0.009011487301904708,1.2200000000000002e-06,0.008304184477310628
611,0.009105846635065973,0.008968355657998472,0.008827913436107337,1.2220000000000001e-06,0.008304184477310628
612,0.009056749229785055,0.008533217536751181,0.009171086770948023,1.224e-06,0.008304184477310628
613,0.009078604576643556,0.008986270986497402,0.008309928874950856,1.2260000000000002e-06,0.008304184477310628
614,0.009146434837020934,0.008944545581471175,0.008707287488505244,1.2280000000000001e-06,0.008304184477310628
615,0.0092010498046875,0.008895258826669306,0.00884963443968445,1.23e-06,0.008304184477310628
616,0.009096413850784302,0.00836957769934088,0.008347417402546853,1.232e-06,0.008304184477310628
617,0.009254435019101948,0.008929351228289306,0.008797151385806501,1.234e-06,0.008304184477310628
618,0.009051583823747933,0.008799881325103343,0.009155509527772665,1.2360000000000001e-06,0.008304184477310628
619,0.009296272066421807,0.00888374587520957,0.00851473241345957,1.238e-06,0.008304184477310628
620,0.008917769067920744,0.008964971522800624,0.008431807742454112,1.2400000000000002e-06,0.008304184477310628
621,0.008674872573465109,0.00865906971739605,0.008593544946052134,1.2420000000000001e-06,0.008304184477310628
622,0.009638524148613214,0.00860729778651148,0.008667940157465637,1.244e-06,0.008304184477310628
623,0.008973761461675167,0.008784053265117109,0.008872659760527313,1.246e-06,0.008304184477310628
624,0.008713847782928497,0.008798628638032824,0.00803614140022546,1.2480000000000002e-06,0.008304184477310628
625,0.009212617645971477,0.008569876663386822,0.009580327197909355,1.25e-06,0.008304184477310628
626,0.008967879926785827,0.008654991805087775,0.008913185389246792,1.2520000000000003e-06,0.008304184477310628
627,0.008867049240507185,0.009251866955310106,0.008823869575280696,1.254e-06,0.008304184477310628
628,0.009107880177907646,0.009038568707183003,0.008715715142898262,1.2560000000000001e-06,0.008304184477310628
629,0.008937322709243745,0.008826063829474151,0.008494438952766359,1.258e-06,0.008304184477310628
630,0.008872712613083422,0.00850719929439947,0.008445630490314215,1.2600000000000002e-06,0.008304184477310628
631,0.009166367002762854,0.008485057856887579,0.008334449958056211,1.2620000000000002e-06,0.008304184477310628
632,0.008478443953208625,0.008958231890574098,0.00928424543235451,1.264e-06,0.008304184477310628
633,0.00895760371349752,0.008948297938331962,0.008349658106453717,1.266e-06,0.008304184477310628
634,0.008636878919787705,0.008404047694057226,0.008454456925392151,1.268e-06,0.008304184477310628
635,0.00893798831384629,0.00905966735444963,0.008317734289448708,1.2700000000000001e-06,0.008304184477310628
636,0.008790785330347717,0.00893679092405364,0.008997947734314948,1.272e-06,0.008304184477310628
637,0.008846690121572465,0.00861233688192442,0.00831025984371081,1.2740000000000002e-06,0.008304184477310628
638,0.0095545215299353,0.008501269621774554,0.008383225242141634,1.2760000000000001e-06,0.008304184477310628
639,0.008382131578400731,0.009128171601332724,0.008689870941452682,1.278e-06,0.008304184477310628
640,0.009346658829599619,0.00867583998478949,0.008930057112593204,1.28e-06,0.008304184477310628
641,0.009646433871239424,0.008296854852233082,0.008753701928071678,1.2820000000000002e-06,0.008304184477310628
642,0.009023068705573678,0.009034254122525454,0.008330159645993263,1.2840000000000001e-06,0.008296854852233082
643,0.008952770847827196,0.008061751199420542,0.009276143740862608,1.2860000000000003e-06,0.008296854852233082
644,0.008743003709241748,0.009285370004363358,0.008919151849113405,1.288e-06,0.008061751199420542
645,0.008725891471840441,0.008059389365371317,0.008952449541538954,1.2900000000000001e-06,0.008061751199420542
646,0.009518591570667922,0.008730636443942785,0.008919520769268274,1.292e-06,0.008059389365371317
647,0.009443303104490042,0.008551334671210498,0.008169990964233875,1.2940000000000002e-06,0.008059389365371317
648,0.00894722924567759,0.00861830054782331,0.008171196386683732,1.2960000000000002e-06,0.008059389365371317
649,0.008904372749384493,0.00843974930467084,0.009051755769178271,1.2980000000000001e-06,0.008059389365371317
650,0.00896309205563739,0.008540994545910507,0.00845986936474219,1.3e-06,0.008059389365371317
651,0.008096846169792116,0.008612567675299942,0.008738562639337033,1.302e-06,0.008059389365371317
652,0.008743374608457088,0.008504947065375745,0.008543162082787603,1.3040000000000001e-06,0.008059389365371317
653,0.008949037874117494,0.008299864071886986,0.008735583804082125,1.306e-06,0.008059389365371317
654,0.009214959223754704,0.008905611233785748,0.008582672802731395,1.3080000000000002e-06,0.008059389365371317
655,0.008317235216964036,0.008404523541685194,0.008401881728786975,1.31e-06,0.008059389365371317
656,0.008945390582084656,0.008591590740252286,0.00840320676798001,1.312e-06,0.008059389365371317
657,0.009221650310792029,0.008991862705443054,0.008614212507382035,1.314e-06,0.008059389365371317
658,0.00863828998990357,0.008254934276919812,0.0077207915019243956,1.3160000000000002e-06,0.008059389365371317
659,0.008866685500834137,0.008832068822812289,0.0082719536148943,1.3180000000000001e-06,0.008059389365371317
660,0.009237855789251626,0.008542878902517259,0.009243927896022797,1.32e-06,0.008059389365371317
661,0.008458584314212203,0.008716735523194075,0.008208636078052223,1.322e-06,0.008059389365371317
662,0.008573844272177666,0.008625129761639982,0.008804475131910294,1.3240000000000002e-06,0.008059389365371317
663,0.008754903334192932,0.008127143373712897,0.008651124604512006,1.326e-06,0.008059389365371317
664,0.00885933154495433,0.008231823099777102,0.008449866552837193,1.3280000000000002e-06,0.008059389365371317
665,0.009352855326142162,0.00896176282549277,0.00829085911391303,1.3300000000000002e-06,0.008059389365371317
666,0.008711546310223639,0.008681856445036829,0.008316807507071644,1.3320000000000001e-06,0.008059389365371317
667,0.009057403192855418,0.008590834157075733,0.007893121044617146,1.334e-06,0.008059389365371317
668,0.008697383280377835,0.009332941146567464,0.008564880641642958,1.336e-06,0.008059389365371317
669,0.0093498092610389,0.008881652727723122,0.008106494438834488,1.3380000000000001e-06,0.008059389365371317
670,0.009210682124830782,0.008476603659801185,0.0084578997339122,1.34e-06,0.008059389365371317
671,0.009364606696181,0.008517755544744432,0.00879730744054541,1.3420000000000002e-06,0.008059389365371317
672,0.008682969491928816,0.008243312418926507,0.008160614117514342,1.344e-06,0.008059389365371317
673,0.008982888888567686,0.008222549164202064,0.008886281459126621,1.3460000000000001e-06,0.008059389365371317
674,0.009503499488346279,0.008460365235805511,0.008932432741858065,1.348e-06,0.008059389365371317
675,0.00877216225489974,0.008274671097751707,0.008875985047779977,1.3500000000000002e-06,0.008059389365371317
676,0.00939460500376299,0.008515603840351105,0.008374402183108032,1.3520000000000001e-06,0.008059389365371317
677,0.008456032839603722,0.008463786798529327,0.008642256550956517,1.354e-06,0.008059389365371317
678,0.009196287719532847,0.008389614813495427,0.008575444808229804,1.356e-06,0.008059389365371317
679,0.008194913272745907,0.00894654099829495,0.008124002895783633,1.3580000000000002e-06,0.008059389365371317
680,0.008061577449552715,0.009312455775216222,0.008354620134923607,1.3600000000000001e-06,0.008059389365371317
681,0.008767560357227921,0.00828783493489027,0.008375843986868858,1.3620000000000003e-06,0.008059389365371317
682,0.008999139594379812,0.008403605781495571,0.008081447216682136,1.3640000000000002e-06,0.008059389365371317
683,0.008134119852911681,0.00902902171947062,0.008352187345735729,1.366e-06,0.008059389365371317
684,0.009131553350016475,0.008645940048154444,0.007865681138355285,1.368e-06,0.008059389365371317
685,0.008569616824388504,0.008248526079114527,0.008670338371302933,1.37e-06,0.008059389365371317
686,0.008896942483261228,0.008451345842331648,0.008697506505995989,1.3720000000000002e-06,0.008059389365371317
687,0.008835117681883276,0.008946648566052318,0.008724238607101142,1.374e-06,0.008059389365371317
688,0.009003696730360389,0.008469821768812835,0.008778497925959527,1.376e-06,0.008059389365371317
689,0.00860951078357175,0.008441126439720392,0.008564995310734957,1.378e-06,0.008059389365371317
690,0.008865044452250004,0.008562812232412398,0.008329467149451375,1.3800000000000001e-06,0.008059389365371317
691,0.008794305089395493,0.008113506773952395,0.008830200415104628,1.382e-06,0.008059389365371317
692,0.008948085538577288,0.007558416167739779,0.008645998255815357,1.3840000000000002e-06,0.008059389365371317
693,0.008642687811516225,0.008293309132568538,0.008278070017695427,1.3860000000000002e-06,0.007558416167739779
694,0.008352778851985931,0.009161840076558292,0.007840970472898334,1.388e-06,0.007558416167739779
695,0.00883483502548188,0.008188764681108296,0.008523131487891078,1.39e-06,0.007558416167739779
696,0.008787345781456679,0.008433215611148626,0.008659173909109086,1.3920000000000002e-06,0.007558416167739779
697,0.00845231197308749,0.008576963853556663,0.008458016731310636,1.3940000000000001e-06,0.007558416167739779
698,0.008900183835066855,0.007902436831500381,0.00833711918676272,1.3960000000000003e-06,0.007558416167739779
699,0.008645588939543813,0.009100861265324056,0.00866873242193833,1.3980000000000002e-06,0.007558416167739779
700,0.00825685157906264,0.008377128571737558,0.008313911035656929,1.4e-06,0.007558416167739779
701,0.00849667121656239,0.008242958167102188,0.009048128500580788,1.402e-06,0.007558416167739779
702,0.008710270281881094,0.008752051624469459,0.008453505055513233,1.404e-06,0.007558416167739779
703,0.008625266666058451,0.008195422764401883,0.008366029476746917,1.4060000000000002e-06,0.007558416167739779
704,0.008698808029294014,0.008776407281402498,0.008354813850019127,1.4080000000000001e-06,0.007558416167739779
705,0.00905528967268765,0.008501902222633362,0.008806312107481062,1.41e-06,0.007558416167739779
706,0.008901075925678015,0.008404921973124146,0.00795718829613179,1.412e-06,0.007558416167739779
707,0.008664890192449093,0.00844682176830247,0.008404818887356669,1.4140000000000001e-06,0.007558416167739779
708,0.009206496179103851,0.00888804777059704,0.008254023850895464,1.416e-06,0.007558416167739779
709,0.00884902843972668,0.009166842559352517,0.008152823895215988,1.4180000000000002e-06,0.007558416167739779
710,0.009087767102755606,0.008800493320450187,0.008762013749219477,1.4200000000000002e-06,0.007558416167739779
711,0.008668017922900617,0.00835432211169973,0.008646310307085514,1.4220000000000001e-06,0.007558416167739779
712,0.008571194659452885,0.008154951501637697,0.009259276674129069,1.424e-06,0.007558416167739779
713,0.008853100414853543,0.007982128765434027,0.008205416961573064,1.4260000000000002e-06,0.007558416167739779
714,0.008876541745848954,0.008373996941372752,0.008632834302261472,1.4280000000000001e-06,0.007558416167739779
715,0.00841503799892962,0.0084249900537543,0.008295667066704482,1.4300000000000003e-06,0.007558416167739779
716,0.008529560873284936,0.008209794934373349,0.008162290672771633,1.432e-06,0.007558416167739779
717,0.00902775814756751,0.008452281006611884,0.008515930850990117,1.434e-06,0.007558416167739779
718,0.008272573235444725,0.008773198816925287,0.008159515156876296,1.436e-06,0.007558416167739779
719,0.00877063418738544,0.008664189488627017,0.00857620983151719,1.438e-06,0.007558416167739779
720,0.0084309212397784,0.008425743551924825,0.00897674832958728,1.4400000000000002e-06,0.007558416167739779
721,0.008631657343357801,0.008074727491475642,0.009460346074774861,1.4420000000000001e-06,0.007558416167739779
722,0.008897378342226148,0.008079747145529836,0.008494875393807888,1.444e-06,0.007558416167739779
723,0.008951592724770308,0.00840359932044521,0.008423539518844336,1.446e-06,0.007558416167739779
724,0.009071301494259387,0.00861022126628086,0.00858462235191837,1.4480000000000002e-06,0.007558416167739779
725,0.009085161029361188,0.00866979663260281,0.008418421726673841,1.45e-06,0.007558416167739779
726,0.008325538889039308,0.00828437996096909,0.008151578949764371,1.4520000000000002e-06,0.007558416167739779
727,0.00841229292564094,0.008157827542163432,0.008978771977126598,1.4540000000000002e-06,0.007558416167739779
728,0.008737467345781624,0.00860396132338792,0.00817359477514401,1.4560000000000001e-06,0.007558416167739779
729,0.008549933787435293,0.008468677056953311,0.008058402279857546,1.458e-06,0.007558416167739779
730,0.00930405268445611,0.008702851075213403,0.008230258012190461,1.4600000000000002e-06,0.007558416167739779
731,0.009031713707372546,0.008203324454370886,0.008933253877330571,1.4620000000000001e-06,0.007558416167739779
732,0.008377617108635604,0.008056779624894261,0.008325846923980862,1.4640000000000003e-06,0.007558416167739779
733,0.00858284393325448,0.008467581064905971,0.008914053905755281,1.466e-06,0.007558416167739779
734,0.009127999132033437,0.008624522248283029,0.008461488119792193,1.468e-06,0.007558416167739779
735,0.009059504489414394,0.008476056857034564,0.008891279809176922,1.4700000000000001e-06,0.007558416167739779
736,0.00851616752333939,0.008428537752479315,0.008465116028673947,1.472e-06,0.007558416167739779
737,0.008932534838095307,0.008020564098842442,0.008334387559443712,1.4740000000000002e-06,0.007558416167739779
738,0.009088723571039736,0.008604277623817325,0.008141713566146791,1.4760000000000001e-06,0.007558416167739779
739,0.008280267880763859,0.008820085669867694,0.008742853126022965,1.478e-06,0.007558416167739779
740,0.008988321060314775,0.00864324625581503,0.00882126105716452,1.48e-06,0.007558416167739779
741,0.00903157948050648,0.008358324936125427,0.008195936912670732,1.4820000000000002e-06,0.007558416167739779
742,0.008964775712229311,0.00832955224905163,0.00914458290208131,1.4840000000000001e-06,0.007558416167739779
743,0.008588110911659896,0.008408026827964932,0.008502585638780147,1.4860000000000003e-06,0.007558416167739779
744,0.008476090733893216,0.008594275917857885,0.008573009225074202,1.488e-06,0.007558416167739779
745,0.009170625009573996,0.008817406662274152,0.008497934089973569,1.4900000000000001e-06,0.007558416167739779
746,0.0087504216353409,0.008270251739304513,0.008297782624140382,1.492e-06,0.007558416167739779
747,0.008754523529205471,0.008092309348285198,0.008487411658279598,1.4940000000000002e-06,0.007558416167739779
748,0.008573244442231953,0.008770380401983857,0.008613156445790082,1.4960000000000002e-06,0.007558416167739779
749,0.00884399056667462,0.009050519613083452,0.008582952315919101,1.498e-06,0.007558416167739779
750,0.008853434934280813,0.008067490009125322,0.008416009950451553,1.5e-06,0.007558416167739779
751,0.008864850969985127,0.008889330085366964,0.008538020018022507,1.502e-06,0.007558416167739779
752,0.008461205230560154,0.008129162655677646,0.008061447471845895,1.5040000000000001e-06,0.007558416167739779
753,0.00924515095539391,0.008586747746448964,0.00819199497345835,1.506e-06,0.007558416167739779
754,0.008582206850405782,0.00794477283488959,0.008174149261321872,1.5080000000000002e-06,0.007558416167739779
755,0.00848682998912409,0.008193042303901166,0.008798720373306423,1.5100000000000002e-06,0.007558416167739779
756,0.008715904376003891,0.008150790818035603,0.008537230605725199,1.512e-06,0.007558416167739779
757,0.009011684160213917,0.008200575655791909,0.008177436131518334,1.514e-06,0.007558416167739779
758,0.00786345242522657,0.008016193751245737,0.008235630404669791,1.5160000000000002e-06,0.007558416167739779
759,0.008938107057474554,0.008227358455769718,0.008701704908162355,1.5180000000000001e-06,0.007558416167739779
760,0.009021789650432765,0.008531053026672453,0.00893152377102524,1.5200000000000003e-06,0.007558416167739779
761,0.008523281139787287,0.008554727421142161,0.008153111091814935,1.522e-06,0.007558416167739779
762,0.008976188604719937,0.00856630428461358,0.008084472559858114,1.5240000000000001e-06,0.007558416167739779
763,0.008349241397809237,0.008211057109292597,0.008531877305358648,1.526e-06,0.007558416167739779
764,0.008926218491978943,0.00846134964376688,0.008084581466391683,1.5280000000000002e-06,0.007558416167739779
765,0.00848193874116987,0.008450140652712435,0.008461115241516382,1.5300000000000002e-06,0.007558416167739779
766,0.008676548430230469,0.008378670958336443,0.008742099918890744,1.5320000000000001e-06,0.007558416167739779
767,0.008531849714927375,0.00865910155698657,0.008183853991795331,1.534e-06,0.007558416167739779
768,0.009256140852812678,0.008034999947994947,0.008880429901182652,1.5360000000000002e-06,0.007558416167739779
769,0.009106056357268244,0.00831347081111744,0.008188336389139295,1.5380000000000001e-06,0.007558416167739779
770,0.0091916125966236,0.007947861158754677,0.008302736328914762,1.54e-06,0.007558416167739779
771,0.008548873011022806,0.008109185378998518,0.008697491837665439,1.5420000000000002e-06,0.007558416167739779
772,0.008719736128114164,0.008199385250918567,0.008208662329707295,1.544e-06,0.007558416167739779
773,0.008071872580330819,0.008399364771321416,0.008913680328987539,1.546e-06,0.007558416167739779
774,0.008768588828388602,0.008129700378049165,0.008323339046910405,1.548e-06,0.007558416167739779
775,0.008546133933123201,0.008375351782888174,0.008154532464686781,1.5500000000000002e-06,0.007558416167739779
776,0.008912406454328448,0.008368652663193643,0.008897083636838943,1.5520000000000001e-06,0.007558416167739779
777,0.008786907070316374,0.008976550539955497,0.00847745971987024,1.554e-06,0.007558416167739779
778,0.008730436209589243,0.007995201274752617,0.008444504579529166,1.556e-06,0.007558416167739779
779,0.009220190113410354,0.008675210818182677,0.008289916906505823,1.5580000000000002e-06,0.007558416167739779
780,0.008460813318379223,0.008737410418689251,0.00854432483902201,1.56e-06,0.007558416167739779
781,0.008393488707952201,0.00860981916775927,0.008233996108174324,1.5620000000000002e-06,0.007558416167739779
782,0.009287504595704377,0.008188694773707539,0.00865130650345236,1.5640000000000002e-06,0.007558416167739779
783,0.00885481433942914,0.008049574447795749,0.00929946277756244,1.5660000000000001e-06,0.007558416167739779
784,0.008854048734065145,0.00833782268455252,0.008628530078567564,1.5680000000000003e-06,0.007558416167739779
785,0.008324166119564325,0.007948506507091224,0.008420664235018194,1.5700000000000002e-06,0.007558416167739779
786,0.008629191434010863,0.008630671421997249,0.00871606811415404,1.5720000000000002e-06,0.007558416167739779
787,0.008635251258965582,0.008118069905322045,0.008335262129548937,1.574e-06,0.007558416167739779
788,0.008406934153754264,0.008134009782224894,0.008230065694078803,1.576e-06,0.007558416167739779
789,0.008659208833705634,0.008453028567600995,0.008243916789069772,1.5780000000000002e-06,0.007558416167739779
790,0.00898278586100787,0.008568862336687744,0.008139228157233447,1.5800000000000001e-06,0.007558416167739779
791,0.008770737098529935,0.008257525449153036,0.008979590493254364,1.582e-06,0.007558416167739779
792,0.008409064961597323,0.008857814769726247,0.008517142734490335,1.584e-06,0.007558416167739779
793,0.008491113549098372,0.008695147233083844,0.009014905197545886,1.5860000000000004e-06,0.007558416167739779
794,0.008624327136203647,0.008240636147093028,0.00798270758241415,1.588e-06,0.007558416167739779
795,0.008628167037386447,0.008399117446970195,0.008579982095398009,1.59e-06,0.007558416167739779
796,0.008297133666928858,0.00791946321260184,0.008819468901492655,1.592e-06,0.007558416167739779
797,0.008631227887235582,0.00815960014006123,0.008457464224193245,1.5940000000000003e-06,0.007558416167739779
798,0.008460869081318378,0.007957540277857333,0.008027022297028452,1.5960000000000003e-06,0.007558416167739779
799,0.008527718717232347,0.008159429242368788,0.008081275504082441,1.5980000000000002e-06,0.007558416167739779
800,0.008690266869962215,0.008601244306191802,0.008091028430499136,1.6e-06,0.007558416167739779
801,0.009072527347598225,0.008380362472962588,0.008502362004946917,1.6020000000000003e-06,0.007558416167739779
802,0.008113679592497647,0.008604864589869976,0.008098706253804266,1.6040000000000002e-06,0.007558416167739779
803,0.008425279753282666,0.008196935872547328,0.00824841222492978,1.6060000000000002e-06,0.007558416167739779
804,0.008656977326609194,0.007969949452672154,0.0085359294898808,1.608e-06,0.007558416167739779
805,0.008287070726510137,0.008472232555504888,0.008542937750462443,1.61e-06,0.007558416167739779
806,0.00866413617040962,0.008761038538068533,0.00833421346032992,1.6120000000000002e-06,0.007558416167739779
807,0.008982857572846115,0.008646156231407076,0.008653242839500308,1.6140000000000001e-06,0.007558416167739779
808,0.00853435805765912,0.00836338079534471,0.008780431526247412,1.616e-06,0.007558416167739779
809,0.00822525389958173,0.008597354230005294,0.008505516103468835,1.618e-06,0.007558416167739779
810,0.00918915355578065,0.008524235687218606,0.008318262116517872,1.6200000000000002e-06,0.007558416167739779
811,0.008425154897850007,0.0082650117110461,0.008437688928097486,1.622e-06,0.007558416167739779
812,0.009043954429216683,0.007698640285525471,0.008811707200948149,1.624e-06,0.007558416167739779
813,0.009041492885444313,0.008613893645815551,0.00852757238317281,1.626e-06,0.007558416167739779
814,0.008719274133909494,0.008621182234492153,0.00834075134480372,1.6280000000000003e-06,0.007558416167739779
815,0.008435559924691916,0.008392960822675377,0.008073267294093966,1.6300000000000003e-06,0.007558416167739779
816,0.008192032342776656,0.007686279946938157,0.008395411598030478,1.6320000000000002e-06,0.007558416167739779
817,0.008284074836410582,0.00907023751642555,0.009114671382121742,1.634e-06,0.007558416167739779
818,0.008819745387881994,0.00818266486749053,0.008289945195429027,1.6360000000000003e-06,0.007558416167739779
819,0.00835654221009463,0.008130379661452025,0.008298995380755514,1.6380000000000002e-06,0.007558416167739779
820,0.008785372716374695,0.008016952488105744,0.008193971822038293,1.6400000000000002e-06,0.007558416167739779
821,0.008876891806721687,0.008569969970267266,0.008634278899990022,1.6420000000000001e-06,0.007558416167739779
822,0.008477907977066934,0.0077537159668281674,0.008321810339111835,1.644e-06,0.007558416167739779
823,0.00885204051155597,0.008170099230483174,0.008655919111333787,1.6460000000000002e-06,0.007558416167739779
824,0.00851034582592547,0.008472415385767817,0.008248535334132612,1.6480000000000001e-06,0.007558416167739779
825,0.00887821486685425,0.008630559779703617,0.008644585439469665,1.65e-06,0.007558416167739779
826,0.008526193036232144,0.008733765396755189,0.00875177199486643,1.652e-06,0.007558416167739779
827,0.008221955969929695,0.00864589452976361,0.0082647989038378,1.6540000000000002e-06,0.007558416167739779
828,0.008970732684247196,0.008512547588907182,0.008188468054868281,1.6560000000000001e-06,0.007558416167739779
829,0.008169488748535514,0.008348205126821995,0.00848138821311295,1.658e-06,0.007558416167739779
830,0.008914104080758989,0.008546464203391224,0.008479779527988285,1.66e-06,0.007558416167739779
831,0.00798626383766532,0.008381412597373128,0.008165625331457704,1.6620000000000004e-06,0.007558416167739779
832,0.008498220646288246,0.008619941654615104,0.008203519799280912,1.6640000000000003e-06,0.007558416167739779
833,0.00895311392378062,0.009245221852324903,0.008520969480741769,1.666e-06,0.007558416167739779
834,0.008606860355939716,0.008080985804554075,0.008913846279028803,1.668e-06,0.007558416167739779
835,0.00803375558461994,0.008114532276522368,0.008880264242179692,1.6700000000000003e-06,0.007558416167739779
836,0.00828808028018102,0.008551878505386412,0.008162332291249186,1.6720000000000003e-06,0.007558416167739779
837,0.008591566525865346,0.00832041387911886,0.00803413288667798,1.6740000000000002e-06,0.007558416167739779
838,0.008795293979346752,0.008265758457127959,0.008194980735424906,1.6760000000000001e-06,0.007558416167739779
839,0.008563923300243914,0.008553422230761498,0.008822906180284917,1.678e-06,0.007558416167739779
840,0.00831574824405834,0.00828612077748403,0.007737644365988672,1.6800000000000002e-06,0.007558416167739779
841,0.008457900083158165,0.008291461563203484,0.008252729254309088,1.6820000000000002e-06,0.007558416167739779
842,0.008513245033100247,0.008778636052738875,0.007376271358225495,1.684e-06,0.007558416167739779
843,0.008632380922790617,0.007921742973849177,0.00789212656673044,1.686e-06,0.007558416167739779
844,0.008690051967278123,0.0083579434431158,0.008455630682874471,1.6880000000000002e-06,0.007558416167739779
845,0.008400806225836277,0.008370851573999971,0.008325163391418755,1.6900000000000001e-06,0.007558416167739779
846,0.008841425064019859,0.008148986962623894,0.008639862877316773,1.692e-06,0.007558416167739779
847,0.008589866803959012,0.008144398627337068,0.008450450317468494,1.694e-06,0.007558416167739779
848,0.008060127845965326,0.008807231090031564,0.008495978137943894,1.6960000000000004e-06,0.007558416167739779
849,0.008331183751579374,0.008332444995176047,0.007618415635079145,1.6980000000000003e-06,0.007558416167739779
850,0.008688122208695859,0.007974281383212656,0.008253756037447602,1.7e-06,0.007558416167739779
851,0.009106219396926463,0.008594875747803599,0.008766229846514761,1.702e-06,0.007558416167739779
852,0.008522807038389146,0.00836037821136415,0.008736222749575973,1.7040000000000003e-06,0.007558416167739779
853,0.00896452268352732,0.008122219936922193,0.007884576043579727,1.7060000000000003e-06,0.007558416167739779
854,0.009158433182165027,0.008397574245464057,0.007802561507560313,1.7080000000000002e-06,0.007558416167739779
855,0.008355935977306217,0.008536236186046153,0.007649907027371228,1.7100000000000001e-06,0.007558416167739779
856,0.008899448090232909,0.008879354747477919,0.008284442068543285,1.712e-06,0.007558416167739779
857,0.008342384942807257,0.008762222714722157,0.008851224614772946,1.7140000000000002e-06,0.007558416167739779
858,0.007992203813046217,0.009114996762946248,0.008515923051163554,1.7160000000000002e-06,0.007558416167739779
859,0.009483104920946062,0.008442961727268994,0.008645578811410815,1.7180000000000001e-06,0.007558416167739779
860,0.008784597273916006,0.008784826670307666,0.008604280417785048,1.72e-06,0.007558416167739779
861,0.007927891740109771,0.008327758056111634,0.008442088146694005,1.7220000000000002e-06,0.007558416167739779
862,0.008595658116973937,0.008251245832070708,0.008357527083717287,1.7240000000000001e-06,0.007558416167739779
863,0.008488460502121598,0.008262966759502888,0.00853247381746769,1.726e-06,0.007558416167739779
864,0.008289657940622419,0.008964070468209684,0.008351772266905755,1.728e-06,0.007558416167739779
865,0.008519387571141124,0.008108916750643402,0.00801631878130138,1.7300000000000004e-06,0.007558416167739779
866,0.008432574570178986,0.008947322377935052,0.008656868303660303,1.732e-06,0.007558416167739779
867,0.008433655428234488,0.008487130573485047,0.008772919536568224,1.734e-06,0.007558416167739779
868,0.008901898574549705,0.008219415962230414,0.008303639013320208,1.736e-06,0.007558416167739779
869,0.008396045072004199,0.008277736429590732,0.008375436649657786,1.7380000000000003e-06,0.007558416167739779
870,0.008646248723380268,0.00784048589412123,0.008368715003598481,1.7400000000000003e-06,0.007558416167739779
871,0.008918768318835646,0.008476856513880193,0.008532998850569129,1.7420000000000002e-06,0.007558416167739779
872,0.008422793936915696,0.008509232720825821,0.008133100636769086,1.7440000000000002e-06,0.007558416167739779
873,0.008051882905419916,0.008054456091485918,0.008510263811331242,1.7459999999999999e-06,0.007558416167739779
874,0.00848393072374165,0.008708801353350282,0.007899192103650421,1.7480000000000002e-06,0.007558416167739779
875,0.008599268679972738,0.00826370861614123,0.00855712324846536,1.7500000000000002e-06,0.007558416167739779
876,0.008362127584405243,0.007843314844649285,0.008799888542853296,1.7520000000000001e-06,0.007558416167739779
877,0.00891310372389853,0.008655509795062244,0.008575140847824514,1.754e-06,0.007558416167739779
878,0.008485107158776373,0.008301180962007493,0.007765841146465391,1.7560000000000002e-06,0.007558416167739779
879,0.008641555847134441,0.00844736467115581,0.008479453856125474,1.7580000000000002e-06,0.007558416167739779
880,0.00862261577276513,0.00800861808238551,0.0077940800110809505,1.76e-06,0.007558416167739779
881,0.008596243453212082,0.008638585510198027,0.007929513289127499,1.762e-06,0.007558416167739779
882,0.008885073359124362,0.008550117316190153,0.00816294748801738,1.7640000000000004e-06,0.007558416167739779
883,0.00843587249983102,0.008366310212295502,0.008781744632869959,1.7660000000000001e-06,0.007558416167739779
884,0.008780160278547555,0.008275932807009667,0.008892201352864504,1.768e-06,0.007558416167739779
885,0.008366019057575613,0.008138842065818608,0.00852276716614142,1.77e-06,0.007558416167739779
886,0.00857900537084788,0.008595679304562509,0.00817752064904198,1.7720000000000004e-06,0.007558416167739779
887,0.008606151677668095,0.008054817153606564,0.007602348458021879,1.7740000000000003e-06,0.007558416167739779
888,0.0085566365160048,0.008427003805991262,0.008410878479480743,1.7760000000000002e-06,0.007558416167739779
889,0.008160874305758625,0.008267085300758481,0.008415662217885256,1.7780000000000002e-06,0.007558416167739779
890,0.008085440844297409,0.008239404472988099,0.007630774285644293,1.78e-06,0.007558416167739779
891,0.008488322841003537,0.00832044379785657,0.00889836240094155,1.7820000000000003e-06,0.007558416167739779
892,0.008451443805824965,0.008471055421978235,0.00824755139183253,1.7840000000000002e-06,0.007558416167739779
893,0.008787000086158514,0.008585765492171049,0.008796436770353466,1.7860000000000001e-06,0.007558416167739779
894,0.00869756331667304,0.007851931848563254,0.008669089118484408,1.788e-06,0.007558416167739779
895,0.007937847578432411,0.008760447264648974,0.008485984231811017,1.7900000000000002e-06,0.007558416167739779
896,0.00832247908692807,0.007985623029526323,0.007771134842187166,1.7920000000000002e-06,0.007558416167739779
897,0.008212977962102741,0.008078819315414876,0.008197922317776829,1.794e-06,0.007558416167739779
898,0.007940630719531327,0.008149824920110404,0.007841709535568953,1.796e-06,0.007558416167739779
899,0.008761930628679693,0.008359336294233799,0.008237022266257554,1.7980000000000002e-06,0.007558416167739779
900,0.008239647897426039,0.008720518788322806,0.00947971548885107,1.8000000000000001e-06,0.007558416167739779
901,0.008751096785999835,0.00853197614196688,0.008664645021781325,1.802e-06,0.007558416167739779
902,0.008059446408879012,0.007837159559130669,0.008022150956094265,1.804e-06,0.007558416167739779
903,0.00842668570112437,0.00863476627273485,0.008397722558584064,1.8060000000000004e-06,0.007558416167739779
904,0.008853271370753646,0.007462269219104201,0.007987777178641409,1.8080000000000003e-06,0.007558416167739779
905,0.008468259766232222,0.00797430076636374,0.008672286581713706,1.8100000000000002e-06,0.007462269219104201
906,0.008383286360185593,0.008372851938474923,0.008533741580322385,1.812e-06,0.007462269219104201
907,0.008509893144946545,0.008159922494087368,0.008659149170853198,1.814e-06,0.007462269219104201
908,0.00812715053325519,0.008508429629728198,0.008287618635222316,1.8160000000000003e-06,0.007462269219104201
909,0.008283089904580265,0.008267597062513232,0.008565241994801909,1.8180000000000002e-06,0.007462269219104201
910,0.007853141112718731,0.008599946508184075,0.008595584251452237,1.8200000000000002e-06,0.007462269219104201
911,0.008284723735414445,0.008261986775323749,0.008631370437797159,1.822e-06,0.007462269219104201
912,0.008622399007435888,0.008425242907833308,0.008030546887312084,1.8240000000000002e-06,0.007462269219104201
913,0.008298314933199435,0.008266441116575152,0.008218275499530137,1.8260000000000002e-06,0.007462269219104201
914,0.008495164627674967,0.008246613724622875,0.0085366329876706,1.8280000000000001e-06,0.007462269219104201
915,0.00833971134852618,0.008334544894751161,0.008878530352376401,1.83e-06,0.007462269219104201
916,0.008193351968657225,0.00828786421334371,0.00866911286721006,1.8320000000000002e-06,0.007462269219104201
917,0.00819479237543419,0.007918257033452392,0.00835803773952648,1.8340000000000001e-06,0.007462269219104201
918,0.0084299196023494,0.008024799986742437,0.008766528510022908,1.836e-06,0.007462269219104201
919,0.008475144335534424,0.00819719536229968,0.007816485420335084,1.838e-06,0.007462269219104201
920,0.008431022346485406,0.008056784921791404,0.008529928862117231,1.8400000000000004e-06,0.007462269219104201
921,0.008877961547113955,0.008155816642101854,0.008698553137946874,1.8420000000000003e-06,0.007462269219104201
922,0.00802295922767371,0.00807812687708065,0.00794143695384264,1.844e-06,0.007462269219104201
923,0.008196548733394593,0.008514987013768405,0.008224975958000869,1.846e-06,0.007462269219104201
924,0.008448845881503075,0.007823902647942305,0.008637870661914349,1.848e-06,0.007462269219104201
925,0.008695360331330448,0.00851902092108503,0.008347081893589348,1.8500000000000003e-06,0.007462269219104201
926,0.007985976058989763,0.008797702670563012,0.008096353383734822,1.8520000000000002e-06,0.007462269219104201
927,0.0077929714461788535,0.00816386507358402,0.007592556474264711,1.8540000000000002e-06,0.007462269219104201
928,0.008583979855757207,0.007801454805303365,0.008629402611404657,1.856e-06,0.007462269219104201
929,0.00816194893559441,0.008538934285752475,0.00817326724063605,1.8580000000000003e-06,0.007462269219104201
930,0.008469643071293831,0.00873926590429619,0.00833452824736014,1.8600000000000002e-06,0.007462269219104201
931,0.008554504602216184,0.007750749762635678,0.008026543830055743,1.8620000000000001e-06,0.007462269219104201
932,0.008377458492759615,0.008953882497735322,0.008300680492538959,1.864e-06,0.007462269219104201
933,0.008657586993649602,0.008408097026403993,0.008288613869808614,1.8660000000000002e-06,0.007462269219104201
934,0.008908521849662066,0.00827371230116114,0.008336213475558907,1.8680000000000002e-06,0.007462269219104201
935,0.008010005170945078,0.008087105583399534,0.008351670461706817,1.87e-06,0.007462269219104201
936,0.008826400444377214,0.007768929877784103,0.008328721392899752,1.872e-06,0.007462269219104201
937,0.008375839970540255,0.00846959394402802,0.007963306328747422,1.8740000000000004e-06,0.007462269219104201
938,0.008703454630449414,0.00810703681781888,0.007833501149434596,1.8760000000000003e-06,0.007462269219104201
939,0.008331123506650329,0.00905994325876236,0.007953783846460283,1.878e-06,0.007462269219104201
940,0.008877203275915235,0.008206197642721236,0.007688581710681319,1.88e-06,0.007462269219104201
941,0.008549448568373919,0.008139107783790678,0.008468040090519935,1.882e-06,0.007462269219104201
942,0.008264306816272438,0.008286137948743999,0.008294016297440976,1.8840000000000003e-06,0.007462269219104201
943,0.008539577247574925,0.008473439433146268,0.008643538458272815,1.8860000000000002e-06,0.007462269219104201
944,0.008428601373452693,0.00885851786006242,0.007763571629766375,1.8880000000000002e-06,0.007462269219104201
945,0.008862681977916509,0.008018826483748853,0.008380251936614513,1.8900000000000001e-06,0.007462269219104201
946,0.008246735320426524,0.007839533791411668,0.008365113753825426,1.8920000000000003e-06,0.007462269219104201
947,0.00848442770075053,0.007720126828644425,0.008037955209147185,1.8940000000000002e-06,0.007462269219104201
948,0.008497901435475796,0.008737696916796267,0.009132624778430909,1.8960000000000001e-06,0.007462269219104201
949,0.008018723165150732,0.008790374966338277,0.008005416952073574,1.898e-06,0.007462269219104201
950,0.008242034120485187,0.008236770867370069,0.008252951549366117,1.9000000000000002e-06,0.007462269219104201
951,0.00857825722778216,0.008128636691253632,0.007790665957145393,1.9020000000000002e-06,0.007462269219104201
952,0.008153883216436952,0.007735127757769078,0.008552996267098933,1.9040000000000001e-06,0.007462269219104201
953,0.009090603794902563,0.008139403245877475,0.008332366240210831,1.906e-06,0.007462269219104201
954,0.008831472252495587,0.008508395403623581,0.0083606336847879,1.908e-06,0.007462269219104201
955,0.008490412787068635,0.007997602573595941,0.009030067769344896,1.9100000000000003e-06,0.007462269219104201
956,0.00935361289884895,0.008218111703172326,0.007819984515663236,1.912e-06,0.007462269219104201
957,0.008399898535571992,0.008271358266938478,0.007996484520845115,1.9140000000000002e-06,0.007462269219104201
958,0.007741279201582074,0.00835067784646526,0.007354762055911124,1.916e-06,0.007462269219104201
959,0.008197732560802251,0.008531435625627637,0.007873641850892454,1.918e-06,0.007462269219104201
960,0.008426263113506138,0.008722553262487054,0.008316533581819385,1.9200000000000003e-06,0.007462269219104201
961,0.008794760098680854,0.008542739902622998,0.008368892886210233,1.922e-06,0.007462269219104201
962,0.008526019984856248,0.008400320075452328,0.007973446801770478,1.924e-06,0.007462269219104201
963,0.008272120787296444,0.0081962930271402,0.008563713461626321,1.9260000000000003e-06,0.007462269219104201
964,0.00803152471780777,0.00788110279245302,0.008158446755260229,1.928e-06,0.007462269219104201
965,0.008831388782709837,0.008464735699817538,0.008419468824286014,1.93e-06,0.007462269219104201
966,0.007875887036789209,0.008223428972996771,0.007967089710291475,1.932e-06,0.007462269219104201
967,0.008975852746516466,0.008199849165976048,0.007827766530681401,1.9340000000000005e-06,0.007462269219104201
968,0.008344672329258174,0.008372850657906383,0.00851528305793181,1.936e-06,0.007462269219104201
969,0.008078921819105744,0.00825993943726644,0.008101179904770106,1.9380000000000003e-06,0.007462269219104201
970,0.008034742611926049,0.008223939046729356,0.008143005077727139,1.94e-06,0.007462269219104201
971,0.008782509190496057,0.008212915912736207,0.008429587469436228,1.942e-06,0.007462269219104201
972,0.00818181422073394,0.007686557830311358,0.00860319152707234,1.9440000000000004e-06,0.007462269219104201
973,0.008037341583985835,0.007901844277512282,0.008288413286209106,1.946e-06,0.007462269219104201
974,0.008299549052026123,0.008741367200855166,0.008353969547897577,1.9480000000000002e-06,0.007462269219104201
975,0.008239536255132407,0.008037700725253671,0.008835032349452376,1.95e-06,0.007462269219104201
976,0.008710875466931611,0.009014942275825888,0.008247304300311953,1.952e-06,0.007462269219104201
977,0.008685484062880278,0.00805409817257896,0.008112295006867498,1.9540000000000003e-06,0.007462269219104201
978,0.008377137070056051,0.008266471209935844,0.008099640952423215,1.956e-06,0.007462269219104201
979,0.008185282349586487,0.008606790855992585,0.008238786598667502,1.958e-06,0.007462269219104201
980,0.008398036821745336,0.008336691069416702,0.00871643703430891,1.9600000000000003e-06,0.007462269219104201
981,0.008316845283843577,0.007915633090306073,0.008027033996768296,1.962e-06,0.007462269219104201
982,0.008335831924341619,0.007916048169136047,0.008132179907988757,1.964e-06,0.007462269219104201
983,0.008012794889509678,0.00828511459985748,0.008108585432637483,1.966e-06,0.007462269219104201
984,0.00869762001093477,0.00839647458633408,0.008361793181393296,1.9680000000000005e-06,0.007462269219104201
985,0.008857477980200201,0.008511985186487436,0.007891785819083452,1.97e-06,0.007462269219104201
986,0.008382235828321427,0.0087481455411762,0.008365692512597889,1.9720000000000003e-06,0.007462269219104201
987,0.008879980188794434,0.00836874998640269,0.008274728956166655,1.974e-06,0.007462269219104201
988,0.008279721951112151,0.007602234312798828,0.008562724804505706,1.9760000000000002e-06,0.007462269219104201
989,0.007778052007779479,0.00764385936781764,0.008199283794965595,1.9780000000000004e-06,0.007462269219104201
990,0.008434802293777466,0.008043858397286385,0.008154335664585233,1.98e-06,0.007462269219104201
991,0.008202740573324263,0.008182089077308774,0.008585441682953387,1.9820000000000003e-06,0.007462269219104201
992,0.008439798024483025,0.008704660751391202,0.008478832023683935,1.984e-06,0.007462269219104201
993,0.008743902668356895,0.008413150848355144,0.00919182994402945,1.986e-06,0.007462269219104201
994,0.008561826660297811,0.008795870351605117,0.008036684477701783,1.9880000000000003e-06,0.007462269219104201
995,0.007733220292720944,0.008338000043295324,0.00834021152695641,1.99e-06,0.007462269219104201
996,0.008867986733093858,0.008668476599268615,0.007989058445673436,1.992e-06,0.007462269219104201
997,0.008475950453430414,0.008434404851868749,0.008004534523934126,1.9940000000000003e-06,0.007462269219104201
998,0.008237922447733581,0.00830740126548335,0.008274844207335263,1.996e-06,0.007462269219104201
999,0.008337241597473621,0.00802365510025993,0.008277002372778952,1.998e-06,0.007462269219104201
1000,0.008070636307820678,0.008064610476139933,0.008506839338224381,2e-06,0.007462269219104201
1001,0.007891449437011033,0.00781810499029234,0.007905056176241487,2.0020000000000005e-06,0.007462269219104201
1002,0.008395138778723776,0.008337161154486239,0.008704553765710443,2.004e-06,0.007462269219104201
1003,0.008415114018134773,0.008120223297737539,0.008702791237737983,2.006e-06,0.007462269219104201
1004,0.008409075322560966,0.00870168930850923,0.00796181260375306,2.008e-06,0.007462269219104201
1005,0.008642559056170285,0.008415552438236773,0.008727375010494143,2.0100000000000002e-06,0.007462269219104201
1006,0.007988153083715588,0.007703683339059353,0.008114046358969063,2.0120000000000004e-06,0.007462269219104201
1007,0.009016620926558971,0.007994810352101922,0.007727513730060309,2.014e-06,0.007462269219104201
1008,0.008397660625632852,0.008200559590477496,0.007903805293608457,2.0160000000000003e-06,0.007462269219104201
1009,0.009022391051985323,0.008067493268754333,0.00811278127366677,2.018e-06,0.007462269219104201
1010,0.008134532312396914,0.00772496871650219,0.008465977676678449,2.02e-06,0.007462269219104201
1011,0.008665751025546342,0.008209136838559061,0.008288467884995043,2.0220000000000003e-06,0.007462269219104201
1012,0.007815796067006886,0.007951547566335648,0.008052853983826935,2.024e-06,0.007462269219104201
1013,0.008519163355231285,0.008244679833296686,0.008063256333116442,2.026e-06,0.007462269219104201
1014,0.008813231892418116,0.007963595096953213,0.007858260185457766,2.0280000000000003e-06,0.007462269219104201
1015,0.008358930295798928,0.008044239017181098,0.008034143596887589,2.03e-06,0.007462269219104201
1016,0.007900662196334451,0.008166559622623026,0.008135939133353531,2.032e-06,0.007462269219104201
1017,0.008478260191623122,0.008290409459732473,0.007878323725890368,2.034e-06,0.007462269219104201
1018,0.007997191336471587,0.008552223327569664,0.008815179578959942,2.0360000000000005e-06,0.007462269219104201
1019,0.008549676684197038,0.008345178968738765,0.008113084826618433,2.0380000000000002e-06,0.007462269219104201
1020,0.008088057511486113,0.008391247713007033,0.008506009529810399,2.04e-06,0.007462269219104201
1021,0.008459680422674865,0.007988210651092231,0.008645223802886903,2.042e-06,0.007462269219104201
1022,0.008431035617832094,0.008233664091676474,0.008193971356377006,2.0440000000000003e-06,0.007462269219104201
1023,0.008465936640277505,0.00828988617286086,0.00770862924400717,2.0460000000000004e-06,0.007462269219104201
1024,0.008514774148352444,0.007778478029649705,0.008820083749014884,2.048e-06,0.007462269219104201
1025,0.008015637809876353,0.007660311181098223,0.00828576332423836,2.0500000000000003e-06,0.007462269219104201
1026,0.008498353592585772,0.008324928348883986,0.008031131001189351,2.052e-06,0.007462269219104201
1027,0.008182619814760983,0.008432586444541812,0.008128419518470764,2.054e-06,0.007462269219104201
1028,0.008718290249817073,0.0077003033948130906,0.007850012101698667,2.0560000000000003e-06,0.007462269219104201
1029,0.007940659357700497,0.00817917863605544,0.008203330507967621,2.058e-06,0.007462269219104201
1030,0.008719439851120114,0.00842823670245707,0.008412302762735635,2.06e-06,0.007462269219104201
1031,0.00861298106610775,0.007810030481778085,0.007863333448767662,2.0620000000000003e-06,0.007462269219104201
1032,0.00794723944272846,0.008621666114777327,0.008070033858530223,2.064e-06,0.007462269219104201
1033,0.008604488684795797,0.007816253986675292,0.00824648147681728,2.066e-06,0.007462269219104201
1034,0.008755355724133551,0.007994699466507882,0.008326645998749882,2.068e-06,0.007462269219104201
1035,0.008143842744175345,0.007961121096741408,0.00883535307366401,2.0700000000000005e-06,0.007462269219104201
1036,0.008187537721823901,0.008163049700669944,0.007847780885640532,2.0720000000000002e-06,0.007462269219104201
1037,0.008450288383755833,0.008314474893268198,0.008127354551106691,2.074e-06,0.007462269219104201
1038,0.008485124970320612,0.007972271589096636,0.008010057092178613,2.076e-06,0.007462269219104201
1039,0.00891657976899296,0.008174548158422112,0.008151890244334936,2.0780000000000003e-06,0.007462269219104201
1040,0.007785599504131824,0.007855923322495073,0.00876618199981749,2.0800000000000004e-06,0.007462269219104201
1041,0.008806392666883767,0.008153851376846433,0.008274334075395018,2.082e-06,0.007462269219104201
1042,0.008018138643819839,0.00793291482841596,0.00870163831859827,2.0840000000000003e-06,0.007462269219104201
1043,0.008256883767899126,0.008353061624802649,0.008481375349219888,2.086e-06,0.007462269219104201
1044,0.008103507105261087,0.007820463855750859,0.008562236675061285,2.088e-06,0.007462269219104201
1045,0.008585999195929617,0.007886469480581582,0.007909894629847258,2.0900000000000003e-06,0.007462269219104201
1046,0.008194071298930794,0.007753873826004565,0.007923351251520216,2.092e-06,0.007462269219104201
1047,0.008668615366332233,0.007555012532975525,0.008177515584975481,2.094e-06,0.007462269219104201
1048,0.008406669774558395,0.008491477172356099,0.007577136449981481,2.0960000000000003e-06,0.007462269219104201
1049,0.008237178029958159,0.007870738976635039,0.007576846517622471,2.098e-06,0.007462269219104201
1050,0.008497827628161758,0.007740315399132669,0.008014458930119872,2.1000000000000002e-06,0.007462269219104201
1051,0.008582669193856418,0.00838314916472882,0.008080613682977855,2.102e-06,0.007462269219104201
1052,0.008165500883478671,0.008409559552092105,0.008126851636916399,2.1040000000000005e-06,0.007462269219104201
1053,0.008399873680900782,0.00801682227756828,0.008031720062717795,2.1060000000000002e-06,0.007462269219104201
1054,0.007931402535177767,0.008082788961473852,0.008391493814997375,2.108e-06,0.007462269219104201
1055,0.00783076457446441,0.008449400367680937,0.00812499935273081,2.11e-06,0.007462269219104201
1056,0.008130016678478569,0.00814097054535523,0.007982023991644382,2.1120000000000003e-06,0.007462269219104201
1057,0.008283343748189509,0.008511254098266363,0.007952650892548263,2.1140000000000004e-06,0.007462269219104201
1058,0.007927726837806404,0.0076358060468919575,0.008386049536056817,2.116e-06,0.007462269219104201
1059,0.008698717632796615,0.008140213263686746,0.008127298089675605,2.118e-06,0.007462269219104201
1060,0.008250559156294912,0.008452582696918398,0.008263526775408536,2.12e-06,0.007462269219104201
1061,0.008246339275501668,0.007976442109793425,0.00823411310557276,2.122e-06,0.007462269219104201
1062,0.008134456526022404,0.008432246570009738,0.008180646924301982,2.1240000000000003e-06,0.007462269219104201
1063,0.00899250857764855,0.007965547498315573,0.008555799489840865,2.126e-06,0.007462269219104201
1064,0.008381852938327938,0.007523997221142054,0.008454787195660174,2.128e-06,0.007462269219104201
1065,0.009077004506252706,0.00837795960251242,0.008279561181552708,2.1300000000000004e-06,0.007462269219104201
1066,0.007951659616082907,0.007530932023655623,0.008144793100655079,2.132e-06,0.007462269219104201
1067,0.008489768777508289,0.007442474307026714,0.008250268932897598,2.1340000000000002e-06,0.007462269219104201
1068,0.0078492495813407,0.008327738440129906,0.008434429357293993,2.136e-06,0.007442474307026714
1069,0.008277731423731893,0.008573277737013996,0.007966485864017159,2.138e-06,0.007442474307026714
1070,0.007675614790059626,0.00822772498941049,0.008740007760934532,2.1400000000000003e-06,0.007442474307026714
1071,0.009009529312606901,0.0080217708600685,0.008164641389157623,2.142e-06,0.007442474307026714
1072,0.008913045458029956,0.007639967254363,0.008526974474079907,2.144e-06,0.007442474307026714
1073,0.008525128534529358,0.008267418423201889,0.007798425562214106,2.1460000000000003e-06,0.007442474307026714
1074,0.00812090263934806,0.0075957762892358005,0.007916351780295372,2.1480000000000004e-06,0.007442474307026714
1075,0.008360467618331313,0.008124299347400665,0.008081949956249446,2.15e-06,0.007442474307026714
1076,0.007681782764848322,0.00828077259939164,0.00819863547803834,2.152e-06,0.007442474307026714
1077,0.00823098950786516,0.007776514277793467,0.007543960819020867,2.154e-06,0.007442474307026714
1078,0.008000118774361908,0.007705483469180763,0.007818580896127969,2.156e-06,0.007442474307026714
1079,0.0076898394618183374,0.00791999395005405,0.008079500985331833,2.1580000000000003e-06,0.007442474307026714
1080,0.008020450128242373,0.007641262316610664,0.008639650885015726,2.16e-06,0.007442474307026714
1081,0.007958883768878877,0.008152937109116465,0.008093433454632759,2.1620000000000002e-06,0.007442474307026714
1082,0.00858426932245493,0.007897127245087177,0.008544828742742538,2.1640000000000004e-06,0.007442474307026714
1083,0.008263990515843034,0.008328378200531006,0.007504823908675462,2.166e-06,0.007442474307026714
1084,0.008023525355383754,0.008570664678700268,0.008254906919319183,2.1680000000000002e-06,0.007442474307026714
1085,0.007960624643601477,0.008282760391011834,0.00798282923642546,2.17e-06,0.007442474307026714
1086,0.008508834871463478,0.008231062034610659,0.008327071380335838,2.172e-06,0.007442474307026714
1087,0.008063015120569617,0.007972177932970226,0.007983267889358103,2.1740000000000003e-06,0.007442474307026714
1088,0.008042981324251741,0.008256838016677648,0.0077948253601789474,2.176e-06,0.007442474307026714
1089,0.008757030707783997,0.007665176992304623,0.008044054557103664,2.178e-06,0.007442474307026714
1090,0.00821653223829344,0.007541927509009838,0.007922568242065609,2.1800000000000003e-06,0.007442474307026714
1091,0.008431677415501326,0.007860474230255932,0.008134808274917305,2.1820000000000005e-06,0.007442474307026714
1092,0.007667059486266226,0.008331522694788873,0.008062069595325738,2.184e-06,0.007442474307026714
1093,0.008109030197374523,0.007993798761162907,0.007787694165017456,2.186e-06,0.007442474307026714
1094,0.008701194077730179,0.007816831290256232,0.008315255690831691,2.188e-06,0.007442474307026714
1095,0.00864156725583598,0.007591638946905732,0.008022116555366665,2.19e-06,0.007442474307026714
1096,0.008642348169814795,0.007751984230708331,0.008568531833589077,2.1920000000000004e-06,0.007442474307026714
1097,0.008134196104947478,0.008475717157125473,0.007219598803203553,2.194e-06,0.007442474307026714
1098,0.008482540375553071,0.007835949712898582,0.008376768149901181,2.1960000000000002e-06,0.007442474307026714
1099,0.008452069771010429,0.007669069746043533,0.008274242340121418,2.1980000000000004e-06,0.007442474307026714
1100,0.00824771064799279,0.008086281013675034,0.008242647512815893,2.2e-06,0.007442474307026714
1101,0.00803969637490809,0.008446217398159206,0.007908562838565558,2.2020000000000003e-06,0.007442474307026714
1102,0.008621895511168987,0.008657775179017335,0.00799950840882957,2.204e-06,0.007442474307026714
1103,0.007946941070258617,0.008259824418928474,0.007950374041683972,2.206e-06,0.007442474307026714
1104,0.008047040726523846,0.007971281069330871,0.008346070884726942,2.2080000000000003e-06,0.007442474307026714
1105,0.008277519780676812,0.007998659857548773,0.008066842739935964,2.21e-06,0.007442474307026714
1106,0.008168090658728033,0.008104211243335158,0.007926076534204185,2.212e-06,0.007442474307026714
1107,0.007852011767681688,0.007488979492336512,0.0082946588518098,2.2140000000000003e-06,0.007442474307026714
1108,0.008120864629745483,0.007834515476133674,0.008210524858441204,2.2160000000000005e-06,0.007442474307026714
1109,0.00867580296471715,0.008155728632118553,0.008066885871812701,2.218e-06,0.007442474307026714
1110,0.008942530257627368,0.008470293716527522,0.007924636185634881,2.22e-06,0.007442474307026714
1111,0.008248222817201167,0.008023567090276629,0.008106632740236819,2.222e-06,0.007442474307026714
1112,0.008383220294490457,0.0074892318225465715,0.007876876567024738,2.2240000000000002e-06,0.007442474307026714
1113,0.008438332821242511,0.00747110671363771,0.008128933666739613,2.2260000000000004e-06,0.007442474307026714
1114,0.00831643509445712,0.007889726432040334,0.008548263635020703,2.228e-06,0.007442474307026714
1115,0.008128967368975282,0.007710683683399111,0.008081787207629532,2.2300000000000002e-06,0.007442474307026714
1116,0.008438114600721747,0.007545469095930457,0.007918775954749435,2.2320000000000004e-06,0.007442474307026714
1117,0.007756507431622595,0.008253609528765082,0.008011278230696917,2.234e-06,0.007442474307026714
1118,0.007896453142166138,0.007811542600393295,0.008969910151790828,2.2360000000000003e-06,0.007442474307026714
1119,0.008374686469323933,0.00814338878262788,0.007203907589428127,2.238e-06,0.007442474307026714
1120,0.008306165167596191,0.00777564785676077,0.008150929061230272,2.24e-06,0.007442474307026714
1121,0.008359159284736961,0.007859361823648214,0.008052370394580066,2.2420000000000003e-06,0.007442474307026714
1122,0.0080601567751728,0.007528560236096382,0.008535912667866796,2.244e-06,0.007442474307026714
1123,0.007791139825712889,0.00763293425552547,0.008172343485057354,2.246e-06,0.007442474307026714
1124,0.008726864121854305,0.0073792883777059615,0.007665740617085248,2.2480000000000003e-06,0.007442474307026714
1125,0.007691791281104088,0.007812163908965886,0.008721047721337527,2.25e-06,0.0073792883777059615
1126,0.008224259712733328,0.00800942478235811,0.007961414637975395,2.252e-06,0.0073792883777059615
1127,0.008677567704580724,0.008221232157666236,0.008037535531911999,2.254e-06,0.0073792883777059615
1128,0.008369194460101426,0.00802240998018533,0.007650076528079808,2.256e-06,0.0073792883777059615
1129,0.007986997195985168,0.008334001351613551,0.007967321085743606,2.2580000000000002e-06,0.0073792883777059615
1130,0.008072405937127769,0.007856633048504591,0.007457374129444361,2.2600000000000004e-06,0.0073792883777059615
1131,0.008278550347313285,0.008046924078371376,0.007496352132875472,2.262e-06,0.0073792883777059615
1132,0.008328010851982981,0.008285014424473047,0.007831162598449737,2.264e-06,0.0073792883777059615
1133,0.007896618742961437,0.007563745020888746,0.007902071694843471,2.2660000000000004e-06,0.0073792883777059615
1134,0.007700215908698738,0.008010167919564992,0.007635615242179483,2.268e-06,0.0073792883777059615
1135,0.007911292486824095,0.008548021723981947,0.008155006566084921,2.2700000000000003e-06,0.0073792883777059615
1136,0.008224626944866031,0.007651963678654283,0.007968089252244681,2.272e-06,0.0073792883777059615
1137,0.007724778668489307,0.008288318174891174,0.007116392895113677,2.274e-06,0.0073792883777059615
1138,0.007800096936989576,0.008286840457003564,0.007329594052862376,2.2760000000000003e-06,0.0073792883777059615
1139,0.008336802653502673,0.007942727766931057,0.0076038994593545794,2.278e-06,0.0073792883777059615
1140,0.008439726720098406,0.008072817407082766,0.008034807571675628,2.28e-06,0.0073792883777059615
1141,0.008304866089019924,0.007416455657221377,0.007880607794504613,2.2820000000000003e-06,0.0073792883777059615
1142,0.008528898353688419,0.008221932279411703,0.007848981127608567,2.284e-06,0.0073792883777059615
1143,0.008105472894385457,0.007772095617838204,0.007780786603689194,2.2860000000000002e-06,0.0073792883777059615
1144,0.00803579029161483,0.008104172651655972,0.00806124584050849,2.288e-06,0.0073792883777059615
1145,0.007596644572913647,0.0077958289766684175,0.0082025300944224,2.29e-06,0.0073792883777059615
1146,0.007881157216615975,0.007770662836264819,0.008754643728025258,2.2920000000000002e-06,0.0073792883777059615
1147,0.007982052280567586,0.007936835172586143,0.008413725241553038,2.2940000000000004e-06,0.0073792883777059615
1148,0.008187574218027294,0.008327619347255677,0.008549298741854727,2.296e-06,0.0073792883777059615
1149,0.008370355993974954,0.007711551035754383,0.0085287467809394,2.298e-06,0.0073792883777059615
1150,0.008377547899726778,0.008402039879001677,0.007930772786494344,2.3000000000000004e-06,0.0073792883777059615
1151,0.007783661945722997,0.008104538370389491,0.008435987634584308,2.302e-06,0.0073792883777059615
1152,0.008593959442805499,0.007895865302998573,0.008486068400088698,2.3040000000000003e-06,0.0073792883777059615
1153,0.008066257054451853,0.007993676699697971,0.007899656484369189,2.306e-06,0.0073792883777059615
1154,0.008268664067145437,0.007898842333815992,0.008064002613537014,2.308e-06,0.0073792883777059615
1155,0.0080078310566023,0.00716258812462911,0.007710190780926496,2.3100000000000003e-06,0.0073792883777059615
1156,0.007894339505583048,0.007713438069913536,0.007706954202149063,2.312e-06,0.00716258812462911
1157,0.007598833064548671,0.008002968155778944,0.008339513384271413,2.314e-06,0.00716258812462911
1158,0.008313036581967026,0.008318617008626461,0.00780105940066278,2.3160000000000004e-06,0.00716258812462911
1159,0.00827048544306308,0.007693227205891162,0.007709822268225253,2.318e-06,0.00716258812462911
1160,0.008236473251599818,0.007831231458112597,0.008027840580325574,2.3200000000000002e-06,0.00716258812462911
1161,0.007590154244098812,0.008197793562430888,0.008333741629030555,2.322e-06,0.00716258812462911
1162,0.007896576775237918,0.00828673067735508,0.007620866352226585,2.324e-06,0.00716258812462911
1163,0.008118163386825472,0.008412750263232738,0.007703912211582065,2.3260000000000003e-06,0.00716258812462911
1164,0.008350984600838274,0.007689750520512462,0.0073178327875211835,2.3280000000000004e-06,0.00716258812462911
1165,0.007707177777774632,0.008064933819696307,0.007912102795671672,2.33e-06,0.00716258812462911
1166,0.007720762048847973,0.008296212938148528,0.00791436294093728,2.332e-06,0.00716258812462911
1167,0.007610244618263096,0.008066610840614885,0.008138988923747092,2.3340000000000004e-06,0.00716258812462911
1168,0.008286089112516493,0.007836683362256736,0.008262289338745177,2.336e-06,0.00716258812462911
1169,0.0077878753654658794,0.008094844117294997,0.007950202445499599,2.3380000000000003e-06,0.00716258812462911
1170,0.00796740350779146,0.008140006102621555,0.007905019971076399,2.34e-06,0.00716258812462911
1171,0.007894580427091569,0.007983353279996663,0.007997232198249549,2.342e-06,0.00716258812462911
1172,0.008204623416531831,0.0077919355244375765,0.007963358308188617,2.3440000000000003e-06,0.00716258812462911
1173,0.008249360078480095,0.007836651580873877,0.007856606331188232,2.346e-06,0.00716258812462911
1174,0.007686556375119835,0.007998677610885352,0.007851594127714634,2.3480000000000002e-06,0.00716258812462911
1175,0.008021750138141215,0.007774105470161885,0.0073879947303794324,2.3500000000000004e-06,0.00716258812462911
1176,0.008793067885562778,0.008230362378526479,0.007823031744919717,2.352e-06,0.00716258812462911
1177,0.007689577876590192,0.007408318342640996,0.008054914593230933,2.3540000000000002e-06,0.00716258812462911
1178,0.008302829111926258,0.007599254720844328,0.007937322021462023,2.356e-06,0.00716258812462911
1179,0.007697835506405681,0.007991153746843338,0.007957241148687899,2.358e-06,0.00716258812462911
1180,0.008309964963700622,0.007972222985699773,0.007852385519072413,2.3600000000000003e-06,0.00716258812462911
1181,0.00808156409766525,0.008116603246890008,0.007915911148302257,2.362e-06,0.00716258812462911
1182,0.008092546020634472,0.007727191783487797,0.008006792049854994,2.364e-06,0.00716258812462911
1183,0.008219542156439275,0.008065256988629699,0.007882070261985064,2.366e-06,0.00716258812462911
1184,0.007932303356938064,0.007999683148227632,0.008214113651774824,2.3680000000000005e-06,0.00716258812462911
1185,0.007818288228008896,0.007429642544593662,0.00823756237514317,2.37e-06,0.00716258812462911
1186,0.008536384382750839,0.007553973642643541,0.008032388868741691,2.3720000000000003e-06,0.00716258812462911
1187,0.008098952297586948,0.00799841433763504,0.008433854090981185,2.374e-06,0.00716258812462911
1188,0.008022613124921918,0.008224945631809533,0.007937268703244627,2.376e-06,0.00716258812462911
1189,0.007858729164581746,0.007745952112600207,0.007802731706760824,2.3780000000000004e-06,0.00716258812462911
1190,0.008421121805440634,0.007952082145493478,0.007755081227514893,2.38e-06,0.00716258812462911
1191,0.0075642497395165265,0.008144056715536863,0.007555978663731366,2.3820000000000002e-06,0.00716258812462911
1192,0.0076356937643140554,0.007978546433150768,0.0077382169547490776,2.3840000000000004e-06,0.00716258812462911
1193,0.007764718262478709,0.007252724259160459,0.007962357136420906,2.386e-06,0.00716258812462911
1194,0.007442713598720729,0.007637310598511249,0.007777182501740754,2.3880000000000003e-06,0.00716258812462911
1195,0.007366457139141858,0.008017827465664595,0.007721732661593705,2.39e-06,0.00716258812462911
1196,0.007750686316285282,0.007911085849627852,0.007493373181205243,2.392e-06,0.00716258812462911
1197,0.007966886449139565,0.007971068669576198,0.007714770967140794,2.3940000000000003e-06,0.00716258812462911
1198,0.00798180268611759,0.007916354108601809,0.007462765381205827,2.396e-06,0.00716258812462911
1199,0.008268929726909846,0.007826588407624513,0.007634518900886178,2.398e-06,0.00716258812462911
1200,0.007292886322829872,0.00780799490166828,0.007701567199546844,2.4e-06,0.00716258812462911
1201,0.008658250095322728,0.007976244378369302,0.007914914865978062,2.4020000000000005e-06,0.00716258812462911
1202,0.008158606011420488,0.00803405896294862,0.008304204209707677,2.404e-06,0.00716258812462911
1203,0.007583696220535785,0.008159238321240991,0.008114391879644245,2.4060000000000003e-06,0.00716258812462911
1204,0.008058877370785922,0.007809363072738051,0.008257524925284088,2.408e-06,0.00716258812462911
1205,0.007788003247696906,0.007913786510471255,0.008522688585799187,2.4100000000000002e-06,0.00716258812462911
1206,0.0083234598278068,0.007597486139275134,0.007449199154507369,2.4120000000000004e-06,0.00716258812462911
1207,0.007646559271961451,0.007627436483744532,0.007796143647283316,2.414e-06,0.00716258812462911
1208,0.007846532913390547,0.00733091268921271,0.007653064152691513,2.4160000000000002e-06,0.00716258812462911
1209,0.008022858179174364,0.00761565804714337,0.007941682357341051,2.4180000000000004e-06,0.00716258812462911
1210,0.008008627395611256,0.0074546466348692775,0.008100081176962703,2.42e-06,0.00716258812462911
1211,0.008039761218242347,0.007921893091406673,0.007784441404510289,2.4220000000000003e-06,0.00716258812462911
1212,0.008387607289478183,0.007697343593463302,0.007340691168792546,2.424e-06,0.00716258812462911
1213,0.00829384132521227,0.008156777475960553,0.007725537463556975,2.426e-06,0.00716258812462911
1214,0.008033919031731784,0.008005272946320474,0.007764692360069603,2.4280000000000003e-06,0.00716258812462911
1215,0.007850866590160877,0.00721912580775097,0.008000604226253927,2.43e-06,0.00716258812462911
1216,0.008159666031133384,0.0077518714824691415,0.007882010017056018,2.432e-06,0.00716258812462911
1217,0.008412119408603758,0.0075890899752266705,0.007606197032146156,2.434e-06,0.00716258812462911
1218,0.008187506231479347,0.007776442740578204,0.008074239653069526,2.4360000000000005e-06,0.00716258812462911
1219,0.00852884742198512,0.007650839805137366,0.008307213254738599,2.438e-06,0.00716258812462911
1220,0.008062264125328511,0.007734220765996724,0.007774596684612334,2.4400000000000004e-06,0.00716258812462911
1221,0.007815944729372859,0.008014297054614872,0.007559709658380598,2.442e-06,0.00716258812462911
1222,0.007764000503811985,0.007697911991272122,0.007088934537023306,2.4440000000000002e-06,0.00716258812462911
1223,0.007974617532454431,0.00782101321965456,0.007941952382680029,2.4460000000000004e-06,0.00716258812462911
1224,0.00827629235573113,0.008174493617843837,0.007686288736294955,2.448e-06,0.00716258812462911
1225,0.007773392950184643,0.007765995163936168,0.0076903224107809365,2.4500000000000003e-06,0.00716258812462911
1226,0.007921587559394538,0.007755169237498194,0.007409981335513294,2.4520000000000004e-06,0.00716258812462911
1227,0.007979241956491023,0.007627309183590114,0.007732040423434228,2.454e-06,0.00716258812462911
1228,0.007878347707446665,0.007817566860467196,0.007704658550210297,2.4560000000000003e-06,0.00716258812462911
1229,0.008161994570400566,0.006956239871215075,0.008294623286928982,2.458e-06,0.00716258812462911
1230,0.007997878477908671,0.00789829925633967,0.00784706196282059,2.46e-06,0.006956239871215075
1231,0.007386619166936725,0.007477343431673944,0.008227539481595159,2.4620000000000003e-06,0.006956239871215075
1232,0.00722924608271569,0.007896345283370465,0.007433900376781821,2.464e-06,0.006956239871215075
1233,0.007945494435261935,0.007306082407012582,0.008200572046916932,2.466e-06,0.006956239871215075
1234,0.007200907217338681,0.006950177310500294,0.008313180471304804,2.468e-06,0.006956239871215075
1235,0.008067569287959486,0.007462808222044259,0.007946583966258913,2.4700000000000005e-06,0.006950177310500294
1236,0.007975721615366638,0.007899410673417151,0.007446603267453611,2.4720000000000002e-06,0.006950177310500294
1237,0.007689511054195464,0.007676678360439837,0.008412391820456833,2.4740000000000004e-06,0.006950177310500294
1238,0.007868378888815641,0.00777461746474728,0.0075693303951993585,2.476e-06,0.006950177310500294
1239,0.00791621400276199,0.0075630449573509395,0.007784394721966237,2.4780000000000002e-06,0.006950177310500294
1240,0.008314648875966668,0.007080972543917596,0.007675765664316714,2.4800000000000004e-06,0.006950177310500294
1241,0.008376550511457026,0.007559826131910086,0.0077680356334894896,2.482e-06,0.006950177310500294
1242,0.007401627954095602,0.008393044874537736,0.007796393416356295,2.4840000000000003e-06,0.006950177310500294
1243,0.008246145211160183,0.007933019020128995,0.007737179927062243,2.4860000000000004e-06,0.006950177310500294
1244,0.007567444117739797,0.0076001553679816425,0.007243280007969588,2.488e-06,0.006950177310500294
1245,0.007595148344989866,0.00773064827080816,0.0071783679304644465,2.4900000000000003e-06,0.006950177310500294
1246,0.007332448847591877,0.007674572640098631,0.007927830971311778,2.492e-06,0.006950177310500294
1247,0.008013437618501484,0.007099843176547438,0.00808199035236612,2.494e-06,0.006950177310500294
1248,0.007708843564614654,0.0072528383461758494,0.0076767392456531525,2.4960000000000003e-06,0.006950177310500294
1249,0.00825153716141358,0.007840003992896527,0.007290822162758559,2.498e-06,0.006950177310500294
1250,0.008247796504292637,0.0072855164762586355,0.007281445723492652,2.5e-06,0.006950177310500294
1251,0.008039157837629318,0.007190436823293567,0.0075567434541881084,2.502e-06,0.006950177310500294
1252,0.008014011837076396,0.00769458245486021,0.007546755310613662,2.5040000000000005e-06,0.006950177310500294
1253,0.007984091993421316,0.007707451586611569,0.007207440154161304,2.5060000000000002e-06,0.006950177310500294
1254,0.008094755932688713,0.0074977356707677245,0.007443444803357124,2.508e-06,0.006950177310500294
1255,0.007863921928219497,0.0076146446517668664,0.007621173746883869,2.51e-06,0.006950177310500294
1256,0.0075045968987978995,0.0075624631135724485,0.007466436130926013,2.5120000000000003e-06,0.006950177310500294
1257,0.007786889560520649,0.007661531970370561,0.007875732611864805,2.5140000000000004e-06,0.006950177310500294
1258,0.00794043397763744,0.007428600685670972,0.007406332646496594,2.516e-06,0.006950177310500294
1259,0.007708981225732714,0.007710106787271798,0.00731532258214429,2.5180000000000003e-06,0.006950177310500294
1260,0.00761800492182374,0.007454593782313168,0.007595476694405079,2.5200000000000004e-06,0.006950177310500294
1261,0.00759318977361545,0.007378387497738004,0.007564925006590784,2.522e-06,0.006950177310500294
1262,0.007812056224793196,0.008005951822269708,0.007762257067952305,2.5240000000000003e-06,0.006950177310500294
1263,0.007590797496959567,0.007568288769107312,0.0074787488556467,2.526e-06,0.006950177310500294
1264,0.00774457590887323,0.008080961124505848,0.007483787136152387,2.528e-06,0.006950177310500294
1265,0.00823512056376785,0.007477570616174489,0.007551995338872075,2.5300000000000003e-06,0.006950177310500294
1266,0.0076304367976263165,0.007491625263355672,0.007036529073957354,2.532e-06,0.006950177310500294
1267,0.007474839861970395,0.007290449226275086,0.007782925036735833,2.5340000000000002e-06,0.006950177310500294
1268,0.00807550479657948,0.0077918447786942124,0.0076548857614398,2.536e-06,0.006950177310500294
1269,0.007690767815802246,0.007632094901055098,0.007730472192633897,2.5380000000000005e-06,0.006950177310500294
1270,0.008443473663646728,0.007546831271611154,0.007200675434432924,2.5400000000000002e-06,0.006950177310500294
1271,0.007568292203359306,0.007759034575428814,0.007466421404387802,2.542e-06,0.006950177310500294
1272,0.007823648804333061,0.00794697436504066,0.007919654133729637,2.544e-06,0.006950177310500294
1273,0.007791204261593521,0.007697785273194313,0.007631333428435028,2.5460000000000003e-06,0.006950177310500294
1274,0.007809994509443641,0.007746217539533973,0.007923502358607948,2.5480000000000004e-06,0.006950177310500294
1275,0.007660984992980957,0.00761852297000587,0.007829307520296425,2.55e-06,0.006950177310500294
1276,0.007505434157792479,0.007803120708558708,0.0076495721586979926,2.5520000000000003e-06,0.006950177310500294
1277,0.007541619939729571,0.008151969755999744,0.007484695233870298,2.5540000000000004e-06,0.006950177310500294
1278,0.007444493880029768,0.007422718335874379,0.007895251561421901,2.556e-06,0.006950177310500294
1279,0.007634385023266077,0.007335387112107128,0.007611286593601108,2.5580000000000003e-06,0.006950177310500294
1280,0.007936162000987679,0.007717524014879018,0.00815076706930995,2.56e-06,0.006950177310500294
1281,0.00737427466083318,0.007456172141246498,0.007344549696426839,2.562e-06,0.006950177310500294
1282,0.008089149720035493,0.008010816818568856,0.007728074153419584,2.5640000000000004e-06,0.006950177310500294
1283,0.007584731851238757,0.007384270895272493,0.007700843503698707,2.566e-06,0.006950177310500294
1284,0.007493755838368088,0.007436554995365441,0.007094394008163363,2.5680000000000002e-06,0.006950177310500294
1285,0.007853593386244029,0.007904325611889362,0.007296931988094002,2.57e-06,0.006950177310500294
1286,0.007616389717441052,0.00730730639770627,0.007878548931330442,2.5720000000000005e-06,0.006950177310500294
1287,0.007606832718010992,0.00772694346960634,0.007269534224178642,2.5740000000000003e-06,0.006950177310500294
1288,0.007989627600181848,0.007484320842195302,0.007177904655691236,2.576e-06,0.006950177310500294
1289,0.008105603861622512,0.007274925534147769,0.007942492666188627,2.578e-06,0.006950177310500294
1290,0.007267806096933782,0.0071138961357064545,0.006921659456565976,2.5800000000000003e-06,0.006950177310500294
1291,0.007751039112918079,0.007939855044241995,0.007615949842147529,2.5820000000000004e-06,0.006950177310500294
1292,0.007728001975920051,0.007641148753464222,0.007616841001436114,2.584e-06,0.006950177310500294
1293,0.0081304952618666,0.007378071546554565,0.0073171177646145225,2.5860000000000003e-06,0.006950177310500294
1294,0.008031226170714945,0.0072628253838047385,0.0076089935027994215,2.5880000000000005e-06,0.006950177310500294
1295,0.007333367131650448,0.0071509742410853505,0.006575078994501382,2.59e-06,0.006950177310500294
1296,0.007551262388005853,0.007026153325568885,0.007084654411301017,2.5920000000000003e-06,0.006950177310500294
1297,0.007408572884742171,0.007499358092900366,0.007119663525372744,2.594e-06,0.006950177310500294
1298,0.007801230996847153,0.007802841137163341,0.007254147669300437,2.5960000000000002e-06,0.006950177310500294
1299,0.007791660027578473,0.007311305787879974,0.007417312415782362,2.5980000000000004e-06,0.006950177310500294
1300,0.007440909335855395,0.007205182977486402,0.007560111815109849,2.6e-06,0.006950177310500294
1301,0.007360794756095856,0.007706720614805818,0.0075115475920028985,2.6020000000000002e-06,0.006950177310500294
1302,0.007683253090362996,0.007486825634259731,0.007732648227829486,2.604e-06,0.006950177310500294
1303,0.00789844780229032,0.007438520377036184,0.007289643748663366,2.606e-06,0.006950177310500294
1304,0.007555356598459184,0.007266493048518896,0.007670408464036882,2.6080000000000003e-06,0.006950177310500294
1305,0.007237512152642012,0.006963434803765267,0.007464293565135449,2.61e-06,0.006950177310500294
1306,0.007455206708982587,0.00699856854043901,0.00734814302995801,2.612e-06,0.006950177310500294
1307,0.007585367013234645,0.007180073531344533,0.007175154751166701,2.6140000000000003e-06,0.006950177310500294
1308,0.007738909509498626,0.007320223201531917,0.007864396320655942,2.6160000000000004e-06,0.006950177310500294
1309,0.007141746231354773,0.0068455906584858894,0.007691532198805362,2.618e-06,0.006950177310500294
1310,0.007376782072242349,0.007668964157346636,0.007758454419672489,2.62e-06,0.0068455906584858894
1311,0.007624805206432939,0.0074061748455278575,0.007335435482673347,2.6220000000000005e-06,0.0068455906584858894
1312,0.0076607788796536624,0.0072111511253751814,0.007264375046361238,2.624e-06,0.0068455906584858894
1313,0.0073999500018544495,0.0072127318126149476,0.006954415235668421,2.6260000000000004e-06,0.0068455906584858894
1314,0.0073995564598590136,0.00744753802428022,0.007351485372055322,2.628e-06,0.0068455906584858894
1315,0.007595588802359998,0.007177070539910346,0.007469093310646713,2.6300000000000002e-06,0.0068455906584858894
1316,0.0073816823423840106,0.007472605851944536,0.008079404768068343,2.6320000000000004e-06,0.0068455906584858894
1317,0.0068542519002221525,0.0074080866179428995,0.0075807408429682255,2.634e-06,0.0068455906584858894
1318,0.007614881731569767,0.0072452431777492166,0.007157676795031875,2.6360000000000003e-06,0.0068455906584858894
1319,0.007132947270292789,0.00767894258024171,0.0071768060442991555,2.638e-06,0.0068455906584858894
1320,0.00684192351764068,0.007623746409080923,0.007355298032052815,2.64e-06,0.0068455906584858894
1321,0.007592674053739756,0.007379251590464264,0.0074279915424995124,2.6420000000000003e-06,0.0068455906584858894
1322,0.007010424858890474,0.006915470759849995,0.007254536903928965,2.644e-06,0.0068455906584858894
1323,0.00799260486382991,0.007495618949178606,0.007831770228222013,2.646e-06,0.0068455906584858894
1324,0.007185959781054407,0.007032136316411197,0.007321303128264844,2.6480000000000003e-06,0.0068455906584858894
1325,0.007617407129146159,0.007066221325658262,0.007229084731079638,2.6500000000000005e-06,0.0068455906584858894
1326,0.007701926107984036,0.0074634040356613696,0.007424545357935131,2.652e-06,0.0068455906584858894
1327,0.007240911654662341,0.007993699342478067,0.007311980763915926,2.654e-06,0.0068455906584858894
1328,0.008012723352294415,0.006993519375100732,0.007421384972985834,2.6560000000000005e-06,0.0068455906584858894
1329,0.007558996614534408,0.007360313436947763,0.007036848226562142,2.6580000000000002e-06,0.0068455906584858894
1330,0.006874175684060901,0.007127987570129335,0.006851490761619061,2.6600000000000004e-06,0.0068455906584858894
1331,0.0076401165570132434,0.007034954789560288,0.007125563861336559,2.662e-06,0.0068455906584858894
1332,0.0076430728659033775,0.007012223883066326,0.007625530532095581,2.6640000000000002e-06,0.0068455906584858894
1333,0.0072503103874623775,0.0072122226702049375,0.0076814015046693385,2.6660000000000004e-06,0.0068455906584858894
1334,0.007642214652150869,0.007105367723852396,0.006993745977524668,2.668e-06,0.0068455906584858894
1335,0.0075897324131801724,0.006512995692901313,0.006976713833864778,2.6700000000000003e-06,0.0068455906584858894
1336,0.006885584385599941,0.0077618659706786275,0.0074401708552613854,2.672e-06,0.006512995692901313
1337,0.00702093361178413,0.007356365327723324,0.007234619290102273,2.674e-06,0.006512995692901313
1338,0.007159074768424034,0.0070728621212765574,0.007367136015091091,2.6760000000000003e-06,0.006512995692901313
1339,0.007638388138730079,0.006960103579331189,0.0072509245364926755,2.678e-06,0.006512995692901313
1340,0.007142981281504035,0.0073250202112831175,0.007052747067064047,2.68e-06,0.006512995692901313
1341,0.006685528089292347,0.006970497488509864,0.006902753841131926,2.6820000000000003e-06,0.006512995692901313
1342,0.007198014936875552,0.006907531409524381,0.00699779944261536,2.6840000000000005e-06,0.006512995692901313
1343,0.007416491338517517,0.0068408321822062135,0.007440591987688094,2.686e-06,0.006512995692901313
1344,0.006997641234192997,0.007092865009326488,0.007483309949748218,2.688e-06,0.006512995692901313
1345,0.007770181400701404,0.0070661542122252285,0.007130741432774812,2.6900000000000005e-06,0.006512995692901313
1346,0.007604170590639114,0.006764503137674183,0.007278641394805163,2.6920000000000002e-06,0.006512995692901313
1347,0.007753214216791093,0.007258467725478113,0.007315620954614133,2.6940000000000004e-06,0.006512995692901313
1348,0.007145292067434639,0.007569005188997835,0.007642608368769288,2.696e-06,0.006512995692901313
1349,0.00741975661367178,0.007455899205524474,0.00734997441759333,2.6980000000000003e-06,0.006512995692901313
1350,0.0073677218169905245,0.007142716902308166,0.007361942902207375,2.7000000000000004e-06,0.006512995692901313
1351,0.007504420296754688,0.007603228616062552,0.008013028767891228,2.702e-06,0.006512995692901313
1352,0.006889112992212176,0.0070819935644976795,0.0075422454392537475,2.7040000000000003e-06,0.006512995692901313
1353,0.00695069128414616,0.007281257363501936,0.006836836866568774,2.706e-06,0.006512995692901313
1354,0.0072446694248355925,0.007171882607508451,0.007619273557793349,2.708e-06,0.006512995692901313
1355,0.007439076143782586,0.007158183783758432,0.007701732683926821,2.7100000000000003e-06,0.006512995692901313
1356,0.007317947980482131,0.007619792770128697,0.007487369817681611,2.712e-06,0.006512995692901313
1357,0.007584041333757341,0.006901198998093605,0.0067817741073668,2.714e-06,0.006512995692901313
1358,0.00707212119596079,0.007188217889051884,0.007088725920766592,2.7160000000000003e-06,0.006512995692901313
1359,0.00678271206561476,0.007187442679423839,0.007738273241557181,2.718e-06,0.006512995692901313
1360,0.007445333350915462,0.007064863224513829,0.007485919515602291,2.7200000000000002e-06,0.006512995692901313
1361,0.007757418788969517,0.006939222628716379,0.006558346969541162,2.722e-06,0.006512995692901313
1362,0.006978210643865168,0.00742545654065907,0.006710699119139463,2.7240000000000005e-06,0.006512995692901313
1363,0.007012572779785842,0.007757151150144637,0.0071849345113150775,2.7260000000000002e-06,0.006512995692901313
1364,0.007244041888043284,0.006638935999944806,0.007293621078133583,2.7280000000000004e-06,0.006512995692901313
1365,0.006851662241388112,0.006923960754647851,0.008067356597166508,2.73e-06,0.006512995692901313
1366,0.006785716745071113,0.007280773250386119,0.00695960916345939,2.732e-06,0.006512995692901313
1367,0.006654354045167565,0.006749853142537177,0.006901397428009659,2.7340000000000004e-06,0.006512995692901313
1368,0.0066435589687898755,0.007341701479163021,0.006598289532121271,2.736e-06,0.006512995692901313
1369,0.00721381779294461,0.006953565287403762,0.007084355573169887,2.7380000000000003e-06,0.006512995692901313
1370,0.007669110840652138,0.007584184524603188,0.006950606417376548,2.74e-06,0.006512995692901313
1371,0.006871794175822288,0.007439535693265498,0.007245372049510479,2.742e-06,0.006512995692901313
1372,0.007175069360528141,0.007367334445007145,0.007175478094723076,2.7440000000000003e-06,0.006512995692901313
1373,0.007506632013246417,0.0060941618867218494,0.006804531789384782,2.746e-06,0.006512995692901313
1374,0.007085085497237742,0.006947391666471958,0.007166313531342894,2.748e-06,0.0060941618867218494
1375,0.006790725514292717,0.0067914320970885456,0.006774427311029285,2.7500000000000004e-06,0.0060941618867218494
1376,0.007074276858475059,0.007030031236354262,0.0069713996490463614,2.752e-06,0.0060941618867218494
1377,0.007730549608822912,0.006924040731973946,0.007105822383891791,2.7540000000000002e-06,0.0060941618867218494
1378,0.007625984493643045,0.007468528929166496,0.006921940774191171,2.756e-06,0.0060941618867218494
1379,0.007220433617476374,0.007308378524612635,0.0073821189580485225,2.7580000000000005e-06,0.0060941618867218494
1380,0.0071466254303231835,0.006395299395080656,0.007017063209787011,2.7600000000000003e-06,0.0060941618867218494
1381,0.006776937982067466,0.0069369031698442996,0.007040742377284914,2.7620000000000004e-06,0.0060941618867218494
1382,0.006927699549123645,0.006626942835282534,0.006802172516472638,2.764e-06,0.0060941618867218494
1383,0.006841183581855148,0.006324708985630423,0.00629544461844489,2.766e-06,0.0060941618867218494
1384,0.006850773876067251,0.007019151060376316,0.006384422886185348,2.7680000000000004e-06,0.0060941618867218494
1385,0.006904632435180247,0.0074518799665383995,0.007998336339369416,2.77e-06,0.0060941618867218494
1386,0.006732164649292827,0.007015847018919885,0.007710477744694799,2.7720000000000003e-06,0.0060941618867218494
1387,0.006775269459467381,0.0064409118494950235,0.006520063208881766,2.774e-06,0.0060941618867218494
1388,0.006672336836345494,0.007006294385064393,0.006810729508288205,2.776e-06,0.0060941618867218494
1389,0.007122612674720585,0.006995226547587663,0.007072786975186318,2.7780000000000003e-06,0.0060941618867218494
1390,0.006871646153740585,0.006930128147359937,0.006524090305902064,2.78e-06,0.0060941618867218494
1391,0.0074185647536069155,0.006769211031496525,0.006850609323009849,2.7820000000000002e-06,0.0060941618867218494
1392,0.006951834948267788,0.007439240580424666,0.007455198734533042,2.7840000000000004e-06,0.0060941618867218494
1393,0.006479167961515486,0.006541451613884419,0.006211606611032039,2.786e-06,0.0060941618867218494
1394,0.006864897150080651,0.007600520562846214,0.006770717911422253,2.7880000000000002e-06,0.0060941618867218494
1395,0.0070580842439085245,0.006392254086676985,0.006592492456547916,2.79e-06,0.0060941618867218494
1396,0.0067267416743561625,0.007208258030004799,0.007098962727468461,2.7920000000000005e-06,0.0060941618867218494
1397,0.0068995304754935205,0.006426664534956217,0.007549407600890845,2.7940000000000003e-06,0.0060941618867218494
1398,0.006674700474832207,0.006538236164487898,0.0068208371521905065,2.7960000000000004e-06,0.0060941618867218494
1399,0.006971455703023821,0.007275732350535691,0.006772458145860583,2.798e-06,0.0060941618867218494
1400,0.007250295951962471,0.0065478922333568335,0.006765577767509967,2.8e-06,0.0060941618867218494
1401,0.006884707021526992,0.006800237635616213,0.006752526911441237,2.8020000000000004e-06,0.0060941618867218494
1402,0.006568489363417029,0.007433776743710041,0.007231316529214382,2.804e-06,0.0060941618867218494
1403,0.006374812975991517,0.007261793303769082,0.006540368893183768,2.8060000000000003e-06,0.0060941618867218494
1404,0.006978748133406043,0.0070110008819028735,0.006803835683967918,2.808e-06,0.0060941618867218494
1405,0.006887275725603104,0.007088473648764193,0.006694970070384443,2.81e-06,0.0060941618867218494
1406,0.006422494712751359,0.0063267413061112165,0.006864796741865575,2.8120000000000004e-06,0.0060941618867218494
1407,0.006831558654084802,0.006707258929964155,0.007066588383167982,2.814e-06,0.0060941618867218494
1408,0.006633874145336449,0.006953881529625505,0.007570644491352141,2.8160000000000002e-06,0.0060941618867218494
1409,0.0066422957461327314,0.00721576128853485,0.006667363457381725,2.8180000000000004e-06,0.0060941618867218494
1410,0.006472514127381146,0.006975728843826801,0.0065471563138999045,2.82e-06,0.0060941618867218494
1411,0.006668481801170856,0.006461977201979607,0.006485907011665404,2.8220000000000003e-06,0.0060941618867218494
1412,0.0065774808172136545,0.0065870475373230875,0.00647300825221464,2.824e-06,0.0060941618867218494
1413,0.006767095299437642,0.007122079376131296,0.007376674213446677,2.8260000000000006e-06,0.0060941618867218494
1414,0.006761271157301962,0.006977365119382739,0.007369966187980026,2.8280000000000003e-06,0.0060941618867218494
1415,0.006794391665607691,0.006397432007361203,0.007295197399798781,2.8300000000000004e-06,0.0060941618867218494
1416,0.007040642201900482,0.006202942342497408,0.006087447633035481,2.832e-06,0.0060941618867218494
1417,0.007103920332156122,0.006566851516254246,0.0067093343823216856,2.834e-06,0.0060941618867218494
1418,0.006618573912419379,0.0063938460079953074,0.00732456473633647,2.8360000000000005e-06,0.0060941618867218494
1419,0.006419799756258726,0.006809792539570481,0.005963872419670224,2.838e-06,0.0060941618867218494
1420,0.00631236907793209,0.006439268821850419,0.007050642976537347,2.8400000000000003e-06,0.0060941618867218494
1421,0.006351929507218301,0.006987298547755927,0.006807038269471377,2.842e-06,0.0060941618867218494
1422,0.006979102385230362,0.006389250163920224,0.006614653335418552,2.8440000000000002e-06,0.0060941618867218494
1423,0.0067503361497074366,0.00594821380218491,0.007234186166897416,2.8460000000000004e-06,0.0060941618867218494
1424,0.006497828871943057,0.006930772913619876,0.007147841388359666,2.848e-06,0.00594821380218491
1425,0.006836581975221634,0.007037954870611429,0.006914257246535271,2.8500000000000002e-06,0.00594821380218491
1426,0.006461028126068413,0.006565305287949741,0.006610198121052235,2.8520000000000004e-06,0.00594821380218491
1427,0.007027075218502432,0.006198833405505866,0.006728904729243368,2.854e-06,0.00594821380218491
1428,0.006389759655576199,0.006770071748178452,0.005854997114511207,2.8560000000000003e-06,0.00594821380218491
1429,0.006350815761834383,0.006192600994836539,0.0069731384865008295,2.858e-06,0.00594821380218491
1430,0.006551881204359233,0.006992897659074515,0.007069394807331264,2.8600000000000006e-06,0.00594821380218491
1431,0.006483215838670731,0.006358574493788183,0.006518913083709776,2.8620000000000003e-06,0.00594821380218491
1432,0.006510524952318519,0.006891594792250544,0.006396734504960477,2.864e-06,0.00594821380218491
1433,0.006520373455714434,0.007433242106344551,0.007741813897155225,2.866e-06,0.00594821380218491
1434,0.005896778777241707,0.006790840532630682,0.007379184360615909,2.868e-06,0.00594821380218491
1435,0.006406720902305096,0.00720710150199011,0.007206544280052185,2.8700000000000005e-06,0.00594821380218491
1436,0.006999573204666376,0.0066410606959834695,0.006620510073844343,2.872e-06,0.00594821380218491
1437,0.006931475538294762,0.006315321719739586,0.005728176329284906,2.8740000000000004e-06,0.00594821380218491
1438,0.0067775395000353456,0.00654656341066584,0.00692339293891564,2.876e-06,0.00594821380218491
1439,0.0067481897422112525,0.006000705529004335,0.0066695131827145815,2.8780000000000002e-06,0.00594821380218491
1440,0.006038367515429854,0.006347374466713518,0.006435392308048904,2.8800000000000004e-06,0.00594821380218491
1441,0.006868845026474446,0.005966434080619365,0.006422627600841224,2.882e-06,0.00594821380218491
1442,0.0063907442963682115,0.007014097471255809,0.007088707818184048,2.8840000000000003e-06,0.00594821380218491
1443,0.006549802492372692,0.006511259824037552,0.006496778514701873,2.8860000000000004e-06,0.00594821380218491
1444,0.006684996886178851,0.006057758291717619,0.006700165802612901,2.888e-06,0.00594821380218491
1445,0.006250340898986906,0.00585184310330078,0.006341777800116688,2.8900000000000003e-06,0.00594821380218491
1446,0.006253089988604188,0.006309491116553545,0.005696814099792391,2.892e-06,0.00585184310330078
1447,0.006858089880552143,0.006617227452807128,0.006655815755948424,2.8940000000000006e-06,0.00585184310330078
1448,0.006287846190389246,0.006856920605059713,0.0069247723440639675,2.8960000000000003e-06,0.00585184310330078
1449,0.006058721803128719,0.00711890374077484,0.007055618509184569,2.898e-06,0.00585184310330078
1450,0.006347872724290937,0.005666199896950275,0.006058693688828498,2.9e-06,0.00585184310330078
1451,0.006803139462135732,0.006312062905635685,0.00613372161751613,2.902e-06,0.005666199896950275
1452,0.006380391016136855,0.007029213767964393,0.0070289288414642215,2.9040000000000005e-06,0.005666199896950275
1453,0.006139103614259511,0.006113028910476714,0.005615907022729516,2.9060000000000002e-06,0.005666199896950275
1454,0.0060827399720437825,0.00635264883749187,0.00623175356304273,2.9080000000000004e-06,0.005666199896950275
1455,0.00622443069005385,0.007093682594131678,0.006841280905064195,2.91e-06,0.005666199896950275
1456,0.0061340402462519705,0.0063940006657503545,0.006323441455606371,2.9120000000000002e-06,0.005666199896950275
1457,0.0063341797213070095,0.0062795617850497365,0.006185393547639251,2.9140000000000004e-06,0.005666199896950275
1458,0.0057618399150669575,0.006128759880084544,0.006178689422085881,2.916e-06,0.005666199896950275
1459,0.005982068076264113,0.006655394623521715,0.007368364080321044,2.9180000000000003e-06,0.005666199896950275
1460,0.006030307267792523,0.00782058312324807,0.006306165363639593,2.9200000000000004e-06,0.005666199896950275
1461,0.006518291600514203,0.006778751965612173,0.0064641854842193425,2.922e-06,0.005666199896950275
1462,0.006122389924712479,0.007659389404579997,0.006340920692309737,2.9240000000000003e-06,0.005666199896950275
1463,0.0067086355411447585,0.0063823972013778985,0.006870362383779138,2.926e-06,0.005666199896950275
1464,0.005850981513503939,0.006837996654212475,0.006731297238729894,2.9280000000000006e-06,0.005666199896950275
1465,0.006874418933875859,0.006977361626923084,0.00649773352779448,2.9300000000000003e-06,0.005666199896950275
1466,0.0057375895557925105,0.006791432504542172,0.006578726519364864,2.932e-06,0.005666199896950275
1467,0.005752982979174703,0.0066347295069135725,0.007677447982132435,2.934e-06,0.005666199896950275
1468,0.0064255110919475555,0.006848882418125868,0.006410942238289863,2.936e-06,0.005666199896950275
1469,0.006288854812737554,0.00641426001675427,0.005645878496579826,2.9380000000000005e-06,0.005666199896950275
1470,0.005689323181286454,0.007212444208562374,0.006661817256826907,2.9400000000000002e-06,0.005666199896950275
1471,0.006335849000606686,0.006451929395552725,0.006510303122922778,2.9420000000000004e-06,0.005666199896950275
1472,0.006709572451654822,0.005906880309339613,0.006245240394491702,2.944e-06,0.005666199896950275
1473,0.006388223962858319,0.00637573329731822,0.006493771041277796,2.9460000000000003e-06,0.005666199896950275
1474,0.005626865313388407,0.006280914647504687,0.005959904054179788,2.9480000000000004e-06,0.005666199896950275
1475,0.006023800058756024,0.006816674256697297,0.006712365662679076,2.95e-06,0.005666199896950275
1476,0.005858362419530749,0.006590772944036871,0.007030545442830771,2.9520000000000003e-06,0.005666199896950275
1477,0.0062654384528286755,0.006198937946464866,0.005694806051906198,2.9540000000000004e-06,0.005666199896950275
1478,0.006051724485587329,0.006393263000063598,0.006410990841686726,2.956e-06,0.005666199896950275
1479,0.005797508696559817,0.007790831092279404,0.007837503508199006,2.9580000000000003e-06,0.005666199896950275
1480,0.006116053962614387,0.006498174217995256,0.005878907279111445,2.96e-06,0.005666199896950275
1481,0.005852052883710712,0.006175251328386366,0.006521980336401612,2.962e-06,0.005666199896950275
1482,0.0057232744875364006,0.006555109401233494,0.006576559448149055,2.9640000000000003e-06,0.005666199896950275
1483,0.005702847149223089,0.005770101037342101,0.0062571801245212555,2.966e-06,0.005666199896950275
1484,0.005819764046464115,0.00590378773631528,0.006058262311853468,2.9680000000000002e-06,0.005666199896950275
1485,0.006117081153206527,0.006340937921777368,0.006912712880875915,2.97e-06,0.005666199896950275
1486,0.006089901085942984,0.007865992723964155,0.006808212667237967,2.9720000000000005e-06,0.005666199896950275
1487,0.006117023469414562,0.006174392183311284,0.0065227310406044126,2.9740000000000002e-06,0.005666199896950275
1488,0.0064993397681973875,0.006020481581799686,0.0058781965635716915,2.976e-06,0.005666199896950275
1489,0.0061604263028129935,0.0066948054591193795,0.007209176488686353,2.978e-06,0.005666199896950275
1490,0.005998639913741499,0.006989777262788266,0.006744898855686188,2.9800000000000003e-06,0.005666199896950275
1491,0.006011985940858722,0.006455066904891282,0.006205795449204743,2.9820000000000004e-06,0.005666199896950275
1492,0.006213226588442922,0.0064667409169487655,0.006657107907813042,2.984e-06,0.005666199896950275
1493,0.00555550487479195,0.006753183901309967,0.0066011916496790946,2.9860000000000003e-06,0.005666199896950275
1494,0.005665533477440476,0.00692675361642614,0.00727045489475131,2.9880000000000004e-06,0.005666199896950275
1495,0.005414977145846933,0.005848108557984233,0.006135074771009386,2.99e-06,0.005666199896950275
1496,0.006347733084112406,0.006232442276086658,0.007299308257643133,2.9920000000000003e-06,0.005666199896950275
1497,0.005572998721618205,0.0059578221989795566,0.005658199719619006,2.994e-06,0.005666199896950275
1498,0.005383173527661711,0.0062206576694734395,0.0055550013785250485,2.996e-06,0.005666199896950275
1499,0.005452018522191793,0.0070771442842669785,0.006897156301420182,2.9980000000000003e-06,0.005666199896950275
1500,0.00565580342663452,0.007163400121498853,0.007340015785302967,3e-06,0.005666199896950275
1501,0.0055006559123285115,0.006016428611474112,0.00652481714496389,3.0020000000000002e-06,0.005666199896950275
1502,0.0056526262778788805,0.006387213186826557,0.006243000912945718,3.004e-06,0.005666199896950275
1503,0.005895266076549888,0.006373092299327254,0.00666934420587495,3.0060000000000005e-06,0.005666199896950275
1504,0.005757282895501703,0.007141591631807387,0.006523335410747677,3.0080000000000003e-06,0.005666199896950275
1505,0.006022730725817382,0.005985559779219329,0.00622448866488412,3.01e-06,0.005666199896950275
1506,0.005585596489254385,0.005946207500528544,0.006246073287911713,3.012e-06,0.005666199896950275
1507,0.00590587587794289,0.006322828587144613,0.006231772189494222,3.0140000000000003e-06,0.005666199896950275
1508,0.0055914674885571,0.006061982188839465,0.006613671081140637,3.0160000000000004e-06,0.005666199896950275
1509,0.005899743700865656,0.006208607752341777,0.006169651634991169,3.018e-06,0.005666199896950275
1510,0.005494774435646832,0.007025566650554538,0.006385076208971441,3.0200000000000003e-06,0.005666199896950275
1511,0.005427793483249843,0.006711214955430478,0.006505809025838971,3.0220000000000005e-06,0.005666199896950275
1512,0.006117186159826815,0.006809568672906607,0.006151231180410832,3.024e-06,0.005666199896950275
1513,0.005655269720591605,0.00697745569050312,0.0062271925853565335,3.0260000000000003e-06,0.005666199896950275
1514,0.005857567943166941,0.006960111844819039,0.006570159981492907,3.028e-06,0.005666199896950275
1515,0.005996276740916073,0.006160827178973705,0.006649957620538771,3.0300000000000002e-06,0.005666199896950275
1516,0.005591142573393881,0.006596382649149746,0.006508501945063472,3.0320000000000004e-06,0.005666199896950275
1517,0.005116102081956342,0.0067192239803262055,0.006460800068452954,3.034e-06,0.005666199896950275
1518,0.006002673588227481,0.007137512089684606,0.006832513783592731,3.0360000000000002e-06,0.005666199896950275
1519,0.005806372209917754,0.006495069072116166,0.006080602528527379,3.038e-06,0.005666199896950275
1520,0.005386093398556113,0.006390126363839954,0.005987189011648297,3.0400000000000005e-06,0.005666199896950275
1521,0.005495541146956384,0.007440709741786122,0.007346018333919346,3.0420000000000003e-06,0.005666199896950275
1522,0.005369774124119431,0.005980810732580721,0.0053942177328281105,3.044e-06,0.005666199896950275
1523,0.0057999209384433925,0.005836224241647869,0.005686378572136164,3.046e-06,0.005666199896950275
1524,0.005428118456620723,0.007737864216323942,0.007310714747291058,3.0480000000000003e-06,0.005666199896950275
1525,0.005565350875258446,0.007164568349253386,0.005932259897235781,3.0500000000000004e-06,0.005666199896950275
1526,0.005815360636916012,0.006218475813511759,0.00568334455601871,3.052e-06,0.005666199896950275
1527,0.005357711168471724,0.005647020123433322,0.005097731598652899,3.0540000000000003e-06,0.005666199896950275
1528,0.005536602402571589,0.006429339060559869,0.006486868776846677,3.0560000000000005e-06,0.005647020123433322
1529,0.004811690421774983,0.006357249629218131,0.006312789220828563,3.058e-06,0.005647020123433322
1530,0.00523873622296378,0.006327204057015479,0.006955446035135537,3.0600000000000003e-06,0.005647020123433322
1531,0.005534454598091543,0.006301765679381788,0.005389034689869732,3.062e-06,0.005647020123433322
1532,0.005067486548796296,0.00664883031276986,0.0060645295307040215,3.0640000000000002e-06,0.005647020123433322
1533,0.005262550723273307,0.006234642467461526,0.006162433361168951,3.0660000000000004e-06,0.005647020123433322
1534,0.006029639393091202,0.005575858929660171,0.005796732613816857,3.068e-06,0.005647020123433322
1535,0.005369750288082287,0.00554406939772889,0.005867311730980873,3.0700000000000003e-06,0.005575858929660171
1536,0.0055346894660033286,0.006467299070209265,0.005662589450366795,3.0720000000000004e-06,0.00554406939772889
1537,0.005974147003144026,0.006359672639518976,0.006315596867352724,3.0740000000000006e-06,0.00554406939772889
1538,0.005081628798507154,0.006490049418061972,0.006667211884632707,3.0760000000000003e-06,0.00554406939772889
1539,0.005271660658763722,0.006967099558096379,0.0062112416489981115,3.078e-06,0.00554406939772889
1540,0.005296970251947641,0.006308786920271814,0.005743535759393126,3.08e-06,0.00554406939772889
1541,0.005194957717321813,0.006151953886728734,0.005712547048460692,3.0820000000000003e-06,0.00554406939772889
1542,0.005197564431000501,0.0071195384953171015,0.00682424521073699,3.0840000000000005e-06,0.00554406939772889
1543,0.005861310404725373,0.006243818497750908,0.005784480483271182,3.086e-06,0.00554406939772889
1544,0.005424824194051325,0.005515581171493977,0.0057461348187644035,3.088e-06,0.00554406939772889
1545,0.005062923155492172,0.006989552406594157,0.006412325194105506,3.0900000000000005e-06,0.005515581171493977
1546,0.005366548779420555,0.005693593120668083,0.005954445048701018,3.092e-06,0.005515581171493977
1547,0.005415839666966349,0.005645437049679458,0.006167908723000437,3.0940000000000004e-06,0.005515581171493977
1548,0.005362362135201693,0.006065679364837706,0.005586939223576337,3.096e-06,0.005515581171493977
1549,0.005151563265826553,0.005702898255549371,0.0054781265498604625,3.0980000000000002e-06,0.005515581171493977
1550,0.005194905796088278,0.005743371963035315,0.005633154883980751,3.1000000000000004e-06,0.005515581171493977
1551,0.005226237059105188,0.007473166391719133,0.006085747620090842,3.102e-06,0.005515581171493977
1552,0.0051768209668807685,0.006103240419179201,0.005629618011880666,3.1040000000000003e-06,0.005515581171493977
1553,0.005155356368049979,0.005772788368631154,0.005946069839410484,3.1060000000000004e-06,0.005515581171493977
1554,0.0048452477203682065,0.006757646566256881,0.005700194917153567,3.108e-06,0.005515581171493977
1555,0.00547234108671546,0.006786046375054866,0.0059866581577807665,3.1100000000000003e-06,0.005515581171493977
1556,0.0049385789898224175,0.005930673098191619,0.005103752540890127,3.112e-06,0.005515581171493977
1557,0.00496440235292539,0.006648641836363822,0.006224154552910477,3.114e-06,0.005515581171493977
1558,0.00536712323082611,0.006445213919505477,0.0057281627668999135,3.1160000000000003e-06,0.005515581171493977
1559,0.005186523485463113,0.005906987295020372,0.006400655722245574,3.1180000000000005e-06,0.005515581171493977
1560,0.005564991966821253,0.005752228724304587,0.005380898423027247,3.12e-06,0.005515581171493977
1561,0.005235871998593211,0.0054427849827334285,0.0055327280424535275,3.122e-06,0.005515581171493977
1562,0.005226405599387363,0.00618310843128711,0.005495176475960761,3.1240000000000005e-06,0.0054427849827334285
1563,0.005375580454710871,0.005449817923363298,0.0054891956388019025,3.1260000000000002e-06,0.0054427849827334285
1564,0.004909984389087185,0.006199931784067303,0.0064760055392980576,3.1280000000000004e-06,0.0054427849827334285
1565,0.005209069699048996,0.005896467308048159,0.006153290160000324,3.13e-06,0.0054427849827334285
1566,0.006001098547130823,0.005992451042402536,0.005040852818638086,3.1320000000000003e-06,0.0054427849827334285
1567,0.005010628956370056,0.005482695298269391,0.005572311521973461,3.134e-06,0.0054427849827334285
1568,0.00510059722000733,0.00683574378490448,0.006383321306202561,3.1360000000000006e-06,0.0054427849827334285
1569,0.004876386956311762,0.005718788073863834,0.005214389937464148,3.1380000000000007e-06,0.0054427849827334285
1570,0.005298821022734046,0.00579534046119079,0.0055188764818012714,3.1400000000000004e-06,0.0054427849827334285
1571,0.005348037579096854,0.006762253527995199,0.005599508294835687,3.142e-06,0.0054427849827334285
1572,0.005283965321723372,0.005037940514739603,0.004954611067660153,3.1440000000000003e-06,0.0054427849827334285
1573,0.005132771213538945,0.006266009935643524,0.005057973612565547,3.146e-06,0.005037940514739603
1574,0.005276843847241253,0.006414240691810846,0.0055472482345066965,3.148e-06,0.005037940514739603
1575,0.004666595865273848,0.005628689599689096,0.005783198808785528,3.15e-06,0.005037940514739603
1576,0.00471583561738953,0.006148497981484979,0.0060885638813488185,3.152e-06,0.005037940514739603
1577,0.005670593061950058,0.00570999295450747,0.005486209644004703,3.1540000000000006e-06,0.005037940514739603
1578,0.005494552024174482,0.00553811906138435,0.00540336879203096,3.1560000000000004e-06,0.005037940514739603
1579,0.0049491324461996555,0.005619702336844057,0.005307327664922923,3.1580000000000005e-06,0.005037940514739603
1580,0.005178254505153745,0.007116122869774699,0.006330266944132745,3.1600000000000002e-06,0.005037940514739603
1581,0.004705291736172512,0.006780512630939484,0.006395599280949682,3.1620000000000004e-06,0.005037940514739603
1582,0.005011001310776919,0.0051263534987811,0.005198556580580771,3.164e-06,0.005037940514739603
1583,0.005370543687604368,0.005432348698377609,0.0056763794855214655,3.1660000000000003e-06,0.005037940514739603
1584,0.0054227811633609235,0.005992564023472369,0.0062492346041835845,3.168e-06,0.005037940514739603
1585,0.0056380192982032895,0.006339756539091468,0.005337049049558118,3.1700000000000006e-06,0.005037940514739603
1586,0.0046634775353595614,0.005626264668535441,0.005395083600888029,3.1720000000000007e-06,0.005037940514739603
1587,0.005010560649679974,0.0052481217426247895,0.00610022759065032,3.1740000000000004e-06,0.005037940514739603
1588,0.004860248824115843,0.00612007116433233,0.0061116875149309635,3.176e-06,0.005037940514739603
1589,0.00494105217512697,0.005995043087750673,0.006547884549945593,3.1780000000000003e-06,0.005037940514739603
1590,0.004938279074849561,0.0053913723095320165,0.005636016489006579,3.18e-06,0.005037940514739603
1591,0.004890606534900144,0.006568253331352025,0.0055219370406121016,3.182e-06,0.005037940514739603
1592,0.004347483103629202,0.0067010565544478595,0.006208656879607588,3.184e-06,0.005037940514739603
1593,0.004983009217539802,0.005935102526564151,0.005346960679162294,3.186e-06,0.005037940514739603
1594,0.00514099100837484,0.005264249048195779,0.005318496550898999,3.1880000000000006e-06,0.005037940514739603
1595,0.005024089245125651,0.005696793843526393,0.005432107660453767,3.1900000000000004e-06,0.005037940514739603
1596,0.004749971994897351,0.005966418422758579,0.005745521164499223,3.1920000000000005e-06,0.005037940514739603
1597,0.004855883191339672,0.0065261610434390604,0.006432359863538295,3.1940000000000003e-06,0.005037940514739603
1598,0.004856530431425199,0.005784938752185553,0.0047428089019376785,3.1960000000000004e-06,0.005037940514739603
1599,0.004947103094309568,0.0048757077602203935,0.004865834082011133,3.198e-06,0.005037940514739603
1600,0.004752425069455057,0.006417939439415932,0.006440590193960816,3.2e-06,0.0048757077602203935
1601,0.004823593131732196,0.006302765686996281,0.005526049819309264,3.202e-06,0.0048757077602203935
1602,0.005285681516397744,0.00540596668724902,0.005383435549447313,3.2040000000000006e-06,0.0048757077602203935
1603,0.00512801215518266,0.005315682617947459,0.005442895489977673,3.2060000000000003e-06,0.0048757077602203935
1604,0.004764597804751247,0.005859042750671506,0.005728140531573445,3.2080000000000005e-06,0.0048757077602203935
1605,0.00451866170624271,0.006113209412433207,0.006153647438623011,3.21e-06,0.0048757077602203935
1606,0.005048323248047382,0.004910306597594172,0.00514469770132564,3.2120000000000003e-06,0.0048757077602203935
1607,0.005203189153689891,0.006428686960134655,0.004913226148346439,3.214e-06,0.0048757077602203935
1608,0.004935199220199138,0.005048770108260214,0.005915779038332403,3.216e-06,0.0048757077602203935
1609,0.004719828604720533,0.00630204810295254,0.006755707610864192,3.218e-06,0.0048757077602203935
1610,0.0044776120921596885,0.0062230557086877525,0.005570315523073077,3.22e-06,0.0048757077602203935
1611,0.0049676281050778925,0.005466644186526537,0.00519708771025762,3.2220000000000007e-06,0.0048757077602203935
1612,0.004823377967113629,0.0053148536826483905,0.005743844259995967,3.2240000000000004e-06,0.0048757077602203935
1613,0.004822403658181429,0.005824170890264213,0.005536786688026041,3.2260000000000005e-06,0.0048757077602203935
1614,0.00491757778218016,0.006005129253026098,0.005314731679391116,3.2280000000000003e-06,0.0048757077602203935
1615,0.004676492360886186,0.005309310334268957,0.005629967141430825,3.2300000000000004e-06,0.0048757077602203935
1616,0.004567472438793629,0.004742942459415644,0.005796610261313617,3.232e-06,0.0048757077602203935
1617,0.004731563269160688,0.005756480153650045,0.004914159595500678,3.234e-06,0.004742942459415644
1618,0.004505982680711895,0.005700692534446716,0.005413007223978639,3.236e-06,0.004742942459415644
1619,0.004912193166092038,0.006246453383937478,0.005865115614142269,3.2380000000000006e-06,0.004742942459415644
1620,0.004679049627156928,0.004922730207908899,0.005429770651971921,3.2400000000000003e-06,0.004742942459415644
1621,0.004246328113367781,0.005627471779007465,0.005326760525349528,3.2420000000000005e-06,0.004742942459415644
1622,0.004831096419366077,0.005381470255088061,0.00541090383194387,3.244e-06,0.004742942459415644
1623,0.004771804349729791,0.005424087576102465,0.004254768107784912,3.2460000000000003e-06,0.004742942459415644
1624,0.004820124042453244,0.005505654087755829,0.00492442527320236,3.248e-06,0.004742942459415644
1625,0.004784707736689597,0.005243251973297447,0.00584547920152545,3.2500000000000002e-06,0.004742942459415644
1626,0.005372855288442224,0.0051434647175483406,0.004930999886710197,3.252e-06,0.004742942459415644
1627,0.004697653115727007,0.005677585839293897,0.005478070117533207,3.254e-06,0.004742942459415644
1628,0.004412520269397646,0.006782006355933845,0.005715399049222469,3.2560000000000007e-06,0.004742942459415644
1629,0.004806543991435319,0.005224822263699025,0.004631520510884002,3.2580000000000004e-06,0.004742942459415644
1630,0.004897802777122706,0.005291003035381436,0.004917596059385687,3.2600000000000006e-06,0.004742942459415644
1631,0.004657797340769321,0.005921874311752617,0.005220945866312832,3.2620000000000003e-06,0.004742942459415644
1632,0.004926562251057476,0.005353956192266196,0.004488799488171935,3.2640000000000004e-06,0.004742942459415644
1633,0.0045285995583981276,0.005806931992992759,0.004957601486239582,3.266e-06,0.004742942459415644
1634,0.004871798970270902,0.006037230195943266,0.0059382489416748285,3.268e-06,0.004742942459415644
1635,0.004805437580216676,0.0064607198582962155,0.005279013363178819,3.27e-06,0.004742942459415644
1636,0.0045809361326973885,0.005683017778210342,0.005083226133137941,3.2720000000000006e-06,0.004742942459415644
1637,0.004366862325696275,0.005004115460906178,0.004945754946675152,3.2740000000000003e-06,0.004742942459415644
1638,0.00456162219052203,0.006490773521363735,0.005608300270978361,3.2760000000000005e-06,0.004742942459415644
1639,0.0044869127159472555,0.005202419240958989,0.005377751193009317,3.278e-06,0.004742942459415644
1640,0.0048332002479583025,0.004819120484171435,0.005136442487128079,3.2800000000000004e-06,0.004742942459415644
1641,0.0044717901619151235,0.005566919280681759,0.004978187207598239,3.282e-06,0.004742942459415644
1642,0.005232835479546338,0.005280745797790587,0.0053845669608563185,3.2840000000000002e-06,0.004742942459415644
1643,0.004612810502294451,0.005976030952297151,0.004549850418698043,3.286e-06,0.004742942459415644
1644,0.004608331597410142,0.005722476227674633,0.004825768293812871,3.288e-06,0.004742942459415644
1645,0.004616487480234355,0.005007543892133981,0.004918536811601371,3.2900000000000007e-06,0.004742942459415644
1646,0.0044813921849709,0.005671509075909853,0.005250421643722802,3.2920000000000004e-06,0.004742942459415644
1647,0.004447421466466039,0.005119972251122817,0.005086964316433296,3.2940000000000006e-06,0.004742942459415644
1648,0.004653234675060958,0.004691993410233408,0.004645341192372143,3.2960000000000003e-06,0.004742942459415644
1649,0.004584617912769318,0.005922270065639168,0.005943141994066536,3.2980000000000004e-06,0.004691993410233408
1650,0.004573001089738682,0.005440478678792715,0.004734186630230397,3.3e-06,0.004691993410233408
1651,0.004896507249213755,0.005295449343975633,0.0052361317502800375,3.302e-06,0.004691993410233408
1652,0.004333572025643662,0.005881784367375076,0.006128045613877475,3.304e-06,0.004691993410233408
1653,0.004596009384840727,0.005935819121077657,0.005243742605671287,3.3060000000000006e-06,0.004691993410233408
1654,0.004390002373838797,0.005436714825918898,0.004570011107716709,3.3080000000000003e-06,0.004691993410233408
1655,0.004765280638821423,0.006728643900714815,0.004947323148371652,3.3100000000000005e-06,0.004691993410233408
1656,0.004449606436537579,0.005687563389074057,0.005755047459388152,3.3120000000000002e-06,0.004691993410233408
1657,0.004434042872162536,0.004897972336038947,0.00408045356743969,3.3140000000000004e-06,0.004691993410233408
1658,0.004446845559868962,0.005192355252802372,0.004412662819959223,3.316e-06,0.004691993410233408
1659,0.0041389438265468925,0.005484880704898387,0.0050076142069883645,3.3180000000000003e-06,0.004691993410233408
1660,0.004572629521135241,0.005369038786739111,0.005186429247260094,3.32e-06,0.004691993410233408
1661,0.0040405901381745934,0.004946524335537106,0.004545839357888326,3.322e-06,0.004691993410233408
1662,0.004764894547406584,0.005860444682184607,0.005376152053941041,3.3240000000000007e-06,0.004691993410233408
1663,0.00447485561016947,0.005029922700487077,0.0043016220442950726,3.3260000000000004e-06,0.004691993410233408
1664,0.004648188129067421,0.005489201168529689,0.004544955241726711,3.3280000000000006e-06,0.004691993410233408
1665,0.004815458116354421,0.0059661118721123785,0.0055232725571841,3.3300000000000003e-06,0.004691993410233408
1666,0.004375471500679851,0.006261986156459898,0.005142629495821893,3.332e-06,0.004691993410233408
1667,0.0048599717556498945,0.005205505061894655,0.00459574643173255,3.334e-06,0.004691993410233408
1668,0.004443645651917905,0.0058166999951936305,0.004417481744894758,3.336e-06,0.004691993410233408
1669,0.00448063766816631,0.0055872547382023185,0.004809085599845275,3.338e-06,0.004691993410233408
1670,0.004376030585262924,0.00501255938434042,0.004428211075719446,3.3400000000000006e-06,0.004691993410233408
1671,0.004078430560184643,0.005995546001940966,0.004649794602300972,3.3420000000000004e-06,0.004691993410233408
1672,0.004889745789114386,0.005719565087929368,0.004975825402652845,3.3440000000000005e-06,0.004691993410233408
1673,0.004522633185843006,0.0050838684546761215,0.004675285832490772,3.3460000000000002e-06,0.004691993410233408
1674,0.004990382527466863,0.005040985764935613,0.00466192388557829,3.3480000000000004e-06,0.004691993410233408
1675,0.004571866127662361,0.005400719994213432,0.004401750804390758,3.35e-06,0.004691993410233408
1676,0.003972569131292403,0.00522685528267175,0.004264728398993611,3.3520000000000003e-06,0.004691993410233408
1677,0.004461015749257058,0.005719530628994107,0.00544024066766724,3.354e-06,0.004691993410233408
1678,0.004504919110331684,0.005532826646231115,0.005061323259724304,3.356e-06,0.004691993410233408
1679,0.00452569909975864,0.0045421124377753586,0.0044338691513985395,3.3580000000000007e-06,0.004691993410233408
1680,0.004122740705497563,0.004609380470355973,0.004633346601622179,3.3600000000000004e-06,0.0045421124377753586
1681,0.004402100603329018,0.0054318548063747585,0.005017304036300629,3.3620000000000006e-06,0.0045421124377753586
1682,0.004389711306430399,0.005068059253972024,0.0049700114177539945,3.3640000000000003e-06,0.0045421124377753586
1683,0.004141334793530405,0.005335419031325728,0.005038378410972655,3.366e-06,0.0045421124377753586
1684,0.004184159624855965,0.0053420832846313715,0.0054273943533189595,3.368e-06,0.0045421124377753586
1685,0.004539769754046574,0.005232296360190958,0.004485345532884821,3.37e-06,0.0045421124377753586
1686,0.004568746779114008,0.005407015967648476,0.005268650740617886,3.372e-06,0.0045421124377753586
1687,0.003994363563833758,0.0048064112779684365,0.004214095446513966,3.3740000000000006e-06,0.0045421124377753586
1688,0.004116641008295119,0.005576788797043264,0.0053440750343725085,3.3760000000000004e-06,0.0045421124377753586
1689,0.004586423485307023,0.00546552415471524,0.00606382911792025,3.3780000000000005e-06,0.0045421124377753586
1690,0.004316679987823591,0.00502757856156677,0.004700134682934731,3.3800000000000002e-06,0.0045421124377753586
1691,0.004495258734095842,0.004694215662311763,0.00517247203970328,3.3820000000000004e-06,0.0045421124377753586
1692,0.0043428471544757485,0.005500773899257183,0.005042801465606317,3.384e-06,0.0045421124377753586
1693,0.004385514737805352,0.005141998175531626,0.004229704238241538,3.3860000000000003e-06,0.0045421124377753586
1694,0.004288866650313139,0.0051209176308475435,0.004438340809429064,3.388e-06,0.0045421124377753586
1695,0.0040045879140961915,0.004756877111503854,0.004381343664135784,3.39e-06,0.0045421124377753586
1696,0.004381780687253922,0.005064439668785781,0.005196394689846784,3.3920000000000007e-06,0.0045421124377753586
1697,0.004197347327135503,0.004825158306630328,0.004764678596984595,3.3940000000000005e-06,0.0045421124377753586
1698,0.004295528662623838,0.0052701273816637695,0.005344493663869798,3.3960000000000006e-06,0.0045421124377753586
1699,0.0038696491974405944,0.005798652651719749,0.005363715812563896,3.3980000000000003e-06,0.0045421124377753586
1700,0.004316903941798955,0.005042674136348069,0.004649562237318605,3.4e-06,0.0045421124377753586
1701,0.004634404991520569,0.00488738834974356,0.00456103979377076,3.402e-06,0.0045421124377753586
1702,0.004535236512310803,0.004767315986100584,0.00470934426994063,3.404e-06,0.0045421124377753586
1703,0.004709768574684858,0.004466352140298113,0.004544462368357927,3.406e-06,0.0045421124377753586
1704,0.004724759783130139,0.004582896828651428,0.00446780544007197,3.4080000000000007e-06,0.004466352140298113
1705,0.00435759499669075,0.005647640849929303,0.004883462563157082,3.4100000000000004e-06,0.004466352140298113
1706,0.004313612618716434,0.005142327339854091,0.005091263679787517,3.4120000000000005e-06,0.004466352140298113
1707,0.004327358066802844,0.005110161961056292,0.004435693903360516,3.4140000000000003e-06,0.004466352140298113
1708,0.004314991529099643,0.005054807319538668,0.005010003689676523,3.4160000000000004e-06,0.004466352140298113
1709,0.003916445421054959,0.00502143322955817,0.004492221079999581,3.418e-06,0.004466352140298113
1710,0.004211680992739275,0.004833912244066596,0.004534171399427578,3.4200000000000003e-06,0.004466352140298113
1711,0.0043696102511603385,0.0051802704110741615,0.004192517837509513,3.422e-06,0.004466352140298113
1712,0.004552394326310605,0.0047370945394504815,0.0037101242050994188,3.424e-06,0.004466352140298113
1713,0.004417209042003378,0.0050968442228622735,0.0049064525810536,3.4260000000000007e-06,0.004466352140298113
1714,0.004346811940195039,0.00499759369995445,0.004043941764393821,3.4280000000000005e-06,0.004466352140298113
1715,0.003994018421508372,0.0046355678350664675,0.0042678770259954035,3.4300000000000006e-06,0.004466352140298113
1716,0.004482552933041006,0.004872205026913434,0.003616979520302266,3.4320000000000003e-06,0.004466352140298113
1717,0.004196156922262162,0.00560157943982631,0.004407267377246171,3.434e-06,0.004466352140298113
1718,0.004468625644221902,0.004771311650983989,0.004292279976652935,3.4360000000000002e-06,0.004466352140298113
1719,0.004301140841562301,0.004719601129181683,0.00409317301819101,3.438e-06,0.004466352140298113
1720,0.0038246922777034342,0.004717668634839356,0.004712034511612728,3.44e-06,0.004466352140298113
1721,0.004150837252382189,0.005142227921169251,0.004610130563378334,3.4420000000000007e-06,0.004466352140298113
1722,0.0039251300622709095,0.005059798917500302,0.004407219821587205,3.4440000000000004e-06,0.004466352140298113
1723,0.0043201234948355705,0.004567520867567509,0.005400828144047409,3.4460000000000005e-06,0.004466352140298113
1724,0.004220492264721543,0.004991923284251243,0.005030647094827145,3.4480000000000003e-06,0.004466352140298113
1725,0.00401683256495744,0.00459587512887083,0.00422978779533878,3.4500000000000004e-06,0.004466352140298113
1726,0.004001081892056391,0.004723393765743822,0.0040707175503484905,3.452e-06,0.004466352140298113
1727,0.0041177046950906515,0.004736229369882494,0.004565823182929307,3.4540000000000003e-06,0.004466352140298113
1728,0.003962595103075728,0.005703146627638489,0.004695909534348175,3.456e-06,0.004466352140298113
1729,0.004182209144346416,0.005342239746823907,0.004287290648790076,3.4579999999999998e-06,0.004466352140298113
1730,0.003905216319253668,0.003919558221241459,0.004492676176596433,3.4600000000000008e-06,0.004466352140298113
1731,0.0045749598648399115,0.004585901479003951,0.004196053516352549,3.4620000000000005e-06,0.003919558221241459
1732,0.004114896582905203,0.005195386009290814,0.004348935559391975,3.464e-06,0.003919558221241459
1733,0.003765178902540356,0.005563483922742307,0.005101043439935893,3.4660000000000004e-06,0.003919558221241459
1734,0.004416172712808475,0.0049342127167619765,0.0038870210119057447,3.468e-06,0.003919558221241459
1735,0.0042587822827044874,0.004785558587173,0.004717894364148378,3.4700000000000002e-06,0.003919558221241459
1736,0.004296204482670873,0.0048087902541738,0.004515972133958712,3.472e-06,0.003919558221241459
1737,0.0041156443185172975,0.004508441023062915,0.004028391500469297,3.474e-06,0.003919558221241459
1738,0.0038838043401483446,0.004893796693067998,0.004461983247892931,3.4760000000000007e-06,0.003919558221241459
1739,0.00393872827407904,0.004669617104809731,0.0047072338056750596,3.4780000000000004e-06,0.003919558221241459
1740,0.004000551620265469,0.005103699455503374,0.004548477241769433,3.4800000000000006e-06,0.003919558221241459
1741,0.004291212273528799,0.004998737218556926,0.004845364717766643,3.4820000000000003e-06,0.003919558221241459
1742,0.003932888386771083,0.00506788888014853,0.004365148488432169,3.4840000000000004e-06,0.003919558221241459
1743,0.004170407832134515,0.0047581272083334625,0.004681700374931097,3.486e-06,0.003919558221241459
1744,0.004012010991573334,0.0054651774116791785,0.005259535799268633,3.4880000000000003e-06,0.003919558221241459
1745,0.004609933443134651,0.0037408735370263457,0.004581524844979867,3.49e-06,0.003919558221241459
1746,0.004026839626021683,0.004576965351589024,0.0038713462417945266,3.4919999999999998e-06,0.0037408735370263457
1747,0.00446224442566745,0.004507241334067658,0.004460513941012323,3.4940000000000008e-06,0.0037408735370263457
1748,0.004171176842646673,0.004646239278372377,0.0042610030504874885,3.4960000000000005e-06,0.0037408735370263457
1749,0.0043080915056634694,0.004290186916477978,0.004283278132788837,3.4980000000000002e-06,0.0037408735370263457
1750,0.003804873995250091,0.004757552640512586,0.00431194479460828,3.5000000000000004e-06,0.0037408735370263457
1751,0.0039500470738857985,0.005376247921958566,0.00453415815718472,3.502e-06,0.0037408735370263457
1752,0.004090480681043118,0.00423529717954807,0.003964657837059349,3.5040000000000002e-06,0.0037408735370263457
1753,0.004049585753818974,0.004869800817687064,0.004039821360493079,3.506e-06,0.0037408735370263457
1754,0.003945125499740243,0.005093486281111836,0.004292764235287905,3.508e-06,0.0037408735370263457
1755,0.003970753896282986,0.005134375591296703,0.00402633094927296,3.5100000000000007e-06,0.0037408735370263457
1756,0.004030310723464936,0.004528487741481513,0.00353411104879342,3.5120000000000004e-06,0.0037408735370263457
1757,0.004097368073416874,0.004779396345838904,0.004121459613088518,3.5140000000000006e-06,0.0037408735370263457
1758,0.004232825915096328,0.004276119318092242,0.004895115445833653,3.5160000000000003e-06,0.0037408735370263457
1759,0.004445659520570189,0.003929131897166371,0.00404694423195906,3.5180000000000005e-06,0.0037408735370263457
1760,0.003799773199716583,0.004184588469797745,0.004072507726959884,3.52e-06,0.0037408735370263457
1761,0.004211773601127788,0.005051701155025512,0.004573104961309582,3.5220000000000003e-06,0.0037408735370263457
1762,0.003599173651309684,0.00484304761630483,0.004802781098987907,3.524e-06,0.0037408735370263457
1763,0.004551248770439997,0.0038947856228332967,0.0034965011582244188,3.5259999999999998e-06,0.0037408735370263457
1764,0.0041513613250572234,0.0048575050313957036,0.004321260144934058,3.5280000000000008e-06,0.0037408735370263457
1765,0.004270743695087731,0.004789069906109944,0.004626826295861974,3.5300000000000005e-06,0.0037408735370263457
1766,0.0036606039211619645,0.004767071863170713,0.003972231701482087,3.5320000000000002e-06,0.0037408735370263457
1767,0.0037980494380462915,0.0045469664328265935,0.004230538004776463,3.5340000000000004e-06,0.0037408735370263457
1768,0.004249727906426415,0.004984469444025308,0.004546731972368434,3.536e-06,0.0037408735370263457
1769,0.004416329611558467,0.005009699205402285,0.003978591121267527,3.5380000000000003e-06,0.0037408735370263457
1770,0.004375069052912295,0.004300504282582551,0.003811912960372865,3.54e-06,0.0037408735370263457
1771,0.004273034573998302,0.004923263215459883,0.0039866492443252355,3.542e-06,0.0037408735370263457
1772,0.004526725329924375,0.0055887525086291134,0.004295942635508254,3.5440000000000007e-06,0.0037408735370263457
1773,0.00390605628490448,0.0049024331965483725,0.004750465566758066,3.5460000000000004e-06,0.0037408735370263457
1774,0.004250497149769217,0.00475365636521019,0.004622826701961458,3.5480000000000006e-06,0.0037408735370263457
1775,0.004156723065534607,0.004212387895677239,0.004151049623033032,3.5500000000000003e-06,0.0037408735370263457
1776,0.004182427481282502,0.004687366948928684,0.003482769738184288,3.5520000000000005e-06,0.0037408735370263457
1777,0.0037740223051514477,0.005335692432709038,0.004032913246192038,3.554e-06,0.0037408735370263457
1778,0.00415944357519038,0.00468119524884969,0.00434291927376762,3.5560000000000003e-06,0.0037408735370263457
1779,0.004645831650123,0.004059378668898717,0.003949256119085476,3.558e-06,0.0037408735370263457
1780,0.0037593387241940945,0.004516217624768615,0.004193841654341668,3.56e-06,0.0037408735370263457
1781,0.0036218976601958275,0.004861025081481785,0.004468977305805311,3.562000000000001e-06,0.0037408735370263457
1782,0.003776019118959084,0.0050806342624127865,0.004429271473782137,3.5640000000000005e-06,0.0037408735370263457
1783,0.0038595579972025007,0.004360073391580954,0.0041768497612793,3.5660000000000002e-06,0.0037408735370263457
1784,0.004133770067710429,0.005373800988309085,0.004294883547117934,3.5680000000000004e-06,0.0037408735370263457
1785,0.004315663245506585,0.004197643313091248,0.004491196450544521,3.57e-06,0.0037408735370263457
1786,0.0038546364521607757,0.004882014007307589,0.00488683651201427,3.5720000000000003e-06,0.0037408735370263457
1787,0.00380563476937823,0.004290437267627567,0.0038201016432140023,3.574e-06,0.0037408735370263457
1788,0.003935394197469577,0.004600673273671418,0.0040722057747188956,3.576e-06,0.0037408735370263457
1789,0.0038374637661036104,0.004329505376517773,0.0039154851983767,3.5780000000000007e-06,0.0037408735370263457
1790,0.004197914793621749,0.005191076983464882,0.0043515067372936755,3.5800000000000005e-06,0.0037408735370263457
1791,0.004187387181445956,0.0042012425838038325,0.004408083535963669,3.5820000000000006e-06,0.0037408735370263457
1792,0.003986723837442696,0.004573618731228635,0.00407765488489531,3.5840000000000003e-06,0.0037408735370263457
1793,0.0035814521834254265,0.004576619656290859,0.004454965179320425,3.5860000000000005e-06,0.0037408735370263457
1794,0.003837746335193515,0.004043582157464698,0.003930028848117217,3.588e-06,0.0037408735370263457
1795,0.0037867467326577753,0.0042945839231833816,0.0041133945633191615,3.59e-06,0.0037408735370263457
1796,0.003968340432038531,0.004439835174707696,0.004418747441377491,3.592e-06,0.0037408735370263457
1797,0.0041936279740184546,0.003742473549209535,0.0041016397008206695,3.594e-06,0.0037408735370263457
1798,0.0038184891163837165,0.005026278377044946,0.004659277503378689,3.5960000000000004e-06,0.0037408735370263457
1799,0.0038801345217507333,0.004842963389819488,0.0042920987762045115,3.5980000000000005e-06,0.0037408735370263457
1800,0.00411976536270231,0.004436134302522987,0.0045470579352695495,3.6000000000000003e-06,0.0037408735370263457
1801,0.003927524172468111,0.004723494406789541,0.0038155924703460187,3.6020000000000004e-06,0.0037408735370263457
1802,0.003673862316645682,0.0040131193527486175,0.003451860975474119,3.604e-06,0.0037408735370263457
1803,0.0039043872675392777,0.004466894140932709,0.0040675331256352365,3.6060000000000003e-06,0.0037408735370263457
1804,0.003896900627296418,0.004973593051545322,0.004495233559282497,3.608e-06,0.0037408735370263457
1805,0.0036622284387703985,0.004576192703098059,0.0038576826045755297,3.61e-06,0.0037408735370263457
1806,0.0037244796694722027,0.004342440428445116,0.004057521698996425,3.6120000000000007e-06,0.0037408735370263457
1807,0.0038058380014263093,0.0044279510620981455,0.004027544695418328,3.6140000000000005e-06,0.0037408735370263457
1808,0.003969081153627485,0.004362460691481829,0.0038353019335772842,3.6160000000000006e-06,0.0037408735370263457
1809,0.0040589091659057885,0.004412952373968437,0.004070542112458497,3.6180000000000003e-06,0.0037408735370263457
1810,0.0037015649140812457,0.004693592665717006,0.0041431070130784065,3.6200000000000005e-06,0.0037408735370263457
1811,0.003791019000345841,0.004775724257342517,0.004495774395763874,3.6220000000000002e-06,0.0037408735370263457
1812,0.0036518163979053497,0.004227073019137606,0.003896994690876454,3.624e-06,0.0037408735370263457
1813,0.00430170854087919,0.0045680922630708665,0.004721285979030654,3.626e-06,0.0037408735370263457
1814,0.003909006976755336,0.005000878474675119,0.004154060181463137,3.628e-06,0.0037408735370263457
1815,0.0038766848447266966,0.00397648592479527,0.003880265197949484,3.6300000000000004e-06,0.0037408735370263457
1816,0.004131499124923721,0.0043370397470425814,0.003947455406887457,3.6320000000000005e-06,0.0037408735370263457
1817,0.004358948965091258,0.0048167262866627425,0.0034775337553583086,3.6340000000000003e-06,0.0037408735370263457
1818,0.003934819251298904,0.004538933251751587,0.0030471426725853235,3.6360000000000004e-06,0.0037408735370263457
1819,0.00430106304702349,0.00462777612847276,0.004556139174383134,3.638e-06,0.0037408735370263457
1820,0.004216779430862516,0.004877163039054722,0.004107992921490222,3.6400000000000003e-06,0.0037408735370263457
1821,0.003608527476899326,0.0039711163262836635,0.0035037360212299973,3.642e-06,0.0037408735370263457
1822,0.004012090619653463,0.004250180383678526,0.004042411339469254,3.644e-06,0.0037408735370263457
1823,0.0040112924471031874,0.004923163098283112,0.004276652151020244,3.6460000000000008e-06,0.0037408735370263457
1824,0.0038920647639315575,0.005104648269480094,0.004019586573122069,3.6480000000000005e-06,0.0037408735370263457
1825,0.003838231845293194,0.004719099641079083,0.004327343660406768,3.6500000000000006e-06,0.0037408735370263457
1826,0.0035171263152733445,0.00456279912032187,0.005003996368031949,3.6520000000000004e-06,0.0037408735370263457
1827,0.004027078044600785,0.004820593982003629,0.004150569759076461,3.6540000000000005e-06,0.0037408735370263457
1828,0.003777338657528162,0.004316686827223748,0.0039379470981657505,3.6560000000000002e-06,0.0037408735370263457
1829,0.004063869739184156,0.004559759341645986,0.003406830132007599,3.658e-06,0.0037408735370263457
1830,0.0038906876870896667,0.004634456825442612,0.0037939679750707,3.66e-06,0.0037408735370263457
1831,0.003553793503670022,0.004686050931923091,0.003763674816582352,3.662e-06,0.0037408735370263457
1832,0.004157646442763507,0.0042645463545341045,0.003626021061791107,3.6640000000000004e-06,0.0037408735370263457
1833,0.004013778030639514,0.004166541766608134,0.0039637532900087535,3.6660000000000006e-06,0.0037408735370263457
1834,0.0041242991865146905,0.0041665743046905845,0.004658559802919626,3.6680000000000003e-06,0.0037408735370263457
1835,0.004179745417786762,0.004341170424595475,0.003869068168569356,3.6700000000000004e-06,0.0037408735370263457
1836,0.0037231503520160913,0.0042982291197404265,0.003820529265794903,3.672e-06,0.0037408735370263457
1837,0.0036809681332670152,0.004263640061253682,0.004160440672421828,3.6740000000000003e-06,0.0037408735370263457
1838,0.0037600566574838012,0.004143488215049729,0.0036457252863328904,3.676e-06,0.0037408735370263457
1839,0.0037964550720062107,0.0038645793683826923,0.003460632055066526,3.678e-06,0.0037408735370263457
1840,0.004131695517571643,0.0049178019689861685,0.004521284019574523,3.6800000000000008e-06,0.0037408735370263457
1841,0.0038268042262643576,0.004285463888663799,0.00347437770687975,3.6820000000000005e-06,0.0037408735370263457
1842,0.003699470398714766,0.0038764511700719595,0.004375763877760619,3.6840000000000006e-06,0.0037408735370263457
1843,0.003889905259711668,0.004382042679935694,0.004219483089400455,3.6860000000000004e-06,0.0037408735370263457
1844,0.0034684150014072657,0.004363270360045135,0.003492598974844441,3.688e-06,0.0037408735370263457
1845,0.0037868377403356135,0.004523630021139979,0.0037439025181811303,3.6900000000000002e-06,0.0037408735370263457
1846,0.0036274391459301114,0.004431419976754114,0.004316485428716987,3.692e-06,0.0037408735370263457
1847,0.003434559766901657,0.004437969269929454,0.0038577586819883436,3.694e-06,0.0037408735370263457
1848,0.004013064783066511,0.004032664553960785,0.0037640998198185116,3.696e-06,0.0037408735370263457
1849,0.0037279069365467876,0.0039033782086335123,0.0038904210668988526,3.6980000000000004e-06,0.0037408735370263457
1850,0.0035956226056441665,0.004065404995344579,0.00365616986528039,3.7000000000000006e-06,0.0037408735370263457
1851,0.003877572948113084,0.004070358932949603,0.0035389784607104957,3.7020000000000003e-06,0.0037408735370263457
1852,0.004165941121755168,0.004724478436401114,0.0036358857178129256,3.7040000000000005e-06,0.0037408735370263457
1853,0.003982426977017894,0.004248401033692062,0.00363495119381696,3.706e-06,0.0037408735370263457
1854,0.003918158356100321,0.0037962578935548663,0.0038065012195147574,3.7080000000000003e-06,0.0037408735370263457
1855,0.0037454120174515992,0.0050627298769541085,0.004102749022422358,3.71e-06,0.0037408735370263457
1856,0.0037240113597363234,0.004853393300436437,0.004208010155707598,3.712e-06,0.0037408735370263457
1857,0.0043817899422720075,0.00463522580685094,0.00397514711949043,3.7140000000000008e-06,0.0037408735370263457
1858,0.003970306162955239,0.0034745543089229614,0.003484676475636661,3.7160000000000005e-06,0.0037408735370263457
1859,0.0036049601330887526,0.004201493051368743,0.0040557853353675455,3.7180000000000007e-06,0.0034745543089229614
1860,0.0035872352600563318,0.004551983351120725,0.003208194364560768,3.7200000000000004e-06,0.0034745543089229614
1861,0.0034977706091012806,0.004638139507733285,0.0042709844710770994,3.722e-06,0.0034745543089229614
1862,0.003447407914791256,0.004428567102877423,0.0035536447539925575,3.7240000000000003e-06,0.0034745543089229614
1863,0.0037885125202592462,0.003757534344913438,0.00396351603558287,3.726e-06,0.0034745543089229614
1864,0.0037699789681937546,0.003711964003741741,0.0038788241508882493,3.728e-06,0.0034745543089229614
1865,0.003996823274064809,0.004361840517958626,0.0037821991718374193,3.73e-06,0.0034745543089229614
1866,0.003531832655426115,0.004001244727987796,0.0038548008596990258,3.7320000000000004e-06,0.0034745543089229614
1867,0.00389807132887654,0.0046793450601398945,0.0037687134463340044,3.7340000000000006e-06,0.0034745543089229614
1868,0.003763306624023244,0.004172927525360137,0.003893280343618244,3.7360000000000003e-06,0.0034745543089229614
1869,0.003643095027655363,0.0041108159348368645,0.0036068574409000576,3.7380000000000005e-06,0.0034745543089229614
1870,0.003943501855246723,0.004555565654300153,0.003817260265350342,3.74e-06,0.0034745543089229614
1871,0.0038375062867999077,0.0046844434982631356,0.0037632666644640267,3.7420000000000003e-06,0.0034745543089229614
1872,0.004012526769656688,0.004209485603496432,0.003970737830968574,3.744e-06,0.0034745543089229614
1873,0.003703256312292069,0.003930647857487202,0.0034013575641438365,3.7460000000000002e-06,0.0034745543089229614
1874,0.004039417020976543,0.004392537754029036,0.004074816039064899,3.748000000000001e-06,0.0034745543089229614
1875,0.004001345281722024,0.003947138495277613,0.003608471539337188,3.7500000000000005e-06,0.0034745543089229614
1876,0.003868983854772523,0.0038104022678453475,0.0035756525467149913,3.7520000000000007e-06,0.0034745543089229614
1877,0.003703198948642239,0.004321758897276595,0.004074063675943762,3.7540000000000004e-06,0.0034745543089229614
1878,0.0038207829056773335,0.0044546068529598415,0.003710922785103321,3.756e-06,0.0034745543089229614
1879,0.004180327290669084,0.0036163587938062847,0.0036034600052516907,3.7580000000000003e-06,0.0034745543089229614
1880,0.0035879439674317837,0.00393268559128046,0.0038592156197410077,3.76e-06,0.0034745543089229614
1881,0.003350821672938764,0.004147179599385709,0.0037646294513251632,3.762e-06,0.0034745543089229614
1882,0.0036092561786063015,0.00452116146334447,0.004266212927177548,3.764e-06,0.0034745543089229614
1883,0.0033805857528932393,0.0036981241719331592,0.003320903633721173,3.7660000000000005e-06,0.0034745543089229614
1884,0.003790620598010719,0.003903098258888349,0.0033852208871394396,3.7680000000000006e-06,0.0034745543089229614
1885,0.003548878710716963,0.0038480658549815416,0.0033064162416849285,3.7700000000000003e-06,0.0034745543089229614
1886,0.003657181339804083,0.004084697109647095,0.003993199148681015,3.7720000000000005e-06,0.0034745543089229614
1887,0.0037029420491307974,0.003910354716936126,0.004097145952982828,3.774e-06,0.0034745543089229614
1888,0.0036134684924036264,0.003881028445903212,0.003897006419720128,3.7760000000000004e-06,0.0034745543089229614
1889,0.0036190749669913203,0.0040326041635125875,0.003549313929397613,3.778e-06,0.0034745543089229614
1890,0.003833129128906876,0.0043639669311232865,0.003728472162038088,3.7800000000000002e-06,0.0034745543089229614
1891,0.003528732748236507,0.004422446538228542,0.004115162213565782,3.782000000000001e-06,0.0034745543089229614
1892,0.0037031032843515277,0.003721515473444015,0.003486972098471597,3.7840000000000005e-06,0.0034745543089229614
1893,0.003416657098568976,0.00431923582800664,0.0044734543189406395,3.7860000000000007e-06,0.0034745543089229614
1894,0.00353184383129701,0.004526934411842376,0.0037180477229412645,3.7880000000000004e-06,0.0034745543089229614
1895,0.003620316507294774,0.003935707005439326,0.0035116974904667586,3.79e-06,0.0034745543089229614
1896,0.0035892328014597297,0.004110410169232637,0.0038939786900300533,3.7920000000000003e-06,0.0034745543089229614
1897,0.0035219881392549723,0.0042197554430458695,0.0035292177635710686,3.794e-06,0.0034745543089229614
1898,0.0036346106498967856,0.004204481287160888,0.0035648440825752914,3.796e-06,0.0034745543089229614
1899,0.003805525804637,0.004459140734979883,0.0044825262448284775,3.798e-06,0.0034745543089229614
1900,0.00346479972358793,0.0040416697156615555,0.0036734939203597605,3.8000000000000005e-06,0.0034745543089229614
1901,0.004119783960049972,0.0035908779536839575,0.0034960228949785233,3.8020000000000006e-06,0.0034745543089229614
1902,0.0037106897798366845,0.004299646767321974,0.004033333476400003,3.8040000000000003e-06,0.0034745543089229614
1903,0.0034397430426906794,0.004085390391992405,0.004110512934857979,3.8060000000000005e-06,0.0034745543089229614
1904,0.0038722540193703026,0.0043117732857353985,0.0032297300058417022,3.8080000000000002e-06,0.0034745543089229614
1905,0.003713502752361819,0.0045605385093949735,0.003690685611218214,3.8100000000000004e-06,0.0034745543089229614
1906,0.003989525488577783,0.0035739424638450146,0.0037879946758039296,3.812e-06,0.0034745543089229614
1907,0.003925183234969154,0.003700646397192031,0.0037032828258816153,3.814e-06,0.0034745543089229614
1908,0.0037581223296001554,0.004163023229921237,0.0035433751763775945,3.816e-06,0.0034745543089229614
1909,0.0034183196839876473,0.0042062955617439,0.0031522464705631137,3.8180000000000005e-06,0.0034745543089229614
1910,0.0037570717104244977,0.0042016902298200876,0.0036989578511565924,3.820000000000001e-06,0.0034745543089229614
1911,0.0038129141030367464,0.00434155116090551,0.00354041819809936,3.822e-06,0.0034745543089229614
1912,0.003946546174120158,0.0036885039298795164,0.003704553935676813,3.824e-06,0.0034745543089229614
1913,0.0036850813194178045,0.0042887246527243406,0.003841165278572589,3.826e-06,0.0034745543089229614
1914,0.0038385341758839786,0.0038974846247583628,0.0036036100646015257,3.8280000000000004e-06,0.0034745543089229614
1915,0.0036262058129068464,0.003922942822100595,0.003331723710289225,3.83e-06,0.0034745543089229614
1916,0.003735088714165613,0.003930688340915367,0.0034365993342362344,3.832e-06,0.0034745543089229614
1917,0.0035849503765348345,0.003930759557988495,0.004095243581105024,3.834000000000001e-06,0.0034745543089229614
1918,0.0032903460669331253,0.004286027484340593,0.0034981283533852547,3.836e-06,0.0034745543089229614
1919,0.0034957202151417732,0.004346375906607136,0.003492917603580281,3.838e-06,0.0034745543089229614
1920,0.0034420904121361673,0.004187826009001583,0.003455245983786881,3.8400000000000005e-06,0.0034745543089229614
1921,0.0037294842477422208,0.00393227965105325,0.003677993983728811,3.842000000000001e-06,0.0034745543089229614
1922,0.0034974543668795377,0.004251114121871069,0.003532803151756525,3.844e-06,0.0034745543089229614
1923,0.0030290322029031813,0.003948803001549095,0.003264923783717677,3.846e-06,0.0034745543089229614
1924,0.0035996206279378384,0.00385638716397807,0.003607246500905603,3.848e-06,0.0034745543089229614
1925,0.0035054076288361102,0.004168495710473508,0.0034231907047796994,3.85e-06,0.0034745543089229614
1926,0.0038607190654147416,0.004200456693070009,0.003335215587867424,3.8520000000000006e-06,0.0034745543089229614
1927,0.003822383063379675,0.004054767923662439,0.003522465849528089,3.854000000000001e-06,0.0034745543089229614
1928,0.003375914733624086,0.004537794418865815,0.0036494090454652905,3.856e-06,0.0034745543089229614
1929,0.0032894737960305065,0.003961821465054527,0.003328538761707023,3.858e-06,0.0034745543089229614
1930,0.003322909731650725,0.003904976707417518,0.0038808862736914307,3.86e-06,0.0034745543089229614
1931,0.003671344311442226,0.0037282989360392094,0.003456434642430395,3.8620000000000005e-06,0.0034745543089229614
1932,0.0038877823390066624,0.0037531912385020405,0.003386891941772774,3.864e-06,0.0034745543089229614
1933,0.0037431019300129265,0.0036790150334127247,0.003747698588995263,3.866e-06,0.0034745543089229614
1934,0.0038955035561230034,0.003382524533662945,0.0033716794569045305,3.868000000000001e-06,0.0034745543089229614
1935,0.003393587830942124,0.0038136674847919494,0.003985083574661985,3.87e-06,0.003382524533662945
1936,0.003505867120111361,0.003853447356959805,0.003852838999591768,3.872e-06,0.003382524533662945
1937,0.0036977481795474887,0.0036011537013109773,0.003301244374597445,3.8740000000000005e-06,0.003382524533662945
1938,0.003631700063124299,0.0034810163488145918,0.0036155312263872474,3.876000000000001e-06,0.003382524533662945
1939,0.0032626521424390376,0.0036790251033380628,0.0039237686432898045,3.878e-06,0.003382524533662945
1940,0.003964141971664503,0.003916455432772636,0.0037445307534653693,3.88e-06,0.003382524533662945
1941,0.0035254315298516303,0.0034076056035701185,0.003642977011622861,3.882e-06,0.003382524533662945
1942,0.0036504828021861613,0.004052041447721422,0.0035267903585918248,3.884e-06,0.003382524533662945
1943,0.003658031520899385,0.0036521974543575197,0.003529547218931839,3.8860000000000006e-06,0.003382524533662945
1944,0.003299767238786444,0.003546966298017651,0.003242902777856216,3.888000000000001e-06,0.003382524533662945
1945,0.0031783844460733235,0.004290993412723765,0.003452968259807676,3.89e-06,0.003382524533662945
1946,0.00342217436991632,0.0037955312873236835,0.003481514228042215,3.892e-06,0.003382524533662945
1947,0.0037181662919465452,0.003949163598008454,0.0035327214864082634,3.894e-06,0.003382524533662945
1948,0.003518955025356263,0.0043643063108902425,0.003754867328098044,3.8960000000000005e-06,0.003382524533662945
1949,0.0034356600081082433,0.004295938619179651,0.0037621059163939208,3.898e-06,0.003382524533662945
1950,0.003795058000832796,0.0040895878919400275,0.0033361075911670923,3.9e-06,0.003382524533662945
1951,0.003373519633896649,0.0037272074550855905,0.0037641808157786727,3.902000000000001e-06,0.003382524533662945
1952,0.003496596502372995,0.004127853957470506,0.003835537296254188,3.904e-06,0.003382524533662945
1953,0.0035108581942040473,0.003934033680707216,0.003583717974834144,3.906e-06,0.003382524533662945
1954,0.0034558893530629575,0.003998119704192504,0.0036430119071155787,3.9080000000000005e-06,0.003382524533662945
1955,0.003789597569266334,0.0039045562443789095,0.003189063136233017,3.910000000000001e-06,0.003382524533662945
1956,0.0034312474890612066,0.003958894725656137,0.0034006263595074415,3.912e-06,0.003382524533662945
1957,0.003654990636277944,0.004285571863874793,0.003443317604251206,3.914e-06,0.003382524533662945
1958,0.003505412954837084,0.004628091293852776,0.004001564084319398,3.916e-06,0.003382524533662945
1959,0.003107620868831873,0.003839799581328407,0.003326679579913616,3.9180000000000004e-06,0.003382524533662945
1960,0.0033954262326005846,0.0041268647473771125,0.0033886864548549056,3.920000000000001e-06,0.003382524533662945
1961,0.003374413325218484,0.003966755233705044,0.0034264988207723945,3.922000000000001e-06,0.003382524533662945
1962,0.003539655212080106,0.00423258138471283,0.0032737025467213243,3.924e-06,0.003382524533662945
1963,0.003833398426650092,0.004526004253420979,0.00342292248387821,3.926e-06,0.003382524533662945
1964,0.003151889075525105,0.003989635326433927,0.003405762428883463,3.928e-06,0.003382524533662945
1965,0.0035682064772117883,0.003959456691518426,0.0032846214598976076,3.9300000000000005e-06,0.003382524533662945
1966,0.003586047620046884,0.004265441151801497,0.003779666993068531,3.932e-06,0.003382524533662945
1967,0.003572778427042067,0.0033775272022467107,0.0035171195049770176,3.934e-06,0.003382524533662945
1968,0.0033397809020243585,0.003727092844201252,0.003676440886920318,3.936000000000001e-06,0.0033775272022467107
1969,0.0033431369811296463,0.0040103635401465,0.003889756539138034,3.938e-06,0.0033775272022467107
1970,0.003494854550808668,0.003492996154818684,0.003412044607102871,3.94e-06,0.0033775272022467107
1971,0.003755660989554599,0.0038452729932032526,0.003669008467113599,3.9420000000000005e-06,0.0033775272022467107
1972,0.0032643107988405973,0.0043774670630227774,0.003496782504953444,3.944000000000001e-06,0.0033775272022467107
1973,0.003172200493281707,0.0037121567875146866,0.0033037290268111974,3.946e-06,0.0033775272022467107
1974,0.003459323284914717,0.004229666170431301,0.003518220008118078,3.948e-06,0.0033775272022467107
1975,0.0034163000236731023,0.004207081772619858,0.0033497232652734965,3.95e-06,0.0033775272022467107
1976,0.0036069110792595893,0.003913322871085256,0.003235814452636987,3.9520000000000004e-06,0.0033775272022467107
1977,0.003767385904211551,0.0038194812077563256,0.003372422856045887,3.954000000000001e-06,0.0033775272022467107
1978,0.0036776193883270025,0.00388896421645768,0.0031763778533786535,3.956000000000001e-06,0.0033775272022467107
1979,0.0034587407717481256,0.003964000992709771,0.0039558804128319025,3.958e-06,0.0033775272022467107
1980,0.003594703914131969,0.0034600819053594023,0.003224762709578499,3.96e-06,0.0033775272022467107
1981,0.0037211677408777177,0.0035682697780430317,0.003284787730081007,3.962e-06,0.0033775272022467107
1982,0.0033238184987567365,0.004625131550710648,0.003150410804664716,3.9640000000000005e-06,0.0033775272022467107
1983,0.0034542435314506292,0.00395467845373787,0.0035738021542783827,3.966e-06,0.0033775272022467107
1984,0.003414931328734383,0.00308179619605653,0.003568862972315401,3.968e-06,0.0033775272022467107
1985,0.00343329508905299,0.0036382425168994814,0.003123152593616396,3.970000000000001e-06,0.00308179619605653
1986,0.0034689918684307486,0.003306314640212804,0.0033985149930231273,3.972e-06,0.00308179619605653
1987,0.003055763285374269,0.003962232294725254,0.003475121804513037,3.974e-06,0.00308179619605653
1988,0.0030917154217604548,0.003758748760446906,0.004059654922457412,3.9760000000000006e-06,0.00308179619605653
1989,0.0032782841299194843,0.004152119799982756,0.0035486288543324918,3.978000000000001e-06,0.00308179619605653
1990,0.003770308045204729,0.003651737730251625,0.00330231394036673,3.98e-06,0.00308179619605653
1991,0.0037097901513334364,0.003643366595497355,0.002726743114180863,3.982e-06,0.00308179619605653
1992,0.0032981176918838173,0.0036098142445553094,0.003958533663535491,3.984e-06,0.00308179619605653
1993,0.003541973448591307,0.004125913139432669,0.003498142003081739,3.9860000000000005e-06,0.00308179619605653
1994,0.0032368985121138394,0.003644280950538814,0.003315351437777281,3.988000000000001e-06,0.00308179619605653
1995,0.0037536051240749657,0.00360878644278273,0.003291362925665453,3.990000000000001e-06,0.00308179619605653
1996,0.0035975167411379516,0.004158552270382643,0.003674140985822305,3.992e-06,0.00308179619605653
1997,0.003146656177705154,0.004015368962427601,0.0032321785402018577,3.994e-06,0.00308179619605653
1998,0.0035042214149143547,0.0034405629558023065,0.0031871597457211465,3.996e-06,0.00308179619605653
1999,0.0033546779595781118,0.003792332950979471,0.003402453556191176,3.9980000000000005e-06,0.00308179619605653
2000,0.0032808543764986098,0.004238169087329879,0.0035936185740865767,4e-06,0.00308179619605653
2001,0.0035243368183728307,0.003573627764126286,0.0030406825826503336,4.002e-06,0.00308179619605653
2002,0.0038890732685104012,0.0035795896546915174,0.0034082070633303374,4.004000000000001e-06,0.00308179619605653
2003,0.003360860369866714,0.003961995564168319,0.003553790971636772,4.006e-06,0.00308179619605653
2004,0.003147312323562801,0.003971431986428797,0.003326613310491666,4.008e-06,0.00308179619605653
2005,0.003491754032438621,0.003824157582130283,0.0032166792370844632,4.0100000000000006e-06,0.00308179619605653
2006,0.003475429955869913,0.003555085480911657,0.0031052517879288644,4.012e-06,0.00308179619605653
2007,0.0038121854595374316,0.0036075831158086658,0.0031594694301020354,4.014e-06,0.00308179619605653
2008,0.003026041464181617,0.003772953641600907,0.003448753006523475,4.016e-06,0.00308179619605653
2009,0.0034186575503554195,0.003914870496373624,0.003477809950709343,4.018e-06,0.00308179619605653
2010,0.0033726631954777986,0.003725518472492695,0.0030224860820453614,4.0200000000000005e-06,0.00308179619605653
2011,0.0036210274847690016,0.003494666510960087,0.0026975710643455386,4.022000000000001e-06,0.00308179619605653
2012,0.003362014627782628,0.003398408036446199,0.003605195612180978,4.024000000000001e-06,0.00308179619605653
2013,0.0033056889369618148,0.004180251562502235,0.003913462918717414,4.026e-06,0.00308179619605653
2014,0.0032138421083800495,0.003110040444880724,0.003079812100622803,4.028e-06,0.00308179619605653
2015,0.0030948797648306936,0.003911724576028064,0.003413402067963034,4.03e-06,0.00308179619605653
2016,0.002995368296978995,0.003784450324019417,0.0030868245812598616,4.0320000000000005e-06,0.00308179619605653
2017,0.003484743239823729,0.0036589758819900453,0.003075990447541699,4.034e-06,0.00308179619605653
2018,0.0034403392928652465,0.0033293696178589016,0.00310207562870346,4.036e-06,0.00308179619605653
2019,0.0035488709108904004,0.004038166342070326,0.003613493056036532,4.038000000000001e-06,0.00308179619605653
2020,0.0037423514295369387,0.0038153341156430542,0.003381007758434862,4.04e-06,0.00308179619605653
2021,0.003216154349502176,0.004116717231227085,0.0033565043995622545,4.0420000000000004e-06,0.00308179619605653
2022,0.003478099504718557,0.0033613191917538643,0.003566800442058593,4.044000000000001e-06,0.00308179619605653
2023,0.003285689715994522,0.003563170350389555,0.002841009816620499,4.046e-06,0.00308179619605653
2024,0.003742873203009367,0.003670373756904155,0.0031641598616261035,4.048e-06,0.00308179619605653
2025,0.0032229954085778445,0.0038708863721694797,0.003465613553998992,4.05e-06,0.00308179619605653
2026,0.0032611300121061504,0.0038921386876609176,0.003749572642846033,4.052e-06,0.00308179619605653
2027,0.003449514537351206,0.0035060445370618254,0.0031380729633383453,4.0540000000000005e-06,0.00308179619605653
2028,0.0034397258423268795,0.0035356396401766688,0.0035772273840848356,4.056000000000001e-06,0.00308179619605653
2029,0.0034431686508469284,0.0033755667391233146,0.0034591471776366234,4.058000000000001e-06,0.00308179619605653
2030,0.0035728613438550383,0.003957332868594676,0.003398525674128905,4.06e-06,0.00308179619605653
2031,0.0032432287407573313,0.003336911293445155,0.002988580003147945,4.062e-06,0.00308179619605653
2032,0.003378585766768083,0.0037470223614946008,0.003325072320876643,4.064e-06,0.00308179619605653
2033,0.003350279526785016,0.003217177087208256,0.003018155606696382,4.0660000000000005e-06,0.00308179619605653
2034,0.0035654733364935964,0.0036081779398955405,0.0028498370957095176,4.068e-06,0.00308179619605653
2035,0.0034783646988216788,0.003459934319835156,0.0030515779508277774,4.07e-06,0.00308179619605653
2036,0.0034184916876256466,0.0034545930102467537,0.0031933696882333606,4.072000000000001e-06,0.00308179619605653
2037,0.0033225386578124017,0.003627956728450954,0.003387558099348098,4.074e-06,0.00308179619605653
2038,0.0032707769132684916,0.004168532323092222,0.003107820695731789,4.0760000000000004e-06,0.00308179619605653
2039,0.0035054520703852177,0.003495208831736818,0.003502042993204668,4.078000000000001e-06,0.00308179619605653
2040,0.003496778052067384,0.0036836759245488793,0.0029816429305355996,4.08e-06,0.00308179619605653
2041,0.003339481248985976,0.003471694275503978,0.003101675130892545,4.082e-06,0.00308179619605653
2042,0.003565622348105535,0.003547908941982314,0.0028349899512249976,4.084e-06,0.00308179619605653
2043,0.003388247248949483,0.00343194481683895,0.0029724591586273164,4.086e-06,0.00308179619605653
2044,0.0033700834319461137,0.003638364403741434,0.0031963547226041555,4.0880000000000005e-06,0.00308179619605653
2045,0.0033066316973417997,0.0036572623066604137,0.00296846084529534,4.090000000000001e-06,0.00308179619605653
2046,0.0031171496666502208,0.0039031164487823844,0.003725665737874806,4.092000000000001e-06,0.00308179619605653
2047,0.0031853378750383854,0.0037991180433891714,0.0032793660066090524,4.094e-06,0.00308179619605653
2048,0.00343048686045222,0.0036098364798817784,0.003063593147089705,4.096e-06,0.00308179619605653
2049,0.0030087069317232817,0.003303859935840592,0.0032420931092929095,4.098e-06,0.00308179619605653
2050,0.0031198325159493834,0.003427456133067608,0.0027250107668805867,4.1000000000000006e-06,0.00308179619605653
2051,0.003267190739279613,0.0036871344200335443,0.003302907425677404,4.102e-06,0.00308179619605653
2052,0.0029509276791941375,0.003569783963030204,0.0032633363152854145,4.104e-06,0.00308179619605653
2053,0.003330831037601456,0.003655934357084334,0.0029797113966196775,4.106000000000001e-06,0.00308179619605653
2054,0.0030746179982088506,0.003906950703822076,0.0031003027979750186,4.108e-06,0.00308179619605653
2055,0.002973857510369271,0.003840783581836149,0.003638864553067833,4.1100000000000005e-06,0.00308179619605653
2056,0.003192070056684315,0.0031402164604514837,0.0031422502652276307,4.112000000000001e-06,0.00308179619605653
2057,0.003653106337878853,0.0030133238178677857,0.003214103518985212,4.114e-06,0.00308179619605653
2058,0.0032393294968642294,0.0033383663394488394,0.0034273963246960193,4.116e-06,0.0030133238178677857
2059,0.0030110305233392864,0.0038512628816533834,0.0029014456958975643,4.118e-06,0.0030133238178677857
2060,0.003414213686482981,0.003402529371669516,0.00302813173038885,4.12e-06,0.0030133238178677857
2061,0.003093438717769459,0.0034975442686118186,0.0032236272818408906,4.1220000000000005e-06,0.0030133238178677857
2062,0.0032103658886626363,0.0032928267610259354,0.0036430406325962394,4.124000000000001e-06,0.0030133238178677857
2063,0.003138457570457831,0.004368984518805519,0.0040113747818395495,4.126000000000001e-06,0.0030133238178677857
2064,0.0034213965118397027,0.003533554612658918,0.003468804439762607,4.128e-06,0.0030133238178677857
2065,0.003259483171859756,0.0034028127265628427,0.0030459054687526077,4.13e-06,0.0030133238178677857
2066,0.0037303736025933176,0.003932069725124165,0.002964889630675316,4.132e-06,0.0030133238178677857
2067,0.003388687764527276,0.003910744329914451,0.002812123188050464,4.1340000000000006e-06,0.0030133238178677857
2068,0.002919031190685928,0.0038386874075513333,0.003231245034839958,4.136e-06,0.0030133238178677857
2069,0.0032758409797679633,0.00354031371534802,0.0034876221034210175,4.138e-06,0.0030133238178677857
2070,0.0031912994745653123,0.0036299460916779935,0.0028917742311023176,4.140000000000001e-06,0.0030133238178677857
2071,0.003016898815985769,0.0038689129287377,0.0034438083530403674,4.142e-06,0.0030133238178677857
2072,0.003209344489732757,0.0036335460317786783,0.0037209689617156982,4.1440000000000005e-06,0.0030133238178677857
2073,0.0028278167883399874,0.0036866715527139604,0.0028851376264356077,4.146000000000001e-06,0.0030133238178677857
2074,0.0031681773252785206,0.0034331082715652883,0.003322308388305828,4.148e-06,0.0030133238178677857
2075,0.0032710911764297634,0.004132580303121358,0.0033838015515357256,4.15e-06,0.0030133238178677857
2076,0.0030669811530970037,0.0038039674109313637,0.0028634632762987167,4.152e-06,0.0030133238178677857
2077,0.0031017245491966605,0.0033615117135923356,0.00278878107201308,4.154e-06,0.0030133238178677857
2078,0.0029855163593310863,0.003413611004361883,0.0030984208278823644,4.1560000000000005e-06,0.0030133238178677857
2079,0.0033813741465564817,0.0033244430378545076,0.003648774028988555,4.158000000000001e-06,0.0030133238178677857
2080,0.0031896460859570652,0.0034053742128890008,0.002926691377069801,4.160000000000001e-06,0.0030133238178677857
2081,0.0033931135258171707,0.0031330883502960205,0.002811081852996722,4.162e-06,0.0030133238178677857
2082,0.0033692283323034644,0.0034724610741250217,0.0033866668527480215,4.164e-06,0.0030133238178677857
2083,0.003317636583233252,0.0037209824949968606,0.0029794192232657224,4.1660000000000004e-06,0.0030133238178677857
2084,0.003375691798282787,0.003435780934523791,0.003242133097955957,4.168000000000001e-06,0.0030133238178677857
2085,0.0032130374456755817,0.0038509249570779502,0.0032855797617230564,4.17e-06,0.0030133238178677857
2086,0.003290177963208407,0.003589561383705586,0.0031062818598002195,4.172e-06,0.0030133238178677857
2087,0.0034192434104625136,0.0034556073660496622,0.0033316727785859257,4.174000000000001e-06,0.0030133238178677857
2088,0.0034572564181871712,0.0033201104670297354,0.0028565767279360443,4.176e-06,0.0030133238178677857
2089,0.0032509457087144256,0.0034456678258720785,0.003236048447433859,4.1780000000000005e-06,0.0030133238178677857
2090,0.0033518870768602937,0.0036989930958952755,0.002667200198629871,4.180000000000001e-06,0.0030133238178677857
2091,0.003284904611064121,0.0038179451366886497,0.0029523828125093132,4.182e-06,0.0030133238178677857
2092,0.0031491855916101485,0.0038932822935748845,0.003140645014354959,4.184e-06,0.0030133238178677857
2093,0.0034753294312395155,0.003547393687767908,0.002954560739453882,4.186e-06,0.0030133238178677857
2094,0.003648128331406042,0.003513258940074593,0.0029077529907226562,4.188e-06,0.0030133238178677857
2095,0.003319032839499414,0.003819732752162963,0.002929318492533639,4.1900000000000005e-06,0.0030133238178677857
2096,0.003242295977543108,0.003336721856612712,0.0034922320337500423,4.192000000000001e-06,0.0030133238178677857
2097,0.0029186246974859387,0.0033467842149548233,0.003312011278467253,4.194000000000001e-06,0.0030133238178677857
2098,0.0030787734722252935,0.003473756631137803,0.003275226365076378,4.196e-06,0.0030133238178677857
2099,0.0030208432872314006,0.003255779651226476,0.002897312369896099,4.198e-06,0.0030133238178677857
2100,0.0031072204874362797,0.0035961133253294975,0.0031444522319361567,4.2000000000000004e-06,0.0030133238178677857
2101,0.0031955239828675985,0.0036108087515458465,0.0032351572590414435,4.202000000000001e-06,0.0030133238178677857
2102,0.003380905312951654,0.0034702831762842834,0.0035236772964708507,4.204e-06,0.0030133238178677857
2103,0.003269652370363474,0.003734131343662739,0.003121727437246591,4.206e-06,0.0030133238178677857
2104,0.003284609963884577,0.0031252157932613045,0.0029291321261553094,4.208000000000001e-06,0.0030133238178677857
2105,0.0032463002135045826,0.0035924276162404567,0.0029337725427467376,4.21e-06,0.0030133238178677857
2106,0.0033274725428782403,0.0035163100401405245,0.0028657991788350046,4.2120000000000005e-06,0.0030133238178677857
2107,0.003164895548252389,0.003769509610719979,0.003130430617602542,4.214000000000001e-06,0.0030133238178677857
2108,0.0031521406199317425,0.0033555506088305265,0.0029324678180273622,4.216e-06,0.0030133238178677857
2109,0.0026876514893956482,0.003118365042610094,0.0031686690053902566,4.218e-06,0.0030133238178677857
2110,0.003226646047551185,0.0036872354976367205,0.0027949670038651675,4.22e-06,0.0030133238178677857
2111,0.003187304246239364,0.0034495230938773602,0.0031791384099051356,4.222e-06,0.0030133238178677857
2112,0.002957566233817488,0.0038860132335685194,0.00281425190041773,4.2240000000000006e-06,0.0030133238178677857
2113,0.002948546811239794,0.0032550384057685733,0.003057395399082452,4.226000000000001e-06,0.0030133238178677857
2114,0.003302679513581097,0.002952225477201864,0.0030015085358172655,4.228000000000001e-06,0.0030133238178677857
2115,0.0030260068888310343,0.0035211781796533614,0.0029788546380586922,4.23e-06,0.002952225477201864
2116,0.003138101048534736,0.003485239838482812,0.0029343458882067353,4.232e-06,0.002952225477201864
2117,0.0030974189285188913,0.0031006879289634526,0.0029361890046857297,4.2340000000000005e-06,0.002952225477201864
2118,0.003111801517661661,0.0031942322966642678,0.0028971662977710366,4.236e-06,0.002952225477201864
2119,0.0032305343775078654,0.0032209036289714277,0.002874298603273928,4.238e-06,0.002952225477201864
2120,0.003020751551957801,0.0037880534073337913,0.002736037102295086,4.24e-06,0.002952225477201864
2121,0.0032299269223585725,0.003311655658762902,0.003318612609291449,4.242e-06,0.002952225477201864
2122,0.002856223232811317,0.004045366047648713,0.0035174280346836895,4.244e-06,0.002952225477201864
2123,0.0029713385447394103,0.003496100689517334,0.0029645336035173386,4.2460000000000005e-06,0.002952225477201864
2124,0.0029046479030512273,0.003394821716938168,0.003174960642354563,4.248000000000001e-06,0.002952225477201864
2125,0.0030157099827192724,0.0036012958153150976,0.003266978746978566,4.25e-06,0.002952225477201864
2126,0.0031243707053363323,0.003085418895352632,0.003454664722084999,4.252e-06,0.002952225477201864
2127,0.0031462315237149596,0.0030692681903019547,0.002603657456347719,4.254e-06,0.002952225477201864
2128,0.0031273914501070976,0.0036231329140719026,0.0032097043294925243,4.256e-06,0.002952225477201864
2129,0.003160043794196099,0.003819916251813993,0.002928767236880958,4.2580000000000006e-06,0.002952225477201864
2130,0.0031050906982272863,0.0033051595673896372,0.002753273700363934,4.260000000000001e-06,0.002952225477201864
2131,0.00325270724715665,0.0031131150608416647,0.002223459232482128,4.262000000000001e-06,0.002952225477201864
2132,0.003347288555232808,0.002752839311142452,0.0030860156111884862,4.264e-06,0.002952225477201864
2133,0.0032524647540412843,0.0033092643425334245,0.002947223576484248,4.266e-06,0.002752839311142452
2134,0.003122005145996809,0.0034228849690407515,0.002962920756544918,4.2680000000000005e-06,0.002752839311142452
2135,0.003159213316394016,0.003314651024993509,0.0026625198661349714,4.27e-06,0.002752839311142452
2136,0.0033709951967466623,0.00319535456947051,0.003066765726543963,4.272e-06,0.002752839311142452
2137,0.0031079718028195202,0.0034625523258000612,0.003362190385814756,4.274e-06,0.002752839311142452
2138,0.0029121660045348108,0.003463594155618921,0.0031967022514436394,4.276e-06,0.002752839311142452
2139,0.002949526344309561,0.0038557162624783814,0.00303441469441168,4.278e-06,0.002752839311142452
2140,0.0033498952398076653,0.003308219776954502,0.0025643974950071424,4.2800000000000005e-06,0.002752839311142452
2141,0.003037491231225431,0.003535282361553982,0.0028636768111027777,4.282000000000001e-06,0.002752839311142452
2142,0.002992410067236051,0.0031996247998904437,0.002750795509200543,4.284e-06,0.002752839311142452
2143,0.003119138767942786,0.003583419427741319,0.0032131878251675516,4.286e-06,0.002752839311142452
2144,0.003052375657716766,0.00373880413826555,0.0028867311193607748,4.288e-06,0.002752839311142452
2145,0.003132212266791612,0.003160710650263354,0.003003077203175053,4.2900000000000004e-06,0.002752839311142452
2146,0.003177019563736394,0.0032272686948999763,0.0026508297014515847,4.292000000000001e-06,0.002752839311142452
2147,0.003204839158570394,0.003086033451836556,0.0029503290134016424,4.294000000000001e-06,0.002752839311142452
2148,0.003109876677626744,0.0032033199968282133,0.002814603125443682,4.296000000000001e-06,0.002752839311142452
2149,0.003126747003989294,0.004085860651684925,0.0031387631315737963,4.298e-06,0.002752839311142452
2150,0.003179081599228084,0.003479100560070947,0.0032750035461504012,4.3e-06,0.002752839311142452
2151,0.003165716538205743,0.002927296358393505,0.002829773584380746,4.3020000000000005e-06,0.002752839311142452
2152,0.0029969403403811157,0.0035472331510391086,0.003383017727173865,4.304e-06,0.002752839311142452
2153,0.003099457564530894,0.003201369836460799,0.0028650489693973213,4.306e-06,0.002752839311142452
2154,0.0031664496345911175,0.0032589929178357124,0.0032824674854055047,4.308e-06,0.002752839311142452
2155,0.0033011432678904384,0.0033419766114093363,0.00282099173637107,4.31e-06,0.002752839311142452
2156,0.0030697360925842077,0.0033011146588250995,0.002616120153106749,4.312e-06,0.002752839311142452
2157,0.0031648145522922277,0.0032024008396547288,0.0027259565540589392,4.3140000000000005e-06,0.002752839311142452
2158,0.003333691623993218,0.0035686917835846543,0.0028102061769459397,4.316000000000001e-06,0.002752839311142452
2159,0.0031591795559506863,0.0035039580252487212,0.003235779149690643,4.318e-06,0.002752839311142452
2160,0.0033857750531751662,0.003564714454114437,0.0029985290311742574,4.32e-06,0.002752839311142452
2161,0.0030140658491291106,0.0030758178181713447,0.0027538231224752963,4.322e-06,0.002752839311142452
2162,0.0031437893048860133,0.0036001123662572354,0.003098635614151135,4.3240000000000004e-06,0.002752839311142452
2163,0.0033164016786031425,0.0029117564554326236,0.0026639465504558757,4.326000000000001e-06,0.002752839311142452
2164,0.003269039298174903,0.0032820391934365034,0.0027701258222805336,4.328000000000001e-06,0.002752839311142452
2165,0.0030200215405784547,0.0031153666495811194,0.00273614953039214,4.330000000000001e-06,0.002752839311142452
2166,0.003277895040810108,0.0031765982566867024,0.0028805917827412486,4.332e-06,0.002752839311142452
2167,0.003277183946920559,0.003307291801320389,0.0025787156773731112,4.334e-06,0.002752839311142452
2168,0.002685792278498411,0.0035263093595858663,0.0028764685266651213,4.3360000000000005e-06,0.002752839311142452
2169,0.002938692254247144,0.003281374869402498,0.0028631313471123576,4.338e-06,0.002752839311142452
2170,0.003049703489523381,0.003408565215067938,0.0026818142214324325,4.34e-06,0.002752839311142452
2171,0.002899425628129393,0.0031973008008208126,0.0030142266186885536,4.342e-06,0.002752839311142452
2172,0.00306289381114766,0.0033220356126548722,0.002745774923823774,4.344e-06,0.002752839311142452
2173,0.00313450102112256,0.0031279931718017906,0.003169139410601929,4.346e-06,0.002752839311142452
2174,0.0028422879986464977,0.0034204386174678802,0.0027783633850049227,4.3480000000000006e-06,0.002752839311142452
2175,0.0028016100404784083,0.0034353064256720245,0.002731893095187843,4.350000000000001e-06,0.002752839311142452
2176,0.0031374339887406677,0.0032226358307525516,0.0030652591958642006,4.352e-06,0.002752839311142452
2177,0.0031292428611777723,0.0031258164963219315,0.00267205253476277,4.354e-06,0.002752839311142452
2178,0.00303503533359617,0.0031830075022298843,0.0027998317091260105,4.356e-06,0.002752839311142452
2179,0.003107955097220838,0.003291619970696047,0.003410392382647842,4.3580000000000005e-06,0.002752839311142452
2180,0.0032223798043560237,0.0029261305753607303,0.002912088588345796,4.360000000000001e-06,0.002752839311142452
2181,0.0028911450935993344,0.0032891101436689496,0.0026706642092904076,4.362000000000001e-06,0.002752839311142452
2182,0.003123831906123087,0.002931563794845715,0.0027139984886161983,4.364000000000001e-06,0.002752839311142452
2183,0.003106767951976508,0.003283004043623805,0.002677473850781098,4.366e-06,0.002752839311142452
2184,0.003264924860559404,0.002909252332756296,0.0026129283505724743,4.368e-06,0.002752839311142452
2185,0.002987093757838011,0.003040838200831786,0.0028511579585028812,4.3700000000000005e-06,0.002752839311142452
2186,0.0030096076370682567,0.003245061176130548,0.0026393708103569224,4.372e-06,0.002752839311142452
2187,0.0031901011243462563,0.0033596118446439505,0.003097809763858095,4.374e-06,0.002752839311142452
2188,0.003023665864020586,0.0030190598336048424,0.0026842938095796853,4.376e-06,0.002752839311142452
2189,0.0031339494744315743,0.0031788896885700524,0.003094330691965297,4.378e-06,0.002752839311142452
2190,0.0031121694191824645,0.003081133560044691,0.0028026462241541594,4.38e-06,0.002752839311142452
2191,0.003163319604936987,0.0031176391057670116,0.002787765857647173,4.3820000000000006e-06,0.002752839311142452
2192,0.0031383852183353156,0.0033237503084819764,0.0029559353133663535,4.384000000000001e-06,0.002752839311142452
2193,0.002804955904139206,0.0033409630123060197,0.0028160096262581646,4.386e-06,0.002752839311142452
2194,0.0031915522704366595,0.0033541144512128085,0.0027802366530522704,4.388e-06,0.002752839311142452
2195,0.0031225288403220475,0.002939114288892597,0.002948301989817992,4.39e-06,0.002752839311142452
2196,0.002764090080745518,0.0032149186299648136,0.00303667935077101,4.3920000000000005e-06,0.002752839311142452
2197,0.002808138699037954,0.0035363617935217917,0.003070824866881594,4.394000000000001e-06,0.002752839311142452
2198,0.003125912247924134,0.003078930516494438,0.0031340033165179193,4.396000000000001e-06,0.002752839311142452
2199,0.003120961249805987,0.002737205766607076,0.0027152413967996836,4.398000000000001e-06,0.002752839311142452
2200,0.003004164987942204,0.0029626083851326257,0.002767660334939137,4.4e-06,0.002737205766607076
2201,0.003123122325632721,0.0027767877181759104,0.0027785724232671782,4.402e-06,0.002737205766607076
2202,0.003048839309485629,0.002624737739097327,0.0025651947362348437,4.4040000000000005e-06,0.002737205766607076
2203,0.00330265611410141,0.002841056906618178,0.0023640878207515925,4.406e-06,0.002624737739097327
2204,0.002698327647522092,0.003534830000717193,0.0026005794934462756,4.408e-06,0.002624737739097327
2205,0.003092075960012153,0.003146247152471915,0.00285208280547522,4.41e-06,0.002624737739097327
2206,0.0027753415342886,0.002914722339482978,0.0028464306087698787,4.412e-06,0.002624737739097327
2207,0.0030196441512089223,0.0031238170922733843,0.0028441283211577684,4.4140000000000004e-06,0.002624737739097327
2208,0.0026014200993813574,0.0031977239705156535,0.002901694126194343,4.416000000000001e-06,0.002624737739097327
2209,0.003072867082664743,0.003129997872747481,0.003021762298885733,4.418000000000001e-06,0.002624737739097327
2210,0.0031271515472326428,0.0033360960660502315,0.0025486577942501754,4.42e-06,0.002624737739097327
2211,0.002746456622844562,0.0030029100889805704,0.0028443018964026123,4.422e-06,0.002624737739097327
2212,0.0029388786642812192,0.0027654856676235795,0.0026425769028719515,4.424e-06,0.002624737739097327
2213,0.0029935550410300493,0.0028384894249029458,0.002979856915771961,4.4260000000000005e-06,0.002624737739097327
2214,0.003167835238855332,0.0037770292547065765,0.0028270930342841893,4.428000000000001e-06,0.002624737739097327
2215,0.003134696278721094,0.003327905054902658,0.0031748820329084992,4.430000000000001e-06,0.002624737739097327
2216,0.00288026497582905,0.003153253608616069,0.002622509404318407,4.432000000000001e-06,0.002624737739097327
2217,0.0030692662112414837,0.0027163246122654527,0.002725902129895985,4.434e-06,0.002624737739097327
2218,0.0028150084835942835,0.0028971803840249777,0.0026919515512418,4.436e-06,0.002624737739097327
2219,0.002756215923000127,0.003414956066990271,0.0023618879495188594,4.4380000000000005e-06,0.002624737739097327
2220,0.002813395403791219,0.0027039973938371986,0.0024472281511407346,4.44e-06,0.002624737739097327
2221,0.002880020852899179,0.0033326021512039006,0.0027706469991244376,4.442e-06,0.002624737739097327
2222,0.002733859291765839,0.0033958781277760863,0.0027198436146136373,4.444e-06,0.002624737739097327
2223,0.003083946678088978,0.002865986170945689,0.00273260468384251,4.446e-06,0.002624737739097327
2224,0.003096405213000253,0.0036897755635436624,0.0028509421972557902,4.4480000000000004e-06,0.002624737739097327
2225,0.0031056574953254312,0.0031395918340422213,0.0027367569564376026,4.450000000000001e-06,0.002624737739097327
2226,0.0028363134479150176,0.0028057587624061853,0.0023979348479770124,4.452000000000001e-06,0.002624737739097327
2227,0.0025925258378265426,0.0031633758917450905,0.0030844710709061474,4.454e-06,0.002624737739097327
2228,0.0029763284837827086,0.0032583787105977535,0.0032536163926124573,4.456e-06,0.002624737739097327
2229,0.0029717640136368573,0.003600869997171685,0.0027641273918561637,4.458e-06,0.002624737739097327
2230,0.0027348386065568775,0.0029209587955847383,0.0028665834688581526,4.4600000000000005e-06,0.002624737739097327
2231,0.0031788723426871,0.0032250413205474615,0.0028287673922022805,4.462000000000001e-06,0.002624737739097327
2232,0.0029278194124344736,0.00284765986725688,0.0028175700281281024,4.464000000000001e-06,0.002624737739097327
2233,0.003044665965717286,0.003064425603952259,0.002929337468231097,4.466000000000001e-06,0.002624737739097327
2234,0.0029805545636918396,0.0032165770535357296,0.002371642563957721,4.468e-06,0.002624737739097327
2235,0.0029883701354265213,0.003208902577171102,0.00248388439649716,4.47e-06,0.002624737739097327
2236,0.002925037231761962,0.0033707685652188957,0.0026945216523017734,4.4720000000000006e-06,0.002624737739097327
2237,0.002993431204231456,0.0031392810633406043,0.002601432293886319,4.474e-06,0.002624737739097327
2238,0.003174034383846447,0.0028787532064598054,0.0028958104085177183,4.476e-06,0.002624737739097327
2239,0.0029384431545622647,0.0033395053178537637,0.00288019233266823,4.478e-06,0.002624737739097327
2240,0.002651727438205853,0.0030659411568194628,0.0028150104626547545,4.48e-06,0.002624737739097327
2241,0.0029030168952886015,0.0031002612959127873,0.00292513778549619,4.4820000000000005e-06,0.002624737739097327
2242,0.0032272192474920303,0.003058122267248109,0.0026022194942925125,4.484000000000001e-06,0.002624737739097327
2243,0.0029470746230799705,0.003020469914190471,0.0025623614783398807,4.486000000000001e-06,0.002624737739097327
2244,0.0029696296842303127,0.0031586378754582256,0.002948998677311465,4.488e-06,0.002624737739097327
2245,0.0026413084124214947,0.0030516406113747507,0.002876208774978295,4.49e-06,0.002624737739097327
2246,0.0027522551245056093,0.0028938530304003507,0.003072492661885917,4.492e-06,0.002624737739097327
2247,0.0030037138203624636,0.0026459411019459367,0.0026852079172385857,4.494e-06,0.002624737739097327
2248,0.00316879601450637,0.00287603194010444,0.003024953737622127,4.496000000000001e-06,0.002624737739097327
2249,0.003073513915296644,0.0031379603897221386,0.0028471613477449864,4.498000000000001e-06,0.002624737739097327
2250,0.0030545727640856057,0.002884339482989162,0.0025201865064445883,4.5e-06,0.002624737739097327
2251,0.003277031471952796,0.0030925197061151266,0.002625911743962206,4.502e-06,0.002624737739097327
2252,0.0030986379424575716,0.002854799880879,0.002752360684098676,4.504e-06,0.002624737739097327
2253,0.0028109784761909395,0.002788344645523466,0.002754824032308534,4.5060000000000006e-06,0.002624737739097327
2254,0.00282015377888456,0.002960095211165026,0.003008173400303349,4.508e-06,0.002624737739097327
2255,0.002985138533404097,0.0028232099721208215,0.002733695204369724,4.51e-06,0.002624737739097327
2256,0.0030902380240149796,0.0029787170060444623,0.00335554254706949,4.512e-06,0.002624737739097327
2257,0.0027905793685931712,0.003441691165789962,0.002989788190461695,4.514e-06,0.002624737739097327
2258,0.0032282533938996494,0.0029240331205073744,0.0025241300027118996,4.5160000000000005e-06,0.002624737739097327
2259,0.0031165798427537084,0.0033376823703292757,0.0026375165907666087,4.518000000000001e-06,0.002624737739097327
2260,0.0028980543720535934,0.0029336306324694306,0.0026416975597385317,4.520000000000001e-06,0.002624737739097327
2261,0.003240470396121964,0.0032252915552817285,0.0026564078871160746,4.522e-06,0.002624737739097327
2262,0.0027312871970934793,0.0030130022496450692,0.0026720348541857675,4.524e-06,0.002624737739097327
2263,0.002743898585322313,0.003111320227617398,0.0025254336796933785,4.526e-06,0.002624737739097327
2264,0.002818426670273766,0.0031685116700828075,0.0024745307746343315,4.528e-06,0.002624737739097327
2265,0.0031154310854617506,0.003277420357335359,0.0026661690790206194,4.530000000000001e-06,0.002624737739097327
2266,0.00314792653080076,0.0030599370365962386,0.0022740623098798096,4.532000000000001e-06,0.002624737739097327
2267,0.002852107980288565,0.0027752949681598693,0.0028838955622632056,4.534e-06,0.002624737739097327
2268,0.0028975046589039266,0.0032506060670129955,0.002546364878071472,4.536e-06,0.002624737739097327
2269,0.0028201191453263164,0.0027694000746123493,0.0028446374635677785,4.5380000000000004e-06,0.002624737739097327
2270,0.0029194761882536113,0.0028550636197905988,0.002677252748981118,4.540000000000001e-06,0.002624737739097327
2271,0.0029042598616797477,0.0029096096113789827,0.0029163780563976616,4.542e-06,0.002624737739097327
2272,0.00279921677429229,0.0031601611408405006,0.002540943110943772,4.544e-06,0.002624737739097327
2273,0.002876904996810481,0.0027338005311321467,0.0024946840421762317,4.546e-06,0.002624737739097327
2274,0.0030035435338504612,0.002980819932417944,0.002943189552752301,4.548e-06,0.002624737739097327
2275,0.0029684725450351834,0.003108257777057588,0.002595018391730264,4.5500000000000005e-06,0.002624737739097327
2276,0.0028727871540468186,0.002478609880199656,0.002560351829743013,4.552000000000001e-06,0.002624737739097327
2277,0.002870335039915517,0.0032933767652139068,0.00263101483869832,4.554000000000001e-06,0.002478609880199656
2278,0.0029299717280082405,0.003088371071498841,0.0026723541086539626,4.556e-06,0.002478609880199656
2279,0.002885432360926643,0.0028455935535021126,0.002378192584728822,4.558e-06,0.002478609880199656
2280,0.0029802070057485253,0.002826890180585906,0.0027767650317400694,4.56e-06,0.002478609880199656
2281,0.002552856894908473,0.00296066960436292,0.0025160694494843483,4.562e-06,0.002478609880199656
2282,0.002984666614793241,0.0028513247380033135,0.0025123397062998265,4.564000000000001e-06,0.002478609880199656
2283,0.002842125264578499,0.0028176914202049375,0.0024071824736893177,4.566000000000001e-06,0.002478609880199656
2284,0.002802906616125256,0.003185217938153073,0.0026473079051356763,4.568e-06,0.002478609880199656
2285,0.003013160720001906,0.0026437621272634715,0.002177335220039822,4.57e-06,0.002478609880199656
2286,0.0028111001302022487,0.002651033690199256,0.002609529285109602,4.5720000000000004e-06,0.002478609880199656
2287,0.0030033353250473738,0.002986853156471625,0.002605404908536002,4.574000000000001e-06,0.002478609880199656
2288,0.0026675790431909263,0.002956784868729301,0.002396942290943116,4.576e-06,0.002478609880199656
2289,0.0028983989905100316,0.0029510862950701267,0.002681369078345597,4.578e-06,0.002478609880199656
2290,0.0028222478285897523,0.003044476790819317,0.0023881909728515893,4.58e-06,0.002478609880199656
2291,0.0032228885393124074,0.00296038287342526,0.0024552210088586435,4.582e-06,0.002478609880199656
2292,0.003030282212421298,0.0031614699109923095,0.00225747111835517,4.5840000000000005e-06,0.002478609880199656
2293,0.0031975203310139477,0.003047323552891612,0.0029364594374783337,4.586000000000001e-06,0.002478609880199656
2294,0.002723055600654334,0.0030249238188844174,0.0025569683930370957,4.588000000000001e-06,0.002478609880199656
2295,0.002719045427511446,0.002856061269994825,0.0026987270975951105,4.59e-06,0.002478609880199656
2296,0.0031387198250740767,0.0030013850482646376,0.0027227459067944437,4.592e-06,0.002478609880199656
2297,0.0028592654853127897,0.003154182166326791,0.0026877533819060773,4.594e-06,0.002478609880199656
2298,0.002907765388954431,0.0031961483182385564,0.002625682405778207,4.596e-06,0.002478609880199656
2299,0.0031318083638325334,0.00269307590497192,0.0025696016382426023,4.598000000000001e-06,0.002478609880199656
2300,0.002784775831969455,0.0029104864806868136,0.0022041572956368327,4.600000000000001e-06,0.002478609880199656
2301,0.0028278846584726125,0.003185670851962641,0.0026210669602733105,4.602e-06,0.002478609880199656
2302,0.0026656497502699494,0.002915880031650886,0.002890835574362427,4.604e-06,0.002478609880199656
2303,0.0027903970621991903,0.003053707187063992,0.002818746943376027,4.6060000000000005e-06,0.002478609880199656
2304,0.002850162796676159,0.0027582498150877655,0.002420667195110582,4.608000000000001e-06,0.002478609880199656
2305,0.0032403749355580658,0.0030541923188138753,0.002483014963218011,4.61e-06,0.002478609880199656
2306,0.0028581215301528573,0.0025778698618523777,0.0023918579681776464,4.612e-06,0.002478609880199656
2307,0.002817249478539452,0.0029140477417968214,0.002673389739356935,4.614e-06,0.002478609880199656
2308,0.0028719638648908585,0.002632395859109238,0.002241286216303706,4.616e-06,0.002478609880199656
2309,0.00312377285445109,0.0026385800447314978,0.002316436293767765,4.6180000000000005e-06,0.002478609880199656
2310,0.0027759529184550047,0.00296079387771897,0.002890383781050332,4.620000000000001e-06,0.002478609880199656
2311,0.003084933094214648,0.0028463269118219614,0.0023157469840953127,4.622000000000001e-06,0.002478609880199656
2312,0.0027982374595012516,0.0031330686470028013,0.002440119889797643,4.624e-06,0.002478609880199656
2313,0.0026289799716323614,0.0023413463350152597,0.0026008511194959283,4.626e-06,0.002478609880199656
2314,0.0030888660985510796,0.0029768083477392793,0.0025413486582692713,4.628e-06,0.0023413463350152597
2315,0.0027312722231727093,0.0027159102319274098,0.00260029811761342,4.63e-06,0.0023413463350152597
2316,0.0030894398514647037,0.0026473169855307788,0.0021148386877030134,4.632000000000001e-06,0.0023413463350152597
2317,0.0028175092302262783,0.0027901447319891304,0.0025234341446775943,4.634000000000001e-06,0.0023413463350152597
2318,0.0029439126374199986,0.002791210834402591,0.0023832551087252796,4.636e-06,0.0023413463350152597
2319,0.002987376821693033,0.003111623227596283,0.0023951964685693383,4.638e-06,0.0023413463350152597
2320,0.0031130940187722445,0.0031612754974048585,0.0028913693531649187,4.6400000000000005e-06,0.0023413463350152597
2321,0.0026613132504280657,0.0031836213311180472,0.002751757303485647,4.642000000000001e-06,0.0023413463350152597
2322,0.002796819113427773,0.0028700465918518603,0.002429245534585789,4.644e-06,0.0023413463350152597
2323,0.002880535408621654,0.0030274937744252384,0.0026727079530246556,4.646e-06,0.0023413463350152597
2324,0.003138914529699832,0.002959837729576975,0.002653055766131729,4.648e-06,0.0023413463350152597
2325,0.002671166614163667,0.002847683324944228,0.0024252980947494507,4.65e-06,0.0023413463350152597
2326,0.002701575809624046,0.0027285341930110008,0.002818574314005673,4.6520000000000005e-06,0.0023413463350152597
2327,0.0027549982769414783,0.0027396703080739826,0.0025675466749817133,4.654000000000001e-06,0.0023413463350152597
2328,0.002648576599312946,0.0028919586911797523,0.0027782694378402084,4.656000000000001e-06,0.0023413463350152597
2329,0.002857145154848695,0.0026296849973732606,0.00284610093513038,4.658e-06,0.0023413463350152597
2330,0.00293933050124906,0.0027355797064956278,0.002375560565269552,4.66e-06,0.0023413463350152597
2331,0.0027415954682510346,0.0026804732624441385,0.0024951962986961007,4.6620000000000004e-06,0.0023413463350152597
2332,0.002913196716690436,0.002770630526356399,0.002479191360180266,4.664e-06,0.0023413463350152597
2333,0.0026204393652733415,0.002506005665054545,0.002643478976096958,4.666000000000001e-06,0.0023413463350152597
2334,0.0028364692989271134,0.003001704317284748,0.0024736149061936885,4.668000000000001e-06,0.0023413463350152597
2335,0.0027074000681750476,0.0029080661188345402,0.002621486215502955,4.67e-06,0.0023413463350152597
2336,0.0028816007543355227,0.0027042130823247135,0.002528110082494095,4.672e-06,0.0023413463350152597
2337,0.00269437039969489,0.0030337382631842047,0.0025977863697335124,4.6740000000000005e-06,0.0023413463350152597
2338,0.0026505756832193583,0.0029055898485239595,0.00278338958742097,4.676000000000001e-06,0.0023413463350152597
2339,0.0027330520388204604,0.0027829531754832715,0.0026103068375959992,4.678e-06,0.0023413463350152597
2340,0.002687486179638654,0.003224405343644321,0.0027959473081864417,4.68e-06,0.0023413463350152597
2341,0.0029497201612684876,0.0027926448674406856,0.0023311715049203485,4.682e-06,0.0023413463350152597
2342,0.0029745062347501516,0.00275912691722624,0.0026064446719828993,4.684e-06,0.0023413463350152597
2343,0.0027351852040737867,0.002941162936622277,0.002500842194422148,4.6860000000000005e-06,0.0023413463350152597
2344,0.0029108641028869897,0.0024015532253542915,0.0023614075616933405,4.688000000000001e-06,0.0023413463350152597
2345,0.003203692933311686,0.0028805980982724577,0.0024109198711812496,4.690000000000001e-06,0.0023413463350152597
2346,0.0026124331052415073,0.0029889119614381343,0.0024442610156256706,4.692e-06,0.0023413463350152597
2347,0.002970486690173857,0.002682081249076873,0.0025954844313673675,4.694e-06,0.0023413463350152597
2348,0.002500768838217482,0.003031277097761631,0.0025199833908118308,4.6960000000000004e-06,0.0023413463350152597
2349,0.0027159538585692644,0.0029551989282481372,0.0024839157122187316,4.698e-06,0.0023413463350152597
2350,0.0028008081135340035,0.0029601068672491238,0.0025065515656024218,4.700000000000001e-06,0.0023413463350152597
2351,0.0029027121781837195,0.0029884155665058643,0.0024804765707813203,4.702000000000001e-06,0.0023413463350152597
2352,0.003092160011874512,0.002887544862460345,0.0027980195300187916,4.704e-06,0.0023413463350152597
2353,0.0031000314047560096,0.0029818210750818253,0.0024831410555634648,4.706e-06,0.0023413463350152597
2354,0.0027164485945831984,0.0028873961709905416,0.002289376890985295,4.7080000000000005e-06,0.0023413463350152597
2355,0.0030848823225824162,0.002825589821441099,0.002348182024434209,4.710000000000001e-06,0.0023413463350152597
2356,0.0028301792626734823,0.0027665917004924268,0.0024555955606047064,4.712e-06,0.0023413463350152597
2357,0.0028491211123764515,0.0025711882044561207,0.002211080602137372,4.714e-06,0.0023413463350152597
2358,0.002686649822862819,0.0025713855284266174,0.0026008012355305254,4.716e-06,0.0023413463350152597
2359,0.0026460801454959437,0.002880667394492775,0.002491172286681831,4.718e-06,0.0023413463350152597
2360,0.002667067659785971,0.0030533217650372535,0.002746294339885935,4.7200000000000005e-06,0.0023413463350152597
2361,0.0028828305075876415,0.002978561824420467,0.002419572352664545,4.722000000000001e-06,0.0023413463350152597
2362,0.003347299061715603,0.002838004205841571,0.002044025168288499,4.724e-06,0.0023413463350152597
2363,0.002997016184963286,0.002645708475029096,0.0024234549928223714,4.726e-06,0.0023413463350152597
2364,0.002861612883862108,0.0029534179775509983,0.0028035441937390715,4.728e-06,0.0023413463350152597
2365,0.002531111880671233,0.0029434460448101163,0.0025020369212143123,4.7300000000000005e-06,0.0023413463350152597
2366,0.0030265118984971195,0.0030307764827739447,0.002397322648903355,4.732e-06,0.0023413463350152597
2367,0.002978051867103204,0.0026736813597381115,0.0025529254926368594,4.734000000000001e-06,0.0023413463350152597
2368,0.0027619932225206867,0.0027731381997000426,0.002635787765029818,4.736000000000001e-06,0.0023413463350152597
2369,0.0026885666011366993,0.0027073434903286397,0.0025241278781322762,4.738e-06,0.0023413463350152597
2370,0.0026141473499592394,0.0026387402322143316,0.002935870084911585,4.74e-06,0.0023413463350152597
2371,0.0029552088235504925,0.002847176743671298,0.002922719344496727,4.7420000000000005e-06,0.0023413463350152597
2372,0.002626716363010928,0.0025411514507140964,0.002335053461138159,4.744000000000001e-06,0.0023413463350152597
2373,0.0026110692124348134,0.0029097251826897264,0.002327699025045149,4.746e-06,0.0023413463350152597
2374,0.0026625164900906384,0.00299329063273035,0.0025003362097777426,4.748e-06,0.0023413463350152597
2375,0.0029748072556685656,0.0023233557876665145,0.0023770928237354383,4.75e-06,0.0023413463350152597
2376,0.002518852154025808,0.0029181422432884574,0.0024424780276603997,4.752e-06,0.0023233557876665145
2377,0.0028482064371928573,0.0028272639610804617,0.002333428419660777,4.7540000000000006e-06,0.0023233557876665145
2378,0.002743666700553149,0.0027879528352059424,0.0021919024584349245,4.756000000000001e-06,0.0023233557876665145
2379,0.0028524510707939044,0.002833069025655277,0.0021333481709007174,4.758e-06,0.0023233557876665145
2380,0.0027477239491418004,0.002855152531992644,0.0023638466227566823,4.76e-06,0.0023233557876665145
2381,0.002909295028075576,0.0026422477676533163,0.002327734517166391,4.762e-06,0.0023233557876665145
2382,0.0027980349550489336,0.0027964467008132488,0.002549661003286019,4.7640000000000005e-06,0.0023233557876665145
2383,0.0028021290490869433,0.002875564037822187,0.002492106446879916,4.766e-06,0.0023233557876665145
2384,0.002964952087495476,0.002558693493483588,0.00233609409769997,4.768000000000001e-06,0.0023233557876665145
2385,0.0032385835656896234,0.002821499772835523,0.002336967780138366,4.770000000000001e-06,0.0023233557876665145
2386,0.0029876831686124206,0.002646706605446525,0.002699327014852315,4.772e-06,0.0023233557876665145
2387,0.0027961947780568153,0.002460728632286191,0.0027058469131588936,4.774e-06,0.0023233557876665145
2388,0.003071228275075555,0.00275991516537033,0.0026015086623374373,4.7760000000000005e-06,0.0023233557876665145
2389,0.0026034572219941765,0.0028873849369119853,0.0023853996099205688,4.778000000000001e-06,0.0023233557876665145
2390,0.0026291458925697953,0.002513514511520043,0.002336481149541214,4.78e-06,0.0023233557876665145
2391,0.002716676448471844,0.002676116331713274,0.0023981005215318874,4.782e-06,0.0023233557876665145
2392,0.0028995921020396054,0.0030354130431078374,0.0025113832962233573,4.784e-06,0.0023233557876665145
2393,0.002659338730154559,0.00268363076611422,0.0025257563102059066,4.7860000000000004e-06,0.0023233557876665145
2394,0.0025240687537007034,0.003081915609072894,0.002422598176053725,4.7880000000000006e-06,0.0023233557876665145
2395,0.0027930060168728232,0.0029026575793977827,0.002634322241647169,4.790000000000001e-06,0.0023233557876665145
2396,0.0027050990611314774,0.00278540127328597,0.0021296843187883496,4.792e-06,0.0023233557876665145
2397,0.002582414192147553,0.0026273243129253387,0.0023417218326358125,4.794e-06,0.0023233557876665145
2398,0.002791990409605205,0.0028393314278218895,0.0023675630072830245,4.796e-06,0.0023233557876665145
2399,0.00308544936706312,0.0024757201317697763,0.0023833828745409846,4.7980000000000005e-06,0.0023233557876665145
2400,0.0029042833484709263,0.0027750142326112837,0.0021079873258713633,4.8e-06,0.0023233557876665145
2401,0.00272801480605267,0.0030054737580940127,0.0023826926480978727,4.802000000000001e-06,0.0023233557876665145
2402,0.002801658964017406,0.002654910960700363,0.002344180044019595,4.804000000000001e-06,0.0023233557876665145
2403,0.0026971332263201475,0.0029004961834289134,0.002202949966886081,4.806e-06,0.0023233557876665145
2404,0.0026571191265247762,0.0027575616259127855,0.002568322772276588,4.808e-06,0.0023233557876665145
2405,0.002774526859866455,0.002673953102203086,0.002425511775072664,4.8100000000000005e-06,0.0023233557876665145
2406,0.0027206841623410583,0.002541856898460537,0.0023237544955918565,4.812000000000001e-06,0.0023233557876665145
2407,0.0027543088945094496,0.002983447950100526,0.0021273146267049015,4.814e-06,0.0023233557876665145
2408,0.0028298886318225414,0.003017912124050781,0.0024913355882745236,4.816e-06,0.0023233557876665145
2409,0.0025769367784960195,0.002932739182142541,0.002691789879463613,4.818e-06,0.0023233557876665145
2410,0.0027051961660617962,0.00310065335361287,0.0023521198600064963,4.8200000000000004e-06,0.0023233557876665145
2411,0.002526270196540281,0.002601440515718423,0.0024559375015087426,4.822000000000001e-06,0.0023233557876665145
2412,0.0026136179512832314,0.0026988008175976574,0.0024307796848006546,4.824000000000001e-06,0.0023233557876665145
2413,0.0027392657939344645,0.0030219551699701697,0.002104953266098164,4.826e-06,0.0023233557876665145
2414,0.002795277803670615,0.002551839454099536,0.002315625242772512,4.828e-06,0.0023233557876665145
2415,0.002916987461503595,0.002941553568234667,0.0021913334785494953,4.83e-06,0.0023233557876665145
2416,0.0026988422905560583,0.002681323647266254,0.0025707682798383757,4.8320000000000005e-06,0.0023233557876665145
2417,0.002559060842031613,0.0026138517423532903,0.0020593187655322254,4.834e-06,0.0023233557876665145
2418,0.0026490570162422955,0.002782909170491621,0.0023598759580636397,4.836000000000001e-06,0.0023233557876665145
2419,0.002797580062178895,0.0026752782869152725,0.0026999902038369328,4.838000000000001e-06,0.0023233557876665145
2420,0.0030314644100144506,0.00214130780659616,0.0021066788613097742,4.84e-06,0.0023233557876665145
2421,0.003046341356821358,0.002651280869031325,0.0019708539621206,4.842e-06,0.00214130780659616
2422,0.0026836566103156656,0.0031574440363328904,0.0025269507168559358,4.8440000000000005e-06,0.00214130780659616
2423,0.00296981557039544,0.0025898379972204566,0.0023077317455317825,4.846000000000001e-06,0.00214130780659616
2424,0.0027631286648102105,0.0026092428306583315,0.0022909780527697876,4.848e-06,0.00214130780659616
2425,0.0027783587283920497,0.0028443624905776232,0.002036511228652671,4.85e-06,0.00214130780659616
2426,0.0027105065528303385,0.0027347671857569367,0.0023794153676135466,4.852e-06,0.00214130780659616
2427,0.002760442061116919,0.00267541068024002,0.0024257627519546077,4.8540000000000005e-06,0.00214130780659616
2428,0.002798464644001797,0.002477301095495932,0.0024218359030783176,4.856000000000001e-06,0.00214130780659616
2429,0.0024924402678152546,0.002968130342196673,0.0024419854016741738,4.858000000000001e-06,0.00214130780659616
2430,0.0028346879698801786,0.002672882634215057,0.002410290529951453,4.86e-06,0.00214130780659616
2431,0.0029009196732658893,0.002393449060036801,0.002545786410337314,4.862e-06,0.00214130780659616
2432,0.0026605556049617007,0.002721610915614292,0.002315535268280655,4.864e-06,0.00214130780659616
2433,0.002604321576654911,0.0027818954113172367,0.002658082463312894,4.8660000000000005e-06,0.00214130780659616
2434,0.0027431133785285056,0.0024197201419156045,0.0021870541386306286,4.868e-06,0.00214130780659616
2435,0.0028844730695709586,0.0028761183784808964,0.002670129935722798,4.870000000000001e-06,0.00214130780659616
2436,0.0027885313611477613,0.002733896573772654,0.0024462380970362574,4.872000000000001e-06,0.00214130780659616
2437,0.0026905776758212596,0.0024535391567042097,0.0022591991582885385,4.874e-06,0.00214130780659616
2438,0.0026666046178434044,0.0027441250858828425,0.0022166233538882807,4.876e-06,0.00214130780659616
2439,0.002736769733019173,0.002634579679579474,0.0024242436920758337,4.8780000000000006e-06,0.00214130780659616
2440,0.0028058226744178683,0.002875685488106683,0.0022223396372282878,4.880000000000001e-06,0.00214130780659616
2441,0.0027237238828092813,0.0027353481273166835,0.0023391466529574245,4.882e-06,0.00214130780659616
2442,0.0026230983494315296,0.0030729399586562067,0.002530353842303157,4.884e-06,0.00214130780659616
2443,0.002981466823257506,0.0026911874301731586,0.002488107740646228,4.886e-06,0.00214130780659616
2444,0.0027889188786502928,0.002740869967965409,0.0022796289704274386,4.8880000000000005e-06,0.00214130780659616
2445,0.002708678657654673,0.0025845185882644728,0.002193280670326203,4.890000000000001e-06,0.00214130780659616
2446,0.0028219899104442447,0.002922489045886323,0.0021228380646789446,4.892000000000001e-06,0.00214130780659616
2447,0.0025634697230998427,0.002491958497557789,0.002130424531060271,4.894e-06,0.00214130780659616
2448,0.0026599941484164447,0.0028769932978320867,0.0027186759107280523,4.896e-06,0.00214130780659616
2449,0.002572540077380836,0.0029577851528301835,0.0024988389923237264,4.898e-06,0.00214130780659616
2450,0.002609315313748084,0.0027760856319218874,0.0026049881853396073,4.9000000000000005e-06,0.00214130780659616
2451,0.002822747133905068,0.002642789244418964,0.0025272209313698113,4.902e-06,0.00214130780659616
2452,0.002396262076217681,0.0027223690267419443,0.0022812818933743984,4.904000000000001e-06,0.00214130780659616
2453,0.002532120095565915,0.0028527433169074357,0.002305734102264978,4.906000000000001e-06,0.00214130780659616
2454,0.002454578861943446,0.0028441854810807854,0.0023121709673432633,4.908e-06,0.00214130780659616
2455,0.002566896262578666,0.002631575975101441,0.002294864156283438,4.9100000000000004e-06,0.00214130780659616
2456,0.002818941429723054,0.002615205739857629,0.0025460844626650214,4.9120000000000006e-06,0.00214130780659616
2457,0.0024248583358712494,0.0029294246633071452,0.002334854143555276,4.914000000000001e-06,0.00214130780659616
2458,0.0024179446627385914,0.002837152685970068,0.0022835774871055037,4.916e-06,0.00214130780659616
2459,0.00293248106027022,0.0025512071151752025,0.0024950158112915233,4.918e-06,0.00214130780659616
2460,0.0027874932275153697,0.0026818655896931887,0.0021613915014313534,4.92e-06,0.00214130780659616
2461,0.0025411674432689324,0.0029047343268757686,0.002406787796644494,4.9220000000000005e-06,0.00214130780659616
2462,0.0028055921429768205,0.0026683509204303846,0.0023649843933526427,4.924000000000001e-06,0.00214130780659616
2463,0.0026795605081133544,0.002468934006174095,0.0026424548705108464,4.926000000000001e-06,0.00214130780659616
2464,0.002683251950656995,0.0027149731758981943,0.0024888532934710383,4.928e-06,0.00214130780659616
2465,0.0026294020644854754,0.0028394146356731653,0.0021426539169624448,4.93e-06,0.00214130780659616
2466,0.0027736791817005724,0.0025971938739530742,0.002267082396429032,4.932e-06,0.00214130780659616
2467,0.0027270802238490433,0.0027331951132509857,0.0024023324804147705,4.9340000000000005e-06,0.00214130780659616
2468,0.0024012548092287034,0.0024296033661812544,0.002172160180634819,4.936e-06,0.00214130780659616
2469,0.0027128955407533795,0.002477478687069379,0.002362753468332812,4.938000000000001e-06,0.00214130780659616
2470,0.002539164968766272,0.002650030597578734,0.002608811715617776,4.940000000000001e-06,0.00214130780659616
2471,0.0027663393993861973,0.002789915248285979,0.0022783126623835415,4.942e-06,0.00214130780659616
2472,0.002533999882871285,0.0022333962842822075,0.00225116235378664,4.9440000000000004e-06,0.00214130780659616
2473,0.0024466990143992007,0.0024382958508795127,0.002191036197473295,4.946000000000001e-06,0.00214130780659616
2474,0.003119411558145657,0.002672855043783784,0.0022407518117688596,4.948000000000001e-06,0.00214130780659616
2475,0.0026623026496963575,0.002554598468123004,0.0020581235003191978,4.95e-06,0.00214130780659616
2476,0.002902634791098535,0.0025706294691190124,0.0019937687611673027,4.952e-06,0.00214130780659616
2477,0.0024767860013525933,0.0026369233964942396,0.002467978309141472,4.954e-06,0.00214130780659616
2478,0.0028422603791113943,0.003050563536817208,0.0022786189074395224,4.9560000000000005e-06,0.00214130780659616
2479,0.0028810757503379136,0.0029117540107108653,0.002574749320046976,4.958000000000001e-06,0.00214130780659616
2480,0.002629729511681944,0.0028969393169973046,0.002191323001170531,4.960000000000001e-06,0.00214130780659616
2481,0.002613657430629246,0.002997682662680745,0.0026599337434163317,4.962e-06,0.00214130780659616
2482,0.0025979849160648882,0.0028594190371222794,0.002283618683577515,4.964e-06,0.00214130780659616
2483,0.0026590998168103397,0.002536145781050436,0.0022269114415394142,4.966e-06,0.00214130780659616
2484,0.002864915586542338,0.0025479436153545976,0.0022008322994224727,4.9680000000000005e-06,0.00214130780659616
2485,0.0027406836161389947,0.002372649061726406,0.002169474566471763,4.97e-06,0.00214130780659616
2486,0.002437929724692367,0.0032876978220883757,0.0023779445909895003,4.972000000000001e-06,0.00214130780659616
2487,0.002963066886877641,0.0023548501631012186,0.0025447134394198656,4.974000000000001e-06,0.00214130780659616
2488,0.002770057471934706,0.002496557601261884,0.0024621475604362786,4.976e-06,0.00214130780659616
2489,0.0025995808391598985,0.002575613936642185,0.002637747224071063,4.9780000000000005e-06,0.00214130780659616
2490,0.0023931667383294553,0.002801884838845581,0.0022351053485181183,4.980000000000001e-06,0.00214130780659616
2491,0.0024838669487508014,0.002581436710897833,0.0020864230900770053,4.982e-06,0.00214130780659616
2492,0.002389502653386444,0.0026499442174099386,0.0021807559824083,4.984e-06,0.00214130780659616
2493,0.0028205415001139045,0.0028977199108339846,0.0025328303745482117,4.986e-06,0.00214130780659616
2494,0.002521672082366422,0.0026805933302966878,0.0021377343364292756,4.988e-06,0.00214130780659616
2495,0.002528496290324256,0.0024811432376736775,0.002513299463316798,4.9900000000000005e-06,0.00214130780659616
2496,0.0023779185576131567,0.0025349647039547563,0.0025165049883071333,4.992000000000001e-06,0.00214130780659616
2497,0.0024294566828757524,0.0026545508444542065,0.0024732624588068575,4.994000000000001e-06,0.00214130780659616
2498,0.0025758197880350053,0.0026263344625476748,0.0021723273093812168,4.996e-06,0.00214130780659616
2499,0.002368807778111659,0.0030921927536837757,0.002791835053358227,4.998e-06,0.00214130780659616
2500,0.0025242175615858287,0.002763976954156533,0.0023205203033285215,5e-06,0.00214130780659616
2501,0.002666009240783751,0.0024896742834243923,0.0021442601137096062,5.0020000000000006e-06,0.00214130780659616
2502,0.0026312259724363685,0.002749071572907269,0.002402331243501976,5.004e-06,0.00214130780659616
2503,0.0024150162062142044,0.0027598260203376412,0.002279142106999643,5.006000000000001e-06,0.00214130780659616
2504,0.002884622459532693,0.0024222697247751057,0.0022091519786044955,5.008000000000001e-06,0.00214130780659616
2505,0.002825547067914158,0.00253134555532597,0.0021249961137073115,5.01e-06,0.00214130780659616
2506,0.002576235739979893,0.0028030701214447618,0.0025593610043870285,5.0120000000000005e-06,0.00214130780659616
2507,0.0025032266130438074,0.002712283923756331,0.002205096898251213,5.014000000000001e-06,0.00214130780659616
2508,0.002643986255861819,0.0026360238261986524,0.002080572652630508,5.016e-06,0.00214130780659616
2509,0.002900229243095964,0.0027050236822105944,0.0025252537452615798,5.018e-06,0.00214130780659616
2510,0.002561683373642154,0.0027926107577513903,0.002256687599583529,5.02e-06,0.00214130780659616
2511,0.002432142966426909,0.00238319045456592,0.0024555376294301823,5.022e-06,0.00214130780659616
2512,0.0027151852555107325,0.002692973939701915,0.0023546249722130597,5.0240000000000005e-06,0.00214130780659616
2513,0.002548766467953101,0.0030747080163564533,0.0026211300282739103,5.026000000000001e-06,0.00214130780659616
2514,0.002640445251017809,0.0032628993212711066,0.0024759302323218435,5.028000000000001e-06,0.00214130780659616
2515,0.0024539536389056593,0.0026793256984092295,0.0022055840672692284,5.03e-06,0.00214130780659616
2516,0.0026577602402539924,0.002545687588280998,0.0025241320836357772,5.032e-06,0.00214130780659616
2517,0.0027120592421852052,0.002604748384328559,0.0021862890134798363,5.034e-06,0.00214130780659616
2518,0.002799277863232419,0.002464772594976239,0.002350673865294084,5.0360000000000006e-06,0.00214130780659616
2519,0.002933744603069499,0.0026261496532242745,0.002347414061659947,5.038e-06,0.00214130780659616
2520,0.0026508201844990253,0.002341073311981745,0.0019981330988230184,5.040000000000001e-06,0.00214130780659616
2521,0.0023837833723518997,0.0024377593072131276,0.002243441660539247,5.042000000000001e-06,0.00214130780659616
2522,0.002683036553207785,0.002971890673507005,0.0021392624330474064,5.044e-06,0.00214130780659616
2523,0.002605562680400908,0.002665303589310497,0.0022148200223455206,5.0460000000000005e-06,0.00214130780659616
2524,0.0025251936312997714,0.0025910828699124977,0.0026569918409222737,5.048000000000001e-06,0.00214130780659616
2525,0.0026167446485487744,0.002500079106539488,0.0025796892878133804,5.05e-06,0.00214130780659616
2526,0.0026729139499366283,0.0023109633912099525,0.002351475108298473,5.052e-06,0.00214130780659616
2527,0.0024898560805013403,0.003129967750282958,0.0021188542305026203,5.054e-06,0.00214130780659616
2528,0.00289554480696097,0.002643809304572642,0.0021433354704640806,5.056e-06,0.00214130780659616
2529,0.0027143270999658853,0.0023785170924384147,0.0022372550738509744,5.0580000000000005e-06,0.00214130780659616
2530,0.0026105752622243017,0.002667237975401804,0.002418125353869982,5.060000000000001e-06,0.00214130780659616
2531,0.0025775505346246064,0.0025624357804190367,0.0023583582078572363,5.062000000000001e-06,0.00214130780659616
2532,0.0025223890552297235,0.0026893115718849003,0.0024270876310765743,5.064e-06,0.00214130780659616
2533,0.0027977683348581195,0.0028706641169264913,0.00210603499726858,5.066e-06,0.00214130780659616
2534,0.0024581026809755713,0.0026372655120212585,0.0024312337627634406,5.0680000000000004e-06,0.00214130780659616
2535,0.0026499163504922763,0.002532868937123567,0.002081079495837912,5.070000000000001e-06,0.00214130780659616
2536,0.0025303348957095295,0.0026449493889231235,0.0022210915194591507,5.072e-06,0.00214130780659616
2537,0.0022851810790598392,0.002594522840809077,0.002356011129450053,5.074000000000001e-06,0.00214130780659616
2538,0.002357697856496088,0.0029519498930312693,0.0021899148996453732,5.076000000000001e-06,0.00214130780659616
2539,0.0024829536851029843,0.0024582777405157685,0.002396066440269351,5.078e-06,0.00214130780659616
2540,0.0028584950196091086,0.0025900802575051785,0.0023491190222557634,5.0800000000000005e-06,0.00214130780659616
2541,0.0027577831060625613,0.0027752307651098818,0.0025592272577341646,5.082000000000001e-06,0.00214130780659616
2542,0.002583832203526981,0.002660821031895466,0.001955919011379592,5.084e-06,0.00214130780659616
2543,0.002550572797190398,0.0027078674611402676,0.0022390665399143472,5.086e-06,0.00214130780659616
2544,0.002379634417593479,0.002868019219022244,0.0026094744680449367,5.088e-06,0.00214130780659616
2545,0.002738758426858112,0.0027650631964206696,0.0025480569602223113,5.09e-06,0.00214130780659616
2546,0.002776238165097311,0.002709167398279533,0.0022119523491710424,5.0920000000000005e-06,0.00214130780659616
2547,0.0027108481153845787,0.0024124445917550474,0.0021042643347755075,5.094000000000001e-06,0.00214130780659616
2548,0.002403628808679059,0.0025857476866804063,0.0023374178272206336,5.096000000000001e-06,0.00214130780659616
2549,0.002606784022646025,0.002729962157900445,0.002383510785875842,5.098e-06,0.00214130780659616
2550,0.0023907495342427865,0.002275564387673512,0.002482488955138251,5.1e-06,0.00214130780659616
2551,0.0026169205084443092,0.002485519537003711,0.002045492365141399,5.1020000000000004e-06,0.00214130780659616
2552,0.0026842267834581435,0.0029051760211586952,0.0019531484867911786,5.104000000000001e-06,0.00214130780659616
2553,0.002499786816770211,0.0030360409582499415,0.002410320026683621,5.106e-06,0.00214130780659616
2554,0.00258083498920314,0.0028941963973920792,0.002082752587739378,5.108000000000001e-06,0.00214130780659616
2555,0.002407948428299278,0.0023479025694541633,0.0021911093645030633,5.110000000000001e-06,0.00214130780659616
2556,0.002556391031248495,0.002472691354341805,0.0021359034290071577,5.112e-06,0.00214130780659616
2557,0.0025200586824212223,0.002635086129885167,0.0020873019384453073,5.1140000000000005e-06,0.00214130780659616
2558,0.002615036239149049,0.0025696960219647735,0.002384361927397549,5.116000000000001e-06,0.00214130780659616
2559,0.00242419121786952,0.002639747515786439,0.002419141586869955,5.118e-06,0.00214130780659616
2560,0.002525448377127759,0.0024573173286626115,0.0023728516389383003,5.12e-06,0.00214130780659616
2561,0.0024947170459199697,0.0025664550776127726,0.0021170236432226375,5.122e-06,0.00214130780659616
2562,0.0025781617732718587,0.002827744494425133,0.0026238326099701226,5.124e-06,0.00214130780659616
2563,0.0023851233418099582,0.0027419129910413176,0.002549945958890021,5.1260000000000006e-06,0.00214130780659616
2564,0.0022732551442459226,0.002572758196038194,0.00221638880611863,5.128000000000001e-06,0.00214130780659616
2565,0.0029345226648729295,0.002546065195929259,0.0019376812124392018,5.130000000000001e-06,0.00214130780659616
2566,0.002566569746704772,0.0021342686377465725,0.0021127395011717454,5.132e-06,0.00214130780659616
2567,0.002476969253621064,0.002263050089823082,0.002423750440357253,5.134e-06,0.0021342686377465725
2568,0.002481048897607252,0.002705576960579492,0.002291263750521466,5.1360000000000005e-06,0.0021342686377465725
2569,0.0025866429059533402,0.002866965369321406,0.0022542206570506096,5.138000000000001e-06,0.0021342686377465725
2570,0.002377137279836461,0.002759890048764646,0.002527642631321214,5.14e-06,0.0021342686377465725
2571,0.0025848487275652587,0.0022304174199234694,0.002166662670788355,5.142000000000001e-06,0.0021342686377465725
2572,0.002485710574546829,0.002448396960971877,0.002333304553758353,5.144000000000001e-06,0.0021342686377465725
2573,0.002539254506700672,0.0031026040232973173,0.0024054491659626365,5.146e-06,0.0021342686377465725
2574,0.0023345064255408943,0.002502425719285384,0.0024570210662204772,5.1480000000000005e-06,0.0021342686377465725
2575,0.0026133056526305154,0.0023675117117818445,0.0025662135012680665,5.150000000000001e-06,0.0021342686377465725
2576,0.0027989944792352617,0.002624186541652307,0.0023470341111533344,5.152e-06,0.0021342686377465725
2577,0.002763351032626815,0.002263596819830127,0.0021301419765222818,5.154e-06,0.0021342686377465725
2578,0.0023928452865220606,0.002323592343600467,0.002369932335568592,5.156e-06,0.0021342686377465725
2579,0.0027626453374978155,0.0026791918207891285,0.0023036699858494103,5.158e-06,0.0021342686377465725
2580,0.002260089953779243,0.0024902618606574833,0.002106274143443443,5.1600000000000006e-06,0.0021342686377465725
2581,0.002581266628112644,0.0026343937643105164,0.0024481926229782403,5.162000000000001e-06,0.0021342686377465725
2582,0.0024857675889506936,0.002505302836652845,0.0021890956995775923,5.164000000000001e-06,0.0021342686377465725
2583,0.0025886355724651366,0.002604490699013695,0.0022109168203314766,5.166e-06,0.0021342686377465725
2584,0.0028003796469420195,0.002515579923056066,0.002375406678766012,5.168e-06,0.0021342686377465725
2585,0.0025669036258477718,0.002502094692317769,0.00214711093576625,5.1700000000000005e-06,0.0021342686377465725
2586,0.002457698283251375,0.0029218927084002644,0.0021279316424624994,5.172000000000001e-06,0.0021342686377465725
2587,0.0029158787219785154,0.0026968772581312805,0.002368182729696855,5.174e-06,0.0021342686377465725
2588,0.002360392565606162,0.0023478134826291353,0.0024890664353733882,5.176000000000001e-06,0.0021342686377465725
2589,0.00240437887259759,0.0023990339104784653,0.0022859065065858886,5.178000000000001e-06,0.0021342686377465725
2590,0.002639282582094893,0.0024341001408174634,0.0022996452753432095,5.18e-06,0.0021342686377465725
2591,0.0023567356693092734,0.0026007414853665978,0.0019110159773845226,5.1820000000000005e-06,0.0021342686377465725
2592,0.002694939757930115,0.0024202654167311266,0.0018575637659523636,5.184000000000001e-06,0.0021342686377465725
2593,0.0025988879788201302,0.0023638034326722845,0.0021226328244665638,5.186e-06,0.0021342686377465725
2594,0.002407918989774771,0.0025903167843353003,0.002333332216949202,5.188e-06,0.0021342686377465725
2595,0.0025955990131478757,0.002587722585303709,0.0020662615133915097,5.19e-06,0.0021342686377465725
2596,0.0024386808945564553,0.0027932422526646405,0.002386881591519341,5.1920000000000004e-06,0.0021342686377465725
2597,0.0024293963506352156,0.002667160821147263,0.0022779341670684516,5.194000000000001e-06,0.0021342686377465725
2598,0.002329304945305921,0.002736385737080127,0.001874562367447652,5.196000000000001e-06,0.0021342686377465725
2599,0.002578410305432044,0.002401667967205867,0.0025405462947674096,5.198000000000001e-06,0.0021342686377465725
2600,0.0025431862159166485,0.0024253377923741937,0.0021397687814896926,5.2e-06,0.0021342686377465725
2601,0.0024441105779260397,0.002592825941974297,0.0022673631028737873,5.202e-06,0.0021342686377465725
2602,0.002434394118608907,0.0021639424812747166,0.0018778571538859978,5.2040000000000005e-06,0.0021342686377465725
2603,0.0026337284652981907,0.002509221259970218,0.0025389011134393513,5.206e-06,0.0021342686377465725
2604,0.0024866057792678475,0.0026857922348426655,0.0022413069382309914,5.208e-06,0.0021342686377465725
2605,0.0023111332120606676,0.002679617638932541,0.0020028676226502284,5.210000000000001e-06,0.0021342686377465725
2606,0.002315298785106279,0.0027745947299990803,0.0021991826070006937,5.212e-06,0.0021342686377465725
2607,0.0025255736691178754,0.002461022202624008,0.0024118522560456768,5.214e-06,0.0021342686377465725
2608,0.0026560867263469845,0.0026463130197953433,0.0024639559269417077,5.2160000000000005e-06,0.0021342686377465725
2609,0.0030368703010026366,0.0023843600938562304,0.00251267095154617,5.218000000000001e-06,0.0021342686377465725
2610,0.00251531510730274,0.0025222551776096225,0.0020945209253113717,5.22e-06,0.0021342686377465725
2611,0.0027549903315957636,0.0023003861715551466,0.002220937458332628,5.222e-06,0.0021342686377465725
2612,0.002572472410975024,0.002556702442234382,0.002122833815519698,5.224e-06,0.0021342686377465725
2613,0.002702015728573315,0.0024548894143663347,0.0021671286085620522,5.2260000000000004e-06,0.0021342686377465725
2614,0.0026919176743831486,0.0025942591310013086,0.0022680557012790814,5.228000000000001e-06,0.0021342686377465725
2615,0.002476015404681675,0.0023982029961189255,0.0024051546934060752,5.230000000000001e-06,0.0021342686377465725
2616,0.002751004241872579,0.0025065756344702095,0.0022141640511108562,5.232000000000001e-06,0.0021342686377465725
2617,0.0029124772554496303,0.002269711025292054,0.002178993512643501,5.234e-06,0.0021342686377465725
2618,0.002542500282288529,0.002701823483221233,0.002335062643396668,5.236e-06,0.0021342686377465725
2619,0.002514701132895425,0.0026333083806093782,0.002007024348131381,5.2380000000000005e-06,0.0021342686377465725
2620,0.002607068367069587,0.002527755859773606,0.002604782333946787,5.24e-06,0.0021342686377465725
2621,0.0024473199155181646,0.0023278821754502133,0.0021618225291604176,5.242e-06,0.0021342686377465725
2622,0.0024387692974414676,0.0026676858542487025,0.002327638983842917,5.244000000000001e-06,0.0021342686377465725
2623,0.00271382401115261,0.002723664714721963,0.002136752547812648,5.246e-06,0.0021342686377465725
2624,0.0026411643193569034,0.0026048605795949697,0.002191407897043973,5.248e-06,0.0021342686377465725
2625,0.0026650778017938137,0.0023426890693372115,0.0024176305014407262,5.2500000000000006e-06,0.0021342686377465725
2626,0.002355168981011957,0.0024535210395697504,0.001966653115232475,5.252000000000001e-06,0.0021342686377465725
2627,0.0025761131255421788,0.0025330068601761013,0.002187963036703877,5.254e-06,0.0021342686377465725
2628,0.0025865176576189697,0.0029237239505164325,0.0019584782858146355,5.256e-06,0.0021342686377465725
2629,0.002634716307511553,0.00256085314322263,0.002040182429482229,5.258e-06,0.0021342686377465725
2630,0.0026908859435934573,0.0024680069473106414,0.0022116292675491422,5.2600000000000005e-06,0.0021342686377465725
2631,0.002361630802624859,0.0024922216980485246,0.002160998250474222,5.262000000000001e-06,0.0021342686377465725
2632,0.002326900270418264,0.002366902495850809,0.0023466415877919644,5.264000000000001e-06,0.0021342686377465725
2633,0.0025531280844006687,0.002494132233550772,0.0020284506754251197,5.266000000000001e-06,0.0021342686377465725
2634,0.0024854993680492043,0.0025555157044436783,0.0021276279585435987,5.268e-06,0.0021342686377465725
2635,0.0027966462075710297,0.0021423156140372157,0.002058484169538133,5.27e-06,0.0021342686377465725
2636,0.002335738477995619,0.0028413043182808906,0.0022205040440894663,5.2720000000000005e-06,0.0021342686377465725
2637,0.002596005768282339,0.002337703830562532,0.002059821301372722,5.274e-06,0.0021342686377465725
2638,0.0025154344621114433,0.002548627628129907,0.0020019730873173103,5.276e-06,0.0021342686377465725
2639,0.0025638288643676788,0.002451848878990859,0.0022592481109313667,5.278000000000001e-06,0.0021342686377465725
2640,0.0026166060415562242,0.002501351584214717,0.00206409819656983,5.28e-06,0.0021342686377465725
2641,0.002502683419152163,0.0021151887922314927,0.0019242439011577517,5.282e-06,0.0021342686377465725
2642,0.0025762111181393266,0.002297158178407699,0.0021940811129752547,5.2840000000000006e-06,0.0021151887922314927
2643,0.0024359591479878873,0.002539533030358143,0.0018616545567056164,5.286000000000001e-06,0.0021151887922314927
2644,0.0024289692810270935,0.002644760490511544,0.002004684109124355,5.288e-06,0.0021151887922314927
2645,0.0023851120931794867,0.002497793670045212,0.002097478078212589,5.29e-06,0.0021151887922314927
2646,0.0024583698250353336,0.00240134954219684,0.0023288107913685963,5.292e-06,0.0021151887922314927
2647,0.0024514523975085467,0.002607704547699541,0.0019321009021950886,5.2940000000000005e-06,0.0021151887922314927
2648,0.002346419612877071,0.0021987689688103274,0.002311561329406686,5.296000000000001e-06,0.0021151887922314927
2649,0.0025081712228711694,0.002488627753336914,0.002498607005691156,5.298000000000001e-06,0.0021151887922314927
2650,0.002593893645098433,0.0023691059614066035,0.0021134491835255176,5.300000000000001e-06,0.0021151887922314927
2651,0.0022529369161929935,0.00245207262923941,0.002287489318405278,5.302e-06,0.0021151887922314927
2652,0.002506131131667644,0.0027722011727746576,0.0019635116768768057,5.304e-06,0.0021151887922314927
2653,0.0025673122727312148,0.002552635647589341,0.0020256430289009586,5.3060000000000005e-06,0.0021151887922314927
2654,0.0025866170471999794,0.0023062036925693974,0.00216271860699635,5.308e-06,0.0021151887922314927
2655,0.0027497447736095637,0.002321536318049766,0.0019579803047236055,5.31e-06,0.0021151887922314927
2656,0.0025014745187945664,0.0025216560170520097,0.0023452136520063505,5.312000000000001e-06,0.0021151887922314927
2657,0.002559172367909923,0.002473867731168866,0.002206968129030429,5.314e-06,0.0021151887922314927
2658,0.0024276261683553457,0.002577934617875144,0.002267908042995259,5.3160000000000004e-06,0.0021151887922314927
2659,0.0024585390056017786,0.0023287823278224096,0.0023596040555275977,5.318000000000001e-06,0.0021151887922314927
2660,0.00251052257954143,0.002383397993980907,0.002191134204622358,5.320000000000001e-06,0.0021151887922314927
2661,0.0024562638136558235,0.0023420419602189213,0.0023596396495122463,5.322e-06,0.0021151887922314927
2662,0.002590538118965924,0.002463274955516681,0.00236423168098554,5.324e-06,0.0021151887922314927
2663,0.0021311093005351722,0.0024542685132473707,0.00209799459844362,5.326e-06,0.0021151887922314927
2664,0.002301952743437141,0.002637250814586878,0.0021982166945235804,5.3280000000000005e-06,0.0021151887922314927
2665,0.002266524956212379,0.0024340376985492185,0.0023272476537385955,5.330000000000001e-06,0.0021151887922314927
2666,0.0025166705599986017,0.0021515607804758474,0.0021257517801132053,5.332000000000001e-06,0.0021151887922314927
2667,0.0022633373737335205,0.002200147573603317,0.0019166823622072116,5.334000000000001e-06,0.0021151887922314927
2668,0.002418445685179904,0.002551895348005928,0.0022780347208026797,5.336e-06,0.0021151887922314927
2669,0.0025469718093518168,0.0026505944260861725,0.0023004755057627335,5.338e-06,0.0021151887922314927
2670,0.0025112385919783264,0.0025539202615618706,0.0020911425963276997,5.3400000000000005e-06,0.0021151887922314927
2671,0.0023760936310281977,0.0021983909100526944,0.001905022218124941,5.342e-06,0.0021151887922314927
2672,0.0026087509468197823,0.002125815983163193,0.0022128045675344765,5.344e-06,0.0021151887922314927
2673,0.0023199060960905626,0.0026986281445715576,0.0023288640950340778,5.346000000000001e-06,0.0021151887922314927
2674,0.0022239202226046473,0.00251221566577442,0.0022824446205049753,5.348e-06,0.0021151887922314927
2675,0.002532425438403152,0.0023868418647907674,0.0020848015265073627,5.3500000000000004e-06,0.0021151887922314927
2676,0.002354738666326739,0.00263665898819454,0.0021090346126584336,5.352000000000001e-06,0.0021151887922314927
2677,0.0022060095943743363,0.0027607285737758502,0.002238835149910301,5.354000000000001e-06,0.0021151887922314927
2678,0.002339507220312953,0.0024224589724326506,0.0020938349480275065,5.356e-06,0.0021151887922314927
2679,0.0025682469713501632,0.002630611925269477,0.0020912572217639536,5.358e-06,0.0021151887922314927
2680,0.002626792876981199,0.0030780445085838437,0.0022956225438974798,5.36e-06,0.0021151887922314927
2681,0.0022926110978005454,0.0028514635923784226,0.0021139824093552306,5.3620000000000005e-06,0.0021151887922314927
2682,0.002461016396409832,0.002360067010158673,0.0021644574007950723,5.364000000000001e-06,0.0021151887922314927
2683,0.0025937050813809037,0.0025659236271167174,0.0021896630205446854,5.366000000000001e-06,0.0021151887922314927
2684,0.002219873233116232,0.00228772807167843,0.002176862020860426,5.368000000000001e-06,0.0021151887922314927
2685,0.002420421500573866,0.002122213307302445,0.002223891977337189,5.37e-06,0.0021151887922314927
2686,0.002552797377575189,0.002743187826126814,0.0019189018057659268,5.372e-06,0.0021151887922314927
2687,0.002516623731935397,0.002366534958127886,0.0020847914565820247,5.3740000000000006e-06,0.0021151887922314927
2688,0.0021887588663958013,0.0024909459898481146,0.0019045382214244455,5.376e-06,0.0021151887922314927
2689,0.0023753861314617097,0.0025081460044020787,0.0022331865184241906,5.378e-06,0.0021151887922314927
2690,0.0024509512295480818,0.002137629664503038,0.0023131263005780056,5.380000000000001e-06,0.0021151887922314927
2691,0.0025753774389158934,0.0024862028658390045,0.0019250736222602427,5.382e-06,0.0021151887922314927
2692,0.0025252460327465087,0.0022013289853930473,0.0019166650163242593,5.3840000000000005e-06,0.0021151887922314927
2693,0.002266982279252261,0.0025872611440718174,0.00238988155615516,5.386000000000001e-06,0.0021151887922314927
2694,0.0025864421913865954,0.0022632182080997154,0.0021170261898078024,5.388000000000001e-06,0.0021151887922314927
2695,0.002382678067078814,0.002481870338669978,0.0019891442643711343,5.39e-06,0.0021151887922314927
2696,0.0022448573727160692,0.0022239222598727793,0.002160592994187027,5.392e-06,0.0021151887922314927
2697,0.002651628863532096,0.0026043971301987767,0.0023642942105652764,5.394e-06,0.0021151887922314927
2698,0.0023696648713666946,0.0030386226426344365,0.0020815385942114517,5.3960000000000005e-06,0.0021151887922314927
2699,0.00244573931558989,0.0026224195025861263,0.0022873299167258665,5.398000000000001e-06,0.0021151887922314927
2700,0.0022626129939453676,0.002361380815273151,0.0022614097833866253,5.400000000000001e-06,0.0021151887922314927
2701,0.002684046921785921,0.002201483221142553,0.002247144642751664,5.402000000000001e-06,0.0021151887922314927
2702,0.0022723336587660015,0.0026836051838472486,0.0022620643430855125,5.404e-06,0.0021151887922314927
2703,0.0028178706706967205,0.0024834163632476702,0.0022271357011049986,5.406e-06,0.0021151887922314927
2704,0.0022301731223706156,0.002531860882299952,0.002046014735242352,5.4080000000000006e-06,0.0021151887922314927
2705,0.0024117155408021063,0.0027960071456618607,0.00248119595926255,5.41e-06,0.0021151887922314927
2706,0.0025773948727874085,0.0025476735463598743,0.002115882030921057,5.412e-06,0.0021151887922314927
2707,0.0023554713698104024,0.002469759463565424,0.002036815247265622,5.414000000000001e-06,0.0021151887922314927
2708,0.0023244489566423,0.002569664764450863,0.0021728252177126706,5.416e-06,0.0021151887922314927
2709,0.002337232988793403,0.0026621532160788774,0.00197379152814392,5.4180000000000005e-06,0.0021151887922314927
2710,0.0027917840925510973,0.0025687938614282757,0.0021069431968498975,5.420000000000001e-06,0.0021151887922314927
2711,0.0025693594943732023,0.0024311448796652257,0.0019201543473172933,5.422000000000001e-06,0.0021151887922314927
2712,0.0027332269528415054,0.0025100276398006827,0.0019700463017215952,5.424e-06,0.0021151887922314927
2713,0.00225667301856447,0.002312825570697896,0.0022984551469562575,5.426e-06,0.0021151887922314927
2714,0.0022051509586162865,0.0022322670556604862,0.0021788317972095683,5.428e-06,0.0021151887922314927
2715,0.0025878159794956446,0.0023259040171978995,0.0021774319611722603,5.4300000000000005e-06,0.0021151887922314927
2716,0.002488056314177811,0.0021595000580418855,0.0022093562729423866,5.432000000000001e-06,0.0021151887922314927
2717,0.00219511502655223,0.0023889449366834015,0.001995104204979725,5.434000000000001e-06,0.0021151887922314927
2718,0.0025678442034404725,0.002549265875131823,0.0018538297445047647,5.436e-06,0.0021151887922314927
2719,0.0024478122359141707,0.0024353812041226774,0.002049197311862372,5.438e-06,0.0021151887922314927
2720,0.002569525415310636,0.0024091365485219285,0.0019883936329279095,5.4400000000000004e-06,0.0021151887922314927
2721,0.0025923871871782467,0.0022962989169172943,0.0023053018521750346,5.442000000000001e-06,0.0021151887922314927
2722,0.0024409674369962886,0.0023924023989820853,0.0022018984600435942,5.444e-06,0.0021151887922314927
2723,0.0025442141050007194,0.0026164703303948045,0.0022747833136236295,5.446e-06,0.0021151887922314927
2724,0.0026004414103226736,0.0022635479690507054,0.0020214556279825047,5.448000000000001e-06,0.0021151887922314927
2725,0.0024161491310223937,0.0022199055092642084,0.0020750780968228355,5.45e-06,0.0021151887922314927
2726,0.0023783421493135393,0.002434836234897375,0.0022347180347424,5.4520000000000005e-06,0.0021151887922314927
2727,0.002361462014960125,0.002313233824679628,0.00202041125157848,5.454000000000001e-06,0.0021151887922314927
2728,0.0023316726583288983,0.0021647913090419024,0.0017245237686438486,5.456000000000001e-06,0.0021151887922314927
2729,0.002511130034690723,0.0026778463216032833,0.002357613149797544,5.458e-06,0.0021151887922314927
2730,0.00251622473297175,0.002509348123567179,0.002040635998127982,5.46e-06,0.0021151887922314927
2731,0.0023088999005267397,0.0024076666741166264,0.0019655843934742734,5.462e-06,0.0021151887922314927
2732,0.0024981024907901883,0.00228764938947279,0.002238982095150277,5.464e-06,0.0021151887922314927
2733,0.0025946092209778726,0.0023023573157843202,0.0021134979760972783,5.466000000000001e-06,0.0021151887922314927
2734,0.0025808520877035335,0.0022675185464322567,0.0018021049909293652,5.468000000000001e-06,0.0021151887922314927
2735,0.0025510012346785516,0.002489821257768199,0.0025951915013138205,5.47e-06,0.0021151887922314927
2736,0.0027020064590033144,0.002336953839403577,0.0024118113215081394,5.472e-06,0.0021151887922314927
2737,0.0022382033057510853,0.002281717737787403,0.0022671433980576694,5.4740000000000004e-06,0.0021151887922314927
2738,0.0021799383976031095,0.002628165719215758,0.00220514576358255,5.476000000000001e-06,0.0021151887922314927
2739,0.002385908941505477,0.0024929256906034425,0.0023949404567247257,5.478e-06,0.0021151887922314927
2740,0.0026219745923299342,0.0025134199095191434,0.0017940641555469483,5.48e-06,0.0021151887922314927
2741,0.002531120670028031,0.0024093874963000417,0.0021354568598326296,5.482000000000001e-06,0.0021151887922314927
2742,0.0024221799249062315,0.002120388191542588,0.0021954525145702064,5.484e-06,0.0021151887922314927
2743,0.0024095598637359217,0.002239309818833135,0.0024505142064299434,5.4860000000000005e-06,0.0021151887922314927
2744,0.0024368864542338997,0.0022884521749801934,0.0020935857173753902,5.488000000000001e-06,0.0021151887922314927
2745,0.0025431122921872884,0.0022868230735184625,0.0019389338121982291,5.490000000000001e-06,0.0021151887922314927
2746,0.0025824050535447896,0.002361651189858094,0.002100983081618324,5.492e-06,0.0021151887922314927
2747,0.0024716954212635756,0.0024349103769054636,0.0021195262379478663,5.494e-06,0.0021151887922314927
2748,0.0021943220199318603,0.002381478509050794,0.0019266888994025066,5.496e-06,0.0021151887922314927
2749,0.0021661792852682993,0.0024317672359757125,0.0020538170501822606,5.498e-06,0.0021151887922314927
2750,0.0025621781387599185,0.0025042815977940336,0.002122048012097366,5.500000000000001e-06,0.0021151887922314927
2751,0.0024663997610332444,0.0023316692822845653,0.0023571262136101723,5.502000000000001e-06,0.0021151887922314927
2752,0.0025851322861853987,0.002635383643792011,0.0019548287527868524,5.504e-06,0.0021151887922314927
2753,0.0023399054625770077,0.002154258225345984,0.0018809971224982291,5.506e-06,0.0021151887922314927
2754,0.0020807421824429184,0.002497549547115341,0.0020375791063997895,5.5080000000000005e-06,0.0021151887922314927
2755,0.0025580515211913735,0.002364470696193166,0.002062929721432738,5.510000000000001e-06,0.0021151887922314927
2756,0.0027219572075409815,0.002228541867225431,0.0021339990926207975,5.512e-06,0.0021151887922314927
2757,0.0022630113235209137,0.0021405071747722104,0.0020307147060520947,5.514e-06,0.0021151887922314927
2758,0.0024599994503660128,0.002392479495028965,0.0018875526584452018,5.516000000000001e-06,0.0021151887922314927
2759,0.002282467219629325,0.002551865080022253,0.002160547359380871,5.518e-06,0.0021151887922314927
2760,0.00229104797472246,0.002442308352328837,0.00215509143890813,5.5200000000000005e-06,0.0021151887922314927
2761,0.0024287770793307573,0.002253094222396612,0.001953505794517696,5.522000000000001e-06,0.0021151887922314927
2762,0.002458298215060495,0.0021230728598311543,0.00223754090256989,5.524000000000001e-06,0.0021151887922314927
2763,0.002238722881884314,0.0025031892000697553,0.0021905372123001143,5.526e-06,0.0021151887922314927
2764,0.0022790846705902368,0.002362960745813325,0.0021516526030609384,5.528e-06,0.0021151887922314927
2765,0.002316338854143396,0.00258182457764633,0.002208023041021079,5.53e-06,0.0021151887922314927
2766,0.0023316580045502633,0.002440175914671272,0.002018564016907476,5.532e-06,0.0021151887922314927
2767,0.0023603054287377745,0.0020218063436914235,0.0022977097396505997,5.534000000000001e-06,0.0021151887922314927
2768,0.0025359904975630343,0.0023597904946655035,0.0019527626864146441,5.536000000000001e-06,0.0020218063436914235
2769,0.002438599185552448,0.002167907834518701,0.002077099750749767,5.538e-06,0.0020218063436914235
2770,0.002508650388335809,0.0023842487717047334,0.0019795404077740386,5.54e-06,0.0020218063436914235
2771,0.002320263345609419,0.002338787613552995,0.002145911508705467,5.5420000000000005e-06,0.0020218063436914235
2772,0.0023569047480123118,0.0021368638408603147,0.0020493218762567267,5.544000000000001e-06,0.0020218063436914235
2773,0.0024383053241763264,0.002227399672847241,0.0020624982862500474,5.546e-06,0.0020218063436914235
2774,0.0025565547111909837,0.0025306695752078667,0.0020284950296627358,5.548e-06,0.0020218063436914235
2775,0.0021639067272190005,0.0023186567123048007,0.0021974247792968526,5.550000000000001e-06,0.0020218063436914235
2776,0.0022585938859265298,0.002341122555662878,0.002169218714698218,5.552e-06,0.0020218063436914235
2777,0.0024831048503983766,0.0023703542829025537,0.0021669693960575387,5.5540000000000005e-06,0.0020218063436914235
2778,0.0024752786121098325,0.0025128257839241996,0.0019629667222034186,5.556000000000001e-06,0.0020218063436914235
2779,0.0022304684098344296,0.0021614333236357197,0.0018718283099588007,5.558000000000001e-06,0.0020218063436914235
2780,0.0022621037787757814,0.002297634753631428,0.0021066598128527403,5.56e-06,0.0020218063436914235
2781,0.0024590187094872817,0.002288348361616954,0.0021473418310051784,5.562e-06,0.0020218063436914235
2782,0.002225231859483756,0.00236111122649163,0.0018259778153151274,5.5640000000000004e-06,0.0020218063436914235
2783,0.0022937487228773534,0.0024644737131893635,0.001952533915755339,5.566e-06,0.0020218063436914235
2784,0.002405691338935867,0.0024035210954025388,0.002192771091358736,5.568000000000001e-06,0.0020218063436914235
2785,0.0024704785901121795,0.0022461561165982857,0.001998188061406836,5.570000000000001e-06,0.0020218063436914235
2786,0.0022144883405417204,0.0025276125088566914,0.001831578294513747,5.572e-06,0.0020218063436914235
2787,0.0026952622865792364,0.0019335540710017085,0.002262094378238544,5.574e-06,0.0020218063436914235
2788,0.002085731815895997,0.0020383748487802222,0.001990153716178611,5.5760000000000005e-06,0.0019335540710017085
2789,0.0022082851646700874,0.002375336713157594,0.0019808317301794887,5.578000000000001e-06,0.0019335540710017085
2790,0.0022631269821431488,0.002431986664305441,0.0020100770780118182,5.58e-06,0.0019335540710017085
2791,0.0027784131234511733,0.002370151618379168,0.0020923322153976187,5.582e-06,0.0019335540710017085
2792,0.002435642178170383,0.0021472096123034135,0.0019883717613993213,5.584000000000001e-06,0.0019335540710017085
2793,0.0023107777669792995,0.0023514193308074027,0.002133050642441958,5.586e-06,0.0019335540710017085
2794,0.00250110134948045,0.0025231558829545975,0.0022917230962775648,5.5880000000000005e-06,0.0019335540710017085
2795,0.0023444140097126365,0.002349919217522256,0.0021689064742531627,5.590000000000001e-06,0.0019335540710017085
2796,0.0021163849160075188,0.002206551202107221,0.001988103234907612,5.592000000000001e-06,0.0019335540710017085
2797,0.002381862752372399,0.0022821635648142546,0.0019800562877207994,5.594e-06,0.0019335540710017085
2798,0.0022086306707933545,0.0021982724429108202,0.001997293220483698,5.596e-06,0.0019335540710017085
2799,0.002427177721983753,0.0025829743535723537,0.0019651439652079716,5.5980000000000004e-06,0.0019335540710017085
2800,0.0022939549962757155,0.0024548927322030067,0.0022968747944105417,5.6e-06,0.0019335540710017085
2801,0.0022652273037238047,0.0019067145913140848,0.0018266254191985354,5.602000000000001e-06,0.0019335540710017085
2802,0.002442502503981814,0.002388466484262608,0.0021393223287304863,5.604000000000001e-06,0.0019067145913140848
2803,0.0025815163098741323,0.0025568351557012647,0.00209124488173984,5.606e-06,0.0019067145913140848
2804,0.002216442415374331,0.001970658195205033,0.00207427708664909,5.608e-06,0.0019067145913140848
2805,0.0024012608191696927,0.0021071320516057312,0.002014572251937352,5.6100000000000005e-06,0.0019067145913140848
2806,0.0021881153370486572,0.0020825994142796844,0.0018552100664237514,5.612000000000001e-06,0.0019067145913140848
2807,0.002642847190145403,0.0023500602110289037,0.002192287633079104,5.614e-06,0.0019067145913140848
2808,0.0023924876586534083,0.002090064575895667,0.0019298804691061378,5.616e-06,0.0019067145913140848
2809,0.002334079152205959,0.0024209280527429655,0.0020667858771048486,5.618000000000001e-06,0.0019067145913140848
2810,0.0024738903157413006,0.002450412546750158,0.00192695164878387,5.62e-06,0.0019067145913140848
2811,0.0020647864148486406,0.0024238000332843512,0.0023059676168486476,5.6220000000000006e-06,0.0019067145913140848
2812,0.002134815134922974,0.002568723648437299,0.002010034368140623,5.624000000000001e-06,0.0019067145913140848
2813,0.0022827033972134814,0.0024706686817808077,0.0024411185877397656,5.626000000000001e-06,0.0019067145913140848
2814,0.0021194483852013946,0.0023577201063744724,0.0018152103148167953,5.628e-06,0.0019067145913140848
2815,0.002412686968455091,0.0022624606790486723,0.001943847702932544,5.63e-06,0.0019067145913140848
2816,0.002097953067277558,0.002448671293677762,0.001780424892785959,5.6320000000000005e-06,0.0019067145913140848
2817,0.0021938864811090752,0.0022182110988069326,0.0016428745875600725,5.634e-06,0.0019067145913140848
2818,0.002204209959018044,0.002458750852383673,0.002157814204110764,5.636000000000001e-06,0.0019067145913140848
2819,0.0022497064055642113,0.002519320201827213,0.0018369086610618979,5.638000000000001e-06,0.0019067145913140848
2820,0.002424829188385047,0.0019664252758957446,0.0017883361870190129,5.64e-06,0.0019067145913140848
2821,0.002768824328086339,0.0021671649592462927,0.0020644364994950593,5.642e-06,0.0019067145913140848
2822,0.002216717359260656,0.0021586294460576028,0.002099227116559632,5.6440000000000005e-06,0.0019067145913140848
2823,0.00222330198448617,0.002493023028364405,0.0018582855991553515,5.646000000000001e-06,0.0019067145913140848
2824,0.0024479431158397347,0.0024106013152049854,0.0021333583572413772,5.648e-06,0.0019067145913140848
2825,0.0023194207024062052,0.0022693786304444075,0.001998498773900792,5.65e-06,0.0019067145913140848
2826,0.002302014414453879,0.0024260195350507274,0.001995339771383442,5.652000000000001e-06,0.0019067145913140848
2827,0.0019416972645558417,0.002306566806510091,0.0020848698331974447,5.654e-06,0.0019067145913140848
2828,0.002433914953144267,0.0019703457946889102,0.001988142728805542,5.6560000000000006e-06,0.0019067145913140848
2829,0.0024109612713800743,0.002579653446446173,0.002052958501735702,5.658000000000001e-06,0.0019067145913140848
2830,0.002416877425275743,0.0024274679890368134,0.0017361038771923631,5.660000000000001e-06,0.0019067145913140848
2831,0.0024536122800782323,0.0020017401839140803,0.002078700825222768,5.662e-06,0.0019067145913140848
2832,0.0020529761095531285,0.002380240344791673,0.002115946088451892,5.664e-06,0.0019067145913140848
2833,0.002451108448440209,0.002205209792009555,0.0017506259173387662,5.6660000000000005e-06,0.0019067145913140848
2834,0.002512171777198091,0.0023409146233461797,0.0019971055298810825,5.668e-06,0.0019067145913140848
2835,0.0024255975877167657,0.0023697354044998065,0.001992541743675247,5.670000000000001e-06,0.0019067145913140848
2836,0.0022280121193034574,0.0022215117642190307,0.002075260810670443,5.672000000000001e-06,0.0019067145913140848
2837,0.0024165810755221173,0.001967106669326313,0.0020806804241146892,5.674e-06,0.0019067145913140848
2838,0.002429161802865565,0.0024170870310626924,0.0020269360175007023,5.676e-06,0.0019067145913140848
2839,0.0019706119055626914,0.0022478878818219528,0.001820599936763756,5.6780000000000005e-06,0.0019067145913140848
2840,0.002259583765408024,0.002405980587354861,0.001868808685685508,5.680000000000001e-06,0.0019067145913140848
2841,0.0023995030351215973,0.0025059873587451875,0.0021639416954712942,5.682e-06,0.0019067145913140848
2842,0.002019087565713562,0.0023096610966604203,0.0019037733145523816,5.684e-06,0.0019067145913140848
2843,0.002139997814083472,0.0024388955353060737,0.001998008694499731,5.686000000000001e-06,0.0019067145913140848
2844,0.002490150975063443,0.0025528055557515472,0.00206770547083579,5.6880000000000004e-06,0.0019067145913140848
2845,0.0024224085063906386,0.002362267710850574,0.001737381040584296,5.690000000000001e-06,0.0019067145913140848
2846,0.0022655202774330974,0.0023720505269011483,0.0021033289813203737,5.692000000000001e-06,0.0019067145913140848
2847,0.0023628702183486894,0.0020755206496687606,0.0018628662219271064,5.694e-06,0.0019067145913140848
2848,0.0022468615497928113,0.00244080503762234,0.0018870345375034958,5.696e-06,0.0019067145913140848
2849,0.002335048353415914,0.002143603633157909,0.0018644887313712388,5.698e-06,0.0019067145913140848
2850,0.002422539299004711,0.002351816205191426,0.002009436080697924,5.7000000000000005e-06,0.0019067145913140848
2851,0.002521097077988088,0.0020358088077045977,0.0020867496787104756,5.702e-06,0.0019067145913140848
2852,0.002489933220203966,0.0021322396933101118,0.002025688227149658,5.704000000000001e-06,0.0019067145913140848
2853,0.002341220751986839,0.00211866304744035,0.0018503349128877744,5.706000000000001e-06,0.0019067145913140848
2854,0.002011292046518065,0.0022861400357214734,0.0020540257246466354,5.708e-06,0.0019067145913140848
2855,0.0021975539420964196,0.0020811282738577574,0.0018328163714613765,5.71e-06,0.0019067145913140848
2856,0.0021710761066060513,0.0026858670898946,0.002128989959601313,5.7120000000000005e-06,0.0019067145913140848
2857,0.0021892504300922155,0.0025745763414306566,0.0021144198981346563,5.714000000000001e-06,0.0019067145913140848
2858,0.0022442769550252706,0.002390265290159732,0.0021832211641594768,5.716e-06,0.0019067145913140848
2859,0.002116793373716064,0.002214258143794723,0.002037124431808479,5.718e-06,0.0019067145913140848
2860,0.0023434612958226353,0.0023326251393882558,0.00202304485719651,5.720000000000001e-06,0.0019067145913140848
2861,0.0022284108999883756,0.0026092453044839203,0.0023132425703806803,5.7220000000000004e-06,0.0019067145913140848
2862,0.002499442736734636,0.002152463042875752,0.002111343070282601,5.724000000000001e-06,0.0019067145913140848
2863,0.0026654169050743803,0.0020265782513888553,0.0017531103221699595,5.726000000000001e-06,0.0019067145913140848
2864,0.002219886941020377,0.00225718789442908,0.00207048979063984,5.728e-06,0.0019067145913140848
2865,0.0023848963755881414,0.002385257961577736,0.0019282729044789448,5.73e-06,0.0019067145913140848
2866,0.0023995443334570155,0.0021697125484934077,0.0018675788742257282,5.732e-06,0.0019067145913140848
2867,0.002281133973156102,0.0021962710743537173,0.0018841792334569618,5.7340000000000005e-06,0.0019067145913140848
2868,0.002468322272761725,0.0019258196116425097,0.001795211195712909,5.736e-06,0.0019067145913140848
2869,0.0023819091584300622,0.0021073651587357745,0.0019132730667479336,5.738000000000001e-06,0.0019067145913140848
2870,0.002101929800119251,0.0021869539050385356,0.0019199937814846635,5.740000000000001e-06,0.0019067145913140848
2871,0.002247807860840112,0.0024053210072452202,0.0017808837728807703,5.742e-06,0.0019067145913140848
2872,0.0020147917821304873,0.0019957258191425353,0.0019462806376395747,5.744e-06,0.0019067145913140848
2873,0.0024713419552426785,0.002367818233324215,0.002349986258195713,5.7460000000000006e-06,0.0019067145913140848
2874,0.002068179310299456,0.002174311288399622,0.0022465807414846495,5.748000000000001e-06,0.0019067145913140848
2875,0.0022339399001793936,0.002349365022382699,0.0021922635205555707,5.75e-06,0.0019067145913140848
2876,0.0022093340812716633,0.002056293364148587,0.0020224539330229163,5.752e-06,0.0019067145913140848
2877,0.002116531308274716,0.0021720405347878113,0.0020804432570002973,5.754000000000001e-06,0.0019067145913140848
2878,0.002330258008441888,0.0019885177462128922,0.0017544746806379408,5.7560000000000005e-06,0.0019067145913140848
2879,0.0025220537499990314,0.002345123531995341,0.0018000176642090082,5.758000000000001e-06,0.0019067145913140848
2880,0.0023736563452985138,0.0017464917909819633,0.00205765210557729,5.760000000000001e-06,0.0019067145913140848
2881,0.0020290799875510857,0.0022662903793388978,0.0025068691902561113,5.762e-06,0.0017464917909819633
2882,0.002382457969360985,0.002415486495010555,0.002010694006457925,5.764e-06,0.0017464917909819633
2883,0.0024521575251128525,0.0021676586766261607,0.0019199763337383047,5.766e-06,0.0017464917909819633
2884,0.0022523533989442512,0.002220399575890042,0.0021673852315871045,5.7680000000000005e-06,0.0017464917909819633
2885,0.0021452707005664706,0.0021438832045532763,0.002004438574658707,5.77e-06,0.0017464917909819633
2886,0.0025903234345605597,0.0023928505543153733,0.0018632883438840508,5.772000000000001e-06,0.0017464917909819633
2887,0.0020807895489269868,0.0021991263347445056,0.001978418877115473,5.774000000000001e-06,0.0017464917909819633
2888,0.002418228948954493,0.002348534282646142,0.0023200824361993,5.776e-06,0.0017464917909819633
2889,0.002398553697275929,0.0019133622699882835,0.0020449299190659076,5.778e-06,0.0017464917909819633
2890,0.0021377868251875043,0.002308567287400365,0.0018552786787040532,5.7800000000000006e-06,0.0017464917909819633
2891,0.0021094260591780767,0.002269513614010066,0.0020460177183849737,5.782000000000001e-06,0.0017464917909819633
2892,0.002124179620295763,0.002038413396803662,0.0018163426429964602,5.784e-06,0.0017464917909819633
2893,0.0022915732115507126,0.0024048000341281295,0.0022710684570483863,5.786e-06,0.0017464917909819633
2894,0.0023117522650863975,0.0023307166411541402,0.001800383412046358,5.788000000000001e-06,0.0017464917909819633
2895,0.0025558790366631,0.0022354982211254537,0.0018736309139057994,5.7900000000000005e-06,0.0017464917909819633
2896,0.0023698393342783675,0.002360936356126331,0.0016466296219732612,5.792000000000001e-06,0.0017464917909819633
2897,0.0021224731754045933,0.0023971996852196753,0.0021911556250415742,5.794000000000001e-06,0.0017464917909819633
2898,0.0025317468971479684,0.0025419179146410897,0.0019159386720275506,5.796e-06,0.0017464917909819633
2899,0.0021797248191433027,0.0024025273887673393,0.0019250979094067588,5.798e-06,0.0017464917909819633
2900,0.0023593090882059187,0.002245513300294988,0.0019741787400562316,5.8e-06,0.0017464917909819633
2901,0.0021194572909735143,0.0022643608099315315,0.001933130668476224,5.8020000000000005e-06,0.0017464917909819633
2902,0.002281298249727115,0.0024492646916769445,0.0019349458743818104,5.804e-06,0.0017464917909819633
2903,0.0024884793965611607,0.002258312073536217,0.0021448509505717084,5.806000000000001e-06,0.0017464917909819633
2904,0.0023802440555300564,0.002139096424798481,0.001989506054087542,5.808000000000001e-06,0.0017464917909819633
2905,0.0020661768940044567,0.0019732919754460454,0.002112899222993292,5.81e-06,0.0017464917909819633
2906,0.0024470149946864694,0.0020544863218674436,0.0017884632252389565,5.8120000000000004e-06,0.0017464917909819633
2907,0.0023240999871632084,0.0027636365412035957,0.0021623382781399414,5.814000000000001e-06,0.0017464917909819633
2908,0.002230478246929124,0.002446683996822685,0.0021388258028309792,5.816000000000001e-06,0.0017464917909819633
2909,0.0020109969191253185,0.0022026967926649377,0.001908763195388019,5.818e-06,0.0017464917909819633
2910,0.00238020860706456,0.0021920316939940676,0.0019647994631668553,5.82e-06,0.0017464917909819633
2911,0.0024978157016448677,0.00188922937377356,0.001860543983639218,5.822000000000001e-06,0.0017464917909819633
2912,0.0021975265408400446,0.0020130788179812953,0.0020533684437396005,5.8240000000000005e-06,0.0017464917909819633
2913,0.0023033293982734904,0.0019341272272868082,0.0020921689574606717,5.826000000000001e-06,0.0017464917909819633
2914,0.0023035347112454474,0.002330631687073037,0.0020376667816890404,5.828000000000001e-06,0.0017464917909819633
2915,0.0021318653598427773,0.002091362650389783,0.0017292325210291892,5.83e-06,0.0017464917909819633
2916,0.002337331388844177,0.002388230146607384,0.002212710227468051,5.832e-06,0.0017464917909819633
2917,0.002186143392464146,0.002372757939156145,0.0018783031846396625,5.834e-06,0.0017464917909819633
2918,0.0022680972469970584,0.0023998628894332796,0.0019337165140314028,5.8360000000000005e-06,0.0017464917909819633
2919,0.002344204855035059,0.0019282306311652064,0.002204951801104471,5.838e-06,0.0017464917909819633
2920,0.002457739319652319,0.0022264826257014647,0.0017294703720835969,5.840000000000001e-06,0.0017464917909819633
2921,0.0020170512871118262,0.0019991318840766326,0.002178114780690521,5.842000000000001e-06,0.0017464917909819633
2922,0.002346527704503387,0.0024640006595291197,0.0020103359420318156,5.844e-06,0.0017464917909819633
2923,0.002157409573555924,0.002239000576082617,0.0017101705889217556,5.8460000000000004e-06,0.0017464917909819633
2924,0.0022013230045558885,0.0021066501503810287,0.001830725115723908,5.848000000000001e-06,0.0017464917909819633
2925,0.00233670391025953,0.0023252640676219016,0.0018272162415087223,5.850000000000001e-06,0.0017464917909819633
2926,0.002338941951165907,0.002157255061320029,0.0020336068118922412,5.852e-06,0.0017464917909819633
2927,0.002571974415332079,0.0022463272616732866,0.001975095074158162,5.854e-06,0.0017464917909819633
2928,0.0024007937900023535,0.0023475447087548673,0.0020498481317190453,5.856000000000001e-06,0.0017464917909819633
2929,0.0022481361374957487,0.0020552895875880495,0.0017115687078330666,5.8580000000000005e-06,0.0017464917909819633
2930,0.002269923686981201,0.0023042862594593316,0.00202950177481398,5.860000000000001e-06,0.0017464917909819633
2931,0.0024927193007897586,0.002535475548938848,0.001918765265145339,5.862000000000001e-06,0.0017464917909819633
2932,0.002069018402835354,0.0022037209273548797,0.0019869450479745865,5.864e-06,0.0017464917909819633
2933,0.002154563946533017,0.002360923434025608,0.0017767082172213122,5.866e-06,0.0017464917909819633
2934,0.0023001307126833126,0.002063572683255188,0.0019576256163418293,5.868e-06,0.0017464917909819633
2935,0.002392523252638057,0.0019815201085293666,0.002134349269908853,5.8700000000000005e-06,0.0017464917909819633
2936,0.002242255592136644,0.001994461883441545,0.0018924719333881512,5.872e-06,0.0017464917909819633
2937,0.002160693460609764,0.001966705225640908,0.0020908906299155205,5.874000000000001e-06,0.0017464917909819633
2938,0.002267318108351901,0.0022497289173770696,0.001964374983799644,5.876000000000001e-06,0.0017464917909819633
2939,0.0020737906597787514,0.002844658854883164,0.001730125688482076,5.878e-06,0.0017464917909819633
2940,0.002153327441192232,0.002477706191712059,0.002036052319454029,5.8800000000000005e-06,0.0017464917909819633
2941,0.002272618134156801,0.0024014588561840355,0.001841420860728249,5.882000000000001e-06,0.0017464917909819633
2942,0.0023039111983962357,0.002068072892143391,0.0017536754457978532,5.884000000000001e-06,0.0017464917909819633
2943,0.002442569035338238,0.0023236654233187437,0.001956066509592347,5.886e-06,0.0017464917909819633
2944,0.002313626784598455,0.0023338049213634804,0.0018619778857100755,5.888e-06,0.0017464917909819633
2945,0.0021115106210345402,0.0023148156760726124,0.0016635245847282931,5.890000000000001e-06,0.0017464917909819633
2946,0.0018706881819525734,0.0021682240621885285,0.0019371577654965222,5.8920000000000005e-06,0.0017464917909819633
2947,0.002430889115203172,0.002281133536598645,0.0021262830996420234,5.894000000000001e-06,0.0017464917909819633
2948,0.002189414997701533,0.0023792105494067073,0.00195647485088557,5.896000000000001e-06,0.0017464917909819633
2949,0.002190050116041675,0.0020686134084826335,0.00210162834264338,5.898e-06,0.0017464917909819633
2950,0.002345331711694598,0.0020594767265720293,0.001882146199932322,5.9e-06,0.0017464917909819633
2951,0.002155471098376438,0.0019371092348592356,0.002132695313775912,5.902e-06,0.0017464917909819633
2952,0.0022158905339892954,0.0021481879957718775,0.002106208718032576,5.9040000000000006e-06,0.0017464917909819633
2953,0.002170969150029123,0.0023780845367582515,0.0019844610360451043,5.906e-06,0.0017464917909819633
2954,0.002118049465934746,0.0023515179491369054,0.0018342127441428602,5.908000000000001e-06,0.0017464917909819633
2955,0.002216502049122937,0.002360341197345406,0.0020161112042842433,5.910000000000001e-06,0.0017464917909819633
2956,0.0019885805377271026,0.002229697405709885,0.0019007394294021651,5.912e-06,0.0017464917909819633
2957,0.0022663077106699347,0.0019414593698456883,0.0020307188387960196,5.9140000000000005e-06,0.0017464917909819633
2958,0.0021085962653160095,0.0021961048478260636,0.001982231347938068,5.916000000000001e-06,0.0017464917909819633
2959,0.0024281895894091576,0.0022053240827517584,0.0018610639381222427,5.918e-06,0.0017464917909819633
2960,0.002096098425681703,0.002087831904646009,0.0018006253376370296,5.92e-06,0.0017464917909819633
2961,0.002138520765583962,0.00229349838627968,0.0022169155563460663,5.922e-06,0.0017464917909819633
2962,0.002253645332530141,0.002250858407933265,0.0020179580606054515,5.924e-06,0.0017464917909819633
2963,0.0023000923538347706,0.0023664134205318987,0.002124624705174938,5.9260000000000005e-06,0.0017464917909819633
2964,0.0019874606805387884,0.0020639741560444236,0.0017571966745890677,5.928000000000001e-06,0.0017464917909819633
2965,0.002146602389984764,0.0021498001588042825,0.0022307555918814614,5.930000000000001e-06,0.0017464917909819633
2966,0.0022566950356122106,0.002300366832059808,0.0023025777627481148,5.932e-06,0.0017464917909819633
2967,0.002637059529661201,0.002203360592829995,0.00182616118399892,5.934e-06,0.0017464917909819633
2968,0.0025080805644392967,0.002514953230274841,0.0019047267705900595,5.9360000000000004e-06,0.0017464917909819633
2969,0.002235590582131408,0.001992245452129282,0.001793918025214225,5.9380000000000006e-06,0.0017464917909819633
2970,0.0020666600175900385,0.002196462024585344,0.0018516977288527414,5.94e-06,0.0017464917909819633
2971,0.0022863177728140727,0.0023337573802564293,0.0019378745491849259,5.942000000000001e-06,0.0017464917909819633
2972,0.002140872908057645,0.0021746849815826863,0.00216875814658124,5.944000000000001e-06,0.0017464917909819633
2973,0.0021336972567951307,0.0024279081844724715,0.001775418219040148,5.946e-06,0.0017464917909819633
2974,0.0023622854059794918,0.0023069347080308944,0.00220923159213271,5.9480000000000005e-06,0.0017464917909819633
2975,0.002201219438575208,0.0025453776761423796,0.002358618818107061,5.950000000000001e-06,0.0017464917909819633
2976,0.0022743213485227898,0.0024621536722406745,0.0018813461065292358,5.952e-06,0.0017464917909819633
2977,0.0018430756317684427,0.002148567247786559,0.001871376283816062,5.954e-06,0.0017464917909819633
2978,0.0022563740640180185,0.0024312490568263456,0.0018036032270174474,5.956e-06,0.0017464917909819633
2979,0.002146292245015502,0.002018641520407982,0.002159052251954563,5.958e-06,0.0017464917909819633
2980,0.0023627183254575357,0.002323147389688529,0.0019718202092917636,5.9600000000000005e-06,0.0017464917909819633
2981,0.0024998319859150797,0.0020757277961820364,0.0020647276687668636,5.962000000000001e-06,0.0017464917909819633
2982,0.0022958009503781796,0.0022155517362989485,0.0020399349014041945,5.964000000000001e-06,0.0017464917909819633
2983,0.0024048387276707217,0.0020027143764309585,0.0015236156323226169,5.966e-06,0.0017464917909819633
2984,0.0018125599308405071,0.0022074094449635595,0.0024383235722780228,5.968e-06,0.0017464917909819633
2985,0.002325383058632724,0.002073305717203766,0.002052156880381517,5.9700000000000004e-06,0.0017464917909819633
2986,0.0019000874017365277,0.0023150613415054977,0.002044966066023335,5.972000000000001e-06,0.0017464917909819633
2987,0.002186954952776432,0.002339721526368521,0.002042902182438411,5.974e-06,0.0017464917909819633
2988,0.001922664072480984,0.001864018922788091,0.00203069178678561,5.976000000000001e-06,0.0017464917909819633
2989,0.0019915035518351942,0.0021262702211970463,0.0018246325926156715,5.978000000000001e-06,0.0017464917909819633
2990,0.0025347114715259522,0.0022630926687270403,0.001892129599582404,5.98e-06,0.0017464917909819633
2991,0.0019086342363152653,0.002608520444482565,0.0016905458469409496,5.9820000000000005e-06,0.0017464917909819633
2992,0.001961708054295741,0.002130048756953329,0.002038937120232731,5.984000000000001e-06,0.0017464917909819633
2993,0.002287943076225929,0.002185951641877182,0.001816716518078465,5.986e-06,0.0017464917909819633
2994,0.0021185576333664358,0.0021547520882450044,0.0020677792781498283,5.988e-06,0.0017464917909819633
2995,0.0020402537484187633,0.0020638230489566922,0.0014292362611740828,5.99e-06,0.0017464917909819633
2996,0.0020977300737285987,0.0021483714372152463,0.0018009229097515345,5.992e-06,0.0017464917909819633
2997,0.0017933091730810702,0.0025588400021661073,0.0021041535947006196,5.9940000000000005e-06,0.0017464917909819633
2998,0.002090171168674715,0.0022995326726231724,0.0020372353465063497,5.996000000000001e-06,0.0017464917909819633
2999,0.002179197923396714,0.002333502343390137,0.0019055698212468997,5.998000000000001e-06,0.0017464917909819633
3000,0.0023859405337134376,0.002081263970467262,0.0018307421560166404,6e-06,0.0017464917909819633
3001,0.0023738566669635475,0.0022725369926774874,0.0018926505726994947,6.002e-06,0.0017464917909819633
3002,0.0021871917124371976,0.002198578804382123,0.001916154971695505,6.0040000000000005e-06,0.0017464917909819633
3003,0.002190136248827912,0.0022426382784033194,0.0020756815356435254,6.006000000000001e-06,0.0017464917909819633
3004,0.0024560976162320003,0.0019398357399040833,0.0019786699122050777,6.008e-06,0.0017464917909819633
3005,0.0022534122108481824,0.002263157060951926,0.001967977048479952,6.010000000000001e-06,0.0017464917909819633
3006,0.002195222841692157,0.002123477272107266,0.0018791438487824053,6.012000000000001e-06,0.0017464917909819633
3007,0.0021997180592734367,0.0024535366683267057,0.001909804530441761,6.014e-06,0.0017464917909819633
3008,0.002141240460332483,0.002280548127600923,0.002001672561164014,6.0160000000000005e-06,0.0017464917909819633
3009,0.0023453290050383657,0.0022759403655072674,0.0016327342600561678,6.018000000000001e-06,0.0017464917909819633
3010,0.002061324310488999,0.0021695037139579654,0.002191940977354534,6.02e-06,0.0017464917909819633
3011,0.0019248404569225386,0.0020117726526223123,0.0019400431483518332,6.022e-06,0.0017464917909819633
3012,0.002135143004124984,0.0022036921291146427,0.0018409826880088076,6.024e-06,0.0017464917909819633
3013,0.002190221654018387,0.0023565513401990756,0.0016385753260692582,6.026e-06,0.0017464917909819633
3014,0.0023939628154039383,0.0021123095211805776,0.0018533708498580381,6.0280000000000006e-06,0.0017464917909819633
3015,0.0023418988421326503,0.0019715942471520975,0.0016915594169404358,6.030000000000001e-06,0.0017464917909819633
3016,0.0022353623644448817,0.002094530442263931,0.0017830925644375384,6.032000000000001e-06,0.0017464917909819633
3017,0.0020739179744850844,0.0021835461229784414,0.0016887446836335585,6.034e-06,0.0017464917909819633
3018,0.0019721409771591425,0.0021469795901793987,0.0020406761032063514,6.036e-06,0.0017464917909819633
3019,0.0023635898251086473,0.0024070041836239398,0.0018533392867539078,6.0380000000000005e-06,0.0017464917909819633
3020,0.0019583647954277694,0.0023101801052689552,0.0018678266496863216,6.040000000000001e-06,0.0017464917909819633
3021,0.0021524090989260003,0.0018518509896239266,0.001960510839126073,6.042e-06,0.0017464917909819633
3022,0.0021041316649643704,0.0020101248956052586,0.0015355404175352305,6.044000000000001e-06,0.0017464917909819633
3023,0.002145935533917509,0.0023630048817722127,0.0020052915933774784,6.046000000000001e-06,0.0017464917909819633
3024,0.0023735981376376003,0.0019081382924923673,0.0017108214378822595,6.048e-06,0.0017464917909819633
3025,0.002067650930257514,0.002107338950736448,0.0018231406866107136,6.0500000000000005e-06,0.0017464917909819633
3026,0.002252448452054523,0.0022738800471415743,0.0018356788787059486,6.052000000000001e-06,0.0017464917909819633
3027,0.002198877977207303,0.0022498231701320037,0.0020033529872307554,6.054e-06,0.0017464917909819633
3028,0.0021187920356169343,0.002251267680549063,0.001991679484490305,6.056e-06,0.0017464917909819633
3029,0.002269047516165301,0.0020986534073017538,0.0019581733649829403,6.058e-06,0.0017464917909819633
3030,0.0021079268044559285,0.002269815158797428,0.002055295539321378,6.0600000000000004e-06,0.0017464917909819633
3031,0.0020616450055968016,0.002237488777609542,0.0017846429836936295,6.0620000000000006e-06,0.0017464917909819633
3032,0.002231531252618879,0.002252960970508866,0.0017295140423811972,6.064000000000001e-06,0.0017464917909819633
3033,0.0021236638713162392,0.002198373811552301,0.002072103103273548,6.066000000000001e-06,0.0017464917909819633
3034,0.0022667816083412617,0.002164068224374205,0.00195662459009327,6.068e-06,0.0017464917909819633
3035,0.0020266192295821384,0.0024868522014003247,0.0017952349298866466,6.07e-06,0.0017464917909819633
3036,0.0020380623172968626,0.002139196527423337,0.0017773861618479714,6.0720000000000005e-06,0.0017464917909819633
3037,0.002398625641944818,0.0021383659914135933,0.0017991878994507715,6.074000000000001e-06,0.0017464917909819633
3038,0.001942046350450255,0.0022132449375931174,0.0021806606237078086,6.076e-06,0.0017464917909819633
3039,0.002227298464276828,0.00216760509647429,0.0016168096190085635,6.078000000000001e-06,0.0017464917909819633
3040,0.0018604186770971864,0.0020074431668035686,0.0020706836658064276,6.080000000000001e-06,0.0017464917909819633
3041,0.0019653311173897237,0.0025606484850868583,0.0020018785289721563,6.082e-06,0.0017464917909819633
3042,0.002506320219254121,0.0020632996020140126,0.0019922487990697846,6.0840000000000005e-06,0.0017464917909819633
3043,0.0022619848314207047,0.0020001064985990524,0.0016440065228380263,6.086000000000001e-06,0.0017464917909819633
3044,0.0022626762074651197,0.001996639824938029,0.0018911315419245511,6.088e-06,0.0017464917909819633
3045,0.0019270687917014584,0.0023146671010181308,0.0018764933483907953,6.09e-06,0.0017464917909819633
3046,0.002295910322573036,0.0020322050695540383,0.0020798895857296884,6.092e-06,0.0017464917909819633
3047,0.0019014370045624673,0.0021111629757797346,0.001983227950404398,6.0940000000000004e-06,0.0017464917909819633
3048,0.0021571624965872616,0.001983595357160084,0.0019773128151427954,6.096000000000001e-06,0.0017464917909819633
3049,0.0023176799877546728,0.0022210859751794487,0.001953335973666981,6.098000000000001e-06,0.0017464917909819633
3050,0.002106504252878949,0.002070106304017827,0.002281080058310181,6.100000000000001e-06,0.0017464917909819633
3051,0.0024071758234640583,0.002173224769649096,0.0020828214182984084,6.102e-06,0.0017464917909819633
3052,0.002100746482028626,0.0018888806807808578,0.0019970732973888516,6.104e-06,0.0017464917909819633
3053,0.0022512060386361554,0.001978936285013333,0.002202529678470455,6.1060000000000005e-06,0.0017464917909819633
3054,0.0019051927665714175,0.002237996319308877,0.0016041119815781713,6.108000000000001e-06,0.0017464917909819633
3055,0.002343848565942608,0.0021365602588048205,0.0018157386366510764,6.11e-06,0.0017464917909819633
3056,0.002124437960446812,0.002004293695790693,0.001860954100266099,6.112000000000001e-06,0.0017464917909819633
3057,0.002174071822082624,0.002088672248646617,0.0020530892943497747,6.114000000000001e-06,0.0017464917909819633
3058,0.0021869250922463834,0.0023573111539008096,0.0017378623160766438,6.116e-06,0.0017464917909819633
3059,0.002076244883937761,0.0021375953074311838,0.0019593299948610365,6.1180000000000005e-06,0.0017464917909819633
3060,0.002095475560054183,0.002495714259566739,0.0018407098250463605,6.120000000000001e-06,0.0017464917909819633
3061,0.002194451095419936,0.0023856546613387764,0.0019806743948720396,6.122e-06,0.0017464917909819633
3062,0.002379825251409784,0.0020342761563370004,0.0020580008276738226,6.124e-06,0.0017464917909819633
3063,0.001911532846861519,0.002063539475784637,0.0018376326188445091,6.126e-06,0.0017464917909819633
3064,0.002077067256323062,0.0021469392959261313,0.002122762773069553,6.1280000000000005e-06,0.0017464917909819633
3065,0.002406599363894202,0.002006558992434293,0.0015073772810865194,6.130000000000001e-06,0.0017464917909819633
3066,0.002049333677859977,0.002066618937533349,0.0020034443587064743,6.132000000000001e-06,0.0017464917909819633
3067,0.0020692683465313166,0.0017805630923248827,0.0019646682048914954,6.134000000000001e-06,0.0017464917909819633
3068,0.0021497649140655994,0.002480032533640042,0.0022393172548618168,6.136e-06,0.0017464917909819633
3069,0.0021784071723232046,0.002364129846682772,0.0018436885002302006,6.138e-06,0.0017464917909819633
3070,0.00222042971290648,0.001972666403162293,0.0018803489219862968,6.1400000000000005e-06,0.0017464917909819633
3071,0.0021884867892367765,0.0019878142047673464,0.0019167068967362866,6.142000000000001e-06,0.0017464917909819633
3072,0.002419005730189383,0.002067241715849377,0.001743515022099018,6.144000000000001e-06,0.0017464917909819633
3073,0.0021720682561863214,0.0019360806327313185,0.0019317755795782432,6.146000000000001e-06,0.0017464917909819633
3074,0.0023815079039195552,0.001996679144212976,0.0019953574665123597,6.148000000000001e-06,0.0017464917909819633
3075,0.002121775221894495,0.001716632628813386,0.0018754268385237083,6.15e-06,0.0017464917909819633
3076,0.002071044858894311,0.0020542657875921577,0.001643936411710456,6.1520000000000006e-06,0.001716632628813386
3077,0.002018482788116671,0.0022672291815979406,0.0016672739729983732,6.154000000000001e-06,0.001716632628813386
3078,0.0022480905463453382,0.0023216551198856905,0.001867575803771615,6.156e-06,0.001716632628813386
3079,0.0021437605028040707,0.0019502526702126488,0.0019901905179722235,6.158e-06,0.001716632628813386
3080,0.0022605043050134555,0.0020552318746922538,0.0018660154164535925,6.16e-06,0.001716632628813386
3081,0.0021868650801479816,0.002330981194972992,0.0017836387996794656,6.1620000000000005e-06,0.001716632628813386
3082,0.002245337062049657,0.002216487322584726,0.0015382887359010056,6.164000000000001e-06,0.001716632628813386
3083,0.0021343233092920855,0.0019732735672732815,0.0018432293145451695,6.166000000000001e-06,0.001716632628813386
3084,0.0021046938200015575,0.002029597249929793,0.001809959125239402,6.168000000000001e-06,0.001716632628813386
3085,0.002025277732172981,0.0019347905908944085,0.0018777304503601044,6.17e-06,0.001716632628813386
3086,0.002258598862681538,0.0025076894817175344,0.002087184402626008,6.172e-06,0.001716632628813386
3087,0.002460563919157721,0.0020889682054985315,0.0018873963708756492,6.1740000000000005e-06,0.001716632628813386
3088,0.002191320832935162,0.0020270201785024256,0.0018391936173429713,6.176e-06,0.001716632628813386
3089,0.0019473392894724384,0.0018421139247948304,0.001692535777692683,6.178000000000001e-06,0.001716632628813386
3090,0.0020993173675378785,0.0020806551328860223,0.0017703613702906296,6.180000000000001e-06,0.001716632628813386
3091,0.0022957838518777862,0.002045798522885889,0.0019541758520063013,6.182e-06,0.001716632628813386
3092,0.001958347827894613,0.002278407831909135,0.0018146703951060772,6.184e-06,0.001716632628813386
3093,0.002005185539019294,0.0024911320360843092,0.0018275086767971516,6.1860000000000006e-06,0.001716632628813386
3094,0.002070826056296937,0.0020812946604564786,0.0017733750428305939,6.188000000000001e-06,0.001716632628813386
3095,0.0021506003104150295,0.002003012108616531,0.0020336650050012395,6.19e-06,0.001716632628813386
3096,0.002325246561667882,0.0020034137123730034,0.0016617093860986643,6.192e-06,0.001716632628813386
3097,0.0021040719002485275,0.0019302612636238337,0.0016615142958471552,6.194e-06,0.001716632628813386
3098,0.0021284958202159032,0.0019050587434321642,0.001971487406990491,6.1960000000000005e-06,0.001716632628813386
3099,0.002157495546271093,0.0019188631849829108,0.0020905154960928485,6.198000000000001e-06,0.001716632628813386
3100,0.002287301264004782,0.002259439992485568,0.0017039981321431696,6.200000000000001e-06,0.001716632628813386
3101,0.0024833984207361937,0.002266805269755423,0.0015989002131391317,6.202000000000001e-06,0.001716632628813386
3102,0.001996322622289881,0.002285905138705857,0.0017318691097898409,6.204e-06,0.001716632628813386
3103,0.0023597783874720335,0.0020449347648536786,0.0018158168240915984,6.206e-06,0.001716632628813386
3104,0.0019175157940480858,0.0022702544374624267,0.0018959464214276522,6.2080000000000005e-06,0.001716632628813386
3105,0.002060001468635164,0.0022164182300912216,0.0021397754026111215,6.21e-06,0.001716632628813386
3106,0.0018115138809662312,0.002332533404114656,0.0020805484091397375,6.212000000000001e-06,0.001716632628813386
3107,0.002101393329212442,0.002322192885912955,0.0017366051179124042,6.214000000000001e-06,0.001716632628813386
3108,0.001953355735167861,0.002090369976940565,0.0018643836374394596,6.216e-06,0.001716632628813386
3109,0.002463882992742583,0.0021558236330747604,0.0018229899578727782,6.2180000000000004e-06,0.001716632628813386
3110,0.001971324600162916,0.0018521561869420111,0.0017856555059552193,6.220000000000001e-06,0.001716632628813386
3111,0.002098079741699621,0.0021841465204488486,0.0021495207183761522,6.222000000000001e-06,0.001716632628813386
3112,0.0022279456607066095,0.002000152089749463,0.001876619178801775,6.224e-06,0.001716632628813386
3113,0.0020944501884514466,0.00209597080538515,0.0018492632952984422,6.226e-06,0.001716632628813386
3114,0.002162017932278104,0.001956196443643421,0.001982443529414013,6.228e-06,0.001716632628813386
3115,0.0020566810126183555,0.0021726614359067753,0.0015840509440749884,6.2300000000000005e-06,0.001716632628813386
3116,0.0021518688881769776,0.0022192230535438284,0.0017288199451286346,6.232000000000001e-06,0.001716632628813386
3117,0.002281300534377806,0.0021472677326528355,0.001714654586976394,6.234000000000001e-06,0.001716632628813386
3118,0.001994111720705405,0.0020305446378188208,0.0020578299154294655,6.236000000000001e-06,0.001716632628813386
3119,0.0021437340474221855,0.0021279534848872572,0.0018493627576390281,6.238e-06,0.001716632628813386
3120,0.0019253036007285118,0.002183426870033145,0.0018451216019457206,6.24e-06,0.001716632628813386
3121,0.0022177015780471265,0.0020359288319014013,0.0017556709790369496,6.2420000000000005e-06,0.001716632628813386
3122,0.0022603511315537617,0.00191097121569328,0.001746985682984814,6.244e-06,0.001716632628813386
3123,0.0020795396412722766,0.0019830615783575922,0.0019850118551403284,6.246000000000001e-06,0.001716632628813386
3124,0.0020128042524447665,0.0019939348858315498,0.0017048885201802477,6.248000000000001e-06,0.001716632628813386
3125,0.0024080416187644005,0.0019175115594407544,0.001530679379357025,6.25e-06,0.001716632628813386
3126,0.0022452912235166878,0.002021867549046874,0.0018098315049428493,6.2520000000000004e-06,0.001716632628813386
3127,0.0023542057024315,0.002379558063694276,0.0016526580875506625,6.254e-06,0.001716632628813386
3128,0.0021610957774100825,0.0019061283383052796,0.0018474434618838131,6.256000000000001e-06,0.001716632628813386
3129,0.0018540979945100844,0.0021983249171171337,0.0018604107171995565,6.258000000000001e-06,0.001716632628813386
3130,0.0020723197667393833,0.0020579026313498616,0.0021695459727197886,6.26e-06,0.001716632628813386
3131,0.0020599314593710005,0.0021027407055953518,0.0019098571792710572,6.262000000000001e-06,0.001716632628813386
3132,0.00188252299267333,0.002254362654639408,0.002052963202004321,6.2640000000000005e-06,0.001716632628813386
3133,0.0021224930678727105,0.0021804124116897583,0.00195201083261054,6.266000000000001e-06,0.001716632628813386
3134,0.0022099272027844563,0.0019147796265315264,0.0019041822815779597,6.268e-06,0.001716632628813386
3135,0.0021020322892582044,0.0021220810886006802,0.0018201775674242526,6.270000000000001e-06,0.001716632628813386
3136,0.0022123109374661,0.0019359371508471668,0.0019138854258926585,6.272000000000001e-06,0.001716632628813386
3137,0.0021526631026063114,0.0018661203648662195,0.001874663750641048,6.274e-06,0.001716632628813386
3138,0.0020850410364801064,0.002217535860836506,0.002015350852161646,6.276000000000001e-06,0.001716632628813386
3139,0.002206899895099923,0.001983256617677398,0.0016976238548522815,6.278e-06,0.001716632628813386
3140,0.0018339812813792378,0.001982043104362674,0.0018932639068225399,6.280000000000001e-06,0.001716632628813386
3141,0.0019973373564425856,0.002076067466987297,0.0019295845413580537,6.282e-06,0.001716632628813386
3142,0.001973442849703133,0.002204239892307669,0.0018331433238927275,6.284e-06,0.001716632628813386
3143,0.0020493738556979224,0.0022675513464491814,0.001943473020219244,6.286e-06,0.001716632628813386
3144,0.002037664016825147,0.0022611483291257173,0.0017960322584258392,6.288000000000001e-06,0.001716632628813386
3145,0.002152261309674941,0.0021020097919972613,0.001571891552885063,6.290000000000001e-06,0.001716632628813386
3146,0.0020153618679614738,0.002292638280778192,0.002095664487569593,6.292e-06,0.001716632628813386
3147,0.0020151798671577126,0.0024373147316509858,0.0019056111486861482,6.294000000000001e-06,0.001716632628813386
3148,0.0021902161242906004,0.0021017631224822253,0.0015459979767911136,6.296e-06,0.001716632628813386
3149,0.001878312075859867,0.0023437793570337817,0.0017722544871503487,6.2980000000000005e-06,0.001716632628813386
3150,0.002014757279539481,0.0018797844822984189,0.0020376777392812073,6.3e-06,0.001716632628813386
3151,0.002212650506407954,0.001964037961442955,0.0018393985374132171,6.302000000000001e-06,0.001716632628813386
3152,0.0019920126360375434,0.0022219304519239813,0.0017333832802250981,6.304e-06,0.001716632628813386
3153,0.002335234734346159,0.0020837338379351422,0.0019794959225691855,6.306e-06,0.001716632628813386
3154,0.0019228140590712428,0.002024302666541189,0.0017255344573641196,6.308000000000001e-06,0.001716632628813386
3155,0.0020950598991476,0.0018700814107432961,0.0016361401649191976,6.3100000000000006e-06,0.001716632628813386
3156,0.0019137856434099376,0.0021701934310840443,0.0022232107003219426,6.312000000000001e-06,0.001716632628813386
3157,0.0019523467926774174,0.0021782501426059753,0.0016315878019668162,6.314e-06,0.001716632628813386
3158,0.0020259774901205674,0.002032960328506306,0.0017584166198503226,6.316000000000001e-06,0.001716632628813386
3159,0.002036172751104459,0.002121330049703829,0.0016712711658328772,6.318e-06,0.001716632628813386
3160,0.002530475874664262,0.0018118023435818031,0.0017870597512228414,6.3200000000000005e-06,0.001716632628813386
3161,0.001827114712796174,0.0020387733238749206,0.001836928044212982,6.322e-06,0.001716632628813386
3162,0.0019941294158343226,0.0018150274991057813,0.0018882521835621446,6.324000000000001e-06,0.001716632628813386
3163,0.001983163456316106,0.002169678977224976,0.0018401718843961135,6.326000000000001e-06,0.001716632628813386
3164,0.002120794277288951,0.002041072308202274,0.0017851196171250194,6.328e-06,0.001716632628813386
3165,0.002159265262889676,0.0019627940346254036,0.0015565135545330122,6.330000000000001e-06,0.001716632628813386
3166,0.0018991295655723661,0.0018768398877000436,0.0014894971245666966,6.3320000000000005e-06,0.001716632628813386
3167,0.0020932525367243215,0.002446434387820773,0.0018622507486725226,6.334000000000001e-06,0.001716632628813386
3168,0.0021771520550828427,0.0016789921501185745,0.0018180326878791675,6.336e-06,0.001716632628813386
3169,0.0019494951993692666,0.0021401680423878133,0.0020922423718729988,6.338000000000001e-06,0.0016789921501185745
3170,0.0020858137868344784,0.002126855673850514,0.0021665955136995763,6.340000000000001e-06,0.0016789921501185745
3171,0.002168720922782086,0.0018334133637836203,0.0016840601019794121,6.3420000000000004e-06,0.0016789921501185745
3172,0.0019115477771265432,0.002185539808124304,0.001752109470544383,6.3440000000000014e-06,0.0016789921501185745
3173,0.0021683314262190834,0.0018342792900511995,0.002028161528869532,6.346e-06,0.0016789921501185745
3174,0.0020692180114565417,0.0019941457721870393,0.0020363917719805613,6.348000000000001e-06,0.0016789921501185745
3175,0.002140036507626064,0.00216281482425984,0.0015999151873984374,6.35e-06,0.0016789921501185745
3176,0.002132793524651788,0.0019991104054497555,0.001811584530514665,6.352e-06,0.0016789921501185745
3177,0.002161459720809944,0.0022535148600582033,0.0016606431163381785,6.354e-06,0.0016789921501185745
3178,0.0017857539933174849,0.0019449381943559274,0.0016566243284614757,6.356000000000001e-06,0.0016789921501185745
3179,0.0024058545095613226,0.002199414375354536,0.0016487492248415947,6.358000000000001e-06,0.0016789921501185745
3180,0.0021036937832832336,0.002246069532702677,0.002002071065362543,6.36e-06,0.0016789921501185745
3181,0.0022994695464149117,0.002154335452360101,0.0018612892890814692,6.362000000000001e-06,0.0016789921501185745
3182,0.002003077053814195,0.002097489224979654,0.0017061357939383015,6.364e-06,0.0016789921501185745
3183,0.0020378996414365247,0.0017981992423301563,0.0016323109157383442,6.3660000000000005e-06,0.0016789921501185745
3184,0.0022070843406254426,0.0019075523596256971,0.0015313001786125824,6.368e-06,0.0016789921501185745
3185,0.002070553062367253,0.002117744748829864,0.0019841087487293407,6.370000000000001e-06,0.0016789921501185745
3186,0.0020920155511703342,0.0020708046067738906,0.0017190957150887698,6.372e-06,0.0016789921501185745
3187,0.0021055264805909246,0.001995925384107977,0.0018213447474408895,6.374e-06,0.0016789921501185745
3188,0.0020562640274874866,0.002009616349823773,0.0020036297501064837,6.376000000000001e-06,0.0016789921501185745
3189,0.002266519411932677,0.001921924136695452,0.0019696831150213256,6.378000000000001e-06,0.0016789921501185745
3190,0.0021632530260831118,0.0019744871533475816,0.0017675834242254496,6.380000000000001e-06,0.0016789921501185745
3191,0.002152726039639674,0.0019389251829124987,0.0016773670795373619,6.382e-06,0.0016789921501185745
3192,0.002229038131190464,0.0019822448521154,0.0015701435331720859,6.384000000000001e-06,0.0016789921501185745
3193,0.0019107452244497836,0.0015913150127744302,0.0016679422551533207,6.386e-06,0.0016789921501185745
3194,0.0019992587040178478,0.002050511262496002,0.0019094542658422142,6.3880000000000005e-06,0.0015913150127744302
3195,0.001969932476640679,0.001986837072763592,0.0018306470883544534,6.39e-06,0.0015913150127744302
3196,0.0022489359689643607,0.0018096576241077855,0.001713329358608462,6.392000000000001e-06,0.0015913150127744302
3197,0.0021017635153839365,0.00207107569440268,0.0017958753160201013,6.394000000000001e-06,0.0015913150127744302
3198,0.0020889186853310093,0.0018940102163469419,0.001669558092544321,6.396e-06,0.0015913150127744302
3199,0.002097786942613311,0.0020266003848519176,0.0015755697604618035,6.398000000000001e-06,0.0015913150127744302
3200,0.002123029698850587,0.0019765257166000083,0.001792641109204851,6.4e-06,0.0015913150127744302
3201,0.001872203720267862,0.0019304560992168263,0.002064211046672426,6.402000000000001e-06,0.0015913150127744302
3202,0.0019834510749205947,0.0017245985945919529,0.0017536371015012264,6.404e-06,0.0015913150127744302
3203,0.0020025379781145602,0.0019406397768761963,0.0017730993131408468,6.406e-06,0.0015913150127744302
3204,0.002225084259407595,0.0020583278528647497,0.0017694671114441007,6.408000000000001e-06,0.0015913150127744302
3205,0.0019252289202995598,0.001867933853645809,0.0019690164335770532,6.4100000000000005e-06,0.0015913150127744302
3206,0.0018849635671358556,0.001760083221597597,0.0020887736609438434,6.412000000000001e-06,0.0015913150127744302
3207,0.0017526646552141756,0.002136776893166825,0.0017116872768383473,6.414e-06,0.0015913150127744302
3208,0.0018333727930439636,0.0018445520690875128,0.0019447890954324976,6.416000000000001e-06,0.0015913150127744302
3209,0.0018779911624733359,0.0020262115576770157,0.001661720933043398,6.418e-06,0.0015913150127744302
3210,0.002017110731685534,0.002138501571607776,0.0020868089195573702,6.42e-06,0.0015913150127744302
3211,0.002204394433647394,0.0018945604679174721,0.001898802278446965,6.422e-06,0.0015913150127744302
3212,0.002024637331487611,0.002335841621970758,0.0019694031798280776,6.424000000000001e-06,0.0015913150127744302
3213,0.002158010465791449,0.0019803273171419278,0.001500840182416141,6.426000000000001e-06,0.0015913150127744302
3214,0.0018865241581806913,0.001965606235899031,0.0017327737004961818,6.428e-06,0.0015913150127744302
3215,0.002231797465356067,0.0018449376220814884,0.0018835870287148282,6.430000000000001e-06,0.0015913150127744302
3216,0.0019284683075966313,0.0019151749729644507,0.0017495464271632954,6.432e-06,0.0015913150127744302
3217,0.0019471293489914387,0.0025562552909832448,0.0017481177055742592,6.4340000000000006e-06,0.0015913150127744302
3218,0.002220289738033898,0.0017102058482123539,0.0015120555326575413,6.436e-06,0.0015913150127744302
3219,0.0018796563235810027,0.0020764616201631725,0.0020248923974577338,6.438000000000001e-06,0.0015913150127744302
3220,0.0019069154805038124,0.0020114318758714944,0.0019207548903068528,6.44e-06,0.0015913150127744302
3221,0.002154683184926398,0.002085614687530324,0.0016045658412622288,6.442e-06,0.0015913150127744302
3222,0.0020124849543208256,0.0019254798971815035,0.0016649629833409563,6.444000000000001e-06,0.0015913150127744302
3223,0.001865407859440893,0.0023124912549974397,0.0019489884725771844,6.446000000000001e-06,0.0015913150127744302
3224,0.0020717410516226664,0.0022764846798963845,0.0017856529884738848,6.448000000000001e-06,0.0015913150127744302
3225,0.0021548090735450387,0.0018570078536868095,0.0015930410008877516,6.45e-06,0.0015913150127744302
3226,0.002120504665072076,0.0020544531726045534,0.0017736305453581735,6.452000000000001e-06,0.0015913150127744302
3227,0.002260848108562641,0.001856776827480644,0.0016675483348080888,6.454e-06,0.0015913150127744302
3228,0.0018903224990935996,0.0017699109012028202,0.0018904124008258805,6.4560000000000005e-06,0.0015913150127744302
3229,0.0020291694963816553,0.002172152017010376,0.0017805396928451955,6.458e-06,0.0015913150127744302
3230,0.0019539311761036515,0.0021676724427379668,0.0017566709429956973,6.460000000000001e-06,0.0015913150127744302
3231,0.0018652265571290627,0.001803484687115997,0.0015916996344458312,6.462000000000001e-06,0.0015913150127744302
3232,0.0018895494431490079,0.002095867646858096,0.0019539882632670924,6.464e-06,0.0015913150127744302
3233,0.001940181406098418,0.0021719341311836615,0.0017613838717807084,6.466000000000001e-06,0.0015913150127744302
3234,0.0019541132787708193,0.0018692902231123298,0.0016370489611290395,6.468e-06,0.0015913150127744302
3235,0.0020826644031330943,0.001827440326451324,0.001781746672349982,6.470000000000001e-06,0.0015913150127744302
3236,0.0020565808372339234,0.0020418831118149683,0.0017600492719793692,6.472e-06,0.0015913150127744302
3237,0.0022285550221567973,0.0018544901686254889,0.0018377771484665573,6.474e-06,0.0015913150127744302
3238,0.0019964449311373755,0.002069569658488035,0.0018163212953368202,6.476000000000001e-06,0.0015913150127744302
3239,0.001970264100236818,0.0017518662207294255,0.0017423969256924465,6.4780000000000005e-06,0.0015913150127744302
3240,0.001843772508436814,0.0018579281750135124,0.001741378175211139,6.480000000000001e-06,0.0015913150127744302
3241,0.0020323469798313454,0.0018508591601857916,0.0017018649523379281,6.482e-06,0.0015913150127744302
3242,0.002116357398335822,0.002162913078791462,0.001818033677409403,6.484000000000001e-06,0.0015913150127744302
3243,0.002200147631810978,0.0018659178458619863,0.001670430734520778,6.486e-06,0.0015913150127744302
3244,0.0022211520554265007,0.0021081852610222995,0.0015542372275376692,6.488e-06,0.0015913150127744302
3245,0.002006067501497455,0.0016689039475750178,0.0018516791897127405,6.49e-06,0.0015913150127744302
3246,0.0018734251061687246,0.002098546683555469,0.0019012561970157549,6.492000000000001e-06,0.0015913150127744302
3247,0.0019508769473759457,0.002057028017588891,0.0017923586710821837,6.494000000000001e-06,0.0015913150127744302
3248,0.001936163636855781,0.0017778972251107916,0.0017006443376885727,6.496e-06,0.0015913150127744302
3249,0.0021046015463070944,0.0019130507425870746,0.0017242296016775072,6.498000000000001e-06,0.0015913150127744302
3250,0.0021936387493042275,0.002164642937714234,0.0017584070592420176,6.5000000000000004e-06,0.0015913150127744302
3251,0.0017592048970982432,0.0017188648344017565,0.0018237565673189238,6.502000000000001e-06,0.0015913150127744302
3252,0.0021086894266773015,0.0018384628929197788,0.0015602205821778625,6.504e-06,0.0015913150127744302
3253,0.0020021163363708183,0.0018739851366262883,0.001684934162767604,6.506000000000001e-06,0.0015913150127744302
3254,0.002009787000133656,0.0018196556629845873,0.001677251493674703,6.508e-06,0.0015913150127744302
3255,0.0020754125580424443,0.0020540244004223496,0.0019112768350169063,6.51e-06,0.0015913150127744302
3256,0.001835730072343722,0.0021396525407908484,0.001851061373599805,6.512000000000001e-06,0.0015913150127744302
3257,0.0020356066233944148,0.0021378775127232075,0.0016521123761776835,6.514000000000001e-06,0.0015913150127744302
3258,0.002162825141567737,0.0023073903139447793,0.0017769267287803814,6.516000000000001e-06,0.0015913150127744302
3259,0.0023347502865362912,0.0019189305166946724,0.0018306465644855052,6.518e-06,0.0015913150127744302
3260,0.0019691393827088177,0.0020098207605769858,0.001636742366827093,6.520000000000001e-06,0.0015913150127744302
3261,0.0017680423043202609,0.0016145997942658141,0.001642797826207243,6.522e-06,0.0015913150127744302
3262,0.0021307866845745593,0.0019363291648915038,0.001606464371434413,6.5240000000000006e-06,0.0015913150127744302
3263,0.0020745802466990426,0.0017324491927865893,0.001867039653006941,6.526e-06,0.0015913150127744302
3264,0.002236614018329419,0.0018708595889620483,0.0018158404855057597,6.528000000000001e-06,0.0015913150127744302
3265,0.0020052937616128474,0.0018891824292950332,0.002011577525991015,6.530000000000001e-06,0.0015913150127744302
3266,0.002070481568807736,0.0018919364520115778,0.001445425587007776,6.532e-06,0.0015913150127744302
3267,0.001783567073289305,0.0020273397385608405,0.0016323971358360723,6.534000000000001e-06,0.0015913150127744302
3268,0.002286924354848452,0.00223095559340436,0.0013543583336286247,6.536e-06,0.0015913150127744302
3269,0.0022255979129113257,0.0020658837456721812,0.001956893320311792,6.538000000000001e-06,0.0015913150127744302
3270,0.001985453738598153,0.0017742940253810957,0.0016570798616157845,6.54e-06,0.0015913150127744302
3271,0.002228548430139199,0.0019678991375258192,0.0015025688480818644,6.542e-06,0.0015913150127744302
3272,0.0020243423496140167,0.002049197704764083,0.0016970415017567575,6.544000000000001e-06,0.0015913150127744302
3273,0.0019236735097365454,0.0018116130522685125,0.0016968025302048773,6.5460000000000005e-06,0.0015913150127744302
3274,0.0017529567558085546,0.00198580815049354,0.0019668256427394226,6.548000000000001e-06,0.0015913150127744302
3275,0.0019297467515571043,0.002133916874299757,0.0016654167557135224,6.55e-06,0.0015913150127744302
3276,0.001863134020823054,0.0018749264418147504,0.0016434559656772763,6.552000000000001e-06,0.0015913150127744302
3277,0.002022858170676045,0.0021115437702974305,0.0016284293087664992,6.554e-06,0.0015913150127744302
3278,0.0018960232700919732,0.002123873244272545,0.0019345494802109897,6.556e-06,0.0015913150127744302
3279,0.0017758992325980216,0.0021123702463228256,0.002219286296167411,6.558e-06,0.0015913150127744302
3280,0.0018564528290880844,0.001999425410758704,0.001778656747774221,6.560000000000001e-06,0.0015913150127744302
3281,0.0020396083273226395,0.001774276519427076,0.001831738329201471,6.562000000000001e-06,0.0015913150127744302
3282,0.0018949848308693618,0.002251349636935629,0.0018608663085615262,6.564e-06,0.0015913150127744302
3283,0.002097107149893418,0.0022112741571618244,0.0016242197743849829,6.566000000000001e-06,0.0015913150127744302
3284,0.0019524285016814247,0.001693921716650948,0.0017397554911440238,6.5680000000000005e-06,0.0015913150127744302
3285,0.002049802176770754,0.0019504243682604283,0.001543786987895146,6.570000000000001e-06,0.0015913150127744302
3286,0.00181723409332335,0.002039850383880548,0.0016232355119427666,6.572e-06,0.0015913150127744302
3287,0.0018812120979418978,0.0018005270831054077,0.0017630226648179814,6.574000000000001e-06,0.0015913150127744302
3288,0.0019485790253384039,0.0017621791048441082,0.0017711523978505284,6.576e-06,0.0015913150127744302
3289,0.002066310727968812,0.002154339905246161,0.0015928775392239913,6.578e-06,0.0015913150127744302
3290,0.0017701757315080613,0.0019388763757888228,0.0015959672746248543,6.580000000000001e-06,0.0015913150127744302
3291,0.00206409435486421,0.0019571319135138765,0.0015783929557073861,6.582000000000001e-06,0.0015913150127744302
3292,0.002085333049762994,0.001745324960211292,0.0017212105012731627,6.584000000000001e-06,0.0015913150127744302
3293,0.0018081249145325273,0.0020652453822549433,0.0016701008571544662,6.586e-06,0.0015913150127744302
3294,0.0020205809705657884,0.0020861712837358937,0.0021858427789993584,6.588000000000001e-06,0.0015913150127744302
3295,0.001957525222678669,0.0020773604774149135,0.0016435526849818416,6.5900000000000004e-06,0.0015913150127744302
3296,0.0017926852306118235,0.0018326822319068015,0.001570828229887411,6.592000000000001e-06,0.0015913150127744302
3297,0.001892401502118446,0.0018846062303055078,0.0017158414993900806,6.594e-06,0.0015913150127744302
3298,0.0018808623572112992,0.0016926343378145248,0.0015058744029374793,6.596000000000001e-06,0.0015913150127744302
3299,0.0018766426801448688,0.0020879147050436586,0.0016914890293264762,6.598000000000001e-06,0.0015913150127744302
3300,0.0021934382966719568,0.0020455076301004738,0.0017723522760206833,6.6e-06,0.0015913150127744302
3301,0.0019017729355255142,0.0019014052668353543,0.0017773422732716426,6.602000000000001e-06,0.0015913150127744302
3302,0.001996094812056981,0.0017601492290850729,0.0017428889404982328,6.604e-06,0.0015913150127744302
3303,0.0019187266734661534,0.0018206318345619366,0.0018916261178674176,6.606000000000001e-06,0.0015913150127744302
3304,0.002028737304499373,0.0019395108538446948,0.0019107074913335964,6.608e-06,0.0015913150127744302
3305,0.00235348564456217,0.0015903432358754799,0.0017889266164274886,6.61e-06,0.0015913150127744302
3306,0.002206542922067456,0.0018701513763517141,0.001471320225391537,6.612000000000001e-06,0.0015903432358754799
3307,0.002059810169157572,0.0022285590384854004,0.001807797911169473,6.6140000000000005e-06,0.0015903432358754799
3308,0.002292999211931601,0.00191592461487744,0.00157760368892923,6.616000000000001e-06,0.0015903432358754799
3309,0.0022935548331588507,0.0017627936758799478,0.0017609782807994634,6.618e-06,0.0015903432358754799
3310,0.0020784411462955177,0.0019033419812330976,0.0017933417984750122,6.620000000000001e-06,0.0015903432358754799
3311,0.0017563594883540645,0.0020251353416824713,0.0016123320965562016,6.622e-06,0.0015903432358754799
3312,0.0018438675033394247,0.002000711814616807,0.0016823886253405362,6.6240000000000004e-06,0.0015903432358754799
3313,0.001773584124748595,0.0019661733094835654,0.0017299445171374828,6.626e-06,0.0015903432358754799
3314,0.001988647592952475,0.0018828009051503614,0.0018570997344795614,6.628000000000001e-06,0.0015903432358754799
3315,0.0018568409432191402,0.0018007772596320137,0.001687470699835103,6.630000000000001e-06,0.0015903432358754799
3316,0.0022526759566972032,0.0017969397740671411,0.0015583671483909711,6.632e-06,0.0015903432358754799
3317,0.0019292341312393546,0.002080894191749394,0.0019089792622253299,6.634000000000001e-06,0.0015903432358754799
3318,0.002089512985548936,0.001983445792575367,0.0015457896734005772,6.6360000000000005e-06,0.0015903432358754799
3319,0.00179367842792999,0.0021221210481598973,0.0016432177508249879,6.638000000000001e-06,0.0015903432358754799
3320,0.001889942359412089,0.0019711316272150725,0.0016256463422905654,6.64e-06,0.0015903432358754799
3321,0.0018951442325487733,0.0017834759200923145,0.0017259996675420552,6.642000000000001e-06,0.0015903432358754799
3322,0.0019092787842964754,0.001906115299789235,0.0016233440401265398,6.644e-06,0.0015903432358754799
3323,0.0017663039034232497,0.0017798947665141895,0.0016556139453314245,6.646e-06,0.0015903432358754799
3324,0.0018062496674247086,0.0018348431767662987,0.0016816943534649909,6.648000000000001e-06,0.0015903432358754799
3325,0.0019164961122442037,0.0018812344642356038,0.0019518240733304992,6.650000000000001e-06,0.0015903432358754799
3326,0.0021210676641203463,0.0019026339577976614,0.0016930259298533201,6.652000000000001e-06,0.0015903432358754799
3327,0.001994835663936101,0.002017016988247633,0.001532548849354498,6.654e-06,0.0015903432358754799
3328,0.0020171053329249844,0.0018729564908426255,0.0018759435188258067,6.656000000000001e-06,0.0015903432358754799
3329,0.001953374856384471,0.002029288763878867,0.0017391628789482638,6.658e-06,0.0015903432358754799
3330,0.0019689999608090147,0.001958477689186111,0.001737034326652065,6.660000000000001e-06,0.0015903432358754799
3331,0.0019548798736650497,0.0017860542429843917,0.001641049690078944,6.662e-06,0.0015903432358754799
3332,0.001902072923257947,0.0018859244446502998,0.0015368414169643074,6.664e-06,0.0015903432358754799
3333,0.0019064659863943234,0.002025220135692507,0.001945463751326315,6.666000000000001e-06,0.0015903432358754799
3334,0.0017478114896221086,0.0018198334728367627,0.0018484881147742271,6.668e-06,0.0015903432358754799
3335,0.0019732836226467043,0.0017191496008308604,0.0017269396921619773,6.6700000000000005e-06,0.0015903432358754799
3336,0.001882409444078803,0.0017367067048326135,0.0015847894828766584,6.672e-06,0.0015903432358754799
3337,0.002091224494506605,0.002054505966953002,0.002111580179189332,6.674000000000001e-06,0.0015903432358754799
3338,0.0018168324750149623,0.0017405384569428861,0.0017941723635885864,6.676e-06,0.0015903432358754799
3339,0.0020758228638442233,0.0017420015064999461,0.0017189343489008024,6.678e-06,0.0015903432358754799
3340,0.0020557424722937867,0.0020322739728726447,0.0016938964545261115,6.680000000000001e-06,0.0015903432358754799
3341,0.001625814154976979,0.0018425346643198282,0.0015096376155270264,6.6820000000000006e-06,0.0015903432358754799
3342,0.0020088877208763734,0.0022724538866896182,0.00173591538623441,6.684000000000001e-06,0.0015903432358754799
3343,0.0018315291817998514,0.0020395859028212726,0.0018839820986613631,6.686e-06,0.0015903432358754799
3344,0.0019009433453902602,0.0016975945327430964,0.0017161084106191993,6.688000000000001e-06,0.0015903432358754799
3345,0.002068391680950299,0.0018545234197517857,0.0020002881210530177,6.69e-06,0.0015903432358754799
3346,0.002083666928228922,0.001752548268996179,0.0017608156485948712,6.6920000000000005e-06,0.0015903432358754799
3347,0.001890596147859469,0.0018698614876484498,0.0015861862193560228,6.694e-06,0.0015903432358754799
3348,0.002020221436396241,0.001836652692873031,0.0018313882173970342,6.696000000000001e-06,0.0015903432358754799
3349,0.0022920113697182387,0.001717718187137507,0.0016438700986327603,6.698000000000001e-06,0.0015903432358754799
3350,0.0019064956286456436,0.0015961001627147198,0.0015628405817551538,6.7e-06,0.0015903432358754799
3351,0.00193217713967897,0.0018868269835365936,0.0015511304518440738,6.702000000000001e-06,0.0015903432358754799
3352,0.0018904509488493204,0.0018709945434238762,0.0017242692993022501,6.7040000000000005e-06,0.0015903432358754799
3353,0.0017279635649174452,0.0020168128685327247,0.0019701540004462004,6.706000000000001e-06,0.0015903432358754799
3354,0.0018471947842044756,0.0018688930140342563,0.0018227648106403649,6.708e-06,0.0015903432358754799
3355,0.001924136609886773,0.001852047091233544,0.0017129287589341402,6.710000000000001e-06,0.0015903432358754799
3356,0.002258135165902786,0.00191853083379101,0.0016144114488270134,6.712e-06,0.0015903432358754799
3357,0.0021426394814625382,0.0020384852396091446,0.0017839403008110821,6.7140000000000004e-06,0.0015903432358754799
3358,0.0018483755848137662,0.0018205121159553528,0.0015206997777568176,6.7160000000000014e-06,0.0015903432358754799
3359,0.0016848684317665175,0.0017668124055489898,0.0016849162784637883,6.718000000000001e-06,0.0015903432358754799
3360,0.0019946863467339426,0.0020754290162585676,0.0017234834813280031,6.720000000000001e-06,0.0015903432358754799
3361,0.0018493183742975816,0.0017696423456072807,0.0014158360281726345,6.722e-06,0.0015903432358754799
3362,0.001769191716448404,0.0015693011955590919,0.0016285195088130422,6.724000000000001e-06,0.0015903432358754799
3363,0.0017816322069847956,0.0016579413349973038,0.0015792264457559213,6.726e-06,0.0015693011955590919
3364,0.0021763854165328667,0.0020813567098230124,0.0016524184757145122,6.728000000000001e-06,0.0015693011955590919
3365,0.0019311229698359966,0.0019112751324428245,0.0017707219085423276,6.73e-06,0.0015693011955590919
3366,0.002134121474227868,0.0016400246095145121,0.0017393928283127025,6.732e-06,0.0015693011955590919
3367,0.0018531468522269279,0.001935332504217513,0.0017818954802351072,6.734000000000001e-06,0.0015693011955590919
3368,0.0021101303573232144,0.0017570709242136218,0.0016548032290302217,6.736e-06,0.0015693011955590919
3369,0.0018394673825241625,0.0021487156773218885,0.0017473612388130277,6.7380000000000005e-06,0.0015693011955590919
3370,0.0017015930789057165,0.002054810494882986,0.0015019470156403258,6.74e-06,0.0015693011955590919
3371,0.0019052554562222213,0.0019908271642634645,0.001677898530033417,6.742000000000001e-06,0.0015693011955590919
3372,0.0018606399389682338,0.0018061705050058663,0.0016142260428750888,6.744e-06,0.0015693011955590919
3373,0.0018474761309335008,0.0018647890392458066,0.0017348165856674314,6.746e-06,0.0015693011955590919
3374,0.0017868675931822509,0.002105566454702057,0.0017002415552269667,6.748000000000001e-06,0.0015693011955590919
3375,0.001762632149620913,0.0020639755384763703,0.0015834384539630264,6.750000000000001e-06,0.0015693011955590919
3376,0.0018502700258977711,0.0018217493197880685,0.0018402911518933252,6.752000000000001e-06,0.0015693011955590919
3377,0.0018078662251355127,0.0021500141447177157,0.0016037122259149328,6.754e-06,0.0015693011955590919
3378,0.001847650928539224,0.0018592553678900003,0.001733506636810489,6.756000000000001e-06,0.0015693011955590919
3379,0.0017795463791117072,0.0018821289559127763,0.0019371271191630512,6.758e-06,0.0015693011955590919
3380,0.0019297089893370867,0.002382763021159917,0.0017607883492019027,6.7600000000000005e-06,0.0015693011955590919
3381,0.0020795589225599542,0.0018567996594356373,0.001656158798141405,6.762e-06,0.0015693011955590919
3382,0.0019480757910059765,0.0017222399037564173,0.00170072540640831,6.764000000000001e-06,0.0015693011955590919
3383,0.0020851843000855297,0.0018364763964200392,0.0019142219825880602,6.766000000000001e-06,0.0015693011955590919
3384,0.0022424591443268582,0.0018724634282989427,0.0017656519776210189,6.768e-06,0.0015693011955590919
3385,0.002119829659932293,0.0016115132748382166,0.001372285551042296,6.770000000000001e-06,0.0015693011955590919
3386,0.0020029809820698574,0.00200451334239915,0.0016091217548819259,6.7720000000000006e-06,0.0015693011955590919
3387,0.0018045512988464907,0.001980910397833213,0.0015273528406396508,6.774000000000001e-06,0.0015693011955590919
3388,0.0015542001492576674,0.002151294786017388,0.0013019398029427975,6.776e-06,0.0015693011955590919
3389,0.0022241050173761323,0.0018921011069323868,0.0016907576937228441,6.778000000000001e-06,0.0015693011955590919
3390,0.0017335452721454203,0.0017438488866901025,0.0017289162788074464,6.78e-06,0.0015693011955590919
3391,0.0020050290186190978,0.0019837704894598573,0.0014490820540231653,6.7820000000000005e-06,0.0015693011955590919
3392,0.0018987144867423922,0.0017484775162301958,0.0017993565124925226,6.7840000000000015e-06,0.0015693011955590919
3393,0.001953887680429034,0.0019648319139378145,0.0018072491366183385,6.786000000000001e-06,0.0015693011955590919
3394,0.0019344008032931015,0.0017690677486825734,0.001978567859623581,6.788000000000001e-06,0.0015693011955590919
3395,0.0020165928435744718,0.00167610208154656,0.001327992053120397,6.79e-06,0.0015693011955590919
3396,0.0020388270495459437,0.0021174489374971017,0.0016082241636468098,6.792000000000001e-06,0.0015693011955590919
3397,0.0018905189936049283,0.001789372312487103,0.0019691649940796196,6.794e-06,0.0015693011955590919
3398,0.0019480525224935263,0.001596638758201152,0.0016919438203331083,6.796000000000001e-06,0.0015693011955590919
3399,0.0019024551002075896,0.0019411707035033032,0.0016472199204145,6.798e-06,0.0015693011955590919
3400,0.0019728333281818777,0.0016792387468740344,0.0017088759632315487,6.8e-06,0.0015693011955590919
3401,0.002143478603102267,0.001947382334037684,0.001629959573619999,6.802000000000001e-06,0.0015693011955590919
3402,0.0017555538652231917,0.0019956065953010693,0.0017019509541569278,6.804e-06,0.0015693011955590919
3403,0.0020899033697787672,0.0019262131099822,0.0015085931227076799,6.8060000000000006e-06,0.0015693011955590919
3404,0.0019669383473228663,0.0020180364226689562,0.0015325425192713737,6.808e-06,0.0015693011955590919
3405,0.001994452191866003,0.0016661693371133879,0.0017248838412342593,6.810000000000001e-06,0.0015693011955590919
3406,0.0017945998552022502,0.001752937794663012,0.0015861857973504812,6.812e-06,0.0015693011955590919
3407,0.0019638214871520177,0.001938406829140149,0.0016352692182408646,6.814e-06,0.0015693011955590919
3408,0.0019571750453906134,0.002026490372372791,0.001423458415956702,6.816000000000001e-06,0.0015693011955590919
3409,0.002076730379485525,0.002054386306554079,0.001753597243805416,6.818000000000001e-06,0.0015693011955590919
3410,0.0018527665233705193,0.0015188577672233805,0.0015871766081545502,6.820000000000001e-06,0.0015693011955590919
3411,0.0019537069892976433,0.0018130402168026194,0.0015377424424514174,6.822e-06,0.0015188577672233805
3412,0.0017700688040349633,0.0019314786477480084,0.0017975629161810502,6.824000000000001e-06,0.0015188577672233805
3413,0.0018453112134011462,0.001569247993757017,0.001685731898760423,6.826e-06,0.0015188577672233805
3414,0.0018868394690798596,0.001965811228728853,0.001356728476821445,6.8280000000000005e-06,0.0015188577672233805
3415,0.0022695274965371937,0.0018425211892463267,0.0017827008123276755,6.83e-06,0.0015188577672233805
3416,0.0019192543695680797,0.0021348477312130854,0.001662302020122297,6.832000000000001e-06,0.0015188577672233805
3417,0.001789808928151615,0.0019944759260397404,0.001611423766007647,6.834000000000001e-06,0.0015188577672233805
3418,0.0018902193114627153,0.0020183087181067094,0.0018087099597323686,6.836e-06,0.0015188577672233805
3419,0.001750012394040823,0.0019432710396358743,0.0016974398022284731,6.838000000000001e-06,0.0015188577672233805
3420,0.0018196219170931727,0.0019270424090791494,0.001743489527143538,6.840000000000001e-06,0.0015188577672233805
3421,0.0017396832263329998,0.0017897677462315187,0.0014420151564991102,6.842000000000001e-06,0.0015188577672233805
3422,0.002291549666551873,0.0016955477331066504,0.001458607817767188,6.844e-06,0.0015188577672233805
3423,0.001945682248333469,0.00181235620402731,0.0014177422999637201,6.846000000000001e-06,0.0015188577672233805
3424,0.0017243050097022206,0.0016292521468130872,0.0018148694653064013,6.848e-06,0.0015188577672233805
3425,0.002010395473917015,0.002060259590507485,0.00175277070957236,6.8500000000000005e-06,0.0015188577672233805
3426,0.0018841887067537755,0.0019175163470208645,0.0014955797887523659,6.8520000000000015e-06,0.0015188577672233805
3427,0.0019812759855994955,0.001741199695970863,0.001601486059371382,6.854000000000001e-06,0.0015188577672233805
3428,0.0017692901456030086,0.0018047772900899872,0.0017357266915496439,6.856000000000001e-06,0.0015188577672233805
3429,0.0015979870950104669,0.0017834942555055022,0.0019242566486354917,6.858e-06,0.0015188577672233805
3430,0.0020132468780502677,0.0017530217592138797,0.0017536162631586194,6.860000000000001e-06,0.0015188577672233805
3431,0.002071746566798538,0.002120772347552702,0.0016045105876401067,6.862e-06,0.0015188577672233805
3432,0.0017667280044406652,0.0017868316353997216,0.0016594511980656534,6.864000000000001e-06,0.0015188577672233805
3433,0.0017677757132332772,0.001817414304241538,0.0019140049407724291,6.866e-06,0.0015188577672233805
3434,0.0021771435713162646,0.0018986529321409762,0.0016363239556085318,6.868e-06,0.0015188577672233805
3435,0.0021622316271532327,0.002215467655332759,0.0018317762442165986,6.870000000000001e-06,0.0015188577672233805
3436,0.0019036569428863004,0.001915088141686283,0.0017383172089466825,6.8720000000000004e-06,0.0015188577672233805
3437,0.001786757267836947,0.0018118037114618346,0.0014751712224096991,6.874000000000001e-06,0.0015188577672233805
3438,0.001712199387839064,0.0017690590320853516,0.0017323151259915903,6.876e-06,0.0015188577672233805
3439,0.002080961727187969,0.0015982418990461156,0.0016985576367005706,6.878000000000001e-06,0.0015188577672233805
3440,0.0017932735645445064,0.0015813769423402846,0.0015900955040706322,6.88e-06,0.0015188577672233805
3441,0.0020141689892625436,0.0018150836403947324,0.0015834548539714888,6.882e-06,0.0015188577672233805
3442,0.001827483341912739,0.0022493844153359532,0.0015133964770939201,6.884000000000001e-06,0.0015188577672233805
3443,0.001949206503923051,0.0017333963041892275,0.0014629865254391916,6.886000000000001e-06,0.0015188577672233805
3444,0.0015730171580798924,0.001580574462423101,0.0016521637589903548,6.888000000000001e-06,0.0015188577672233805
3445,0.0019563149253372103,0.0018798147211782634,0.0017557041137479246,6.89e-06,0.0015188577672233805
3446,0.002108260552631691,0.0020508565212367103,0.0014539794792653993,6.892000000000001e-06,0.0015188577672233805
3447,0.002254290913697332,0.0018708791467361152,0.0016284981975331903,6.894e-06,0.0015188577672233805
3448,0.00205466928309761,0.0019524734234437346,0.001587122053024359,6.8960000000000006e-06,0.0015188577672233805
3449,0.0018176204175688326,0.0018112900579581037,0.0017140918935183436,6.898e-06,0.0015188577672233805
3450,0.0021543910552281886,0.0018457924015820026,0.001830036155297421,6.900000000000001e-06,0.0015188577672233805
3451,0.0017169163475045934,0.0017621169245103374,0.001462989705032669,6.902000000000001e-06,0.0015188577672233805
3452,0.002002211069338955,0.0018967614450957626,0.0015553830016870052,6.904e-06,0.0015188577672233805
3453,0.0019125581457046792,0.0017147881007986143,0.0013394827401498333,6.906000000000001e-06,0.0015188577672233805
3454,0.0018446677568135783,0.0019346936896909028,0.001715272810542956,6.908000000000001e-06,0.0015188577672233805
3455,0.00191785441711545,0.0017550182965351269,0.0017612804658710957,6.910000000000001e-06,0.0015188577672233805
3456,0.0016911361090024002,0.001724001151160337,0.0017628811474423856,6.912e-06,0.0015188577672233805
3457,0.0018053482490358874,0.0015378734824480489,0.0014806782128289342,6.914000000000001e-06,0.0015188577672233805
3458,0.001670346173341386,0.001871086613391526,0.0016053830986493267,6.9159999999999995e-06,0.0015188577672233805
3459,0.001643125928239897,0.0016607826692052186,0.0017354411975247785,6.9180000000000005e-06,0.0015188577672233805
3460,0.001861402633949183,0.0018472653609933332,0.0013048986002104357,6.9200000000000015e-06,0.0015188577672233805
3461,0.0017618627898627892,0.0017105585866374895,0.001586940066772513,6.922e-06,0.0015188577672233805
3462,0.002162980192224495,0.0017522714333608747,0.0016079274646472186,6.924000000000001e-06,0.0015188577672233805
3463,0.0019042222993448377,0.0018504301988286898,0.001449027011403814,6.926e-06,0.0015188577672233805
3464,0.001885071411379613,0.0019099510973319411,0.001540814344480168,6.928e-06,0.0015188577672233805
3465,0.002094341500196606,0.0018624766235006973,0.0016153079777723178,6.93e-06,0.0015188577672233805
3466,0.00196245577535592,0.001695485392701812,0.0017315258155576885,6.932000000000001e-06,0.0015188577672233805
3467,0.001634506566915661,0.0018127369185094722,0.0015740685048513114,6.934e-06,0.0015188577672233805
3468,0.0018743630935205147,0.0018932954990305007,0.0016457604506285861,6.936e-06,0.0015188577672233805
3469,0.0018807156448019668,0.0018817175878211856,0.00131140963640064,6.938000000000001e-06,0.0015188577672233805
3470,0.001831770860007964,0.0014754043804714456,0.0013602466351585463,6.9400000000000005e-06,0.0015188577672233805
3471,0.0017635761614656076,0.002036208999925293,0.0016192069597309455,6.942000000000001e-06,0.0014754043804714456
3472,0.0018167507951147854,0.0017394348978996277,0.0014909039164194837,6.944e-06,0.0014754043804714456
3473,0.0018711858429014683,0.0018043514719465747,0.0016187313885893673,6.946000000000001e-06,0.0014754043804714456
3474,0.0018164453067583963,0.0018248202686663717,0.00163181361858733,6.948e-06,0.0014754043804714456
3475,0.0018469749920768663,0.001879996620118618,0.001798992045223713,6.95e-06,0.0014754043804714456
3476,0.0019113518064841628,0.0019991618901258335,0.0016659703833283857,6.952000000000001e-06,0.0014754043804714456
3477,0.0019444260688032955,0.0015784507559146732,0.0013473835206241347,6.954000000000001e-06,0.0014754043804714456
3478,0.0018206191016361117,0.0019678279641084373,0.001512478178483434,6.956000000000001e-06,0.0014754043804714456
3479,0.0019576033955672756,0.001938660629093647,0.0014747333043487743,6.958e-06,0.0014754043804714456
3480,0.001911920538987033,0.0017244538757950068,0.0014082278139539994,6.960000000000001e-06,0.0014754043804714456
3481,0.0018815051735145971,0.001994476333493367,0.0015906798507785425,6.9620000000000004e-06,0.0014754043804714456
3482,0.0018202554347226396,0.0018182592903031036,0.0016236572992056608,6.964000000000001e-06,0.0014754043804714456
3483,0.0019962850346928462,0.0016602655232418329,0.00139575895445887,6.966e-06,0.0014754043804714456
3484,0.0019908071699319407,0.001719226609566249,0.0015875866083661094,6.968000000000001e-06,0.0014754043804714456
3485,0.002029137554927729,0.0016228386375587434,0.0018041488801827654,6.970000000000001e-06,0.0014754043804714456
3486,0.0017461220413679257,0.0019128491985611618,0.0014656887360615656,6.972e-06,0.0014754043804714456
3487,0.0020435883634490892,0.0020680741872638464,0.0017682070611044765,6.974000000000001e-06,0.0014754043804714456
3488,0.0017193120729643852,0.0021848198666702956,0.0017676423740340397,6.976000000000001e-06,0.0014754043804714456
3489,0.0016910824924707413,0.0017053001356543973,0.0017064604835468344,6.978000000000001e-06,0.0014754043804714456
3490,0.001758851416525431,0.0016484897496411577,0.0015185579977696761,6.98e-06,0.0014754043804714456
3491,0.0018196202581748366,0.0018222124053863809,0.001496654746006243,6.982000000000001e-06,0.0014754043804714456
3492,0.0018042174633592367,0.0018269450956722721,0.0016888158133951947,6.9839999999999995e-06,0.0014754043804714456
3493,0.0019092092843493447,0.001692849094979465,0.0014691855612909421,6.9860000000000005e-06,0.0014754043804714456
3494,0.001904831879073754,0.0018792147748172283,0.0017141819116659462,6.9880000000000015e-06,0.0014754043804714456
3495,0.0019285624148324132,0.0018594918656162918,0.0016770321963122115,6.99e-06,0.0014754043804714456
3496,0.002111839334247634,0.0017579384439159185,0.0014384804817382246,6.992000000000001e-06,0.0014754043804714456
3497,0.0019809460936812684,0.0015670963184675202,0.0014911667094565928,6.994e-06,0.0014754043804714456
3498,0.0018590854306239635,0.0017832168086897582,0.0015756024440634064,6.9960000000000004e-06,0.0014754043804714456
3499,0.0020613976812455803,0.0017390968569088727,0.0015318968435167335,6.998e-06,0.0014754043804714456
3500,0.0020916505163768306,0.0016108257987070829,0.0014964951114961877,7.000000000000001e-06,0.0014754043804714456
3501,0.0018555269634816796,0.0019717118702828884,0.0015484612522413954,7.002e-06,0.0014754043804714456
3502,0.001957491345820017,0.0018650474085006863,0.0015642262296751142,7.004e-06,0.0014754043804714456
3503,0.001721639491734095,0.0018513566901674494,0.001785866727004759,7.006000000000001e-06,0.0014754043804714456
3504,0.0018695493054110557,0.0016735290846554562,0.0016855526337167248,7.0080000000000005e-06,0.0014754043804714456
3505,0.0018036470282822847,0.0019053827418247238,0.0017609627975616604,7.010000000000001e-06,0.0014754043804714456
3506,0.00183491175994277,0.0018411204509902745,0.0014417445345316082,7.012e-06,0.0014754043804714456
3507,0.0017399594216840342,0.0016645705181872472,0.0018894966488005593,7.014000000000001e-06,0.0014754043804714456
3508,0.0017206393094966188,0.001932387865963392,0.0017716768488753587,7.016e-06,0.0014754043804714456
3509,0.001715281789074652,0.0018446216417942196,0.0014721600309712812,7.018e-06,0.0014754043804714456
3510,0.001967001022421755,0.0018961102177854627,0.0017863037064671516,7.020000000000001e-06,0.0014754043804714456
3511,0.0019214632775401697,0.001595726324012503,0.0015201992428046651,7.022000000000001e-06,0.0014754043804714456
3512,0.0016542641096748412,0.001558341464260593,0.0014742808998562396,7.024000000000001e-06,0.0014754043804714456
3513,0.001857683397247456,0.00180740503128618,0.0012975022254977375,7.026e-06,0.0014754043804714456
3514,0.0019362572784302756,0.0015202437643893063,0.001900760835269466,7.028000000000001e-06,0.0014754043804714456
3515,0.001825755345635116,0.0015541008033324033,0.001522479476989247,7.0300000000000005e-06,0.0014754043804714456
3516,0.0017157879483420402,0.0016463200299767777,0.0014825127291260287,7.032000000000001e-06,0.0014754043804714456
3517,0.001896714195027016,0.0018010730273090303,0.001571288230479695,7.034e-06,0.0014754043804714456
3518,0.0018749598530121148,0.0018491669761715457,0.001673008970101364,7.036000000000001e-06,0.0014754043804714456
3519,0.001784480773494579,0.0019080956117250025,0.0015912469971226528,7.038000000000001e-06,0.0014754043804714456
3520,0.0017880420637084171,0.0016090235876617953,0.0015593901043757796,7.04e-06,0.0014754043804714456
3521,0.001694843012955971,0.0018003950244747102,0.0014869447986711748,7.042000000000001e-06,0.0014754043804714456
3522,0.001582255499670282,0.0019416082941461354,0.0017882239044411108,7.044000000000001e-06,0.0014754043804714456
3523,0.001802647442673333,0.0017405149555997923,0.0016170088201761246,7.046000000000001e-06,0.0014754043804714456
3524,0.0018719265353865921,0.0018715119076659903,0.0016357597633032128,7.048e-06,0.0014754043804714456
3525,0.001640545146074146,0.001940246656886302,0.0016039629990700632,7.050000000000001e-06,0.0014754043804714456
3526,0.0019596354104578495,0.001584592420840636,0.001660306821577251,7.0519999999999996e-06,0.0014754043804714456
3527,0.002040132792899385,0.0015102750185178593,0.0014621853624703363,7.0540000000000006e-06,0.0014754043804714456
3528,0.0018378263484919444,0.0018886854377342388,0.0016507410909980536,7.0560000000000016e-06,0.0014754043804714456
3529,0.0019222410628572106,0.0021855271043023095,0.001559771248139441,7.058e-06,0.0014754043804714456
3530,0.0017554916121298447,0.0015233977610478178,0.0015449883503606543,7.060000000000001e-06,0.0014754043804714456
3531,0.0017215954576386139,0.001634180051041767,0.0015007777183200233,7.062e-06,0.0014754043804714456
3532,0.0018714021862251684,0.0017230200173798949,0.0016363014292437583,7.0640000000000005e-06,0.0014754043804714456
3533,0.0018422143475618213,0.0018713851750362664,0.00139799271710217,7.066e-06,0.0014754043804714456
3534,0.002092733295285143,0.0019332729862071574,0.0017315367731498554,7.068000000000001e-06,0.0014754043804714456
3535,0.0016924763476708904,0.0017892075411509722,0.0015946922794682905,7.07e-06,0.0014754043804714456
3536,0.0017625070904614404,0.0018632709980010986,0.0016578733484493569,7.072e-06,0.0014754043804714456
3537,0.0018568113446235657,0.001689366574282758,0.001675111911026761,7.074000000000001e-06,0.0014754043804714456
3538,0.0020170875068288296,0.0015955682829371653,0.0014286198347690515,7.0760000000000005e-06,0.0014754043804714456
3539,0.0017068161687348038,0.001654428182519041,0.0016176006101886742,7.078000000000001e-06,0.0014754043804714456
3540,0.0015996862493921071,0.001606005142093636,0.0018018679547822103,7.08e-06,0.0014754043804714456
3541,0.001638299407204613,0.0014671896424260922,0.0015940666780807078,7.082000000000001e-06,0.0014754043804714456
3542,0.0017805470706662163,0.0016985841357382014,0.0015018835620139726,7.084e-06,0.0014671896424260922
3543,0.0019490143022267148,0.0015938318392727524,0.0014519540272885934,7.0860000000000004e-06,0.0014671896424260922
3544,0.002007956602028571,0.0016711726784706116,0.0015968316729413345,7.0880000000000014e-06,0.0014671896424260922
3545,0.001724698522593826,0.0014751545677427202,0.0013687722093891352,7.090000000000001e-06,0.0014671896424260922
3546,0.0018808531312970445,0.0017367656400892884,0.0015103282494237646,7.092000000000001e-06,0.0014671896424260922
3547,0.001815400886698626,0.0017132328066509217,0.0017595975223230198,7.094e-06,0.0014671896424260922
3548,0.0016929915436776355,0.0017307401431025937,0.001828522450523451,7.096000000000001e-06,0.0014671896424260922
3549,0.001966480296687223,0.0017979535259655677,0.0015648526168661192,7.0980000000000005e-06,0.0014671896424260922
3550,0.001508714325609617,0.001917456233059056,0.0015392379427794367,7.100000000000001e-06,0.0014671896424260922
3551,0.0019118624477414414,0.0016825851052999496,0.0014948647149140015,7.102e-06,0.0014671896424260922
3552,0.0019076694443356246,0.0012772670888807625,0.0014179064746713266,7.104000000000001e-06,0.0014671896424260922
3553,0.0015311726310756058,0.0016283593577099964,0.0016081103385658935,7.106000000000001e-06,0.0012772670888807625
3554,0.0019169962615706027,0.0018386573356110603,0.0017172717780340463,7.108e-06,0.0012772670888807625
3555,0.0016536473121959716,0.0016745475440984592,0.001504937739809975,7.110000000000001e-06,0.0012772670888807625
3556,0.0019306457979837433,0.0018494788382668048,0.001527640430140309,7.112000000000001e-06,0.0012772670888807625
3557,0.0017858551582321525,0.0016700624109944329,0.0017291662807110697,7.114000000000001e-06,0.0012772670888807625
3558,0.0017492714832769707,0.0017074994248105213,0.0015387722960440442,7.116e-06,0.0012772670888807625
3559,0.0017943846032721922,0.0016396739229094237,0.0014508741442114115,7.118000000000001e-06,0.0012772670888807625
3560,0.0016883062053238973,0.001505272462964058,0.0014519122923957184,7.12e-06,0.0012772670888807625
3561,0.001677065360127017,0.0017888548609334975,0.0016563038661843166,7.122000000000001e-06,0.0012772670888807625
3562,0.0018663839146029204,0.0017873795586638153,0.0015649466367904097,7.124000000000002e-06,0.0012772670888807625
3563,0.0020264190243324265,0.002042043037363328,0.002141067321645096,7.126e-06,0.0012772670888807625
3564,0.0020555258670356125,0.0014508345775539055,0.0015450270002475008,7.128000000000001e-06,0.0012772670888807625
3565,0.0016562054952373728,0.0014965253503760323,0.0017457198991905898,7.13e-06,0.0012772670888807625
3566,0.0016522846999578178,0.0015834467340027913,0.0016487496613990515,7.1320000000000005e-06,0.0012772670888807625
3567,0.0017049086018232629,0.0015688884304836392,0.0013591931638075039,7.134e-06,0.0012772670888807625
3568,0.0017395985778421164,0.0017318020109087229,0.001509439098299481,7.136000000000001e-06,0.0012772670888807625
3569,0.00199849609634839,0.0016379168082494289,0.0014042182810953818,7.138e-06,0.0012772670888807625
3570,0.0015242104564094916,0.0016572807799093425,0.001581992968567647,7.14e-06,0.0012772670888807625
3571,0.0018414591322652996,0.0016325760807376355,0.0015458397538168356,7.142000000000001e-06,0.0012772670888807625
3572,0.0017092819762183353,0.0016004447534214705,0.0015495174593525007,7.1440000000000005e-06,0.0012772670888807625
3573,0.001779704645741731,0.0017947739688679576,0.0014429913790081628,7.146000000000001e-06,0.0012772670888807625
3574,0.0016835837450344115,0.002064115076791495,0.001564466001582332,7.148e-06,0.0012772670888807625
3575,0.0017926935252035037,0.0017914742056746036,0.0018031935469480231,7.150000000000001e-06,0.0012772670888807625
3576,0.0016352845268556848,0.0016272660432150587,0.0015224352609948255,7.152e-06,0.0012772670888807625
3577,0.0015493841492570937,0.0016711558564566076,0.0015474958781851456,7.1540000000000005e-06,0.0012772670888807625
3578,0.0019766079349210486,0.002006560011068359,0.0016839983873069286,7.1560000000000015e-06,0.0012772670888807625
3579,0.0019261962443124503,0.001404240814736113,0.0013540131112677045,7.158000000000001e-06,0.0012772670888807625
3580,0.0016566266858717427,0.0016972154553513974,0.0014306912198662758,7.160000000000001e-06,0.0012772670888807625
3581,0.001724702466162853,0.0016525917744729668,0.0016706438909750432,7.162e-06,0.0012772670888807625
3582,0.0017544754955451936,0.0017059808742487803,0.001402208159561269,7.164000000000001e-06,0.0012772670888807625
3583,0.0018656578322406858,0.0015129742096178234,0.0014408272400032729,7.1660000000000005e-06,0.0012772670888807625
3584,0.0020138271065661684,0.0014505386643577367,0.0013475622690748423,7.168000000000001e-06,0.0012772670888807625
3585,0.001822317746700719,0.0016836424329085276,0.0014491871625068597,7.17e-06,0.0012772670888807625
3586,0.0017601003492018208,0.001835760092944838,0.0012148177993367426,7.172000000000001e-06,0.0012772670888807625
3587,0.001618484136997722,0.0013625477731693536,0.001524928942671977,7.174000000000001e-06,0.0012772670888807625
3588,0.0016589484584983438,0.001680551707977429,0.0013883357678423636,7.176e-06,0.0012772670888807625
3589,0.0017519021348562092,0.00196039755246602,0.001380166009766981,7.178000000000001e-06,0.0012772670888807625
3590,0.0017975770606426522,0.0018514467810746282,0.001739732746500522,7.18e-06,0.0012772670888807625
3591,0.002091370217385702,0.001493693227530457,0.0012659261119551957,7.182000000000001e-06,0.0012772670888807625
3592,0.0018037230474874377,0.0017185542674269527,0.0017072532937163487,7.184e-06,0.0012772670888807625
3593,0.001826941705076024,0.001613209220522549,0.0014933697093511,7.186e-06,0.0012772670888807625
3594,0.0019836657447740436,0.0017860427178675309,0.0013838101149303839,7.188e-06,0.0012772670888807625
3595,0.0017432797030778602,0.0016684892761986703,0.0014594068052247167,7.190000000000001e-06,0.0012772670888807625
3596,0.001659572051721625,0.0015340153622673824,0.0013744533134740777,7.192000000000001e-06,0.0012772670888807625
3597,0.002092981623718515,0.0019591857999330387,0.0016529285348951817,7.194e-06,0.0012772670888807625
3598,0.0016769427165854722,0.001745645233313553,0.0013779179425910115,7.196000000000001e-06,0.0012772670888807625
3599,0.0019970448629464954,0.00184904522029683,0.0015632007707608864,7.198e-06,0.0012772670888807625
3600,0.0017874061013571918,0.0017873900796985254,0.0014893365223542787,7.2000000000000005e-06,0.0012772670888807625
3601,0.0018111493263859302,0.0013676754460902885,0.001468634043703787,7.202e-06,0.0012772670888807625
3602,0.0019649211317300797,0.001825067272875458,0.0015376758674392477,7.204000000000001e-06,0.0012772670888807625
3603,0.0017881834355648607,0.0016724828019505367,0.0016398439329350367,7.206e-06,0.0012772670888807625
3604,0.0017608115158509463,0.001749678936903365,0.0012568098318297416,7.208e-06,0.0012772670888807625
3605,0.0017361273057758808,0.0018069392390316352,0.001546168015920557,7.210000000000001e-06,0.0012772670888807625
3606,0.001969307180843316,0.001638289846596308,0.0016554283065488562,7.2120000000000006e-06,0.0012772670888807625
3607,0.001866800303105265,0.0018011503998422995,0.0016581160016357899,7.214000000000001e-06,0.0012772670888807625
3608,0.0017869715229608119,0.0015067819258547388,0.0012585266085807234,7.216e-06,0.0012772670888807625
3609,0.0016859268071129918,0.001647242039325647,0.0014889522572048008,7.218000000000001e-06,0.0012772670888807625
3610,0.0016460885381093249,0.001503601946751587,0.001394731407344807,7.22e-06,0.0012772670888807625
3611,0.0019445263751549646,0.0019575206242734566,0.0014707121517858468,7.2220000000000005e-06,0.0012772670888807625
3612,0.001591136766364798,0.0017149246705230325,0.0017122148274211213,7.2240000000000015e-06,0.0012772670888807625
3613,0.0018113591650035232,0.0016037046152632684,0.0016186949869734235,7.226000000000001e-06,0.0012772670888807625
3614,0.0017900543607538566,0.0017222885508090258,0.0012489401560742408,7.228000000000001e-06,0.0012772670888807625
3615,0.0018070992664434016,0.0015555441204924136,0.0015944739279802889,7.23e-06,0.0012772670888807625
3616,0.0017457063222536817,0.0017686639330349863,0.0016142136009875685,7.232000000000001e-06,0.0012772670888807625
3617,0.0017887347203213722,0.0015858234255574644,0.0017710451065795496,7.2340000000000005e-06,0.0012772670888807625
3618,0.0016087185067590326,0.0017899836821015924,0.0013806599308736622,7.236000000000001e-06,0.0012772670888807625
3619,0.0015918882854748517,0.001537741583888419,0.0016464590007672086,7.238e-06,0.0012772670888807625
3620,0.0018508155480958521,0.0016918552428251132,0.0014868139114696532,7.240000000000001e-06,0.0012772670888807625
3621,0.0017880543746287003,0.0016591466119280085,0.0013369910593610257,7.242000000000001e-06,0.0012772670888807625
3622,0.0018732138851191849,0.0015223364462144673,0.001371488833683543,7.2440000000000004e-06,0.0012772670888807625
3623,0.0017403749516233802,0.0014312134153442457,0.0012757958393194713,7.2460000000000014e-06,0.0012772670888807625
3624,0.0018214714218629524,0.001632651372347027,0.0017515819054096937,7.248e-06,0.0012772670888807625
3625,0.0017424333636881784,0.0016556551709072664,0.0018367697630310431,7.250000000000001e-06,0.0012772670888807625
3626,0.001735578553052619,0.0017215232946909964,0.0016938034095801413,7.252e-06,0.0012772670888807625
3627,0.001600952644366771,0.001745576926623471,0.0014903076444170438,7.254e-06,0.0012772670888807625
3628,0.0015206660464173183,0.0020815162715734914,0.0016867198719410226,7.256e-06,0.0012772670888807625
3629,0.0015221886133076623,0.0018561521137598902,0.0015208820987027138,7.258000000000001e-06,0.0012772670888807625
3630,0.001627214311156422,0.0016319198039127514,0.0015576566802337766,7.260000000000001e-06,0.0012772670888807625
3631,0.0019088007393293083,0.0016355900297639892,0.0012350698307272978,7.262e-06,0.0012772670888807625
3632,0.0017781006608856842,0.0016054666484706104,0.0012729892550851218,7.264000000000001e-06,0.0012772670888807625
3633,0.001758202037308365,0.0018343790579820052,0.001492791619966738,7.266e-06,0.0012772670888807625
3634,0.0018385302973911166,0.0014772977738175541,0.0015869504713919014,7.2680000000000005e-06,0.0012772670888807625
3635,0.00170477970095817,0.0016250120097538456,0.0012921424422529526,7.27e-06,0.0012772670888807625
3636,0.0016440350591437891,0.0018258608761243522,0.0016091090947156772,7.272000000000001e-06,0.0012772670888807625
3637,0.001794151874491945,0.0015987094957381487,0.0011702756528393365,7.274e-06,0.0012772670888807625
3638,0.001681063586147502,0.0018539324955781922,0.0015047056222101673,7.276e-06,0.0012772670888807625
3639,0.0017100993281928822,0.0013856164005119354,0.001479600992752239,7.278000000000001e-06,0.0012772670888807625
3640,0.0019973889575339854,0.0017174835229525343,0.0013187952572479844,7.280000000000001e-06,0.0012772670888807625
3641,0.0017927925364347175,0.0014483192499028519,0.0012830621417379007,7.282000000000001e-06,0.0012772670888807625
3642,0.0018270158470841125,0.0015004755405243486,0.0013801583045278676,7.284e-06,0.0012772670888807625
3643,0.0015968847437761724,0.0017618392157601193,0.0014815865433774889,7.286000000000001e-06,0.0012772670888807625
3644,0.001669567180215381,0.001637830282561481,0.0016783133905846626,7.288e-06,0.0012772670888807625
3645,0.0016629227029625326,0.0017964606086025015,0.0012900661313324235,7.2900000000000005e-06,0.0012772670888807625
3646,0.0016162750398507342,0.0015440193383255973,0.001196441167849116,7.2920000000000015e-06,0.0012772670888807625
3647,0.0016969287389656529,0.0016079726337920874,0.0013910084962844849,7.294000000000001e-06,0.0012772670888807625
3648,0.0017747963283909485,0.0016663464703015052,0.001506413143943064,7.296000000000001e-06,0.0012772670888807625
3649,0.0018017240945482627,0.0015027001645648852,0.0013753156672464684,7.298e-06,0.0012772670888807625
3650,0.0018449888739269227,0.0016751477669458836,0.0014562992146238685,7.300000000000001e-06,0.0012772670888807625
3651,0.0015613902942277491,0.0014911983016645536,0.0017397288320353255,7.3020000000000006e-06,0.0012772670888807625
3652,0.0017267770017497241,0.0016127091585076414,0.0013209738754085265,7.304000000000001e-06,0.0012772670888807625
3653,0.0017484698037151247,0.00176365724473726,0.0015649686247343197,7.306e-06,0.0012772670888807625
3654,0.0015182345086941496,0.0017805199895519763,0.0015647305335733108,7.308000000000001e-06,0.0012772670888807625
3655,0.0018479461723472923,0.0015783310227561742,0.0015107313374755904,7.310000000000001e-06,0.0012772670888807625
3656,0.0016260060510830954,0.0015433492080774158,0.0015873631928116083,7.3120000000000005e-06,0.0012772670888807625
3657,0.0018533614347688854,0.001647969831537921,0.00144148530671373,7.3140000000000015e-06,0.0012772670888807625
3658,0.0017049944872269407,0.0017056643991963938,0.0016310198479914106,7.316e-06,0.0012772670888807625
3659,0.0017227347707375884,0.0017843026435002685,0.0018079452274832875,7.318000000000001e-06,0.0012772670888807625
3660,0.0016892430430743843,0.0017355717718601227,0.0014081972403801046,7.32e-06,0.0012772670888807625
3661,0.0016895829321583733,0.001601359123014845,0.0013171485625207424,7.322e-06,0.0012772670888807625
3662,0.00157163743278943,0.0017955610528588295,0.0016550735963392071,7.324e-06,0.0012772670888807625
3663,0.0016209180903388187,0.0015843912406126037,0.0015357412194134668,7.326000000000001e-06,0.0012772670888807625
3664,0.0018230449204565957,0.001560348377097398,0.0014550727573805489,7.328000000000001e-06,0.0012772670888807625
3665,0.0015043090097606182,0.0016747887420933694,0.0015361253317678347,7.33e-06,0.0012772670888807625
3666,0.001867609447799623,0.0014974335645092651,0.0015602068888256326,7.332000000000001e-06,0.0012772670888807625
3667,0.001957857675733976,0.001580336844199337,0.0017369761189911515,7.3340000000000004e-06,0.0012772670888807625
3668,0.0017248859658138826,0.0014681528700748459,0.0013106553451507352,7.3360000000000006e-06,0.0012772670888807625
3669,0.0017471069731982425,0.0014386543189175427,0.00125481922441395,7.338e-06,0.0012772670888807625
3670,0.001782070437911898,0.0015394094079965726,0.0015577481826767325,7.340000000000001e-06,0.0012772670888807625
3671,0.0015539996093139052,0.00185034355672542,0.0014339954359456897,7.342e-06,0.0012772670888807625
3672,0.0017697340808808804,0.0016638956003589556,0.001518103148555383,7.344e-06,0.0012772670888807625
3673,0.0018883387238020077,0.001593626569956541,0.00149694130232092,7.346000000000001e-06,0.0012772670888807625
3674,0.0016425863723270595,0.00155994929082226,0.0015939644654281437,7.348000000000001e-06,0.0012772670888807625
3675,0.0016636152140563354,0.0015963004407240078,0.0012894049432361498,7.350000000000001e-06,0.0012772670888807625
3676,0.001532397320261225,0.0017266391223529354,0.001409001721185632,7.352e-06,0.0012772670888807625
3677,0.0017121432611020282,0.0014809788117418066,0.0015316597709897906,7.354000000000001e-06,0.0012772670888807625
3678,0.0016518853808520362,0.0014433507749345154,0.0013478219043463469,7.356e-06,0.0012772670888807625
3679,0.0017062742845155299,0.0016325789474649355,0.001411795528838411,7.3580000000000005e-06,0.0012772670888807625
3680,0.001624951881240122,0.0017292237316723913,0.0015545380592811853,7.3600000000000015e-06,0.0012772670888807625
3681,0.0016952799924183637,0.0014453883050009608,0.0014482819533441216,7.362000000000001e-06,0.0012772670888807625
3682,0.0017084892751881853,0.0016706274764146656,0.0014427900750888512,7.364000000000001e-06,0.0012772670888807625
3683,0.001643168885493651,0.0017205824406119063,0.0014431387317017652,7.366e-06,0.0012772670888807625
3684,0.0017651644884608686,0.0015251118602463976,0.0013636425574077293,7.368000000000001e-06,0.0012772670888807625
3685,0.0014935353538021445,0.0019207676377845928,0.0014460450038313866,7.37e-06,0.0012772670888807625
3686,0.0016634303610771894,0.001446311827749014,0.0016825527854962274,7.372000000000001e-06,0.0012772670888807625
3687,0.0015073944232426584,0.0015934761322569102,0.0014986225287429988,7.374e-06,0.0012772670888807625
3688,0.0018316074856556952,0.001925755335832946,0.0013472512509906664,7.376e-06,0.0012772670888807625
3689,0.00164329020481091,0.0015645594539819285,0.0015686058322899044,7.378000000000001e-06,0.0012772670888807625
3690,0.001670729587203823,0.0014351748759509064,0.001583413773914799,7.3800000000000005e-06,0.0012772670888807625
3691,0.0015864602464716882,0.0016252585337497294,0.001469662573072128,7.382000000000001e-06,0.0012772670888807625
3692,0.0018925216427305713,0.0017752790736267343,0.0013969153515063226,7.384e-06,0.0012772670888807625
3693,0.0016823271289467812,0.0017212902312166989,0.0016047397075453773,7.386000000000001e-06,0.0012772670888807625
3694,0.0016890684346435592,0.0016860224568517879,0.0016374666301999241,7.388e-06,0.0012772670888807625
3695,0.001773985888576135,0.0014922360787750222,0.0013835585850756615,7.39e-06,0.0012772670888807625
3696,0.0014026526623638347,0.0018832498462870717,0.0014808389532845467,7.392e-06,0.0012772670888807625
3697,0.0016159873484866694,0.0013625193387269974,0.001330614606558811,7.394000000000001e-06,0.0012772670888807625
3698,0.0017466282297391444,0.001644653602852486,0.0014409767391043715,7.396000000000001e-06,0.0012772670888807625
3699,0.0015178734756773338,0.0017033425101544708,0.0013941283323219977,7.398e-06,0.0012772670888807625
3700,0.002027094436925836,0.0015371303306892514,0.0015821776614757255,7.400000000000001e-06,0.0012772670888807625
3701,0.0018253434536745772,0.0014260891257436015,0.0014866830024402589,7.4020000000000005e-06,0.0012772670888807625
3702,0.001740827297908254,0.0016184596897801384,0.0013729958373005502,7.404000000000001e-06,0.0012772670888807625
3703,0.0018214665324194357,0.0017699195741442963,0.001223940125782974,7.406e-06,0.0012772670888807625
3704,0.0017310371767962351,0.0017447000573156402,0.0015659757336834446,7.408000000000001e-06,0.0012772670888807625
3705,0.0016310391656588763,0.0014718384627485648,0.0012835013476433232,7.41e-06,0.0012772670888807625
3706,0.0016008605889510363,0.0016339021094609052,0.0017537277017254382,7.412e-06,0.0012772670888807625
3707,0.0017347411339869723,0.0014801315555814654,0.0015936613053781912,7.414000000000001e-06,0.0012772670888807625
3708,0.001837047704611905,0.0015862352156545967,0.0014486280997516587,7.416000000000001e-06,0.0012772670888807625
3709,0.0017801191133912653,0.0014186117186909541,0.001342765441222582,7.418000000000001e-06,0.0012772670888807625
3710,0.0015404966106871143,0.0014603418967453763,0.0014495718569378369,7.42e-06,0.0012772670888807625
3711,0.0017627918568905443,0.001612678766832687,0.0016537840565433726,7.422000000000001e-06,0.0012772670888807625
3712,0.0016453989665023983,0.0015337105724029243,0.0013898104516556486,7.424e-06,0.0012772670888807625
3713,0.001520838457508944,0.0015362270351033658,0.0015642242869944312,7.4260000000000006e-06,0.0012772670888807625
3714,0.0016693844954716042,0.0017767888639355078,0.0016194620839087293,7.4280000000000016e-06,0.0012772670888807625
3715,0.002008038485655561,0.0020953458588337526,0.00140784663381055,7.430000000000001e-06,0.0012772670888807625
3716,0.0018530647503212094,0.0015516353014390916,0.0015583018393954262,7.432000000000001e-06,0.0012772670888807625
3717,0.0018544375634519383,0.0016262488934444264,0.0013448283789330162,7.434e-06,0.0012772670888807625
3718,0.0013783122994937003,0.0015133450360735878,0.0015138152084546164,7.436000000000001e-06,0.0012772670888807625
3719,0.001596710440935567,0.0015067157946759835,0.001534640061436221,7.438e-06,0.0012772670888807625
3720,0.0018765498098218814,0.001538912438263651,0.0014432947427849285,7.440000000000001e-06,0.0012772670888807625
3721,0.0016685271839378402,0.0012923586909892038,0.0015334256895584986,7.442e-06,0.0012772670888807625
3722,0.0016249606414930895,0.0013648943859152496,0.001570979438838549,7.444e-06,0.0012772670888807625
3723,0.0016976211772998795,0.001844513273681514,0.0014805308819632046,7.446000000000001e-06,0.0012772670888807625
3724,0.0016765940963523462,0.0015435829845955595,0.0015731252497062087,7.4480000000000005e-06,0.0012772670888807625
3725,0.0017560360865900293,0.0016840111056808382,0.0015786046569701284,7.450000000000001e-06,0.0012772670888807625
3726,0.0016463964275317267,0.0017266219074372202,0.0015465937904082239,7.452e-06,0.0012772670888807625
3727,0.0017617375124245882,0.001553033827804029,0.0013811129610985518,7.454000000000001e-06,0.0012772670888807625
3728,0.0018107635260093957,0.0015179561596596614,0.0015150143153732643,7.456e-06,0.0012772670888807625
3729,0.0016605650162091479,0.0017235107225133106,0.001545660947158467,7.458e-06,0.0012772670888807625
3730,0.001887854450615123,0.0016350182850146666,0.0015030128124635667,7.46e-06,0.0012772670888807625
3731,0.001748549213516526,0.00154215979273431,0.0016316896362695843,7.462000000000001e-06,0.0012772670888807625
3732,0.0016279132250929251,0.001643573894398287,0.001509974230430089,7.464000000000001e-06,0.0012772670888807625
3733,0.0017105213773902506,0.001394048405927606,0.0015046002954477444,7.466e-06,0.0012772670888807625
3734,0.0016017708403524011,0.0015793955244589597,0.0013535395555663854,7.468000000000001e-06,0.0012772670888807625
3735,0.0016518018383067101,0.0019267719762865454,0.0014755318843526766,7.4700000000000005e-06,0.0012772670888807625
3736,0.0014989168266765773,0.0016581611998844892,0.0013727776822634041,7.472000000000001e-06,0.0012772670888807625
3737,0.0016983454552246258,0.001732449309201911,0.0014676661739940755,7.474e-06,0.0012772670888807625
3738,0.0017714870627969503,0.00156197881733533,0.0014381792934727855,7.476000000000001e-06,0.0012772670888807625
3739,0.0014375275641214103,0.0016050757112680003,0.0012694943361566402,7.478e-06,0.0012772670888807625
3740,0.001682852816884406,0.0020066358702024445,0.0015852045908104628,7.48e-06,0.0012772670888807625
3741,0.0014539063413394615,0.0016408712544944137,0.0014661240275017917,7.482000000000001e-06,0.0012772670888807625
3742,0.0017490332393208519,0.001442794906324707,0.0012844559678342193,7.484000000000001e-06,0.0012772670888807625
3743,0.0018690078431973234,0.0014704431232530624,0.0013021061167819425,7.486000000000001e-06,0.0012772670888807625
3744,0.0016383297479478642,0.001474252247135155,0.0016957976040430367,7.488e-06,0.0012772670888807625
3745,0.0017869214789243415,0.0013859759710612707,0.0017324141517747194,7.490000000000001e-06,0.0012772670888807625
3746,0.0015646844840375707,0.001771499461028725,0.0014491307010757737,7.4920000000000004e-06,0.0012772670888807625
3747,0.00166267019812949,0.0014949674514355138,0.0013037314420216717,7.494000000000001e-06,0.0012772670888807625
3748,0.001791351503925398,0.001516896445536986,0.0013440820475807413,7.496000000000002e-06,0.0012772670888807625
3749,0.0017889925511553884,0.00156596620217897,0.001657040193094872,7.498000000000001e-06,0.0012772670888807625
3750,0.001637837616726756,0.001561993471113965,0.001556803414132446,7.500000000000001e-06,0.0012772670888807625
3751,0.0017117011739173904,0.001568756706546992,0.001418739244400058,7.502e-06,0.0012772670888807625
3752,0.0017911315080709755,0.0016308984049828723,0.0014402672823052853,7.504000000000001e-06,0.0012772670888807625
3753,0.0015758806257508695,0.0016104275564430282,0.0016803451726445928,7.506e-06,0.0012772670888807625
3754,0.0015980453608790413,0.0014484338462352753,0.0015793064230820164,7.508000000000001e-06,0.0012772670888807625
3755,0.0017808249249355868,0.0016151217423612252,0.0016342300368705764,7.51e-06,0.0012772670888807625
3756,0.001667602322413586,0.0013498784246621653,0.0015445523604284972,7.512e-06,0.0012772670888807625
3757,0.0016454340948257595,0.0017121523414971307,0.0015425110468640924,7.514000000000001e-06,0.0012772670888807625
3758,0.0016228996391873807,0.0016759426944190636,0.0014231081149773672,7.5160000000000005e-06,0.0012772670888807625
3759,0.001699865999398753,0.0018378460663370788,0.0015854500816203654,7.518000000000001e-06,0.0012772670888807625
3760,0.0016207430744543672,0.0014089254982536659,0.0013212751655373722,7.52e-06,0.0012772670888807625
3761,0.0016267259052256122,0.0016210444155149162,0.0015868510236032307,7.522000000000001e-06,0.0012772670888807625
3762,0.0016857930168043822,0.0015769817400723696,0.0014526298764394596,7.524e-06,0.0012772670888807625
3763,0.0017926511354744434,0.0017593649827176705,0.0015611141570843756,7.5260000000000004e-06,0.0012772670888807625
3764,0.0018054509710054845,0.0015337303630076349,0.0015527161303907633,7.528e-06,0.0012772670888807625
3765,0.0016395780694438145,0.0019551365840015933,0.00170316276489757,7.530000000000001e-06,0.0012772670888807625
3766,0.0017663990729488432,0.0016535970935365185,0.0016924615774769336,7.532000000000001e-06,0.0012772670888807625
3767,0.0016431497933808714,0.0013747702687396668,0.0011781319408328272,7.534e-06,0.0012772670888807625
3768,0.0016215067589655519,0.0015484112373087555,0.0014041713729966432,7.536000000000001e-06,0.0012772670888807625
3769,0.0019317278784001246,0.0013797200663248077,0.0012910399382235482,7.5380000000000005e-06,0.0012772670888807625
3770,0.0018770295719150454,0.0015119018935365602,0.0013537321356125176,7.540000000000001e-06,0.0012772670888807625
3771,0.0016509518027305603,0.001390907447785139,0.0012338467568042688,7.542e-06,0.0012772670888807625
3772,0.0014790961577091366,0.0015589577233185992,0.0012792303459718823,7.544000000000001e-06,0.0012772670888807625
3773,0.0017451879248255864,0.0014128587645245716,0.0014494499046122655,7.546e-06,0.0012772670888807625
3774,0.0015889464411884546,0.0015939118602545932,0.001309432067500893,7.548e-06,0.0012772670888807625
3775,0.0016670511104166508,0.001510655041784048,0.0014203209575498477,7.550000000000001e-06,0.0012772670888807625
3776,0.001569631065649446,0.0015483074967050925,0.001511082169599831,7.552000000000001e-06,0.0012772670888807625
3777,0.0016055181622505188,0.001474745848099701,0.0015237905754474923,7.554000000000001e-06,0.0012772670888807625
3778,0.0016483827348565683,0.0016395762650063261,0.001398088614223525,7.556e-06,0.0012772670888807625
3779,0.0015965061029419303,0.0016291080246446654,0.0011676297726808116,7.558000000000001e-06,0.0012772670888807625
3780,0.0015850575146032497,0.0014936897714505903,0.0012459426507120952,7.5600000000000005e-06,0.0012772670888807625
3781,0.00139214561204426,0.0015745294076623395,0.0011900548051926307,7.562000000000001e-06,0.0012772670888807625
3782,0.0015970813838066533,0.0014035294079803862,0.001333471416728571,7.564000000000002e-06,0.0012772670888807625
3783,0.0016223593120230362,0.0014982487045926973,0.0015355227806139737,7.566000000000001e-06,0.0012772670888807625
3784,0.00143127485353034,0.001423903311660979,0.0013726467950618826,7.568000000000001e-06,0.0012772670888807625
3785,0.0017191555089084432,0.0014763560611754656,0.0012882228038506582,7.57e-06,0.0012772670888807625
3786,0.0017967087478609756,0.0015280441875802353,0.0015783727139933035,7.572000000000001e-06,0.0012772670888807625
3787,0.0018321983370697126,0.0013956742477603257,0.0015750628808746114,7.574e-06,0.0012772670888807625
3788,0.0019529645651346073,0.0016318457855959423,0.0014777156757190824,7.576000000000001e-06,0.0012772670888807625
3789,0.0015983172779669985,0.0016044693911680952,0.0012756082287523896,7.578e-06,0.0012772670888807625
3790,0.001605005149031058,0.001451277159503661,0.0014331632264656946,7.58e-06,0.0012772670888807625
3791,0.0018765329150483012,0.0014964948568376713,0.001349507860140875,7.582000000000001e-06,0.0012772670888807625
3792,0.001985817012609914,0.0015306965942727402,0.0013589040536317043,7.5840000000000006e-06,0.0012772670888807625
3793,0.001826861232984811,0.0019495604938128963,0.001400365938025061,7.586000000000001e-06,0.0012772670888807625
3794,0.0016975587932392955,0.001586306098033674,0.001801094927941449,7.588e-06,0.0012772670888807625
3795,0.0016949339769780636,0.0014565683086402714,0.001509321889898274,7.590000000000001e-06,0.0012772670888807625
3796,0.001482012463384308,0.0016445251094410196,0.0015202963550109416,7.592e-06,0.0012772670888807625
3797,0.0017032373434631154,0.0013839774546795525,0.0013310569629538804,7.5940000000000005e-06,0.0012772670888807625
3798,0.0015183740615611896,0.0015769116434967145,0.0015361879632109776,7.596e-06,0.0012772670888807625
3799,0.0016018903988879174,0.0015914282848825678,0.0013928295593359508,7.598000000000001e-06,0.0012772670888807625
3800,0.0016505206876900047,0.0016035910812206566,0.0013201077963458374,7.600000000000001e-06,0.0012772670888807625
3801,0.001875560250482522,0.0015345738356700167,0.00158556412498001,7.602e-06,0.0012772670888807625
3802,0.0018004351004492491,0.0016186268185265362,0.0013306479377206415,7.604000000000001e-06,0.0012772670888807625
3803,0.001661566348047927,0.001705730363028124,0.001325638615526259,7.6060000000000005e-06,0.0012772670888807625
3804,0.0017030817543854937,0.0016005168436095119,0.001316810754360631,7.608000000000001e-06,0.0012772670888807625
3805,0.001545908351545222,0.0016441633342765272,0.001436297970940359,7.61e-06,0.0012772670888807625
3806,0.0016951052530203015,0.0014302725830930285,0.0015626328968210146,7.612000000000001e-06,0.0012772670888807625
3807,0.0017013283650157973,0.0014821898876107298,0.0015054284885991365,7.614e-06,0.0012772670888807625
3808,0.0015934734983602539,0.0016135907790157944,0.0013557439888245426,7.6160000000000004e-06,0.0012772670888807625
3809,0.001693663900368847,0.0014449401351157576,0.0012873771847807802,7.6180000000000014e-06,0.0012772670888807625
3810,0.0015064022154547274,0.001362098817480728,0.0012252691230969504,7.620000000000001e-06,0.0012772670888807625
3811,0.0016136849590111524,0.001694546066573821,0.0012268064310774207,7.622000000000001e-06,0.0012772670888807625
3812,0.001789694360923022,0.0013063417718512937,0.001598164402821567,7.624e-06,0.0012772670888807625
3813,0.001675355393672362,0.0014029901212779805,0.0016047671233536676,7.626000000000001e-06,0.0012772670888807625
3814,0.001590548039530404,0.0016559339710511267,0.001493467454565689,7.628e-06,0.0012772670888807625
3815,0.001488383233663626,0.0012993830241612159,0.001282385528611485,7.630000000000001e-06,0.0012772670888807625
3816,0.001607638128916733,0.001559709940920584,0.0012791020635631867,7.632e-06,0.0012772670888807625
3817,0.0017449153965571895,0.0012806071681552567,0.0011561641513253562,7.634e-06,0.0012772670888807625
3818,0.0014783575315959752,0.0013006922745262273,0.0014065849536564201,7.636000000000001e-06,0.0012772670888807625
3819,0.0016712140932213515,0.0017356034513795748,0.0014390537835424766,7.638e-06,0.0012772670888807625
3820,0.0018237100521218963,0.001296515460126102,0.0014030695310793817,7.640000000000001e-06,0.0012772670888807625
3821,0.0018755695346044376,0.0015170273545663804,0.0014384528985829093,7.642e-06,0.0012772670888807625
3822,0.001479162514442578,0.0016198334196815267,0.0016369139557355084,7.644e-06,0.0012772670888807625
3823,0.001944563933648169,0.0014647217030869797,0.0014827072445768863,7.646e-06,0.0012772670888807625
3824,0.0014970249176258221,0.0017687385552562773,0.0012432365911081433,7.648e-06,0.0012772670888807625
3825,0.0016905382071854547,0.0016597416688455269,0.0010992490570060909,7.650000000000001e-06,0.0012772670888807625
3826,0.0013999993971083313,0.001912407751660794,0.0010767383573693223,7.652e-06,0.0012772670888807625
3827,0.0013977308408357203,0.0014666058996226639,0.001345572352875024,7.654000000000002e-06,0.0012772670888807625
3828,0.0016658111562719569,0.0018152328702853993,0.0013714668093598448,7.656000000000001e-06,0.0012772670888807625
3829,0.001522643942735158,0.0013334561735973693,0.00133830862614559,7.658e-06,0.0012772670888807625
3830,0.001521423298981972,0.0013087579791317694,0.00143764988752082,7.66e-06,0.0012772670888807625
3831,0.001670703524723649,0.0015993189008440822,0.0013215535000199452,7.662e-06,0.0012772670888807625
3832,0.0018135277496185154,0.00132197595667094,0.0013537711492972448,7.664e-06,0.0012772670888807625
3833,0.0016619311063550413,0.0014126519236015156,0.0013433036874630488,7.666e-06,0.0012772670888807625
3834,0.0013919551129220054,0.0017438794166082516,0.001403972586558666,7.668000000000002e-06,0.0012772670888807625
3835,0.001672891594353132,0.0014260169555200264,0.0014344486626214348,7.670000000000001e-06,0.0012772670888807625
3836,0.0014625689364038408,0.0016499632329214364,0.0012663095913012512,7.672e-06,0.0012772670888807625
3837,0.00142487417178927,0.0014510055916616693,0.001299595707678236,7.674e-06,0.0012772670888807625
3838,0.0015270641742972657,0.0014219531731214374,0.0014274935747380368,7.676e-06,0.0012772670888807625
3839,0.0013919049088144675,0.0016345336553058587,0.0015211229620035738,7.678e-06,0.0012772670888807625
3840,0.0015821440028958023,0.0015797380765434355,0.0012342921691015363,7.680000000000001e-06,0.0012772670888807625
3841,0.0015614284129696898,0.0015209018456516787,0.0012769751701853238,7.682e-06,0.0012772670888807625
3842,0.0016048659745138139,0.0013786795097985305,0.0013950830834801309,7.684000000000001e-06,0.0012772670888807625
3843,0.0015938969154376537,0.001625357719603926,0.001314458786509931,7.686e-06,0.0012772670888807625
3844,0.0015475290929316543,0.0014432805037358776,0.0013091931541566737,7.688e-06,0.0012772670888807625
3845,0.001665743053308688,0.0015283758330042474,0.0012660392458201386,7.690000000000001e-06,0.0012772670888807625
3846,0.0020377472683321685,0.0013098909330437891,0.001281861012103036,7.692e-06,0.0012772670888807625
3847,0.0015553434059256688,0.00150488039071206,0.0012942682733410038,7.694000000000001e-06,0.0012772670888807625
3848,0.0015078216965775937,0.0014212747337296605,0.0014222788013285026,7.696e-06,0.0012772670888807625
3849,0.0015158010792220011,0.0012072247336618602,0.0012534325942397118,7.698000000000002e-06,0.0012772670888807625
3850,0.0020616931724362075,0.0016730512943468057,0.0014303527132142335,7.7e-06,0.0012072247336618602
3851,0.0015298583602998406,0.0016324170137522742,0.0012899224675493315,7.702e-06,0.0012072247336618602
3852,0.0014751499984413385,0.0017471452883910388,0.0014306261291494593,7.704000000000001e-06,0.0012072247336618602
3853,0.0015782827249495313,0.0017227250355063006,0.0014176183176459745,7.706e-06,0.0012072247336618602
3854,0.0015466461481992155,0.00135574780870229,0.0014171992370393127,7.708000000000001e-06,0.0012072247336618602
3855,0.0015473786770598963,0.001381458481773734,0.0013099648858769797,7.71e-06,0.0012072247336618602
3856,0.0017364577652188018,0.0015173873398452997,0.0011785048336605541,7.712e-06,0.0012072247336618602
3857,0.0015339975798269734,0.0016887216042960063,0.00154591348109534,7.714e-06,0.0012072247336618602
3858,0.001602692311280407,0.0014233837136998773,0.0013852248812327161,7.716e-06,0.0012072247336618602
3859,0.0017591141950106248,0.0014698156010126695,0.0014948014650144614,7.718000000000001e-06,0.0012072247336618602
3860,0.0015874076634645462,0.0013279409176902846,0.0016491405258420855,7.72e-06,0.0012072247336618602
3861,0.0014329794357763603,0.0014739068719791248,0.001574319539940916,7.722000000000002e-06,0.0012072247336618602
3862,0.0015308355941670015,0.0016890992992557585,0.0013370075612328947,7.724000000000001e-06,0.0012072247336618602
3863,0.0016276561509585008,0.0014021283932379447,0.0013610223832074553,7.726e-06,0.0012072247336618602
3864,0.001960865512955934,0.0014300674229161814,0.0014390579890459776,7.728e-06,0.0012072247336618602
3865,0.001753867429215461,0.0015212612779578194,0.0013413499109447002,7.73e-06,0.0012072247336618602
3866,0.00149421083915513,0.0018474192038411275,0.001239593759237323,7.732e-06,0.0012072247336618602
3867,0.0014387673581950366,0.0016297395923174918,0.001313532266067341,7.734e-06,0.0012072247336618602
3868,0.0017295586440013722,0.0014234334157663397,0.0017204685718752444,7.736000000000002e-06,0.0012072247336618602
3869,0.0015897354169283062,0.0014757010649191216,0.0014704987406730652,7.738000000000001e-06,0.0012072247336618602
3870,0.0015902256418485194,0.001875759473477956,0.001666207070229575,7.74e-06,0.0012072247336618602
3871,0.0016930347628658637,0.0015602450221194886,0.00138937675365014,7.742e-06,0.0012072247336618602
3872,0.0015468230267288163,0.0013513268932001665,0.0014302779163699597,7.744e-06,0.0012072247336618602
3873,0.0018020618299487978,0.0014529251493513584,0.0015268634597305208,7.746e-06,0.0012072247336618602
3874,0.0015727526624687016,0.0014606067925342359,0.0015161797709879465,7.748000000000001e-06,0.0012072247336618602
3875,0.0017261135653825477,0.0012830706327804364,0.0012482310266932473,7.75e-06,0.0012072247336618602
3876,0.001673425707849674,0.0013854576245648786,0.001366508447972592,7.752000000000001e-06,0.0012072247336618602
3877,0.0014620318688685074,0.0017186827899422497,0.0013051076093688607,7.754e-06,0.0012072247336618602
3878,0.0015668289852328598,0.0016009104292606935,0.0013453809733618982,7.756e-06,0.0012072247336618602
3879,0.0017482230614405125,0.001303768549405504,0.0015583751592203043,7.758000000000001e-06,0.0012072247336618602
3880,0.001679654757026583,0.0015735108027001843,0.0013341368467081338,7.76e-06,0.0012072247336618602
3881,0.0016526070103282109,0.0016217206284636632,0.0011105861121905036,7.762000000000001e-06,0.0012072247336618602
3882,0.0015275263431249186,0.0014359553679241799,0.0012750661771860905,7.764e-06,0.0012072247336618602
3883,0.001742856649798341,0.0014848319115117192,0.001594491295691114,7.766e-06,0.0012072247336618602
3884,0.001551729379571043,0.0015759177767904475,0.0013590391899924725,7.768e-06,0.0012072247336618602
3885,0.0013761961527052335,0.0013945288883405738,0.0015483176830457523,7.77e-06,0.0012072247336618602
3886,0.0013409798120846972,0.001461225823732093,0.0012333088016021065,7.772000000000001e-06,0.0012072247336618602
3887,0.0016192639304790646,0.0015060894802445546,0.0012948010407853872,7.774e-06,0.0012072247336618602
3888,0.0015925085317576304,0.0016029604084906168,0.0014580168935935944,7.776000000000001e-06,0.0012072247336618602
3889,0.0015286750858649611,0.0014590200589736924,0.0013457456298056059,7.778e-06,0.0012072247336618602
3890,0.0017446736455895007,0.0013507364565157332,0.0013595686759799719,7.78e-06,0.0012072247336618602
3891,0.0016618849767837673,0.0015737745416117832,0.001431849814252928,7.782e-06,0.0012072247336618602
3892,0.0015231219440465793,0.0016055124287959188,0.0013149675287422724,7.784e-06,0.0012072247336618602
3893,0.0015872877702349797,0.001434367470210418,0.001142266162787564,7.786000000000001e-06,0.0012072247336618602
3894,0.0016764729807619005,0.001621068484382704,0.001260225471924059,7.788e-06,0.0012072247336618602
3895,0.0018053830863209441,0.0016128849529195577,0.0015178142202785239,7.790000000000002e-06,0.0012072247336618602
3896,0.001470209492254071,0.0015787744050612673,0.0012146262597525492,7.792000000000001e-06,0.0012072247336618602
3897,0.00136979444505414,0.0014162328152451664,0.0013128851569490507,7.794e-06,0.0012072247336618602
3898,0.0016911979619180784,0.0017263158806599677,0.0012627444593817927,7.796e-06,0.0012072247336618602
3899,0.0015345463471021503,0.0012624933806364425,0.0013134275359334424,7.798e-06,0.0012072247336618602
3900,0.00138754204090219,0.0015813944628462195,0.0012388900649966672,7.8e-06,0.0012072247336618602
3901,0.0015827582828933373,0.0012860231072409078,0.0013624988787341863,7.802000000000001e-06,0.0012072247336618602
3902,0.001383273207466118,0.001678258428000845,0.0013122293894411996,7.804000000000002e-06,0.0012072247336618602
3903,0.0016358502325601876,0.0013974081230117008,0.0011460328823886812,7.806000000000001e-06,0.0012072247336618602
3904,0.0014001018571434543,0.0017490047466708347,0.0012689213908743113,7.808e-06,0.0012072247336618602
3905,0.0016176141652977094,0.0014440632803598419,0.0013137992937117815,7.81e-06,0.0012072247336618602
3906,0.0014669571246486157,0.0016060685738921165,0.0012640227942029014,7.812e-06,0.0012072247336618602
3907,0.0017589386698091403,0.0015866658504819497,0.0013374717891565524,7.814e-06,0.0012072247336618602
3908,0.0017050234891939908,0.001402298774337396,0.0014560983690898865,7.816000000000001e-06,0.0012072247336618602
3909,0.0014895228232489899,0.0013794294791296124,0.0014148258123896085,7.818e-06,0.0012072247336618602
3910,0.0013509817508747801,0.0016481342172482982,0.0013611981266876683,7.820000000000001e-06,0.0012072247336618602
3911,0.0015206241951091215,0.0015596709636156447,0.0012014107560389675,7.822e-06,0.0012072247336618602
3912,0.0014896240973030217,0.0016074283048510551,0.001399055341607891,7.824e-06,0.0012072247336618602
3913,0.0014157320183585398,0.0017195780092151836,0.0012779931857949123,7.826000000000001e-06,0.0012072247336618602
3914,0.0016079507331596687,0.0016711674397811294,0.0013658623065566644,7.828e-06,0.0012072247336618602
3915,0.00137835051282309,0.0013954674359411001,0.001510232439613901,7.830000000000001e-06,0.0012072247336618602
3916,0.0015030211652629077,0.001729295268887654,0.0013787055358989164,7.832e-06,0.0012072247336618602
3917,0.0015048555796965957,0.0014649832955910824,0.0017913326591951773,7.834e-06,0.0012072247336618602
3918,0.0016520536300959066,0.0014449804002651945,0.0013141583403921686,7.836000000000001e-06,0.0012072247336618602
3919,0.0018403530411887914,0.0014548447652487084,0.0013298117119120434,7.838e-06,0.0012072247336618602
3920,0.0015424927187268622,0.0016968628333415836,0.0015724398544989526,7.840000000000001e-06,0.0012072247336618602
3921,0.0015445310564246029,0.0015967166400514543,0.0012799038231605664,7.842e-06,0.0012072247336618602
3922,0.0014790667046327144,0.0013894940639147535,0.0014791707217227668,7.844000000000001e-06,0.0012072247336618602
3923,0.0016568417195230722,0.001540655066492036,0.001605614452273585,7.846e-06,0.0012072247336618602
3924,0.001494820273364894,0.001284176563785877,0.0012696383128059097,7.848e-06,0.0012072247336618602
3925,0.0016002672200556844,0.0014829355204710737,0.001082129128917586,7.85e-06,0.0012072247336618602
3926,0.001732488686684519,0.0013069343112874776,0.0014019631198607385,7.852e-06,0.0012072247336618602
3927,0.0014912837650626898,0.001580643598572351,0.0012156417506048456,7.854000000000001e-06,0.0012072247336618602
3928,0.0014837647904641926,0.0012672116572503,0.0013528673080145381,7.856e-06,0.0012072247336618602
3929,0.001652474282309413,0.0014997560065239668,0.001168942588265054,7.858000000000002e-06,0.0012072247336618602
3930,0.0013133935863152146,0.0015029348724056035,0.0013340012083062902,7.860000000000001e-06,0.0012072247336618602
3931,0.0013618495140690356,0.0015640203491784632,0.0013854171920684166,7.862e-06,0.0012072247336618602
3932,0.0015299447113648057,0.0015654771123081446,0.0014886322460370138,7.864e-06,0.0012072247336618602
3933,0.001576843875227496,0.0014971410855650902,0.001401229717885144,7.866e-06,0.0012072247336618602
3934,0.0016736393299652264,0.0012654428064706735,0.0013602239123429172,7.868e-06,0.0012072247336618602
3935,0.0016646411386318505,0.001554538874188438,0.0015580952021991834,7.870000000000001e-06,0.0012072247336618602
3936,0.0014844781326246448,0.00141127263486851,0.001235564734088257,7.872000000000002e-06,0.0012072247336618602
3937,0.0013562841049861163,0.0016018317692214623,0.0013046050298726186,7.874000000000001e-06,0.0012072247336618602
3938,0.001599671464646235,0.001323722317465581,0.0011784603266278282,7.876e-06,0.0012072247336618602
3939,0.001569044718053192,0.0014343045331770554,0.0013574793847510591,7.878e-06,0.0012072247336618602
3940,0.0014853743341518566,0.0016054529114626348,0.0014245476413634606,7.88e-06,0.0012072247336618602
3941,0.0014687936782138422,0.0015151102124946192,0.0013899127952754498,7.882e-06,0.0012072247336618602
3942,0.0017235473060281947,0.0013390758977038786,0.0015099527809070423,7.884000000000001e-06,0.0012072247336618602
3943,0.0016990359144983813,0.001323157615843229,0.001176550031232182,7.886e-06,0.0012072247336618602
3944,0.0016045716038206592,0.0014035417552804574,0.0012468655040720478,7.888000000000001e-06,0.0012072247336618602
3945,0.0015843301662243903,0.0014945516304578632,0.0011901241523446515,7.89e-06,0.0012072247336618602
3946,0.0016178780642803758,0.0014410746734938584,0.0013002945925109088,7.892e-06,0.0012072247336618602
3947,0.0014537769893649966,0.0016416520229540765,0.0013342922538868152,7.894000000000001e-06,0.0012072247336618602
3948,0.0018560739699751139,0.0013963148521725088,0.0016525879764230922,7.896e-06,0.0012072247336618602
3949,0.0015201423811959103,0.00147235780605115,0.0014708805829286575,7.898000000000001e-06,0.0012072247336618602
3950,0.001270843349630013,0.0014739045436726883,0.0013140576556907035,7.9e-06,0.0012072247336618602
3951,0.0017107540770666674,0.0014640886511188,0.0012769181266776286,7.902e-06,0.0012072247336618602
3952,0.001490434427978471,0.0012788083986379206,0.001257181924302131,7.904000000000001e-06,0.0012072247336618602
3953,0.0015183869109023362,0.0015094736445462331,0.001270470951567404,7.906e-06,0.0012072247336618602
3954,0.0017294992285314947,0.0013087723345961422,0.0014340743509819731,7.908000000000001e-06,0.0012072247336618602
3955,0.0014427168352995068,0.0014982086140662432,0.0014418183418456465,7.91e-06,0.0012072247336618602
3956,0.0016229570319410414,0.0014639884102507494,0.0013765769617748447,7.912000000000001e-06,0.0012072247336618602
3957,0.0016909462719922885,0.0016904769581742585,0.0014539580297423527,7.914e-06,0.0012072247336618602
3958,0.0015386494051199406,0.001587060010933783,0.0015146154764806852,7.916e-06,0.0012072247336618602
3959,0.0016672325582476333,0.0014370426797540858,0.0013556565681938082,7.918e-06,0.0012072247336618602
3960,0.0013767606069450267,0.0013213041238486767,0.0011099568582721986,7.92e-06,0.0012072247336618602
3961,0.0015999013412510976,0.0016426225411123596,0.0014273197448346764,7.922000000000001e-06,0.0012072247336618602
3962,0.0015007255569798872,0.0013759215944446623,0.0013871397532057017,7.924e-06,0.0012072247336618602
3963,0.001584981509950012,0.0013863692001905292,0.0014141394858597778,7.926000000000002e-06,0.0012072247336618602
3964,0.0013928360276622698,0.0019507096149027348,0.001343824085779488,7.928000000000001e-06,0.0012072247336618602
3965,0.0015142902702791616,0.001475737059081439,0.0013011427217861637,7.93e-06,0.0012072247336618602
3966,0.0012615253144758753,0.0012554782806546427,0.0013023687497479841,7.932e-06,0.0012072247336618602
3967,0.0015573607670376077,0.001297354290727526,0.0010996560304192826,7.934e-06,0.0012072247336618602
3968,0.001707374962279573,0.0014309308608062565,0.0012564571734401397,7.936e-06,0.0012072247336618602
3969,0.0014636315463576466,0.0012653958910959773,0.0011573393931030296,7.938000000000001e-06,0.0012072247336618602
3970,0.00133734133123653,0.0015585408254992217,0.0012590647311299108,7.940000000000002e-06,0.0012072247336618602
3971,0.0013999041402712464,0.0013970593136036769,0.001262324323761277,7.942000000000001e-06,0.0012072247336618602
3972,0.0015038024866953492,0.0014419528597500175,0.001332103376626037,7.944e-06,0.0012072247336618602
3973,0.00151770819502417,0.001392803889757488,0.0012494375696405768,7.946e-06,0.0012072247336618602
3974,0.0015366028965217993,0.0015938686847221106,0.0012240804644534364,7.948e-06,0.0012072247336618602
3975,0.0015964455669745803,0.001745601068250835,0.0013141740273567848,7.95e-06,0.0012072247336618602
3976,0.0015524996124440804,0.0015489504585275427,0.0012743511106236838,7.952000000000001e-06,0.0012072247336618602
3977,0.0015585506334900856,0.0014745282314834185,0.001373829334625043,7.954e-06,0.0012072247336618602
3978,0.0016243305581156164,0.0013704435405088589,0.0012944179907208309,7.956000000000001e-06,0.0012072247336618602
3979,0.0015132010885281488,0.001635065142181702,0.0010979883809341118,7.958e-06,0.0012072247336618602
3980,0.0016999471554299816,0.0015671429937356152,0.001562801277032122,7.96e-06,0.0012072247336618602
3981,0.001694029342615977,0.0014510658220387995,0.001312158303335309,7.962000000000001e-06,0.0012072247336618602
3982,0.0015184157382464036,0.001431509961548727,0.0012582933195517398,7.964e-06,0.0012072247336618602
3983,0.0015289152797777206,0.0013226763330749236,0.0013115039255353622,7.966000000000001e-06,0.0012072247336618602
3984,0.0014447833091253415,0.001552816160256043,0.0015731806342955679,7.968e-06,0.0012072247336618602
3985,0.001551398279843852,0.001678072461800184,0.0012784217251464725,7.97e-06,0.0012072247336618602
3986,0.0015506901254411787,0.0014944068534532562,0.0014799424534430727,7.972000000000001e-06,0.0012072247336618602
3987,0.0017507707962067798,0.0012537181610241532,0.001378979315632023,7.974e-06,0.0012072247336618602
3988,0.0015202497379505076,0.0016129452124005184,0.001052462714142166,7.976000000000001e-06,0.0012072247336618602
3989,0.0015061703452374786,0.0015236154140438884,0.0013368967702263035,7.978e-06,0.0012072247336618602
3990,0.0016054448642535135,0.0015865151945035905,0.0013683700381079689,7.980000000000002e-06,0.0012072247336618602
3991,0.0015384333819383755,0.0014117779792286456,0.0012413455770001747,7.982e-06,0.0012072247336618602
3992,0.0016000925097614527,0.0014683188928756863,0.001269980421056971,7.984e-06,0.0012072247336618602
3993,0.0015340591344283894,0.0011665947968140244,0.0016998128339764662,7.986e-06,0.0012072247336618602
3994,0.001398477572365664,0.001180411309178453,0.0014520058612106368,7.988e-06,0.0011665947968140244
3995,0.0014506100706057623,0.0013857180601917207,0.0014195627518347465,7.990000000000001e-06,0.0011665947968140244
3996,0.001535110131953843,0.001518085329735186,0.001259593162103556,7.992e-06,0.0011665947968140244
3997,0.0016921919086598791,0.0014767877510166727,0.0011813867240562104,7.994000000000002e-06,0.0011665947968140244
3998,0.0014578063492081128,0.0015557675651507452,0.0014290918988990597,7.996000000000001e-06,0.0011665947968140244
3999,0.001355943619273603,0.0014436434794333763,0.0015287863425328396,7.998e-06,0.0011665947968140244
4000,0.0012914065810036846,0.0015249369607772678,0.0014341588102979586,8e-06,0.0011665947968140244
4001,0.0016243760037468746,0.0012030921498080716,0.0012189326080260798,8.002e-06,0.0011665947968140244
4002,0.0014281914554885589,0.0015516624844167382,0.0016227125888690352,8.004e-06,0.0011665947968140244
4003,0.0018112040997948498,0.0014067162992432714,0.0011905356877832673,8.006000000000001e-06,0.0011665947968140244
4004,0.0015027701447252184,0.0014163212472340092,0.001111612822569441,8.008000000000002e-06,0.0011665947968140244
4005,0.0015916019910946488,0.0015324490959756076,0.0014324011135613546,8.010000000000001e-06,0.0011665947968140244
4006,0.001451773066946771,0.0013572398747783154,0.0015367461746791378,8.012e-06,0.0011665947968140244
4007,0.0015715423214714974,0.0012807426683139056,0.0012677042104769498,8.014e-06,0.0011665947968140244
4008,0.001500107697211206,0.001373076534946449,0.0012436459001037292,8.016e-06,0.0011665947968140244
4009,0.0015647910622647032,0.0014141310239210725,0.0011432253450038843,8.018e-06,0.0011665947968140244
4010,0.0016000227042241022,0.0013389013474807143,0.001451339339837432,8.020000000000001e-06,0.0011665947968140244
4011,0.0017002066597342491,0.0011896419819095172,0.0012448955239960924,8.022e-06,0.0011665947968140244
4012,0.0014044333656784147,0.0013417818554444239,0.00133367239322979,8.024e-06,0.0011665947968140244
4013,0.0014399726496776566,0.0017142724827863276,0.0012670054129557684,8.026e-06,0.0011665947968140244
4014,0.0016530559223610908,0.0015591776609653607,0.00136777940497268,8.028e-06,0.0011665947968140244
4015,0.0015626184904249385,0.0011996601897408254,0.001373554317979142,8.030000000000001e-06,0.0011665947968140244
4016,0.0015474706306122243,0.0015752881299704313,0.0015614098374499008,8.032e-06,0.0011665947968140244
4017,0.0016875676228664815,0.0011901641555596143,0.0012928434734931216,8.034000000000001e-06,0.0011665947968140244
4018,0.0013036203672527336,0.0014736249577254057,0.0009786614682525396,8.036e-06,0.0011665947968140244
4019,0.0016254177899099886,0.001481085259001702,0.0012552796688396484,8.038e-06,0.0011665947968140244
4020,0.0016231022600550205,0.0014452090181293897,0.0012671685690293089,8.040000000000001e-06,0.0011665947968140244
4021,0.001650432517635636,0.0014239786542020738,0.0012357079685898498,8.042e-06,0.0011665947968140244
4022,0.0016908418183447793,0.0012836625246563926,0.0013201708134147339,8.044000000000001e-06,0.0011665947968140244
4023,0.001669294506427832,0.0014487723965430632,0.0012193823713460006,8.046e-06,0.0011665947968140244
4024,0.0016786962369224057,0.0015444899399881251,0.0010566028649918735,8.048000000000002e-06,0.0011665947968140244
4025,0.0014809184649493545,0.0016556428017793223,0.001415169273968786,8.050000000000001e-06,0.0011665947968140244
4026,0.0014747961977263913,0.0014449886366492137,0.001144978181400802,8.052e-06,0.0011665947968140244
4027,0.001508755245595239,0.0013708791811950505,0.0013507668554666452,8.054e-06,0.0011665947968140244
4028,0.0013503226364264265,0.0012982737753191032,0.0011789292548201047,8.056e-06,0.0011665947968140244
4029,0.0015315021737478673,0.0012783141137333587,0.001123585221648682,8.058000000000001e-06,0.0011665947968140244
4030,0.0014277686132118106,0.0015872241201577708,0.0013983685348648578,8.06e-06,0.0011665947968140244
4031,0.001595934561919421,0.0013622208207380027,0.0014584264281438664,8.062000000000002e-06,0.0011665947968140244
4032,0.0013564341934397817,0.0012804470679839142,0.0013130643346812576,8.064000000000001e-06,0.0011665947968140244
4033,0.00130401903152233,0.0012278907452127896,0.0014551482599927112,8.066e-06,0.0011665947968140244
4034,0.0014770280104130507,0.0014629441211582161,0.0013042259961366653,8.068e-06,0.0011665947968140244
4035,0.0016003413766156882,0.00140728732367279,0.0011882115359185264,8.07e-06,0.0011665947968140244
4036,0.001206776410981547,0.001544053593534045,0.0011255721110501327,8.072e-06,0.0011665947968140244
4037,0.0014733790958416648,0.0013269057308207266,0.0009773389319889247,8.074000000000001e-06,0.0011665947968140244
4038,0.0013966110709588975,0.0016212710761465132,0.0016112956363940611,8.076000000000002e-06,0.0011665947968140244
4039,0.001594370864040684,0.0012107369548175484,0.001245657833351288,8.078000000000001e-06,0.0011665947968140244
4040,0.0015648098633391783,0.0016469004840473644,0.0013568344875238836,8.08e-06,0.0011665947968140244
4041,0.0016644581191940233,0.0013075474125798792,0.0012628976255655289,8.082e-06,0.0011665947968140244
4042,0.0013794125043204986,0.0013711507199332118,0.0010432256531203166,8.084000000000001e-06,0.0011665947968140244
4043,0.0014328409015433863,0.001436935090168845,0.0013305729225976393,8.086e-06,0.0011665947968140244
4044,0.001703854046354536,0.0013869175818399526,0.0014296690205810592,8.088000000000001e-06,0.0011665947968140244
4045,0.001478991616750136,0.0015120542520890012,0.0012956822611158714,8.09e-06,0.0011665947968140244
4046,0.0014271722902776673,0.0013660847471328452,0.0012679927749559283,8.092e-06,0.0011665947968140244
4047,0.0014645704941358417,0.00140881042170804,0.00139603455318138,8.094e-06,0.0011665947968140244
4048,0.0013195737628848292,0.0012736539283650927,0.00114471823326312,8.096e-06,0.0011665947968140244
4049,0.0015468853962374851,0.0015547934744972736,0.0012258924543857574,8.098000000000001e-06,0.0011665947968140244
4050,0.0014384916285052896,0.0012795541624655016,0.001037401583744213,8.1e-06,0.0011665947968140244
4051,0.0015639033663319424,0.001278835188713856,0.0012500134762376547,8.102000000000001e-06,0.0011665947968140244
4052,0.0014783049991820008,0.0015384316502604634,0.0012355625804048032,8.104e-06,0.0011665947968140244
4053,0.0015988660015864298,0.0014689040472148918,0.001182149921078235,8.106e-06,0.0011665947968140244
4054,0.0017890622548293322,0.0013555184996221215,0.0011061808036174625,8.108000000000001e-06,0.0011665947968140244
4055,0.0017796073225326836,0.0013628836459247395,0.0011402539312257431,8.11e-06,0.0011665947968140244
4056,0.001459597100620158,0.0015729056613054127,0.0012761347607010975,8.112000000000001e-06,0.0011665947968140244
4057,0.0013780619628960267,0.0010302611044608057,0.0011914104034076445,8.114e-06,0.0011665947968140244
4058,0.001493415591539815,0.001411039411323145,0.0012577637244248763,8.116000000000002e-06,0.0010302611044608057
4059,0.001491990486101713,0.001340141156106256,0.0012092011529603042,8.118000000000001e-06,0.0010302611044608057
4060,0.0016587954451097175,0.0014568775077350438,0.001083471201127395,8.12e-06,0.0010302611044608057
4061,0.001499445854278747,0.001361542621452827,0.0013431214829324745,8.122e-06,0.0010302611044608057
4062,0.0015727028803667054,0.0013203030321164988,0.0012285057382541709,8.124e-06,0.0010302611044608057
4063,0.0016912745631998405,0.0012755297648254782,0.0013486436437233351,8.126000000000001e-06,0.0010302611044608057
4064,0.001474971097195521,0.0012842023425037041,0.001133926649345085,8.128e-06,0.0010302611044608057
4065,0.0019749454222619534,0.001484201078710612,0.0012564501594169997,8.130000000000002e-06,0.0010302611044608057
4066,0.0016297206602757797,0.001356880740786437,0.0010426523294881918,8.132000000000001e-06,0.0010302611044608057
4067,0.0014410071235033683,0.0013843103952240199,0.0012236979746376164,8.134e-06,0.0010302611044608057
4068,0.0015024158637970686,0.0012078064901288599,0.0013010291368118487,8.136e-06,0.0010302611044608057
4069,0.0015922619350021705,0.0013942272926215082,0.0014902605907991529,8.138e-06,0.0010302611044608057
4070,0.0015144071076065302,0.0015042446902953088,0.0011327392785460688,8.14e-06,0.0010302611044608057
4071,0.0018027909827651456,0.0014739536272827536,0.001209984882734716,8.142000000000001e-06,0.0010302611044608057
4072,0.0015066988926264457,0.0013899839541409165,0.0013985764962853864,8.144000000000002e-06,0.0010302611044608057
4073,0.0013527191040338948,0.0012243676173966378,0.0011039915480068885,8.146000000000001e-06,0.0010302611044608057
4074,0.0015792795893503353,0.0017057334480341524,0.0012835679008276202,8.148e-06,0.0010302611044608057
4075,0.0012563032141770236,0.0013398707305896096,0.0011653570691123605,8.15e-06,0.0010302611044608057
4076,0.0017904119158629328,0.0012687280614045449,0.0013271584321046248,8.152000000000001e-06,0.0010302611044608057
4077,0.0016270758351311088,0.001529928355012089,0.0012999897080590017,8.154e-06,0.0010302611044608057
4078,0.0017747217643773183,0.0015417484464705922,0.0012797974341083318,8.156000000000001e-06,0.0010302611044608057
4079,0.0015129702806007117,0.0016741627332521603,0.001356495835352689,8.158e-06,0.0010302611044608057
4080,0.0015066872729221359,0.001370580037473701,0.0012806301383534446,8.16e-06,0.0010302611044608057
4081,0.001627674988412764,0.001332503765297588,0.0012111979303881526,8.162e-06,0.0010302611044608057
4082,0.0014045839780010283,0.0013205044670030475,0.001119947584811598,8.164e-06,0.0010302611044608057
4083,0.0012638121625059284,0.0013008312234887853,0.0012566923760459758,8.166000000000001e-06,0.0010302611044608057
4084,0.0014371612924151123,0.0013604242558358237,0.001199055666802451,8.168e-06,0.0010302611044608057
4085,0.0012949369120178744,0.001152098921011202,0.0012948243238497525,8.170000000000001e-06,0.0010302611044608057
4086,0.001603735079697799,0.0012908276839880273,0.001324233271589037,8.172e-06,0.0010302611044608057
4087,0.001625259108550381,0.0012867795448983088,0.0012780118195223622,8.174e-06,0.0010302611044608057
4088,0.00137315082247369,0.001105626768548973,0.0012708557187579572,8.176000000000001e-06,0.0010302611044608057
4089,0.0012289805817999877,0.0013645896542584524,0.0012272620588191785,8.178e-06,0.0010302611044608057
4090,0.0015912092640064657,0.0013117620546836406,0.001395591112668626,8.180000000000001e-06,0.0010302611044608057
4091,0.0013293745068949647,0.0012655282043851912,0.0011373983506928198,8.182e-06,0.0010302611044608057
4092,0.0015372420239145868,0.0012848591286456212,0.0012629950579139404,8.184000000000002e-06,0.0010302611044608057
4093,0.0013947180123068392,0.0014320425398182124,0.0011463370465207845,8.186000000000001e-06,0.0010302611044608057
4094,0.0014304819924291223,0.0013952509470982477,0.0013764257309958339,8.188e-06,0.0010302611044608057
4095,0.0019300626736367121,0.001270501481485553,0.0013166129429009743,8.19e-06,0.0010302611044608057
4096,0.0013571476156357676,0.0013554168108385056,0.0011548909824341536,8.192e-06,0.0010302611044608057
4097,0.0012587454984895885,0.0011155740867252462,0.0013292762450873852,8.194000000000002e-06,0.0010302611044608057
4098,0.0016536284383619204,0.001331928200670518,0.001166939560789615,8.196e-06,0.0010302611044608057
4099,0.0015004090237198398,0.0013013707430218346,0.0011432728279032744,8.198000000000002e-06,0.0010302611044608057
4100,0.0014205155457602814,0.0015253714082064107,0.0013329375069588423,8.200000000000001e-06,0.0010302611044608057
4101,0.0014252914697863162,0.0013021391787333414,0.001285387363168411,8.202e-06,0.0010302611044608057
4102,0.001426599541446194,0.001321281772106886,0.0013073536392766982,8.204e-06,0.0010302611044608057
4103,0.0014931611949577928,0.001445322239305824,0.0011637897623586468,8.206e-06,0.0010302611044608057
4104,0.0014313021238194779,0.0015063969840412028,0.0012193881884741131,8.208e-06,0.0010302611044608057
4105,0.0014152054354781285,0.0014703596316394396,0.0012627608739421703,8.210000000000001e-06,0.0010302611044608057
4106,0.001459479026379995,0.001454024517443031,0.001315769215580076,8.212000000000002e-06,0.0010302611044608057
4107,0.0016426295915152878,0.0013768095232080668,0.0013023001592955552,8.214e-06,0.0010302611044608057
4108,0.001390590739902109,0.0014099933614488691,0.0013921192003181204,8.216e-06,0.0010302611044608057
4109,0.0015571869880659506,0.0012567884041345678,0.0012913900573039427,8.218e-06,0.0010302611044608057
4110,0.00133978808298707,0.0012685907277045771,0.0011516658851178363,8.220000000000001e-06,0.0010302611044608057
4111,0.0013092404115013778,0.0011517113089212216,0.001186948036774993,8.222e-06,0.0010302611044608057
4112,0.001591390377143398,0.001403029338689521,0.0012399475526763126,8.224000000000001e-06,0.0010302611044608057
4113,0.0016062520153354853,0.0014193158567650244,0.0010306026379112154,8.226e-06,0.0010302611044608057
4114,0.001337989917374216,0.0013630800167447887,0.001471434923587367,8.228e-06,0.0010302611044608057
4115,0.001573149194882717,0.0014214560360414907,0.0013093939705868252,8.23e-06,0.0010302611044608057
4116,0.001446267415303737,0.0013223361092968844,0.0012308942241361365,8.232e-06,0.0010302611044608057
4117,0.0016958770283963531,0.0017449683073209599,0.0015445865137735382,8.234000000000001e-06,0.0010302611044608057
4118,0.0014951596313039772,0.001107523959944956,0.0011063035344704986,8.236e-06,0.0010302611044608057
4119,0.001418089865182992,0.0011687374280882068,0.0010572030150797218,8.238000000000001e-06,0.0010302611044608057
4120,0.001539558099466376,0.0014190013243933208,0.001243425562279299,8.24e-06,0.0010302611044608057
4121,0.001452731383324135,0.0015519785083597526,0.0008941598862293176,8.242e-06,0.0010302611044608057
4122,0.0014953312784200534,0.0014674022677354515,0.0014117706887191162,8.244000000000001e-06,0.0010302611044608057
4123,0.0014187954075168818,0.00134072000219021,0.0014403496097656898,8.246e-06,0.0010302611044608057
4124,0.0014332555001601577,0.0012831282510887831,0.0014226311395759694,8.248000000000001e-06,0.0010302611044608057
4125,0.0015238035266520455,0.0014169534988468513,0.0011693473352352157,8.25e-06,0.0010302611044608057
4126,0.001454942423151806,0.0013447098463075235,0.0013461001071846113,8.252000000000002e-06,0.0010302611044608057
4127,0.001329263424850069,0.001314499277214054,0.0009420977876288816,8.254000000000001e-06,0.0010302611044608057
4128,0.0014812002191320062,0.0015248329436872154,0.001166632580861915,8.256e-06,0.0010302611044608057
4129,0.0013684369332622737,0.00145098588836845,0.0015020370919955894,8.258e-06,0.0010302611044608057
4130,0.0014302647177828476,0.0013148809448466636,0.0011884996347362176,8.26e-06,0.0010302611044608057
4131,0.00140522736182902,0.0014092479832470417,0.0012918963766423985,8.262000000000002e-06,0.0010302611044608057
4132,0.0016663660353515297,0.0013876567245461047,0.0011633828034973703,8.264e-06,0.0010302611044608057
4133,0.0013882903585908934,0.0014514506765408441,0.0011954038782278076,8.266000000000002e-06,0.0010302611044608057
4134,0.001432502584066242,0.0014056839791010134,0.0012918400898342952,8.268000000000001e-06,0.0010302611044608057
4135,0.0015937250282149762,0.0015697892085881904,0.0011589664645725861,8.27e-06,0.0010302611044608057
4136,0.0014629000215791166,0.0013190864119678736,0.0012165447988081723,8.272e-06,0.0010302611044608057
4137,0.001554418122395873,0.0012796356750186533,0.0013546309783123434,8.274e-06,0.0010302611044608057
4138,0.0013838458980899304,0.001526582520455122,0.0010579320223769173,8.276e-06,0.0010302611044608057
4139,0.0013309256173670292,0.0014498163800453767,0.0012221028591739014,8.278000000000001e-06,0.0010302611044608057
4140,0.001423365785740316,0.001377306820359081,0.0012258040223969147,8.280000000000002e-06,0.0010302611044608057
4141,0.0013051802961854264,0.0013062054131296463,0.0012983606575289741,8.282e-06,0.0010302611044608057
4142,0.00148696823453065,0.0014260648167692125,0.0013202876289142296,8.284e-06,0.0010302611044608057
4143,0.0015090300657902844,0.001317158697929699,0.0011460126406745985,8.286e-06,0.0010302611044608057
4144,0.0015226402174448594,0.0014317573077278212,0.0011537010213942267,8.288000000000001e-06,0.0010302611044608057
4145,0.0014328905090223998,0.001295341964578256,0.001298056638916023,8.29e-06,0.0010302611044608057
4146,0.0014734337746631354,0.0014416756748687476,0.0014411517695407383,8.292000000000001e-06,0.0010302611044608057
4147,0.0015905615146039054,0.001310274557908997,0.0011604815736063756,8.294e-06,0.0010302611044608057
4148,0.0013746731128776446,0.0013364756232476793,0.0011967308528255671,8.296e-06,0.0010302611044608057
4149,0.0016073487568064593,0.0015215734747471288,0.0012001918075839058,8.298000000000001e-06,0.0010302611044608057
4150,0.0015312343020923436,0.0013383980040089227,0.001068498175300192,8.3e-06,0.0010302611044608057
4151,0.0017346411768812686,0.0014672554534627125,0.0013934439921285957,8.302000000000001e-06,0.0010302611044608057
4152,0.0017347384273307398,0.001327697464148514,0.0011166586991748773,8.304e-06,0.0010302611044608057
4153,0.0014680458552902564,0.0012488837965065613,0.001374519408273045,8.306000000000001e-06,0.0010302611044608057
4154,0.001389262150041759,0.0013088018095004372,0.0013941352444817312,8.308e-06,0.0010302611044608057
4155,0.001490277805714868,0.0014867057470837608,0.0012643793452298269,8.31e-06,0.0010302611044608057
4156,0.0016237002710113302,0.001161480919108726,0.001400532346451655,8.312000000000001e-06,0.0010302611044608057
4157,0.0014640628651250154,0.0015242609806591645,0.001386141921102535,8.314e-06,0.0010302611044608057
4158,0.0014699763560201973,0.0015560247702524066,0.0011512141209095716,8.316000000000001e-06,0.0010302611044608057
4159,0.0014179664867697284,0.001379420020384714,0.0013898272009100765,8.318e-06,0.0010302611044608057
4160,0.001262307596334722,0.0014975174271967262,0.0010598745066090487,8.320000000000002e-06,0.0010302611044608057
4161,0.0013822593027725816,0.0012612190112122335,0.0010101578445755877,8.322000000000001e-06,0.0010302611044608057
4162,0.0013768505887128413,0.0014392025477718562,0.0013844835993950255,8.324e-06,0.0010302611044608057
4163,0.0012509046573541127,0.00138895937561756,0.0014028560326551087,8.326e-06,0.0010302611044608057
4164,0.0013964484096504748,0.0014353118676808663,0.0011353106310707517,8.328e-06,0.0010302611044608057
4165,0.001443314497009851,0.0013554057295550592,0.0012990400136914104,8.330000000000002e-06,0.0010302611044608057
4166,0.0014034634878044017,0.001311109692323953,0.0012835820962209255,8.332000000000001e-06,0.0010302611044608057
4167,0.0014500456309178844,0.0013617361328215338,0.001198861595185008,8.334000000000002e-06,0.0010302611044608057
4168,0.0013189212477300316,0.0013632359041366726,0.001329817452642601,8.336000000000001e-06,0.0010302611044608057
4169,0.0015622100181644782,0.0013054659284534864,0.0012761092511937022,8.338e-06,0.0010302611044608057
4170,0.0013821687389281578,0.001350238744635135,0.0011872092436533421,8.34e-06,0.0010302611044608057
4171,0.0013013446659897454,0.0012058032007189468,0.0012288409416214563,8.342e-06,0.0010302611044608057
4172,0.0017828239215305075,0.0012397270184010267,0.0012356992010609247,8.344e-06,0.0010302611044608057
4173,0.001505920838098973,0.0013210406978032552,0.0013241275228210725,8.346000000000001e-06,0.0010302611044608057
4174,0.001506040571257472,0.0013511247525457293,0.0012511720779002644,8.348000000000002e-06,0.0010302611044608057
4175,0.0015453786472789943,0.0014206006162567064,0.0012679952633334324,8.35e-06,0.0010302611044608057
4176,0.0016133415920194238,0.0013566929410444573,0.0009775449216249399,8.352e-06,0.0010302611044608057
4177,0.001415702179656364,0.0013639306707773358,0.001213961724715773,8.354e-06,0.0010302611044608057
4178,0.0014363085065269843,0.0014138710248516873,0.0011621096418821253,8.356000000000001e-06,0.0010302611044608057
4179,0.0015569838578812778,0.0013263230939628556,0.00100965220190119,8.358e-06,0.0010302611044608057
4180,0.0014391031727427617,0.0014526956510962918,0.0013918693584855646,8.360000000000001e-06,0.0010302611044608057
4181,0.0013971495936857536,0.001028821978252381,0.0011727125092875212,8.362e-06,0.0010302611044608057
4182,0.0013865553337382153,0.0013171228565624915,0.0010987814821419306,8.364e-06,0.001028821978252381
4183,0.0013907086686231196,0.001329772909230087,0.0014718901220476255,8.366000000000001e-06,0.001028821978252381
4184,0.0014956640370655805,0.0012930080556543544,0.0010670027768355794,8.368e-06,0.001028821978252381
4185,0.001543722697533667,0.0012205969542264938,0.0012255240289960057,8.370000000000001e-06,0.001028821978252381
4186,0.0016689490221324377,0.001242776183062233,0.0011695589855662547,8.372e-06,0.001028821978252381
4187,0.0014217275893315673,0.0013320650468813255,0.0013017067103646696,8.374000000000001e-06,0.001028821978252381
4188,0.0013239917170722038,0.0013646552106365561,0.001163087465101853,8.376e-06,0.001028821978252381
4189,0.0015137083391891792,0.0013907122192904353,0.0013915481540607288,8.378e-06,0.001028821978252381
4190,0.0015302700849133544,0.0015563104461762123,0.0013976830086903647,8.380000000000001e-06,0.001028821978252381
4191,0.001350341633951757,0.001210959475429263,0.0011399730792618357,8.382e-06,0.001028821978252381
4192,0.001288180545088835,0.001280756900086999,0.001111118050175719,8.384000000000001e-06,0.001028821978252381
4193,0.001289132676902227,0.0014524183570756577,0.001278399708098732,8.386e-06,0.001028821978252381
4194,0.0013336221454665065,0.001187958667287603,0.0012510398373706266,8.388000000000002e-06,0.001028821978252381
4195,0.0016068868717411533,0.0014515645161736757,0.0012289276492083445,8.390000000000001e-06,0.001028821978252381
4196,0.0012963064727955498,0.0012691399533650838,0.0011981603602180257,8.392e-06,0.001028821978252381
4197,0.001373569932184182,0.0011129529884783551,0.001059639558661729,8.394e-06,0.001028821978252381
4198,0.0014326858363347128,0.0012164713625679724,0.0010361247477703728,8.396e-06,0.001028821978252381
4199,0.0014671613171231002,0.001441404405341018,0.0012863567390013486,8.398000000000002e-06,0.001028821978252381
4200,0.0013336846386664547,0.0013346918276511133,0.0011782702786149457,8.400000000000001e-06,0.001028821978252381
4201,0.0013509862910723314,0.0012410335475578904,0.0013625643478007987,8.402000000000002e-06,0.001028821978252381
4202,0.0013739881760557182,0.0012149162066634744,0.001297645314480178,8.404000000000001e-06,0.001028821978252381
4203,0.0014420984443859197,0.0012348351956461556,0.0009637523253331892,8.406e-06,0.001028821978252381
4204,0.0014487938460661098,0.0012648636256926693,0.0013941020442871377,8.408e-06,0.001028821978252381
4205,0.001366840529954061,0.0012017400513286702,0.0011410265433369204,8.41e-06,0.001028821978252381
4206,0.0015538400912191719,0.0010904165101237595,0.0010494859743630514,8.412e-06,0.001028821978252381
4207,0.0016683431313140318,0.00139814022986684,0.0011745001102099195,8.414000000000001e-06,0.001028821978252381
4208,0.0013862044143024832,0.0012714550030068494,0.0011165527976118028,8.416000000000002e-06,0.001028821978252381
4209,0.001408156836987473,0.001377361433696933,0.0013325916952453554,8.418e-06,0.001028821978252381
4210,0.0016336520202457905,0.0012271612795302644,0.0012816636153729632,8.42e-06,0.001028821978252381
4211,0.001272441222681664,0.001333016945864074,0.0013850534087396227,8.422e-06,0.001028821978252381
4212,0.0013155810738680884,0.0014003560136188753,0.0010761514422483742,8.424000000000001e-06,0.001028821978252381
4213,0.0014041215399629436,0.0014558402326656505,0.0011216716084163636,8.426e-06,0.001028821978252381
4214,0.0013448623067233711,0.0013034611765760928,0.0012767579100909643,8.428000000000001e-06,0.001028821978252381
4215,0.0012886301119579002,0.0016361480811610818,0.0012066695853718556,8.43e-06,0.001028821978252381
4216,0.0016180503880605102,0.0012705234112218022,0.0012026280746795237,8.432e-06,0.001028821978252381
4217,0.0014417286874959245,0.0011351962530170567,0.0010248745602439158,8.434000000000001e-06,0.001028821978252381
4218,0.001662140515691135,0.0013132564927218482,0.0010833333508344367,8.436e-06,0.001028821978252381
4219,0.0013916287280153483,0.0013726038741879165,0.0012979767343495041,8.438000000000001e-06,0.001028821978252381
4220,0.0012557060254039243,0.0013507575495168567,0.0013963969831820577,8.44e-06,0.001028821978252381
4221,0.0018035725370282307,0.0012296163331484422,0.001127052259107586,8.442000000000002e-06,0.001028821978252381
4222,0.0014523916252073832,0.00121455812768545,0.0011850489026983269,8.444e-06,0.001028821978252381
4223,0.0014016103377798572,0.0011742178030544892,0.0012770181492669508,8.446e-06,0.001028821978252381
4224,0.0014632291422458366,0.0012556072178995237,0.001218412842717953,8.448000000000001e-06,0.001028821978252381
4225,0.0015100115560926497,0.0013561155647039413,0.0011835312470793724,8.45e-06,0.001028821978252381
4226,0.0013847906520823017,0.001304650111705996,0.0012846870959037915,8.452000000000001e-06,0.001028821978252381
4227,0.0014943392743589357,0.0012597854438354261,0.0011833955650217831,8.454e-06,0.001028821978252381
4228,0.0014363743539433926,0.0013758866407442838,0.0013566732741310261,8.456000000000002e-06,0.001028821978252381
4229,0.0014006375859025866,0.0011342523866915144,0.001236907955899369,8.458000000000001e-06,0.001028821978252381
4230,0.0013756898406427354,0.0010524050740059465,0.0012972944095963612,8.46e-06,0.001028821978252381
4231,0.001610892461030744,0.0014636609557783231,0.0011720779948518611,8.462e-06,0.001028821978252381
4232,0.0013080248172627762,0.00115413708408596,0.0011141922950628214,8.464e-06,0.001028821978252381
4233,0.001250191402505152,0.0013480808411259204,0.001054565618687775,8.466000000000002e-06,0.001028821978252381
4234,0.0014011103776283562,0.0014938813183107413,0.001415193939465098,8.468000000000001e-06,0.001028821978252381
4235,0.0013913264410803095,0.0015437075344379991,0.0011986693934886716,8.470000000000002e-06,0.001028821978252381
4236,0.0015153549320530146,0.0012028650962747633,0.0011367841871106066,8.472e-06,0.001028821978252381
4237,0.0016091650177258998,0.001157807928393595,0.0010207337254541926,8.474e-06,0.001028821978252381
4238,0.0014310224360087886,0.0012100927633582614,0.000997603332507424,8.476e-06,0.001028821978252381
4239,0.00157427073281724,0.0012235905160196126,0.0012309951489442028,8.478e-06,0.001028821978252381
4240,0.0015971894026733935,0.0012773779599228874,0.0013179717643652111,8.48e-06,0.001028821978252381
4241,0.001430532633094117,0.0014473829505732283,0.0012374241778161377,8.482000000000001e-06,0.001028821978252381
4242,0.0013972874876344576,0.0013169705416657962,0.0012284282056498341,8.484e-06,0.001028821978252381
4243,0.0014163075829856098,0.0014127088215900585,0.0011555231103557162,8.486e-06,0.001028821978252381
4244,0.0014776256430195644,0.0011965931917075068,0.0012122446569264866,8.488e-06,0.001028821978252381
4245,0.0013373904948821291,0.0014192766975611448,0.0011899764576810412,8.49e-06,0.001028821978252381
4246,0.0014508971507893875,0.0012219184354762547,0.0013313915624166839,8.492000000000001e-06,0.001028821978252381
4247,0.001373601182422135,0.0012346477014943957,0.0012271696396055631,8.494e-06,0.001028821978252381
4248,0.0013928217958891764,0.0013551602969528176,0.0010806538557517342,8.496000000000001e-06,0.001028821978252381
4249,0.0014017467183293775,0.0014963815119699575,0.001102810761949513,8.498e-06,0.001028821978252381
4250,0.0014226837884052657,0.001059061469277367,0.00129889454547083,8.5e-06,0.001028821978252381
4251,0.0014059563109185547,0.0013716275134356692,0.0013905718369642273,8.502000000000001e-06,0.001028821978252381
4252,0.0015714768669568002,0.0013084868114674464,0.0014434979311772622,8.504e-06,0.001028821978252381
4253,0.0014687879156554118,0.0011534130389918573,0.000932564384129364,8.506000000000001e-06,0.001028821978252381
4254,0.0014449549635173753,0.0014521862904075533,0.0012696679550572298,8.508e-06,0.001028821978252381
4255,0.0016332456289092079,0.0011627335552475415,0.001283028454054147,8.510000000000002e-06,0.001028821978252381
4256,0.001404712711519096,0.0015960519522195682,0.0010625195718603209,8.512e-06,0.001028821978252381
4257,0.0014154754899209365,0.0013902416685596108,0.0012401990534272045,8.514e-06,0.001028821978252381
4258,0.001419455191353336,0.00099468175903894,0.0011499674365040846,8.516000000000001e-06,0.001028821978252381
4259,0.0016390430682804435,0.0010939960047835484,0.0009898784555844031,8.518e-06,0.00099468175903894
4260,0.0013539064675569534,0.0012530031162896194,0.0011493208367028274,8.520000000000001e-06,0.00099468175903894
4261,0.00138187495758757,0.0013622758342535235,0.0012526460704975761,8.522e-06,0.00099468175903894
4262,0.001331809864495881,0.0012684107132372446,0.0011980708368355408,8.524000000000002e-06,0.00099468175903894
4263,0.0014342117792693898,0.001285885795368813,0.0012777358133462258,8.526000000000001e-06,0.00099468175903894
4264,0.0014805803948547691,0.0012135570359532721,0.0013041541678830981,8.528e-06,0.00099468175903894
4265,0.0016950918652582914,0.0015774863713886589,0.0011257735823164694,8.53e-06,0.00099468175903894
4266,0.0013949625499662943,0.0013978110655443743,0.0013085493410471827,8.532e-06,0.00099468175903894
4267,0.001400651191943325,0.0012032993472530507,0.0013799371372442693,8.534000000000002e-06,0.00099468175903894
4268,0.0013662037963513285,0.0013943320591351949,0.0012068131982232444,8.536000000000001e-06,0.00099468175903894
4269,0.0013973025925224647,0.0013313168747117743,0.0013181471003917977,8.538000000000002e-06,0.00099468175903894
4270,0.0014157404948491603,0.0013952945300843567,0.001275046612136066,8.54e-06,0.00099468175903894
4271,0.0011943016288569197,0.0012584503419930115,0.001176890313217882,8.542e-06,0.00099468175903894
4272,0.001437676721252501,0.001331668405327946,0.0012348765158094466,8.544e-06,0.00099468175903894
4273,0.0013501213834388182,0.0010903323782258667,0.001081072841770947,8.546000000000001e-06,0.00099468175903894
4274,0.00153564105858095,0.0011425326301832683,0.0015511900855926797,8.548e-06,0.00099468175903894
4275,0.0013911069399910048,0.0014234579139156267,0.0014230506203603,8.550000000000001e-06,0.00099468175903894
4276,0.001451396441552788,0.0011033014670829289,0.001025706900691148,8.552e-06,0.00099468175903894
4277,0.0014448696456383914,0.0010409781607449986,0.0011766123134293593,8.554e-06,0.00099468175903894
4278,0.0012651194265345111,0.0012649604977923445,0.001403401663992554,8.556e-06,0.00099468175903894
4279,0.001350452883343678,0.0011555443779798225,0.0013167183060431853,8.558e-06,0.00099468175903894
4280,0.0015956506977090612,0.00121226828196086,0.001123195921536535,8.560000000000001e-06,0.00099468175903894
4281,0.0012134235876146704,0.0012913213577121496,0.0012939433145220391,8.562e-06,0.00099468175903894
4282,0.0016163230320671573,0.0012772106565535069,0.0011528604663908482,8.564000000000001e-06,0.00099468175903894
4283,0.0015281495798262767,0.0013210500328568742,0.0011924823775188997,8.566e-06,0.00099468175903894
4284,0.0016171329480130225,0.0010682265419745818,0.0013958250274299644,8.568e-06,0.00099468175903894
4285,0.0014136478348518722,0.0013575530174421147,0.0011312506030662917,8.570000000000001e-06,0.00099468175903894
4286,0.0011557737670955248,0.0012712032403214835,0.001113069025450386,8.572e-06,0.00099468175903894
4287,0.0014116294187260792,0.0014616367843700573,0.0011301454178465065,8.574000000000001e-06,0.00099468175903894
4288,0.0013275202582008205,0.0012910865334561095,0.0013252014978206716,8.576e-06,0.00099468175903894
4289,0.0017047607398126274,0.0012053060418111272,0.001133078294515144,8.578000000000002e-06,0.00099468175903894
4290,0.0012741545651806518,0.0013396223803283647,0.0015255113976309076,8.580000000000001e-06,0.00099468175903894
4291,0.0018255023169331253,0.0010685910528991371,0.001089199460693635,8.582e-06,0.00099468175903894
4292,0.0013558547652792186,0.0013445632357615978,0.0012092532560927793,8.584000000000001e-06,0.00099468175903894
4293,0.001188617228763178,0.001517173761385493,0.001277455099625513,8.586e-06,0.00099468175903894
4294,0.0013676668677362613,0.0012303504190640524,0.0010532232554396614,8.588000000000001e-06,0.00099468175903894
4295,0.001409885189787019,0.0013350937879295088,0.0009788578827283345,8.59e-06,0.00099468175903894
4296,0.0013977549388073385,0.0012767709122272208,0.0014188677305355668,8.592000000000002e-06,0.00099468175903894
4297,0.001464638626202941,0.0012929994409205392,0.0012999690297874622,8.594000000000001e-06,0.00099468175903894
4298,0.0016583778997301124,0.0011391541702323593,0.0011771901117754169,8.596e-06,0.00099468175903894
4299,0.0015640536439605057,0.0011679845483740792,0.001078959190635942,8.598e-06,0.00099468175903894
4300,0.001200109785713721,0.0012479860670282505,0.0011549173723324202,8.6e-06,0.00099468175903894
4301,0.001264640799490735,0.0012902477901661769,0.0011412618041504174,8.602000000000002e-06,0.00099468175903894
4302,0.0014460601523751393,0.0012520620512077585,0.001236635522218421,8.604000000000001e-06,0.00099468175903894
4303,0.001620425158762373,0.0013844834465999156,0.0011786772884079255,8.606000000000002e-06,0.00099468175903894
4304,0.001392913021845743,0.0014974243604228832,0.001293923516641371,8.608e-06,0.00099468175903894
4305,0.0012507982610259205,0.001262396268430166,0.0011946878148592077,8.61e-06,0.00099468175903894
4306,0.0015095042035682127,0.0014947448653401807,0.0013224247668404132,8.612e-06,0.00099468175903894
4307,0.0015295787452487275,0.0013500028508133255,0.0012649162163143046,8.614000000000001e-06,0.00099468175903894
4308,0.0015073831818881445,0.0011122363939648494,0.001404120324878022,8.616e-06,0.00099468175903894
4309,0.0013456683664117008,0.001274727714189794,0.0011584359090193175,8.618000000000001e-06,0.00099468175903894
4310,0.001452233685995452,0.0012521764438133687,0.0012383927751216106,8.62e-06,0.00099468175903894
4311,0.0013534893369069323,0.0013535564576159231,0.001231265559908934,8.622e-06,0.00099468175903894
4312,0.0013917410615249537,0.0011306243759463541,0.001011757667583879,8.624e-06,0.00099468175903894
4313,0.0012745553976856172,0.0011740623958758079,0.0010108236165251583,8.626e-06,0.00099468175903894
4314,0.0012616838866961189,0.0013150086015230045,0.0015448649428435601,8.628000000000001e-06,0.00099468175903894
4315,0.0013071279536234215,0.0013736987821175717,0.001255382361705415,8.63e-06,0.00099468175903894
4316,0.0016137826314661652,0.0012588275567395613,0.0011636440685833804,8.632000000000001e-06,0.00099468175903894
4317,0.0014015594642842188,0.0011719515023287386,0.0012644825255847536,8.634e-06,0.00099468175903894
4318,0.0016167161666089669,0.0012123271080781706,0.0013190133831813,8.636e-06,0.00099468175903894
4319,0.0012955877973581664,0.0011399032082408667,0.001368765464576427,8.638000000000001e-06,0.00099468175903894
4320,0.0012908214412163943,0.0012769740787916817,0.001068732155545149,8.64e-06,0.00099468175903894
4321,0.001497410674346611,0.0011463629998615943,0.001035102344758343,8.642000000000001e-06,0.00099468175903894
4322,0.0013964313693577424,0.0011830432849819772,0.0011793118756031618,8.644e-06,0.00099468175903894
4323,0.0013952768204035237,0.001405985574820079,0.0010904580485657789,8.646000000000002e-06,0.00099468175903894
4324,0.0014667338982690126,0.0015221503199427389,0.0011387079503037967,8.648000000000001e-06,0.00099468175903894
4325,0.0014325854717753828,0.0012179706245660782,0.001192046001960989,8.65e-06,0.00099468175903894
4326,0.0015738364745629951,0.0012648748306673951,0.0010555493645370007,8.652000000000001e-06,0.00099468175903894
4327,0.0015853681397857144,0.0013265498710097745,0.0012477843119995669,8.654e-06,0.00099468175903894
4328,0.0012556622459669597,0.0012455378455342725,0.0011689226084854454,8.656000000000001e-06,0.00099468175903894
4329,0.0012559081078507006,0.0011999682319583371,0.0010626375733409077,8.658e-06,0.00099468175903894
4330,0.0013094178430037573,0.0014209702931111678,0.0012829096522182226,8.660000000000002e-06,0.00099468175903894
4331,0.0015574419958284125,0.0011664612538879737,0.00127652489754837,8.662000000000001e-06,0.00099468175903894
4332,0.001635084830923006,0.0013443211937556043,0.0010833663691300899,8.664e-06,0.00099468175903894
4333,0.0014586968172807246,0.0011465771167422645,0.000984154197794851,8.666e-06,0.00099468175903894
4334,0.0012545693025458604,0.0011757920583477244,0.0011252335389144719,8.668e-06,0.00099468175903894
4335,0.0011697061272570863,0.0011002812680089846,0.0012918731299578212,8.670000000000002e-06,0.00099468175903894
4336,0.0013377121795201674,0.0013197650332585908,0.001124332229665015,8.672000000000001e-06,0.00099468175903894
4337,0.0015238336200127378,0.0010524950557737611,0.0011449316225480288,8.674000000000002e-06,0.00099468175903894
4338,0.0013539810897782445,0.0012005208045593463,0.0010480702767381445,8.676e-06,0.00099468175903894
4339,0.0014697764709126204,0.0013411065010586753,0.0010949247443932109,8.678e-06,0.00099468175903894
4340,0.0013743941817665473,0.0014303237621788867,0.0013733412197325379,8.68e-06,0.00099468175903894
4341,0.0014080587425269186,0.0014605487085646018,0.0011253233751631342,8.682000000000001e-06,0.00099468175903894
4342,0.001310870131419506,0.001253156820894219,0.0013219107495388016,8.684e-06,0.00099468175903894
4343,0.0012969651652383618,0.0011098595132352784,0.001179186838271562,8.686000000000001e-06,0.00099468175903894
4344,0.001184060747618787,0.001177067359094508,0.0010561412564129569,8.688e-06,0.00099468175903894
4345,0.0015129929379327223,0.0012913052778458223,0.001083996772649698,8.69e-06,0.00099468175903894
4346,0.0013116619229549542,0.0012644040543818846,0.0011008334331563674,8.692e-06,0.00099468175903894
4347,0.0014079802349442616,0.0011688183367368765,0.001160020474344492,8.694e-06,0.00099468175903894
4348,0.001458621583878994,0.0011947107195737772,0.0010940110005321912,8.696000000000001e-06,0.00099468175903894
4349,0.001310249965172261,0.0011517530510900542,0.001106879353756085,8.698e-06,0.00099468175903894
4350,0.0013910085253883153,0.0012497540228650905,0.0011563688676687889,8.700000000000001e-06,0.00099468175903894
4351,0.0013396552749327384,0.0013668745450559072,0.0010413700510980561,8.702e-06,0.00099468175903894
4352,0.0013097438495606184,0.0011485334907774813,0.001096297193726059,8.704e-06,0.00099468175903894
4353,0.0014731576084159315,0.0013847551308572292,0.0012992755000595935,8.706000000000001e-06,0.00099468175903894
4354,0.0013801198729197495,0.001256383147847373,0.0011726938319043256,8.708e-06,0.00099468175903894
4355,0.0016254813526757061,0.0011476199942990206,0.0014205959596438333,8.710000000000001e-06,0.00099468175903894
4356,0.0014881485985824838,0.0011422244278946891,0.0010182780024479143,8.712e-06,0.00099468175903894
4357,0.0014166947148623876,0.0011356685718055815,0.001159008257673122,8.714000000000002e-06,0.00099468175903894
4358,0.0012618049659067765,0.0012924268739880063,0.0011095531881437637,8.716000000000001e-06,0.00099468175903894
4359,0.001398687672917731,0.0013669998588738963,0.001116173414629884,8.718e-06,0.00099468175903894
4360,0.001489456779381726,0.0012284747936064377,0.0014302570853033103,8.720000000000001e-06,0.00099468175903894
4361,0.0012725230772048235,0.0013679710318683647,0.0011405464028939605,8.722e-06,0.00099468175903894
4362,0.0012664489477174357,0.0013378645599004813,0.0011952097120229155,8.724000000000002e-06,0.00099468175903894
4363,0.0012192945287097245,0.0013830440511810593,0.0010558772555668838,8.726e-06,0.00099468175903894
4364,0.0014699748862767592,0.0013741732982452959,0.0010597085201879963,8.728000000000002e-06,0.00099468175903894
4365,0.001408556054229848,0.001374623716401402,0.0012266879057278857,8.73e-06,0.00099468175903894
4366,0.0014118258986854926,0.0011245424175285734,0.0010361537206335925,8.732e-06,0.00099468175903894
4367,0.0012486521591199562,0.0013532346056308597,0.0010651725315256044,8.734e-06,0.00099468175903894
4368,0.001373713748762384,0.0014199173820088618,0.0012922552195959724,8.736e-06,0.00099468175903894
4369,0.001309274579398334,0.0012070078882970847,0.0009606640014681034,8.738000000000002e-06,0.00099468175903894
4370,0.0012269065337022766,0.0010322207162971608,0.0012704609907814302,8.740000000000001e-06,0.00099468175903894
4371,0.0014702759217470884,0.001294508037972264,0.0011317653916194104,8.742e-06,0.00099468175903894
4372,0.001307590260694269,0.0012249703868292272,0.0011888289009220898,8.744e-06,0.00099468175903894
4373,0.0012114678102079779,0.0013935912575107068,0.0010381082684034482,8.746e-06,0.00099468175903894
4374,0.001495814198278822,0.0012695207115029916,0.0012692210366367362,8.748e-06,0.00099468175903894
4375,0.0014379971253219992,0.0011310302361380309,0.0011832759992103092,8.750000000000001e-06,0.00099468175903894
4376,0.0012874784515588544,0.001478630190831609,0.0009032218731590547,8.752e-06,0.00099468175903894
4377,0.0010887343232752755,0.001371128368191421,0.001187449110148009,8.754000000000001e-06,0.00099468175903894
4378,0.001301712283748202,0.0012048638236592524,0.0010665403606253676,8.756e-06,0.00099468175903894
4379,0.0014408829010790214,0.0014164508174872026,0.0012565290671773255,8.758e-06,0.00099468175903894
4380,0.0013808406874886714,0.0011926114530069754,0.001280989970837254,8.76e-06,0.00099468175903894
4381,0.0014574771776096895,0.0013040375342825428,0.0011977125250268728,8.762e-06,0.00099468175903894
4382,0.0013618208467960358,0.001425432441465091,0.0012190742563689128,8.764000000000001e-06,0.00099468175903894
4383,0.0013588732545031235,0.0013956004040664993,0.0010824053460964933,8.766e-06,0.00099468175903894
4384,0.0013704662269446999,0.0013241101332823746,0.001163652203103993,8.768000000000001e-06,0.00099468175903894
4385,0.0013654915965162218,0.0013052081267233007,0.0010863532879739068,8.77e-06,0.00099468175903894
4386,0.0013895734446123242,0.001140087995736394,0.0012587548844749108,8.772e-06,0.00099468175903894
4387,0.001311732194153592,0.0012498880751081742,0.000952181282627862,8.774000000000001e-06,0.00099468175903894
4388,0.0011203413305338472,0.0012186684034531936,0.00107397014653543,8.776e-06,0.00099468175903894
4389,0.0012108118899050169,0.0012328325246926397,0.0010302060982212424,8.778000000000001e-06,0.00099468175903894
4390,0.001408600393915549,0.0013568631547968835,0.001092727943614591,8.78e-06,0.00099468175903894
4391,0.0013391495667747222,0.0011211206583539024,0.001120670305681415,8.782000000000002e-06,0.00099468175903894
4392,0.0014429645234486088,0.00103010415477911,0.0009192076831823215,8.784000000000001e-06,0.00099468175903894
4393,0.0012915565603179857,0.0012513240071712062,0.0014383083180291578,8.786e-06,0.00099468175903894
4394,0.001412940357113257,0.001364756615657825,0.0013420996256172657,8.788000000000001e-06,0.00099468175903894
4395,0.0013108529965393245,0.0014105818481766619,0.0010617288935463876,8.79e-06,0.00099468175903894
4396,0.0013759256034973077,0.0013402042677626014,0.0011524023284437135,8.792000000000002e-06,0.00099468175903894
4397,0.0011993407242698595,0.0012582268609548919,0.0009761319743120112,8.794e-06,0.00099468175903894
4398,0.0013347080021048896,0.0013471686906996183,0.0012742545222863555,8.796000000000002e-06,0.00099468175903894
4399,0.0014415465120691806,0.0013460154295898974,0.0011483338312245905,8.798e-06,0.00099468175903894
4400,0.0014632938400609419,0.0013788772557745688,0.0013555811892729253,8.8e-06,0.00099468175903894
4401,0.0012946793722221628,0.001243976250407286,0.0013652495326823555,8.802e-06,0.00099468175903894
4402,0.00134367653663503,0.0013836419238941744,0.0011113293294329196,8.804e-06,0.00099468175903894
4403,0.0013460534246405587,0.0011093237189925276,0.0011205690607312135,8.806000000000002e-06,0.00099468175903894
4404,0.0015010975912446156,0.0011343212681822479,0.0011700988470693119,8.808000000000001e-06,0.00099468175903894
4405,0.0014735101140104234,0.0012727422581519932,0.0012030472280457616,8.81e-06,0.00099468175903894
4406,0.0011829767245217226,0.0010479117918293923,0.001217795732372906,8.812e-06,0.00099468175903894
4407,0.0013248138420749456,0.001273189925996121,0.0012071233286405914,8.814e-06,0.00099468175903894
4408,0.0012677219056058675,0.0012283489413675852,0.0012250516083440743,8.816e-06,0.00099468175903894
4409,0.001473957920097746,0.001479024183936417,0.0010726656109909527,8.818000000000001e-06,0.00099468175903894
4410,0.001376858701405581,0.001448368486308027,0.0011613717797445133,8.82e-06,0.00099468175903894
4411,0.0015684762765886262,0.0013350897788768634,0.0012387527312966995,8.822000000000001e-06,0.00099468175903894
4412,0.0015540167805738747,0.0012502900426625274,0.0011155773754580878,8.824e-06,0.00099468175903894
4413,0.0015278088540071622,0.0010188015075982548,0.0013202399568399414,8.826e-06,0.00099468175903894
4414,0.0012393842116580345,0.0013015376753173769,0.0012590333499247208,8.828000000000001e-06,0.00099468175903894
4415,0.001398024833179079,0.0013825428686686791,0.0015180443442659453,8.83e-06,0.00099468175903894
4416,0.0016899862239370123,0.001500438098446466,0.0010738910496002063,8.832000000000001e-06,0.00099468175903894
4417,0.0014589243073714897,0.0013046208041487262,0.0013849146344000474,8.834e-06,0.00099468175903894
4418,0.0015451997460331768,0.0014491388137685135,0.0014029620797373354,8.836000000000001e-06,0.00099468175903894
4419,0.0014495106879621744,0.0014542324279318564,0.0010101351945195347,8.838e-06,0.00099468175903894
4420,0.0011907434673048556,0.0011226213246118277,0.0010650516778696328,8.84e-06,0.00099468175903894
4421,0.0014549950865330175,0.0013296599790919572,0.001138795487349853,8.842000000000001e-06,0.00099468175903894
4422,0.0012099669766030274,0.0013195802675909363,0.0011708363817888312,8.844e-06,0.00099468175903894
4423,0.001659411020227708,0.0012837230460718274,0.0010638251042109914,8.846000000000001e-06,0.00099468175903894
4424,0.001323357835644856,0.0011441151436883956,0.00140414631459862,8.848e-06,0.00099468175903894
4425,0.0014771842688787729,0.0009550099784974009,0.0012659167987294495,8.850000000000002e-06,0.00099468175903894
4426,0.0013295876560732722,0.001467135312850587,0.001062926952727139,8.852000000000001e-06,0.0009550099784974009
4427,0.0013835436111548916,0.0015487376949749887,0.001299514748097863,8.854e-06,0.0009550099784974009
4428,0.0013483771763276309,0.0011635075061349198,0.0012059694126946852,8.856000000000001e-06,0.0009550099784974009
4429,0.0010775555201689713,0.0011441578753874637,0.001036899455357343,8.858e-06,0.0009550099784974009
4430,0.0013560126826632768,0.001085991614672821,0.0011213078832952306,8.860000000000002e-06,0.0009550099784974009
4431,0.0010475552262505516,0.0013282367945066653,0.001284516998566687,8.862000000000001e-06,0.0009550099784974009
4432,0.0011743320428649895,0.0013203264243202284,0.0011775548991863616,8.864000000000002e-06,0.0009550099784974009
4433,0.0011728226672858,0.0012569724567583762,0.001417326828232035,8.866e-06,0.0009550099784974009
4434,0.0013954531532363035,0.0009877818301902153,0.0010783696852740832,8.868e-06,0.0009550099784974009
4435,0.00152332590369042,0.000986764789558947,0.001241080703039188,8.87e-06,0.0009550099784974009
4436,0.0015680320502724499,0.0013357516509131528,0.0009779643660294823,8.872e-06,0.0009550099784974009
4437,0.0012656465114559978,0.0012269082944840193,0.001178309365059249,8.874000000000002e-06,0.0009550099784974009
4438,0.001244551473064348,0.001211362199683208,0.0010631320183165371,8.876000000000001e-06,0.0009550099784974009
4439,0.0013108365019434132,0.0012479801662266254,0.0009941952303051949,8.878e-06,0.0009550099784974009
4440,0.0013100710857543163,0.0014530937769450247,0.0010649279356584884,8.88e-06,0.0009550099784974009
4441,0.0013735339016420767,0.0011514331636135466,0.0011040072713512927,8.882e-06,0.0009550099784974009
4442,0.0015258547646226361,0.0010970695220748894,0.0012401861313264817,8.884e-06,0.0009550099784974009
4443,0.0013598380537587218,0.0012035545441904105,0.0011419908914831467,8.886000000000001e-06,0.0009550099784974009
4444,0.0015765070274937898,0.0010804817138705403,0.001329506078036502,8.888e-06,0.0009550099784974009
4445,0.001482003426644951,0.0012212266374262981,0.0011031667308998294,8.890000000000001e-06,0.0009550099784974009
4446,0.0012871112921857275,0.0012549986931844614,0.0011651427339529619,8.892e-06,0.0009550099784974009
4447,0.0012419864942785352,0.0012108794326195493,0.0013955257745692506,8.894e-06,0.0009550099784974009
4448,0.0012930834927828982,0.0012729265072266571,0.0010094850294990465,8.896000000000001e-06,0.0009550099784974009
4449,0.0014324503790703602,0.0013127140264259651,0.0010802984252222814,8.898e-06,0.0009550099784974009
4450,0.0013595252530649304,0.0013746318727498874,0.0011634146285359748,8.900000000000001e-06,0.0009550099784974009
4451,0.0013856574514647946,0.0012472913585952483,0.0014037853543413803,8.902e-06,0.0009550099784974009
4452,0.0014859402435831726,0.0010315992985852063,0.0010782919634948485,8.904000000000001e-06,0.0009550099784974009
4453,0.0014039287343621254,0.000998759722278919,0.0010712258226703852,8.906e-06,0.0009550099784974009
4454,0.0014060334215173498,0.0012522620090749115,0.0010526919504627585,8.908e-06,0.0009550099784974009
4455,0.0013765219337074086,0.001252703797945287,0.0011494354330352508,8.910000000000001e-06,0.0009550099784974009
4456,0.0013021911727264524,0.001341489507467486,0.0010925570022664033,8.912e-06,0.0009550099784974009
4457,0.0012523746700026095,0.001294090623559896,0.0011584154708543792,8.914000000000001e-06,0.0009550099784974009
4458,0.0013899527548346668,0.001107429779949598,0.0011933128989767283,8.916e-06,0.0009550099784974009
4459,0.0012973064003745094,0.001302088079683017,0.001017217815387994,8.918000000000002e-06,0.0009550099784974009
4460,0.0013149059304851107,0.0011739351248252206,0.0011769326665671542,8.920000000000001e-06,0.0009550099784974009
4461,0.001232488859386649,0.001340296963462606,0.0011861691091326065,8.922e-06,0.0009550099784974009
4462,0.0015578570018988103,0.0012674102326855063,0.0012243364326423034,8.924000000000001e-06,0.0009550099784974009
4463,0.0017003813991323113,0.001125844217312988,0.0012401788044371642,8.926e-06,0.0009550099784974009
4464,0.0013716435787500814,0.0013300314094522037,0.0013019052857998759,8.928000000000002e-06,0.0009550099784974009
4465,0.0011092482454841956,0.0010724336025305092,0.0012443177693057805,8.930000000000001e-06,0.0009550099784974009
4466,0.0014503058191621676,0.001319293885899242,0.0012249286519363523,8.932000000000002e-06,0.0009550099784974009
4467,0.0011269649839960039,0.0013291837531141937,0.0010695796081563458,8.934e-06,0.0009550099784974009
4468,0.0013527985938708298,0.0012799179894500412,0.0012624635419342667,8.936e-06,0.0009550099784974009
4469,0.0012906913252663799,0.001270770313567482,0.0010787666542455554,8.938e-06,0.0009550099784974009
4470,0.0013483610091498122,0.0011423504693084396,0.0009242704400094226,8.94e-06,0.0009550099784974009
4471,0.0014769973495276645,0.001483176092733629,0.0013546696718549356,8.942000000000002e-06,0.0009550099784974009
4472,0.001202378400193993,0.0010917729014181532,0.001048529491527006,8.944000000000001e-06,0.0009550099784974009
4473,0.001381269350531511,0.0012491876041167416,0.0012879490823252127,8.946e-06,0.0009550099784974009
4474,0.0013713900407310575,0.0013729780621360987,0.0012188459950266406,8.948e-06,0.0009550099784974009
4475,0.001409026634064503,0.0013379760493990034,0.0013317309130798094,8.95e-06,0.0009550099784974009
4476,0.0013667318999068812,0.001263038648176007,0.0010026103554992005,8.952e-06,0.0009550099784974009
4477,0.0012064614129485562,0.0016190308087971061,0.0009685744953458197,8.954000000000001e-06,0.0009550099784974009
4478,0.0013734038802795112,0.0012959170126123354,0.00110391947964672,8.956e-06,0.0009550099784974009
4479,0.0011437054490670562,0.001017430709907785,0.0009082883552764542,8.958000000000001e-06,0.0009550099784974009
4480,0.001128151263401378,0.0013409848979790695,0.0012691541342064738,8.96e-06,0.0009550099784974009
4481,0.0013221407280070707,0.0011744355215341784,0.000989079722785391,8.962e-06,0.0009550099784974009
4482,0.001532012400275562,0.0010748938584583811,0.0012619804838323034,8.964000000000001e-06,0.0009550099784974009
4483,0.0012691780866589397,0.001540889155876357,0.0011356009781593457,8.966e-06,0.0009550099784974009
4484,0.001504243235103786,0.0011311495254631154,0.0010198323070653714,8.968000000000001e-06,0.0009550099784974009
4485,0.0015441772266058251,0.0010925401220447384,0.0011515729638631456,8.97e-06,0.0009550099784974009
4486,0.0012868540798081085,0.001185870532935951,0.0011194458566023968,8.972000000000002e-06,0.0009550099784974009
4487,0.001498837023973465,0.0011190985387656838,0.0010956895857816562,8.974e-06,0.0009550099784974009
4488,0.0014974771765992045,0.0013192661717766896,0.0010281821523676626,8.976e-06,0.0009550099784974009
4489,0.0012000263304798864,0.0011544940498424694,0.001077881817764137,8.978000000000001e-06,0.0009550099784974009
4490,0.001367600569210481,0.001274447342439089,0.001081883005099371,8.98e-06,0.0009550099784974009
4491,0.0013438795795082115,0.0012247552731423639,0.0010749582797870971,8.982000000000001e-06,0.0009550099784974009
4492,0.001163597422419116,0.0011874735791934654,0.0014478838129434735,8.984e-06,0.0009550099784974009
4493,0.001288704530452378,0.0012057629865012132,0.0011727904711733572,8.986000000000002e-06,0.0009550099784974009
4494,0.0012634118247660808,0.0011898537268280052,0.001411631252267398,8.988e-06,0.0009550099784974009
4495,0.0012518648145487532,0.00122475900570862,0.0010708257323130965,8.99e-06,0.0009550099784974009
4496,0.0016251811757683754,0.0012507922147051431,0.001051248807925731,8.992000000000001e-06,0.0009550099784974009
4497,0.001294104520638939,0.001311044798057992,0.0008892011101124808,8.994e-06,0.0009550099784974009
4498,0.0014622384769609198,0.0012247881459188648,0.0010530053550610319,8.996000000000002e-06,0.0009550099784974009
4499,0.0012789487082045525,0.001260094933968503,0.0010505657264729962,8.998000000000001e-06,0.0009550099784974009
4500,0.001430697739124298,0.0012608302713488229,0.0011664708217722364,9e-06,0.0009550099784974009
4501,0.0013327870547072962,0.0011984804586973041,0.0012101388347218744,9.002e-06,0.0009550099784974009
4502,0.0014213320100679994,0.0010409294336568564,0.0012399792249198072,9.004e-06,0.0009550099784974009
4503,0.0013180575042497367,0.0013357115894905291,0.0009666704208939336,9.006e-06,0.0009550099784974009
4504,0.0012760407698806375,0.0013098278868710622,0.0009998873429140076,9.008e-06,0.0009550099784974009
4505,0.0012091389726265334,0.0012323678602115251,0.0011960805495618843,9.010000000000002e-06,0.0009550099784974009
4506,0.0011841164814541116,0.0011573567317100242,0.0012373569261399098,9.012000000000001e-06,0.0009550099784974009
4507,0.0014088939715293236,0.0012745264102704823,0.001302113276324235,9.014e-06,0.0009550099784974009
4508,0.0014348009790410288,0.0011077793387812562,0.001007568120257929,9.016e-06,0.0009550099784974009
4509,0.0014941959088901058,0.0012332323240116239,0.0012579267931869254,9.018e-06,0.0009550099784974009
4510,0.0013398794690147042,0.0013112184315104969,0.0010218316820100881,9.02e-06,0.0009550099784974009
4511,0.0014176871627569199,0.001274039808777161,0.0011557514517335221,9.022000000000001e-06,0.0009550099784974009
4512,0.0013818399820593186,0.0011165118485223502,0.0012252868473296985,9.024e-06,0.0009550099784974009
4513,0.001198583617224358,0.0012831711501348764,0.0011737254317267798,9.026000000000001e-06,0.0009550099784974009
4514,0.0012483292157412507,0.0011643899852060713,0.0010223396820947528,9.028e-06,0.0009550099784974009
4515,0.0012447807093849406,0.0009464910835959017,0.001131784352764953,9.03e-06,0.0009550099784974009
4516,0.0012534175257314928,0.0011245115456404164,0.0011705532378982753,9.032000000000001e-06,0.0009464910835959017
4517,0.0015954520931700245,0.0012997829835512675,0.0012672349839704111,9.034e-06,0.0009464910835959017
4518,0.0011720359325408936,0.001296487418585457,0.0012145797663833946,9.036000000000001e-06,0.0009464910835959017
4519,0.0012375021397019736,0.0011400365838198923,0.001015597335936036,9.038e-06,0.0009464910835959017
4520,0.0012658168270718306,0.0015501157176913694,0.001043614320224151,9.040000000000002e-06,0.0009464910835959017
4521,0.001518680299341213,0.0013783241374767385,0.001043655604007654,9.042e-06,0.0009464910835959017
4522,0.0011683455668389797,0.0012714805779978633,0.0012188450200483203,9.044e-06,0.0009464910835959017
4523,0.0016127794660860673,0.0013825696296407841,0.0009831675124587491,9.046000000000001e-06,0.0009464910835959017
4524,0.0013865317596355453,0.0011249529634369537,0.0011804806781583466,9.048e-06,0.0009464910835959017
4525,0.0013332337912288494,0.0011988564583589323,0.0012563057098304853,9.050000000000001e-06,0.0009464910835959017
4526,0.0014014873595442623,0.0010230203261016868,0.0009594364528311417,9.052e-06,0.0009464910835959017
4527,0.001042348456394393,0.0010240401461487636,0.001172045864223037,9.054000000000002e-06,0.0009464910835959017
4528,0.0015621177153661847,0.0010830818428075872,0.0012156275442976039,9.056e-06,0.0009464910835959017
4529,0.0015061963786138222,0.001191597657452803,0.0012600701884366572,9.058e-06,0.0009464910835959017
4530,0.0012398222970659845,0.001300337229622528,0.0009661912699812092,9.060000000000001e-06,0.0009464910835959017
4531,0.0012437539771781303,0.0013147409044904634,0.0011168626951985061,9.062e-06,0.0009464910835959017
4532,0.001464804845454637,0.0011708848251146264,0.0010915465172729455,9.064000000000002e-06,0.0009464910835959017
4533,0.00117039869655855,0.0013025711377849802,0.0012017321641906165,9.066000000000001e-06,0.0009464910835959017
4534,0.00153546137153171,0.0013298055855557323,0.0011982082214672118,9.068e-06,0.0009464910835959017
4535,0.0011561811697902158,0.0013498580956365913,0.0011737406748579815,9.07e-06,0.0009464910835959017
4536,0.0012741282625938766,0.0010776545095723122,0.0012134877106291242,9.072e-06,0.0009464910835959017
4537,0.0013585430278908461,0.0010086675029015169,0.0011413241809350438,9.074e-06,0.0009464910835959017
4538,0.0012483543250709772,0.0011058160380343907,0.001104146424040664,9.076000000000001e-06,0.0009464910835959017
4539,0.0012718060170300305,0.0012046269330312498,0.0011172254162374884,9.078000000000002e-06,0.0009464910835959017
4540,0.0013837641017744318,0.0013440003822324798,0.0013184709023335017,9.080000000000001e-06,0.0009464910835959017
4541,0.0014889283338561654,0.001054861699230969,0.001050124534231145,9.082e-06,0.0009464910835959017
4542,0.0013665396618307568,0.0014105818700045347,0.0012710926530417055,9.084e-06,0.0009464910835959017
4543,0.0014749713300261647,0.0011682911863317713,0.0009871911533991806,9.086e-06,0.0009464910835959017
4544,0.0014736505690962076,0.001287390652578324,0.0011975164452451281,9.088e-06,0.0009464910835959017
4545,0.0013447384990286082,0.0012288211582927033,0.0012287078716326505,9.090000000000001e-06,0.0009464910835959017
4546,0.001363267467240803,0.0015276166013791226,0.0009030385554069653,9.092e-06,0.0009464910835959017
4547,0.001418483952875249,0.0013707234393223189,0.001151944074081257,9.094000000000001e-06,0.0009464910835959017
4548,0.001619356706214603,0.0012391702985041775,0.0012321117901592515,9.096e-06,0.0009464910835959017
4549,0.0013375810958677903,0.0011850130540551618,0.0012522968972916715,9.098e-06,0.0009464910835959017
4550,0.001372038183035329,0.0012139571845182218,0.0011482098561828025,9.100000000000001e-06,0.0009464910835959017
4551,0.001199352009280119,0.0010448893372085877,0.0008909633324947208,9.102e-06,0.0009464910835959017
4552,0.001145719230407849,0.0011082497294410132,0.001082830727682449,9.104000000000001e-06,0.0009464910835959017
4553,0.0013016314042033628,0.0013122209202265367,0.0012878949855803512,9.106e-06,0.0009464910835959017
4554,0.0012235979156685062,0.0012246985497768037,0.0012828020408051088,9.108000000000002e-06,0.0009464910835959017
4555,0.0014677091385237873,0.0012446347755030729,0.0009275834017898887,9.110000000000001e-06,0.0009464910835959017
4556,0.0012670420983340591,0.0012608824981725775,0.0009840737766353413,9.112e-06,0.0009464910835959017
4557,0.0014737046440131962,0.0012303153926040977,0.0010670807969290763,9.114000000000001e-06,0.0009464910835959017
4558,0.0012586242810357362,0.0012020827052765526,0.001085529183910694,9.116e-06,0.0009464910835959017
4559,0.001144812733400613,0.0012460292418836616,0.0009987584198825061,9.118000000000001e-06,0.0009464910835959017
4560,0.0013062852231087163,0.001276829614653252,0.0011686318102874793,9.12e-06,0.0009464910835959017
4561,0.001101888294215314,0.001318419752351474,0.0010608482771203853,9.122000000000002e-06,0.0009464910835959017
4562,0.0012603866925928742,0.0012741308601107448,0.001113645535951946,9.124e-06,0.0009464910835959017
4563,0.0012198131444165483,0.0011832930758828297,0.0010581643218756653,9.126e-06,0.0009464910835959017
4564,0.0011441140668466687,0.0015008605550974607,0.001081298163626343,9.128000000000001e-06,0.0009464910835959017
4565,0.0014098734536673874,0.001051555693265982,0.0010853587882593274,9.13e-06,0.0009464910835959017
4566,0.0013891383860027418,0.0013993059983476996,0.001294612986384891,9.132000000000002e-06,0.0009464910835959017
4567,0.0013323896419024095,0.001324332260992378,0.0009617871764930896,9.134000000000001e-06,0.0009464910835959017
4568,0.001203472973429598,0.001558598261908628,0.0011618326680036262,9.136e-06,0.0009464910835959017
4569,0.0013999978546053171,0.0013654617359861732,0.0010852424165932462,9.138e-06,0.0009464910835959017
4570,0.0013310744107002392,0.0011483425259939395,0.0009826947643887252,9.14e-06,0.0009464910835959017
4571,0.0012309618105064146,0.001150421187048778,0.0008885641655069776,9.142e-06,0.0009464910835959017
4572,0.0015001657593529671,0.0012000900533166714,0.001269227206648793,9.144000000000001e-06,0.0009464910835959017
4573,0.0013645197614096105,0.0011220126689295284,0.0008723449791432358,9.146000000000002e-06,0.0009464910835959017
4574,0.0016299409471685067,0.0012064954498782754,0.00103240720636677,9.148000000000001e-06,0.0009464910835959017
4575,0.001213036070112139,0.0013626990767079405,0.0010141530801774934,9.15e-06,0.0009464910835959017
4576,0.001456009158573579,0.0013343862810870633,0.0011819121282314882,9.152e-06,0.0009464910835959017
4577,0.0013667829625774175,0.0012342306727077812,0.0012607245371327735,9.154e-06,0.0009464910835959017
4578,0.001106733332562726,0.001172867909190245,0.0010450186746311374,9.156e-06,0.0009464910835959017
4579,0.0012781653422280215,0.0013347409912967123,0.0011407654310460202,9.158000000000001e-06,0.0009464910835959017
4580,0.0012164295840193518,0.0011117792382719927,0.001305016085098032,9.16e-06,0.0009464910835959017
4581,0.00133747051586397,0.001317449401540216,0.0012509209336712956,9.162000000000001e-06,0.0009464910835959017
4582,0.001514234667411074,0.00109311531559797,0.0009991647020797245,9.164e-06,0.0009464910835959017
4583,0.0015906257031019777,0.0013354675902519375,0.0011658863368211314,9.166e-06,0.0009464910835959017
4584,0.0012849363120039925,0.0009824448134168051,0.0010775781411211938,9.168000000000001e-06,0.0009464910835959017
4585,0.001519556411949452,0.0012936401180922985,0.001139224121288862,9.17e-06,0.0009464910835959017
4586,0.0012607755197677761,0.0013564585678977892,0.0010561722810962237,9.172000000000001e-06,0.0009464910835959017
4587,0.001086577343812678,0.0013530617507058196,0.001237268341355957,9.174e-06,0.0009464910835959017
4588,0.0013944325619377196,0.0011322674254188314,0.001171087940747384,9.176000000000002e-06,0.0009464910835959017
4589,0.001375498359266203,0.0013530732321669348,0.0010089329880429432,9.178000000000001e-06,0.0009464910835959017
4590,0.0012742727267323062,0.0010226928570773453,0.0010416858349344693,9.18e-06,0.0009464910835959017
4591,0.0013347533604246564,0.0013277839607326314,0.001148363655374851,9.182000000000001e-06,0.0009464910835959017
4592,0.0013751666119787842,0.0013061050776741467,0.0013209884928073734,9.184e-06,0.0009464910835959017
4593,0.001221752871060744,0.0012829607803723775,0.00105343042378081,9.186000000000001e-06,0.0009464910835959017
4594,0.0012484371982282028,0.0011059306780225597,0.0011764044102164917,9.188e-06,0.0009464910835959017
4595,0.0012914833714603446,0.0012015870306640863,0.0011163441376993433,9.19e-06,0.0009464910835959017
4596,0.0014322943898150697,0.0011342563666403294,0.0010933757876046002,9.192e-06,0.0009464910835959017
4597,0.0012210982240503654,0.0013021960548940115,0.0010216632872470655,9.194e-06,0.0009464910835959017
4598,0.0012760877652908675,0.0011615236071520485,0.001238937591551803,9.196000000000001e-06,0.0009464910835959017
4599,0.001357185457891319,0.0012792970519512892,0.0010365912603447214,9.198e-06,0.0009464910835959017
4600,0.001443106375518255,0.0013576076016761363,0.0011295678341411985,9.200000000000002e-06,0.0009464910835959017
4601,0.0013588526926469058,0.0013307890330906957,0.001234497620316688,9.202000000000001e-06,0.0009464910835959017
4602,0.0011394416069379076,0.0010535613910178654,0.001153459663328249,9.204e-06,0.0009464910835959017
4603,0.0013281313586048782,0.0012828800099669024,0.0010344733091187663,9.206e-06,0.0009464910835959017
4604,0.0012408672191668302,0.0012696894555119798,0.0009375193840241991,9.208e-06,0.0009464910835959017
4605,0.0012058439897373319,0.0013401386386249214,0.0011551811985555105,9.21e-06,0.0009464910835959017
4606,0.001353671628748998,0.0012913867831230164,0.001156668680778239,9.212000000000001e-06,0.0009464910835959017
4607,0.0011262113694101572,0.0012904576142318547,0.001099141052691266,9.214000000000002e-06,0.0009464910835959017
4608,0.0011580293430597521,0.0011274239295744337,0.0009204654197674245,9.216000000000001e-06,0.0009464910835959017
4609,0.0011812642478616908,0.001189123526273761,0.0011979774717474356,9.218e-06,0.0009464910835959017
4610,0.0014132610813248903,0.0012075295817339793,0.0010809546438395046,9.22e-06,0.0009464910835959017
4611,0.001290629275899846,0.0011941246775677428,0.001291190754272975,9.222e-06,0.0009464910835959017
4612,0.0012301772731007077,0.001254108443390578,0.0012969242161489092,9.224e-06,0.0009464910835959017
4613,0.0012089535593986511,0.0013846059300703928,0.001205160835525021,9.226000000000001e-06,0.0009464910835959017
4614,0.001276419025089126,0.0011396660120226443,0.0009655577960074879,9.228e-06,0.0009464910835959017
4615,0.0012484784892876633,0.0013384649428189732,0.0011022293692803942,9.230000000000001e-06,0.0009464910835959017
4616,0.001491374525357969,0.0014417384008993395,0.0011091562555520795,9.232e-06,0.0009464910835959017
4617,0.0015083491307450458,0.0012120224491809495,0.0011814035387942567,9.234e-06,0.0009464910835959017
4618,0.0012514989357441664,0.0012408804395818152,0.0010617503940011375,9.236000000000001e-06,0.0009464910835959017
4619,0.0013450949409161694,0.001136289443820715,0.0008543676667613909,9.238e-06,0.0009464910835959017
4620,0.0012014872336294502,0.001154169614892453,0.0011872329923789948,9.240000000000001e-06,0.0009464910835959017
4621,0.0013714490050915629,0.001240148711076472,0.0010971543524647132,9.242e-06,0.0009464910835959017
4622,0.0013439206159091555,0.0013450346232275479,0.0013437567176879384,9.244000000000002e-06,0.0009464910835959017
4623,0.001395791390677914,0.0012460904836189002,0.0010166704887524247,9.246000000000001e-06,0.0009464910835959017
4624,0.00128914895321941,0.0010788955260068178,0.0010273253938066773,9.248e-06,0.0009464910835959017
4625,0.0013548512579291128,0.0013195654901210219,0.0011686889265547507,9.250000000000001e-06,0.0009464910835959017
4626,0.0014369645869010128,0.0013047149186604656,0.0011391717271180823,9.252e-06,0.0009464910835959017
4627,0.0014955656661186367,0.0011605904146563262,0.0011016287171514705,9.254000000000002e-06,0.0009464910835959017
4628,0.0011980824638158083,0.0010647083108779043,0.0012003061347058974,9.256e-06,0.0009464910835959017
4629,0.0014299735121312551,0.0010470714114489965,0.0011581808066694066,9.258e-06,0.0009464910835959017
4630,0.0012954646444995888,0.0011184159229742363,0.0012112993936170824,9.26e-06,0.0009464910835959017
4631,0.0011779645428759977,0.0010124427353730425,0.001143914196291007,9.262e-06,0.0009464910835959017
4632,0.0013666521917912178,0.001506695945863612,0.0010593774204608053,9.264000000000001e-06,0.0009464910835959017
4633,0.001299238356295973,0.0010427366287331097,0.001060578906617593,9.266e-06,0.0009464910835959017
4634,0.0012447574263205752,0.001101237088732887,0.0010760509248939343,9.268000000000002e-06,0.0009464910835959017
4635,0.0014016186323715374,0.0013098536219331436,0.0010767113126348704,9.270000000000001e-06,0.0009464910835959017
4636,0.0011829870854853652,0.0012662117514992133,0.0009551119510433637,9.272e-06,0.0009464910835959017
4637,0.0012235201938892715,0.001207298002555035,0.0010244309669360518,9.274e-06,0.0009464910835959017
4638,0.0013282549844007008,0.0013619067030958831,0.0009341315089841373,9.276e-06,0.0009464910835959017
4639,0.0012542685508378781,0.001214513715240173,0.0010663637513061985,9.278e-06,0.0009464910835959017
4640,0.0012421692517818883,0.0012339163004071452,0.001189781971334014,9.280000000000001e-06,0.0009464910835959017
4641,0.001266956314793788,0.0011385008838260546,0.0009433839513803832,9.282000000000002e-06,0.0009464910835959017
4642,0.0010320697256247513,0.0010133575997315347,0.0014966071030357853,9.284000000000001e-06,0.0009464910835959017
4643,0.0012722713945549913,0.0014129568298812956,0.001156624683062546,9.286e-06,0.0009464910835959017
4644,0.001049369660904631,0.0011592590817599557,0.0010648877869243734,9.288e-06,0.0009464910835959017
4645,0.0015289377042790875,0.0012660063584917225,0.0010929117052000947,9.29e-06,0.0009464910835959017
4646,0.001090289450075943,0.0012282402167329565,0.0011130185012007132,9.292e-06,0.0009464910835959017
4647,0.001300553820328787,0.0011470775352790952,0.001267147745238617,9.294000000000001e-06,0.0009464910835959017
4648,0.001208979680086486,0.001284511643461883,0.0010803063050843775,9.296e-06,0.0009464910835959017
4649,0.0012706196866929531,0.001360709393338766,0.0010313415332348086,9.298000000000001e-06,0.0009464910835959017
4650,0.001201498569571413,0.0010645701549947262,0.0013404961428022943,9.3e-06,0.0009464910835959017
4651,0.0010189515596721321,0.0010433338466100395,0.0010682868596632034,9.302e-06,0.0009464910835959017
4652,0.001142394685302861,0.0014271839245338924,0.001423481917299796,9.304000000000001e-06,0.0009464910835959017
4653,0.001290440370212309,0.001204436739499215,0.0012535118439700454,9.306e-06,0.0009464910835959017
4654,0.0013989412982482463,0.001188611589896027,0.0012632085126824677,9.308000000000001e-06,0.0009464910835959017
4655,0.0011843059037346393,0.0012407454632921144,0.0011769233969971538,9.31e-06,0.0009464910835959017
4656,0.0010743102538981475,0.0010668112590792589,0.0012240606010891497,9.312000000000002e-06,0.0009464910835959017
4657,0.0011606007392401807,0.0011014302799594589,0.0010294162275386043,9.314000000000001e-06,0.0009464910835959017
4658,0.001380264846375212,0.0012080811575287953,0.001212965216836892,9.316e-06,0.0009464910835959017
4659,0.001404269176418893,0.0010726967375376262,0.0008867672295309603,9.318000000000001e-06,0.0009464910835959017
4660,0.001187980014947243,0.0010857536835828796,0.0010978885256918147,9.32e-06,0.0009464910835959017
4661,0.0014822955345152877,0.00119870880007511,0.001245918610948138,9.322000000000002e-06,0.0009464910835959017
4662,0.0012457783523132093,0.0011568292247829959,0.001243413658812642,9.324000000000001e-06,0.0009464910835959017
4663,0.0014053040940780193,0.0010389379021944478,0.0012872217048425227,9.326e-06,0.0009464910835959017
4664,0.001331488718278706,0.0011795882164733484,0.0011328353939461522,9.328e-06,0.0009464910835959017
4665,0.0014489350287476555,0.0012950064992764965,0.0010561436138232239,9.33e-06,0.0009464910835959017
4666,0.0011612871167017147,0.0011310231275274418,0.0011369966377969831,9.332000000000001e-06,0.0009464910835959017
4667,0.0014641871821368113,0.0011473306803964078,0.001025255442073103,9.334e-06,0.0009464910835959017
4668,0.0013345633342396468,0.0011767424584832042,0.0012112904587411322,9.336000000000002e-06,0.0009464910835959017
4669,0.0013393554618232884,0.0010594730847515166,0.0011722576382453553,9.338000000000001e-06,0.0009464910835959017
4670,0.001265897590201348,0.0012783433849108405,0.0012010626815026626,9.34e-06,0.0009464910835959017
4671,0.0012870503414887935,0.0013134195905877277,0.0011380205542081967,9.342e-06,0.0009464910835959017
4672,0.0012278902140678838,0.0013961236836621538,0.001026327874569688,9.344e-06,0.0009464910835959017
4673,0.0012224318415974267,0.0010984445034409873,0.000887823902303353,9.346e-06,0.0009464910835959017
4674,0.0011421616727602668,0.001087823613488581,0.001289508909394499,9.348000000000001e-06,0.0009464910835959017
4675,0.0012035912368446589,0.0011888312292285264,0.0010710603382904083,9.350000000000002e-06,0.0009464910835959017
4676,0.0012350247707217932,0.0011155624088132754,0.001112896527047269,9.352000000000001e-06,0.0009464910835959017
4677,0.0012424364758771844,0.0013126053163432516,0.0009365129517391324,9.354e-06,0.0009464910835959017
4678,0.0014462136241490953,0.001044315540639218,0.0011154038220411167,9.356e-06,0.0009464910835959017
4679,0.0015955538983689621,0.0009354705252917483,0.0014635011175414547,9.358000000000001e-06,0.0009464910835959017
4680,0.0011733204446500167,0.0011858111029141583,0.0010122263847733848,9.36e-06,0.0009354705252917483
4681,0.0012227148035890423,0.0012043577298754826,0.0010101575244334526,9.362000000000001e-06,0.0009354705252917483
4682,0.00144404340244364,0.0009323773010692094,0.0011363672820152715,9.364e-06,0.0009354705252917483
4683,0.001472900083172135,0.0011899225719389506,0.001251423978828825,9.366000000000001e-06,0.0009323773010692094
4684,0.0011973485161433928,0.0012629826160264201,0.0010418970050523058,9.368e-06,0.0009323773010692094
4685,0.0014912382903276011,0.001185280445497483,0.0010846432705875486,9.37e-06,0.0009323773010692094
4686,0.00141050286765676,0.0012088425719412044,0.0010131963281310163,9.372000000000001e-06,0.0009323773010692094
4687,0.001389620614645537,0.0010750443689175881,0.0008941383857745677,9.374e-06,0.0009323773010692094
4688,0.0011647683786577545,0.0012297173161641695,0.000840976441395469,9.376000000000001e-06,0.0009323773010692094
4689,0.0012682741071330383,0.0011153884333907627,0.0010948919298243709,9.378e-06,0.0009323773010692094
4690,0.0011634541660896502,0.0011039583623642102,0.0010468947075423785,9.380000000000002e-06,0.0009323773010692094
4691,0.0013437661473290063,0.0011230268246436026,0.0008974075462901965,9.382000000000001e-06,0.0009323773010692094
4692,0.0014328007673611864,0.0012155745644122362,0.0009413004736416042,9.384e-06,0.0009323773010692094
4693,0.0012920171284349635,0.0014475114658125676,0.0009922747922246344,9.386000000000001e-06,0.0009323773010692094
4694,0.0010518702692934312,0.0011104469958809204,0.0009314963463111781,9.388e-06,0.0009323773010692094
4695,0.0010869127218029462,0.0012886042168247513,0.0009831453498918563,9.390000000000002e-06,0.0009323773010692094
4696,0.0010701338687795214,0.0011805507892859168,0.0010296597101842053,9.392000000000001e-06,0.0009323773010692094
4697,0.0012971527248737402,0.0013171672108001076,0.0010505395111977123,9.394e-06,0.0009323773010692094
4698,0.0016004903591237962,0.0012866921024397016,0.0011368318228051066,9.396e-06,0.0009323773010692094
4699,0.00143415508500766,0.001168709022749681,0.0010106466070283204,9.398e-06,0.0009323773010692094
4700,0.0012511831300798804,0.0010769202708615921,0.0011250219176872633,9.400000000000001e-06,0.0009323773010692094
4701,0.001236947500729002,0.0012265456753084436,0.0009767005030880682,9.402e-06,0.0009323773010692094
4702,0.0012604859803104773,0.0009532275580568239,0.0010876812448259443,9.404000000000002e-06,0.0009323773010692094
4703,0.00120059575419873,0.001406607923854608,0.0010402164480183274,9.406000000000001e-06,0.0009323773010692094
4704,0.0012912738238810562,0.0012045189942000434,0.0009544188142172061,9.408e-06,0.0009323773010692094
4705,0.0013374043628573418,0.0010018412795034237,0.001038287315168418,9.41e-06,0.0009323773010692094
4706,0.0012977552541997284,0.0012869648562627845,0.000913201060029678,9.412e-06,0.0009323773010692094
4707,0.001220610378368292,0.0009108235753956251,0.0010744122482719831,9.414e-06,0.0009323773010692094
4708,0.0012604342336999252,0.001277737901546061,0.0010489579653949477,9.416000000000001e-06,0.0009108235753956251
4709,0.0014313727879198268,0.0011833420139737427,0.0010196354342042468,9.418000000000002e-06,0.0009108235753956251
4710,0.0011831944793812,0.0010436511583975516,0.0009519742452539504,9.420000000000001e-06,0.0009108235753956251
4711,0.0013157840221538208,0.0012162170387455262,0.0012420448620105162,9.422e-06,0.0009108235753956251
4712,0.0013200915200286545,0.0011243605113122612,0.0012002418952761218,9.424e-06,0.0009108235753956251
4713,0.0010316103507648222,0.0012295754495426081,0.0010181341131101362,9.426000000000001e-06,0.0009108235753956251
4714,0.0012625333547475748,0.0011295478034298867,0.0009208475748891942,9.428e-06,0.0009108235753956251
4715,0.0014905364078003913,0.0011629221626208164,0.0009542156840325333,9.430000000000001e-06,0.0009108235753956251
4716,0.0012306107819313183,0.0009395544038852677,0.001171998170320876,9.432e-06,0.0009108235753956251
4717,0.0013821419997839257,0.0010520453070057556,0.0010864872529054992,9.434000000000001e-06,0.0009108235753956251
4718,0.0013654316135216504,0.0010487588660907932,0.0011156911932630464,9.436e-06,0.0009108235753956251
4719,0.0012199065677123144,0.0012151741466368549,0.0011451199679868296,9.438e-06,0.0009108235753956251
4720,0.0010037039028247818,0.0012758407028741203,0.0010383643748355098,9.440000000000001e-06,0.0009108235753956251
4721,0.0013404319834080525,0.0009801079577300698,0.001085300071281381,9.442e-06,0.0009108235753956251
4722,0.0010019329420174472,0.0014268872837419622,0.0010926089380518533,9.444000000000001e-06,0.0009108235753956251
4723,0.001400331333570648,0.0011640582088148221,0.0012324791896389797,9.446e-06,0.0009108235753956251
4724,0.0012758004231727682,0.0012817024544347078,0.001060577946191188,9.448e-06,0.0009108235753956251
4725,0.0015277366255759262,0.001353342886432074,0.0010984858963638544,9.450000000000001e-06,0.0009108235753956251
4726,0.0012623299771803431,0.0012253082968527451,0.001025693149131257,9.452e-06,0.0009108235753956251
4727,0.001473247873946093,0.0009738794033182785,0.0008566722608520649,9.454000000000001e-06,0.0009108235753956251
4728,0.0011143124938826077,0.001240658006281592,0.0010257596732117236,9.456e-06,0.0009108235753956251
4729,0.0011345037273713388,0.0010719300771597773,0.0011711284460034221,9.458000000000002e-06,0.0009108235753956251
4730,0.0011340552009642124,0.0011006334389094263,0.0010062760266009718,9.460000000000001e-06,0.0009108235753956251
4731,0.0015925014449749142,0.0014931594050722197,0.0011249810704612173,9.462e-06,0.0009108235753956251
4732,0.0012119136154069565,0.0011991470819339156,0.0010692782161640935,9.464e-06,0.0009108235753956251
4733,0.001377002328808885,0.0011038342126994394,0.0010527579070185311,9.466e-06,0.0009108235753956251
4734,0.001255540431884583,0.0012296011263970286,0.001143328263424337,9.468000000000002e-06,0.0009108235753956251
4735,0.0013143277101335116,0.0011283190215181094,0.0010431135742692277,9.47e-06,0.0009108235753956251
4736,0.0013770074292551726,0.0010610265053401235,0.0009376352172694169,9.472000000000002e-06,0.0009108235753956251
4737,0.001245960986125283,0.001268733547476586,0.0012492730384110473,9.474000000000001e-06,0.0009108235753956251
4738,0.0012054767430527136,0.001036922971252352,0.0013257707687444054,9.476e-06,0.0009108235753956251
4739,0.0013791475284961052,0.0010073391604237258,0.0008775218448136002,9.478e-06,0.0009108235753956251
4740,0.0013572591851698235,0.0014091381963226013,0.0010543897078605369,9.48e-06,0.0009108235753956251
4741,0.001295492285862565,0.001166581547295209,0.0011436050263000652,9.482e-06,0.0009108235753956251
4742,0.0011989272825303487,0.0011083205172326416,0.0011744993316824548,9.484000000000001e-06,0.0009108235753956251
4743,0.001317430600465741,0.0011264335407759063,0.0011229515221202746,9.486000000000002e-06,0.0009108235753956251
4744,0.0011273762138444,0.0011223126712138765,0.001277269264392089,9.488000000000001e-06,0.0009108235753956251
4745,0.0014005720368004404,0.0010671240306692198,0.0010775541813927703,9.49e-06,0.0009108235753956251
4746,0.0012904739560326561,0.0012863416777690873,0.001013962712022476,9.492e-06,0.0009108235753956251
4747,0.0011507979506859556,0.0012586417506099679,0.0008757226678426377,9.494000000000001e-06,0.0009108235753956251
4748,0.0012841271891375072,0.001104743467294611,0.0011587661429075524,9.496e-06,0.0009108235753956251
4749,0.0015725547127658501,0.001301996388065163,0.001177496465970762,9.498000000000001e-06,0.0009108235753956251
4750,0.0012670078940573148,0.0011053489506593905,0.0011093600769527256,9.5e-06,0.0009108235753956251
4751,0.0011492614503367804,0.0013220317487139255,0.0008028639713302255,9.502000000000002e-06,0.0009108235753956251
4752,0.0013694463486899622,0.0011640100492513739,0.001206234643177595,9.504e-06,0.0009108235753956251
4753,0.001431219803635031,0.0012291336606722325,0.0010794947302201763,9.506e-06,0.0009108235753956251
4754,0.0014079107422730885,0.0010962598971673287,0.0010956409823847935,9.508000000000001e-06,0.0009108235753956251
4755,0.001391102297930047,0.0012663785892073065,0.0010575641499599442,9.51e-06,0.0009108235753956251
4756,0.0014477587974397466,0.001300788288062904,0.0012561550247482955,9.512000000000001e-06,0.0009108235753956251
4757,0.0012413857693900354,0.0010151696696993895,0.0011592531882342882,9.514e-06,0.0009108235753956251
4758,0.0011991151695838198,0.0011763967922888696,0.0010857568486244418,9.516e-06,0.0009108235753956251
4759,0.0013874233336537145,0.001128695861552842,0.0009093955814023502,9.518000000000001e-06,0.0009108235753956251
4760,0.0009504023837507702,0.0013002974155824631,0.0010082869412144646,9.52e-06,0.0009108235753956251
4761,0.001221617880219128,0.0010921985885943286,0.0012704966720775701,9.522000000000001e-06,0.0009108235753956251
4762,0.0012305868440307677,0.001140359090641141,0.0011473338527139276,9.524e-06,0.0009108235753956251
4763,0.001356509943434503,0.00103933008358581,0.0010016355226980522,9.526000000000002e-06,0.0009108235753956251
4764,0.0011799867352237925,0.0010720146747189574,0.0009115069988183677,9.528000000000001e-06,0.0009108235753956251
4765,0.0010850394901353866,0.001337019755737856,0.0011651532258838415,9.53e-06,0.0009108235753956251
4766,0.0012053095051669516,0.0008780056377872825,0.0009020542856887914,9.532e-06,0.0009108235753956251
4767,0.001354101907054428,0.0011725878139259294,0.001200554659590125,9.534e-06,0.0008780056377872825
4768,0.0013792425161227584,0.0009653105007600971,0.0009671032821643166,9.536000000000002e-06,0.0008780056377872825
4769,0.0011857938079629093,0.0011885102721862495,0.0011244155757594854,9.538e-06,0.0008780056377872825
4770,0.0013034391595283523,0.0010284104064339772,0.0009246920526493341,9.540000000000002e-06,0.0008780056377872825
4771,0.001102600224839989,0.001200671038532164,0.001065086995367892,9.542000000000001e-06,0.0008780056377872825
4772,0.0012418067926773801,0.0009583095670677722,0.0011617290874710307,9.544e-06,0.0008780056377872825
4773,0.0013098355557303876,0.0011776443352573551,0.0011911243345821276,9.546e-06,0.0008780056377872825
4774,0.0014077383311814629,0.0010927751209237613,0.0011543378277565353,9.548e-06,0.0008780056377872825
4775,0.0014172369701554999,0.0012403767832438461,0.0009908170759445056,9.55e-06,0.0008780056377872825
4776,0.0011231723910896108,0.001059165246260818,0.0011150942737003788,9.552000000000001e-06,0.0008780056377872825
4777,0.0011717266461346298,0.0013000746330362745,0.001418763458786998,9.554000000000002e-06,0.0008780056377872825
4778,0.0012909552242490463,0.001216785101860296,0.0009255777113139629,9.556000000000001e-06,0.0008780056377872825
4779,0.0014137638499960303,0.0011050773828173988,0.000911820083274506,9.558e-06,0.0008780056377872825
4780,0.0013678272953256965,0.0010764481339720078,0.0009652101143728942,9.56e-06,0.0008780056377872825
4781,0.0012095632482669316,0.0011775845705415122,0.0008266607692348771,9.562000000000001e-06,0.0008780056377872825
4782,0.001372371414618101,0.0014123991495580412,0.0010592390099191107,9.564e-06,0.0008780056377872825
4783,0.001209196176205296,0.001088082957721781,0.001273651454539504,9.566000000000001e-06,0.0008780056377872825
4784,0.0011500433101900853,0.0012884858006145805,0.0012145081927883439,9.568e-06,0.0008780056377872825
4785,0.0012688668721239083,0.0011003630279446952,0.0010876486194320023,9.570000000000002e-06,0.0008780056377872825
4786,0.0011941362463403493,0.0010268452097079717,0.001048684171109926,9.572000000000001e-06,0.0008780056377872825
4787,0.0012268337668501772,0.001104239963751752,0.0010872950515476987,9.574e-06,0.0008780056377872825
4788,0.0010994740296155214,0.001073997416824568,0.0009219942076015286,9.576000000000001e-06,0.0008780056377872825
4789,0.0012955115744262002,0.0011815731559181586,0.001038762740790844,9.578e-06,0.0008780056377872825
4790,0.0010447991589899175,0.001141429485869594,0.0010393154589110054,9.580000000000001e-06,0.0008780056377872825
4791,0.001350424747215584,0.0011570931965252385,0.000954242299485486,9.582e-06,0.0008780056377872825
4792,0.0013032319184276275,0.001248861699423287,0.0012217642506584525,9.584e-06,0.0008780056377872825
4793,0.0013449714606394991,0.0011682499753078446,0.0010630504330038093,9.586000000000001e-06,0.0008780056377872825
4794,0.0012858112313551828,0.001108101016143337,0.0009012325172079727,9.588e-06,0.0008780056377872825
4795,0.0010900057823164389,0.0012679947321885265,0.0009176011080853641,9.590000000000001e-06,0.0008780056377872825
4796,0.0011189624201506376,0.0011800172069342807,0.0011341301214997657,9.592e-06,0.0008780056377872825
4797,0.001067375997081399,0.0011823470049421303,0.0012074713959009387,9.594000000000002e-06,0.0008780056377872825
4798,0.0010860411057365127,0.0010759814686025493,0.0008466408544336446,9.596000000000001e-06,0.0008780056377872825
4799,0.001449402901926078,0.0010137190984096378,0.0011875584968947805,9.598e-06,0.0008780056377872825
4800,0.001362811446597334,0.0012898101194878109,0.001029271268635057,9.6e-06,0.0008780056377872825
4801,0.001276809984119609,0.001110859724576585,0.0010548276477493346,9.602e-06,0.0008780056377872825
4802,0.0012345961295068264,0.0011625481347437017,0.0010727830303949304,9.604000000000002e-06,0.0008780056377872825
4803,0.001143473076808732,0.0012320131863816641,0.001338929527264554,9.606000000000001e-06,0.0008780056377872825
4804,0.0012200956189190038,0.0011325541563564911,0.0012594923682627268,9.608000000000002e-06,0.0008780056377872825
4805,0.0011407780621084385,0.0008747237952775322,0.0010690479321056046,9.610000000000001e-06,0.0008780056377872825
4806,0.001236716125276871,0.001212195675179828,0.0009628107072785497,9.612e-06,0.0008747237952775322
4807,0.0012404410299495794,0.001244418199348729,0.0010602827605907805,9.614e-06,0.0008747237952775322
4808,0.0010796265269163996,0.0010683090149541385,0.0011761105997720733,9.616e-06,0.0008747237952775322
4809,0.0010175922652706504,0.0011268831221968867,0.0012254727189429104,9.618e-06,0.0008747237952775322
4810,0.0012429899870767258,0.0013109310093568638,0.0010036942403530702,9.620000000000001e-06,0.0008747237952775322
4811,0.0013336287520360202,0.0011925157814403065,0.0010508694685995579,9.622000000000002e-06,0.0008747237952775322
4812,0.0013933338486822322,0.00129268550517736,0.0010055258026113734,9.624000000000001e-06,0.0008747237952775322
4813,0.0011575017269933596,0.0009960236857295968,0.0009435059619136155,9.626e-06,0.0008747237952775322
4814,0.0011947017919737846,0.0009870145513559692,0.0009338207528344356,9.628e-06,0.0008747237952775322
4815,0.0011646608691080473,0.0011734274667105637,0.0013003788189962506,9.630000000000001e-06,0.0008747237952775322
4816,0.001403426969773136,0.001069128411472775,0.000949204244534485,9.632e-06,0.0008747237952775322
4817,0.0011069639440393075,0.0009793796125450172,0.0010123358952114359,9.634000000000001e-06,0.0008747237952775322
4818,0.0015821001725271344,0.0011638209762168117,0.001212526265589986,9.636e-06,0.0008747237952775322
4819,0.001099307628464885,0.0011059837852371857,0.0011511797201819718,9.638000000000002e-06,0.0008747237952775322
4820,0.001165231478807982,0.0009973869600798935,0.0011168842102051713,9.640000000000001e-06,0.0008747237952775322
4821,0.0016111413860926405,0.0013503496156772599,0.0010694562370190397,9.642e-06,0.0008747237952775322
4822,0.0011788952615461312,0.00100049428147031,0.0009386571546201594,9.644000000000001e-06,0.0008747237952775322
4823,0.0011608966597123072,0.001172616714029573,0.0010090922442032024,9.646e-06,0.0008747237952775322
4824,0.00111369773367187,0.0013946345934527926,0.0010326837727916427,9.648000000000001e-06,0.0008747237952775322
4825,0.001155856421974022,0.0010536037952988409,0.0011196047271369025,9.65e-06,0.0008747237952775322
4826,0.001418377854861319,0.0011190082514076494,0.0012159399266238324,9.652e-06,0.0008747237952775322
4827,0.0012820574775105342,0.0009488517098361626,0.0011799955682363361,9.654000000000001e-06,0.0008747237952775322
4828,0.0010447105305502191,0.0011832254458568059,0.001150405572843738,9.656e-06,0.0008747237952775322
4829,0.0013673937137355097,0.001151591626694426,0.0012365738512016833,9.658000000000001e-06,0.0008747237952775322
4830,0.0010154452684218995,0.0010728359120548703,0.0010424961656099185,9.66e-06,0.0008747237952775322
4831,0.0012273939719307236,0.0011576448086998425,0.0010822113690664992,9.662000000000002e-06,0.0008747237952775322
4832,0.0011530220072017983,0.001016466470900923,0.0011751477650250308,9.664000000000001e-06,0.0008747237952775322
4833,0.0012008422490907833,0.0010872206257772632,0.001112755504436791,9.666e-06,0.0008747237952775322
4834,0.0013315258547663689,0.001112200683564879,0.001016408990835771,9.668e-06,0.0008747237952775322
4835,0.0011464734125183895,0.001085453615814913,0.0009463523674639873,9.67e-06,0.0008747237952775322
4836,0.0011224800473428331,0.0013363706166273914,0.0012509714579209685,9.672000000000002e-06,0.0008747237952775322
4837,0.001054470572853461,0.0010748926797532476,0.0009062227982212789,9.674000000000001e-06,0.0008747237952775322
4838,0.0013244496658444405,0.0011249497547396459,0.0011295998920104466,9.676000000000002e-06,0.0008747237952775322
4839,0.0012678980565397069,0.001123213347455021,0.0009607777028577402,9.678000000000001e-06,0.0008747237952775322
4840,0.001325332239503041,0.0012981330655748025,0.0010400969258625992,9.68e-06,0.0008747237952775322
4841,0.00125939571444178,0.0009940218951669522,0.0008413954856223427,9.682e-06,0.0008747237952775322
4842,0.0013294531963765621,0.0011493069905554876,0.001035827532177791,9.684e-06,0.0008747237952775322
4843,0.0012248575367266312,0.0010856508815777488,0.0008984253436210565,9.686e-06,0.0008747237952775322
4844,0.0012998660895391367,0.0010580933303572237,0.0008230260136770085,9.688000000000001e-06,0.0008747237952775322
4845,0.0013370578817557544,0.0012071807868778706,0.0009989987302105874,9.690000000000002e-06,0.0008747237952775322
4846,0.0014610237412853166,0.0012615038649528287,0.000875563138833968,9.692000000000001e-06,0.0008747237952775322
4847,0.0011701145704137161,0.0011861647508339956,0.0009898569842334837,9.694e-06,0.0008747237952775322
4848,0.0013253641154733486,0.0012575288710650057,0.0009178281397907995,9.696e-06,0.0008747237952775322
4849,0.0011550926137715578,0.0011143573574372567,0.0010493824447621591,9.698000000000001e-06,0.0008747237952775322
4850,0.0012621647692867555,0.0011321639467496425,0.001091386475309264,9.7e-06,0.0008747237952775322
4851,0.001083480688976124,0.001310146129981149,0.0010787288265419193,9.702000000000001e-06,0.0008747237952775322
4852,0.0010734859606600367,0.0011472918340587057,0.001170892752270447,9.704e-06,0.0008747237952775322
4853,0.0010381544052506797,0.001187086418212857,0.0012160848418716341,9.706e-06,0.0008747237952775322
4854,0.001180836305138655,0.0010587591168587096,0.0011436741697252728,9.708000000000001e-06,0.0008747237952775322
4855,0.0011499356623971835,0.000995105059701018,0.0010821452306117862,9.71e-06,0.0008747237952775322
4856,0.0011731800041161478,0.0008804509125184268,0.001176298945210874,9.712000000000001e-06,0.0008747237952775322
4857,0.0012195528615848161,0.0009850115966401063,0.0010055594248115085,9.714e-06,0.0008747237952775322
4858,0.0012546921207103878,0.0011339027769281529,0.001043332005792763,9.716000000000002e-06,0.0008747237952775322
4859,0.00136610958725214,0.00102923881058814,0.0009259417056455277,9.718e-06,0.0008747237952775322
4860,0.0011166104886797257,0.001045620272634551,0.0010467831525602378,9.72e-06,0.0008747237952775322
4861,0.0012108017763239332,0.0010993184114340693,0.0011934477224713191,9.722000000000001e-06,0.0008747237952775322
4862,0.0012831335770897567,0.0009761870605871081,0.0008479342941427603,9.724e-06,0.0008747237952775322
4863,0.0010815649147843942,0.0012205294406157918,0.0010295138563378714,9.726000000000001e-06,0.0008747237952775322
4864,0.0013225040092947893,0.001203486361191608,0.0011737131426343694,9.728e-06,0.0008747237952775322
4865,0.0012250456056790426,0.0010350029260735027,0.0010709685811889358,9.730000000000002e-06,0.0008747237952775322
4866,0.001101367779483553,0.001215160737046972,0.0011487196607049555,9.732000000000001e-06,0.0008747237952775322
4867,0.0012228937848703936,0.0010022371643572114,0.0011962094795308076,9.734e-06,0.0008747237952775322
4868,0.0011493011406855658,0.0010694915181375109,0.0011465461357147433,9.736e-06,0.0008747237952775322
4869,0.0013440882685245015,0.0012858295085607097,0.0010631009936332703,9.738e-06,0.0008747237952775322
4870,0.0013651156623382121,0.0012357452942524105,0.001062159331922885,9.740000000000002e-06,0.0008747237952775322
4871,0.0013454902218654752,0.000996993127046153,0.0010807758080773056,9.742000000000001e-06,0.0008747237952775322
4872,0.0011792412769864313,0.0012446028122212738,0.0009509793817414902,9.744000000000002e-06,0.0008747237952775322
4873,0.0011877840297529474,0.0013124111574143171,0.0009976966684916988,9.746000000000001e-06,0.0008747237952775322
4874,0.0013622757760458626,0.0010473310176166706,0.0010113437820109539,9.748e-06,0.0008747237952775322
4875,0.0012952161705470644,0.0012069120493833907,0.001471608724386897,9.75e-06,0.0008747237952775322
4876,0.0012834147782996297,0.0011913250345969573,0.0009288255096180364,9.752e-06,0.0008747237952775322
4877,0.0011506433438626118,0.0010904754599323496,0.0007953302629175596,9.754e-06,0.0008747237952775322
4878,0.0013741789589403197,0.0009703540999908,0.001110722812882159,9.756000000000001e-06,0.0008747237952775322
4879,0.0010980306105921045,0.000909386551938951,0.0011122161449748091,9.758000000000002e-06,0.0008747237952775322
4880,0.00137694019213086,0.0011495333674247377,0.0011270023096585646,9.760000000000001e-06,0.0008747237952775322
4881,0.0011149817291880026,0.0011796626858995296,0.0010331903249607421,9.762e-06,0.0008747237952775322
4882,0.0013792914833175018,0.0011410433653509244,0.0010431258706375957,9.764e-06,0.0008747237952775322
4883,0.0011256690777372569,0.0010516580878174864,0.0010523849341552705,9.766000000000001e-06,0.0008747237952775322
4884,0.001300809279200621,0.0012554030327009968,0.0009491826494922861,9.768e-06,0.0008747237952775322
4885,0.001424109810614027,0.0010773957837955095,0.0010651482589310035,9.770000000000001e-06,0.0008747237952775322
4886,0.0011033941045752726,0.0010489203486940823,0.0010673384604160674,9.772e-06,0.0008747237952775322
4887,0.0010834699714905582,0.0012139003738411702,0.001160602128948085,9.774e-06,0.0008747237952775322
4888,0.0011349421693012118,0.000981045377557166,0.0009014061870402656,9.776000000000001e-06,0.0008747237952775322
4889,0.0012817468668799847,0.001115639737690799,0.001086620963178575,9.778e-06,0.0008747237952775322
4890,0.0012048335338477045,0.0010374617340858094,0.001018839146126993,9.780000000000001e-06,0.0008747237952775322
4891,0.0013033152426942252,0.0011982008873019367,0.0011836969933938235,9.782e-06,0.0008747237952775322
4892,0.0010906483366852626,0.0009935434645740315,0.0011474611164885573,9.784000000000002e-06,0.0008747237952775322
4893,0.001256434537936002,0.0013091658693156205,0.0009757452135090716,9.786e-06,0.0008747237952775322
4894,0.001321032366831787,0.0011375541726010852,0.001014772213238757,9.788e-06,0.0008747237952775322
4895,0.0011609981811488979,0.0010305417599738576,0.0008719435500097461,9.790000000000001e-06,0.0008747237952775322
4896,0.0012147520465077832,0.0011012196700903587,0.00102428269747179,9.792e-06,0.0008747237952775322
4897,0.0010706889079301618,0.0011961138297920115,0.001172996730019804,9.794000000000001e-06,0.0008747237952775322
4898,0.0011847711211885326,0.0010118813006556593,0.0008906034709070809,9.796e-06,0.0008747237952775322
4899,0.0012413949516485445,0.001235123534570448,0.0009542730185785331,9.798000000000002e-06,0.0008747237952775322
4900,0.0011893623377545737,0.0010288126140949316,0.0010292474544257857,9.800000000000001e-06,0.0008747237952775322
4901,0.001146247894212138,0.0009624963349779136,0.0009223647866747342,9.802e-06,0.0008747237952775322
4902,0.0013242298664408736,0.0011680771931423806,0.0012290128142922185,9.804e-06,0.0008747237952775322
4903,0.0010026412201113999,0.0012459521822165698,0.0010226704034721479,9.806e-06,0.0008747237952775322
4904,0.001170525370980613,0.0012674761383095756,0.0009291911410400644,9.808000000000002e-06,0.0008747237952775322
4905,0.0010611598627292551,0.001213112089317292,0.0012651558135985397,9.810000000000001e-06,0.0008747237952775322
4906,0.001242894126335159,0.0009975510110962205,0.0009051243177964352,9.812000000000002e-06,0.0008747237952775322
4907,0.001154252611740958,0.0013117691705701873,0.0011692884290823713,9.814000000000001e-06,0.0008747237952775322
4908,0.001172180061985273,0.0013196710642660037,0.001016477712255437,9.816e-06,0.0008747237952775322
4909,0.0013005326327402145,0.0011216800266993232,0.0009624664526199922,9.818e-06,0.0008747237952775322
4910,0.0012102695036446676,0.0010778905343613587,0.0011702682459144853,9.820000000000001e-06,0.0008747237952775322
4911,0.0013796914936392568,0.0010846835211850703,0.0011120982017018832,9.822e-06,0.0008747237952775322
4912,0.0012414395387168042,0.0012782407502527349,0.0009395949600730091,9.824000000000001e-06,0.0008747237952775322
4913,0.0011624308244790882,0.0009985047581722029,0.0010611487305141054,9.826000000000002e-06,0.0008747237952775322
4914,0.0011246550348005258,0.0010974360629916191,0.0009763332636794075,9.828000000000001e-06,0.0008747237952775322
4915,0.0012684892062679864,0.0012069006406818517,0.0011842185704153962,9.83e-06,0.0008747237952775322
4916,0.001072446902981028,0.001149111420090776,0.0009528654991299845,9.832e-06,0.0008747237952775322
4917,0.0011727199089364149,0.001115382146963384,0.0009636446338845417,9.834000000000001e-06,0.0008747237952775322
4918,0.0015619522600900382,0.0011841944433399476,0.0010720000573201105,9.836e-06,0.0008747237952775322
4919,0.0013342117235879414,0.0009726266071083955,0.0011520937769091688,9.838000000000001e-06,0.0008747237952775322
4920,0.0011000547965522856,0.0009549814712954685,0.0009462469824939035,9.84e-06,0.0008747237952775322
4921,0.0012159487087046728,0.0010476477109477855,0.0008488148887408897,9.842e-06,0.0008747237952775322
4922,0.0011980925846728496,0.0010186965082539245,0.001003084638796281,9.844000000000001e-06,0.0008747237952775322
4923,0.001185449778859038,0.0010456051895744167,0.0010664410656318069,9.846e-06,0.0008747237952775322
4924,0.0015096474817255512,0.0010142280007130466,0.0011224744957871735,9.848000000000001e-06,0.0008747237952775322
4925,0.0012724158223136328,0.001113703656301368,0.0008726120067876764,9.85e-06,0.0008747237952775322
4926,0.0010377807047916576,0.0012716163691948168,0.0010606997821014374,9.852000000000002e-06,0.0008747237952775322
4927,0.0011711903644027188,0.0011079210162279196,0.0009485605696681887,9.854000000000001e-06,0.0008747237952775322
4928,0.0013098625786369666,0.0011176128609804437,0.0010009421457652934,9.856e-06,0.0008747237952775322
4929,0.0012054911567247473,0.0009326220242655836,0.0011408209829824045,9.858000000000001e-06,0.0008747237952775322
4930,0.0011365183163434267,0.001321195020864252,0.0010531715015531518,9.86e-06,0.0008747237952775322
4931,0.0014620940564782359,0.0010331033045076765,0.0009623872247175314,9.862000000000001e-06,0.0008747237952775322
4932,0.0011604588871705346,0.0011925808066735044,0.0007890874912845902,9.864e-06,0.0008747237952775322
4933,0.0013208248419687152,0.0008632083918200806,0.001254183669516351,9.866000000000002e-06,0.0008747237952775322
4934,0.0013818821316817775,0.0011212629615329206,0.0011851282979478128,9.868000000000001e-06,0.0008632083918200806
4935,0.0011673988556140102,0.0010350106676924042,0.0011154145031468943,9.87e-06,0.0008632083918200806
4936,0.0012987296577193774,0.0009247197667718865,0.0010136599521501921,9.872e-06,0.0008632083918200806
4937,0.0011278999591013417,0.0012899681169074029,0.0010246242600260302,9.874e-06,0.0008632083918200806
4938,0.0011026956417481415,0.0011812193770310842,0.0009569090761942789,9.876000000000002e-06,0.0008632083918200806
4939,0.001228127752256114,0.0009346223960164934,0.0008742451245780103,9.878000000000001e-06,0.0008632083918200806
4940,0.0013263406144687906,0.001036000183376018,0.001115923783800099,9.880000000000002e-06,0.0008632083918200806
4941,0.0011952842396567576,0.001141357388405595,0.001076121516234707,9.882000000000001e-06,0.0008632083918200806
4942,0.0014001292511238717,0.0011910915272892453,0.0009864697422017343,9.884e-06,0.0008632083918200806
4943,0.001400356093654409,0.001245461025973782,0.0009661647127359174,9.886e-06,0.0008632083918200806
4944,0.0012465575491660275,0.0014554712615790777,0.0010937054175883532,9.888000000000001e-06,0.0008632083918200806
4945,0.001382371032377705,0.0011911503097508103,0.000960338169534225,9.89e-06,0.0008632083918200806
4946,0.0012724563348456286,0.0011079719988629222,0.0009174511797027662,9.892000000000001e-06,0.0008632083918200806
4947,0.0010917923136730678,0.0009732184917083941,0.0009938897055690177,9.894000000000002e-06,0.0008632083918200806
4948,0.0011724418072844855,0.0010696942408685572,0.0009505551206530072,9.896000000000001e-06,0.0008632083918200806
4949,0.0013021188278798945,0.0011470253593870439,0.001035665365634486,9.898e-06,0.0008632083918200806
4950,0.00108361918682931,0.0012345663053565659,0.000982770201517269,9.9e-06,0.0008632083918200806
4951,0.0012967983057023957,0.001238166012626607,0.0011132469880976714,9.902000000000001e-06,0.0008632083918200806
4952,0.0011757456450141035,0.0012584221040015109,0.0010680425693863072,9.904e-06,0.0008632083918200806
4953,0.0011855313496198505,0.0010182833721046336,0.0009101906907744706,9.906000000000001e-06,0.0008632083918200806
4954,0.0011364507154212333,0.0010811132960952818,0.001001896962407045,9.908e-06,0.0008632083918200806
4955,0.001194371870951727,0.0010647882663761266,0.0009242711021215655,9.91e-06,0.0008632083918200806
4956,0.0012600993941305205,0.0011022551843780093,0.000961578894930426,9.912000000000001e-06,0.0008632083918200806
4957,0.0012181924030301161,0.0011237776852794923,0.0011202370224054903,9.914e-06,0.0008632083918200806
4958,0.0012174470030004159,0.0010778672149172053,0.0012704577238764614,9.916000000000001e-06,0.0008632083918200806
4959,0.0014195499461493455,0.001432901895896066,0.0010970413568429649,9.918e-06,0.0008632083918200806
4960,0.0011316623276798055,0.0012376876547932625,0.0010696299214032479,9.920000000000002e-06,0.0008632083918200806
4961,0.001160822190286126,0.001052768508088775,0.0013276844911160879,9.922000000000001e-06,0.0008632083918200806
4962,0.0013306937325978652,0.0009777776504051872,0.0009963543052435853,9.924e-06,0.0008632083918200806
4963,0.0011608788336161524,0.001234392671904061,0.0011055863869842142,9.926000000000001e-06,0.0008632083918200806
4964,0.0012628658732865006,0.0009860137361101806,0.0008349624622496776,9.928e-06,0.0008632083918200806
4965,0.0013312165247043595,0.001157940503617283,0.0010608583033899777,9.930000000000001e-06,0.0008632083918200806
4966,0.001342424817266874,0.001258565200259909,0.0011873830808326602,9.932e-06,0.0008632083918200806
4967,0.0014067233278183267,0.0012327752920100465,0.0009276844139094464,9.934000000000002e-06,0.0008632083918200806
4968,0.0011793736412073486,0.0010044425507658161,0.001019746225210838,9.936000000000001e-06,0.0008632083918200806
4969,0.0010429646717966534,0.0011990172497462481,0.0012221504730405286,9.938e-06,0.0008632083918200806
4970,0.0011360296048223972,0.00126375220133923,0.001064942916855216,9.94e-06,0.0008632083918200806
4971,0.001198666199343279,0.0008615538681624457,0.0009603972212062217,9.942e-06,0.0008632083918200806
4972,0.0011371611763024703,0.0010611932520987466,0.0012276669658604078,9.944000000000002e-06,0.0008615538681624457
4973,0.0011324151855660602,0.0009513569748378359,0.0010508424093131907,9.946000000000001e-06,0.0008615538681624457
4974,0.0012698765713139437,0.0010832442712853663,0.0011138489498989657,9.948000000000002e-06,0.0008615538681624457
4975,0.001083162111171987,0.00110566895455122,0.0008846326818456873,9.950000000000001e-06,0.0008615538681624457
4976,0.001383297552820295,0.0011090562256867997,0.00111554342583986,9.952e-06,0.0008615538681624457
4977,0.0011056306393584237,0.0012026118856738321,0.0009147805030806921,9.954e-06,0.0008615538681624457
4978,0.0011491969780763611,0.0010845829601748846,0.0010132317111128941,9.956000000000001e-06,0.0008615538681624457
4979,0.0013779823057120666,0.001039149210555479,0.0010466409949003719,9.958e-06,0.0008615538681624457
4980,0.0012329462770139799,0.0010381601459812373,0.0010870365586015396,9.960000000000001e-06,0.0008615538681624457
4981,0.001352762665192131,0.001131567929405719,0.0010738625060184859,9.962000000000002e-06,0.0008615538681624457
4982,0.0012308153964113444,0.001103662740206346,0.0009640207354095764,9.964e-06,0.0008615538681624457
4983,0.0012316174179431982,0.0011898500670213252,0.0009778605235624127,9.966e-06,0.0008615538681624457
4984,0.001295409725571517,0.0010677501268219203,0.0009580282276147045,9.968e-06,0.0008615538681624457
4985,0.0012179842087789439,0.0012397873069858178,0.0008586482726968825,9.970000000000001e-06,0.0008615538681624457
4986,0.0011180531873833388,0.001283372548641637,0.0009774398276931606,9.972e-06,0.0008615538681624457
4987,0.0011689909661072306,0.0012303240364417434,0.001078676177712623,9.974000000000001e-06,0.0008615538681624457
4988,0.0014117132377577946,0.0011585507891140878,0.0008785202880972065,9.976e-06,0.0008615538681624457
4989,0.0010187199513893574,0.0013323590028448962,0.0011653150577330962,9.978e-06,0.0008615538681624457
4990,0.0012675377365667373,0.0012378541359794326,0.000964847975410521,9.980000000000001e-06,0.0008615538681624457
4991,0.001050321567163337,0.0010031456622527912,0.001001520868157968,9.982e-06,0.0008615538681624457
4992,0.0012194648079457693,0.001194703312648926,0.0008926440932555124,9.984000000000001e-06,0.0008615538681624457
4993,0.0011796423641499132,0.00113600684562698,0.0009747837539180182,9.986e-06,0.0008615538681624457
4994,0.0013109849896864034,0.0011538596081663854,0.0008926125665311702,9.988000000000002e-06,0.0008615538681624457
4995,0.0012217822659295052,0.001043207390466705,0.0010845981596503407,9.990000000000001e-06,0.0008615538681624457
4996,0.001068489254976157,0.0011764324590330943,0.0009142131602857262,9.992e-06,0.0008615538681624457
4997,0.0012739842786686495,0.0012764723069267347,0.000954905990511179,9.994000000000001e-06,0.0008615538681624457
4998,0.0011612568850978278,0.0011094120418420061,0.0009246280533261597,9.996e-06,0.0008615538681624457
4999,0.001110396275180392,0.0013245541922515258,0.000978175361524336,9.998000000000002e-06,0.0008615538681624457
5000,0.001213627190736588,0.0011418405993026681,0.0010755848925327882,1e-05,0.0008615538681624457
5001,0.0012231874934514053,0.0010490463464520872,0.001084264826204162,9.999999111735634e-06,0.0008615538681624457
5002,0.0011197359053767286,0.0011519174731802195,0.001228578927111812,9.999996446942884e-06,0.0008615538681624457
5003,0.0012718077487079427,0.0009705871198093519,0.001083027949789539,9.999992005622802e-06,0.0008615538681624457
5004,0.0014367786716320552,0.0011447439319454134,0.0009303703627665527,9.999985787777144e-06,0.0008615538681624457
5005,0.0011924004284082912,0.0012481960147852078,0.0010716345714172348,9.999977793408363e-06,0.0008615538681624457
5006,0.0011420358714531176,0.0011372559019946493,0.0010420119288028218,9.999968022519613e-06,0.0008615538681624457
5007,0.0009641161668696441,0.0009655333051341586,0.0010032863865490071,9.999956475114757e-06,0.0008615538681624457
5008,0.001096969994250685,0.0012948162038810551,0.0009554018470225856,9.999943151198347e-06,0.0008615538681624457
5009,0.0012428191330400296,0.0012805697988369502,0.0010240149567835033,9.999928050775646e-06,0.0008615538681624457
5010,0.0012559749447973445,0.0009510521704214625,0.0009361224438180216,9.999911173852617e-06,0.0008615538681624457
5011,0.0010387773872935213,0.0012524060657597147,0.001067529032297898,9.999892520435922e-06,0.0008615538681624457
5012,0.0010798560615512542,0.0010270536804455332,0.0009059252261067741,9.999872090532925e-06,0.0008615538681624457
5013,0.0012131721887271851,0.0010441612830618396,0.0009062354438356124,9.999849884151689e-06,0.0008615538681624457
5014,0.0010138702564290725,0.0009309577508247457,0.0009372337590320967,9.999825901300983e-06,0.0008615538681624457
5015,0.0013187860677135177,0.001383089940645732,0.0010105498222401366,9.999800141990275e-06,0.0008615538681624457
5016,0.0014171514412737451,0.0010770886219688691,0.001217287703184411,9.999772606229733e-06,0.0008615538681624457
5017,0.0016154790573637001,0.0011963828364969231,0.0008382284577237442,9.999743294030231e-06,0.0008615538681624457
5018,0.001149003059254028,0.0010086691072501708,0.00112526495649945,9.999712205403336e-06,0.0008615538681624457
5019,0.0013669995896634646,0.0012349792814347893,0.0010465816376381554,9.999679340361327e-06,0.0008615538681624457
5020,0.0011359653726685792,0.0010179704695474356,0.0008703761559445411,9.999644698917173e-06,0.0008615538681624457
5021,0.0012869901474914514,0.00112057934893528,0.001002903729386162,9.999608281084555e-06,0.0008615538681624457
5022,0.0012073198304278776,0.0012914026010548696,0.0013605627027573064,9.999570086877845e-06,0.0008615538681624457
5023,0.00101305127464002,0.0011770087221520953,0.001011451575323008,9.999530116312125e-06,0.0008615538681624457
5024,0.00119880087004276,0.00109948110912228,0.0012505815902841277,9.999488369403174e-06,0.0008615538681624457
5025,0.0010655802179826424,0.0009533605261822231,0.0010636216757120565,9.999444846167474e-06,0.0008615538681624457
5026,0.0011113779692095704,0.0012167511158622801,0.0009595928931958042,9.999399546622204e-06,0.0008615538681624457
5027,0.001227870918228291,0.0009782828856259584,0.000925157917663455,9.999352470785252e-06,0.0008615538681624457
5028,0.0011441774040577002,0.0012139663958805613,0.0008770642089075409,9.9993036186752e-06,0.0008615538681624457
5029,0.0011874757983605377,0.0010144911975658033,0.0009637304974603467,9.999252990311333e-06,0.0008615538681624457
5030,0.001002373028313741,0.001163296721642837,0.001053304091328755,9.999200585713641e-06,0.0008615538681624457
5031,0.0011265880893915892,0.0011532534044818021,0.001184819899208378,9.99914640490281e-06,0.0008615538681624457
5032,0.0011461028771009296,0.0011379850693629123,0.0009667679332778789,9.999090447900235e-06,0.0008615538681624457
5033,0.0012669789866777137,0.0011410400838940404,0.0009924548212438822,9.999032714728e-06,0.0008615538681624457
5034,0.0011415718981879763,0.0009675475812400691,0.0010751142835943028,9.9989732054089e-06,0.0008615538681624457
5035,0.0010041930800070986,0.0011667829166981392,0.0009463666428928263,9.99891191996643e-06,0.0008615538681624457
5036,0.0014053162376512773,0.001135646140028257,0.0011721852933987975,9.998848858424781e-06,0.0008615538681624457
5037,0.0011322501304675825,0.0009292362083215266,0.0010322165398974903,9.998784020808851e-06,0.0008615538681624457
5038,0.001560028329549823,0.0011774956074077636,0.0011673177796183154,9.998717407144238e-06,0.0008615538681624457
5039,0.0011507402014103718,0.0010372262986493297,0.0009651866712374613,9.998649017457237e-06,0.0008615538681624457
5040,0.0012068733558407985,0.0010952439697575755,0.0010570353188086301,9.99857885177485e-06,0.0008615538681624457
5041,0.0010843566997209564,0.0011083501012763008,0.0009655210378696211,9.998506910124776e-06,0.0008615538681624457
5042,0.0011555882665561512,0.001050541570293717,0.0010158541263081133,9.998433192535416e-06,0.0008615538681624457
5043,0.0012218011615914293,0.0010335450278944336,0.0009583352439221926,9.998357699035874e-06,0.0008615538681624457
5044,0.0011208582145627588,0.0011806523471022956,0.0009896438350551762,9.998280429655952e-06,0.0008615538681624457
5045,0.0012441819926607423,0.0011266245055594482,0.0011366609833203256,9.998201384426155e-06,0.0008615538681624457
5046,0.001050939448759891,0.0011433339604991488,0.001074309169780463,9.99812056337769e-06,0.0008615538681624457
5047,0.0011366923790774308,0.0009957067741197534,0.0009615969829610549,9.998037966542462e-06,0.0008615538681624457
5048,0.0011445720665506087,0.0011692358893924393,0.0011198039064765908,9.99795359395308e-06,0.0008615538681624457
5049,0.001471229930757545,0.0011061502955271862,0.0009254027245333418,9.997867445642856e-06,0.0008615538681624457
5050,0.0012775044742738828,0.0011520767875481397,0.0010139373480342329,9.997779521645793e-06,0.0008615538681624457
5051,0.0010443076898809522,0.0011401793017284945,0.0009503056862740777,9.997689821996607e-06,0.0008615538681624457
5052,0.0011275785509496927,0.001162800777819939,0.0011299696343485266,9.99759834673071e-06,0.0008615538681624457
5053,0.0012033767197863199,0.0010742943923105486,0.0009567623783368617,9.997505095884213e-06,0.0008615538681624457
5054,0.0011913097987417132,0.0009979332753573544,0.0008057695304160006,9.99741006949393e-06,0.0008615538681624457
5055,0.0011327307220199145,0.0012995146244065836,0.0010279635243932717,9.997313267597378e-06,0.0008615538681624457
5056,0.0010040288543677889,0.001063706396962516,0.0010164549021283165,9.997214690232773e-06,0.0008615538681624457
5057,0.001081037255062256,0.0011876215939992107,0.0011732034108717926,9.997114337439028e-06,0.0008615538681624457
5058,0.001360459347779397,0.0011254464989178814,0.0010300884023308754,9.997012209255765e-06,0.0008615538681624457
5059,0.001163003260444384,0.0009296253774664365,0.0008313745493069291,9.996908305723299e-06,0.0008615538681624457
5060,0.0011940077092731372,0.001172134987427853,0.0009861324288067408,9.996802626882653e-06,0.0008615538681624457
5061,0.0012147313682362437,0.001085701042029541,0.0008222559554269537,9.996695172775544e-06,0.0008615538681624457
5062,0.001171800344309304,0.0008427809880231507,0.0011431087259552442,9.996585943444395e-06,0.0008615538681624457
5063,0.0012440776263247244,0.0010681747298804112,0.0011239735395065509,9.99647493893233e-06,0.0008427809880231507
5064,0.001267454084882047,0.001114048449380789,0.0011551546267583035,9.996362159283166e-06,0.0008427809880231507
5065,0.0011236011996516027,0.0010460277844686061,0.0008587747797719203,9.99624760454143e-06,0.0008427809880231507
5066,0.0011036738360417075,0.0010341743909521028,0.0008316336243296973,9.996131274752349e-06,0.0008427809880231507
5067,0.0010400919345556758,0.0010773183821584098,0.0010884772855206393,9.996013169961846e-06,0.0008427809880231507
5068,0.001175563818833325,0.0010364585468778387,0.0011921698896912858,9.995893290216545e-06,0.0008427809880231507
5069,0.001262691177544184,0.0010872610146179795,0.0008537009853171185,9.995771635563775e-06,0.0008427809880231507
5070,0.0012526497957878746,0.0010257757821818814,0.0008773372428549919,9.995648206051562e-06,0.0008427809880231507
5071,0.0012088082658010535,0.0012576973022078164,0.0010885227093240246,9.995523001728636e-06,0.0008427809880231507
5072,0.0011954004075960256,0.001039219248923473,0.0009707896097097546,9.995396022644421e-06,0.0008427809880231507
5073,0.0013637606316478923,0.0009610163833713159,0.0010947695409413427,9.995267268849052e-06,0.0008427809880231507
5074,0.0009834589145611972,0.0011014663032256067,0.0009430700010852888,9.995136740393358e-06,0.0008427809880231507
5075,0.0011847095811390318,0.0010789849184220657,0.0011180519140907563,9.995004437328866e-06,0.0008427809880231507
5076,0.001038314017932862,0.0009522130640107207,0.0010221163611277007,9.994870359707809e-06,0.0008427809880231507
5077,0.0010921383218374103,0.0010375084457336925,0.0009935802227118984,9.99473450758312e-06,0.0008427809880231507
5078,0.0013398305891314521,0.001166523819847498,0.0009982920237234794,9.99459688100843e-06,0.0008427809880231507
5079,0.0013262016291264445,0.0014629338184022345,0.0009352474589832127,9.994457480038072e-06,0.0008427809880231507
5080,0.001061852090060711,0.001225770938617643,0.0011087990787927993,9.99431630472708e-06,0.0008427809880231507
5081,0.001158953040430788,0.0010521117146709003,0.000889213231857866,9.994173355131185e-06,0.0008427809880231507
5082,0.001030814331898,0.0011830086878035218,0.0010283996671205387,9.994028631306826e-06,0.0008427809880231507
5083,0.0010750472138170153,0.0009525203349767253,0.0008478214003844187,9.993882133311134e-06,0.0008427809880231507
5084,0.0012226731269038282,0.0011235631391173229,0.0010926335235126317,9.993733861201944e-06,0.0008427809880231507
5085,0.0013782404566882178,0.0007870187764638104,0.0010561213421169668,9.993583815037794e-06,0.0008427809880231507
5086,0.0009401647112099454,0.0010674190198187716,0.0009141059999819845,9.993431994877918e-06,0.0007870187764638104
5087,0.0012998859965591691,0.0009885986219160259,0.001081728289136663,9.993278400782253e-06,0.0007870187764638104
5088,0.0012728184447041713,0.0010777803254313767,0.0009915247064782307,9.993123032811436e-06,0.0007870187764638104
5089,0.0010676812889869325,0.0011114237568108365,0.0008515949084539898,9.992965891026802e-06,0.0007870187764638104
5090,0.0010803413752000779,0.001077813263691496,0.000993864581687376,9.99280697549039e-06,0.0007870187764638104
5091,0.0011978549373452552,0.0011013542680302635,0.0009838009136728942,9.992646286264934e-06,0.0007870187764638104
5092,0.0011723195639206097,0.0012642533256439492,0.0009819627302931622,9.992483823413875e-06,0.0007870187764638104
5093,0.0012940961169078946,0.0009631110260670539,0.0010218146635452285,9.992319587001352e-06,0.0007870187764638104
5094,0.0010920166096184403,0.001196515564515721,0.0009138927416643128,9.992153577092197e-06,0.0007870187764638104
5095,0.0012768844244419597,0.0009440368739888072,0.0009416605680598877,9.991985793751955e-06,0.0007870187764638104
5096,0.0012231150394654833,0.0011282569903414696,0.0009743865884956904,9.991816237046858e-06,0.0007870187764638104
5097,0.0009384716904605739,0.0011958538671024144,0.0011928343519684859,9.991644907043849e-06,0.0007870187764638104
5098,0.0010841619005077519,0.0010183653212152421,0.001041270123096183,9.991471803810563e-06,0.0007870187764638104
5099,0.0011068776875617914,0.0010766378909465857,0.0008957228201325051,9.991296927415343e-06,0.0007870187764638104
5100,0.0011577068580663763,0.0010473887450643815,0.0009333350462839007,9.991120277927222e-06,0.0007870187764638104
5101,0.0010914927843259647,0.0008689496244187467,0.000873274402692914,9.990941855415943e-06,0.0007870187764638104
5102,0.0010780074881040491,0.0012209247797727585,0.001065964846930001,9.99076165995194e-06,0.0007870187764638104
5103,0.0011463869304861873,0.0012894426035927609,0.0010591416139504872,9.990579691606355e-06,0.0007870187764638104
5104,0.0013431595507427119,0.0009346026199636981,0.0008228853694163263,9.990395950451025e-06,0.0007870187764638104
5105,0.0012074655896867625,0.0008889747259672731,0.0010826452053152025,9.990210436558488e-06,0.0007870187764638104
5106,0.0010351229648222215,0.0010186506769969128,0.000988323263300117,9.99002315000198e-06,0.0007870187764638104
5107,0.0013921995559940115,0.0012128428206779063,0.0009684771939646453,9.989834090855443e-06,0.0007870187764638104
5108,0.0010640773107297719,0.0010109142458532006,0.001025175370159559,9.98964325919351e-06,0.0007870187764638104
5109,0.0012618610635399818,0.00108513624581974,0.0009727900906000286,9.989450655091522e-06,0.0007870187764638104
5110,0.0011133076186524704,0.0008647612776258029,0.0011308912871754728,9.989256278625514e-06,0.0007870187764638104
5111,0.0010333212339901365,0.0012811785272788256,0.0008918727035052143,9.989060129872224e-06,0.0007870187764638104
5112,0.0011927142841159366,0.0010156815624213777,0.0010116683843079954,9.988862208909087e-06,0.0007870187764638104
5113,0.0010765435436042026,0.0011374668902135454,0.0011963014694629237,9.98866251581424e-06,0.0007870187764638104
5114,0.001229771900398191,0.0010901713831117377,0.00102730995422462,9.988461050666518e-06,0.0007870187764638104
5115,0.0011407824058551341,0.0011188340140506625,0.0010694386146496981,9.988257813545457e-06,0.0007870187764638104
5116,0.0010411217299406417,0.001117091582273133,0.0009740277018863708,9.988052804531291e-06,0.0007870187764638104
5117,0.0011873470721184276,0.0010439943653182127,0.0008608019816165324,9.987846023704956e-06,0.0007870187764638104
5118,0.001217314405948855,0.0008437024589511566,0.0009769534444785677,9.987637471148084e-06,0.0007870187764638104
5119,0.0010764304461190477,0.0011769554184866138,0.001143971188866999,9.98742714694301e-06,0.0007870187764638104
5120,0.0012293506297282875,0.0010601503017824143,0.0009358603783766739,9.987215051172763e-06,0.0007870187764638104
5121,0.0010717155237216502,0.0008948775575845502,0.0010880180343519896,9.987001183921079e-06,0.0007870187764638104
5122,0.001148227027442772,0.0010258361289743334,0.001082180162484292,9.986785545272389e-06,0.0007870187764638104
5123,0.0011562247163965367,0.0010664655637810938,0.0008712719063623808,9.98656813531182e-06,0.0007870187764638104
5124,0.0012967513321200386,0.0012730726302834228,0.0010598954104352742,9.986348954125207e-06,0.0007870187764638104
5125,0.0011124961456516758,0.001110448341933079,0.0010659643958206289,9.986128001799077e-06,0.0007870187764638104
5126,0.0010246565725537948,0.0009606731327949092,0.00086747451859992,9.985905278420657e-06,0.0007870187764638104
5127,0.0013742218798142858,0.0010439010802656412,0.0008983751467894763,9.985680784077878e-06,0.0007870187764638104
5128,0.0010462276841280982,0.0009977457375498489,0.0009494743935647421,9.985454518859363e-06,0.0007870187764638104
5129,0.0012049953293171711,0.0010537990383454598,0.0008933778372011147,9.985226482854442e-06,0.0007870187764638104
5130,0.001064663658326026,0.0009463772148592398,0.0008794050590950064,9.984996676153135e-06,0.0007870187764638104
5131,0.0011641335950116627,0.0012889632416772656,0.0008612021520093549,9.98476509884617e-06,0.0007870187764638104
5132,0.001172602453152649,0.001276993985811714,0.0008451284229522571,9.98453175102497e-06,0.0007870187764638104
5133,0.0013368586005526595,0.0009835281016421504,0.0009723120965645649,9.984296632781656e-06,0.0007870187764638104
5134,0.0010347147763241082,0.001168475100712385,0.000980995078862179,9.984059744209047e-06,0.0007870187764638104
5135,0.0013271389907458797,0.0009107502119150013,0.0009673624081187882,9.983821085400665e-06,0.0007870187764638104
5136,0.001067572011379525,0.001039244067214895,0.0008823147327348124,9.983580656450731e-06,0.0007870187764638104
5137,0.0009960608294932172,0.0009387210957356729,0.0009054663678398356,9.983338457454159e-06,0.0007870187764638104
5138,0.0010836118599399924,0.0012684219182119705,0.0008939546241890639,9.983094488506567e-06,0.0007870187764638104
5139,0.0013290530114318244,0.0011035438656108454,0.0011069517495343462,9.982848749704267e-06,0.0007870187764638104
5140,0.001227239306899719,0.0009588052853359841,0.0008167603009496816,9.982601241144277e-06,0.0007870187764638104
5141,0.0011656775386654772,0.001097994900192134,0.0009076814094441943,9.982351962924307e-06,0.0007870187764638104
5142,0.0014240955497371033,0.0010072054574266076,0.0009553859053994529,9.982100915142769e-06,0.0007870187764638104
5143,0.0009649722196627408,0.0011448744480730966,0.001034211425576359,9.981848097898773e-06,0.0007870187764638104
5144,0.0010763265891000628,0.0007921276046545245,0.0008228739607147872,9.981593511292127e-06,0.0007870187764638104
5145,0.0014153565862216055,0.0011495303551782854,0.0011078112802351825,9.981337155423336e-06,0.0007870187764638104
5146,0.0009694074979051948,0.0009064870901056565,0.0011241668980801478,9.981079030393608e-06,0.0007870187764638104
5147,0.0009623586447560228,0.001046027806296479,0.0009591786219971254,9.980819136304846e-06,0.0007870187764638104
5148,0.0010780982338474132,0.0010814504785230383,0.0010366951537434943,9.980557473259649e-06,0.0007870187764638104
5149,0.0009692220410215668,0.0012532970285974443,0.0010915962629951537,9.98029404136132e-06,0.0007870187764638104
5150,0.0011079682371928357,0.0009976452311093453,0.0009949255036190152,9.98002884071386e-06,0.0007870187764638104
5151,0.001044707947585266,0.0012295711203478277,0.0009445947871427052,9.979761871421964e-06,0.0007870187764638104
5152,0.0010066838294733316,0.0012740172242047265,0.0009390554478159174,9.979493133591025e-06,0.0007870187764638104
5153,0.0013264949229778722,0.0010498071715119295,0.0010684319131541997,9.979222627327139e-06,0.0007870187764638104
5154,0.0011290163965895772,0.0010208352396148257,0.0011170378711540252,9.978950352737097e-06,0.0007870187764638104
5155,0.0011867915891343728,0.0009499760999460705,0.0009665486140875146,9.978676309928389e-06,0.0007870187764638104
5156,0.00128611117543187,0.0010493517183931544,0.0008008946060726885,9.9784004990092e-06,0.0007870187764638104
5157,0.0011726606462616473,0.0010422366394777782,0.001033385364280548,9.978122920088421e-06,0.0007870187764638104
5158,0.0011865427804877982,0.000991793000139296,0.0010598435037536547,9.977843573275631e-06,0.0007870187764638104
5159,0.001151435833889991,0.0009731705868034624,0.0011086695594713092,9.977562458681116e-06,0.0007870187764638104
5160,0.001124476213590242,0.001210762835398782,0.0009180047272820957,9.977279576415852e-06,0.0007870187764638104
5161,0.0012008186749881133,0.000976269795501139,0.000950230511080008,9.976994926591516e-06,0.0007870187764638104
5162,0.0012043602837366052,0.0011090493499068543,0.0010713635783758946,9.976708509320487e-06,0.0007870187764638104
5163,0.0009154762592515908,0.0011956665475736372,0.0009180721463053487,9.976420324715835e-06,0.0007870187764638104
5164,0.0012227397746755742,0.0010636153965606354,0.0010138330690097064,9.976130372891332e-06,0.0007870187764638104
5165,0.001389556193316821,0.0010129365255124867,0.0008851198144839145,9.975838653961446e-06,0.0007870187764638104
5166,0.0011856873534270562,0.0010497995754121803,0.0009669134487921838,9.975545168041343e-06,0.0007870187764638104
5167,0.0011928172025363892,0.0010963063468807377,0.0010563566538621671,9.975249915246887e-06,0.0007870187764638104
5168,0.0009782885026652366,0.0010559602596913464,0.0010706198881962337,9.974952895694638e-06,0.0007870187764638104
5169,0.001180840059532784,0.0011840709630632773,0.0010571228121989407,9.974654109501855e-06,0.0007870187764638104
5170,0.001264817052287981,0.0011726303710020147,0.0012078143845428713,9.974353556786497e-06,0.0007870187764638104
5171,0.0011356251561664976,0.0011139708949485794,0.0009864186140475795,9.974051237667212e-06,0.0007870187764638104
5172,0.000971891509834677,0.0013737289336859249,0.000955613715632353,9.973747152263353e-06,0.0007870187764638104
5173,0.001164292625617236,0.0010396401121397503,0.0009994968204409815,9.973441300694972e-06,0.0007870187764638104
5174,0.0014424763503484428,0.0010518968047108501,0.0010849384416360408,9.97313368308281e-06,0.0007870187764638104
5175,0.000978576201305259,0.0008984398809843697,0.0009596679883543402,9.97282429954831e-06,0.0007870187764638104
5176,0.0010678520848159678,0.0010408606030978262,0.0011396263071219437,9.972513150213613e-06,0.0007870187764638104
5177,0.0011600499055930413,0.0010579075096757151,0.0010454186412971467,9.972200235201553e-06,0.0007870187764638104
5178,0.0011825486508314498,0.0010043530637631193,0.0010957021804642864,9.971885554635669e-06,0.0007870187764638104
5179,0.001202373045089189,0.0011254167911829427,0.0009731699465191923,9.971569108640188e-06,0.0007870187764638104
5180,0.0010716832257458009,0.001222664344822988,0.0010569673468125984,9.971250897340039e-06,0.0007870187764638104
5181,0.001265657861949876,0.0011017200085916556,0.0011011027891072445,9.970930920860846e-06,0.0007870187764638104
5182,0.0011211516393814236,0.0010308690325473435,0.0009533151023788378,9.970609179328932e-06,0.0007870187764638104
5183,0.0012657110855798237,0.0010729864443419501,0.001033420987369027,9.970285672871315e-06,0.0007870187764638104
5184,0.0010508050763746724,0.0010307792326784693,0.0012122656044084579,9.96996040161571e-06,0.0007870187764638104
5185,0.0010680565319489688,0.0010501312935957685,0.0009279020960093476,9.969633365690528e-06,0.0007870187764638104
5186,0.0010944936802843586,0.0011228746006963775,0.0008813146996544674,9.96930456522488e-06,0.0007870187764638104
5187,0.0011200220833416097,0.0011046526560676284,0.0009758119122125208,9.968974000348567e-06,0.0007870187764638104
5188,0.0011036272626370192,0.001087763739633374,0.0009643016928748693,9.968641671192098e-06,0.0007870187764638104
5189,0.0011270613395026885,0.0009814448276301846,0.0008037446241360158,9.968307577886663e-06,0.0007870187764638104
5190,0.0010464158112881705,0.0009764699134393595,0.0009056570997927338,9.967971720564161e-06,0.0007870187764638104
5191,0.0014692367913085036,0.0010437241289764643,0.0012144299762439914,9.967634099357184e-06,0.0007870187764638104
5192,0.0013840477986377664,0.0010027870448539034,0.0009605004597688094,9.96729471439902e-06,0.0007870187764638104
5193,0.001277995848795399,0.00113227163819829,0.0009461552108405158,9.966953565823648e-06,0.0007870187764638104
5194,0.0011519429172039963,0.0009897730415104888,0.0010723224695539102,9.96661065376575e-06,0.0007870187764638104
5195,0.0012469466018956155,0.0011376404072507285,0.0009290925299865194,9.966265978360709e-06,0.0007870187764638104
5196,0.001264687001821585,0.0009254840115318075,0.0010552306412137114,9.965919539744587e-06,0.0007870187764638104
5197,0.0010946638212772086,0.0010089405841426924,0.000930656780838035,9.965571338054158e-06,0.0007870187764638104
5198,0.0009468517237110063,0.0012102516338927671,0.0009112614425248466,9.965221373426887e-06,0.0007870187764638104
5199,0.0009673764361650683,0.0009975792054319754,0.0010939670755760744,9.964869646000933e-06,0.0007870187764638104
5200,0.001135295293352101,0.001005217942292802,0.0009063872130354866,9.964516155915152e-06,0.0007870187764638104
5201,0.0012127448644605465,0.0010740160651039332,0.0010495003734831698,9.964160903309095e-06,0.0007870187764638104
5202,0.0012520321179181337,0.0011157052867929451,0.0008510031912010163,9.963803888323014e-06,0.0007870187764638104
5203,0.0010767436542664655,0.0010883816721616313,0.0009927313149091788,9.963445111097853e-06,0.0007870187764638104
5204,0.0011366036487743258,0.0010858024761546403,0.000910426773771178,9.963084571775246e-06,0.0007870187764638104
5205,0.0011566876055439934,0.0009035189941641875,0.0009182594731100835,9.962722270497534e-06,0.0007870187764638104
5206,0.0010879630208364688,0.0008716651209397241,0.0008869190933182836,9.962358207407745e-06,0.0007870187764638104
5207,0.001256033698155079,0.0009345792350359261,0.0008960896739154123,9.961992382649606e-06,0.0007870187764638104
5208,0.0011681280229822733,0.0012742092003463767,0.0009504340923740529,9.961624796367536e-06,0.0007870187764638104
5209,0.0010298494671587832,0.001021740652504377,0.0010142529135919176,9.961255448706658e-06,0.0007870187764638104
5210,0.0009528418158879504,0.0009367679667775519,0.0009981737239286304,9.96088433981278e-06,0.0007870187764638104
5211,0.001086118609237019,0.0012057374406140298,0.0012043350434396416,9.960511469832412e-06,0.0007870187764638104
5212,0.0012024982133880258,0.0011096886155428365,0.0010105443798238412,9.960136838912757e-06,0.0007870187764638104
5213,0.0012890149373561144,0.0012139936297899112,0.0010997904901159927,9.959760447201713e-06,0.0007870187764638104
5214,0.0010960529980366118,0.0010008585668401793,0.001067100754880812,9.959382294847872e-06,0.0007870187764638104
5215,0.00098818135302281,0.0008512296481058002,0.0009185348244500346,9.959002382000525e-06,0.0007870187764638104
5216,0.0010803554687299766,0.0010811986940097995,0.0009040430159075186,9.958620708809655e-06,0.0007870187764638104
5217,0.0010738545606727712,0.001057065608620178,0.0008534752050763927,9.95823727542594e-06,0.0007870187764638104
5218,0.001348866026091855,0.0010072963559650816,0.0010907069372478873,9.957852082000752e-06,0.0007870187764638104
5219,0.0011103637516498566,0.0010022272399510257,0.0009024822065839544,9.957465128686162e-06,0.0007870187764638104
5220,0.0010312964295735583,0.0012789489337592386,0.000914601085241884,9.957076415634931e-06,0.0007870187764638104
5221,0.0010595277926768176,0.0010602342881611548,0.0009407858524355106,9.956685943000518e-06,0.0007870187764638104
5222,0.0011859705336974002,0.0010487888648640364,0.0009122851479332894,9.956293710937076e-06,0.0007870187764638104
5223,0.0009926729762810282,0.0011706717050401494,0.0009101040850509889,9.95589971959945e-06,0.0007870187764638104
5224,0.0011472825935925357,0.000945660263823811,0.0008286719239549711,9.955503969143183e-06,0.0007870187764638104
5225,0.001062321782228537,0.0009719858135213144,0.0009132477280218154,9.95510645972451e-06,0.0007870187764638104
5226,0.0010415015567559749,0.0010327111740480177,0.0011172909435117617,9.954707191500362e-06,0.0007870187764638104
5227,0.0011274674907326698,0.000990402142633684,0.0010547659112489782,9.954306164628363e-06,0.0007870187764638104
5228,0.00111436823499389,0.0010143298422917724,0.0010593297483865172,9.953903379266835e-06,0.0007870187764638104
5229,0.000987442777841352,0.001148680159531068,0.0008927999515435658,9.953498835574787e-06,0.0007870187764638104
5230,0.00126574796740897,0.0011308229077258147,0.0009387026148033328,9.953092533711929e-06,0.0007870187764638104
5231,0.001164157161838375,0.0012617737884283997,0.0009730339952511713,9.952684473838664e-06,0.0007870187764638104
5232,0.0012331284451647662,0.0010528085767873563,0.0010166644424316473,9.952274656116083e-06,0.0007870187764638104
5233,0.0011638687428785488,0.0010000356269301847,0.0009293712646467611,9.95186308070598e-06,0.0007870187764638104
5234,0.0010519020579522476,0.001039149377902504,0.001075862419384066,9.951449747770837e-06,0.0007870187764638104
5235,0.0009841626015258953,0.0012281124872970395,0.0009222117078024894,9.951034657473828e-06,0.0007870187764638104
5236,0.0010188527521677315,0.0011083565332228318,0.0009179058761219494,9.95061780997883e-06,0.0007870187764638104
5237,0.0010957780832541175,0.0009601374258636497,0.0008818296773824841,9.950199205450403e-06,0.0007870187764638104
5238,0.0011352218862157315,0.0009293322727899067,0.0010399395396234468,9.94977884405381e-06,0.0007870187764638104
5239,0.0012542457770905457,0.0011507704257383011,0.001141433538577985,9.949356725954996e-06,0.0007870187764638104
5240,0.000982303114142269,0.001075254644092638,0.0012524744088295847,9.948932851320614e-06,0.0007870187764638104
5241,0.001019099734548945,0.001470397663069889,0.0008119572812574916,9.948507220317998e-06,0.0007870187764638104
5242,0.0012418323967722245,0.0011554654047358781,0.0008263999770861119,9.948079833115184e-06,0.0007870187764638104
5243,0.0011757430766010657,0.0009565794607624412,0.0009524936685920693,9.947650689880895e-06,0.0007870187764638104
5244,0.00113205785601167,0.0010784216574393213,0.0008969775662990287,9.94721979078455e-06,0.0007870187764638104
5245,0.0011013972325599752,0.0010269113117828965,0.0009048663632711396,9.946787135996263e-06,0.0007870187764638104
5246,0.0012967065631528385,0.0009628247571527027,0.0009734216218930669,9.946352725686837e-06,0.0007870187764638104
5247,0.0010236456655547954,0.0010701785067794845,0.0009597794778528623,9.945916560027772e-06,0.0007870187764638104
5248,0.0011454623236204498,0.0011189716024091467,0.0008648113362141885,9.94547863919126e-06,0.0007870187764638104
5249,0.0010888587494264357,0.0008462081023026258,0.0009661830772529356,9.945038963350184e-06,0.0007870187764638104
5250,0.0009141821428784169,0.001270878616196569,0.0009484851761953905,9.94459753267812e-06,0.0007870187764638104
5251,0.0010054896847577766,0.0010142625542357564,0.0008161486985045485,9.94415434734934e-06,0.0007870187764638104
5252,0.0011157418484799564,0.0011671011452563107,0.001018645016301889,9.943709407538805e-06,0.0007870187764638104
5253,0.0011364177626091987,0.0010422440609545447,0.0010372891338192858,9.94326271342217e-06,0.0007870187764638104
5254,0.0011822961751022376,0.001153662960859947,0.0010343248140998185,9.942814265175784e-06,0.0007870187764638104
5255,0.001553368907480035,0.0007879058757680468,0.0008772743967710994,9.942364062976688e-06,0.0007870187764638104
5256,0.001409319753292948,0.0011640629018074833,0.0012183613653178327,9.941912107002611e-06,0.0007870187764638104
5257,0.0010045896633528173,0.0010768207357614301,0.0011120169656351209,9.941458397431982e-06,0.0007870187764638104
5258,0.0012588442768901587,0.0010594621999189258,0.0009552164192427881,9.941002934443916e-06,0.0007870187764638104
5259,0.0012130664181313477,0.001062591611116659,0.0008098540783976205,9.940545718218224e-06,0.0007870187764638104
5260,0.0011214094556635246,0.0011009881491190754,0.0009072679094970226,9.940086748935407e-06,0.0007870187764638104
5261,0.001155685466073919,0.0010135383854503743,0.0008278645836981013,9.939626026776658e-06,0.0007870187764638104
5262,0.0010888644828810357,0.001140111286076717,0.0009034617032739334,9.939163551923865e-06,0.0007870187764638104
5263,0.0009894156173686497,0.0009565237705828622,0.0010415545912110247,9.938699324559606e-06,0.0007870187764638104
5264,0.0010680878403945826,0.0009785314177861437,0.0008760600030655041,9.938233344867146e-06,0.0007870187764638104
5265,0.0011858610014314763,0.0012313671031733975,0.0009587953536538407,9.93776561303045e-06,0.0007870187764638104
5266,0.0013717753026867285,0.0009093554035644047,0.001073283150617499,9.937296129234171e-06,0.0007870187764638104
5267,0.001266184524865821,0.0011122160431114025,0.0009257799465558492,9.936824893663654e-06,0.0007870187764638104
5268,0.0011944004363613203,0.0010666033340385184,0.0008237408328568563,9.936351906504936e-06,0.0007870187764638104
5269,0.0013468297402141616,0.0010876898377318867,0.0009044280523085035,9.93587716794474e-06,0.0007870187764638104
5270,0.0011019879602827132,0.001045118144247681,0.0011335449817124754,9.935400678170492e-06,0.0007870187764638104
5271,0.0012287470381124876,0.0008858675646479242,0.0009958685623132624,9.934922437370298e-06,0.0007870187764638104
5272,0.0010348126234021038,0.001051609702699352,0.000854718189657433,9.934442445732963e-06,0.0007870187764638104
5273,0.001157768077973742,0.0011223230103496462,0.0009414226587978192,9.933960703447975e-06,0.0007870187764638104
5274,0.001191004746942781,0.0008724358922336251,0.000900363149412442,9.933477210705525e-06,0.0007870187764638104
5275,0.0012618087785085663,0.0009506806745775975,0.0008236280409619212,9.932991967696484e-06,0.0007870187764638104
5276,0.0011462446709629148,0.0010389563831267878,0.001038950722431764,9.932504974612419e-06,0.0007870187764638104
5277,0.0012240190844750032,0.0009793892750167288,0.000988652987871319,9.932016231645587e-06,0.0007870187764638104
5278,0.0012582531780935824,0.0011872277900693007,0.0008696609220351093,9.931525738988936e-06,0.0007870187764638104
5279,0.0011945278165512718,0.0009661595031502657,0.001017246162518859,9.931033496836105e-06,0.0007870187764638104
5280,0.001174672957859002,0.0010527990161790513,0.0009333063499070704,9.930539505381425e-06,0.0007870187764638104
5281,0.001051545979862567,0.000970691857219208,0.0009811002892092802,9.930043764819913e-06,0.0007870187764638104
5282,0.0011424087060731836,0.0011494308928376995,0.0009023941456689499,9.929546275347283e-06,0.0007870187764638104
5283,0.001149082148913294,0.0009711660459288396,0.0009659515635576099,9.929047037159933e-06,0.0007870187764638104
5284,0.0010694553493522108,0.0010062044893857092,0.0010160585006815381,9.928546050454953e-06,0.0007870187764638104
5285,0.0010709066918934695,0.0009501955792075023,0.0009190019154630136,9.92804331543013e-06,0.0007870187764638104
5286,0.0010690012713894248,0.0012325734351179563,0.0010722158185672015,9.927538832283932e-06,0.0007870187764638104
5287,0.0012129720780649222,0.0011717470188159496,0.001039354749082122,9.92703260121552e-06,0.0007870187764638104
5288,0.000878470680618193,0.0011642578174360096,0.0008782581135164946,9.92652462242475e-06,0.0007870187764638104
5289,0.001031133309879806,0.0009705603588372469,0.0009316392824985087,9.92601489611216e-06,0.0007870187764638104
5290,0.0012170892878202721,0.0009688789214123972,0.0009565012151142582,9.925503422478985e-06,0.0007870187764638104
5291,0.0012036973857902922,0.001004875812213868,0.0009025925246533006,9.924990201727144e-06,0.0007870187764638104
5292,0.001339564347290434,0.0010064194575534202,0.0010135836309927981,9.92447523405925e-06,0.0007870187764638104
5293,0.0014553952787537128,0.0011064000209444202,0.0011498704043333419,9.923958519678603e-06,0.0007870187764638104
5294,0.000980949516815599,0.0009499712905380875,0.0010122704625246115,9.923440058789196e-06,0.0007870187764638104
5295,0.0011371564978617243,0.0013773326136288233,0.0009680921721155755,9.922919851595707e-06,0.0007870187764638104
5296,0.0010285376411047764,0.0010832858097273856,0.0010505352256586775,9.922397898303506e-06,0.0007870187764638104
5297,0.0009904146427288651,0.001053635627613403,0.0008599451612099074,9.921874199118653e-06,0.0007870187764638104
5298,0.000967219537415076,0.0009802517997741234,0.0007856753145460971,9.921348754247893e-06,0.0007870187764638104
5299,0.0009903148675221018,0.0008861171445460059,0.001028499027597718,9.920821563898667e-06,0.0007870187764638104
5300,0.0011020752135664225,0.0011094447545474395,0.0011091259875684045,9.920292628279101e-06,0.0007870187764638104
5301,0.001412361831171438,0.0010740731377154589,0.0010059635242214426,9.919761947598007e-06,0.0007870187764638104
5302,0.0012072011813870631,0.0014076896113692783,0.00105217685631942,9.919229522064892e-06,0.0007870187764638104
5303,0.0011855980337713845,0.001257807613001205,0.0008888819356798194,9.91869535188995e-06,0.0007870187764638104
5304,0.0011405328841647133,0.0010249758051941171,0.000961949466727674,9.91815943728406e-06,0.0007870187764638104
5305,0.0009529969247523695,0.0009983757117879577,0.0010743193779489957,9.917621778458795e-06,0.0007870187764638104
5306,0.0010765324041130953,0.0009722972390591167,0.0008806889454717748,9.917082375626414e-06,0.0007870187764638104
5307,0.001116763276513666,0.0009534964628983289,0.000896721423487179,9.916541228999865e-06,0.0007870187764638104
5308,0.0013052258800598793,0.0010385437781224027,0.0011323734142933972,9.915998338792781e-06,0.0007870187764638104
5309,0.00104176872264361,0.0009606694657122716,0.0009099410235648975,9.915453705219491e-06,0.0007870187764638104
5310,0.0010767119456431828,0.0011376796755939722,0.000899776401638519,9.914907328495004e-06,0.0007870187764638104
5311,0.0010377890357631259,0.0009294917035731487,0.0009561692422721535,9.914359208835023e-06,0.0007870187764638104
5312,0.0010911200879490934,0.0011899815508513711,0.001051466606440954,9.913809346455936e-06,0.0007870187764638104
5313,0.0010459302066010423,0.0010671749405446462,0.0011063548809033819,9.91325774157482e-06,0.0007870187764638104
5314,0.0011421926610637456,0.0009321495890617371,0.0008664966080687009,9.91270439440944e-06,0.0007870187764638104
5315,0.001045137170876842,0.0009094803608604707,0.00105576534406282,9.912149305178251e-06,0.0007870187764638104
5316,0.0009183582806144841,0.0010895055092987604,0.0010676581077859737,9.91159247410039e-06,0.0007870187764638104
5317,0.0009781620829016902,0.0011252672338741831,0.0009897724012262188,9.911033901395685e-06,0.0007870187764638104
5318,0.0010009165853261948,0.0011559613922145218,0.0008936100348364562,9.910473587284655e-06,0.0007870187764638104
5319,0.0014264504134189337,0.0008843022442306392,0.0010813150729518384,9.9099115319885e-06,0.0007870187764638104
5320,0.0011035841671400703,0.0009868246634141542,0.000930743117351085,9.909347735729112e-06,0.0007870187764638104
5321,0.0012641631183214486,0.000890751056431327,0.0008111327115329914,9.908782198729067e-06,0.0007870187764638104
5322,0.0009873131202766672,0.0010860783877433278,0.000818096857983619,9.908214921211633e-06,0.0007870187764638104
5323,0.001278735900996253,0.0012417106263455935,0.0009707141507533379,9.907645903400762e-06,0.0007870187764638104
5324,0.0011639295189525,0.0010682025385904126,0.0009274999392800964,9.90707514552109e-06,0.0007870187764638104
5325,0.001149275543866679,0.0011315039955661632,0.0009277943972847424,9.906502647797946e-06,0.0007870187764638104
5326,0.0010245095181744546,0.0010009886609623209,0.000912659932509996,9.905928410457343e-06,0.0007870187764638104
5327,0.0010600939349387772,0.0011159354617120698,0.0007752820383757353,9.905352433725979e-06,0.0007870187764638104
5328,0.001027561942464672,0.001011789616313763,0.001013225846691057,9.904774717831242e-06,0.0007870187764638104
5329,0.0011615920520853251,0.0009006598993437365,0.0009716106505948119,9.904195263001203e-06,0.0007870187764638104
5330,0.0009202306318911724,0.0008852684768498875,0.0009944043995346874,9.903614069464624e-06,0.0007870187764638104
5331,0.0010823312695720233,0.0009811054187593982,0.0010893871731241234,9.903031137450953e-06,0.0007870187764638104
5332,0.0009368530008941889,0.0009059469084604643,0.001013421846437268,9.902446467190317e-06,0.0007870187764638104
5333,0.0010156037533306517,0.0011763992151827551,0.0011390645158826374,9.901860058913535e-06,0.0007870187764638104
5334,0.0010912529032793827,0.0013051291825831868,0.0009573729912517592,9.901271912852117e-06,0.0007870187764638104
5335,0.0010164028863073327,0.0011133260995848104,0.0013290667266119272,9.90068202923825e-06,0.0007870187764638104
5336,0.0010179439559578896,0.001177533638838213,0.0010511733999010175,9.90009040830481e-06,0.0007870187764638104
5337,0.0010239309340249747,0.0010414187127025798,0.0009384461081936024,9.899497050285362e-06,0.0007870187764638104
5338,0.0012828859471483156,0.0010936660983134061,0.0007915169626357965,9.898901955414152e-06,0.0007870187764638104
5339,0.0011123770236736163,0.0011521779815666378,0.0008259902242571115,9.898305123926116e-06,0.0007870187764638104
5340,0.001103781549318228,0.0010245284865959547,0.001025249614031054,9.897706556056872e-06,0.0007870187764638104
5341,0.0011032412439817563,0.0008964533408288844,0.0009080312738660723,9.897106252042726e-06,0.0007870187764638104
5342,0.0012424270462361164,0.0010087158079841174,0.000921610917430371,9.896504212120669e-06,0.0007870187764638104
5343,0.0012237443443154916,0.0011268318048678339,0.0008942381100496277,9.895900436528376e-06,0.0007870187764638104
5344,0.0012142931955168024,0.0009416962857358158,0.000841379733174108,9.895294925504207e-06,0.0007870187764638104
5345,0.0013231902266852558,0.0009411855498910882,0.0011203565227333456,9.894687679287211e-06,0.0007870187764638104
5346,0.0011810896030510776,0.0008263161944341846,0.0007588134794787038,9.894078698117119e-06,0.0007870187764638104
5347,0.0012321955218794756,0.0009715637352201156,0.0008962305801105686,9.893467982234343e-06,0.0007870187764638104
5348,0.0010597307700663805,0.000886342124431394,0.0006992498347244691,9.892855531879989e-06,0.0007870187764638104
5349,0.001169926610600669,0.0008975009841378778,0.000916253964533098,9.892241347295838e-06,0.0007870187764638104
5350,0.0009052044551935978,0.0010554980035522021,0.0009836671015364118,9.891625428724365e-06,0.0007870187764638104
5351,0.0011465404604678042,0.0011967712853220291,0.0010699244594434276,9.89100777640872e-06,0.0007870187764638104
5352,0.000976432093011681,0.0010826116558746435,0.00097852703765966,9.890388390592748e-06,0.0007870187764638104
5353,0.000964785045653116,0.0008417778954026289,0.0010650718031683937,9.889767271520968e-06,0.0007870187764638104
5354,0.0010941268483293243,0.0009267562272725627,0.0009003400555229746,9.88914441943859e-06,0.0007870187764638104
5355,0.0010013491846621037,0.0010633209894876927,0.0009226447727996856,9.888519834591506e-06,0.0007870187764638104
5356,0.0011104354780400172,0.0009640245116315782,0.0009300838719354942,9.887893517226292e-06,0.0007870187764638104
5357,0.0012501794408308342,0.0010094366880366579,0.0009814382501645014,9.887265467590209e-06,0.0007870187764638104
5358,0.0011057123338105157,0.0010129101719940081,0.0009822997526498511,9.8866356859312e-06,0.0007870187764638104
5359,0.0010742845552158542,0.0010596378779155202,0.001024800025334116,9.886004172497891e-06,0.0007870187764638104
5360,0.001076983448001556,0.0009905983242788352,0.000976783652731683,9.885370927539598e-06,0.0007870187764638104
5361,0.0010228687824564986,0.0010831091058207676,0.000926881970372051,9.884735951306313e-06,0.0007870187764638104
5362,0.0012099624509573914,0.0009630060303607024,0.0009073463297681883,9.884099244048715e-06,0.0007870187764638104
5363,0.0010938004634226672,0.001127205447119195,0.0008743271027924493,9.883460806018167e-06,0.0007870187764638104
5364,0.0011259987659286708,0.0008532744614058174,0.0008636400161776692,9.882820637466712e-06,0.0007870187764638104
5365,0.0013182725451770239,0.0010210805630777031,0.001151338052295614,9.88217873864708e-06,0.0007870187764638104
5366,0.0010890996854868717,0.0011358612828189507,0.0010058743864647113,9.881535109812683e-06,0.0007870187764638104
5367,0.0013485645831678994,0.0011656216229312122,0.0007798883743816987,9.880889751217616e-06,0.0007870187764638104
5368,0.0011275342767476104,0.0009648660634411499,0.000912860909011215,9.880242663116654e-06,0.0007870187764638104
5369,0.0011346103638061322,0.0010162196194869466,0.0009034923787112348,9.879593845765258e-06,0.0007870187764638104
5370,0.0009481531524215825,0.0009288286892115138,0.0011924249411094934,9.878943299419571e-06,0.0007870187764638104
5371,0.0011999113121419214,0.0011179605062352493,0.0008773392182774842,9.878291024336419e-06,0.0007870187764638104
5372,0.0011655743946903385,0.0009669404535088688,0.0009371940031996928,9.877637020773306e-06,0.0007870187764638104
5373,0.0012092865217709914,0.0010080371575895697,0.000959375684033148,9.876981288988431e-06,0.0007870187764638104
5374,0.0012767552616423927,0.0011991270148428157,0.0009687241617939435,9.876323829240658e-06,0.0007870187764638104
5375,0.0013861856568837538,0.0011795548925874755,0.000947238237131387,9.875664641789545e-06,0.0007870187764638104
5376,0.0010824389901245013,0.0008675852259329986,0.0008947356618591584,9.87500372689533e-06,0.0007870187764638104
5377,0.0011728801619028673,0.0009003399245557375,0.00103957796090981,9.87434108481893e-06,0.0007870187764638104
5378,0.0010591244135866873,0.0010034445876954123,0.0009957682923413813,9.873676715821944e-06,0.0007870187764638104
5379,0.0009996131193474866,0.0009887804408208467,0.000739707797038136,9.873010620166659e-06,0.0007870187764638104
5380,0.0010509645653655753,0.001116666171583347,0.0010386360081611201,9.872342798116034e-06,0.0007870187764638104
5381,0.0009035778493853286,0.0010249313127133064,0.0009850489659584127,9.871673249933717e-06,0.0007870187764638104
5382,0.001104526178096421,0.0011725058939191513,0.0009497771825408563,9.871001975884035e-06,0.0007870187764638104
5383,0.0011277529265498742,0.0010562769093667157,0.0008716699230717495,9.870328976231997e-06,0.0007870187764638104
5384,0.001160208135843277,0.0009649953790358268,0.0008758171243243851,9.869654251243291e-06,0.0007870187764638104
5385,0.001168313916423358,0.000995087859337218,0.0010093834716826677,9.86897780118429e-06,0.0007870187764638104
5386,0.001082539623894263,0.0009862582955975085,0.0008776813265285455,9.868299626322044e-06,0.0007870187764638104
5387,0.001078594010323286,0.0010303527669748291,0.0008605294351582415,9.867619726924284e-06,0.0007870187764638104
5388,0.001116406434448436,0.0009995112413889728,0.0008458765660179779,9.86693810325943e-06,0.0007870187764638104
5389,0.0008743644139030948,0.0009655580943217501,0.0008266226141131483,9.866254755596567e-06,0.0007870187764638104
5390,0.0009454142273170874,0.0010837451336556114,0.0007961950104800053,9.865569684205477e-06,0.0007870187764638104
5391,0.0010692969226511195,0.001049704515025951,0.0009239561404683627,9.864882889356612e-06,0.0007870187764638104
5392,0.0010969467257382348,0.0009577196397003718,0.0008718129611224867,9.864194371321109e-06,0.0007870187764638104
5393,0.000998969015199691,0.0009480486769462004,0.000858822138980031,9.863504130370785e-06,0.0007870187764638104
5394,0.001065586278855335,0.001040955183270853,0.0007478138213627972,9.862812166778134e-06,0.0007870187764638104
5395,0.001140559346822556,0.001104057504562661,0.0010962312298943289,9.862118480816332e-06,0.0007870187764638104
5396,0.0010868968965951353,0.0010362183093093336,0.0008561445865780115,9.861423072759237e-06,0.0007870187764638104
5397,0.0012438486446626484,0.000902858140761964,0.0008453457048744895,9.860725942881385e-06,0.0007870187764638104
5398,0.0009255657278117724,0.0010837746449396946,0.0010587241777102463,9.860027091457992e-06,0.0007870187764638104
5399,0.0010625748109305277,0.0008191709712264128,0.0008654390403535217,9.859326518764953e-06,0.0007870187764638104
5400,0.0009680834846221842,0.0010604845738271251,0.0011769025004468858,9.858624225078841e-06,0.0007870187764638104
5401,0.0009190425989800133,0.0009395203305757605,0.0009379448674735613,9.857920210676914e-06,0.0007870187764638104
5402,0.0011179837019881234,0.0011207140851183794,0.0010246303427265957,9.857214475837102e-06,0.0007870187764638104
5403,0.0011593544986681081,0.001029206505336333,0.000740176943509141,9.85650702083802e-06,0.0007870187764638104
5404,0.00115881329838885,0.0009564346182742156,0.000978491698333528,9.855797845958962e-06,0.0007870187764638104
5405,0.001208859153848607,0.001096203806810081,0.0009222886437783018,9.855086951479895e-06,0.0007870187764638104
5406,0.0009998126333812252,0.0010507843689993024,0.000970810215221718,9.854374337681472e-06,0.0007870187764638104
5407,0.001428016861609649,0.0008986440516309813,0.0008923491768655367,9.853660004845019e-06,0.0007870187764638104
5408,0.0013002105479245074,0.0009555554133839905,0.0009117000881815329,9.852943953252547e-06,0.0007870187764638104
5409,0.001077955421351362,0.0011245811328990385,0.0008969131304183975,9.852226183186738e-06,0.0007870187764638104
5410,0.0010397361111245118,0.0009304616251029074,0.0009076795395230874,9.851506694930958e-06,0.0007870187764638104
5411,0.0011231353346374817,0.0010979998914990574,0.000971763460256625,9.85078548876925e-06,0.0007870187764638104
5412,0.0011473368504084647,0.0009860326463240199,0.0008673662960063666,9.850062564986334e-06,0.0007870187764638104
5413,0.0012241347139934078,0.0010389358503744006,0.0009168577889795415,9.84933792386761e-06,0.0007870187764638104
5414,0.001089707984647248,0.0009089958111871965,0.000835162318253424,9.848611565699152e-06,0.0007870187764638104
5415,0.0010302886439603753,0.001058160669344943,0.0010727469707489945,9.847883490767718e-06,0.0007870187764638104
5416,0.0010871054910239764,0.000841791057609953,0.0009261544691980816,9.847153699360738e-06,0.0007870187764638104
5417,0.0009683904427220114,0.0009413742118340451,0.0008960816048784181,9.846422191766323e-06,0.0007870187764638104
5418,0.0011783355876104906,0.0009877282427623868,0.0009906118575599976,9.84568896827326e-06,0.0007870187764638104
5419,0.001125941715145018,0.0010151629176107235,0.0008289428369607776,9.844954029171017e-06,0.0007870187764638104
5420,0.001222096456331201,0.0009604728038539179,0.0008224844132200815,9.844217374749734e-06,0.0007870187764638104
5421,0.0009479324507992715,0.001063871844962705,0.0009745426650624722,9.84347900530023e-06,0.0007870187764638104
5422,0.0012110863099223934,0.0008409861475229263,0.0008797044210950844,9.842738921114002e-06,0.0007870187764638104
5423,0.0008503503631800413,0.0009565777800162323,0.0009350502805318683,9.841997122483222e-06,0.0007870187764638104
5424,0.0011654413247015327,0.0012173775176052004,0.0009500263840891421,9.841253609700744e-06,0.0007870187764638104
5425,0.0013013018906349316,0.0009960612369468436,0.0008830628285068087,9.840508383060092e-06,0.0007870187764638104
5426,0.0011637593270279467,0.0012787039231625386,0.0008383496169699356,9.839761442855471e-06,0.0007870187764638104
5427,0.0011647486680885777,0.0010497296243556775,0.0008440553792752326,9.839012789381762e-06,0.0007870187764638104
5428,0.0012580133843584917,0.001357634311716538,0.0010340492299292237,9.83826242293452e-06,0.0007870187764638104
5429,0.0011976988171227276,0.0008899130261852406,0.0008099897895590402,9.837510343809978e-06,0.0007870187764638104
5430,0.001233952381880954,0.0009675154433352873,0.0008454311464447528,9.836756552305045e-06,0.0007870187764638104
5431,0.0010413593263365328,0.0011294657597318292,0.0008593621241743676,9.836001048717306e-06,0.0007870187764638104
5432,0.0010030320190708153,0.0009773345591383986,0.0009749809978529811,9.835243833345021e-06,0.0007870187764638104
5433,0.0010569590522209182,0.0009014392999233678,0.0008234768683905713,9.83448490648713e-06,0.0007870187764638104
5434,0.0010321025401935913,0.0010945198446279392,0.0009057765855686739,9.833724268443241e-06,0.0007870187764638104
5435,0.0010833656779141165,0.0009330913453595713,0.0008409868314629421,9.832961919513645e-06,0.0007870187764638104
5436,0.0010401190811535344,0.0009248020505765453,0.0009764218120835721,9.832197859999305e-06,0.0007870187764638104
5437,0.0010690994531614706,0.0009908675419865176,0.0010661345513653941,9.831432090201854e-06,0.0007870187764638104
5438,0.001015619513054844,0.0009898125135805458,0.0010609399978420697,9.830664610423615e-06,0.0007870187764638104
5439,0.0009022894810186699,0.001096968466299586,0.0008876982974470593,9.829895420967572e-06,0.0007870187764638104
5440,0.0011792307559517212,0.0009428487464901991,0.0009643759622122161,9.829124522137386e-06,0.0007870187764638104
5441,0.0012763783888658509,0.000933752569835633,0.001003723438770976,9.828351914237402e-06,0.0007870187764638104
5442,0.0010336023624404334,0.0009586991873220541,0.0008356898033525795,9.82757759757263e-06,0.0007870187764638104
5443,0.0012893751554656774,0.0009590964400558732,0.0010455241026647855,9.826801572448757e-06,0.0007870187764638104
5444,0.0009712810060591437,0.0011513546996866353,0.0008888404408935457,9.826023839172146e-06,0.0007870187764638104
5445,0.001143532310379669,0.0011356747345416807,0.0009641720826039091,9.825244398049834e-06,0.0007870187764638104
5446,0.0011112957945442759,0.001088386656192597,0.0008502698401571251,9.824463249389533e-06,0.0007870187764638104
5447,0.0012107960792491212,0.000889821421878878,0.0008483741185045801,9.823680393499627e-06,0.0007870187764638104
5448,0.0010872124330489896,0.0008613917889306322,0.000901445066119777,9.822895830689177e-06,0.0007870187764638104
5449,0.0009475123297306709,0.000988904939731583,0.0008437523792963475,9.822109561267914e-06,0.0007870187764638104
5450,0.0011101121417596005,0.0009669346181908622,0.0007886394596425816,9.821321585546244e-06,0.0007870187764638104
5451,0.0011036801006412134,0.0009088729420909658,0.0008123606166918762,9.82053190383525e-06,0.0007870187764638104
5452,0.0010692309224396013,0.0010135893498954829,0.0008234911365434527,9.819740516446684e-06,0.0007870187764638104
5453,0.0011553829244803637,0.0010782171448227018,0.0008762435172684491,9.818947423692974e-06,0.0007870187764638104
5454,0.0009629553314880468,0.0011255588615313172,0.0009740617606439628,9.818152625887218e-06,0.0007870187764638104
5455,0.0012001010618405417,0.000969117674685549,0.0012649175623664632,9.817356123343194e-06,0.0007870187764638104
5456,0.0010460485427756794,0.0011679367744363844,0.0008946441739681177,9.816557916375346e-06,0.0007870187764638104
5457,0.0013104795798426494,0.0009947021317202598,0.0010423616622574627,9.815758005298791e-06,0.0007870187764638104
5458,0.0009115448119700886,0.0008547074248781428,0.0008697000521351583,9.814956390429327e-06,0.0007870187764638104
5459,0.0010691498973756097,0.0009316964351455681,0.0009561133047100157,9.814153072083413e-06,0.0007870187764638104
5460,0.0009473946993239224,0.0009390665582031943,0.0011408311547711492,9.813348050578192e-06,0.0007870187764638104
5461,0.0010923261943389662,0.0008179269934771582,0.0008884709532139823,9.81254132623147e-06,0.0007870187764638104
5462,0.0010363619585405104,0.0009903261379804462,0.0009274631520383991,9.811732899361728e-06,0.0007870187764638104
5463,0.0008605679831816815,0.0010087318150908686,0.001113586658902932,9.810922770288126e-06,0.0007870187764638104
5464,0.0010907624528044835,0.0007918340998003259,0.0009657980699557811,9.810110939330484e-06,0.0007870187764638104
5465,0.0012311149330344051,0.0012006406395812519,0.0009395755987497978,9.8092974068093e-06,0.0007870187764638104
5466,0.0010466572712175548,0.0010369235023972578,0.0008117066827253439,9.808482173045748e-06,0.0007870187764638104
5467,0.0010764099133666605,0.001317689115239773,0.0009434368112124503,9.807665238361668e-06,0.0007870187764638104
5468,0.001204627929837443,0.0009244848042726517,0.0010084869063575752,9.80684660307957e-06,0.0007870187764638104
5469,0.0011341321660438552,0.0011237292928854004,0.0009669733117334545,9.806026267522643e-06,0.0007870187764638104
5470,0.0011336463649058715,0.0010110330986208282,0.0009383674550917931,9.805204232014738e-06,0.0007870187764638104
5471,0.0009301767786382698,0.0009914881011354737,0.0008220663876272738,9.804380496880383e-06,0.0007870187764638104
5472,0.0010281728609697893,0.0008625870468677022,0.0007332513850997202,9.803555062444779e-06,0.0007870187764638104
5473,0.0011872490649693646,0.0008360833453480154,0.0008795656467555091,9.80272792903379e-06,0.0007870187764638104
5474,0.0010014912259066477,0.0010315169129171409,0.0010316430780221708,9.801899096973953e-06,0.0007870187764638104
5475,0.0010669289258657955,0.0010713958690757863,0.0011004695916199125,9.801068566592486e-06,0.0007870187764638104
5476,0.0009164211005554534,0.0008470717730233446,0.0008487933155265637,9.800236338217264e-06,0.0007870187764638104
5477,0.001147469476563856,0.0012355304934317246,0.0010009104444179684,9.799402412176837e-06,0.0007870187764638104
5478,0.0011335598173900507,0.0012415361416060477,0.0009826926834648475,9.798566788800428e-06,0.0007870187764638104
5479,0.0010257701287628151,0.0009846972461673431,0.0009045686965691857,9.797729468417926e-06,0.0007870187764638104
5480,0.0011641836681519635,0.0009415598979103379,0.0010198787858826108,9.796890451359895e-06,0.0007870187764638104
5481,0.0013330937217688188,0.0008028974843909964,0.0010048564654425718,9.796049737957562e-06,0.0007870187764638104
5482,0.0012461004007491283,0.000975167058641091,0.0011050162720493972,9.795207328542828e-06,0.0007870187764638104
5483,0.001098500084481202,0.0011379424031474628,0.000988187690381892,9.794363223448263e-06,0.0007870187764638104
5484,0.001004110737994779,0.0008485899779770989,0.000975357776042074,9.793517423007109e-06,0.0007870187764638104
5485,0.0010799142546602525,0.001184279411972966,0.000921036844374612,9.792669927553272e-06,0.0007870187764638104
5486,0.0012401883941492997,0.0008879156848706771,0.0008194175170501694,9.79182073742133e-06,0.0007870187764638104
5487,0.0009445267569390126,0.0010600105306366459,0.0008646495844004676,9.790969852946532e-06,0.0007870187764638104
5488,0.0011231198877794668,0.0010965161563945003,0.0009753331542015076,9.790117274464788e-06,0.0007870187764638104
5489,0.0010049617776530795,0.0008786531107034534,0.0008649866504129022,9.78926300231269e-06,0.0007870187764638104
5490,0.0011679935923893936,0.0008797595728537999,0.0009385863522766158,9.788407036827487e-06,0.0007870187764638104
5491,0.001027566846460104,0.0008737672324059531,0.0008840620066621341,9.787549378347098e-06,0.0007870187764638104
5492,0.0012378669052850455,0.0009761626497493125,0.0009964897835743614,9.78669002721012e-06,0.0007870187764638104
5493,0.0010902546055149287,0.0008476448565488681,0.0008382603991776705,9.785828983755805e-06,0.0007870187764638104
5494,0.0010798778603202663,0.0007964446485857479,0.0008675261997268535,9.784966248324082e-06,0.0007870187764638104
5495,0.0010422824561828747,0.0010100362487719394,0.0008347462644451298,9.784101821255545e-06,0.0007870187764638104
5496,0.0008325211456394754,0.001115648054110352,0.0009304694540333003,9.783235702891457e-06,0.0007870187764638104
5497,0.0007765568370814435,0.0011999625130556524,0.001003659621346742,9.782367893573746e-06,0.0007870187764638104
5498,0.0010916486207861453,0.0009812021598918363,0.0009479241925873794,9.78149839364501e-06,0.0007870187764638104
5499,0.00115126944729127,0.0011371091604814865,0.0009126866425503977,9.780627203448515e-06,0.0007870187764638104
5500,0.0011328148175380193,0.0010280348833475728,0.0007910266576800495,9.779754323328192e-06,0.0007870187764638104
5501,0.0011332508656778373,0.0010160409510717727,0.0008598093336331658,9.77887975362864e-06,0.0007870187764638104
5502,0.000983694932074286,0.0010757677155197598,0.0011299321049591526,9.778003494695126e-06,0.0007870187764638104
5503,0.001080201123841107,0.0009234111494151875,0.0008694673961144872,9.777125546873582e-06,0.0007870187764638104
5504,0.0008658410661155358,0.0009882837039185688,0.0008675879980728496,9.776245910510609e-06,0.0007870187764638104
5505,0.0011701292532961816,0.0009815185621846467,0.000836341263493523,9.775364585953472e-06,0.0007870187764638104
5506,0.0008617358616902493,0.0010083275410579517,0.0007975834450917318,9.774481573550109e-06,0.0007870187764638104
5507,0.0010703069128794596,0.000993516056041699,0.0007633906134287827,9.773596873649113e-06,0.0007870187764638104
5508,0.0010873848805204034,0.0009338813324575312,0.0009038762145792134,9.772710486599752e-06,0.0007870187764638104
5509,0.0009730749588925391,0.0011068243038607761,0.0008979344347608276,9.771822412751957e-06,0.0007870187764638104
5510,0.0010976015983032994,0.000898230828170199,0.0009372802742291242,9.770932652456327e-06,0.0007870187764638104
5511,0.0011004378757206723,0.0010900624401983805,0.0007870198678574525,9.770041206064124e-06,0.0007870187764638104
5512,0.0011173257662449032,0.0010699302874854766,0.0008192078093998134,9.769148073927276e-06,0.0007870187764638104
5513,0.0009476227205595933,0.0009416140455869026,0.0008101087223622017,9.76825325639838e-06,0.0007870187764638104
5514,0.001068936035153456,0.000906678986211773,0.0008662684631417505,9.767356753830695e-06,0.0007870187764638104
5515,0.0011242818145547062,0.000972249370533973,0.0008122554718283936,9.766458566578145e-06,0.0007870187764638104
5516,0.0010173603222938254,0.0010291251601302065,0.0009132710692938417,9.765558694995321e-06,0.0007870187764638104
5517,0.0010414357457193546,0.0008815002220217139,0.0008364730456378311,9.764657139437477e-06,0.0007870187764638104
5518,0.000912287476239726,0.0009659830684540793,0.0008379365026485175,9.763753900260533e-06,0.0007870187764638104
5519,0.0012871228027506731,0.000981335666438099,0.0008981308856164105,9.762848977821074e-06,0.0007870187764638104
5520,0.0011819930441561155,0.0008115214659483172,0.000942331891565118,9.76194237247635e-06,0.0007870187764638104
5521,0.0010403180494904518,0.0011026250504073687,0.0008968769398052245,9.761034084584273e-06,0.0007870187764638104
5522,0.0010508244595257565,0.000987115374300629,0.0009235852339770645,9.760124114503422e-06,0.0007870187764638104
5523,0.001159916544565931,0.0008422695464105345,0.0009127784724114463,9.759212462593037e-06,0.0007870187764638104
5524,0.0010753218302852474,0.0010652051350916736,0.0008311104393214919,9.758299129213024e-06,0.0007870187764638104
5525,0.0010655676960595883,0.000927586828765925,0.0007409375321003608,9.757384114723955e-06,0.0007870187764638104
5526,0.0009352650740765966,0.0010491485736565664,0.0010889628174481913,9.75646741948706e-06,0.0007870187764638104
5527,0.0008970960261649452,0.0010471676214365289,0.0008703545245225541,9.755549043864237e-06,0.0007870187764638104
5528,0.0009378899922012351,0.0011550471317605115,0.000837155559565872,9.754628988218049e-06,0.0007870187764638104
5529,0.001112654608732555,0.0010162029066123068,0.0009382697535329498,9.753707252911714e-06,0.0007870187764638104
5530,0.00086860558076296,0.0009446628973819315,0.001024895638693124,9.752783838309122e-06,0.0007870187764638104
5531,0.0011003085019183345,0.00103663832123857,0.0010780900847748853,9.751858744774823e-06,0.0007870187764638104
5532,0.0009739006418385543,0.0009640245552873239,0.0009313431364716962,9.750931972674025e-06,0.0007870187764638104
5533,0.001075816857337486,0.0011438753645052202,0.0009798466926440597,9.75000352237261e-06,0.0007870187764638104
5534,0.0011449581797933206,0.0009029731809278019,0.0008648057992104441,9.749073394237108e-06,0.0007870187764638104
5535,0.0011546647801878862,0.0009561906263115816,0.0009546245200908743,9.748141588634725e-06,0.0007870187764638104
5536,0.0010604468261590227,0.0011611804220592603,0.0008705663130967878,9.747208105933319e-06,0.0007870187764638104
5537,0.0011726065931725316,0.0009241398875019513,0.000930391761357896,9.746272946501416e-06,0.0007870187764638104
5538,0.0012307324723224156,0.0009379272887599654,0.0009595779338269494,9.7453361107082e-06,0.0007870187764638104
5539,0.0012029056597384624,0.0009781701228348538,0.0008579604400438257,9.744397598923524e-06,0.0007870187764638104
5540,0.0011042782571166754,0.000997275987174362,0.001036053872667253,9.743457411517891e-06,0.0007870187764638104
5541,0.0012878544584964402,0.001242019898199942,0.0009660726936999708,9.742515548862476e-06,0.0007870187764638104
5542,0.0010039265762316063,0.0009918541254592128,0.0009662964075687341,9.741572011329112e-06,0.0007870187764638104
5543,0.0010135831544175744,0.0009201809371006675,0.0009128649326157756,9.740626799290292e-06,0.0007870187764638104
5544,0.0011384174576960504,0.0009738134176586755,0.0008761275603319518,9.739679913119168e-06,0.0007870187764638104
5545,0.001258460404642392,0.0009526452267891727,0.0009121356779360212,9.738731353189558e-06,0.0007870187764638104
5546,0.001131746124883648,0.0009753305130288936,0.0010460902412887663,9.73778111987594e-06,0.0007870187764638104
5547,0.00096020244382089,0.0008435356430709362,0.0009466866467846557,9.73682921355345e-06,0.0007870187764638104
5548,0.0009630084387026727,0.0010849428217625245,0.0008465144710498862,9.735875634597881e-06,0.0007870187764638104
5549,0.000942327875236515,0.0009550235481583513,0.0010241334675811231,9.734920383385698e-06,0.0007870187764638104
5550,0.0009623392106732354,0.0009658595372457057,0.0011230185627937317,9.733963460294016e-06,0.0007870187764638104
5551,0.0012722681494778953,0.0010226079684798606,0.0009556776349199936,9.733004865700612e-06,0.0007870187764638104
5552,0.001195244345581159,0.0009601397032383829,0.0008891403922461905,9.732044599983924e-06,0.0007870187764638104
5553,0.0010378872757428326,0.0010073433586512692,0.000857216989970766,9.731082663523052e-06,0.0007870187764638104
5554,0.0011031072499463335,0.0010174010967602953,0.0009129964673775248,9.730119056697752e-06,0.0007870187764638104
5555,0.0011949808831559494,0.000924678381124977,0.0009787597446120344,9.729153779888439e-06,0.0007870187764638104
5556,0.0010851814731722698,0.0009496034545009024,0.0009696665219962597,9.728186833476191e-06,0.0007870187764638104
5557,0.001153987024736125,0.0009912409223034047,0.0007668059770367108,9.727218217842745e-06,0.0007870187764638104
5558,0.0008788056147750467,0.0010788380895974115,0.001017024987959303,9.72624793337049e-06,0.0007870187764638104
5559,0.0009387563113705255,0.0011781377324950881,0.0008896864528651349,9.725275980442483e-06,0.0007870187764638104
5560,0.0009667314516264014,0.001220990096044261,0.000950192152231466,9.724302359442434e-06,0.0007870187764638104
5561,0.0009760039683897048,0.000960775971179828,0.0008744201695662923,9.723327070754715e-06,0.0007870187764638104
5562,0.001113337988499552,0.0009116539222304709,0.0009604836814105511,9.72235011476435e-06,0.0007870187764638104
5563,0.0009041618322953582,0.0011212062381673604,0.0008762514044065028,9.721371491857032e-06,0.0007870187764638104
5564,0.0012221403594594449,0.000984325015451759,0.00078313874109881,9.7203912024191e-06,0.0007870187764638104
5565,0.0010071376018458977,0.0009020574070746079,0.0010801447861013003,9.719409246837561e-06,0.0007870187764638104
5566,0.0010198030722676776,0.0011418332578614354,0.0007954501634230837,9.718425625500074e-06,0.0007870187764638104
5567,0.0011919394091819413,0.0010682131178327836,0.0009818865728448145,9.717440338794956e-06,0.0007870187764638104
5568,0.0009943062977981754,0.0011486264484119602,0.0008552654326194897,9.716453387111185e-06,0.0007870187764638104
5569,0.0010654818688635714,0.0009747641161084175,0.0011150057762279175,9.715464770838392e-06,0.0007870187764638104
5570,0.0013616593860206194,0.0009649976709624752,0.0008703707790118642,9.714474490366866e-06,0.0007870187764638104
5571,0.0013526469701901078,0.0011656255737761967,0.0007664333315915428,9.713482546087557e-06,0.0007870187764638104
5572,0.0011298618628643453,0.0010749818029580638,0.0008233754633693025,9.712488938392069e-06,0.0007870187764638104
5573,0.0010749729481176473,0.0009171072524623014,0.0009909525033435784,9.711493667672658e-06,0.0007870187764638104
5574,0.0010182840342167765,0.0008762410579947755,0.0008986859247670509,9.710496734322246e-06,0.0007870187764638104
5575,0.000950178196944762,0.0009170862467726693,0.0007679102272959426,9.709498138734405e-06,0.0007870187764638104
5576,0.0010105487745022401,0.0009097433285205625,0.000861516957229469,9.708497881303362e-06,0.0007870187764638104
5577,0.0011806246475316584,0.0008804362441878766,0.0009641704382374883,9.707495962424008e-06,0.0007870187764638104
5578,0.0010988025533151813,0.0011884496561833657,0.0008910990654840134,9.70649238249188e-06,0.0007870187764638104
5579,0.0010782884783111513,0.001049709833750967,0.0009879584395093843,9.705487141903179e-06,0.0007870187764638104
5580,0.0011945040387217887,0.000932430601096712,0.0009305960265919566,9.704480241054755e-06,0.0007870187764638104
5581,0.0009581555059412494,0.0011077610761276446,0.0008099629339994863,9.703471680344119e-06,0.0007870187764638104
5582,0.0009748591619427316,0.000899781814950984,0.0009124418502324261,9.702461460169433e-06,0.0007870187764638104
5583,0.001345497672446072,0.0010056020764750428,0.0008992947987280786,9.701449580929518e-06,0.0007870187764638104
5584,0.0009582648854120634,0.0009128713136306033,0.0009549925962346606,9.700436043023844e-06,0.0007870187764638104
5585,0.000901502717169933,0.0009283963227062486,0.0010164895866182633,9.699420846852545e-06,0.0007870187764638104
5586,0.0011366501421434805,0.000984898339083884,0.0007814350028638728,9.6984039928164e-06,0.0007870187764638104
5587,0.0010038601394626312,0.000874153440236114,0.0008456025534542277,9.697385481316849e-06,0.0007870187764638104
5588,0.00097164621547563,0.0010379851883044466,0.0010392295516794547,9.696365312755982e-06,0.0007870187764638104
5589,0.0012503434263635427,0.0008601965673733503,0.0011017567157978192,9.695343487536551e-06,0.0007870187764638104
5590,0.0012084677364327945,0.0009910388180287555,0.0009569598696543835,9.69432000606195e-06,0.0007870187764638104
5591,0.0009625775564927608,0.0010423934436403215,0.0008823312819004059,9.693294868736236e-06,0.0007870187764638104
5592,0.0011594548195716925,0.0011294922151137143,0.0008686810760991648,9.692268075964118e-06,0.0007870187764638104
5593,0.001023939017613884,0.0010035538507509045,0.0009369354884256609,9.691239628150955e-06,0.0007870187764638104
5594,0.0010806971695274115,0.0010628783566062339,0.0009027551859617233,9.690209525702764e-06,0.0007870187764638104
5595,0.0010143091640202329,0.0009731905520311557,0.0008530568884452805,9.689177769026211e-06,0.0007870187764638104
5596,0.0009193788791890256,0.0009391213134222198,0.0009979851165553555,9.68814435852862e-06,0.0007870187764638104
5597,0.001094187107810285,0.0008312087047670502,0.0008211694002966397,9.687109294617963e-06,0.0007870187764638104
5598,0.001104766568460036,0.0010115826880792156,0.0010107678608619608,9.686072577702867e-06,0.0007870187764638104
5599,0.0010503982557565905,0.0010597065192996524,0.0007687895267736167,9.685034208192614e-06,0.0007870187764638104
5600,0.0009041327502927743,0.0010125969056389295,0.0008751378663873766,9.683994186497132e-06,0.0007870187764638104
5601,0.0011145319731440395,0.0009681418814579956,0.0008387678462895565,9.682952513027008e-06,0.0007870187764638104
5602,0.001049178397806827,0.0012490661247284152,0.0009480802109465003,9.681909188193474e-06,0.0007870187764638104
5603,0.001100723136914894,0.0010648666502675042,0.0008103190193651244,9.680864212408425e-06,0.0007870187764638104
5604,0.0009456585248699412,0.0010893507496803068,0.0009347042578156106,9.679817586084397e-06,0.0007870187764638104
5605,0.0010812060645548627,0.0011112784850411117,0.0008429598674410954,9.67876930963458e-06,0.0007870187764638104
5606,0.0010424687643535435,0.0010653444696799852,0.0008452562324237078,9.677719383472817e-06,0.0007870187764638104
5607,0.0013000810213270597,0.0009247309862985276,0.0008496736336383037,9.676667808013605e-06,0.0007870187764638104
5608,0.0011603939201449975,0.0010325992698199116,0.0009072419416042976,9.675614583672089e-06,0.0007870187764638104
5609,0.0010028840697486885,0.0010731284055509605,0.0008254291824414395,9.674559710864064e-06,0.0007870187764638104
5610,0.0011487556039355695,0.001047883037244901,0.0009301480313297361,9.673503190005978e-06,0.0007870187764638104
5611,0.0009361086486023851,0.0009392860301886685,0.0008831309751258232,9.672445021514925e-06,0.0007870187764638104
5612,0.0009288755900342949,0.0010625492068356834,0.0007650542611372657,9.67138520580866e-06,0.0007870187764638104
5613,0.0009678619971964508,0.0009002553633763455,0.0006992914895818103,9.670323743305576e-06,0.0007870187764638104
5614,0.0010662762506399304,0.0009742976981215179,0.000890725692443084,9.669260634424723e-06,0.0007870187764638104
5615,0.0009741383473738097,0.0009561467086314224,0.0008535369961464312,9.6681958795858e-06,0.0007870187764638104
5616,0.000939278288569767,0.0009672293381299824,0.0008234701454057358,9.667129479209156e-06,0.0007870187764638104
5617,0.0010814817578648217,0.0011479513486847281,0.0009759399108588696,9.66606143371579e-06,0.0007870187764638104
5618,0.0008623326066299342,0.0010999612932209857,0.0007719413661106955,9.664991743527344e-06,0.0007870187764638104
5619,0.0011186681877006777,0.0010116786870639771,0.0008495823276462033,9.66392040906612e-06,0.0007870187764638104
5620,0.0009556425939081237,0.0010135979682672769,0.0008621889865025878,9.662847430755062e-06,0.0007870187764638104
5621,0.0011205650589545257,0.0009457093183300458,0.0010257024041493423,9.661772809017766e-06,0.0007870187764638104
5622,0.001152899320004508,0.0009645562458899803,0.0009747616859385744,9.660696544278474e-06,0.0007870187764638104
5623,0.001141544635174796,0.0010607510703266598,0.001158537452283781,9.659618636962079e-06,0.0007870187764638104
5624,0.0009593282666173764,0.0008710456895641983,0.0009862704973784275,9.658539087494122e-06,0.0007870187764638104
5625,0.0010537463313085027,0.0009951517786248587,0.0008826461344142444,9.65745789630079e-06,0.0007870187764638104
5626,0.0009132636769209057,0.0009218639097525738,0.0009288739529438317,9.656375063808924e-06,0.0007870187764638104
5627,0.001188692171126604,0.0008251684703282081,0.0008747981410124339,9.655290590446008e-06,0.0007870187764638104
5628,0.0009481946035521105,0.001142051063652616,0.0008441771096840966,9.654204476640172e-06,0.0007870187764638104
5629,0.0011878977093147114,0.000840064552903641,0.0008789918647380546,9.6531167228202e-06,0.0007870187764638104
5630,0.001239109355083201,0.0010463736180099659,0.0008833974206936546,9.652027329415518e-06,0.0007870187764638104
5631,0.001050258411851246,0.0010079727944685146,0.0008353439770871773,9.650936296856201e-06,0.0007870187764638104
5632,0.0009736854262882844,0.0009625618986319751,0.0010431808259454556,9.649843625572973e-06,0.0007870187764638104
5633,0.001130440752604045,0.0009161724374280311,0.0009079156152438372,9.648749315997202e-06,0.0007870187764638104
5634,0.001030692015774548,0.0009974644999601878,0.0007827181398170069,9.647653368560905e-06,0.0007870187764638104
5635,0.0008788922859821469,0.0011068582243751734,0.0009563015119056217,9.646555783696743e-06,0.0007870187764638104
5636,0.0010429961475892924,0.000946588181250263,0.0009608522013877518,9.645456561838029e-06,0.0007870187764638104
5637,0.001131163488025777,0.0009346329752588645,0.000933220908336807,9.644355703418713e-06,0.0007870187764638104
5638,0.0009452858721488155,0.0010501074211788364,0.0008601939989603125,9.643253208873401e-06,0.0007870187764638104
5639,0.0009652698136051185,0.0009388555627083406,0.0007816476572770625,9.642149078637339e-06,0.0007870187764638104
5640,0.0010471605710336007,0.0009506597561994568,0.0008991657668957487,9.641043313146418e-06,0.0007870187764638104
5641,0.0012417277466738597,0.0008686601286171935,0.0009143642673734576,9.639935912837178e-06,0.0007870187764638104
5642,0.0010385657151346095,0.0010611842008074746,0.001038493493979331,9.638826878146805e-06,0.0007870187764638104
5643,0.001039043469063472,0.0008893287667888217,0.0009182300927932374,9.637716209513127e-06,0.0007870187764638104
5644,0.0009721835667733103,0.000830486009363085,0.0007434012368321419,9.636603907374617e-06,0.0007870187764638104
5645,0.0009312856564065441,0.0011719369504135102,0.0008254604763351381,9.635489972170396e-06,0.0007870187764638104
5646,0.0009420588175999001,0.0008313309335790109,0.0009028752319863997,9.634374404340228e-06,0.0007870187764638104
5647,0.0010136772034456953,0.0009278909637941979,0.000965738290688023,9.633257204324522e-06,0.0007870187764638104
5648,0.0010168510634684935,0.0008423417166341096,0.0008143075319821946,9.63213837256433e-06,0.0007870187764638104
5649,0.0014080746477702633,0.0010220436597592197,0.0009221842119586654,9.631017909501347e-06,0.0007870187764638104
5650,0.000978646901785396,0.001069764664862305,0.0008370081268367358,9.629895815577915e-06,0.0007870187764638104
5651,0.0011039303717552684,0.0009553232666803524,0.0008403707324760035,9.628772091237022e-06,0.0007870187764638104
5652,0.000955193150730338,0.0009712631435832009,0.0008369882161787245,9.627646736922296e-06,0.0007870187764638104
5653,0.0009067946521099657,0.0008080657498794608,0.0007430444602505304,9.626519753078005e-06,0.0007870187764638104
5654,0.0013364697952056304,0.0009311115791206248,0.000931038215640001,9.625391140149068e-06,0.0007870187764638104
5655,0.001117715786676854,0.0008616405139036942,0.000892761345312465,9.624260898581042e-06,0.0007870187764638104
5656,0.0011535817466210574,0.0011590734429773875,0.0009401244897162542,9.623129028820129e-06,0.0007870187764638104
5657,0.00110503126779804,0.0008838643843773752,0.0010010136320488527,9.621995531313175e-06,0.0007870187764638104
5658,0.0010373252953286283,0.00101065023773117,0.0010978128120768815,9.620860406507661e-06,0.0007870187764638104
5659,0.0009504690315225162,0.000952879163378384,0.0008622072782600299,9.619723654851722e-06,0.0007870187764638104
5660,0.0012370646363706328,0.0012218754563946277,0.0009076413953152951,9.61858527679413e-06,0.0007870187764638104
5661,0.0011033501868951134,0.0011619902579695918,0.0011489865501062013,9.617445272784294e-06,0.0007870187764638104
5662,0.0009632868386688642,0.0008767926774453372,0.0008882306283339858,9.616303643272275e-06,0.0007870187764638104
5663,0.00103588672936894,0.0010073712619487196,0.0010177898511756212,9.615160388708766e-06,0.0007870187764638104
5664,0.0009575119547662325,0.0011565949389478192,0.0009110258179134689,9.614015509545105e-06,0.0007870187764638104
5665,0.0010593881597742438,0.0011095173613284715,0.0010077979168272577,9.612869006233276e-06,0.0007870187764638104
5666,0.001117593448725529,0.0008407388813793659,0.000964392747846432,9.6117208792259e-06,0.0007870187764638104
5667,0.0010165441271965392,0.001006168924504891,0.000787295532063581,9.610571128976235e-06,0.0007870187764638104
5668,0.0013825745118083432,0.0010236407179036178,0.0009474567777942866,9.60941975593819e-06,0.0007870187764638104
5669,0.0010075064274133183,0.0010025219962699339,0.0008977126271929592,9.608266760566304e-06,0.0007870187764638104
5670,0.001065420510713011,0.0010431316186441109,0.0008497156741213985,9.607112143315763e-06,0.0007870187764638104
5671,0.0010565819102339447,0.000905357112060301,0.0008484186982968822,9.605955904642393e-06,0.0007870187764638104
5672,0.0010148159344680607,0.0008011301033548079,0.0008481850672978908,9.604798045002658e-06,0.0007870187764638104
5673,0.0010508252380532213,0.0007461414352292195,0.000882736494531855,9.603638564853663e-06,0.0007870187764638104
5674,0.0008745666709728539,0.0007999024164746515,0.000980627490207553,9.60247746465315e-06,0.0007461414352292195
5675,0.0010382702384958975,0.0008485980361001566,0.0008041312103159726,9.601314744859504e-06,0.0007461414352292195
5676,0.0010508627819945104,0.0010404258719063364,0.0011227499635424465,9.600150405931751e-06,0.0007461414352292195
5677,0.0009900651348289102,0.0008584570314269513,0.0009198038169415668,9.59898444832955e-06,0.0007461414352292195
5678,0.0011270808463450521,0.0009584386352798901,0.0008696899021742865,9.597816872513205e-06,0.0007461414352292195
5679,0.0008049791576922871,0.00101602006907342,0.001064565709384624,9.596647678943656e-06,0.0007461414352292195
5680,0.0010560820446698926,0.0009380718838656321,0.0009180102497339249,9.595476868082481e-06,0.0007461414352292195
5681,0.001018607676087413,0.0008452276815660298,0.0008291957565234043,9.594304440391899e-06,0.0007461414352292195
5682,0.0009383014039485715,0.0011640726079349406,0.0009414305386599153,9.593130396334765e-06,0.0007461414352292195
5683,0.0009438670022063889,0.0011392224550945684,0.0010452121277921833,9.591954736374572e-06,0.0007461414352292195
5684,0.001067411467374768,0.0008841278104227968,0.0011224211630178615,9.590777460975456e-06,0.0007461414352292195
5685,0.000888047412445303,0.0009537067744531669,0.0008555559907108545,9.589598570602181e-06,0.0007461414352292195
5686,0.0010113189273397438,0.0010415500873932615,0.0010376161517342553,9.588418065720159e-06,0.0007461414352292195
5687,0.0010243092983728275,0.00106222113390686,0.0009477358617004938,9.58723594679543e-06,0.0007461414352292195
5688,0.0010471120476722717,0.0010957362537737936,0.001100954606954474,9.586052214294682e-06,0.0007461414352292195
5689,0.0011430264057707973,0.0008812509404378943,0.0008216286587412469,9.584866868685228e-06,0.0007461414352292195
5690,0.0010628104282659478,0.0008729725086595863,0.0009537882724544033,9.583679910435027e-06,0.0007461414352292195
5691,0.0009385458688484505,0.0008660454259370454,0.0008797389164101332,9.58249134001267e-06,0.0007461414352292195
5692,0.001068440244125668,0.0009054350230144337,0.0007746369301457889,9.581301157887387e-06,0.0007461414352292195
5693,0.000991490829619579,0.0008352613804163411,0.0009550044778734446,9.580109364529041e-06,0.0007461414352292195
5694,0.0009007533662952483,0.0008720400583115406,0.0007732003614364658,9.578915960408135e-06,0.0007461414352292195
5695,0.0011015807758667506,0.0009784111680346541,0.0010863714487641118,9.577720945995806e-06,0.0007461414352292195
5696,0.0008363504894077778,0.0010120289371116087,0.0010692791547626257,9.576524321763825e-06,0.0007461414352292195
5697,0.0010248976104776375,0.0010306800832040608,0.0008080784828052856,9.575326088184601e-06,0.0007461414352292195
5698,0.0012076568164047785,0.0010007304808823392,0.0011051734763896093,9.574126245731178e-06,0.0007461414352292195
5699,0.0009928961371770129,0.000920067926927004,0.0009023971942951903,9.572924794877238e-06,0.0007461414352292195
5700,0.0010405812208773568,0.0009140178517554887,0.0008857811844791286,9.571721736097089e-06,0.0007461414352292195
5701,0.000857533268572297,0.0010439451216370799,0.0009310998066212051,9.570517069865682e-06,0.0007461414352292195
5702,0.0010886014206334949,0.0010136926648556255,0.0007858952703827526,9.569310796658603e-06,0.0007461414352292195
5703,0.001045284116116818,0.0008882861511665396,0.0009167258904199116,9.568102916952062e-06,0.0007461414352292195
5704,0.0010218176612397656,0.00094501422427129,0.0009685232071205974,9.56689343122292e-06,0.0007461414352292195
5705,0.001167024893220514,0.000747772995964624,0.0007439170840370934,9.565682339948658e-06,0.0007461414352292195
5706,0.0009598687393008731,0.0009624507947592065,0.0009026111220009625,9.564469643607395e-06,0.0007461414352292195
5707,0.0010945012763841078,0.0009458555578021333,0.0009537363221170381,9.563255342677886e-06,0.0007461414352292195
5708,0.0008694198550074361,0.0007648096143384464,0.0009463469905313104,9.562039437639517e-06,0.0007461414352292195
5709,0.0009167436073767021,0.00090269953943789,0.0007140198940760456,9.56082192897231e-06,0.0007461414352292195
5710,0.0009966142170014791,0.0008578155175200664,0.0007733509264653549,9.559602817156912e-06,0.0007461414352292195
5711,0.0009898192947730422,0.0009486657581874169,0.001030787345371209,9.558382102674617e-06,0.0007461414352292195
5712,0.0010622440313454717,0.0011265581924817525,0.0009288192741223611,9.55715978600734e-06,0.0007461414352292195
5713,0.0010220853073406033,0.0009309474480687641,0.001097407322959043,9.555935867637634e-06,0.0007461414352292195
5714,0.0009758161831996404,0.0008908803865779191,0.0009774349309736863,9.554710348048678e-06,0.0007461414352292195
5715,0.0009579618490533903,0.0010318537097191438,0.0009403235890204087,9.553483227724292e-06,0.0007461414352292195
5716,0.0010605419956846163,0.0011005574197042733,0.0008501208940288052,9.552254507148923e-06,0.0007461414352292195
5717,0.001099418630474247,0.0008737121461308561,0.0009815505691221915,9.55102418680765e-06,0.0007461414352292195
5718,0.00117507268441841,0.0009699921502033249,0.0011880317033501342,9.549792267186182e-06,0.0007461414352292195
5719,0.0008641850217827596,0.0009222805456374772,0.0009989465324906632,9.548558748770865e-06,0.0007461414352292195
5720,0.000856168451718986,0.000921620761801023,0.0008835027838358656,9.54732363204867e-06,0.0007461414352292195
5721,0.0010748127533588558,0.0008871601021382958,0.0008407732748310082,9.546086917507203e-06,0.0007461414352292195
5722,0.000990780972642824,0.0008117758552543819,0.001214374125993345,9.544848605634698e-06,0.0007461414352292195
5723,0.001210846661706455,0.000872860400704667,0.0009171506098937243,9.543608696920023e-06,0.0007461414352292195
5724,0.0008675145145389251,0.0009623537698644213,0.0008501947231707163,9.542367191852671e-06,0.0007461414352292195
5725,0.0011782578294514678,0.0008209149236790836,0.0008347225812030956,9.541124090922771e-06,0.0007461414352292195
5726,0.0010638503590598702,0.0010808346414705738,0.0008561837821616791,9.539879394621079e-06,0.0007461414352292195
5727,0.0010880298941629007,0.0010351844102842733,0.0011983598305960186,9.538633103438982e-06,0.0007461414352292195
5728,0.0009734158375067636,0.0010256429741275497,0.0008134339805110358,9.537385217868495e-06,0.0007461414352292195
5729,0.000789603844168596,0.00110026042239042,0.0007864313156460412,9.536135738402263e-06,0.0007461414352292195
5730,0.0009418497793376446,0.0010847250086953864,0.0008013858750928193,9.534884665533564e-06,0.0007461414352292195
5731,0.0009278290744987316,0.0009312021211371757,0.0009562219784129411,9.533631999756296e-06,0.0007461414352292195
5732,0.0009285426785936579,0.0008966446184786037,0.0006976524964557029,9.532377741564996e-06,0.0007461414352292195
5733,0.001582201111887116,0.0010325947077944875,0.0008406629349337891,9.531121891454825e-06,0.0007461414352292195
5734,0.0009636094400775619,0.0009908110223477706,0.0010352686513215303,9.529864449921572e-06,0.0007461414352292195
5735,0.001066095668647904,0.001036281268170569,0.0009088456063182093,9.528605417461653e-06,0.0007461414352292195
5736,0.0012563438576762564,0.0010713752926676534,0.0007917747570900247,9.527344794572117e-06,0.0007461414352292195
5737,0.0011147304394398816,0.000813652754004579,0.0008444427876383997,9.526082581750638e-06,0.0007461414352292195
5738,0.0009697755522211082,0.000981163902906701,0.0011245438799960539,9.524818779495515e-06,0.0007461414352292195
5739,0.0011728079480235465,0.0009708485958981328,0.0008026271971175447,9.523553388305681e-06,0.0007461414352292195
5740,0.001103750808397308,0.001086569289327599,0.0010802697215694934,9.522286408680688e-06,0.0007461414352292195
5741,0.0008969847986008972,0.0009409000413143076,0.0007137188949855044,9.521017841120722e-06,0.0007461414352292195
5742,0.0010185149949393235,0.0011176049301866442,0.0008223149052355438,9.519747686126593e-06,0.0007461414352292195
5743,0.0009543786582071334,0.0009953521948773414,0.001035721019434277,9.518475944199738e-06,0.0007461414352292195
5744,0.0009446004260098562,0.0009352412198495585,0.0007044850244710688,9.517202615842221e-06,0.0007461414352292195
5745,0.00078140073310351,0.0010421643164590932,0.000967649175436236,9.515927701556731e-06,0.0007461414352292195
5746,0.0009495318226981908,0.0011487981901154853,0.0007625460202689283,9.514651201846584e-06,0.0007461414352292195
5747,0.001062252529663965,0.001014054534607567,0.000956411960942205,9.513373117215723e-06,0.0007461414352292195
5748,0.000988940373645164,0.0011647284045466222,0.0007568156797788106,9.512093448168716e-06,0.0007461414352292195
5749,0.0010105420733452775,0.0009516681166132912,0.0008347323819180019,9.510812195210755e-06,0.0007461414352292195
5750,0.0009719662411953323,0.0008303756549139507,0.0008930347030400299,9.509529358847657e-06,0.0007461414352292195
5751,0.0011552106734598055,0.0009146867887466215,0.000747820085962303,9.508244939585868e-06,0.0007461414352292195
5752,0.0010035366358351894,0.0011033565242541954,0.0008151166694005951,9.506958937932453e-06,0.0007461414352292195
5753,0.001001822114631068,0.0009057900460902601,0.0008319606422446668,9.505671354395107e-06,0.0007461414352292195
5754,0.000927302629861515,0.001011061918688938,0.0009920942611643113,9.50438218948215e-06,0.0007461414352292195
5755,0.0008542341238353401,0.0008581716028857045,0.0008589197241235524,9.503091443702522e-06,0.0007461414352292195
5756,0.0008772628643782809,0.000848072551889345,0.0008815029432298616,9.501799117565788e-06,0.0007461414352292195
5757,0.0009312602051068097,0.0008347780167241581,0.0008662303807795979,9.500505211582137e-06,0.0007461414352292195
5758,0.0009933205365086906,0.0009839632984949276,0.0009634330199332908,9.499209726262387e-06,0.0007461414352292195
5759,0.0009742332913447171,0.0010876667947741225,0.000809309131000191,9.497912662117971e-06,0.0007461414352292195
5760,0.0010121646919287741,0.001157406426500529,0.0009335327631561086,9.49661401966095e-06,0.0007461414352292195
5761,0.0011201547531527467,0.0010152906543225981,0.0007603069607284851,9.49531379940401e-06,0.0007461414352292195
5762,0.000982012425083667,0.0008483109340886585,0.0008343072768184356,9.494012001860454e-06,0.0007461414352292195
5763,0.0010142985702259466,0.0009910199369187467,0.0009098507616727147,9.492708627544213e-06,0.0007461414352292195
5764,0.0009990619437303394,0.001212227245559916,0.0008321699933730997,9.49140367696984e-06,0.0007461414352292195
5765,0.001119438442401588,0.001022140815621242,0.0008603387177572586,9.490097150652505e-06,0.0007461414352292195
5766,0.0009796496815397404,0.0009112543702940457,0.0007432522979797795,9.488789049108005e-06,0.0007461414352292195
5767,0.0011169872886966914,0.0011198935972061008,0.001064533025783021,9.487479372852761e-06,0.0007461414352292195
5768,0.0009566577937221155,0.001058110865415074,0.0008525898738298565,9.48616812240381e-06,0.0007461414352292195
5769,0.001030348394124303,0.0008810154868115205,0.0007772822209517471,9.484855298278812e-06,0.0007461414352292195
5770,0.0008840983282425441,0.0008383921449421905,0.0008478710951749235,9.48354090099605e-06,0.0007461414352292195
5771,0.0010476401439518668,0.0008398912177653983,0.0008098748367046937,9.482224931074427e-06,0.0007461414352292195
5772,0.0009463063906878233,0.0009957368747564033,0.0007903035511844791,9.480907389033468e-06,0.0007461414352292195
5773,0.0009501065360382199,0.0010778451105579734,0.000957955518970266,9.479588275393317e-06,0.0007461414352292195
5774,0.0010816818685270846,0.0010346964190830477,0.0010729664063546807,9.47826759067474e-06,0.0007461414352292195
5775,0.0009904949765768833,0.0009303505139541812,0.000933697352593299,9.476945335399122e-06,0.0007461414352292195
5776,0.0010297431144863367,0.000860590716911247,0.0010139858204638585,9.475621510088467e-06,0.0007461414352292195
5777,0.0010624975111568347,0.0008736951276659966,0.0007463119909516536,9.474296115265401e-06,0.0007461414352292195
5778,0.0009793696808628738,0.0010019829278462566,0.0008838588182698004,9.472969151453173e-06,0.0007461414352292195
5779,0.0009503891633357853,0.0011865356136695482,0.0008083323991741054,9.47164061917564e-06,0.0007461414352292195
5780,0.0009381781273987144,0.0007200118125183508,0.0008258835296146572,9.47031051895729e-06,0.0007461414352292195
5781,0.0009115173670579679,0.0008841268136166036,0.0008660466846777126,9.468978851323225e-06,0.0007200118125183508
5782,0.0009925671911332756,0.0009396953755640425,0.000923279148992151,9.467645616799166e-06,0.0007200118125183508
5783,0.000971960136666894,0.0009868699562503025,0.0008169387074303813,9.466310815911454e-06,0.0007200118125183508
5784,0.0011024007835658267,0.000900931961950846,0.0008588899945607409,9.464974449187046e-06,0.0007200118125183508
5785,0.0008755293747526594,0.0011250371098867618,0.0008972544455900788,9.463636517153517e-06,0.0007200118125183508
5786,0.0010360124651924707,0.001037785827065818,0.0008492196684528608,9.462297020339063e-06,0.0007200118125183508
5787,0.0010893882208620198,0.0009179323460557498,0.0012784774298779666,9.460955959272499e-06,0.0007200118125183508
5788,0.0008368183334823698,0.0010474265363882296,0.0008998652047012001,9.459613334483247e-06,0.0007200118125183508
5789,0.0011376900583854876,0.0009631029752199538,0.0008599844659329392,9.458269146501362e-06,0.0007200118125183508
5790,0.0009343913989141583,0.0007873682043282315,0.00069892156534479,9.456923395857503e-06,0.0007200118125183508
5791,0.0011744504154194146,0.0009409796693944372,0.0009576954689691775,9.455576083082955e-06,0.0007200118125183508
5792,0.0009583041028236039,0.000935261843551416,0.0008309143595397472,9.454227208709612e-06,0.0007200118125183508
5793,0.0009529857197776437,0.001052740859449841,0.0008558788904338144,9.452876773269991e-06,0.0007200118125183508
5794,0.000964230923273135,0.000885219757037703,0.0007636438385816291,9.451524777297221e-06,0.0007200118125183508
5795,0.001059872556652408,0.0008814295506454073,0.0010720960781327449,9.45017122132505e-06,0.0007200118125183508
5796,0.0010852706473087892,0.0009708606085041538,0.0008979466801974922,9.448816105887837e-06,0.0007200118125183508
5797,0.0009339619646198116,0.0008933584394981153,0.0007221963969641365,9.447459431520564e-06,0.0007200118125183508
5798,0.0009241388033842668,0.0007332923996727914,0.0008598872955190018,9.446101198758822e-06,0.0007200118125183508
5799,0.0011217818246223032,0.0010389940362074412,0.0009608983236830682,9.444741408138823e-06,0.0007200118125183508
5800,0.0009690040969871916,0.0010591930986265652,0.0009399355258210562,9.443380060197387e-06,0.0007200118125183508
5801,0.0008098500911728479,0.001015846741211135,0.0008351797732757404,9.442017155471956e-06,0.0007200118125183508
5802,0.0011242914697504602,0.0009362365672132,0.0009072672910406254,9.44065269450058e-06,0.0007200118125183508
5803,0.001063065319613088,0.0008433610928477719,0.0009411113132955506,9.439286677821927e-06,0.0007200118125183508
5804,0.0008542783471057191,0.0010995016564265825,0.0009378067261422984,9.437919105975282e-06,0.0007200118125183508
5805,0.0011221394233871251,0.0008049304888118058,0.0009847181499935687,9.43654997950054e-06,0.0007200118125183508
5806,0.001027330697979778,0.0008192519162548706,0.000797511100245174,9.435179298938205e-06,0.0007200118125183508
5807,0.0010147148786927573,0.000865790163516067,0.000988108615274541,9.433807064829407e-06,0.0007200118125183508
5808,0.0008476810326101258,0.0008692702831467614,0.0008193220674002077,9.432433277715878e-06,0.0007200118125183508
5809,0.001032173568091821,0.0011352636793162674,0.0009041195226018317,9.43105793813997e-06,0.0007200118125183508
5810,0.0011017552242265083,0.0009863165250862949,0.0007664344011573121,9.429681046644641e-06,0.0007200118125183508
5811,0.0009546582150505856,0.001000841373752337,0.0010335043261875398,9.428302603773472e-06,0.0007200118125183508
5812,0.001330413215328008,0.0009005400279420428,0.0008165979525074363,9.426922610070645e-06,0.0007200118125183508
5813,0.0010174006019951776,0.0008797512200544588,0.0008832709936541505,9.425541066080964e-06,0.0007200118125183508
5814,0.0009928671206580475,0.0008603102469351143,0.0008556428692827467,9.424157972349838e-06,0.0007200118125183508
5815,0.0009289053923566826,0.0010603322662063874,0.0007308630410989281,9.422773329423292e-06,0.0007200118125183508
5816,0.0008988672343548387,0.0008749565968173556,0.000856078251672443,9.421387137847958e-06,0.0007200118125183508
5817,0.0008385801120311953,0.0009034845643327571,0.000792159786215052,9.419999398171086e-06,0.0007200118125183508
5818,0.0010267059551551938,0.0009261947270715609,0.000780692178523168,9.418610110940532e-06,0.0007200118125183508
5819,0.0010509738567634486,0.0010953556848107837,0.0007738099629932549,9.417219276704766e-06,0.0007200118125183508
5820,0.001050958140695002,0.0010077541446662508,0.0008589877252234146,9.415826896012866e-06,0.0007200118125183508
5821,0.0009622311263228767,0.000976851602899842,0.0009948179285856895,9.414432969414522e-06,0.0007200118125183508
5822,0.0010518296112422831,0.0010038878972409293,0.0011610149304033257,9.413037497460035e-06,0.0007200118125183508
5823,0.0009033607202582061,0.0008748307373025455,0.0007565550367871765,9.411640480700314e-06,0.0007200118125183508
5824,0.0011323311482556164,0.0010966189511236735,0.0008599465109000448,9.410241919686879e-06,0.0007200118125183508
5825,0.001045424971380271,0.0009133733474300243,0.0009233611635863781,9.408841814971862e-06,0.0007200118125183508
5826,0.0010671828058548272,0.0009594515577191487,0.0008693419076735154,9.407440167108e-06,0.0007200118125183508
5827,0.0009657223854446784,0.0007746175833744928,0.0008695515716681257,9.40603697664864e-06,0.0007200118125183508
5828,0.0012462381782825105,0.0009341543227492366,0.000888572700205259,9.404632244147742e-06,0.0007200118125183508
5829,0.0010698153710109182,0.0009848846239037812,0.0006639354833168909,9.403225970159874e-06,0.0007200118125183508
5830,0.001080588437616825,0.0009994563733926043,0.0008370741488761269,9.401818155240205e-06,0.0007200118125183508
5831,0.0008808070269878954,0.0008688529705977999,0.0008091172967397142,9.400408799944523e-06,0.0007200118125183508
5832,0.001027577876811847,0.0009891497320495546,0.0008824535179883242,9.398997904829218e-06,0.0007200118125183508
5833,0.0010036411840701476,0.0009424231684533879,0.000799523670139024,9.397585470451288e-06,0.0007200118125183508
5834,0.00095193280139938,0.000910951268451754,0.0008807847334537655,9.396171497368338e-06,0.0007200118125183508
5835,0.0011225514463149011,0.0008968238325905986,0.0008001000751391985,9.394755986138587e-06,0.0007200118125183508
5836,0.0010412307383376174,0.0007590874120069202,0.0006378710822900757,9.393338937320853e-06,0.0007200118125183508
5837,0.0011620223740465008,0.0011076642840635031,0.0008509562503604684,9.391920351474563e-06,0.0007200118125183508
5838,0.0010427047454868443,0.0009598006799933501,0.000903469743207097,9.390500229159756e-06,0.0007200118125183508
5839,0.001088541146600619,0.0009716668573673815,0.0009144936120719649,9.389078570937072e-06,0.0007200118125183508
5840,0.0011411282830522396,0.0009185569433611818,0.0008054059726418927,9.387655377367759e-06,0.0007200118125183508
5841,0.0008320032065967098,0.0011287244778941385,0.0008897171355783939,9.386230649013673e-06,0.0007200118125183508
5842,0.001079962392395828,0.0009361231132061221,0.0008466515719192103,9.384804386437272e-06,0.0007200118125183508
5843,0.001052529718435835,0.0010604225462884642,0.0007773235192871653,9.383376590201622e-06,0.0007200118125183508
5844,0.0010997338467859663,0.0010501298020244576,0.0006977242992434185,9.381947260870396e-06,0.0007200118125183508
5845,0.0008672855910845101,0.0009418013214599341,0.0008911852783057839,9.380516399007868e-06,0.0007200118125183508
5846,0.0010085638277814724,0.0010091914518852718,0.0008478654708596878,9.379084005178923e-06,0.0007200118125183508
5847,0.0010264857628499158,0.0008676579091115855,0.0009504717090749182,9.377650079949044e-06,0.0007200118125183508
5848,0.0010809375380631536,0.001044026816089172,0.0010132810930372216,9.376214623884325e-06,0.0007200118125183508
5849,0.0011089410036220215,0.000955015180807095,0.0008499177492922172,9.37477763755146e-06,0.0007200118125183508
5850,0.0008890168610378169,0.0009579489778843708,0.0008604548747825902,9.373339121517748e-06,0.0007200118125183508
5851,0.000941088903346099,0.0008724250437808223,0.0009764924980117939,9.37189907635109e-06,0.0007200118125183508
5852,0.0010911518838838674,0.0008532485808245838,0.0008733466456760652,9.37045750262e-06,0.0007200118125183508
5853,0.001104998926166445,0.0010368537768954411,0.00100975415261928,9.369014400893582e-06,0.0007200118125183508
5854,0.0009860171703621745,0.0008691276379977353,0.0008993090013973415,9.367569771741552e-06,0.0007200118125183508
5855,0.0009066873099072836,0.0010621148321661167,0.001014539840980433,9.366123615734227e-06,0.0007200118125183508
5856,0.0011390969084459357,0.0008879765882738866,0.0007196278238552622,9.364675933442526e-06,0.0007200118125183508
5857,0.0010590768360998482,0.0009913605390465818,0.0009316094146925025,9.363226725437971e-06,0.0007200118125183508
5858,0.0010807975559146143,0.0007964609758346342,0.0009278315410483629,9.361775992292686e-06,0.0007200118125183508
5859,0.0011803421584772877,0.000973229412920773,0.0009276594500988722,9.360323734579398e-06,0.0007200118125183508
5860,0.0011200561639270745,0.0009177022366202436,0.0008928433308028616,9.358869952871437e-06,0.0007200118125183508
5861,0.0010121920277015306,0.0009918229407048784,0.0008011457757675089,9.35741464774273e-06,0.0007200118125183508
5862,0.0010861420014407486,0.0008879194938344881,0.0008235080531449057,9.35595781976781e-06,0.0007200118125183508
5863,0.0009400456910952926,0.0009009815767058171,0.0008718762110220268,9.354499469521807e-06,0.0007200118125183508
5864,0.0009274098338210024,0.0009977654699468985,0.000806320684205275,9.353039597580459e-06,0.0007200118125183508
5865,0.001150531868916005,0.0008986247339635156,0.000810677775007207,9.3515782045201e-06,0.0007200118125183508
5866,0.0011867480061482638,0.0007754506877972744,0.0007777251848892774,9.35011529091766e-06,0.0007200118125183508
5867,0.0010386144422227517,0.0008489244355587289,0.0010029305121861398,9.348650857350678e-06,0.0007200118125183508
5868,0.001030189923767466,0.0010434594296384603,0.0008237398069468327,9.34718490439729e-06,0.0007200118125183508
5869,0.0009271287854062393,0.0010209818065050058,0.0008284361319965683,9.34571743263623e-06,0.0007200118125183508
5870,0.000984862526820507,0.0008101610656012781,0.0009212306758854538,9.344248442646829e-06,0.0007200118125183508
5871,0.0009454257597099058,0.0009630171989556402,0.0008558369954698719,9.342777935009025e-06,0.0007200118125183508
5872,0.0013077686890028417,0.0009750751851242967,0.0006669158028671518,9.34130591030335e-06,0.0007200118125183508
5873,0.0009695879562059417,0.0009034824834088795,0.000910189570276998,9.339832369110938e-06,0.0007200118125183508
5874,0.0012460779180401005,0.0012053574682795443,0.0007821392573532648,9.338357312013515e-06,0.0007200118125183508
5875,0.0007746109768049791,0.0009560310645611025,0.0007675520973862149,9.336880739593415e-06,0.0007200118125183508
5876,0.0008752370194997638,0.0007204713001556229,0.0009978343223338015,9.335402652433564e-06,0.0007200118125183508
5877,0.00105817449366441,0.0008885255519999191,0.0008697706216480583,9.333923051117486e-06,0.0007200118125183508
5878,0.0009669797946116887,0.0008475140712107532,0.0010045067028841004,9.332441936229306e-06,0.0007200118125183508
5879,0.0008574637759011239,0.0009312858601333573,0.0009893108945107087,9.330959308353742e-06,0.0007200118125183508
5880,0.0010342542518628761,0.0009625664533814415,0.0008073270037129987,9.329475168076115e-06,0.0007200118125183508
5881,0.001189841226732824,0.0009489269505138509,0.0007485226451535709,9.327989515982338e-06,0.0007200118125183508
5882,0.0010454034563736059,0.0009426269862160552,0.0008662244799779728,9.326502352658923e-06,0.0007200118125183508
5883,0.0011090971893281676,0.0009969408201868646,0.0008105340166366659,9.325013678692981e-06,0.0007200118125183508
5884,0.0010802520919241942,0.001083963732526172,0.0008476013608742505,9.323523494672214e-06,0.0007200118125183508
5885,0.0009664115859777667,0.000930629794311244,0.0008338474362972192,9.322031801184925e-06,0.0007200118125183508
5886,0.0009162560672848485,0.0009454164173803292,0.0007208392344182357,9.32053859882001e-06,0.0007200118125183508
5887,0.0010689766641007736,0.0010281412833137438,0.0008256467408500612,9.319043888166962e-06,0.0007200118125183508
5888,0.0010686297828215174,0.0008968980982899666,0.0008761306380620226,9.317547669815869e-06,0.0007200118125183508
5889,0.0010979135768138804,0.000909388363652397,0.0008928947427193634,9.316049944357413e-06,0.0007200118125183508
5890,0.001051880833983887,0.000977544295892585,0.000885488188941963,9.314550712382875e-06,0.0007200118125183508
5891,0.0008070639596553519,0.0008593805832788348,0.0008957164172898047,9.313049974484126e-06,0.0007200118125183508
5892,0.0010179359669564292,0.0010203195561189204,0.000798454144387506,9.311547731253634e-06,0.0007200118125183508
5893,0.001011336818919517,0.000727105732948985,0.0009343093188363127,9.310043983284461e-06,0.0007200118125183508
5894,0.0009580139667377807,0.0010263429649057798,0.0009339284151792526,9.308538731170265e-06,0.0007200118125183508
5895,0.0008613363461336121,0.0009167072275886312,0.0008265191645477898,9.307031975505291e-06,0.0007200118125183508
5896,0.000915313205041457,0.000943371320317965,0.0008186441918951459,9.305523716884386e-06,0.0007200118125183508
5897,0.0009283013787353411,0.0008380227445741184,0.000777792083681561,9.304013955902983e-06,0.0007200118125183508
5898,0.0011682406402542256,0.0009063026082003489,0.0008764666927163489,9.302502693157117e-06,0.0007200118125183508
5899,0.0011239874147577211,0.0009768475501914509,0.0009184724476654083,9.300989929243407e-06,0.0007200118125183508
5900,0.000916683093237225,0.0010229104664176702,0.0008213086184696294,9.299475664759068e-06,0.0007200118125183508
5901,0.0010003886054619215,0.0010544967590249144,0.0010016486266977154,9.29795990030191e-06,0.0007200118125183508
5902,0.0009096798530663364,0.0008237983493017964,0.0007323778663703706,9.29644263647033e-06,0.0007200118125183508
5903,0.0009929453881341033,0.0008751531458983663,0.0007046735627227463,9.294923873863323e-06,0.0007200118125183508
5904,0.0010232958593405783,0.0009656812835601158,0.0008822212475934066,9.29340361308047e-06,0.0007200118125183508
5905,0.0009550815811962821,0.0008286701486213133,0.0008085422887234017,9.291881854721946e-06,0.0007200118125183508
5906,0.0010772632085718215,0.0007760327498544939,0.0008685237480676733,9.290358599388517e-06,0.0007200118125183508
5907,0.0010378368169767782,0.0007205168294603936,0.0008147742519213352,9.288833847681541e-06,0.0007200118125183508
5908,0.0010362926550442353,0.0010808120932779275,0.0009162711285171099,9.287307600202967e-06,0.0007200118125183508
5909,0.0011906058207387105,0.0008937712191254832,0.0009991403712774627,9.28577985755533e-06,0.0007200118125183508
5910,0.0011269213355262764,0.0008749627886572853,0.0009231878866557963,9.284250620341762e-06,0.0007200118125183508
5911,0.0010817931324709207,0.0010846266886801459,0.001216833887156099,9.28271988916598e-06,0.0007200118125183508
5912,0.0011318142569507472,0.0009533465490676463,0.0008451712637906894,9.281187664632291e-06,0.0007200118125183508
5913,0.0013298080157255754,0.0008651464013382792,0.0007838854871806689,9.279653947345594e-06,0.0007200118125183508
5914,0.0009269815418520011,0.0011090512489317916,0.001131129843997769,9.278118737911378e-06,0.0007200118125183508
5915,0.0009127092562266625,0.0010496148388483562,0.0009855854077613913,9.276582036935718e-06,0.0007200118125183508
5916,0.0009437744811293669,0.0010695379678509198,0.0008270894686575048,9.27504384502528e-06,0.0007200118125183508
5917,0.0010357921637478285,0.0009276163327740505,0.000738862065190915,9.273504162787316e-06,0.0007200118125183508
5918,0.0011872988907271065,0.001067442397470586,0.0007149510711315088,9.27196299082967e-06,0.0007200118125183508
5919,0.0009994660940719768,0.0010071201031678356,0.0008331428907695226,9.270420329760772e-06,0.0007200118125183508
5920,0.0008576842155889608,0.0008550412676413544,0.0008113251315080561,9.268876180189639e-06,0.0007200118125183508
5921,0.0009780819527804852,0.0008726524392841384,0.0008997356198960915,9.267330542725877e-06,0.0007200118125183508
5922,0.0008603489477536641,0.0007903752775746398,0.0009762078407220542,9.26578341797968e-06,0.0007200118125183508
5923,0.0009177921601803973,0.0008823194293654524,0.0007922277436591685,9.26423480656183e-06,0.0007200118125183508
5924,0.000891973715624772,0.0009476831473875791,0.0008814972316031344,9.262684709083689e-06,0.0007200118125183508
5925,0.0009704798576422036,0.0008831127488519996,0.001020767551381141,9.261133126157218e-06,0.0007200118125183508
5926,0.0010085077010444365,0.000907200803339947,0.0007201284533948638,9.259580058394952e-06,0.0007200118125183508
5927,0.0010765615952550434,0.0008184627877199091,0.0008327410323545337,9.258025506410018e-06,0.0007200118125183508
5928,0.0009140655674855225,0.0008102413266897202,0.0008576772743253969,9.25646947081613e-06,0.0007200118125183508
5929,0.0008130963979056105,0.0009557415905874223,0.0008556149186915718,9.254911952227587e-06,0.0007200118125183508
5930,0.0012481164594646543,0.0009422052098670974,0.000881913561897818,9.253352951259271e-06,0.0007200118125183508
5931,0.0011916379007743672,0.0009008877750602551,0.0007839212994440459,9.251792468526652e-06,0.0007200118125183508
5932,0.0012527397193480283,0.0009529349699732848,0.0008933036297094077,9.250230504645783e-06,0.0007200118125183508
5933,0.001014382934954483,0.0010743364837253466,0.000756710083805956,9.248667060233302e-06,0.0007200118125183508
5934,0.001090132696845103,0.0011594669849728234,0.0009142993512796238,9.247102135906435e-06,0.0007200118125183508
5935,0.0008878997396095656,0.000905862936633639,0.0007564863917650655,9.245535732282987e-06,0.0007200118125183508
5936,0.0010620575267239474,0.0010939410130959004,0.0008014899576664902,9.243967849981348e-06,0.0007200118125183508
5937,0.001013038207020145,0.0009445428804610856,0.0008889129676390439,9.242398489620496e-06,0.0007200118125183508
5938,0.0009068127110367641,0.0010273723528371193,0.0008452925358142238,9.240827651819988e-06,0.0007200118125183508
5939,0.0008840404552756809,0.0009450297438888811,0.0010106060799444094,9.239255337199967e-06,0.0007200118125183508
5940,0.0010349186777602881,0.0010424059073557146,0.0008917200320865959,9.237681546381158e-06,0.0007200118125183508
5941,0.0010119375656358898,0.0008257047084043734,0.0009588747852831148,9.236106279984866e-06,0.0007200118125183508
5942,0.0009784380090422928,0.0008345487440237775,0.0008777885377639905,9.234529538632985e-06,0.0007200118125183508
5943,0.0009218847480951808,0.0010510141364648007,0.0007614470814587548,9.232951322947985e-06,0.0007200118125183508
5944,0.001085646108549554,0.0009049134459928609,0.0008590440629632212,9.23137163355292e-06,0.0007200118125183508
5945,0.0011189408905920573,0.0009166128875222057,0.0007145319032133557,9.22979047107143e-06,0.0007200118125183508
5946,0.0009690696097095497,0.0008957430618465878,0.0010455423325765878,9.228207836127728e-06,0.0007200118125183508
5947,0.000873736607900355,0.0009389782644575462,0.0008675725985085592,9.226623729346618e-06,0.0007200118125183508
5948,0.001121871217037551,0.0009224140812875703,0.0008724555955268443,9.225038151353476e-06,0.0007200118125183508
5949,0.000968550935795065,0.0008796057736617513,0.0007619432435603812,9.223451102774267e-06,0.0007200118125183508
5950,0.0009943861077772453,0.0010465169762028381,0.0008315951272379607,9.221862584235529e-06,0.0007200118125183508
5951,0.0008986246612039395,0.0009745705319801345,0.0009242126106983051,9.220272596364386e-06,0.0007200118125183508
5952,0.0010518378694541752,0.0010283798546879552,0.0008395953918807209,9.218681139788541e-06,0.0007200118125183508
5953,0.0009831140996539034,0.0011412415115046315,0.0006948493319214322,9.217088215136273e-06,0.0007200118125183508
5954,0.000797328473709058,0.0009784981812117621,0.0007835625074221753,9.215493823036446e-06,0.0007200118125183508
5955,0.0009935410707839765,0.000917954217584338,0.0008529301776434295,9.2138979641185e-06,0.0007200118125183508
5956,0.0009573098359396681,0.0010668074173736386,0.001149004812759813,9.212300639012453e-06,0.0007200118125183508
5957,0.0010154730698559433,0.000753112522943411,0.0011347440158715472,9.210701848348905e-06,0.0007200118125183508
5958,0.0011220817104913294,0.0008611817756900564,0.0008121625724015757,9.209101592759036e-06,0.0007200118125183508
5959,0.0009450106372241862,0.0010010208643507212,0.0008720078621990979,9.207499872874596e-06,0.0007200118125183508
5960,0.0010193849302595481,0.0009125024662353098,0.0007080979630700313,9.205896689327923e-06,0.0007200118125183508
5961,0.0009511944736004807,0.0010223929130006582,0.0006686118431389332,9.204292042751929e-06,0.0007200118125183508
5962,0.0010974653487210162,0.0009731727041071281,0.0008766058017499745,9.2026859337801e-06,0.0007200118125183508
5963,0.000823289665277116,0.0008282129638246261,0.0008801302246865816,9.201078363046502e-06,0.0007200118125183508
5964,0.0008998712364700623,0.0009625927996239625,0.0007903714795247652,9.199469331185782e-06,0.0007200118125183508
5965,0.0012744205523631535,0.0008168779968400486,0.0007712542501394637,9.197858838833157e-06,0.0007200118125183508
5966,0.0009222169537679292,0.0009618357144063339,0.000977837473328691,9.196246886624425e-06,0.0007200118125183508
5967,0.0008479084572172724,0.0008592463418608531,0.0008344564921571873,9.194633475195962e-06,0.0007200118125183508
5968,0.0012006499382550828,0.0009813546857913025,0.0008000165944395121,9.193018605184711e-06,0.0007200118125183508
5969,0.0011024005289073102,0.0008998947741929442,0.0007472704164683819,9.191402277228204e-06,0.0007200118125183508
5970,0.0009799198160180822,0.0009431167345610447,0.0008571778525947593,9.189784491964536e-06,0.0007200118125183508
5971,0.0007797142679919489,0.0010023439026554115,0.0009648021077737212,9.188165250032387e-06,0.0007200118125183508
5972,0.0010949808420264162,0.00083232278120704,0.0008883260888978839,9.186544552071006e-06,0.0007200118125183508
5973,0.0007931522050057538,0.0008173800270014908,0.000955802923272131,9.184922398720219e-06,0.0007200118125183508
5974,0.000972499132330995,0.0008534840890206397,0.0009094994748011231,9.183298790620428e-06,0.0007200118125183508
5975,0.0010346710405428894,0.0009149822799372487,0.0009335483337054029,9.181673728412607e-06,0.0007200118125183508
5976,0.0007078081907820888,0.0009670952567830682,0.0008761497374507599,9.180047212738303e-06,0.0007200118125183508
5977,0.001131470431573689,0.0008758350959396921,0.0007788415168761276,9.17841924423964e-06,0.0007200118125183508
5978,0.0010440936894156039,0.0008288479293696582,0.0007162105248426087,9.176789823559316e-06,0.0007200118125183508
5979,0.0010072704899357632,0.0009440536596230231,0.0007546001943410374,9.175158951340598e-06,0.0007200118125183508
5980,0.0011450398378656246,0.0008149425193550996,0.0007765148548060097,9.17352662822733e-06,0.0007200118125183508
5981,0.001173350159660913,0.000892430187377613,0.0008206000056816265,9.171892854863925e-06,0.0007200118125183508
5982,0.0009325243954663165,0.0010882800997933373,0.000722294207662344,9.170257631895373e-06,0.0007200118125183508
5983,0.0008964434309746139,0.0009205459573422559,0.0007936998808872886,9.168620959967234e-06,0.0007200118125183508
5984,0.0008514782020938583,0.0008688759407959878,0.0010611426332616247,9.16698283972564e-06,0.0007200118125183508
5985,0.0008747431347728707,0.000867388051119633,0.0008927887683967128,9.165343271817294e-06,0.0007200118125183508
5986,0.0009058482828550041,0.000892420815944206,0.0008845456541166641,9.16370225688947e-06,0.0007200118125183508
5987,0.0008726222076802514,0.001013604225590825,0.0008548215191694908,9.16205979559002e-06,0.0007200118125183508
5988,0.0012378600949887186,0.001012991946481634,0.0009270344744436443,9.160415888567358e-06,0.0007200118125183508
5989,0.0009559977916069329,0.0010211243570665829,0.0010614118800731376,9.158770536470473e-06,0.0007200118125183508
5990,0.0010462683567311615,0.0009225921821780503,0.0008516004818375222,9.157123739948923e-06,0.0007200118125183508
5991,0.0008024061098694801,0.0007755904880468734,0.0008985701351775788,9.155475499652839e-06,0.0007200118125183508
5992,0.0012092571996618062,0.0011210148950340226,0.0008213953697122633,9.15382581623292e-06,0.0007200118125183508
5993,0.0009316356081399135,0.0008056268488871865,0.0007704127820034046,9.152174690340432e-06,0.0007200118125183508
5994,0.001217260847624857,0.0009791754418984056,0.000665499104798073,9.150522122627218e-06,0.0007200118125183508
5995,0.0009192861107294448,0.0010457280368427746,0.0008630264710518532,9.148868113745682e-06,0.0007200118125183508
5996,0.0011729925099643879,0.0009676818735897541,0.0008829224389046431,9.147212664348802e-06,0.0007200118125183508
5997,0.0008948315808083862,0.0007555025658803061,0.0008411737799178809,9.14555577509012e-06,0.0007200118125183508
5998,0.0010072608783957548,0.0009068319704965688,0.0006391721253748983,9.143897446623757e-06,0.0007200118125183508
5999,0.001051715706125833,0.0008827704441500828,0.0009104065902647562,9.142237679604388e-06,0.0007200118125183508
6000,0.0008886204595910385,0.0009156150190392509,0.0007474590238416567,9.140576474687265e-06,0.0007200118125183508
6001,0.0009133762141573243,0.0009123920317506418,0.0009068233048310503,9.138913832528205e-06,0.0007200118125183508
6002,0.001003425415547099,0.0007790645504428539,0.0008598434724262916,9.137249753783593e-06,0.0007200118125183508
6003,0.00100030837347731,0.0010098760176333599,0.0008106463865260594,9.135584239110381e-06,0.0007200118125183508
6004,0.0008425859341514297,0.0009201199500239454,0.0008163258826243691,9.13391728916609e-06,0.0007200118125183508
6005,0.0010207977902609855,0.0009541715044179,0.0008322621433762833,9.132248904608802e-06,0.0007200118125183508
6006,0.0011605315739871003,0.0008063027235039044,0.000977246425463818,9.130579086097172e-06,0.0007200118125183508
6007,0.0009652552034822293,0.0009652471635490656,0.001080088630260434,9.128907834290413e-06,0.0007200118125183508
6008,0.0009663822274887934,0.0009602080099284649,0.0010066617032862268,9.127235149848313e-06,0.0007200118125183508
6009,0.0010799787487485446,0.0010247924146824516,0.0008926055961637758,9.125561033431221e-06,0.0007200118125183508
6010,0.000894553006219212,0.0011452918988652527,0.001060437825799454,9.123885485700049e-06,0.0007200118125183508
6011,0.0009217505576089025,0.0009408298501512036,0.001057065172062721,9.122208507316281e-06,0.0007200118125183508
6012,0.0008587925549363717,0.0009068214385479223,0.0008877067084540613,9.120530098941956e-06,0.0007200118125183508
6013,0.0009370612460770644,0.0010830725150299259,0.0010744008905021474,9.118850261239689e-06,0.0007200118125183508
6014,0.0012290575250517577,0.0008444317863904871,0.0007487829643650912,9.117168994872649e-06,0.0007200118125183508
6015,0.0011058324525947683,0.0008273347339127213,0.0006993795905145817,9.115486300504575e-06,0.0007200118125183508
6016,0.000981437086011283,0.0010975446130032651,0.001198008692881558,9.113802178799768e-06,0.0007200118125183508
6017,0.0008134731033351272,0.0009070231681107543,0.0008687080044182949,9.112116630423091e-06,0.0007200118125183508
6018,0.0011620960576692596,0.0007802230175002478,0.0007730482611805201,9.110429656039977e-06,0.0007200118125183508
6019,0.0010232481072307564,0.0009096301619138103,0.0008360239662579261,9.108741256316409e-06,0.0007200118125183508
6020,0.000987856081337668,0.0010221912525594234,0.0007630225845787209,9.107051431918946e-06,0.0007200118125183508
6021,0.0010034145234385505,0.0008280585170723498,0.000934941359446384,9.105360183514702e-06,0.0007200118125183508
6022,0.0008925818401621655,0.0008284170035040006,0.0007707519907853566,9.103667511771354e-06,0.0007200118125183508
6023,0.0008230480561906006,0.0008978152327472344,0.000856920873047784,9.101973417357146e-06,0.0007200118125183508
6024,0.0011029428642359562,0.0010035619998234324,0.0008536977475159802,9.100277900940876e-06,0.0007200118125183508
6025,0.0008603991300333291,0.0008404145046370104,0.0009410635102540255,9.098580963191908e-06,0.0007200118125183508
6026,0.0008702854465809651,0.0009880825964501128,0.0007859984689275734,9.096882604780167e-06,0.0007200118125183508
6027,0.000992679881164804,0.0008525585726602003,0.0008103914151433855,9.095182826376136e-06,0.0007200118125183508
6028,0.001061132068571169,0.0009639245108701289,0.0007930619904072955,9.093481628650864e-06,0.0007200118125183508
6029,0.0008311346246046014,0.0010352856406825595,0.0007608988235006109,9.091779012275951e-06,0.0007200118125183508
6030,0.0009988973033614457,0.0009363661665702239,0.0008418991274083965,9.09007497792357e-06,0.0007200118125183508
6031,0.0007894332229625434,0.0010159767771256156,0.0009025851177284494,9.088369526266443e-06,0.0007200118125183508
6032,0.0009735537096275948,0.0008364002642338164,0.0007825131287972908,9.086662657977855e-06,0.0007200118125183508
6033,0.0008783424855209887,0.0007717189364484511,0.0006543644049088471,9.084954373731652e-06,0.0007200118125183508
6034,0.0009728236036607996,0.0010066805843962356,0.0008580974099459127,9.083244674202237e-06,0.0007200118125183508
6035,0.000956856987613719,0.0008034824350033887,0.0008450831810478121,9.081533560064573e-06,0.0007200118125183508
6036,0.001041015399096068,0.0008579635104979388,0.0008734576440474484,9.079821031994177e-06,0.0007200118125183508
6037,0.0009256754419766366,0.0010663796347216703,0.000781087001087144,9.078107090667135e-06,0.0007200118125183508
6038,0.0009485133559792303,0.0009756942599778995,0.0008016135325306095,9.076391736760076e-06,0.0007200118125183508
6039,0.000948469307331834,0.0008056622391450219,0.0008766858736635186,9.074674970950202e-06,0.0007200118125183508
6040,0.0010724486128310673,0.000753378109948244,0.000886880348843988,9.07295679391526e-06,0.0007200118125183508
6041,0.0009348100720671937,0.0008479238385916688,0.0009377201495226473,9.07123720633356e-06,0.0007200118125183508
6042,0.0009481366651016288,0.0009882688900688663,0.0007653869906789623,9.069516208883968e-06,0.0007200118125183508
6043,0.0008421350139542483,0.0009104731034312863,0.0007998207074706443,9.06779380224591e-06,0.0007200118125183508
6044,0.0010442786297062412,0.0007270072746905498,0.0007606798426422756,9.066069987099359e-06,0.0007200118125183508
6045,0.0008115579330478795,0.000873353194037918,0.0008283089628093876,9.064344764124853e-06,0.0007200118125183508
6046,0.001095613137295004,0.0008403035681112669,0.0007684908705414273,9.062618134003482e-06,0.0007200118125183508
6047,0.0007819956808816642,0.0008092095740721561,0.000761134986532852,9.060890097416894e-06,0.0007200118125183508
6048,0.0009874392853816971,0.000988190709904302,0.0007856527699914295,9.059160655047289e-06,0.0007200118125183508
6049,0.0009058450668817386,0.0009959694143617526,0.000969485568930395,9.057429807577422e-06,0.0007200118125183508
6050,0.0009470402073930018,0.0008232025866163895,0.0009017687116283923,9.055697555690607e-06,0.0007200118125183508
6051,0.0009240627477993257,0.0007961354713188484,0.0008069950126809999,9.053963900070709e-06,0.0007200118125183508
6052,0.0010659192557795905,0.0008061233384069055,0.0008763894147705287,9.052228841402148e-06,0.0007200118125183508
6053,0.000925295265915338,0.0008797192276688293,0.0009721755122882314,9.050492380369895e-06,0.0007200118125183508
6054,0.0009267843415727839,0.0009726355128805153,0.0008705825421202462,9.04875451765948e-06,0.0007200118125183508
6055,0.0008522998105036095,0.0007920746647869237,0.0007368979131570086,9.04701525395698e-06,0.0007200118125183508
6056,0.0007710583158768713,0.001032934473187197,0.000945625826716423,9.045274589949036e-06,0.0007200118125183508
6057,0.0009211486249114387,0.0007971666345838457,0.0007482167347916402,9.043532526322827e-06,0.0007200118125183508
6058,0.0010993177056661807,0.0009427305558347143,0.0007453866601281334,9.041789063766097e-06,0.0007200118125183508
6059,0.0009460279907216318,0.0009810473347897641,0.0008693602940184064,9.040044202967134e-06,0.0007200118125183508
6060,0.0011379598654457368,0.0009083382319658995,0.0007831584007362835,9.038297944614785e-06,0.0007200118125183508
6061,0.0009275086267734878,0.0009413416992174461,0.0008011846803128719,9.036550289398443e-06,0.0007200118125183508
6062,0.0008938717874116264,0.0012235244576004334,0.0008187264684238471,9.034801238008055e-06,0.0007200118125183508
6063,0.0010977387501043268,0.000717948903911747,0.0007412361301248893,9.033050791134119e-06,0.0007200118125183508
6064,0.0009662705415394157,0.0009356714581372216,0.0007907263861852698,9.031298949467683e-06,0.000717948903911747
6065,0.0009223590095643885,0.0010388734372099862,0.0008192336244974285,9.029545713700346e-06,0.000717948903911747
6066,0.0008030763929127716,0.0009416324537596665,0.0008112654031720012,9.02779108452426e-06,0.000717948903911747
6067,0.0008503066710545681,0.0010114982578670606,0.0007766089693177491,9.02603506263212e-06,0.000717948903911747
6068,0.0009032485031639226,0.0008229819068219513,0.0008920810942072421,9.024277648717182e-06,0.000717948903911747
6069,0.0010013631545007229,0.0008695759534020908,0.0008185107071767561,9.022518843473242e-06,0.000717948903911747
6070,0.0008844049298204482,0.0008847452845657244,0.0008477322335238568,9.020758647594647e-06,0.000717948903911747
6071,0.0009825906963669695,0.0007643741264473647,0.0009092413092730567,9.018997061776296e-06,0.000717948903911747
6072,0.0009449361896258779,0.0008589308126829565,0.0007598590891575441,9.017234086713636e-06,0.000717948903911747
6073,0.0008839446818456054,0.0008497348826494999,0.0009622775542084128,9.015469723102661e-06,0.000717948903911747
6074,0.0013729506972595118,0.0007083354903443251,0.0006209671191754751,9.013703971639915e-06,0.000717948903911747
6075,0.0010331041194149293,0.0009497518658463378,0.0008015499915927649,9.011936833022485e-06,0.0007083354903443251
6076,0.0010403414053143933,0.0009327703373855911,0.0008630591728433501,9.010168307948013e-06,0.0007083354903443251
6077,0.000973248461377807,0.0009760482134879567,0.0007413069251924753,9.008398397114682e-06,0.0007083354903443251
6078,0.0011383708624634892,0.0009176212988677435,0.0007807333677192219,9.006627101221227e-06,0.0007083354903443251
6079,0.0008508242535754107,0.0009235936086042784,0.0009075732159544714,9.004854420966926e-06,0.0007083354903443251
6080,0.0009863538944046013,0.0009557797238812782,0.0009231813892256469,9.003080357051606e-06,0.0007083354903443251
6081,0.0010651725533534773,0.0008786085818428546,0.0010671463678590953,9.001304910175639e-06,0.0007083354903443251
6082,0.0009845206150203012,0.000827483872853918,0.0008087332171271555,8.999528081039944e-06,0.0007083354903443251
6083,0.001030014973366633,0.0010016136366175488,0.0007430857003782876,8.997749870345985e-06,0.0007083354903443251
6084,0.0008281544214696623,0.0009195013117277995,0.0007371876708930358,8.99597027879577e-06,0.0007083354903443251
6085,0.0010392518670414574,0.0007515909128414933,0.000679548698826693,8.994189307091854e-06,0.0007083354903443251
6086,0.0010154801057069562,0.0010342581808799878,0.0009737859509186819,8.992406955937337e-06,0.0007083354903443251
6087,0.0010303574963472784,0.0008539420305169187,0.0008128634945023805,8.990623226035863e-06,0.0007083354903443251
6088,0.0009554440766805783,0.0009455341350985691,0.0008493818531860597,8.988838118091623e-06,0.0007083354903443251
6089,0.0008934497236623429,0.0008695683136465959,0.0009134924475802109,8.987051632809343e-06,0.0007083354903443251
6090,0.001088924524083268,0.001030490137054585,0.000863783476233948,8.985263770894303e-06,0.0007083354903443251
6091,0.0011177245978615247,0.0009214844030793756,0.0006957053665246349,8.983474533052323e-06,0.0007083354903443251
6092,0.0010989810034516267,0.0010766772684291936,0.0007514929711760487,8.981683919989764e-06,0.0007083354903443251
6093,0.0009799675535759889,0.0011234300400246866,0.0008614029065938666,8.979891932413533e-06,0.0007083354903443251
6094,0.0011479182503535412,0.0008745461018406786,0.0006772748311050236,8.978098571031079e-06,0.0007083354903443251
6095,0.0011053012131014839,0.0008602889647590928,0.0008379622522625141,8.97630383655039e-06,0.0007083354903443251
6096,0.0010223091740044765,0.0007510254508815706,0.0009054894035216421,8.974507729680003e-06,0.0007083354903443251
6097,0.0010240549381705932,0.0007706927717663348,0.0009574803625582717,8.972710251128988e-06,0.0007083354903443251
6098,0.0009297704054915812,0.0009156263113254681,0.0008642942775622942,8.970911401606963e-06,0.0007083354903443251
6099,0.0011625062106759287,0.0010855789078050293,0.0009722709728521295,8.969111181824084e-06,0.0007083354903443251
6100,0.0009740922905621119,0.0008966616078396328,0.0006946866560610943,8.967309592491052e-06,0.0007083354903443251
6101,0.0010075623722514138,0.001052958621585276,0.0008706778899068013,8.965506634319104e-06,0.0007083354903443251
6102,0.0009573378338245675,0.0009680254370323382,0.0007725844989181496,8.963702308020022e-06,0.0007083354903443251
6103,0.0010065192836918868,0.0008997853874461725,0.0008603571695857681,8.96189661430612e-06,0.0007083354903443251
6104,0.001057695277268067,0.0009005815372802317,0.0008294425570056774,8.960089553890263e-06,0.0007083354903443251
6105,0.0009004191306303255,0.0007815000062691979,0.0009544848944642581,8.958281127485846e-06,0.0007083354903443251
6106,0.0010102588494191878,0.0009339166135760024,0.000787476463301573,8.956471335806809e-06,0.0007083354903443251
6107,0.0012537785441963933,0.00103984495945042,0.0007445985356753226,8.954660179567629e-06,0.0007083354903443251
6108,0.0008487549275741912,0.0008045903305173852,0.0009667731646914035,8.952847659483319e-06,0.0007083354903443251
6109,0.0010587563301669434,0.0009003815066535026,0.0007941248659335542,8.951033776269438e-06,0.0007083354903443251
6110,0.0009071776512428187,0.0009357300950796343,0.0008284490904770792,8.949218530642075e-06,0.0007083354903443251
6111,0.0008951001291279681,0.0008962155334302224,0.0008699340323801152,8.947401923317862e-06,0.0007083354903443251
6112,0.0007706676915404387,0.0008612007222836837,0.0008522120842826553,8.945583955013966e-06,0.0007083354903443251
6113,0.0011899100645678118,0.0008500161275151186,0.0007802694090059958,8.94376462644809e-06,0.0007083354903443251
6114,0.0007487288894481026,0.0008954630102380179,0.0009061497621587478,8.94194393833848e-06,0.0007083354903443251
6115,0.0011114318112959154,0.0010953034070553258,0.0008182238161680289,8.940121891403913e-06,0.0007083354903443251
6116,0.001076222411938943,0.0008222784090321511,0.0008548491314286366,8.938298486363704e-06,0.0007083354903443251
6117,0.0009407121033291332,0.0009662540687713772,0.001002506964141503,8.936473723937706e-06,0.0007083354903443251
6118,0.0009975311695598066,0.0009739365814311896,0.0008130708520184271,8.934647604846303e-06,0.0007083354903443251
6119,0.000853651603392791,0.0007624388381373137,0.0007063100565574132,8.93282012981042e-06,0.0007083354903443251
6120,0.0009508045986876823,0.0008233698972617276,0.000803495197033044,8.930991299551516e-06,0.0007083354903443251
6121,0.0008203317338484339,0.0007854227005736902,0.000780409562139539,8.929161114791583e-06,0.0007083354903443251
6122,0.0010235138470306993,0.0009355265210615471,0.0006861126239527948,8.92732957625315e-06,0.0007083354903443251
6123,0.0009388956532347947,0.000789775738667231,0.0007173377598519437,8.925496684659278e-06,0.0007083354903443251
6124,0.0010258170077577233,0.0007338257491937838,0.0007400948961731046,8.923662440733565e-06,0.0007083354903443251
6125,0.0009533497941447422,0.0010081891668960452,0.0008494969515595585,8.92182684520014e-06,0.0007083354903443251
6126,0.0009164355869870633,0.0010022621936514042,0.0007742766101728193,8.919989898783668e-06,0.0007083354903443251
6127,0.0007848374880268238,0.0008560017595300451,0.0008236895155278035,8.918151602209348e-06,0.0007083354903443251
6128,0.0008449305969406851,0.0008460028111585416,0.0009271019225707278,8.916311956202905e-06,0.0007083354903443251
6129,0.0008575120737077668,0.0008471618348266929,0.0008323060537804849,8.914470961490607e-06,0.0007083354903443251
6130,0.0008328314688696992,0.0009873301023617387,0.0006823796211392619,8.91262861879925e-06,0.0007083354903443251
6131,0.0010568626821623184,0.000961029996688012,0.0009037524650921114,8.910784928856158e-06,0.0007083354903443251
6132,0.0010009557954617776,0.0008756143724895082,0.000968032814853359,8.908939892389194e-06,0.0007083354903443251
6133,0.0010455129377078265,0.0008487152226734906,0.0007575919589726254,8.907093510126745e-06,0.0007083354903443251
6134,0.0010280586066073738,0.0009691499290056527,0.0008188995998352766,8.905245782797738e-06,0.0007083354903443251
6135,0.0009729855519253761,0.0009002062724903226,0.0009361984266433865,8.903396711131624e-06,0.0007083354903443251
6136,0.0011336568277329206,0.0008084332548605744,0.0008836905035423115,8.90154629585839e-06,0.0007083354903443251
6137,0.0009273914765799418,0.0008279056419269182,0.0008199952499126084,8.899694537708545e-06,0.0007083354903443251
6138,0.0009505223497399129,0.000823650807433296,0.0008294804647448473,8.897841437413139e-06,0.0007083354903443251
6139,0.001163521061243955,0.000917265635507647,0.0007307939886231907,8.895986995703746e-06,0.0007083354903443251
6140,0.000996615839540027,0.0008739671393414028,0.000655787400319241,8.894131213312468e-06,0.0007083354903443251
6141,0.0009914835827657953,0.0008931993579608388,0.0007426185693475418,8.89227409097194e-06,0.0007083354903443251
6142,0.0008950938245106954,0.000845197617309168,0.0007879377662902698,8.890415629415324e-06,0.0007083354903443251
6143,0.001101429937989451,0.0009806134621612728,0.0009310365494457074,8.888555829376312e-06,0.0007083354903443251
6144,0.001050327395205386,0.0007584047052660026,0.000828605167043861,8.886694691589121e-06,0.0007083354903443251
6145,0.0010159351077163592,0.0008712004782864824,0.0008062580564001109,8.884832216788502e-06,0.0007083354903443251
6146,0.000939604637096636,0.0008935985388234258,0.0008420782978646457,8.882968405709729e-06,0.0007083354903443251
6147,0.0009821011844906025,0.000843818394059781,0.0008866059797583148,8.881103259088605e-06,0.0007083354903443251
6148,0.0010426836015540175,0.0007694260566495359,0.000767857076425571,8.879236777661462e-06,0.0007083354903443251
6149,0.0012540599054773338,0.0007581863392260857,0.0007914653542684391,8.877368962165155e-06,0.0007083354903443251
6150,0.0008517270980519243,0.0010355462873121724,0.0009878930941340514,8.87549981333707e-06,0.0007083354903443251
6151,0.0011154086314490996,0.0009548662710585631,0.0007795164856361225,8.873629331915114e-06,0.0007083354903443251
6152,0.0009485335685894825,0.0009113775449804962,0.0008072036871453747,8.871757518637727e-06,0.0007083354903443251
6153,0.0009295632044086233,0.0008577832049923018,0.0009511285097687505,8.86988437424387e-06,0.0007083354903443251
6154,0.000952158763539046,0.0008769343185122125,0.0009174558945233002,8.86800989947303e-06,0.0007083354903443251
6155,0.0010593393526505679,0.0010826282305060886,0.0007571721544081811,8.866134095065221e-06,0.0007083354903443251
6156,0.0009327386214863509,0.0009361685588373803,0.0007189349562395364,8.864256961760982e-06,0.0007083354903443251
6157,0.0011066652368754148,0.0008638334111310542,0.0008402648018090986,8.862378500301372e-06,0.0007083354903443251
6158,0.0009251325463992544,0.0008505834775860421,0.0010430175170768052,8.860498711427982e-06,0.0007083354903443251
6159,0.0010488579791854136,0.001009970423183404,0.0008271831247839145,8.85861759588292e-06,0.0007083354903443251
6160,0.000981731660431251,0.0009801358974073082,0.0008625131085864268,8.856735154408821e-06,0.0007083354903443251
6161,0.0010452098649693653,0.0009268060603062622,0.0006850193603895605,8.854851387748842e-06,0.0007083354903443251
6162,0.000854545840411447,0.0009777510567801073,0.0008548748955945484,8.852966296646668e-06,0.0007083354903443251
6163,0.0009801160776987672,0.0008702906197868288,0.000758986992877908,8.8510798818465e-06,0.0007083354903443251
6164,0.0010715484677348286,0.0010198430318268947,0.000661428231978789,8.849192144093065e-06,0.0007083354903443251
6165,0.0009685348704806529,0.0008089780239970423,0.000699367439665366,8.847303084131613e-06,0.0007083354903443251
6166,0.0009600145058357157,0.0008463464910164475,0.000981786746706348,8.845412702707916e-06,0.0007083354903443251
6167,0.0008079000981524587,0.0008599853099440224,0.0007666704623261467,8.843521000568263e-06,0.0007083354903443251
6168,0.0008939864055719227,0.001050812155881431,0.0008299093751702458,8.841627978459471e-06,0.0007083354903443251
6169,0.0008198733048629947,0.0008303398353746161,0.0006294736194831785,8.839733637128874e-06,0.0007083354903443251
6170,0.0008747420943109319,0.0008997761724458542,0.0008809071950963698,8.837837977324328e-06,0.0007083354903443251
6171,0.0010319093053112738,0.000878751787240617,0.0008449132583336905,8.83594099979421e-06,0.0007083354903443251
6172,0.000996681505057495,0.0009639596755732782,0.0007981426679180004,8.834042705287415e-06,0.0007083354903443251
6173,0.0007914873749541584,0.0010411289549665526,0.0008990644491859712,8.832143094553364e-06,0.0007083354903443251
6174,0.0009148143653874286,0.0008119416233967058,0.0007326996783376671,8.830242168341988e-06,0.0007083354903443251
6175,0.0009555427095619962,0.0007404415009659715,0.0007921427313704044,8.828339927403745e-06,0.0007083354903443251
6176,0.0013861248880857602,0.0010961044827126898,0.0007517865014960989,8.826436372489609e-06,0.0007083354903443251
6177,0.0012267979836906306,0.000870067480718717,0.0007991411257535219,8.824531504351074e-06,0.0007083354903443251
6178,0.0010614749990054406,0.000854124766192399,0.0007952073647174984,8.822625323740152e-06,0.0007083354903443251
6179,0.0009235644902219065,0.0008856503627612256,0.0008486347869620658,8.820717831409374e-06,0.0007083354903443251
6180,0.0008573639061069116,0.000804863557277713,0.0007555999982287176,8.818809028111784e-06,0.0007083354903443251
6181,0.0007134280749596655,0.0008386325353058055,0.0007995708110684063,8.81689891460095e-06,0.0007083354903443251
6182,0.0010331581070204265,0.0008240034730988555,0.0008470258471788839,8.814987491630952e-06,0.0007083354903443251
6183,0.0009226138718076982,0.0008268106685136445,0.0009710311351227574,8.813074759956396e-06,0.0007083354903443251
6184,0.0010458770266268402,0.0011611973532126285,0.00087746018107282,8.81116072033239e-06,0.0007083354903443251
6185,0.0010452113201608881,0.000822099951619748,0.0008779754789429717,8.809245373514572e-06,0.0007083354903443251
6186,0.0009338890813523903,0.0008469770255032927,0.0007090130930009764,8.807328720259089e-06,0.0007083354903443251
6187,0.0008353766170330346,0.0011091477281297557,0.00086808783817105,8.805410761322604e-06,0.0007083354903443251
6188,0.0010824415294337086,0.0008580856374464929,0.0008309431941597722,8.8034914974623e-06,0.0007083354903443251
6189,0.0008414362091571093,0.0011653861292870715,0.00083199756409158,8.801570929435868e-06,0.0007083354903443251
6190,0.0009260639199055731,0.0008534243897884153,0.0007306404440896586,8.799649058001522e-06,0.0007083354903443251
6191,0.0007726740004727617,0.001006773418339435,0.0009445153555134311,8.797725883917982e-06,0.0007083354903443251
6192,0.0009795564837986603,0.0008302865535370074,0.0008657133766973857,8.79580140794449e-06,0.0007083354903443251
6193,0.001000163218122907,0.000887512433109805,0.0008111506613204256,8.793875630840797e-06,0.0007083354903443251
6194,0.0012091550161130726,0.0008567602199036628,0.000753669719415484,8.791948553367171e-06,0.0007083354903443251
6195,0.0010179896198678762,0.0008049058451433666,0.0010464575680089183,8.79002017628439e-06,0.0007083354903443251
6196,0.0010378232764196582,0.0010061007742478978,0.0008059709653025493,8.788090500353747e-06,0.0007083354903443251
6197,0.0011925133076147176,0.0007909945925348438,0.0008072270684351679,8.786159526337048e-06,0.0007083354903443251
6198,0.0008036075887503102,0.0009519692757748999,0.0008245343851740472,8.78422725499661e-06,0.0007083354903443251
6199,0.0009706845958135091,0.0010732632872532122,0.0007191026961663738,8.782293687095264e-06,0.0007083354903443251
6200,0.0009869866335066035,0.0008109019618132152,0.000817315565655008,8.780358823396352e-06,0.0007083354903443251
6201,0.001029620339977555,0.0008024084236240014,0.0007885033628554083,8.778422664663729e-06,0.0007083354903443251
6202,0.0007699961788603105,0.0010211546832579188,0.0008867863434716128,8.776485211661757e-06,0.0007083354903443251
6203,0.0008497486633132212,0.0008617870771558955,0.0007862302081775852,8.774546465155312e-06,0.0007083354903443251
6204,0.001053633364790585,0.0008724211438675411,0.0008488938183290884,8.772606425909782e-06,0.0007083354903443251
6205,0.0010134327239939012,0.0010248934413539246,0.0007994384141056798,8.770665094691063e-06,0.0007083354903443251
6206,0.0011897989752469584,0.0008041130931815132,0.000836229846754577,8.768722472265562e-06,0.0007083354903443251
6207,0.001189455906569492,0.00085947760817362,0.0007890413835411891,8.766778559400196e-06,0.0007083354903443251
6208,0.0008525434459443204,0.0010308004129910842,0.0007903556324890815,8.76483335686239e-06,0.0007083354903443251
6209,0.0011661865210044198,0.0009447044503758661,0.0007949704959173687,8.762886865420081e-06,0.0007083354903443251
6210,0.0008964207081589848,0.0009802157655940391,0.0008857350403559394,8.760939085841712e-06,0.0007083354903443251
6211,0.0008763060759520158,0.0009704434778541327,0.0010502755249035545,8.758990018896232e-06,0.0007083354903443251
6212,0.0008454332564724609,0.0010164701234316453,0.0007242685351229738,8.757039665353107e-06,0.0007083354903443251
6213,0.0011875248092110269,0.0010126205379492603,0.0008586659241700545,8.755088025982304e-06,0.0007083354903443251
6214,0.0010790386295411736,0.0010351930031902157,0.001095821316994261,8.753135101554299e-06,0.0007083354903443251
6215,0.0008136193355312571,0.0009187185060000047,0.0010145539563382044,8.751180892840074e-06,0.0007083354903443251
6216,0.0010320217043044977,0.0010275334789184853,0.000845985869091237,8.749225400611125e-06,0.0007083354903443251
6217,0.0011698619564413093,0.0009050537555594929,0.0008031771067180671,8.747268625639442e-06,0.0007083354903443251
6218,0.0011280565013294108,0.0009674627435742877,0.0007122123715816997,8.745310568697534e-06,0.0007083354903443251
6219,0.0009544012646074407,0.0008958799953688867,0.0009592571368557401,8.743351230558409e-06,0.0007083354903443251
6220,0.0010876171218114905,0.0008731390335015021,0.0008306889649247751,8.741390611995582e-06,0.0007083354903443251
6221,0.0008665155546623282,0.001061673043295741,0.0007976384658832103,8.739428713783075e-06,0.0007083354903443251
6222,0.0008995199314085767,0.0009507268987363204,0.0007757810526527464,8.737465536695417e-06,0.0007083354903443251
6223,0.0010026694726548158,0.0008981771825347096,0.0007900636264821514,8.735501081507633e-06,0.0007083354903443251
6224,0.0009769309253897518,0.0009769118041731417,0.0009487783827353269,8.733535348995266e-06,0.0007083354903443251
6225,0.000974854985543061,0.0008120757338474505,0.0008370657233172096,8.731568339934351e-06,0.0007083354903443251
6226,0.0010701433129725046,0.0010900158522417769,0.000968647793342825,8.729600055101433e-06,0.0007083354903443251
6227,0.0009059126459760591,0.001165174959169235,0.0006617820617975667,8.72763049527356e-06,0.0007083354903443251
6228,0.0008328883341164328,0.0007767248098389246,0.0009330663961009122,8.725659661228286e-06,0.0007083354903443251
6229,0.001024585304548964,0.0010676606616470963,0.0007138678811315913,8.72368755374366e-06,0.0007083354903443251
6230,0.0009606129751773551,0.000982083183771465,0.0007765599657432176,8.72171417359824e-06,0.0007083354903443251
6231,0.0008614206017227843,0.0009594519942766055,0.0008213182809413411,8.719739521571088e-06,0.0007083354903443251
6232,0.000816624604340177,0.000811937905382365,0.0007991268139448948,8.717763598441764e-06,0.0007083354903443251
6233,0.0007695852800679859,0.0009740206805872731,0.0009676651388872415,8.71578640499033e-06,0.0007083354903443251
6234,0.0010413171476102434,0.0009167695352516603,0.0006777054077247158,8.713807941997354e-06,0.0007083354903443251
6235,0.0009501146269030869,0.0010235540830763057,0.0007221419728011824,8.711828210243896e-06,0.0007083354903443251
6236,0.0010531946463743225,0.0008968226320575923,0.0008180183758668136,8.709847210511527e-06,0.0007083354903443251
6237,0.0009337449664599262,0.0009643745361245237,0.0008928172901505604,8.707864943582316e-06,0.0007083354903443251
6238,0.0007423544957418926,0.0009823303771554492,0.0010087024966196623,8.705881410238826e-06,0.0007083354903443251
6239,0.0011920907054445706,0.0009903712052619085,0.000856560578540666,8.703896611264126e-06,0.0007083354903443251
6240,0.0008399766957154498,0.001013979024719447,0.0007199906031019054,8.701910547441786e-06,0.0007083354903443251
6241,0.0008227477665059268,0.0009628971311030909,0.000876151978445705,8.699923219555867e-06,0.0007083354903443251
6242,0.0009336084403912537,0.0008791459767962806,0.0008757339091971517,8.69793462839094e-06,0.0007083354903443251
6243,0.0010216417649644427,0.0010400496357760858,0.0006592102799913846,8.695944774732068e-06,0.0007083354903443251
6244,0.0010547336205490865,0.0009450551442569122,0.000910720402316656,8.693953659364812e-06,0.0007083354903443251
6245,0.0008271795595646836,0.0011372697190381587,0.0006865490358904935,8.691961283075232e-06,0.0007083354903443251
6246,0.0011273203926975839,0.0009833510412136093,0.0007896157003415283,8.689967646649892e-06,0.0007083354903443251
6247,0.0009987780940718949,0.0008252689658547752,0.0009096546709770337,8.687972750875842e-06,0.0007083354903443251
6248,0.0008897204970708117,0.0007519625869463198,0.0008674712626088876,8.685976596540638e-06,0.0007083354903443251
6249,0.000936622811423149,0.0008094034928944893,0.0007989642399479635,8.683979184432332e-06,0.0007083354903443251
6250,0.0009575537042110227,0.0008021042303880677,0.0008967796238721348,8.681980515339464e-06,0.0007083354903443251
6251,0.0010282254734192975,0.0007985248885233887,0.0008080946136033162,8.679980590051085e-06,0.0007083354903443251
6252,0.000819313558167778,0.0009252845120499842,0.0008133781302603893,8.677979409356729e-06,0.0007083354903443251
6253,0.0009411548162461258,0.0007816482684575021,0.0008047599912970327,8.675976974046433e-06,0.0007083354903443251
6254,0.0010931670622085221,0.0007960691145854071,0.000766242912504822,8.673973284910723e-06,0.0007083354903443251
6255,0.0007810389288351871,0.0009047158673638478,0.0009538683661958203,8.671968342740627e-06,0.0007083354903443251
6256,0.0009134827305388171,0.0008727099120733328,0.0008741275960346684,8.669962148327664e-06,0.0007083354903443251
6257,0.0008679405800648965,0.0008528147955075838,0.0009004407547763549,8.667954702463847e-06,0.0007083354903443251
6258,0.000989022693829611,0.0009108274389291182,0.0007482516666641459,8.665946005941686e-06,0.0007083354903443251
6259,0.0010261097122565843,0.0008267335797427222,0.0008385190012631938,8.663936059554179e-06,0.0007083354903443251
6260,0.0008637136197648942,0.0007846956032153685,0.0006641214131377637,8.661924864094823e-06,0.0007083354903443251
6261,0.001057233959727455,0.0007146806819946505,0.0010120514707523398,8.659912420357604e-06,0.0007083354903443251
6262,0.0009538794765830971,0.0010206444349023513,0.0008406661727349274,8.657898729137008e-06,0.0007083354903443251
6263,0.0009989147874875925,0.0009121086550294422,0.0008511859487043694,8.655883791228004e-06,0.0007083354903443251
6264,0.0012681592343142256,0.000837600433442276,0.0007609219173900783,8.653867607426058e-06,0.0007083354903443251
6265,0.0009221147047355771,0.0009400724011356942,0.0007183149173215497,8.65185017852713e-06,0.0007083354903443251
6266,0.0009787522867554799,0.0009834662778303027,0.0007214082361315377,8.649831505327665e-06,0.0007083354903443251
6267,0.0008310731282108463,0.000868179697135929,0.0010188916203333065,8.647811588624607e-06,0.0007083354903443251
6268,0.0010546276025706902,0.000822247180622071,0.0008149375498760492,8.645790429215385e-06,0.0007083354903443251
6269,0.0008940931438701227,0.000850767595693469,0.000666649346385384,8.64376802789792e-06,0.0007083354903443251
6270,0.000857792139868252,0.0008386747213080525,0.0007165680581238121,8.641744385470628e-06,0.0007083354903443251
6271,0.0009218822160619311,0.000997343027847819,0.0008073164135566913,8.639719502732408e-06,0.0007083354903443251
6272,0.0011255965873715468,0.0011550973140401766,0.0009775092039490119,8.637693380482649e-06,0.0007083354903443251
6273,0.0008861655442160554,0.0009362814089399762,0.0008771086650085635,8.635666019521238e-06,0.0007083354903443251
6274,0.001180948362161871,0.0008810929430183023,0.0007510275609092787,8.63363742064854e-06,0.0007083354903443251
6275,0.0009975407738238573,0.0008460796962026507,0.0007038732073851861,8.631607584665415e-06,0.0007083354903443251
6276,0.001126281262258999,0.0009173781363642775,0.0007716340842307545,8.629576512373212e-06,0.0007083354903443251
6277,0.000892173578904476,0.0007861677950131707,0.0008659219965920784,8.627544204573765e-06,0.0007083354903443251
6278,0.000917636563826818,0.0010069888376165181,0.0008463966296403669,8.625510662069396e-06,0.0007083354903443251
6279,0.0007650317347724922,0.0009630112981540151,0.0009520482853986323,8.623475885662914e-06,0.0007083354903443251
6280,0.0011015529380529188,0.0007761081578792073,0.000708020910678897,8.621439876157623e-06,0.0007083354903443251
6281,0.0008335646634805016,0.0010635780927259475,0.0008686515939189121,8.6194026343573e-06,0.0007083354903443251
6282,0.0008577060652896762,0.0008225166675401852,0.0008874905324773863,8.61736416106622e-06,0.0007083354903443251
6283,0.0008542189898435026,0.0008630772426840849,0.0008744947335799225,8.615324457089139e-06,0.0007083354903443251
6284,0.0009943754339474253,0.0008664652050356381,0.000752860309148673,8.613283523231299e-06,0.0007083354903443251
6285,0.0007200535837910138,0.000760062990593724,0.0009588099856046028,8.611241360298429e-06,0.0007083354903443251
6286,0.0010149692025152035,0.0008626745839137584,0.0009097328584175557,8.609197969096743e-06,0.0007083354903443251
6287,0.000919939877348952,0.0009413435363967437,0.0009920331722241826,8.607153350432939e-06,0.0007083354903443251
6288,0.0009404924203408882,0.0010707849796744995,0.0007738725980743766,8.605107505114199e-06,0.0007083354903443251
6289,0.0009522549444227479,0.0008068590395851061,0.0008404462496400811,8.603060433948192e-06,0.0007083354903443251
6290,0.0009802872300497256,0.0007421638074447401,0.0007454413862433285,8.601012137743069e-06,0.0007083354903443251
6291,0.0009284145635319874,0.0008693324416526593,0.0008296269152197056,8.598962617307464e-06,0.0007083354903443251
6292,0.0008498599381709937,0.00091237041488057,0.0007827061563148163,8.596911873450496e-06,0.0007083354903443251
6293,0.0008623557077953592,0.0008800599098321982,0.0007314624381251633,8.594859906981766e-06,0.0007083354903443251
6294,0.0007866844171076082,0.0006291337813308928,0.0007433245991705917,8.592806718711357e-06,0.0007083354903443251
6295,0.0009546261135255918,0.0010098667771671899,0.0010472530630067922,8.590752309449838e-06,0.0006291337813308928
6296,0.0008446888532489538,0.0007760598600725643,0.0007808644077158533,8.588696680008254e-06,0.0006291337813308928
6297,0.0008407051936956123,0.0007202704473456834,0.0009271324597648345,8.586639831198136e-06,0.0006291337813308928
6298,0.0008506627709721215,0.0008460102471872233,0.0008356731923413463,8.584581763831497e-06,0.0006291337813308928
6299,0.0009034483664436266,0.0007520578801631927,0.0008237907168222591,8.582522478720828e-06,0.0006291337813308928
6300,0.0009498375293333083,0.0007613744091941044,0.000720783180440776,8.580461976679099e-06,0.0006291337813308928
6301,0.000956700649112463,0.0008541462666471489,0.0006700843587168492,8.578400258519769e-06,0.0006291337813308928
6302,0.0010514517707633786,0.0010854965366888791,0.0007648049504496157,8.57633732505677e-06,0.0006291337813308928
6303,0.001006993610644713,0.0012141344195697457,0.0007302377125597559,8.574273177104514e-06,0.0006291337813308928
6304,0.0011897121148649603,0.0009041770608746447,0.0008095529810816515,8.572207815477895e-06,0.0006291337813308928
6305,0.0009641851211199537,0.0010566006167209707,0.0008532799110980704,8.570141240992285e-06,0.0006291337813308928
6306,0.0010359920634073205,0.0012061398447258398,0.0010762224628706463,8.568073454463534e-06,0.0006291337813308928
6307,0.0008835541375447065,0.0009276617201976478,0.0008165658291545697,8.566004456707973e-06,0.0006291337813308928
6308,0.0008621870001661591,0.0006211950749275275,0.0008561515460314695,8.563934248542407e-06,0.0006291337813308928
6309,0.0008976042154245079,0.0007190790420281701,0.0008625813570688479,8.561862830784124e-06,0.0006211950749275275
6310,0.000856602709973231,0.0009474441249039955,0.0006225679026101716,8.559790204250887e-06,0.0006211950749275275
6311,0.000836025268654339,0.0009828198235481977,0.0008005497948033735,8.557716369760935e-06,0.0006211950749275275
6312,0.001094702231057454,0.000787775672506541,0.0010503926896490157,8.555641328132983e-06,0.0006211950749275275
6313,0.001143049325037282,0.0008453319242107682,0.0008629527801531367,8.553565080186229e-06,0.0006211950749275275
6314,0.0008406184570048936,0.0011887745931744576,0.000843296067614574,8.551487626740339e-06,0.0006211950749275275
6315,0.000812571553979069,0.0008547117904527113,0.0006805505327065475,8.54940896861546e-06,0.0006211950749275275
6316,0.0007760048902127892,0.000923794366826769,0.000779045993112959,8.547329106632215e-06,0.0006211950749275275
6317,0.0008881265312083997,0.000987539708148688,0.0007193911369540729,8.545248041611698e-06,0.0006211950749275275
6318,0.0008198269206332043,0.0010803407421917655,0.0008573794402764179,8.543165774375482e-06,0.0006211950749275275
6319,0.0010220410185866058,0.0007997728134796489,0.0008181983430404216,8.541082305745613e-06,0.0006211950749275275
6320,0.0009299545126850717,0.0009404108132002875,0.0007533107200288214,8.53899763654461e-06,0.0006211950749275275
6321,0.0010020662521128543,0.0009184140435536392,0.0007246087589010131,8.53691176759547e-06,0.0006211950749275275
6322,0.0009717774883029051,0.0008448310109088197,0.0007346846759901382,8.534824699721658e-06,0.0006211950749275275
6323,0.0008596128391218372,0.0009105661665671505,0.0007407266166410409,8.532736433747118e-06,0.0006211950749275275
6324,0.000866506619786378,0.0009392312713316642,0.0006837933142378461,8.530646970496263e-06,0.0006211950749275275
6325,0.0010333513710065745,0.0008716537558939308,0.0007239868209580891,8.52855631079398e-06,0.0006211950749275275
6326,0.0009304301929660141,0.0009958572700270452,0.0008479568641632795,8.52646445546563e-06,0.0006211950749275275
6327,0.0010606968571664765,0.0008508390528731979,0.0009558654637658037,8.52437140533704e-06,0.0006211950749275275
6328,0.0008420947706326842,0.0009826364475884475,0.000889885013748426,8.522277161234519e-06,0.0006211950749275275
6329,0.0008878852604539134,0.0007748095958959311,0.000793688162957551,8.520181723984837e-06,0.0006211950749275275
6330,0.001000692107481882,0.0007952140222187154,0.0007733784586889669,8.51808509441524e-06,0.0006211950749275275
6331,0.0009028174172271974,0.0008238348164013587,0.0008036171748244669,8.515987273353447e-06,0.0006211950749275275
6332,0.0008765943493926898,0.0009786578884813935,0.0008375620964216068,8.51388826162764e-06,0.0006211950749275275
6333,0.001023725708364509,0.0009508565563010052,0.0007494661986129358,8.51178806006648e-06,0.0006211950749275275
6334,0.0008532261854270473,0.0006987550004851073,0.0006917105711181648,8.509686669499091e-06,0.0006211950749275275
6335,0.0007561236343462951,0.0008568929843022488,0.0007806839639670216,8.50758409075507e-06,0.0006211950749275275
6336,0.0011159171990584582,0.0009394257431267761,0.0008294063227367587,8.505480324664478e-06,0.0006211950749275275
6337,0.0008226906720665284,0.0009221327782142907,0.0006578195971087553,8.503375372057854e-06,0.0006211950749275275
6338,0.0009246682457160205,0.0008904318601707928,0.0007908391053206287,8.501269233766197e-06,0.0006211950749275275
6339,0.0010308628261554986,0.0009001162834465504,0.0008064890898822341,8.499161910620978e-06,0.0006211950749275275
6340,0.0008881232643034309,0.0009930442247423343,0.0009065792473847978,8.497053403454132e-06,0.0006211950749275275
6341,0.0008551346400054172,0.0007396515211439691,0.0009151715858024545,8.49494371309807e-06,0.0006211950749275275
6342,0.0009037428390001878,0.0009482554451096803,0.0008532219035259914,8.492832840385657e-06,0.0006211950749275275
6343,0.0010293605664628558,0.0009669048085925169,0.0008205286067095585,8.490720786150238e-06,0.0006211950749275275
6344,0.0009062324170372449,0.0010175791612709872,0.0008201548116630875,8.488607551225616e-06,0.0006211950749275275
6345,0.0008241999239544384,0.001008113737043459,0.0006209052626218181,8.486493136446064e-06,0.0006211950749275275
6346,0.0010363573164795525,0.0008554078449378721,0.0008311451601912268,8.484377542646318e-06,0.0006211950749275275
6347,0.00093331412790576,0.0008783777375356294,0.0008358588383998722,8.482260770661583e-06,0.0006211950749275275
6348,0.0009354483336210251,0.0008164156752172858,0.0007229306502267718,8.480142821327524e-06,0.0006211950749275275
6349,0.0008452312686131336,0.0007684326265007257,0.0009081836687983014,8.478023695480275e-06,0.0006211950749275275
6350,0.0009047235071193427,0.001016237452859059,0.000781415103119798,8.475903393956434e-06,0.0006211950749275275
6351,0.0008351551659870893,0.0008511811320204288,0.0010248121761833318,8.473781917593062e-06,0.0006211950749275275
6352,0.0008288054232252762,0.0008730295594432391,0.0008514550354448147,8.471659267227687e-06,0.0006211950749275275
6353,0.0008629982185084373,0.0011418503854656592,0.0007706910291744862,8.469535443698292e-06,0.0006211950749275275
6354,0.000812422062153928,0.0008865101262927055,0.0007821416729711927,8.467410447843335e-06,0.0006211950749275275
6355,0.0010580837770248763,0.0008484781792503782,0.0006938741134945303,8.465284280501728e-06,0.0006211950749275275
6356,0.0009367514430778101,0.0008678821031935513,0.0008556513785151765,8.463156942512844e-06,0.0006211950749275275
6357,0.0009376682064612396,0.0008234205961343832,0.0008965792803792283,8.461028434716532e-06,0.0006211950749275275
6358,0.0010035559607786126,0.0007577380602015182,0.0006719500233884901,8.458898757953083e-06,0.0006211950749275275
6359,0.0008589409917476587,0.0007338622090173885,0.0007827665249351412,8.456767913063267e-06,0.0006211950749275275
6360,0.0009117484150920063,0.0008130425339913927,0.0008168959684553556,8.454635900888304e-06,0.0006211950749275275
6361,0.0009787863964447752,0.0009655777394073084,0.0007700372007093392,8.452502722269881e-06,0.0006211950749275275
6362,0.0008961563871707767,0.0009025144026963972,0.001000826625386253,8.450368378050139e-06,0.0006211950749275275
6363,0.0007698680201428942,0.0008341189968632534,0.0006973531235416885,8.44823286907169e-06,0.0006211950749275275
6364,0.0008804778553894721,0.0008187900348275434,0.0008942942513385788,8.446096196177594e-06,0.0006211950749275275
6365,0.0009377174646942876,0.0009568681634846143,0.0008027942458284087,8.443958360211375e-06,0.0006211950749275275
6366,0.0010421520564705133,0.0009650596039136872,0.0008794265741016716,8.44181936201702e-06,0.0006211950749275275
6367,0.000883886132214684,0.0008566285541746765,0.0007307458217837848,8.439679202438971e-06,0.0006211950749275275
6368,0.0007682031791773625,0.0007217088059405796,0.0007297397460206412,8.437537882322127e-06,0.0006211950749275275
6369,0.0008490977706969716,0.0007601304969284683,0.0008991339200292714,8.43539540251185e-06,0.0006211950749275275
6370,0.0006505717428808566,0.0010675052180886269,0.0009581209742464125,8.433251763853955e-06,0.0006211950749275275
6371,0.0007973008541739546,0.0007048690094961785,0.0009183548609144054,8.431106967194718e-06,0.0006211950749275275
6372,0.0010136305063497275,0.0007005485458648764,0.000815785831946414,8.42896101338087e-06,0.0006211950749275275
6373,0.0008591591977165081,0.0008829247744870372,0.0008457050789729692,8.426813903259598e-06,0.0006211950749275275
6374,0.0008374199387617409,0.0008421876118518412,0.0008100064515019767,8.424665637678551e-06,0.0006211950749275275
6375,0.0009198502666549757,0.0008694321732036769,0.000802233800641261,8.422516217485826e-06,0.0006211950749275275
6376,0.0009293418988818303,0.0009198606203426607,0.0007884675542300101,8.420365643529984e-06,0.0006211950749275275
6377,0.0009268459834856912,0.0007865711158956401,0.0010390198149252683,8.418213916660035e-06,0.0006211950749275275
6378,0.0009049441796378233,0.0007673277359572239,0.0009436517830181401,8.416061037725447e-06,0.0006211950749275275
6379,0.0010119052240042947,0.0008233920925704297,0.0007590657260152511,8.413907007576142e-06,0.0006211950749275275
6380,0.0008739620097912848,0.000920130216400139,0.0007377053771051578,8.411751827062501e-06,0.0006211950749275275
6381,0.0009202826840919442,0.0010332398960599676,0.0007891192944953218,8.409595497035348e-06,0.0006211950749275275
6382,0.0009133881831075996,0.000982569770712871,0.0009395738161401823,8.407438018345974e-06,0.0006211950749275275
6383,0.0007939125862321816,0.0007325673359446228,0.0008968605325208046,8.405279391846115e-06,0.0006211950749275275
6384,0.0008679304228280671,0.0009254547258024104,0.0006416432770492975,8.403119618387963e-06,0.0006211950749275275
6385,0.0007925586760393344,0.0009195623133564368,0.0007686795070185326,8.400958698824162e-06,0.0006211950749275275
6386,0.00114233695785515,0.0008504753859597258,0.0009966790239559487,8.398796634007809e-06,0.0006211950749275275
6387,0.0011260332394158468,0.0008980940692708828,0.0008805476245470345,8.396633424792453e-06,0.0006211950749275275
6388,0.0009628967382013798,0.0008605242837802507,0.0008272201303043403,8.394469072032093e-06,0.0006211950749275275
6389,0.0009575446601957083,0.0008005584531929344,0.0009277252247557044,8.392303576581186e-06,0.0006211950749275275
6390,0.0008225511846831068,0.0008414395269937813,0.0008369905626750551,8.39013693929463e-06,0.0006211950749275275
6391,0.0011775786042562686,0.0008382244923268445,0.000922957158763893,8.387969161027782e-06,0.0006211950749275275
6392,0.0010048541298601776,0.0008516170128132217,0.000732096545107197,8.385800242636445e-06,0.0006211950749275275
6393,0.0009116448854911141,0.0009064449404831976,0.000619295118667651,8.383630184976877e-06,0.0006211950749275275
6394,0.0008798835187917575,0.0007490111674997024,0.0008005328054423444,8.381458988905778e-06,0.0006211950749275275
6395,0.0010245625380775891,0.0008598922649980523,0.0007487424481951166,8.379286655280303e-06,0.0006211950749275275
6396,0.0009273018295061775,0.0007979360234458,0.0006730599488946609,8.377113184958057e-06,0.0006211950749275275
6397,0.0009727717115310952,0.0009694116306491196,0.000979451127932407,8.37493857879709e-06,0.0006211950749275275
6398,0.0007950306753627956,0.0007378278241958469,0.0007045978418318555,8.372762837655901e-06,0.0006211950749275275
6399,0.0009401380302733742,0.0007717978369328193,0.0007846741609682795,8.37058596239344e-06,0.0006211950749275275
6400,0.0007742669695289806,0.0008849420410115272,0.0008165245453710668,8.368407953869105e-06,0.0006211950749275275
6401,0.0009164917137240991,0.0010367086142650805,0.0008722977872821502,8.366228812942734e-06,0.0006211950749275275
6402,0.0008941075066104531,0.0008764290723775048,0.0008541178103769198,8.36404854047462e-06,0.0006211950749275275
6403,0.0009558448509778827,0.0008648800430819392,0.0006686181150143966,8.361867137325501e-06,0.0006211950749275275
6404,0.0011770353885367513,0.000985237020358909,0.0007210085168480873,8.359684604356558e-06,0.0006211950749275275
6405,0.0009498700528638437,0.0007893836445873603,0.0007213955323095433,8.357500942429424e-06,0.0006211950749275275
6406,0.0009126360746449791,0.0009556158256600611,0.0009039685101015493,8.355316152406169e-06,0.0006211950749275275
6407,0.0009177101019304246,0.0007983478499227203,0.0007542148377979174,8.35313023514932e-06,0.0006211950749275275
6408,0.0007430835357808974,0.00105815650022123,0.0007588677253806964,8.350943191521838e-06,0.0006211950749275275
6409,0.0008837856003083289,0.0009608636246412061,0.0007444968359777704,8.348755022387132e-06,0.0006211950749275275
6410,0.000807711599918548,0.0007703867559030186,0.0008165230465237983,8.34656572860906e-06,0.0006211950749275275
6411,0.0009301818499807268,0.0009588932953192852,0.0006554126739501953,8.344375311051919e-06,0.0006211950749275275
6412,0.0008058713210630231,0.0008987205001176335,0.0007371838983090129,8.342183770580453e-06,0.0006211950749275275
6413,0.0008182684468920343,0.0007454923979821615,0.0007467799878213555,8.339991108059844e-06,0.0006211950749275275
6414,0.000866116039105691,0.0009086039572139271,0.0009568005552864634,8.337797324355724e-06,0.0006211950749275275
6415,0.0008838980575092137,0.0007972228413564153,0.00068562755768653,8.335602420334161e-06,0.0006211950749275275
6416,0.0008952202842920087,0.0007791891366650816,0.0008399069265578873,8.33340639686167e-06,0.0006211950749275275
6417,0.0010257985995849594,0.000899151389603503,0.0007599755408591591,8.331209254805207e-06,0.0006211950749275275
6418,0.0010753913084045053,0.0007731952755420934,0.0006408464250853285,8.329010995032166e-06,0.0006211950749275275
6419,0.0010686361420084722,0.0009022604644997045,0.0007061165924824309,8.32681161841039e-06,0.0006211950749275275
6420,0.0010799462907016277,0.0010013955616159365,0.0008344965754076838,8.324611125808152e-06,0.0006211950749275275
6421,0.0009278532597818412,0.0007510389041271992,0.0008078797909547575,8.322409518094177e-06,0.0006211950749275275
6422,0.0009127566081588157,0.0009392689389642328,0.000900830484170001,8.320206796137621e-06,0.0006211950749275275
6423,0.0007009661640040576,0.0010935522295767441,0.000772758914536098,8.318002960808086e-06,0.0006211950749275275
6424,0.0010333241152693518,0.0008371395815629512,0.0007195754296844825,8.315798012975612e-06,0.0006211950749275275
6425,0.0009218470440828241,0.0009729404191602953,0.000777688757807482,8.313591953510674e-06,0.0006211950749275275
6426,0.0008345899695996195,0.0008431898968410678,0.0007772427015879657,8.311384783284192e-06,0.0006211950749275275
6427,0.0008689323803992011,0.0009581991325831041,0.0008015884668566287,8.309176503167521e-06,0.0006211950749275275
6428,0.0008801424846751615,0.0009756559447851032,0.0009368369428557344,8.306967114032456e-06,0.0006211950749275275
6429,0.0009669610226410441,0.00102546856214758,0.0007168103256844915,8.304756616751228e-06,0.0006211950749275275
6430,0.0007936676847748458,0.0008216848582378589,0.0007211233387351967,8.302545012196507e-06,0.0006211950749275275
6431,0.00098936657741433,0.0009113271153182723,0.0008527575628249906,8.300332301241398e-06,0.0006211950749275275
6432,0.0008210369487642311,0.0008702761042513885,0.0009378440299769863,8.298118484759445e-06,0.0006211950749275275
6433,0.0008915016151149757,0.0008637534629087895,0.0008483754427288659,8.295903563624628e-06,0.0006211950749275275
6434,0.0010955401012324728,0.0007520947838202119,0.0008741094352444634,8.293687538711365e-06,0.0006211950749275275
6435,0.0010419207937957253,0.0008902900372049771,0.0007630565960425884,8.291470410894503e-06,0.0006211950749275275
6436,0.0008936438825912774,0.0008028743395698257,0.0008154511742759496,8.28925218104933e-06,0.0006211950749275275
6437,0.0010182375990552828,0.0007541303202742711,0.000813395032309927,8.287032850051572e-06,0.0006211950749275275
6438,0.0009223908637068234,0.0007328275678446516,0.0007347332721110433,8.28481241877738e-06,0.0006211950749275275
6439,0.0008150061330525205,0.0007978076318977401,0.0006982355189393274,8.28259088810335e-06,0.0006211950749275275
6440,0.0008741808924241923,0.0008716732627362944,0.0006830624079157133,8.280368258906505e-06,0.0006211950749275275
6441,0.0009499444204266183,0.0008062536217039451,0.000774698106397409,8.278144532064303e-06,0.0006211950749275275
6442,0.0012441961371223442,0.0008572392871428747,0.000821944500785321,8.275919708454639e-06,0.0006211950749275275
6443,0.0009755072023835965,0.0007910125932539813,0.0008008951772353612,8.273693788955833e-06,0.0006211950749275275
6444,0.000951847447140608,0.0009066925158549566,0.0008397764104302041,8.27146677444665e-06,0.0006211950749275275
6445,0.000841602603031788,0.0008586480325902812,0.0009081946263904683,8.269238665806272e-06,0.0006211950749275275
6446,0.0009609673579689115,0.0008124954838422127,0.0007681464776396751,8.267009463914326e-06,0.0006211950749275275
6447,0.0009735417188494466,0.0008446707870461978,0.0008260102258645929,8.264779169650865e-06,0.0006211950749275275
6448,0.0009405658565810882,0.0008707044762559235,0.0008370718860533088,8.262547783896375e-06,0.0006211950749275275
6449,0.0008419158184551634,0.0008172625093720853,0.0008427406646660529,8.260315307531768e-06,0.0006211950749275275
6450,0.0009618044205126353,0.0006911861200933345,0.0009906421764753759,8.258081741438396e-06,0.0006211950749275275
6451,0.001109613927837927,0.000884405235410668,0.0010464213046361692,8.255847086498029e-06,0.0006211950749275275
6452,0.000988707470241934,0.0009372050844831392,0.0007882230092945974,8.253611343592876e-06,0.0006211950749275275
6453,0.000789682540926151,0.0007441455527441576,0.000814734841696918,8.251374513605574e-06,0.0006211950749275275
6454,0.0007455734958057292,0.0010484082595212385,0.0008211008134821896,8.249136597419189e-06,0.0006211950749275275
6455,0.0009504826448392123,0.0008575544925406575,0.0008295259176520631,8.246897595917212e-06,0.0006211950749275275
6456,0.0009057677380042151,0.000790168960520532,0.0006638958366238512,8.244657509983567e-06,0.0006211950749275275
6457,0.0007440644840244204,0.000985455721092876,0.0007698669469391461,8.242416340502604e-06,0.0006211950749275275
6458,0.0008038151572691277,0.0008505792065989226,0.0009582015190972015,8.240174088359099e-06,0.0006211950749275275
6459,0.0009431369471712969,0.0006730691347911488,0.0007362754549831152,8.237930754438263e-06,0.0006211950749275275
6460,0.0010105894471053034,0.0008805592296994291,0.0010866415832424536,8.235686339625726e-06,0.0006211950749275275
6461,0.000980272379820235,0.0009493136094533838,0.0008897425213945098,8.233440844807544e-06,0.0006211950749275275
6462,0.0008941007472458296,0.0010160766614717431,0.0007116113629308529,8.231194270870208e-06,0.0006211950749275275
6463,0.0007818924495950341,0.0009366500453324988,0.0009022268641274422,8.228946618700626e-06,0.0006211950749275275
6464,0.0009166248491965234,0.0009360024123452604,0.0007274871750269085,8.226697889186139e-06,0.0006211950749275275
6465,0.001030245519359596,0.0007710217978456058,0.0010254043045279104,8.224448083214507e-06,0.0006211950749275275
6466,0.0009534134878776968,0.00085701874922961,0.0008850732920109294,8.222197201673919e-06,0.0006211950749275275
6467,0.0006775123692932539,0.001004959449346643,0.0009219273779308423,8.219945245452986e-06,0.0006211950749275275
6468,0.0010530374856898561,0.0008687183908477891,0.0007344867626670748,8.217692215440745e-06,0.0006211950749275275
6469,0.0009965608951461036,0.000772765684814658,0.0007464029913535342,8.21543811252666e-06,0.0006211950749275275
6470,0.0008789491112111136,0.0010849496538867243,0.0008874404375092126,8.213182937600612e-06,0.0006211950749275275
6471,0.000819477514596656,0.0009132568229688331,0.0007090196850185748,8.210926691552907e-06,0.0006211950749275275
6472,0.0008863409093464725,0.0008219450028263964,0.0007117454151739366,8.208669375274278e-06,0.0006211950749275275
6473,0.001047121244482696,0.0006820803937443998,0.0008082652639131993,8.206410989655878e-06,0.0006211950749275275
6474,0.0010420201724627987,0.0008561179420212284,0.0009198199913953431,8.204151535589278e-06,0.0006211950749275275
6475,0.0008423404215136543,0.0007818935991963372,0.0008092426505754702,8.20189101396648e-06,0.0006211950749275275
6476,0.000886764915776439,0.0007513616001233459,0.0009078427028725855,8.199629425679897e-06,0.0006211950749275275
6477,0.0010136275523109362,0.0009259899816242978,0.0008421669917879626,8.19736677162237e-06,0.0006211950749275275
6478,0.0010568470097496174,0.0010673804717953317,0.0009219631247106008,8.195103052687162e-06,0.0006211950749275275
6479,0.0008664358683745377,0.0008399986472795717,0.0007757770872558467,8.19283826976795e-06,0.0006211950749275275
6480,0.000940786543651484,0.0008052066914387979,0.0007475478923879564,8.190572423758836e-06,0.0006211950749275275
6481,0.000856238322739955,0.0007438282555085607,0.0006286231146077625,8.188305515554338e-06,0.0006211950749275275
6482,0.0007526447807322256,0.0008656585778226145,0.0007663830256205983,8.186037546049399e-06,0.0006211950749275275
6483,0.0008867043361533433,0.0010722622246248648,0.0010517698756302707,8.183768516139374e-06,0.0006211950749275275
6484,0.0007906832834123634,0.0008204407131415792,0.0005946896999375895,8.181498426720041e-06,0.0006211950749275275
6485,0.0009332185072707944,0.0009716584318084642,0.0009712314495118335,8.179227278687599e-06,0.0006211950749275275
6486,0.000863144698087126,0.0007786170317558572,0.0009692223466117866,8.176955072938654e-06,0.0006211950749275275
6487,0.0007428734024870209,0.000944013190746773,0.0008008012882783078,8.174681810370244e-06,0.0006211950749275275
6488,0.0008971041243057698,0.0008647503054817207,0.0006739371892763302,8.172407491879812e-06,0.0006211950749275275
6489,0.0008818977657938376,0.0008297252788906917,0.000731256037397543,8.170132118365227e-06,0.0006211950749275275
6490,0.0011607589476625435,0.0008123097504721954,0.0008027124022191856,8.167855690724767e-06,0.0006211950749275275
6491,0.0010892493592109531,0.0008497528033331037,0.0007725433097220957,8.16557820985713e-06,0.0006211950749275275
6492,0.0007619475327373948,0.000880796076671686,0.0008412063980358653,8.163299676661434e-06,0.0006211950749275275
6493,0.000898238860827405,0.0010014273429987952,0.0006759146817785222,8.1610200920372e-06,0.0006211950749275275
6494,0.0008473571142531,0.0007990696831257083,0.0007311087902053259,8.158739456884378e-06,0.0006211950749275275
6495,0.0010101818770635873,0.0009467221680097282,0.0008960906998254359,8.156457772103326e-06,0.0006211950749275275
6496,0.00090270240616519,0.0007878036121837795,0.0007716405416431371,8.154175038594813e-06,0.0006211950749275275
6497,0.0010534909015404992,0.0008274358042399399,0.0006349288451019675,8.151891257260031e-06,0.0006211950749275275
6498,0.0008631682430859655,0.0009527192669338547,0.0009003747763927095,8.149606429000579e-06,0.0006211950749275275
6499,0.000992966459307354,0.0008773513400228694,0.0009446392868994735,8.14732055471847e-06,0.0006211950749275275
6500,0.0009786490554688498,0.0009447947013541125,0.0007620960750500672,8.14503363531613e-06,0.0006211950749275275
6501,0.0011111866624560207,0.0005765558380517177,0.0008897291118046269,8.1427456716964e-06,0.0006211950749275275
6502,0.0009416253014933318,0.0008052212142501958,0.0008366766342078336,8.140456664762532e-06,0.0005765558380517177
6503,0.000858899402373936,0.0008281684931716882,0.0006796008638048079,8.138166615418191e-06,0.0005765558380517177
6504,0.0007552600800408982,0.0008978938931250013,0.0007762794120935723,8.13587552456745e-06,0.0005765558380517177
6505,0.000892672520421911,0.0008536680470569991,0.0007533728567068465,8.133583393114796e-06,0.0005765558380517177
6506,0.001009202198474668,0.0008040090324357152,0.0008046170696616173,8.131290221965127e-06,0.0005765558380517177
6507,0.000856773775012698,0.000984995873295702,0.0008434256596956402,8.128996012023748e-06,0.0005765558380517177
6508,0.0008898834348656237,0.0009596926538506523,0.0007601783363497816,8.12670076419638e-06,0.0005765558380517177
6509,0.0008382202431675978,0.0007563635881524533,0.0008203745674109086,8.12440447938915e-06,0.0005765558380517177
6510,0.0007730733268545009,0.0008378659113077447,0.0007413929924950935,8.122107158508593e-06,0.0005765558380517177
6511,0.0009707087519927882,0.0007492518634535372,0.0009600188059266657,8.119808802461655e-06,0.0005765558380517177
6512,0.001031630796205718,0.000835990096675232,0.0007911823122412898,8.117509412155694e-06,0.0005765558380517177
6513,0.0008967840258264914,0.0009434025923837908,0.0007073655360727571,8.11520898849847e-06,0.0005765558380517177
6514,0.0013360056836972944,0.001002054734271951,0.0006877562809677329,8.112907532398153e-06,0.0005765558380517177
6515,0.0009904803519020788,0.0009388187754666433,0.0008246781908383127,8.110605044763323e-06,0.0005765558380517177
6516,0.0008936676022130996,0.0008279059547930956,0.0007273470546351746,8.108301526502965e-06,0.0005765558380517177
6517,0.0010140189406229183,0.000872139869898092,0.0009172408317681402,8.105996978526473e-06,0.0005765558380517177
6518,0.000951777292357292,0.0009126682634814642,0.0008021903086046223,8.103691401743645e-06,0.0005765558380517177
6519,0.0008173187088686973,0.0009044035323313437,0.0008042277113418095,8.101384797064684e-06,0.0005765558380517177
6520,0.0009492575118201785,0.0008818121568765491,0.0006952264411665965,8.099077165400204e-06,0.0005765558380517177
6521,0.0008088561444310471,0.0008031682664295658,0.000752701838791836,8.09676850766122e-06,0.0005765558380517177
6522,0.0009705563061288558,0.0008307599200634286,0.0007439341716235504,8.094458824759156e-06,0.0005765558380517177
6523,0.0009982311603380367,0.0010290772552252747,0.0007177241932367906,8.092148117605837e-06,0.0005765558380517177
6524,0.0008369989664060995,0.0009116832588915713,0.0007226068919408135,8.08983638711349e-06,0.0005765558380517177
6525,0.0009135343352681957,0.0009105157223530114,0.000590535877563525,8.087523634194755e-06,0.0005765558380517177
6526,0.0007787181602907367,0.0009478841238887981,0.0009000139107229188,8.085209859762665e-06,0.0005765558380517177
6527,0.0007983917603269219,0.000917907636903692,0.0008782243021414615,8.082895064730666e-06,0.0005765558380517177
6528,0.0008234266788349487,0.0009274177209590562,0.0008234528431785293,8.080579250012599e-06,0.0005765558380517177
6529,0.0007504307504859753,0.0008897129227989353,0.0008894536476873327,8.078262416522715e-06,0.0005765558380517177
6530,0.0007457987594534643,0.0008205368649214506,0.0008039369713515043,8.07594456517566e-06,0.0005765558380517177
6531,0.0008811982334009372,0.0009944331395672634,0.0007388430458377115,8.073625696886484e-06,0.0005765558380517177
6532,0.0008481062614009716,0.0009725899872137234,0.0007726721778453793,8.071305812570643e-06,0.0005765558380517177
6533,0.0009433715858904179,0.000905971581232734,0.0006749834938091226,8.068984913143989e-06,0.0005765558380517177
6534,0.0010331916782888584,0.0009355776419397444,0.0006493385735666379,8.066662999522774e-06,0.0005765558380517177
6535,0.0009722667600726709,0.0009703808900667354,0.0007191467229858972,8.064340072623657e-06,0.0005765558380517177
6536,0.0009897232448565774,0.0007663551295991056,0.0008757929026614875,8.062016133363691e-06,0.0005765558380517177
6537,0.0007588969019707292,0.0008880704190232791,0.0007493875818909146,8.059691182660328e-06,0.0005765558380517177
6538,0.001093890648917295,0.0008202502576750703,0.0006936539866728708,8.057365221431425e-06,0.0005765558380517177
6539,0.0006761628392268904,0.0008979723497759551,0.0007738582717138343,8.055038250595233e-06,0.0005765558380517177
6540,0.0009288000364904292,0.0007145618365029804,0.0008446917199762538,8.052710271070405e-06,0.0005765558380517177
6541,0.0008990103960968554,0.0008696322547621094,0.0007027253304840997,8.050381283775988e-06,0.0005765558380517177
6542,0.0008106078166747466,0.0008090386763797142,0.000725338304619072,8.04805128963143e-06,0.0005765558380517177
6543,0.0007423267015838064,0.000720314470527228,0.0007768318755552173,8.045720289556576e-06,0.0005765558380517177
6544,0.000936213466047775,0.0008755731250857934,0.000724881720088888,8.043388284471669e-06,0.0005765558380517177
6545,0.0008403558604186401,0.0008386283880099654,0.0007443913345923647,8.041055275297348e-06,0.0005765558380517177
6546,0.0008418948564212769,0.0007529182912549004,0.0007748796706437133,8.038721262954645e-06,0.0005765558380517177
6547,0.0009568619061610661,0.0008207928476622328,0.0007326765480684116,8.036386248364993e-06,0.0005765558380517177
6548,0.0009144664145424031,0.0009100914321606979,0.0007702564907958731,8.03405023245022e-06,0.0005765558380517177
6549,0.0007860178338887636,0.0008589410863351077,0.0005867524123459589,8.031713216132546e-06,0.0005765558380517177
6550,0.0008486968654324301,0.0011320037447148934,0.0007978234352776781,8.029375200334588e-06,0.0005765558380517177
6551,0.0007860139630793128,0.0009275381307816133,0.0007530645452789031,8.02703618597936e-06,0.0005765558380517177
6552,0.0009735553903738037,0.0007280907811946236,0.000735744608391542,8.024696173990265e-06,0.0005765558380517177
6553,0.0009508756338618696,0.0009800899715628475,0.000749392420402728,8.022355165291105e-06,0.0005765558380517177
6554,0.0011554336815606803,0.0010291987637174316,0.0009267294080927968,8.020013160806071e-06,0.0005765558380517177
6555,0.000865240981511306,0.0011382597658666782,0.0006731799985573161,8.017670161459753e-06,0.0005765558380517177
6556,0.0008441380196018144,0.0009575045114615932,0.0007373348198598251,8.015326168177125e-06,0.0005765558380517177
6557,0.000798948691226542,0.0007892580979387276,0.0007480167550966144,8.012981181883562e-06,0.0005765558380517177
6558,0.0009584546278347261,0.0010334992257412523,0.0006741034376318567,8.010635203504826e-06,0.0005765558380517177
6559,0.0008847434146446176,0.0009587615131749772,0.0009568315508658998,8.008288233967071e-06,0.0005765558380517177
6560,0.0009370033803861588,0.0009312644760939293,0.0009008010310935788,8.005940274196847e-06,0.0005765558380517177
6561,0.0007829190144548193,0.0007901325006969273,0.0008254452113760635,8.003591325121087e-06,0.0005765558380517177
6562,0.0010528381608310156,0.0007196168517111801,0.0009121426919591613,8.001241387667123e-06,0.0005765558380517177
6563,0.001007558952551335,0.0008046658549574204,0.0007482308283215389,7.998890462762671e-06,0.0005765558380517177
6564,0.0008934668730944395,0.0008135893076541834,0.0006243683492357377,7.996538551335839e-06,0.0005765558380517177
6565,0.0009009834029711783,0.0008719501056475565,0.0007540001424786169,7.994185654315123e-06,0.0005765558380517177
6566,0.0009366288722958416,0.0008884766648407094,0.0007077219925122336,7.991831772629412e-06,0.0005765558380517177
6567,0.0009141818300122395,0.0008636499187559821,0.0007003178543527611,7.98947690720798e-06,0.0005765558380517177
6568,0.0008571696598664857,0.000779648486059159,0.0007483378067263402,7.987121058980492e-06,0.0005765558380517177
6569,0.0010306729054718744,0.0009627808976802044,0.0008309489858220331,7.984764228876996e-06,0.0005765558380517177
6570,0.0009637342227506451,0.0009404167649336159,0.0008872815960785374,7.982406417827937e-06,0.0005765558380517177
6571,0.000778007903136313,0.0008447179934591986,0.0006604175578104332,7.980047626764135e-06,0.0005765558380517177
6572,0.0009058967989403754,0.0008299430774059147,0.0007699642264924478,7.977687856616808e-06,0.0005765558380517177
6573,0.0010253790096612647,0.0006747863844793756,0.0008648216389701702,7.975327108317552e-06,0.0005765558380517177
6574,0.0010230417392449453,0.0008885913121048361,0.0007994368133950047,7.972965382798357e-06,0.0005765558380517177
6575,0.0009351204571430571,0.0008918737876228988,0.0006837425826233812,7.970602680991593e-06,0.0005765558380517177
6576,0.0008146285690600052,0.000898514103027992,0.0008749435146455653,7.968239003830016e-06,0.0005765558380517177
6577,0.0008429918088950217,0.0009481709930696525,0.0008529187034582719,7.965874352246772e-06,0.0005765558380517177
6578,0.0010549849175731651,0.0007958475180203095,0.000903118954738602,7.963508727175384e-06,0.0005765558380517177
6579,0.0007815003118594177,0.0009377454334753565,0.0007692803046666086,7.961142129549765e-06,0.0005765558380517177
6580,0.0008829104481264949,0.0007564005136373453,0.000907787645701319,7.958774560304212e-06,0.0005765558380517177
6581,0.0009170538105536252,0.001006202888675034,0.0006753131601726636,7.956406020373401e-06,0.0005765558380517177
6582,0.0008349219424417242,0.000996020680759102,0.0008838988760544453,7.954036510692394e-06,0.0005765558380517177
6583,0.0008349685776920523,0.0010687092726584524,0.0009456055122427642,7.951666032196638e-06,0.0005765558380517177
6584,0.0010535372712183744,0.0008317322062794119,0.0008533179134246893,7.949294585821958e-06,0.0005765558380517177
6585,0.0010530524741625413,0.0009523480621282943,0.0007082269657985307,7.946922172504567e-06,0.0005765558380517177
6586,0.0008546808821847662,0.0008218483635573648,0.000759788163122721,7.944548793181053e-06,0.0005765558380517177
6587,0.0010709848647820763,0.0008643082692287862,0.0008344812049472239,7.942174448788388e-06,0.0005765558380517177
6588,0.0011026212887372822,0.0008564626477891579,0.0008887823569239117,7.93979914026393e-06,0.0005765558380517177
6589,0.0006865534232929349,0.0009166994132101536,0.0009028817294165492,7.937422868545409e-06,0.0005765558380517177
6590,0.0009395855086040683,0.0008789615239948034,0.0008169202919816598,7.935045634570942e-06,0.0005765558380517177
6591,0.0008110491617117077,0.0010216792361461557,0.0008688439193065278,7.93266743927902e-06,0.0005765558380517177
6592,0.0011184619361301884,0.0009236840269295499,0.0007734572427580133,7.930288283608521e-06,0.0005765558380517177
6593,0.0009640302741900086,0.0008102512947516516,0.0006957352125027683,7.927908168498696e-06,0.0005765558380517177
6594,0.0009827360408962704,0.0008398638019571081,0.0006841640060883947,7.925527094889175e-06,0.0005765558380517177
6595,0.000801034017058555,0.0007809966555214487,0.0007673813888686709,7.923145063719971e-06,0.0005765558380517177
6596,0.0008601568770245649,0.0009038021889864467,0.0007188740491983481,7.92076207593147e-06,0.0005765558380517177
6597,0.0010009435354731977,0.0008631230593891814,0.0007440095505444333,7.91837813246444e-06,0.0005765558380517177
6598,0.0008326577517436817,0.0008768096449784935,0.0008690377107996028,7.915993234260024e-06,0.0005765558380517177
6599,0.0008755671224207617,0.0009484548063483089,0.0007693771476624534,7.91360738225974e-06,0.0005765558380517177
6600,0.0009193478326778859,0.000740247945941519,0.000836937535495963,7.911220577405485e-06,0.0005765558380517177
6601,0.0011105794255854562,0.0009545254288241267,0.0008125317763187923,7.908832820639533e-06,0.0005765558380517177
6602,0.0009996272419812158,0.0010061837165267207,0.0009057564675458707,7.906444112904531e-06,0.0005765558380517177
6603,0.0008521250929334201,0.0008631965174572542,0.0008018674416234717,7.904054455143505e-06,0.0005765558380517177
6604,0.0008659228551550768,0.000785323340096511,0.0006907148635946214,7.901663848299854e-06,0.0005765558380517177
6605,0.0009544721251586452,0.0009239044957212172,0.0007796503705321811,7.89927229331735e-06,0.0005765558380517177
6606,0.000901250728929881,0.0008539974878658541,0.0007501841027988121,7.89687979114014e-06,0.0005765558380517177
6607,0.0008100792620098218,0.0007438426691805944,0.0006935152123332955,7.894486342712748e-06,0.0005765558380517177
6608,0.0009651064174249768,0.0007995066953299101,0.0006919232619111426,7.892091948980072e-06,0.0005765558380517177
6609,0.0008083496577455662,0.0009746064824867062,0.0006994224022491835,7.889696610887376e-06,0.0005765558380517177
6610,0.0008518132090102881,0.0009588900211383589,0.0007772744793328457,7.887300329380303e-06,0.0005765558380517177
6611,0.000917574368941132,0.0007870110093790572,0.0007660436749574728,7.884903105404868e-06,0.0005765558380517177
6612,0.000770561549870763,0.0008283840579679236,0.0008662606123834848,7.882504939907457e-06,0.0005765558380517177
6613,0.000817474901850801,0.0008034336133277975,0.000737779562768992,7.880105833834829e-06,0.0005765558380517177
6614,0.0009626830724300817,0.0009109007514780387,0.0008014970590011217,7.877705788134108e-06,0.0005765558380517177
6615,0.0009948168371920474,0.0006758027448086068,0.0008119906487991102,7.8753048037528e-06,0.0005765558380517177
6616,0.0009368425526190549,0.0008408543217228726,0.0007358189905062318,7.872902881638772e-06,0.0005765558380517177
6617,0.0010497978946659714,0.0008386818153667264,0.000796478932898026,7.870500022740265e-06,0.0005765558380517177
6618,0.0007850174806662835,0.0008362818880414125,0.0006425814208341762,7.868096228005892e-06,0.0005765558380517177
6619,0.0006927646390977316,0.0009444890019949526,0.0007701267895754427,7.865691498384632e-06,0.0005765558380517177
6620,0.0007629595202160999,0.0008635838603368029,0.0006962641527934466,7.863285834825832e-06,0.0005765558380517177
6621,0.0007702021830482408,0.0008571812868467532,0.0008206421007344034,7.860879238279212e-06,0.0005765558380517177
6622,0.0009151532358373515,0.0010610437821014784,0.0009548620146233588,7.858471709694858e-06,0.0005765558380517177
6623,0.0007801010942785069,0.0008793287306616548,0.0007030604865576606,7.856063250023224e-06,0.0005765558380517177
6624,0.00113378168316558,0.0008557470355299301,0.0006422678270610049,7.853653860215132e-06,0.0005765558380517177
6625,0.0011849920556414872,0.0009451789301238023,0.0007480295826098882,7.85124354122177e-06,0.0005765558380517177
6626,0.000841297791339457,0.0007607647348777391,0.0007768453724565916,7.848832293994695e-06,0.0005765558380517177
6627,0.0008978640325949527,0.0007360627059824765,0.0008911024924600497,7.846420119485828e-06,0.0005765558380517177
6628,0.000999556687020231,0.0009370380721520633,0.0008349932686542161,7.84400701864746e-06,0.0005765558380517177
6629,0.0007425365220115054,0.00081603887520032,0.0008772359942668118,7.841592992432242e-06,0.0005765558380517177
6630,0.0007856145821278915,0.0008319744083564728,0.0007025584855000488,7.839178041793193e-06,0.0005765558380517177
6631,0.0009074517438421026,0.0009225160320056602,0.000992958310234826,7.8367621676837e-06,0.0005765558380517177
6632,0.0009740625537233427,0.0007507450864068232,0.0007392382176476531,7.83434537105751e-06,0.0005765558380517177
6633,0.0009895940165733919,0.0008293492937809788,0.0008202967728720978,7.831927652868736e-06,0.0005765558380517177
6634,0.0009233597811544314,0.0008716528027434833,0.0008616842751507647,7.829509014071855e-06,0.0005765558380517177
6635,0.0008096126257441938,0.0010960709041683003,0.00087686613551341,7.827089455621707e-06,0.0005765558380517177
6636,0.0008535597662557848,0.0008855350970407017,0.0008366179172298871,7.824668978473498e-06,0.0005765558380517177
6637,0.0008091360577964224,0.0007023104335530661,0.0007825966058589984,7.82224758358279e-06,0.0005765558380517177
6638,0.0009116016735788435,0.0007981639573699795,0.0007935786197776906,7.819825271905514e-06,0.0005765558380517177
6639,0.0009704539988888428,0.0008778676565270871,0.0006835032036178745,7.817402044397962e-06,0.0005765558380517177
6640,0.0009863431550911628,0.000915593293029815,0.000702900331816636,7.814977902016779e-06,0.0005765558380517177
6641,0.0010764742619358003,0.0010418099845992401,0.0006884889880893752,7.812552845718985e-06,0.0005765558380517177
6642,0.0009170038174488582,0.0007884040314820595,0.0006399735430022702,7.810126876461951e-06,0.0005765558380517177
6643,0.0008598189815529622,0.0009052376699401066,0.000980138182057999,7.807699995203411e-06,0.0005765558380517177
6644,0.0008282342023449019,0.0008381391380680725,0.0009302828766521998,7.80527220290146e-06,0.0005765558380517177
6645,0.0010450862173456699,0.0010447444001329131,0.0007535764234489761,7.802843500514554e-06,0.0005765558380517177
6646,0.0009648836130509153,0.0008638226972834673,0.0007634826579305809,7.8004138890015e-06,0.0005765558380517177
6647,0.0009876978874672204,0.0008249415550380945,0.0009714862899272703,7.797983369321477e-06,0.0005765558380517177
6648,0.0008060852633207105,0.0008371056064788718,0.0007668419420951977,7.795551942434012e-06,0.0005765558380517177
6649,0.0007861588019295596,0.0009100240786210634,0.0007569231675006449,7.793119609298995e-06,0.0005765558380517177
6650,0.0009110087412409484,0.0008772759429120924,0.0007221744454000145,7.79068637087667e-06,0.0005765558380517177
6651,0.0010692488140193745,0.0009393330037710257,0.0007481479187845252,7.788252228127647e-06,0.0005765558380517177
6652,0.0007919897252577357,0.0009356548252981156,0.0007041916651360225,7.78581718201288e-06,0.0005765558380517177
6653,0.0009535908975522034,0.0007931794825708494,0.0006945618661120534,7.783381233493692e-06,0.0005765558380517177
6654,0.0008791033396846615,0.0009508599905529991,0.0009611394052626565,7.780944383531756e-06,0.0005765558380517177
6655,0.0009319046330347192,0.0009273930918425322,0.0007824491258361377,7.778506633089096e-06,0.0005765558380517177
6656,0.0013971139705972746,0.0008324732043547556,0.0007313536334550008,7.776067983128106e-06,0.0005765558380517177
6657,0.000724201621778775,0.0007891605710028671,0.0008414961994276382,7.77362843461152e-06,0.0005765558380517177
6658,0.0008274496285594068,0.0009024650789797306,0.0008396845951210707,7.771187988502437e-06,0.0005765558380517177
6659,0.0007077859481796622,0.0008194625333999284,0.0007334697002079338,7.768746645764304e-06,0.0005765558380517177
6660,0.0010481653298484161,0.0007911957654869184,0.000711353488441091,7.766304407360924e-06,0.0005765558380517177
6661,0.000897958132554777,0.000759680027840659,0.0007642659693374299,7.763861274256458e-06,0.0005765558380517177
6662,0.0008749016487854533,0.0009635472742957063,0.0007483768422389403,7.761417247415412e-06,0.0005765558380517177
6663,0.0008298764660139568,0.0009617426112527028,0.0007287849075510167,7.75897232780265e-06,0.0005765558380517177
6664,0.0008971605129772797,0.0007843325802241452,0.0007788789735059254,7.75652651638339e-06,0.0005765558380517177
6665,0.0008663309636176564,0.0007984526673681103,0.0007987120479810983,7.754079814123195e-06,0.0005765558380517177
6666,0.0008995850075734779,0.0007743255628156476,0.0007021716592134908,7.751632221987989e-06,0.0005765558380517177
6667,0.000803918024757877,0.0006849957535450812,0.0007015875016804785,7.749183740944041e-06,0.0005765558380517177
6668,0.0009191085409838706,0.0008694036296219565,0.0007158908338169567,7.746734371957972e-06,0.0005765558380517177
6669,0.0009494926089246292,0.0007896560164226685,0.0006473537832789589,7.744284115996753e-06,0.0005765558380517177
6670,0.0007465108901669737,0.0009137252200162038,0.0007069422681524884,7.74183297402771e-06,0.0005765558380517177
6671,0.0009332029367215,0.0008068001843639649,0.0008247973892139271,7.739380947018511e-06,0.0005765558380517177
6672,0.0008569559286115691,0.0007538144127465785,0.0006993390015850309,7.73692803593718e-06,0.0005765558380517177
6673,0.0008826118137221783,0.0008164033788489178,0.0007200507025117986,7.734474241752086e-06,0.0005765558380517177
6674,0.0008567165496060625,0.0008023536793189123,0.0007034882728476077,7.732019565431948e-06,0.0005765558380517177
6675,0.0010576081767794676,0.0008705785367055796,0.0008183949466911145,7.729564007945834e-06,0.0005765558380517177
6676,0.0007712687729508616,0.0008346690810867585,0.0008167262276401743,7.72710757026316e-06,0.0005765558380517177
6677,0.0010821214236784726,0.0006121247351984493,0.0008237370057031512,7.724650253353688e-06,0.0005765558380517177
6678,0.0008251229519373737,0.0008954776785685681,0.0007189146999735385,7.722192058187526e-06,0.0005765558380517177
6679,0.0008430699599557556,0.0008547860343242064,0.0007110676233423874,7.719732985735135e-06,0.0005765558380517177
6680,0.0009368832179461606,0.0007913029585324693,0.000687211548211053,7.717273036967312e-06,0.0005765558380517177
6681,0.000882690423168242,0.0008878856206138153,0.0008300698245875537,7.714812212855211e-06,0.0005765558380517177
6682,0.0008796160473139025,0.0008839427828206681,0.0006370099581545219,7.712350514370324e-06,0.0005765558380517177
6683,0.0007621229960932396,0.000900029692274984,0.0006308382435236126,7.709887942484489e-06,0.0005765558380517177
6684,0.0008703542043804191,0.0008345159367308952,0.0007344874538830481,7.707424498169894e-06,0.0005765558380517177
6685,0.0009457729029236361,0.000856811398989521,0.0008315941377077252,7.704960182399066e-06,0.0005765558380517177
6686,0.0006975763026275672,0.0008209667139453813,0.0007593610134790652,7.702494996144876e-06,0.0005765558380517177
6687,0.0009602214704500511,0.000846630493470002,0.0008162026497302577,7.700028940380544e-06,0.0005765558380517177
6688,0.0009437813641852699,0.000706956721842289,0.0007617280789418146,7.697562016079628e-06,0.0005765558380517177
6689,0.0012151137125329114,0.0008608732023276389,0.0007314700415008701,7.695094224216029e-06,0.0005765558380517177
6690,0.0011519133040565066,0.0008223432450904511,0.0007213333265099209,7.692625565763995e-06,0.0005765558380517177
6691,0.0008653351833345369,0.0008731370253372006,0.0006960961109143682,7.690156041698113e-06,0.0005765558380517177
6692,0.0009297126744058914,0.0007112452003639191,0.0007541132436017506,7.687685652993311e-06,0.0005765558380517177
6693,0.000959878190769814,0.0006354273136821575,0.0007935418907436542,7.685214400624858e-06,0.0005765558380517177
6694,0.0009213339653797448,0.0007539132639067248,0.0007294301249203272,7.682742285568368e-06,0.0005765558380517177
6695,0.0009249760187231004,0.000856766702781897,0.0007799538507242687,7.680269308799791e-06,0.0005765558380517177
6696,0.000776358887378592,0.0006995444928179495,0.0006429018467315473,7.67779547129542e-06,0.0005765558380517177
6697,0.0009803830689634196,0.0008803725067991763,0.0009724827687023208,7.675320774031888e-06,0.0005765558380517177
6698,0.0008793991000857204,0.0008501125194015913,0.0007549456277047284,7.672845217986162e-06,0.0005765558380517177
6699,0.0009059053263626993,0.0009096049616346136,0.0008045718423090875,7.670368804135556e-06,0.0005765558380517177
6700,0.0007960401344462298,0.0007711823491263203,0.000802977829152951,7.667891533457718e-06,0.0005765558380517177
6701,0.000722809876606334,0.0008408123358094599,0.0008372254014830105,7.665413406930637e-06,0.0005765558380517177
6702,0.0007189112802734599,0.0007084001263137907,0.000735890629584901,7.662934425532636e-06,0.0005765558380517177
6703,0.0009911419401760213,0.0009824482040130533,0.0007791521711624227,7.660454590242376e-06,0.0005765558380517177
6704,0.0010018706307164393,0.0007825396387488581,0.0006539616915688384,7.657973902038862e-06,0.0005765558380517177
6705,0.0008667729198350571,0.0008179641954484396,0.0007197545273811556,7.655492361901425e-06,0.0005765558380517177
6706,0.0008822417366900481,0.0008605344555689953,0.0009875688119791448,7.65300997080974e-06,0.0005765558380517177
6707,0.00088259933545487,0.0010014260697062127,0.0007713807572145015,7.650526729743816e-06,0.0005765558380517177
6708,0.0008968672991613857,0.0008700866528670304,0.0006965564971324056,7.648042639683997e-06,0.0005765558380517177
6709,0.0010207497689407319,0.0007026446583040524,0.0007584393388242461,7.645557701610964e-06,0.0005765558380517177
6710,0.0008283402130473405,0.0008835017142700963,0.0007658927570446394,7.643071916505726e-06,0.0005765558380517177
6711,0.0008408600988332182,0.0008506375306751579,0.000759780035878066,7.640585285349638e-06,0.0005765558380517177
6712,0.0008897178049664944,0.0007932172302389517,0.0007971574668772519,7.638097809124378e-06,0.0005765558380517177
6713,0.0008466723666060716,0.0008719150719116442,0.0008399649923376273,7.635609488811965e-06,0.0005765558380517177
6714,0.0009587980312062427,0.0011084612342528999,0.0009920123120537028,7.633120325394747e-06,0.0005765558380517177
6715,0.000893425167305395,0.0007535647018812597,0.0008733614085940644,7.630630319855406e-06,0.0005765558380517177
6716,0.0007422526687150821,0.0009841353676165454,0.0008502194032189436,7.628139473176957e-06,0.0005765558380517177
6717,0.0007982230745255947,0.0008118936675600708,0.000706722385075409,7.625647786342749e-06,0.0005765558380517177
6718,0.0008974127631518058,0.0008205042176996358,0.0007829837268218398,7.623155260336456e-06,0.0005765558380517177
6719,0.0009352967608720064,0.0008500940675730817,0.0006885856710141525,7.620661896142093e-06,0.0005765558380517177
6720,0.0009456233165110461,0.0009381797644891776,0.00088845870050136,7.618167694743998e-06,0.0005765558380517177
6721,0.0009947385769919492,0.0007648525570402853,0.0007874793336668517,7.6156726571268415e-06,0.0005765558380517177
6722,0.0007345381818595342,0.0008762011202634312,0.0007104978503775783,7.613176784275625e-06,0.0005765558380517177
6723,0.0009908673309837468,0.0008764513841015287,0.0008479979805997573,7.6106800771756825e-06,0.0005765558380517177
6724,0.0009166907548205927,0.0008282861817860976,0.0007854118302930146,7.60818253681267e-06,0.0005765558380517177
6725,0.000770992373873014,0.000771875558712054,0.000766730030591134,7.60568416417258e-06,0.0005765558380517177
6726,0.0008227086800616235,0.0007303592028620187,0.0008647521317470819,7.603184960241731e-06,0.0005765558380517177
6727,0.0007693463703617454,0.0008806416954030283,0.0009202289002132602,7.600684926006767e-06,0.0005765558380517177
6728,0.0009222832777595613,0.0009329391177743673,0.0008735107694519684,7.598184062454662e-06,0.0005765558380517177
6729,0.0007790989111526869,0.0009000520076369867,0.0008459516830043867,7.595682370572718e-06,0.0005765558380517177
6730,0.0008289179240819067,0.0007246982204378583,0.0008482366465614177,7.593179851348563e-06,0.0005765558380517177
6731,0.0008642256871098652,0.001005890197120607,0.0007700602291151881,7.590676505770152e-06,0.0005765558380517177
6732,0.0007478448897018097,0.000819374734419398,0.0008186362465494312,7.588172334825768e-06,0.0005765558380517177
6733,0.0009045674232766032,0.0008651756797917187,0.0007912089495221153,7.585667339504016e-06,0.0005765558380517177
6734,0.0009377691239933483,0.0008579457353334874,0.0007590202149003744,7.583161520793829e-06,0.0005765558380517177
6735,0.001005652877211105,0.0007175555583671667,0.0008059662286541425,7.580654879684464e-06,0.0005765558380517177
6736,0.0013738499037572183,0.0007708870616625063,0.0007626267397427,7.578147417165503e-06,0.0005765558380517177
6737,0.0010525840407353826,0.0009898908647301141,0.00074547175609041,7.575639134226854e-06,0.0005765558380517177
6738,0.0010157059296034276,0.0010682348947739229,0.000924133782973513,7.573130031858746e-06,0.0005765558380517177
6739,0.0010627775845932774,0.0008532459032721817,0.0008432633258053102,7.570620111051735e-06,0.0005765558380517177
6740,0.0009157003078144044,0.0008269310565083288,0.0007006462183198892,7.568109372796697e-06,0.0005765558380517177
6741,0.00098005763720721,0.0009865995452855714,0.0007631477783434093,7.565597818084828e-06,0.0005765558380517177
6742,0.0008820646180538461,0.0008551705905119888,0.0008139923811540939,7.563085447907656e-06,0.0005765558380517177
6743,0.0011203415924683213,0.0008981444698292762,0.000618350641161669,7.56057226325702e-06,0.0005765558380517177
6744,0.0009724909978103824,0.0009029890352394432,0.0008778065821388736,7.558058265125088e-06,0.0005765558380517177
6745,0.000983449092018418,0.0009143655843217857,0.0007971258346515242,7.555543454504347e-06,0.0005765558380517177
6746,0.0011304032959742472,0.0008662006293889135,0.0009281286038458347,7.5530278323876045e-06,0.0005765558380517177
6747,0.0008964583757915534,0.0007312358793569729,0.0006406470820365939,7.550511399767987e-06,0.0005765558380517177
6748,0.0007643156859558076,0.0008056146180024371,0.0006831829959992319,7.547994157638942e-06,0.0005765558380517177
6749,0.0007671155690331943,0.0008247619916801341,0.0008262609990197234,7.5454761069942375e-06,0.0005765558380517177
6750,0.0008174951217370108,0.000983572259428911,0.0006459746364271268,7.542957248827961e-06,0.0005765558380517177
6751,0.0008618891442893073,0.0009159067485597916,0.0010232159911538474,7.540437584134516e-06,0.0005765558380517177
6752,0.0008227392281696666,0.0007473607693100348,0.0006571730009454768,7.5379171139086275e-06,0.0005765558380517177
6753,0.001058503046806436,0.0009076905080291908,0.0006969402093091048,7.535395839145336e-06,0.0005765558380517177
6754,0.000978137344645802,0.0008834217660478316,0.0008272525956272148,7.532873760840003e-06,0.0005765558380517177
6755,0.0008798671042313799,0.0009052737586898729,0.0008173514434020035,7.530350879988304e-06,0.0005765558380517177
6756,0.0010546032572165132,0.0008757045434322208,0.0007320048316614702,7.52782719758623e-06,0.0005765558380517177
6757,0.0011230075979256071,0.0007848323803045787,0.0008197188908525277,7.525302714630094e-06,0.0005765558380517177
6758,0.000829506985610351,0.0009096271969610825,0.0007470839118468575,7.522777432116522e-06,0.0005765558380517177
6759,0.0007985923439264297,0.0008186165141523816,0.0008222536052926444,7.520251351042453e-06,0.0005765558380517177
6760,0.0009555477736284956,0.0009314310882473364,0.0008080131810856983,7.517724472405147e-06,0.0005765558380517177
6761,0.000813743426988367,0.0006827606266597286,0.0006844127419753931,7.515196797202171e-06,0.0005765558380517177
6762,0.0007494651872548275,0.0009573452407494187,0.0006755586873623542,7.5126683264314165e-06,0.0005765558380517177
6763,0.0008904922688088845,0.0008477777628286276,0.0006853354097984266,7.5101390610910785e-06,0.0005765558380517177
6764,0.0009379462935612537,0.0008623265530331992,0.0007920042262412608,7.507609002179677e-06,0.0005765558380517177
6765,0.0010170612877118401,0.0008367595946765505,0.0008370170762646012,7.505078150696035e-06,0.0005765558380517177
6766,0.0009358225361211225,0.0007797281214152463,0.0007668064390600193,7.5025465076392905e-06,0.0005765558380517177
6767,0.000994728587102145,0.0009967231162590906,0.0007693451261729933,7.500014074008902e-06,0.0005765558380517177
6768,0.0008750566121307202,0.0009637210860091727,0.0008509288527420722,7.49748085080463e-06,0.0005765558380517177
6769,0.000830163960927166,0.0008190117951016873,0.0006244284813874401,7.494946839026554e-06,0.0005765558380517177
6770,0.0008218685179599561,0.0008989526104414836,0.0006220415671123192,7.492412039675058e-06,0.0005765558380517177
6771,0.0007679739974264521,0.0009059963012987282,0.00079090378494584,7.489876453750842e-06,0.0005765558380517177
6772,0.0008399855214520358,0.000845449794724118,0.0007530332513852045,7.487340082254917e-06,0.0005765558380517177
6773,0.0009229993229382671,0.0007637538074050099,0.0007038689436740242,7.484802926188598e-06,0.0005765558380517177
6774,0.0009426979158888571,0.000717530470865313,0.0007093948952388018,7.482264986553522e-06,0.0005765558380517177
6775,0.0010875186999328434,0.0008306940944748931,0.0006032516321283765,7.479726264351619e-06,0.0005765558380517177
6776,0.0007376735447905958,0.0008734251314308494,0.0007281121434061788,7.477186760585139e-06,0.0005765558380517177
6777,0.0009386927195009775,0.0008264842763310298,0.0008308865217259154,7.474646476256642e-06,0.0005765558380517177
6778,0.000957214848313015,0.0008647323993500322,0.0007382837611658033,7.472105412368984e-06,0.0005765558380517177
6779,0.0007894018563092686,0.0009448699129279703,0.0009239188220817596,7.469563569925345e-06,0.0005765558380517177
6780,0.0008897783191059716,0.0008399021389777772,0.0007145372037484776,7.467020949929198e-06,0.0005765558380517177
6781,0.0009660186187829822,0.0009137069973803591,0.0007206608788692392,7.464477553384334e-06,0.0005765558380517177
6782,0.000984350626822561,0.0008493014393025078,0.0006658189959125593,7.4619333812948415e-06,0.0005765558380517177
6783,0.0008327274626935832,0.0008521369236405008,0.0007873576978454366,7.459388434665122e-06,0.0005765558380517177
6784,0.0008583871385781094,0.0007905121892690659,0.0007387655678030569,7.4568427144998766e-06,0.0005765558380517177
6785,0.0008756476636335719,0.0009056675844476558,0.0009664049212005921,7.454296221804122e-06,0.0005765558380517177
6786,0.000819694520032499,0.0008046113507589325,0.0007679983100388199,7.451748957583166e-06,0.0005765558380517177
6787,0.000716113831003895,0.0008089604016277008,0.0008003997500054538,7.449200922842633e-06,0.0005765558380517177
6788,0.0007973835745360702,0.0008902287081582472,0.0008461848556180485,7.446652118588444e-06,0.0005765558380517177
6789,0.0007933122833492234,0.0008676319775986485,0.0006811419079895131,7.444102545826828e-06,0.0005765558380517177
6790,0.0008627262286609039,0.0009009551067720167,0.0007930477841000538,7.4415522055643156e-06,0.0005765558380517177
6791,0.000920511782169342,0.0009928490180755034,0.0006619644773309119,7.439001098807741e-06,0.0005765558380517177
6792,0.0007956787521834485,0.0007630325781065039,0.0007298117670870852,7.43644922656424e-06,0.0005765558380517177
6793,0.0008035525679588318,0.0007939236529637128,0.0007327160783461295,7.433896589841253e-06,0.0005765558380517177
6794,0.0007926324906293303,0.0007820964929123875,0.0007492943914257921,7.431343189646517e-06,0.0005765558380517177
6795,0.0009088699953281321,0.0009354876819998026,0.0006729543856636155,7.428789026988078e-06,0.0005765558380517177
6796,0.0009019828721648082,0.0008719399193068966,0.0008978768673841842,7.426234102874276e-06,0.0005765558380517177
6797,0.001084524170437362,0.0007506151378038339,0.000698436786478851,7.423678418313756e-06,0.0005765558380517177
6798,0.000873889759532176,0.0009234237804776058,0.0007552490205853246,7.421121974315465e-06,0.0005765558380517177
6799,0.0010104854809469543,0.0008414259718847461,0.0007455697705154307,7.41856477188864e-06,0.0005765558380517177
6800,0.0007680963099119253,0.0008059831452555954,0.0006773601853637956,7.416006812042827e-06,0.0005765558380517177
6801,0.0008490280015394092,0.000998740564682521,0.0007744412359897979,7.41344809578787e-06,0.0005765558380517177
6802,0.0009453291786485352,0.0007793092372594401,0.000792991260823328,7.410888624133906e-06,0.0005765558380517177
6803,0.0008060517866397277,0.0007599322198075242,0.0007611769688082859,7.408328398091377e-06,0.0005765558380517177
6804,0.000900975355762057,0.0008498248134856112,0.0006129174398665782,7.405767418671019e-06,0.0005765558380517177
6805,0.0007931438231025822,0.0007778371073072776,0.0007394057429337408,7.403205686883865e-06,0.0005765558380517177
6806,0.0008062444321694784,0.0009452476770093199,0.0008315222039527725,7.400643203741247e-06,0.0005765558380517177
6807,0.001040659291902557,0.0006343619570543524,0.0006453815149143338,7.398079970254793e-06,0.0005765558380517177
6808,0.0007987987337401137,0.0007448860269505531,0.0006795763329137117,7.395515987436427e-06,0.0005765558380517177
6809,0.0008884758499334566,0.0007963982061482966,0.0009585675652488135,7.392951256298366e-06,0.0005765558380517177
6810,0.0007178165615187027,0.0007150870660552755,0.0008516265006619506,7.390385777853129e-06,0.0005765558380517177
6811,0.0009400215349160135,0.0009865116080618463,0.0007875310038798489,7.3878195531135235e-06,0.0005765558380517177
6812,0.000764143442211207,0.0008521180934621952,0.0008824734031804837,7.3852525830926585e-06,0.0005765558380517177
6813,0.0008979500635177828,0.0008254708009189926,0.0007334232723223977,7.382684868803929e-06,0.0005765558380517177
6814,0.0008420274207310285,0.0007743407186353579,0.0007474093727068976,7.380116411261028e-06,0.0005765558380517177
6815,0.0008369067800231278,0.0008268166238849517,0.0006864679962745868,7.3775472114779455e-06,0.0005765558380517177
6816,0.0008762178913457319,0.0008688797752256505,0.0007381742434517946,7.374977270468957e-06,0.0005765558380517177
6817,0.0009345056460006163,0.000788648052548524,0.0009869392815744504,7.372406589248635e-06,0.0005765558380517177
6818,0.0008624879992567003,0.0007558312208857387,0.0006993001152295619,7.369835168831846e-06,0.0005765558380517177
6819,0.0010761856683529913,0.0009289975423598662,0.0009756794024724513,7.3672630102337456e-06,0.0005765558380517177
6820,0.0009684905235189945,0.0007859674296923913,0.0007403961390082259,7.364690114469779e-06,0.0005765558380517177
6821,0.0009287876819144003,0.0007917939656181261,0.0007593129121232778,7.362116482555687e-06,0.0005765558380517177
6822,0.0007361321113421582,0.0008118427504086867,0.0006710384259349667,7.359542115507497e-06,0.0005765558380517177
6823,0.0008956447200034745,0.0008244324890256394,0.0007470391792594455,7.3569670143415305e-06,0.0005765558380517177
6824,0.000914969525183551,0.0008392591116717085,0.0006965760185266845,7.354391180074394e-06,0.0005765558380517177
6825,0.0008710924885235727,0.0007949331666168291,0.000862768036313355,7.35181461372299e-06,0.0005765558380517177
6826,0.0008769478517933749,0.0008314632141264156,0.0006876745210320223,7.349237316304502e-06,0.0005765558380517177
6827,0.0011628289212239906,0.0009375855952384882,0.0007077191621647216,7.346659288836409e-06,0.0005765558380517177
6828,0.0008292283710034098,0.0006964463391341269,0.0007331940978474449,7.344080532336472e-06,0.0005765558380517177
6829,0.0006460085096477997,0.0007990187768882606,0.0007619923198944889,7.341501047822747e-06,0.0005765558380517177
6830,0.000993800553260371,0.0008471444380120374,0.000785175223427359,7.338920836313571e-06,0.0005765558380517177
6831,0.0008354044912266545,0.0007909383020887617,0.0007110062069841661,7.336339898827572e-06,0.0005765558380517177
6832,0.0008144228922901675,0.0007131041929824278,0.0007144168630475178,7.333758236383664e-06,0.0005765558380517177
6833,0.0008955418888945132,0.0007312694215215743,0.0009264504769816995,7.331175850001044e-06,0.0005765558380517177
6834,0.0010256794266751967,0.0010935230166069232,0.0006864627139293589,7.3285927406991985e-06,0.0005765558380517177
6835,0.00083687649021158,0.0008659398081363179,0.0010146876884391531,7.326008909497899e-06,0.0005765558380517177
6836,0.000876293117471505,0.0007749870273983106,0.0007865957595640793,7.323424357417201e-06,0.0005765558380517177
6837,0.0009635307433200069,0.0009590541740180925,0.0006760087198927067,7.320839085477445e-06,0.0005765558380517177
6838,0.0007915874157333747,0.0008245977587648667,0.0008855956912157126,7.318253094699253e-06,0.0005765558380517177
6839,0.0008048789968597703,0.0009160945774056017,0.00063706909713801,7.315666386103535e-06,0.0005765558380517177
6840,0.0008769883279455826,0.0007256589160533622,0.0007251843417179771,7.313078960711482e-06,0.0005765558380517177
6841,0.0009132625054917298,0.000767132849432528,0.000894313670869451,7.31049081954457e-06,0.0005765558380517177
6842,0.0010059561536763795,0.0009756786967045628,0.0007488015544367954,7.307901963624553e-06,0.0005765558380517177
6843,0.0009535321587463841,0.0007293417183973361,0.0007810462302586529,7.305312393973476e-06,0.0005765558380517177
6844,0.0008858526343828999,0.0007908358602435328,0.0007511779986089095,7.302722111613652e-06,0.0005765558380517177
6845,0.001047739315254148,0.0009298205768573098,0.0007055609530652873,7.3001311175676915e-06,0.0005765558380517177
6846,0.0009289448207709938,0.0007916747345007025,0.0007987361968844198,7.297539412858474e-06,0.0005765558380517177
6847,0.000777652814576868,0.0009815746525418945,0.000663628066831734,7.2949469985091615e-06,0.0005765558380517177
6848,0.0008119893464026973,0.0008494021458318457,0.0007233667274704203,7.292353875543203e-06,0.0005765558380517177
6849,0.0007881164929131046,0.0007540839069406502,0.0007627805680385791,7.289760044984319e-06,0.0005765558380517177
6850,0.0009571343107381836,0.0007053809058561455,0.0007300660872715525,7.287165507856513e-06,0.0005765558380517177
6851,0.0008408859866904095,0.0009282292521675117,0.0008539764967281371,7.2845702651840684e-06,0.0005765558380517177
6852,0.001012748689390719,0.0008805597099126317,0.0007457037609128747,7.281974317991545e-06,0.0005765558380517177
6853,0.0007555278352811001,0.0008524900549673475,0.0007766975541017018,7.279377667303781e-06,0.0005765558380517177
6854,0.0010799102165037766,0.000703815690940246,0.0006291361460171174,7.276780314145895e-06,0.0005765558380517177
6855,0.0006515315981232561,0.0007787000431562774,0.0007493227822124027,7.27418225954328e-06,0.0005765558380517177
6856,0.0009285082633141428,0.0008226333811762743,0.0008740579360164702,7.271583504521606e-06,0.0005765558380517177
6857,0.0007434543877025135,0.000892120642674854,0.0006374770746333525,7.268984050106821e-06,0.0005765558380517177
6858,0.0009209059498971328,0.0008613835598225705,0.0007393296109512448,7.266383897325148e-06,0.0005765558380517177
6859,0.0008766050159465522,0.000967959756962955,0.0006705814594170079,7.263783047203086e-06,0.0005765558380517177
6860,0.0009622121433494613,0.0006999608522164635,0.0010359700245317072,7.261181500767412e-06,0.0005765558380517177
6861,0.0007853089919080958,0.0008233734697569162,0.0005958426409051754,7.258579259045172e-06,0.0005765558380517177
6862,0.0008138364719343372,0.0007617615046910942,0.0007131745296646841,7.2559763230636895e-06,0.0005765558380517177
6863,0.0007727511328994296,0.0009016245385282673,0.0007491054784622975,7.253372693850567e-06,0.0005765558380517177
6864,0.0008660126331960782,0.0008977344768936746,0.0007841082915547304,7.250768372433671e-06,0.0005765558380517177
6865,0.0007975176486070268,0.0009837291581789032,0.000734484176064143,7.248163359841148e-06,0.0005765558380517177
6866,0.000744146262150025,0.0008734355942578986,0.0007368979313469026,7.2455576571014175e-06,0.0005765558380517177
6867,0.0010374818521086127,0.000671090318064671,0.000672952548484318,7.2429512652431676e-06,0.0005765558380517177
6868,0.0009453721504542045,0.0008458670054096729,0.0009109178499784321,7.240344185295362e-06,0.0005765558380517177
6869,0.0011312617207295261,0.0009344327554572374,0.0009057407660293393,7.237736418287231e-06,0.0005765558380517177
6870,0.0009433673258172348,0.0008202782846638002,0.0008709804023965262,7.235127965248286e-06,0.0005765558380517177
6871,0.0008865705749485642,0.0010426338121760637,0.0006956830111448653,7.2325188272082985e-06,0.0005765558380517177
6872,0.0008227225043810904,0.0009046304403454997,0.0007887930478318594,7.229909005197314e-06,0.0005765558380517177
6873,0.000780289283284219,0.0008395992772420868,0.000666191743221134,7.227298500245652e-06,0.0005765558380517177
6874,0.0009219285493600182,0.0007458510517608374,0.000895334844244644,7.224687313383896e-06,0.0005765558380517177
6875,0.0009189565462293103,0.0009265007174690254,0.0006648622438660823,7.222075445642905e-06,0.0005765558380517177
6876,0.0007403986528515816,0.0006935187921044417,0.0008328434123541228,7.219462898053799e-06,0.0005765558380517177
6877,0.0008957102836575359,0.000797314009105321,0.0006545742253365461,7.216849671647971e-06,0.0005765558380517177
6878,0.0007923149860289413,0.0009027763735502958,0.0007621498079970479,7.214235767457084e-06,0.0005765558380517177
6879,0.0010983987158397213,0.0007324314865400083,0.0009811567069846205,7.211621186513063e-06,0.0005765558380517177
6880,0.0007502948283217847,0.0007167971125454642,0.000755343797209207,7.209005929848106e-06,0.0005765558380517177
6881,0.0009491887758485973,0.0008319624175783247,0.0007822260886314325,7.206389998494672e-06,0.0005765558380517177
6882,0.0008945972585934214,0.0008369839197257534,0.0008104972293949686,7.203773393485491e-06,0.0005765558380517177
6883,0.0008721154881641269,0.0007317524577956647,0.0008512161875842139,7.201156115853556e-06,0.0005765558380517177
6884,0.0008993742085294798,0.0008462637160846498,0.0008132881412166171,7.1985381666321275e-06,0.0005765558380517177
6885,0.0010155182098969817,0.0008940365005400963,0.0006702894388581626,7.195919546854732e-06,0.0005765558380517177
6886,0.0007734916362096556,0.0008997023978736252,0.0008708318928256631,7.193300257555158e-06,0.0005765558380517177
6887,0.0007627296799910255,0.0006508962105726823,0.0007237264944706112,7.190680299767458e-06,0.0005765558380517177
6888,0.0007548059838882182,0.0010697464385884814,0.0007496309190173633,7.188059674525951e-06,0.0005765558380517177
6889,0.0008122483050101437,0.0006776218506274745,0.0008361778964172117,7.1854383828652174e-06,0.0005765558380517177
6890,0.0008424304251093417,0.0006951527720957529,0.0007479232735931873,7.182816425820102e-06,0.0005765558380517177
6891,0.0008695582000655122,0.0007880878038122319,0.0007719807763351128,7.180193804425713e-06,0.0005765558380517177
6892,0.001108383024984505,0.000823622915049782,0.0007157674117479473,7.177570519717421e-06,0.0005765558380517177
6893,0.000958731077844277,0.0008170713190338574,0.000994006906694267,7.1749465727308536e-06,0.0005765558380517177
6894,0.0007115499829524197,0.0007158772677939851,0.0007024036895018071,7.172321964501904e-06,0.0005765558380517177
6895,0.0007460485358024016,0.0007973324863996822,0.0006214817003638018,7.16969669606673e-06,0.0005765558380517177
6896,0.0010559345755609684,0.0008351675787707791,0.0007543421925220173,7.167070768461743e-06,0.0005765558380517177
6897,0.0008245042263297364,0.0007635244328412227,0.0006521596733364277,7.164444182723617e-06,0.0005765558380517177
6898,0.0009670809522503987,0.0010640582659107167,0.0005711715602956247,7.161816939889287e-06,0.0005765558380517177
6899,0.0008754398077144288,0.0007793454060447402,0.0006878784843138419,7.159189040995948e-06,0.0005765558380517177
6900,0.0008156041731126606,0.0008856090134941041,0.0007741343943052925,7.156560487081052e-06,0.0005765558380517177
6901,0.000805369098088704,0.0011054245187551714,0.0007929577332106419,7.153931279182309e-06,0.0005765558380517177
6902,0.0009063645629794337,0.000778074907429982,0.0007429330071317963,7.151301418337692e-06,0.0005765558380517177
6903,0.0009136288208537735,0.0008035382488742471,0.000758901602239348,7.148670905585426e-06,0.0005765558380517177
6904,0.0008318891887029167,0.0008073735370999202,0.0007483638109988533,7.146039741963996e-06,0.0005765558380517177
6905,0.0010728941269917414,0.0006926184032636229,0.0007323975405597594,7.143407928512146e-06,0.0005765558380517177
6906,0.0009400474955327809,0.0009145950098172761,0.0007211588927020784,7.140775466268872e-06,0.0005765558380517177
6907,0.0008382472369703464,0.0010214749781880528,0.0007050086642266251,7.138142356273427e-06,0.0005765558380517177
6908,0.0009487559655099176,0.0009670852232375182,0.0008169124048436061,7.1355085995653226e-06,0.0005765558380517177
6909,0.0009169428449240513,0.0008139362616930157,0.0008287403543363325,7.1328741971843265e-06,0.0005765558380517177
6910,0.0011066820807172917,0.0007201098451332655,0.0007375137502094731,7.130239150170456e-06,0.0005765558380517177
6911,0.0010647168746800162,0.000873050834343303,0.0009467178169870749,7.127603459563988e-06,0.0005765558380517177
6912,0.001068125682650134,0.0007483110020984896,0.0007618867275596131,7.124967126405449e-06,0.0005765558380517177
6913,0.0010351631754019763,0.0009130646794801578,0.0006978534584050067,7.122330151735624e-06,0.0005765558380517177
6914,0.0008320225097122602,0.0007694410160183907,0.0007900258642621338,7.119692536595549e-06,0.0005765558380517177
6915,0.0009232079537468962,0.0007591959256387781,0.0009186059032799676,7.117054282026509e-06,0.0005765558380517177
6916,0.0008842533716233447,0.0008783804223639891,0.0007874582370277494,7.1144153890700495e-06,0.0005765558380517177
6917,0.0008109753034659661,0.0006917250793776475,0.0007314295071410015,7.111775858767959e-06,0.0005765558380517177
6918,0.0008847631761454977,0.000867428352648858,0.0007605345890624449,7.109135692162289e-06,0.0005765558380517177
6919,0.0009403544827364385,0.0007660817864234559,0.0007101809096639045,7.10649489029533e-06,0.0005765558380517177
6920,0.0008656099089421332,0.0006336606202239636,0.0007689903723075986,7.103853454209629e-06,0.0005765558380517177
6921,0.0008653220247651916,0.0007112819803296588,0.000735924651962705,7.1012113849479845e-06,0.0005765558380517177
6922,0.0007511709773098119,0.000839361862745136,0.0008105032102321275,7.098568683553445e-06,0.0005765558380517177
6923,0.0007861430858611129,0.0007761451197438873,0.0007986780765349977,7.095925351069306e-06,0.0005765558380517177
6924,0.0010119883372681215,0.0007108870122465305,0.0006985605505178683,7.093281388539112e-06,0.0005765558380517177
6925,0.0008422125320066698,0.0009324413367721718,0.0009187933392240666,7.0906367970066576e-06,0.0005765558380517177
6926,0.0007737660998827778,0.0008404804539168254,0.0007218206956167705,7.087991577515987e-06,0.0005765558380517177
6927,0.0007858798271627165,0.0009212718941853382,0.0008094993936538231,7.0853457311113905e-06,0.0005765558380517177
6928,0.0007734587925369851,0.0008201429154723883,0.0007544222680735402,7.0826992588374086e-06,0.0005765558380517177
6929,0.0008298610046040267,0.0007533720417995937,0.000804029667051509,7.0800521617388226e-06,0.0005765558380517177
6930,0.0008866324569680728,0.0008834116379148327,0.0007279078490682878,7.077404440860666e-06,0.0005765558380517177
6931,0.0010119218859472312,0.0006872839767311234,0.0008712169947102666,7.074756097248219e-06,0.0005765558380517177
6932,0.0007604230631841347,0.0009376817688462324,0.0008026650830288418,7.072107131947002e-06,0.0005765558380517177
6933,0.0007683019830437843,0.0008935880468925461,0.000852439938171301,7.069457546002787e-06,0.0005765558380517177
6934,0.0009735114872455597,0.0007451048113580327,0.0006581047200597823,7.066807340461589e-06,0.0005765558380517177
6935,0.0009668856728239916,0.0007084853350534104,0.0007231118834170047,7.064156516369666e-06,0.0005765558380517177
6936,0.0008798900016699918,0.0008471778382954653,0.0007467378236469813,7.061505074773523e-06,0.0005765558380517177
6937,0.0007589802917209454,0.0008086736197583377,0.0009425191456102766,7.0588530167199044e-06,0.0005765558380517177
6938,0.0008524744407623075,0.0009390197301399894,0.0008039932254177984,7.056200343255804e-06,0.0005765558380517177
6939,0.000939444980758708,0.0008371633884962648,0.0008173637834261172,7.053547055428452e-06,0.0005765558380517177
6940,0.0007379233138635755,0.0009663735327194445,0.0007675376182305627,7.0508931542853265e-06,0.0005765558380517177
6941,0.0009355693255201913,0.0007965123077156022,0.0008156666590366513,7.048238640874146e-06,0.0005765558380517177
6942,0.0007690714628552087,0.0009223773158737458,0.0006168635045469273,7.045583516242867e-06,0.0005765558380517177
6943,0.0008566777396481484,0.0008860905436449684,0.0008657074504299089,7.0429277814396955e-06,0.0005765558380517177
6944,0.0008314008300658315,0.0007618714953423478,0.000649133391561918,7.040271437513071e-06,0.0005765558380517177
6945,0.000836792154586874,0.0008033070480450988,0.0007515296601923183,7.037614485511676e-06,0.0005765558380517177
6946,0.0008673995325807482,0.001101222831493942,0.000814811464806553,7.034956926484432e-06,0.0005765558380517177
6947,0.0008797820992185734,0.0007934432687761728,0.0006366955931298435,7.032298761480504e-06,0.0005765558380517177
6948,0.001080425914551597,0.0007663548021810129,0.0006971444745431654,7.029639991549292e-06,0.0005765558380517177
6949,0.0009356289956485853,0.0007999490517249797,0.0006895139158586971,7.026980617740433e-06,0.0005765558380517177
6950,0.0008371670592168812,0.0007420355832437053,0.0008618686260888353,7.024320641103813e-06,0.0005765558380517177
6951,0.0008889003074727952,0.0008361135260201991,0.000736395682906732,7.021660062689542e-06,0.0005765558380517177
6952,0.0008369289280381054,0.0007455614322680049,0.0006635734862356912,7.0189988835479764e-06,0.0005765558380517177
6953,0.0007684373485972174,0.0008204892110370565,0.0006421619982575066,7.016337104729709e-06,0.0005765558380517177
6954,0.001087741373339668,0.0008700714242877439,0.0009667931808508001,7.013674727285566e-06,0.0005765558380517177
6955,0.0008931646661949344,0.0008564410309190862,0.0008038251326070167,7.011011752266613e-06,0.0005765558380517177
6956,0.0008532456631655805,0.0007835670839995146,0.0007403078889183234,7.008348180724151e-06,0.0005765558380517177
6957,0.0008836410561343655,0.0012245419275132008,0.0006741148317814805,7.005684013709714e-06,0.0005765558380517177
6958,0.0009356962618767284,0.0008094673612504266,0.0009849122652667575,7.0030192522750744e-06,0.0005765558380517177
6959,0.0007348001563514117,0.0008754212758503854,0.000824635433673393,7.000353897472236e-06,0.0005765558380517177
6960,0.000768952610087581,0.0008976440585684031,0.0007477004292013589,6.99768795035344e-06,0.0005765558380517177
6961,0.0007950435465318151,0.0007884670776547864,0.0008765123784542084,6.995021411971161e-06,0.0005765558380517177
6962,0.000809735654911492,0.000864802368596429,0.0007747054951323662,6.992354283378105e-06,0.0005765558380517177
6963,0.0008158526907209307,0.0009607637039152905,0.0006716756397509016,6.989686565627211e-06,0.0005765558380517177
6964,0.0009175336854241323,0.0007613452908117324,0.0006320873289951123,6.987018259771656e-06,0.0005765558380517177
6965,0.0007878793549025431,0.000909534988750238,0.0006667649613518734,6.9843493668648375e-06,0.0005765558380517177
6966,0.0008580283756600693,0.0007962018644320779,0.0006728868647769559,6.981679887960401e-06,0.0005765558380517177
6967,0.000808149554359261,0.0008067261805990711,0.0009414590458618477,6.979009824112205e-06,0.0005765558380517177
6968,0.0009590908375685103,0.0009476228660787456,0.000812772115750704,6.976339176374358e-06,0.0005765558380517177
6969,0.0008761926292208955,0.0009309129309258424,0.0008123629741021432,6.973667945801184e-06,0.0005765558380517177
6970,0.0009145338772214018,0.0010239502807962708,0.0008006044590729289,6.970996133447241e-06,0.0005765558380517177
6971,0.0009430170975974761,0.0007902696233941242,0.0006416747710318305,6.9683237403673234e-06,0.0005765558380517177
6972,0.0010984009568346664,0.0008580493667977862,0.0007863526989240199,6.965650767616446e-06,0.0005765558380517177
6973,0.0008268663150374778,0.0009766322655195836,0.0008678621088620275,6.962977216249856e-06,0.0005765558380517177
6974,0.0008229877857957035,0.0011334747541695833,0.0007109424041118473,6.96030308732303e-06,0.0005765558380517177
6975,0.0008386146728298627,0.00085531419608742,0.0006744317179254722,6.957628381891673e-06,0.0005765558380517177
6976,0.0007397583103738725,0.0007793587465130258,0.0007753385580144823,6.954953101011715e-06,0.0005765558380517177
6977,0.0008514666042174213,0.0009203351510223001,0.0007132343453122303,6.952277245739315e-06,0.0005765558380517177
6978,0.0009253071984858252,0.0008269795653177425,0.0006048881259630434,6.949600817130857e-06,0.0005765558380517177
6979,0.0006874085011077113,0.0008262667324743234,0.0006932984542800114,6.946923816242953e-06,0.0005765558380517177
6980,0.0009858466291916557,0.0008235371642513201,0.0008664376000524499,6.944246244132442e-06,0.0005765558380517177
6981,0.0009135876098298468,0.0007722559676039964,0.0005696664848073851,6.941568101856388e-06,0.0005765558380517177
6982,0.0008504719589836895,0.0007678500624024309,0.0006810226623201743,6.938889390472076e-06,0.0005765558380517177
6983,0.0009768867712409701,0.0007735898143437225,0.0008683707565069199,6.936210111037021e-06,0.0005765558380517177
6984,0.0009064915357157588,0.0006305640308710281,0.0007135302730603144,6.9335302646089585e-06,0.0005765558380517177
6985,0.0007602620826219209,0.0007542166276834905,0.0007069462881190702,6.930849852245849e-06,0.0005765558380517177
6986,0.0008854545812937431,0.0008651585449115373,0.0006549181343871169,6.92816887500588e-06,0.0005765558380517177
6987,0.0008880316163413227,0.0007850601032259874,0.0007050114145386033,6.925487333947457e-06,0.0005765558380517177
6988,0.0010290512145729735,0.0008234676824940834,0.0007550594164058566,6.922805230129209e-06,0.0005765558380517177
6989,0.0007873397116782144,0.0007252534924191423,0.0007398977249977179,6.920122564609989e-06,0.0005765558380517177
6990,0.0009347426021122374,0.0006383477884810418,0.0006017691666784231,6.917439338448873e-06,0.0005765558380517177
6991,0.0007609938620589674,0.0009320024691987783,0.0007259990670718253,6.9147555527051515e-06,0.0005765558380517177
6992,0.0009992375562433153,0.0009366767117171548,0.0007717931221122853,6.912071208438344e-06,0.0005765558380517177
6993,0.0008009092780412175,0.0009604200058674905,0.0006563219358213246,6.909386306708186e-06,0.0005765558380517177
6994,0.0007196881233539898,0.0009810041810851544,0.0006208010236150585,6.9067008485746365e-06,0.0005765558380517177
6995,0.0007583512124256231,0.0007689105696044862,0.0007078588678268716,6.904014835097867e-06,0.0005765558380517177
6996,0.0009200847125612199,0.0008146554828272201,0.000651199028652627,6.901328267338278e-06,0.0005765558380517177
6997,0.0010609890960040502,0.0009225794419762678,0.0007187859009718522,6.898641146356481e-06,0.0005765558380517177
6998,0.000829031785542611,0.0009473181125940755,0.0007279546443896834,6.895953473213309e-06,0.0005765558380517177
6999,0.0009180576234939508,0.0007770519951009192,0.0007040369418973569,6.893265248969815e-06,0.0005765558380517177
7000,0.0008901492910808884,0.0007568102118966635,0.0006747922307113186,6.8905764746872645e-06,0.0005765558380517177
7001,0.0008458061565761454,0.000852293123898562,0.0007703086484980304,6.8878871514271446e-06,0.0005765558380517177
7002,0.0008679033126099966,0.00094416226784233,0.0008833686661091633,6.885197280251157e-06,0.0005765558380517177
7003,0.0007558553479611874,0.000755753160774475,0.0007037604700599331,6.882506862221219e-06,0.0005765558380517177
7004,0.001126218805438839,0.0007627893064636737,0.00078472636960214,6.8798158983994705e-06,0.0005765558380517177
7005,0.0007783732289681211,0.0009625510647310875,0.0006855614046799019,6.8771243898482536e-06,0.0005765558380517177
7006,0.0009198570660373662,0.0008356462640222162,0.0008326740571646951,6.874432337630139e-06,0.0005765558380517177
7007,0.000975101487711072,0.0009353041095891967,0.0007532438612543046,6.871739742807905e-06,0.0005765558380517177
7008,0.0006891401426400989,0.0011179430148331448,0.0006862326117698103,6.869046606444542e-06,0.0005765558380517177
7009,0.0007317417694139294,0.0008259916940005496,0.0008822783711366355,6.866352929603262e-06,0.0005765558380517177
7010,0.0010500418356969021,0.0007450971097568981,0.0006565593939740211,6.863658713347484e-06,0.0005765558380517177
7011,0.0007415139116346836,0.0010339877335354686,0.0007656391244381666,6.860963958740841e-06,0.0005765558380517177
7012,0.0007249844493344426,0.0008044027199503034,0.0007229546718008351,6.858268666847183e-06,0.0005765558380517177
7013,0.0007358621005550958,0.0007797552534611896,0.0008031087054405361,6.855572838730563e-06,0.0005765558380517177
7014,0.0009129430727625731,0.0008182778692571446,0.0007688296755077317,6.852876475455258e-06,0.0005765558380517177
7015,0.0007896884526417125,0.0009208362462231889,0.0008483118799631484,6.850179578085743e-06,0.0005765558380517177
7016,0.0007931073268991895,0.0008978185069281608,0.0007521668812842108,6.847482147686716e-06,0.0005765558380517177
7017,0.0008117699399008416,0.0009279121659346856,0.0007021704623184633,6.844784185323076e-06,0.0005765558380517177
7018,0.0008620681765023619,0.0008368054768652655,0.000746498022635933,6.8420856920599355e-06,0.0005765558380517177
7019,0.0008122075196297374,0.0008300265326397493,0.000802938942797482,6.8393866689626195e-06,0.0005765558380517177
7020,0.000721907435945468,0.000738078735594172,0.0007089500759320799,6.8366871170966565e-06,0.0005765558380517177
7021,0.0010401702456874773,0.0007799059894750826,0.0007114751715562306,6.833987037527792e-06,0.0005765558380517177
7022,0.0009309437955380417,0.0009164027724182233,0.000807494878245052,6.8312864313219705e-06,0.0005765558380517177
7023,0.000786791046266444,0.0009384855584357865,0.0007416879016091116,6.828585299545348e-06,0.0005765558380517177
7024,0.0008540563212591223,0.0008238919508585241,0.0006909116091264877,6.82588364326429e-06,0.0005765558380517177
7025,0.0008934662728279363,0.0007131298116291873,0.0008559435882489197,6.823181463545368e-06,0.0005765558380517177
7026,0.0009348593339382205,0.0011832243544631638,0.0006882928864797577,6.820478761455359e-06,0.0005765558380517177
7027,0.0008701199985807762,0.0007197862687462475,0.0005714890721719712,6.817775538061248e-06,0.0005765558380517177
7028,0.0006801652416470461,0.0008857153807184659,0.0007129682780941948,6.815071794430225e-06,0.0005765558380517177
7029,0.0008503894714522175,0.0007836791046429425,0.0009218395061907358,6.812367531629683e-06,0.0005765558380517177
7030,0.0011238502338528633,0.001005047553917393,0.0006424921884899959,6.8096627507272235e-06,0.0005765558380517177
7031,0.0009151264166575857,0.00088849072199082,0.0006831487989984453,6.806957452790652e-06,0.0005765558380517177
7032,0.0008710622132639401,0.0007179031053965446,0.0007166623399825767,6.804251638887975e-06,0.0005765558380517177
7033,0.0008004234114196151,0.0007305934850592166,0.0007684650663577486,6.801545310087407e-06,0.0005765558380517177
7034,0.0008664080232847482,0.0008152311129379086,0.000816140222013928,6.798838467457364e-06,0.0005765558380517177
7035,0.0008929118630476296,0.0007974788459250703,0.0007028735999483615,6.796131112066463e-06,0.0005765558380517177
7036,0.0009089003797271289,0.0009177363681374118,0.0007778162907925434,6.793423244983524e-06,0.0005765558380517177
7037,0.0007639783434569836,0.0007304050777747761,0.0009211507713189349,6.790714867277574e-06,0.0005765558380517177
7038,0.0007421735281241126,0.0007801075553288683,0.0006905940681463107,6.788005980017834e-06,0.0005765558380517177
7039,0.0009196392420562916,0.0007392583866021596,0.0008120403399516363,6.785296584273732e-06,0.0005765558380517177
7040,0.0008277017914224416,0.0009715458290884271,0.0007882028294261545,6.782586681114894e-06,0.0005765558380517177
7041,0.0008286020893137902,0.0008540990820620209,0.0006978077872190624,6.779876271611144e-06,0.0005765558380517177
7042,0.0008318933978443965,0.0009078912989934906,0.0006618975021410733,6.777165356832515e-06,0.0005765558380517177
7043,0.0007841676560929045,0.0007725593131908681,0.0007637754206371028,6.774453937849227e-06,0.0005765558380517177
7044,0.000876010257343296,0.0007852962880861014,0.0008243747288361192,6.771742015731709e-06,0.0005765558380517177
7045,0.0007668113939871546,0.0009434586609131657,0.0006504265002149623,6.769029591550582e-06,0.0005765558380517177
7046,0.0006682185776298866,0.0008524595396011136,0.0007726007024757564,6.766316666376673e-06,0.0005765558380517177
7047,0.000851406657602638,0.0008174530375981703,0.0007735868493909948,6.7636032412809965e-06,0.0005765558380517177
7048,0.0008532689389539883,0.0009737119253259152,0.0007086294572218321,6.760889317334771e-06,0.0005765558380517177
7049,0.0009522943073534407,0.0009630213753553107,0.0007741521767457016,6.758174895609414e-06,0.0005765558380517177
7050,0.0008025593924685381,0.0008027047442737967,0.0007419646935886703,6.755459977176532e-06,0.0005765558380517177
7051,0.0009752472542459145,0.0007164851995185018,0.0007141291498555802,6.752744563107935e-06,0.0005765558380517177
7052,0.0008810058934614062,0.0007625877697137184,0.0007161850080592558,6.750028654475624e-06,0.0005765558380517177
7053,0.0007184562418842688,0.0006718290860590059,0.0006350991388899274,6.7473122523517945e-06,0.0005765558380517177
7054,0.0008568435878260061,0.000741375217330642,0.0006822168325015809,6.744595357808844e-06,0.0005765558380517177
7055,0.000959958641033154,0.001077789202099666,0.0007770396296109539,6.741877971919357e-06,0.0005765558380517177
7056,0.0008613551617600024,0.0007197391460067593,0.0007873304202803411,6.739160095756113e-06,0.0005765558380517177
7057,0.0007386451179627329,0.0008285144795081578,0.000804576717200689,6.736441730392088e-06,0.0005765558380517177
7058,0.0007167063376982696,0.001013720793707762,0.0007501877698814496,6.7337228769004485e-06,0.0005765558380517177
7059,0.000926950728171505,0.0008817308844299987,0.000716894275683444,6.7310035363545575e-06,0.0005765558380517177
7060,0.0010345780319767073,0.0008093432043096982,0.0006850803329143673,6.728283709827965e-06,0.0005765558380517177
7061,0.0009949847590178251,0.0008559981652069837,0.0008313147845910862,6.725563398394414e-06,0.0005765558380517177
7062,0.0008186368722817861,0.0007527634807047434,0.0007490270872949623,6.722842603127844e-06,0.0005765558380517177
7063,0.0009354760040878318,0.0008286001248052344,0.00073409544347669,6.720121325102381e-06,0.0005765558380517177
7064,0.0008266121440101415,0.0007979119545780122,0.0008338420229847543,6.7173995653923425e-06,0.0005765558380517177
7065,0.0008807005942799151,0.0008349667987204157,0.0007100347902451176,6.714677325072235e-06,0.0005765558380517177
7066,0.0008678013764438219,0.0008104041116894223,0.0006465915212174878,6.711954605216754e-06,0.0005765558380517177
7067,0.0007754865364404395,0.0009077829017769545,0.0006331200711429119,6.709231406900791e-06,0.0005765558380517177
7068,0.0009659766656113788,0.0009070078594959341,0.0008186525010387413,6.706507731199418e-06,0.0005765558380517177
7069,0.0008808625789242797,0.0007440873014274985,0.0008736008021514863,6.703783579187901e-06,0.0005765558380517177
7070,0.0012132805059081875,0.000993878253211733,0.0007549029178335331,6.7010589519416905e-06,0.0005765558380517177
7071,0.0007081143339746632,0.0008819927606964484,0.0008232314794440754,6.6983338505364265e-06,0.0005765558380517177
7072,0.0008948800787038635,0.0007169027667259797,0.0009026753687066957,6.695608276047937e-06,0.0005765558380517177
7073,0.00078640527499374,0.0007266712636919692,0.0007028239342616871,6.692882229552235e-06,0.0005765558380517177
7074,0.0009647266706451774,0.0007903703844931442,0.0010253043292323127,6.6901557121255195e-06,0.0005765558380517177
7075,0.000827023930469295,0.0008907777555577923,0.0009375450681545772,6.687428724844179e-06,0.0005765558380517177
7076,0.0007565233390778303,0.0007373179869318847,0.0007751474986434914,6.684701268784781e-06,0.0005765558380517177
7077,0.001006746431812644,0.000806301693955902,0.0006431666515709367,6.681973345024086e-06,0.0005765558380517177
7078,0.0007774566183798015,0.0008987824767245911,0.0008120023994706571,6.679244954639031e-06,0.0005765558380517177
7079,0.0008205408157664351,0.0008758378244237974,0.000683468137140153,6.676516098706745e-06,0.0005765558380517177
7080,0.0007359855590038933,0.0008603507812949829,0.0006635028621531092,6.673786778304537e-06,0.0005765558380517177
7081,0.0008894830389181152,0.0007996218591870274,0.0006693422292300966,6.671056994509895e-06,0.0005765558380517177
7082,0.0008336932078236714,0.0008733367649256252,0.0009518890146864578,6.6683267484005e-06,0.0005765558380517177
7083,0.0008061605112743564,0.0008666583307785913,0.0006104349231463857,6.665596041054206e-06,0.0005765558380517177
7084,0.000904882064787671,0.0008482966331939679,0.0007549139882030431,6.662864873549056e-06,0.0005765558380517177
7085,0.0008545374730601907,0.0007389556885755155,0.0007130309168132953,6.66013324696327e-06,0.0005765558380517177
7086,0.0009039383076014929,0.0007867411768529564,0.0006708438377245329,6.65740116237525e-06,0.0005765558380517177
7087,0.0008712496273801662,0.0007540947481174953,0.0006685793305223342,6.6546686208635815e-06,0.0005765558380517177
7088,0.0008690399117767811,0.0008542013201804366,0.0006982111954130232,6.651935623507028e-06,0.0005765558380517177
7089,0.000892943877261132,0.0010446196502016392,0.0007133458129828796,6.649202171384533e-06,0.0005765558380517177
7090,0.0010544030519668013,0.0007096236695360858,0.0007729068165645003,6.646468265575221e-06,0.0005765558380517177
7091,0.0008467916995869018,0.0006467617604357656,0.0006923220935277641,6.643733907158394e-06,0.0005765558380517177
7092,0.0009350526161142625,0.0007824877466191538,0.0007598434422106948,6.640999097213533e-06,0.0005765558380517177
7093,0.0007236617238959298,0.0007759026557323523,0.0007542988059867639,6.638263836820299e-06,0.0005765558380517177
7094,0.000871206633746624,0.0008864052433636971,0.0007288697488547768,6.6355281270585294e-06,0.0005765558380517177
7095,0.0006738320153090172,0.0006923535402165726,0.0007532865274697542,6.6327919690082385e-06,0.0005765558380517177
7096,0.0006685514963464811,0.0009810413685045205,0.0008666700741741806,6.630055363749617e-06,0.0005765558380517177
7097,0.0008567918557673693,0.0008438495460723061,0.000657691307424102,6.6273183123630345e-06,0.0005765558380517177
7098,0.0007499359344365075,0.0006985291074670386,0.0008180640579666942,6.624580815929038e-06,0.0005765558380517177
7099,0.0008660520470584743,0.0007096498484315816,0.0006562884846061934,6.6218428755283415e-06,0.0005765558380517177
7100,0.0010393178308731876,0.0008742037389311008,0.000793684106611181,6.619104492241849e-06,0.0005765558380517177
7101,0.0007949316131998785,0.0009065728518180549,0.0007485800088034011,6.616365667150621e-06,0.0005765558380517177
7102,0.0007395800275844522,0.0008659384766360745,0.0007631651678821072,6.613626401335911e-06,0.0005765558380517177
7103,0.0009020762518048286,0.000715482823579805,0.0006824227202741895,6.610886695879133e-06,0.0005765558380517177
7104,0.0010422320847283117,0.0008138574776239693,0.0006681585800834,6.60814655186188e-06,0.0005765558380517177
7105,0.0009977261142921634,0.0007018306205281988,0.000677505748171825,6.60540597036592e-06,0.0005765558380517177
7106,0.001004643490887247,0.0009527672082185745,0.0006791037594666705,6.602664952473186e-06,0.0005765558380517177
7107,0.0010145585692953318,0.000818262851680629,0.0007591407775180414,6.5999234992657955e-06,0.0005765558380517177
7108,0.0009594578077667393,0.0008568698613089509,0.0006693176837870851,6.5971816118260244e-06,0.0005765558380517177
7109,0.0007515683755627833,0.000798554508946836,0.0008007171345525421,6.594439291236328e-06,0.0005765558380517177
7110,0.0006947662986931391,0.001058304445905378,0.0006515280474559404,6.591696538579334e-06,0.0005765558380517177
7111,0.0008154409442795441,0.0008746155654080212,0.0007592832407681271,6.588953354937834e-06,0.0005765558380517177
7112,0.000877731952641625,0.0006888945863465779,0.0006606952556467149,6.586209741394797e-06,0.0005765558380517177
7113,0.0007169913078541867,0.0007350682863034308,0.000710146181518212,6.583465699033357e-06,0.0005765558380517177
7114,0.0008562801958760247,0.0008286976262752432,0.0007466469833161682,6.580721228936816e-06,0.0005765558380517177
7115,0.0008107466346700676,0.0007432632010022644,0.0008240491551987361,6.577976332188649e-06,0.0005765558380517177
7116,0.0007316198825719766,0.0008590424113208428,0.0007535952609032393,6.5752310098724985e-06,0.0005765558380517177
7117,0.0007535707263741642,0.0008956199526437558,0.000649394543870585,6.572485263072173e-06,0.0005765558380517177
7118,0.0009346408842247911,0.0010237689384666737,0.0005704303439415526,6.569739092871651e-06,0.0005765558380517177
7119,0.0009728600343805738,0.0006776135487598367,0.0006367111382132862,6.566992500355077e-06,0.0005765558380517177
7120,0.0006324061469058506,0.0009450573852518573,0.0006261895978241228,6.5642454866067625e-06,0.0005765558380517177
7121,0.000900619626918342,0.0006689976944471709,0.0006580998669960536,6.5614980527111815e-06,0.0005765558380517177
7122,0.0008895017963368446,0.0007315929397009313,0.0005965852869849186,6.558750199752982e-06,0.0005765558380517177
7123,0.0009227936971001327,0.0008362804001080804,0.0007041062272037379,6.556001928816972e-06,0.0005765558380517177
7124,0.0007990245794644579,0.0008034927886910737,0.0007818678714102134,6.553253240988123e-06,0.0005765558380517177
7125,0.0008689532114658505,0.0008138611374306493,0.0006990138535911683,6.550504137351575e-06,0.0005765558380517177
7126,0.000803430455562193,0.0007888197142165154,0.0008047683622862678,6.547754618992631e-06,0.0005765558380517177
7127,0.0009473699901718646,0.0009063384859473445,0.0007400132271868642,6.545004686996755e-06,0.0005765558380517177
7128,0.0010150937378057279,0.0007256874050654005,0.0007010525914665777,6.54225434244958e-06,0.0005765558380517177
7129,0.0007720661305938847,0.0008059215761022642,0.0006599978842132259,6.539503586436895e-06,0.0005765558380517177
7130,0.0008156347939802799,0.000728625640476821,0.000937066441110801,6.5367524200446586e-06,0.0005765558380517177
7131,0.0009282408354920335,0.000884950757608749,0.0007115945118130185,6.534000844358983e-06,0.0005765558380517177
7132,0.0008688155030540656,0.0006487928694696166,0.0006003113376209512,6.531248860466152e-06,0.0005765558380517177
7133,0.0007435293809976429,0.0007399116511805914,0.0007349211518885568,6.528496469452603e-06,0.0005765558380517177
7134,0.000819475571915973,0.0008569717319915071,0.0006720038218190894,6.5257436724049335e-06,0.0005765558380517177
7135,0.0008480358810629696,0.000893476368219126,0.0007358779512287583,6.522990470409909e-06,0.0005765558380517177
7136,0.0008324215596076101,0.0007253874828165863,0.0006826710668974556,6.520236864554448e-06,0.0005765558380517177
7137,0.0008942401618696749,0.0008264143398264423,0.0006517683796118945,6.517482855925628e-06,0.0005765558380517177
7138,0.0008860315792844631,0.0008343080480699427,0.0007821564067853615,6.514728445610693e-06,0.0005765558380517177
7139,0.0007975713815540075,0.0008479277094011195,0.0006087806214054581,6.5119736346970365e-06,0.0005765558380517177
7140,0.0010469725384609774,0.0006914693803992122,0.0007352474167419132,6.509218424272216e-06,0.0005765558380517177
7141,0.0008308905307785608,0.0007013531940174289,0.0007928815030027181,6.506462815423945e-06,0.0005765558380517177
7142,0.0008560410788049921,0.0006907825954840519,0.000744698874768801,6.503706809240092e-06,0.0005765558380517177
7143,0.0010025078445323743,0.0007167207731981762,0.0006622649671044201,6.500950406808689e-06,0.0005765558380517177
7144,0.0011105451412731782,0.0010047667237813585,0.000740541065169964,6.498193609217914e-06,0.0005765558380517177
7145,0.0008566882243030705,0.0008016993233468384,0.0008160833895090036,6.4954364175561135e-06,0.0005765558380517177
7146,0.0008972534342319705,0.0007938946764625143,0.0006656895784544758,6.492678832911778e-06,0.0005765558380517177
7147,0.0010202220728388056,0.0008326752140419558,0.0006872564117657021,6.489920856373561e-06,0.0005765558380517177
7148,0.0008426189015153795,0.0008039604836085346,0.0006682890234515071,6.487162489030268e-06,0.0005765558380517177
7149,0.0007869659821153618,0.0006659208447672427,0.0008183641257346608,6.484403731970857e-06,0.0005765558380517177
7150,0.0009405296295881271,0.0007741120862192474,0.0007568281434942037,6.481644586284442e-06,0.0005765558380517177
7151,0.0008323288566316478,0.0007456428938894533,0.0007004067410889547,6.478885053060291e-06,0.0005765558380517177
7152,0.0009225608737324364,0.000996107170067262,0.0007128530633053742,6.476125133387825e-06,0.0005765558380517177
7153,0.0009852403090917505,0.0007894115187809803,0.0006950173446966801,6.473364828356614e-06,0.0005765558380517177
7154,0.0007823866908438504,0.0009073950859601609,0.0006362296953739133,6.470604139056384e-06,0.0005765558380517177
7155,0.0009668892162153497,0.000774917149101384,0.0008024857561395038,6.467843066577012e-06,0.0005765558380517177
7156,0.0008687181325512938,0.0009817044556257315,0.0005857341820956208,6.465081612008523e-06,0.0005765558380517177
7157,0.0008634390032966621,0.0007894751761341467,0.0007013211470621172,6.462319776441099e-06,0.0005765558380517177
7158,0.0006632838194491342,0.0008730261979508214,0.0007086784025887027,6.459557560965068e-06,0.0005765558380517177
7159,0.0009915547634591348,0.0008352314980584197,0.0005807149791507982,6.456794966670907e-06,0.0005765558380517177
7160,0.000990090615232475,0.0007327690909733064,0.0007857163909648079,6.4540319946492475e-06,0.0005765558380517177
7161,0.0008950943301897496,0.0009136738808592781,0.0007029168191365898,6.451268645990864e-06,0.0005765558380517177
7162,0.0007703958690399304,0.0009434888488613069,0.0007307248488359619,6.448504921786685e-06,0.0005765558380517177
7163,0.0007882970239734277,0.0008571526559535414,0.0007550546833954286,6.445740823127785e-06,0.0005765558380517177
7164,0.0008638190229248721,0.0008305623850901611,0.0007514668905059807,6.442976351105382e-06,0.0005765558380517177
7165,0.0009255804834538139,0.0007858871467760764,0.0007272462025866844,6.4402115068108526e-06,0.0005765558380517177
7166,0.0008694874049979262,0.0007863121500122361,0.0007948014172143303,6.437446291335711e-06,0.0005765558380517177
7167,0.0008495414585922845,0.0007458468244294636,0.0009151574049610645,6.434680705771619e-06,0.0005765558380517177
7168,0.0009101746400119737,0.0009098884256673045,0.0007237498211907223,6.431914751210387e-06,0.0005765558380517177
7169,0.0007348538492806256,0.0007589591914438643,0.0006772180677216966,6.429148428743968e-06,0.0005765558380517177
7170,0.0007858550015953369,0.0008574595558457077,0.0007305400940822437,6.426381739464467e-06,0.0005765558380517177
7171,0.0009553928903187625,0.0007531513183494098,0.0008955896410043351,6.423614684464125e-06,0.0005765558380517177
7172,0.0009836009194259532,0.0008425020350841805,0.0006664247848675586,6.420847264835332e-06,0.0005765558380517177
7173,0.0008434765841229819,0.0008367483424081001,0.0007789630617480725,6.418079481670625e-06,0.0005765558380517177
7174,0.0007783377077430487,0.0008134783056448214,0.0007102432427927852,6.415311336062674e-06,0.0005765558380517177
7175,0.0007946095574880019,0.0008012758153199684,0.0007098665337252896,6.412542829104306e-06,0.0005765558380517177
7176,0.0007980012378538959,0.0007415634390781634,0.0007122321039787494,6.409773961888481e-06,0.0005765558380517177
7177,0.0008893574486137368,0.0007821696490282193,0.0005853499787917826,6.407004735508304e-06,0.0005765558380517177
7178,0.0007316027913475409,0.0009352648703497835,0.0007001454068813473,6.404235151057021e-06,0.0005765558380517177
7179,0.0008529489496140741,0.0008594309838372283,0.0007781287713441998,6.401465209628019e-06,0.0005765558380517177
7180,0.0007041125572868623,0.0008129177913360763,0.0007223360080388375,6.398694912314831e-06,0.0005765558380517177
7181,0.000686554420099128,0.0008277596461994108,0.0007428388125845231,6.395924260211125e-06,0.0005765558380517177
7182,0.0007629940955666825,0.0008615889091743156,0.0006650556133536156,6.393153254410708e-06,0.0005765558380517177
7183,0.000981575773039367,0.0007849590911064297,0.0008226136851590127,6.39038189600753e-06,0.0005765558380517177
7184,0.0008144922248902731,0.0006780433323001489,0.0006051143718650565,6.387610186095683e-06,0.0005765558380517177
7185,0.0008033081685425714,0.000808386663265992,0.000599590981437359,6.384838125769389e-06,0.0005765558380517177
7186,0.0007584205595776439,0.0009484846086706966,0.0006597376668651123,6.38206571612302e-06,0.0005765558380517177
7187,0.0007487526963814162,0.0007464093796443194,0.0006556486405315809,6.379292958251072e-06,0.0005765558380517177
7188,0.0007323801328311674,0.0006938623046153225,0.0008564988238504156,6.37651985324819e-06,0.0005765558380517177
7189,0.0007256497774505988,0.0008311762030643877,0.0007136553285818081,6.373746402209152e-06,0.0005765558380517177
7190,0.0009716865606606007,0.0007926982070785016,0.0007367687685473356,6.370972606228872e-06,0.0005765558380517177
7191,0.0009861488942988217,0.0008375320685445331,0.0006923599612491671,6.3681984664023995e-06,0.0005765558380517177
7192,0.0008460264216409996,0.0008046085786190815,0.000837786887132097,6.365423983824924e-06,0.0005765558380517177
7193,0.0009233355813194066,0.0008650917370687239,0.0006742205114278477,6.362649159591763e-06,0.0005765558380517177
7194,0.0009591663838364184,0.0007928936611278914,0.0008114390366245061,6.359873994798378e-06,0.0005765558380517177
7195,0.0008285526346298866,0.0009528522568871267,0.0007451968594978098,6.357098490540356e-06,0.0005765558380517177
7196,0.0008142224396578968,0.0007715351166552864,0.0006205610516190063,6.354322647913424e-06,0.0005765558380517177
7197,0.0007003319333307445,0.0009119399255723692,0.0008670393290231004,6.3515464680134395e-06,0.0005765558380517177
7198,0.0009961612013285048,0.0009160148329101503,0.0006328788367682137,6.348769951936397e-06,0.0005765558380517177
7199,0.0007034025693428703,0.0008555008098483086,0.0007005037696217187,6.345993100778417e-06,0.0005765558380517177
7200,0.0008723756836843677,0.0007953754757181741,0.000700290132954251,6.343215915635762e-06,0.0005765558380517177
7201,0.0009682405288913287,0.0009814504519454204,0.0006163569378259126,6.340438397604816e-06,0.0005765558380517177
7202,0.0007383557021967135,0.0007545565895270556,0.0007026819257589523,6.3376605477821e-06,0.0005765558380517177
7203,0.0008644422196084633,0.0008733720242162235,0.0007866855448810384,6.334882367264267e-06,0.0005765558380517177
7204,0.0008752181893214583,0.0007396771579806227,0.0006624382549489383,6.332103857148094e-06,0.0005765558380517177
7205,0.0007882497448008507,0.0008212932516471483,0.0006895518672536127,6.329325018530501e-06,0.0005765558380517177
7206,0.0008377779158763587,0.0009585481529938988,0.0007517438534705434,6.3265458525085215e-06,0.0005765558380517177
7207,0.0008341377324541099,0.0007496753787563648,0.0008161395708157215,6.32376636017933e-06,0.0005765558380517177
7208,0.0009946077479980886,0.0007704402305535041,0.0007609321219206322,6.320986542640227e-06,0.0005765558380517177
7209,0.0008089227994787507,0.0007825815555406734,0.0007522028172388673,6.318206400988638e-06,0.0005765558380517177
7210,0.0008479578900733031,0.0006767101258446928,0.0008981930659501813,6.315425936322118e-06,0.0005765558380517177
7211,0.0009367641650896985,0.0009537643272778951,0.0007279469282366335,6.312645149738355e-06,0.0005765558380517177
7212,0.0007820065002306364,0.000783119448897196,0.000764863350923406,6.309864042335154e-06,0.0005765558380517177
7213,0.0009354058129247278,0.0008402675011893734,0.0006668738715234213,6.307082615210457e-06,0.0005765558380517177
7214,0.0008946940433816053,0.0012047379423165694,0.0008214299887185916,6.304300869462324e-06,0.0005765558380517177
7215,0.0007876190356910229,0.0007322477758862078,0.0005875749047845602,6.3015188061889455e-06,0.0005765558380517177
7216,0.0008804441822576337,0.0008595292529207654,0.0008470561297144741,6.298736426488637e-06,0.0005765558380517177
7217,0.0007332145323744044,0.0007533530224463902,0.0008108383990474977,6.295953731459837e-06,0.0005765558380517177
7218,0.0008735494702705182,0.0008064498761086725,0.0005533758630917873,6.293170722201108e-06,0.0005765558380517177
7219,0.0007119711444829591,0.0007610131870023906,0.0006422880251193419,6.29038739981114e-06,0.0005765558380517177
7220,0.0007939258721307851,0.0007784997942508198,0.0008046797302085906,6.287603765388743e-06,0.0005765558380517177
7221,0.000781360940891318,0.0007818338526703883,0.0006275664090935607,6.284819820032852e-06,0.0005765558380517177
7222,0.000910670463781571,0.0006927599570190068,0.0007413414859911427,6.282035564842526e-06,0.0005765558380517177
7223,0.0007990180456545204,0.0008175572875188664,0.000754572763980832,6.279251000916946e-06,0.0005765558380517177
7224,0.0008954081786214374,0.0007858539393055253,0.0007253125586430542,6.276466129355411e-06,0.0005765558380517177
7225,0.0007776215716148727,0.0008507900820404757,0.000714939582394436,6.273680951257342e-06,0.0005765558380517177
7226,0.0010463580110808834,0.0006238805071916431,0.0007480780732294079,6.270895467722289e-06,0.0005765558380517177
7227,0.0007776570055284537,0.0010455741139594465,0.0006467859348049387,6.268109679849914e-06,0.0005765558380517177
7228,0.0010132063907803968,0.0007597602671012282,0.00060344652592903,6.265323588740001e-06,0.0005765558380517177
7229,0.0008150539688358549,0.0009000112040666863,0.0007764744841551874,6.2625371954924574e-06,0.0005765558380517177
7230,0.0008678006488480605,0.0008267779521702323,0.0008939746912801638,6.259750501207302e-06,0.0005765558380517177
7231,0.0007483362278435379,0.000747496924304869,0.0006216156507434789,6.256963506984684e-06,0.0005765558380517177
7232,0.0009153806531685404,0.0007700434907746967,0.0009712965620565228,6.2541762139248585e-06,0.0005765558380517177
7233,0.0007921059659565799,0.0008931809425121173,0.0007584621707792394,6.25138862312821e-06,0.0005765558380517177
7234,0.000700485055858735,0.000830890865472611,0.0007291014699148946,6.2486007356952315e-06,0.0005765558380517177
7235,0.0006681694139842875,0.0008993207375169732,0.0007178854939411394,6.2458125527265385e-06,0.0005765558380517177
7236,0.0009378030154039152,0.00083417262067087,0.0006633161974605173,6.2430240753228606e-06,0.0005765558380517177
7237,0.0008428531473327894,0.0008672458279761486,0.000905893168237526,6.2402353045850475e-06,0.0005765558380517177
7238,0.0006878246567794122,0.0007909413834568113,0.0006693354807794094,6.2374462416140575e-06,0.0005765558380517177
7239,0.0007965083423187025,0.0007514077551604714,0.0007188053059508093,6.234656887510969e-06,0.0005765558380517177
7240,0.0011070011896663345,0.0008159374192473479,0.0006663617823505774,6.231867243376977e-06,0.0005765558380517177
7241,0.000863953260704875,0.0009079308729269542,0.000671424550091615,6.229077310313388e-06,0.0005765558380517177
7242,0.0006873704405734316,0.0008195826376322657,0.0006324612695607357,6.2262870894216234e-06,0.0005765558380517177
7243,0.0007205188449006528,0.0009175450686598197,0.0006507610451080836,6.223496581803218e-06,0.0005765558380517177
7244,0.0008384183165617287,0.00078655995457666,0.0009241481384378858,6.220705788559818e-06,0.0005765558380517177
7245,0.0007673685176996514,0.0009526774811092764,0.0008164477039827034,6.217914710793188e-06,0.0005765558380517177
7246,0.0008884063208824955,0.0008517500609741546,0.0008143448139890097,6.215123349605201e-06,0.0005765558380517177
7247,0.000869848212460056,0.000819867076643277,0.0008077960155787878,6.21233170609784e-06,0.0005765558380517177
7248,0.0009789105388335884,0.0006910786978551187,0.000688132487994153,6.209539781373203e-06,0.0005765558380517177
7249,0.0007573191178380512,0.0010152684917557053,0.0007328979118028656,6.206747576533497e-06,0.0005765558380517177
7250,0.0009130119433393702,0.0009747207732289098,0.0008503407989337575,6.2039550926810394e-06,0.0005765558380517177
7251,0.00078694945841562,0.0008884728922566865,0.0007179111998993903,6.201162330918261e-06,0.0005765558380517177
7252,0.0007759513246128336,0.0008340059866895899,0.0007646585145266727,6.1983692923476975e-06,0.0005765558380517177
7253,0.0008310154371429235,0.0007821207109373063,0.0007170034732553177,6.195575978071999e-06,0.0005765558380517177
7254,0.0007467883551726118,0.0008437365686404519,0.0007862867350922897,6.1927823891939195e-06,0.0005765558380517177
7255,0.0007333642643061467,0.000789699966844637,0.0006846372925792821,6.189988526816323e-06,0.0005765558380517177
7256,0.0007176045110099949,0.0006531448525493033,0.0006812583233113401,6.1871943920421854e-06,0.0005765558380517177
7257,0.0007625680882483721,0.0007549978254246525,0.0006746380895492621,6.1843999859745824e-06,0.0005765558380517177
7258,0.0009056271883309819,0.0008245872741099447,0.0006904098408995196,6.181605309716707e-06,0.0005765558380517177
7259,0.0007863388818805106,0.0007869692744861823,0.0008262449628091417,6.178810364371847e-06,0.0005765558380517177
7260,0.0010272289509885013,0.0006495118650491349,0.0007215031291707419,6.176015151043407e-06,0.0005765558380517177
7261,0.000807851210993249,0.0006848844568594359,0.0008104093940346502,6.173219670834891e-06,0.0005765558380517177
7262,0.0009106643483391963,0.0008131195354508236,0.000733144574041944,6.1704239248499105e-06,0.0005765558380517177
7263,0.0008278349778265692,0.0007455036029568873,0.0007047114231681917,6.167627914192183e-06,0.0005765558380517177
7264,0.0008938132086768746,0.0008270550752058625,0.0008286536831292324,6.164831639965527e-06,0.0005765558380517177
7265,0.0008081830746959895,0.0008915038997656666,0.0006788855862396304,6.162035103273869e-06,0.0005765558380517177
7266,0.0008147755361278541,0.0007365307610598393,0.0007558921752206516,6.1592383052212355e-06,0.0005765558380517177
7267,0.0008200664087780751,0.000782455041189678,0.0008149973218678497,6.156441246911761e-06,0.0005765558380517177
7268,0.0007936910405987874,0.0007916398026281968,0.0007843432467780076,6.153643929449677e-06,0.0005765558380517177
7269,0.0008513260909239762,0.0007518909987993538,0.0006101243088778574,6.1508463539393235e-06,0.0005765558380517177
7270,0.0007572012509626802,0.0006831237260485068,0.0007421782065648586,6.148048521485135e-06,0.0005765558380517177
7271,0.0006694510520901531,0.0007663173309992999,0.0007759460786473937,6.145250433191655e-06,0.0005765558380517177
7272,0.0008052522061916534,0.0008131370341288857,0.0006842765687906649,6.142452090163519e-06,0.0005765558380517177
7273,0.0008772391083766706,0.0007664336662855931,0.0006723796977894381,6.139653493505476e-06,0.0005765558380517177
7274,0.0008056659789872356,0.0010225687874481082,0.0006017169689584989,6.136854644322364e-06,0.0005765558380517177
7275,0.0008303169306600466,0.0007069602543197107,0.0007386800571111962,6.134055543719122e-06,0.0005765558380517177
7276,0.0007363437907770276,0.0006845923890068661,0.0006053204087947961,6.131256192800794e-06,0.0005765558380517177
7277,0.0010258490874548443,0.0007548372304881923,0.0007924814781290479,6.128456592672518e-06,0.0005765558380517177
7278,0.0008299032851937227,0.0007315047841984779,0.0006584608563571237,6.125656744439532e-06,0.0005765558380517177
7279,0.0008792882290435955,0.000761443079682067,0.0007044420199235901,6.1228566492071724e-06,0.0005765558380517177
7280,0.0009897773634293117,0.0007469930351362564,0.0007198162929853424,6.120056308080871e-06,0.0005765558380517177
7281,0.0009539105594740249,0.0008569899437134154,0.0007781085550959688,6.117255722166161e-06,0.0005765558380517177
7282,0.0008633397010271437,0.0008153379239956848,0.0006985107283981051,6.114454892568666e-06,0.0005765558380517177
7283,0.0007314644899452105,0.0007337412680499256,0.0007182824119809084,6.111653820394109e-06,0.0005765558380517177
7284,0.0009713668041513301,0.0007420875044772401,0.0007792147880536504,6.108852506748312e-06,0.0005765558380517177
7285,0.0007568579494545702,0.0006693984032608569,0.0008883770206011832,6.106050952737186e-06,0.0005765558380517177
7286,0.0009515152996755205,0.0007492699696740601,0.0007649457184015773,6.103249159466744e-06,0.0005765558380517177
7287,0.0007801861502230167,0.0007824568310752511,0.0007130556332413107,6.100447128043088e-06,0.0005765558380517177
7288,0.0008717741948203184,0.0009157237727777101,0.000633253475825768,6.097644859572414e-06,0.0005765558380517177
7289,0.001159036110038869,0.0007678711190237664,0.0006198004775797017,6.094842355161014e-06,0.0005765558380517177
7290,0.00073717789928196,0.0007181500150181819,0.0007591269750264473,6.092039615915271e-06,0.0005765558380517177
7291,0.0008695602082298137,0.0008651655225548893,0.0007465534545190167,6.089236642941666e-06,0.0005765558380517177
7292,0.0007855013100197539,0.0007367973375949077,0.0006965279062569607,6.086433437346767e-06,0.0005765558380517177
7293,0.000753842294216156,0.0007332402274187189,0.0007996708445716649,6.083630000237233e-06,0.0005765558380517177
7294,0.0009125109281740151,0.0008165215112967417,0.0008243277989095077,6.080826332719818e-06,0.0005765558380517177
7295,0.000989239830232691,0.0008605403345427476,0.0007003624778008088,6.0780224359013644e-06,0.0005765558380517177
7296,0.0008843343966873363,0.0007338710784097202,0.0006769388164684642,6.0752183108888065e-06,0.0005765558380517177
7297,0.0008231135725509375,0.0006932094183866866,0.0007454576043528505,6.072413958789172e-06,0.0005765558380517177
7298,0.0008007425276446156,0.000817320127680432,0.0007590399618493393,6.06960938070957e-06,0.0005765558380517177
7299,0.0006994780924287625,0.0008507734455633909,0.0009035840594151523,6.066804577757204e-06,0.0005765558380517177
7300,0.000907394991372712,0.0006804750955780037,0.0007559579171356745,6.06399955103937e-06,0.0005765558380517177
7301,0.0007123146133380942,0.000717940154572716,0.0007953981184982695,6.0611943016634445e-06,0.0005765558380517177
7302,0.0009646572725614533,0.0008542975192540325,0.0005846058411407284,6.058388830736896e-06,0.0005765558380517177
7303,0.0008828508471196983,0.000755023105739383,0.0006500474119093269,6.0555831393672794e-06,0.0005765558380517177
7304,0.0008880394889274612,0.0007976948472787626,0.0006758767776773311,6.052777228662239e-06,0.0005765558380517177
7305,0.000780630718509201,0.0009511157186352648,0.00069859738505329,6.049971099729502e-06,0.0005765558380517177
7306,0.0008413078030571342,0.0009062024255399592,0.0008123631268972531,6.0471647536768876e-06,0.0005765558380517177
7307,0.0006782290583942086,0.0008936176745919511,0.0007484691013814881,6.044358191612291e-06,0.0005765558380517177
7308,0.0007416587031912059,0.0006670292641501874,0.0007936852780403569,6.041551414643703e-06,0.0005765558380517177
7309,0.0008436551797785796,0.0008163007005350664,0.0007457778410753235,6.038744423879191e-06,0.0005765558380517177
7310,0.0006905271002324298,0.0008982404324342497,0.0008243467964348383,6.035937220426915e-06,0.0005765558380517177
7311,0.0008443230253760703,0.0007981711823958904,0.0007773451907269191,6.033129805395111e-06,0.0005765558380517177
7312,0.0007660708397452254,0.0007871536945458502,0.0007428043463733047,6.0303221798921025e-06,0.0005765558380517177
7313,0.001040894327161368,0.0007308033964363858,0.0008227210637414828,6.0275143450262954e-06,0.0005765558380517177
7314,0.0007058130431687459,0.0007744889953755774,0.0006759239331586286,6.0247063019061795e-06,0.0005765558380517177
7315,0.0010151297828997485,0.0009235081088263541,0.0006540927133755758,6.021898051640326e-06,0.0005765558380517177
7316,0.000916005221370142,0.0008170733490260318,0.0007664532022317871,6.019089595337388e-06,0.0005765558380517177
7317,0.000842700002976926,0.0007376149224000983,0.000771780833019875,6.016280934106097e-06,0.0005765558380517177
7318,0.0008573238301323727,0.0007597849362355191,0.0008212353714043275,6.01347206905527e-06,0.0005765558380517177
7319,0.0008945822628447786,0.0008008872391656041,0.0007840316975489259,6.0106630012938025e-06,0.0005765558380517177
7320,0.0011972556094406173,0.0007556874625151977,0.0007837448283680715,6.007853731930667e-06,0.0005765558380517177
7321,0.0006806305827922188,0.0007967333076521754,0.000733884226065129,6.005044262074924e-06,0.0005765558380517177
7322,0.0008038213054533117,0.0007180661523307208,0.0007564042352896649,6.002234592835703e-06,0.0005765558380517177
7323,0.0008776546164881438,0.0007872616552049294,0.0007791771276970394,5.9994247253222184e-06,0.0005765558380517177
7324,0.0008762933575781062,0.000700999782566214,0.000714085741492454,5.996614660643763e-06,0.0005765558380517177
7325,0.0008974250958999619,0.0007983695613802411,0.0006520167335111182,5.993804399909704e-06,0.0005765558380517177
7326,0.0008222899123211391,0.0008551508690288756,0.000786862125096377,5.990993944229488e-06,0.0005765558380517177
7327,0.0008134231175063178,0.0008011644167709164,0.0005993319100525696,5.988183294712639e-06,0.0005765558380517177
7328,0.0008766908431425691,0.000908841859200038,0.0008023841510294005,5.9853724524687564e-06,0.0005765558380517177
7329,0.0009624802914913744,0.0006791893611080013,0.0007291820220416412,5.9825614186075155e-06,0.0005765558380517177
7330,0.0009455622712266631,0.0008649920200696215,0.000590617572015617,5.97975019423867e-06,0.0005765558380517177
7331,0.0007264757477969397,0.0007839556710678153,0.0005649057929986157,5.9769387804720455e-06,0.0005765558380517177
7332,0.0008052692937781103,0.0008424169427598827,0.0007694365303905215,5.974127178417543e-06,0.0005765558380517177
7333,0.0008051370095927268,0.0007023759244475514,0.0009514410558040254,5.97131538918514e-06,0.0005765558380517177
7334,0.0007279057426785585,0.0007717833432252519,0.0007108609643182717,5.968503413884886e-06,0.0005765558380517177
7335,0.0007679307091166265,0.0009350276159239002,0.0007412588056467939,5.9656912536269025e-06,0.0005765558380517177
7336,0.0008206531347241253,0.000693200301611796,0.0008246612196671776,5.962878909521388e-06,0.0005765558380517177
7337,0.0008059325045906007,0.0008296327287098393,0.00081274526019115,5.960066382678611e-06,0.0005765558380517177
7338,0.0008277733650174923,0.0006903031535330229,0.0006864213282824494,5.95725367420891e-06,0.0005765558380517177
7339,0.0008104962107609026,0.0007983869436429814,0.0007965310869622044,5.954440785222701e-06,0.0005765558380517177
7340,0.0008520591291016899,0.0008941920750658028,0.0007216124649858102,5.951627716830468e-06,0.0005765558380517177
7341,0.0008264941643574275,0.0007604298225487582,0.0006390304770320654,5.948814470142764e-06,0.0005765558380517177
7342,0.000960185621806886,0.0006414070739992894,0.0006465424194175284,5.946001046270215e-06,0.0005765558380517177
7343,0.0008827825986372773,0.0008141024591168389,0.0006627596740145236,5.9431874463235154e-06,0.0005765558380517177
7344,0.000798046741692815,0.0008609819706180133,0.0007428955868817866,5.940373671413433e-06,0.0005765558380517177
7345,0.000804019597126171,0.0007502920088882092,0.0007306765655812342,5.937559722650799e-06,0.0005765558380517177
7346,0.0008598567437729798,0.0006526407814817503,0.000676521027344279,5.934745601146514e-06,0.0005765558380517177
7347,0.0008219739320338704,0.0006928057409822941,0.0007831062976038083,5.931931308011552e-06,0.0005765558380517177
7348,0.0009961954237951431,0.0007705571915721521,0.000724777732102666,5.929116844356949e-06,0.0005765558380517177
7349,0.0008673436459503137,0.000725656995200552,0.0008098025937215425,5.926302211293814e-06,0.0005765558380517177
7350,0.00071124461828731,0.000707372251781635,0.0007289280620170757,5.923487409933316e-06,0.0005765558380517177
7351,0.0006833807565271854,0.0007676112581975758,0.0007811108007445,5.9206724413866945e-06,0.0005765558380517177
7352,0.0008078127284534276,0.0009081239913939498,0.0008735098017496057,5.917857306765256e-06,0.0005765558380517177
7353,0.0007294175957213156,0.0007948444181238301,0.0008440128731308505,5.915042007180371e-06,0.0005765558380517177
7354,0.0008438223885605112,0.0007557818535133265,0.0007167892872530501,5.912226543743473e-06,0.0005765558380517177
7355,0.0008260890099336393,0.0006723445221723523,0.000857346567499917,5.9094109175660656e-06,0.0005765558380517177
7356,0.00077901021722937,0.0007935572575661354,0.0007435441730194725,5.90659512975971e-06,0.0005765558380517177
7357,0.0008142410806613043,0.0007508056660299189,0.0007375785207841545,5.903779181436038e-06,0.0005765558380517177
7358,0.000806092721177265,0.0007501140426029451,0.0008295273655676283,5.900963073706739e-06,0.0005765558380517177
7359,0.0009254666219931096,0.0006326501606963575,0.0006442317171604373,5.898146807683569e-06,0.0005765558380517177
7360,0.0007589832894154824,0.0006575762381544337,0.0005858008116774727,5.895330384478346e-06,0.0005765558380517177
7361,0.0008421442253165878,0.0008672609183122404,0.0008193701942218468,5.892513805202946e-06,0.0005765558380517177
7362,0.0008722248676349409,0.0008489865358569659,0.0006645228932029568,5.889697070969312e-06,0.0005765558380517177
7363,0.0008170785076799802,0.0006669060239801183,0.0007978294306667522,5.886880182889446e-06,0.0005765558380517177
7364,0.0007271785798366182,0.0008163650272763334,0.0007477424660464749,5.884063142075412e-06,0.0005765558380517177
7365,0.0007701578724663705,0.0008503233184455894,0.0006622611617785878,5.8812459496393306e-06,0.0005765558380517177
7366,0.0008622018140158616,0.0007098976529960055,0.0008359796775039285,5.8784286066933855e-06,0.0005765558380517177
7367,0.0007866440864745528,0.0007954013635753654,0.0006081923493184149,5.8756111143498225e-06,0.0005765558380517177
7368,0.0009243734530173242,0.0008467140287393704,0.0007217775128083304,5.872793473720938e-06,0.0005765558380517177
7369,0.0007976193373906426,0.0006652731899521314,0.0007775084013701417,5.869975685919095e-06,0.0005765558380517177
7370,0.0007995922860573046,0.0007065438330755569,0.0005918740316701587,5.867157752056709e-06,0.0005765558380517177
7371,0.0007902124925749376,0.0008265064097940922,0.0008124205050989985,5.864339673246258e-06,0.0005765558380517177
7372,0.0008568546254537068,0.001003437784675043,0.0007212534073914867,5.861521450600275e-06,0.0005765558380517177
7373,0.0007637704693479463,0.000824603317596484,0.0006762881894246675,5.858703085231347e-06,0.0005765558380517177
7374,0.0009002360893646255,0.0007879160257289186,0.0008147088301484473,5.855884578252123e-06,0.0005765558380517177
7375,0.0008397296260227449,0.0008051597287703771,0.0006365077315422241,5.853065930775303e-06,0.0005765558380517177
7376,0.0007514127864851616,0.0008216106871259399,0.0006671647097391542,5.850247143913644e-06,0.0005765558380517177
7377,0.0010012095226556994,0.0008442597245448269,0.000667886299197562,5.847428218779961e-06,0.0005765558380517177
7378,0.0009296382049797103,0.0008767295148572885,0.0006157389289001003,5.844609156487119e-06,0.0005765558380517177
7379,0.0011594362294999883,0.0008488078528898768,0.0007030488122836687,5.841789958148039e-06,0.0005765558380517177
7380,0.0009062456010724418,0.0008167055420926772,0.0006443835081881844,5.838970624875698e-06,0.0005765558380517177
7381,0.0010171822941629216,0.0007138875225791708,0.0007344780970015563,5.836151157783122e-06,0.0005765558380517177
7382,0.0011372851877240464,0.0008708667010068893,0.0006670190741715487,5.833331557983391e-06,0.0005765558380517177
7383,0.0008781678334344178,0.0010231032647425309,0.0007273347036971245,5.830511826589641e-06,0.0005765558380517177
7384,0.00087649145280011,0.0006561504742421675,0.0007628720122738741,5.827691964715057e-06,0.0005765558380517177
7385,0.0009601432830095291,0.0008271645201602951,0.0006806231467635371,5.824871973472874e-06,0.0005765558380517177
7386,0.000737105066946242,0.0006988513378018979,0.0006143167993286625,5.82205185397638e-06,0.0005765558380517177
7387,0.0011953975554206409,0.0007616271250299178,0.0006948693044250831,5.819231607338917e-06,0.0005765558380517177
7388,0.0007802690051903483,0.0006393860785465222,0.0008359131461475044,5.816411234673869e-06,0.0005765558380517177
7389,0.0009991157639888115,0.0007880986595409922,0.000670562163577415,5.813590737094675e-06,0.0005765558380517177
7390,0.000694696864229627,0.0007445673618349247,0.0006566056144947652,5.810770115714828e-06,0.0005765558380517177
7391,0.000726831076462986,0.000983154219284188,0.0006519847884192131,5.807949371647859e-06,0.0005765558380517177
7392,0.0007769315561745316,0.0008985244494397193,0.0006377102581609506,5.8051285060073535e-06,0.0005765558380517177
7393,0.0008002644390217029,0.0007932322951091919,0.0006719708690070547,5.802307519906949e-06,0.0005765558380517177
7394,0.0007971234008437023,0.0007586634455947205,0.0008842077731969766,5.799486414460322e-06,0.0005765558380517177
7395,0.0007679432164877653,0.0007580268866149709,0.0008414464318775572,5.796665190781201e-06,0.0005765558380517177
7396,0.0007041311910143122,0.0010630069227772765,0.0008169265347532928,5.793843849983361e-06,0.0005765558380517177
7397,0.0006985814470681362,0.0007713504091952927,0.0006282961076067295,5.791022393180623e-06,0.0005765558380517177
7398,0.0009931122986017726,0.0006734771304763854,0.0007428249300573952,5.788200821486854e-06,0.0005765558380517177
7399,0.0008688027301104739,0.0008231133615481667,0.0007008721804595552,5.785379136015964e-06,0.0005765558380517177
7400,0.0007521584120695479,0.0008264093412435614,0.0008125675994961057,5.7825573378819104e-06,0.0005765558380517177
7401,0.0007769642834318802,0.0008590196957811713,0.0008573071609134786,5.7797354281986945e-06,0.0005765558380517177
7402,0.0007910454805823974,0.0007889574408181943,0.0006362157182593364,5.776913408080363e-06,0.0005765558380517177
7403,0.0007197746817837469,0.000791063706856221,0.0007402950031973887,5.774091278641002e-06,0.0005765558380517177
7404,0.000928457266127225,0.0007608731393702328,0.0008027617950574495,5.771269040994747e-06,0.0005765558380517177
7405,0.0009574777286616154,0.0008854534789861646,0.0007761293345538434,5.76844669625577e-06,0.0005765558380517177
7406,0.0009994522843044251,0.0006539760106534231,0.0006432984700950328,5.765624245538287e-06,0.0005765558380517177
7407,0.0008088454778771847,0.0007935294088383671,0.0006707153479510453,5.762801689956558e-06,0.0005765558380517177
7408,0.000996141621726565,0.0008233369153458625,0.0007059691124595702,5.759979030624886e-06,0.0005765558380517177
7409,0.0009048226056620479,0.0009859181263891514,0.0006289650373219047,5.75715626865761e-06,0.0005765558380517177
7410,0.0007863994833314791,0.0007631197513546795,0.0007427688724419568,5.754333405169112e-06,0.0005765558380517177
7411,0.0010718022676883265,0.0009084134362637997,0.0006598960826522671,5.751510441273811e-06,0.0005765558380517177
7412,0.0008507133388775401,0.0009213110606651753,0.0006325587855826598,5.748687378086172e-06,0.0005765558380517177
7413,0.000814794773759786,0.0007400611793855205,0.0007147772921598516,5.745864216720696e-06,0.0005765558380517177
7414,0.0007092077794368379,0.0008219275987357832,0.0006960345490369946,5.743040958291919e-06,0.0005765558380517177
7415,0.0008048995441640727,0.000953303009737283,0.0006824865704402328,5.740217603914423e-06,0.0005765558380517177
7416,0.0009039144642883912,0.0007641484007763211,0.0009191008648485877,5.73739415470282e-06,0.0005765558380517177
7417,0.0006986409425735474,0.0008792624284978956,0.0007219576364150271,5.734570611771764e-06,0.0005765558380517177
7418,0.0009640835924074054,0.0007350488085648976,0.0006350050789478701,5.731746976235945e-06,0.0005765558380517177
7419,0.0008270887774415314,0.0006578437460120767,0.0007491539945476688,5.7289232492100916e-06,0.0005765558380517177
7420,0.0007227059177239425,0.0006708088803861756,0.000662912421830697,5.726099431808963e-06,0.0005765558380517177
7421,0.0007631066837348044,0.0008852011815179139,0.0007056854083202779,5.723275525147359e-06,0.0005765558380517177
7422,0.0006941850515431724,0.0008224259363487363,0.0008358418999705464,5.720451530340117e-06,0.0005765558380517177
7423,0.0008190038497559726,0.0007512145421060268,0.0008266976001323201,5.7176274485021005e-06,0.0005765558380517177
7424,0.0009213424782501534,0.0006508746482722927,0.0006845618445368018,5.714803280748213e-06,0.0005765558380517177
7425,0.0007271827053045854,0.0008862187605700456,0.0006452378511312418,5.7119790281933914e-06,0.0005765558380517177
7426,0.0010154713090742007,0.0007415922591462731,0.0007008210886851884,5.709154691952609e-06,0.0005765558380517177
7427,0.0007543925166828558,0.0008307081880047917,0.0006788106329622678,5.706330273140865e-06,0.0005765558380517177
7428,0.0010491875509615056,0.0006434114548028447,0.0006880271030240692,5.703505772873198e-06,0.0005765558380517177
7429,0.0008365752219106071,0.000706291277310811,0.0006638073173235171,5.700681192264674e-06,0.0005765558380517177
7430,0.0009005054198496509,0.0007136919484764803,0.000770526698033791,5.697856532430392e-06,0.0005765558380517177
7431,0.0006580483059224207,0.0006793127140554134,0.000634271273156628,5.695031794485487e-06,0.0005765558380517177
7432,0.000925676962651778,0.0007190148535300978,0.0007152398393373005,5.692206979545117e-06,0.0005765558380517177
7433,0.0007163481786847115,0.0007657699898118153,0.000640123056655284,5.689382088724476e-06,0.0005765558380517177
7434,0.0007642395721632056,0.0007597784569952637,0.0007826576111256145,5.686557123138785e-06,0.0005765558380517177
7435,0.000843863843329018,0.0008048285817494616,0.0006805285847804043,5.683732083903296e-06,0.0005765558380517177
7436,0.0007911397842690349,0.0007271344366017729,0.0006511991959996521,5.6809069721332895e-06,0.0005765558380517177
7437,0.00114034771831939,0.0006504193443106487,0.000715465830580797,5.678081788944077e-06,0.0005765558380517177
7438,0.0010799257725011557,0.0008964189910329878,0.0006590659577341285,5.675256535450994e-06,0.0005765558380517177
7439,0.0006421932994271629,0.0008114324737107381,0.0008240588067565113,5.672431212769406e-06,0.0005765558380517177
7440,0.0007904443846200593,0.0006874433493067045,0.0007059584895614535,5.669605822014707e-06,0.0005765558380517177
7441,0.0007665571283723693,0.0007691988357692026,0.0008133284718496725,5.666780364302313e-06,0.0005765558380517177
7442,0.0007888632389949635,0.0008255379580077715,0.0007758551728329621,5.663954840747674e-06,0.0005765558380517177
7443,0.0008440983510809019,0.0009579538455000147,0.000900082326552365,5.6611292524662625e-06,0.0005765558380517177
7444,0.0009136816515820101,0.0008160186262102798,0.0008269482932519168,5.658303600573571e-06,0.0005765558380517177
7445,0.0010795559792313725,0.0007165265633375384,0.0006592643912881613,5.655477886185127e-06,0.0005765558380517177
7446,0.00098674148102873,0.0007579224584333133,0.0007723667440586723,5.652652110416474e-06,0.0005765558380517177
7447,0.000740865601983387,0.0006971231450734194,0.0007914258421806153,5.649826274383185e-06,0.0005765558380517177
7448,0.0008413081814069301,0.001029013546940405,0.0007316675255424343,5.647000379200857e-06,0.0005765558380517177
7449,0.0009088935621548444,0.0007730054021521937,0.0007149571974878199,5.644174425985109e-06,0.0005765558380517177
7450,0.0009121778421103954,0.0007275464849954005,0.0008067996604950167,5.641348415851577e-06,0.0005765558380517177
7451,0.0009692774547147565,0.0007418016248266213,0.0008102516840153839,5.638522349915931e-06,0.0005765558380517177
7452,0.0009349566607852466,0.0008462985933874734,0.0006049788535165135,5.635696229293855e-06,0.0005765558380517177
7453,0.0008139158526319079,0.000797337073890958,0.0008014983395696618,5.632870055101058e-06,0.0005765558380517177
7454,0.0008723621431272477,0.0008324446534970775,0.0008128819426929113,5.630043828453266e-06,0.0005765558380517177
7455,0.0006706581152684521,0.0008709611429367214,0.000675627696182346,5.62721755046623e-06,0.0005765558380517177
7456,0.0007610682441736571,0.0006342578635667451,0.0005774318160547409,5.62439122225572e-06,0.0005765558380517177
7457,0.0007763430403429084,0.0007790784256940242,0.0006941170577192679,5.621564844937525e-06,0.0005765558380517177
7458,0.0008160411525750533,0.0008040212778723799,0.0007235793163999915,5.6187384196274556e-06,0.0005765558380517177
7459,0.0007623977944604121,0.001056241919286549,0.0006898235369590111,5.615911947441337e-06,0.0005765558380517177
7460,0.0008186451377696358,0.0008699043864908163,0.0008523593241989147,5.61308542949502e-06,0.0005765558380517177
7461,0.0006930194358574226,0.0005909885767323431,0.000650254514766857,5.6102588669043635e-06,0.0005765558380517177
7462,0.0006810963459429331,0.0007635497095179744,0.0007008976608631201,5.607432260785253e-06,0.0005765558380517177
7463,0.0008838867506710812,0.0007412157938233577,0.0006517279070976656,5.604605612253589e-06,0.0005765558380517177
7464,0.0009317022413597442,0.0006874004247947596,0.0006270896701607853,5.601778922425284e-06,0.0005765558380517177
7465,0.000689335120114265,0.000775853139202809,0.0007424132199957967,5.598952192416274e-06,0.0005765558380517177
7466,0.001056758344930131,0.0008915397847886197,0.0008099264814518392,5.596125423342504e-06,0.0005765558380517177
7467,0.0009060424272320233,0.0007148726181185339,0.0006320476641121786,5.59329861631994e-06,0.0005765558380517177
7468,0.0007972396269906312,0.0006228081692825072,0.0007942114534671418,5.59047177246456e-06,0.0005765558380517177
7469,0.0011092889326391742,0.0009486059279879555,0.0006208701779542025,5.5876448928923554e-06,0.0005765558380517177
7470,0.0007521017687395215,0.0009152453785645775,0.0007296063195099123,5.584817978719338e-06,0.0005765558380517177
7471,0.000911363102204632,0.0008594499740866013,0.000760845941840671,5.581991031061524e-06,0.0005765558380517177
7472,0.0007449237346008886,0.0008361111758858897,0.0007687549441470765,5.579164051034949e-06,0.0005765558380517177
7473,0.0009222924709320068,0.0007364116099779494,0.0007058495539240539,5.5763370397556615e-06,0.0005765558380517177
7474,0.0007874440852901898,0.0007985835836734623,0.0008084149521891959,5.57350999833972e-06,0.0005765558380517177
7475,0.0007962179006426595,0.000906990906514693,0.0007550373411504552,5.570682927903194e-06,0.0005765558380517177
7476,0.0009374945439049043,0.0007864390936447307,0.0006117206103226636,5.5678558295621676e-06,0.0005765558380517177
7477,0.0007517684643971734,0.0006825829696026631,0.0008076271806203295,5.565028704432735e-06,0.0005765558380517177
7478,0.0009905350234475918,0.0006994629147811793,0.000695994731358951,5.562201553630999e-06,0.0005765558380517177
7479,0.0007909214618848637,0.0007880529083195142,0.0006623348926950712,5.559374378273076e-06,0.0005765558380517177
7480,0.0008899426320567727,0.0008337861654581502,0.0006981535698287189,5.5565471794750875e-06,0.0005765558380517177
7481,0.0007699627822148614,0.0008209221778088249,0.0006598427862627432,5.553719958353169e-06,0.0005765558380517177
7482,0.000748174155887682,0.0008631993623566814,0.0005980319838272408,5.550892716023462e-06,0.0005765558380517177
7483,0.0008331107237609103,0.0007592750444018748,0.0008398954232688993,5.5480654536021144e-06,0.0005765558380517177
7484,0.0007010393601376563,0.000803400922450237,0.0007953540625749156,5.545238172205288e-06,0.0005765558380517177
7485,0.0006928683542355429,0.0007374456108664162,0.0008931232805480249,5.542410872949149e-06,0.0005765558380517177
7486,0.0009855813113972545,0.0008763143850956112,0.0006700325684505515,5.539583556949869e-06,0.0005765558380517177
7487,0.0008020593668334186,0.0009231306030414999,0.0005837081662320998,5.536756225323626e-06,0.0005765558380517177
7488,0.000856501967064105,0.0008780638963798992,0.0007088674319675192,5.533928879186607e-06,0.0005765558380517177
7489,0.0008923986024456099,0.0006735987044521607,0.0007910098938737065,5.531101519655004e-06,0.0005765558380517177
7490,0.0008605364055256359,0.0008548829136998393,0.0007596792675030883,5.528274147845017e-06,0.0005765558380517177
7491,0.0008438731601927429,0.0008080857878667302,0.0006481018026534002,5.525446764872841e-06,0.0005765558380517177
7492,0.000849794720124919,0.0006546227086801082,0.0006976211880100891,5.522619371854686e-06,0.0005765558380517177
7493,0.0008764126760070212,0.0008222248434321955,0.0007086674013407901,5.5197919699067615e-06,0.0005765558380517177
7494,0.0007914844100014307,0.0008262180708697997,0.000763435396947898,5.516964560145278e-06,0.0005765558380517177
7495,0.00112608028575778,0.0006559881621797103,0.0005941122035437729,5.5141371436864575e-06,0.0005765558380517177
7496,0.0007664337827009149,0.000700197349942755,0.0006882090492581483,5.511309721646518e-06,0.0005765558380517177
7497,0.0009236112819053233,0.0008851504026097246,0.0008238264017563779,5.508482295141677e-06,0.0005765558380517177
7498,0.0011135761596960947,0.0007615928443556186,0.0007070479186950251,5.505654865288162e-06,0.0005765558380517177
7499,0.0007140382440411486,0.0009314544586231932,0.0007779516927257646,5.5028274332021935e-06,0.0005765558380517177
7500,0.0008715330986888148,0.0006655680481344461,0.0006626930226047989,5.5e-06,0.0005765558380517177
7501,0.0008298932443722151,0.0007618592571816407,0.0006782160635339096,5.497172566797808e-06,0.0005765558380517177
