epoch,from_history_train,from_history_val
1,0.04265053943,0.0432691914
2,0.0420046635,0.04288260778
3,0.04162857402,0.03986142855
4,0.03928736085,0.0400452977
5,0.04219264444,0.04110277304
6,0.03748804936,0.03902077256
7,0.03964701016,0.03823141567
8,0.03838825226,0.03795639239
9,0.04094161885,0.03844654467
10,0.04037089273,0.03978400817
11,0.03736897372,0.03581558424
12,0.03809229797,0.03435298218
13,0.03781882534,0.03587851301
14,0.03578413231,0.03576120734
15,0.03740531905,0.0361354514
16,0.0383322374,0.03388197883
17,0.03416215768,0.03467881493
18,0.03683839925,0.03398873983
19,0.03586947918,0.03263270739
20,0.03368886001,0.03193520126
21,0.03413575608,0.03407508926
22,0.03143928456,0.03230658593
23,0.03208568948,0.03184716031
24,0.02930799825,0.03191388026
25,0.03353547631,0.02947568963
26,0.03073205217,0.03060846357
27,0.03058331599,0.03195249522
28,0.03139581974,0.03194563836
29,0.02713392605,0.02952192654
30,0.03032759996,0.02908604802
31,0.02924983692,0.02855181508
32,0.02971731778,0.02685959172
33,0.02801967668,0.0286672737
34,0.0277287222,0.02667217818
35,0.02851717733,0.02602916025
36,0.02745283511,0.0263687605
37,0.02687482815,0.02739473199
38,0.02691279608,0.02559464728
39,0.02546191029,0.02599157649
40,0.02572406363,0.0258959576
41,0.02477829461,0.02501416416
42,0.02512147347,0.02496777265
43,0.02770297229,0.02373157791
44,0.02458502096,0.02496238565
45,0.02336522494,0.02377939993
46,0.02254744503,0.02366116247
47,0.02331821225,0.02219208912
48,0.02354098437,0.02304761787
49,0.0222553343,0.0216015901
50,0.02175039472,0.02131410316
51,0.02340102149,0.02174069895
52,0.02196654584,0.02102221223
53,0.02015970531,0.02061048779
54,0.02153341915,0.0201864352
55,0.02098815888,0.01980122877
56,0.02087677363,0.02021483914
57,0.01991283707,0.0190427138
58,0.02044567862,0.01922768634
59,0.02015740983,0.01908943499
60,0.01987408893,0.01894516032
61,0.01924153813,0.0188261976
62,0.01938569988,0.01840611338
63,0.01866164594,0.0180113411
64,0.01793289348,0.01692742505
65,0.01755035412,0.01781355834
66,0.01775229268,0.01736016409
67,0.01844459283,0.01782114315
68,0.01816256158,0.01774749276
69,0.01609708404,0.01655096363
70,0.01731695351,0.01686625276
71,0.01657164667,0.01620315202
72,0.01746232994,0.01684147585
73,0.01593198336,0.01631416811
74,0.01671787247,0.01613744453
75,0.01751080807,0.01549860451
76,0.01559616707,0.0158316145
77,0.01632934483,0.01514442614
78,0.01603983901,0.01494228665
79,0.01663267682,0.01564142003
80,0.01569643174,0.01550471864
81,0.01555696398,0.01539067703
82,0.01495571481,0.01478089916
83,0.0156792904,0.0151855665
84,0.01565268263,0.01522761234
85,0.01508550474,0.01453195489
86,0.01531391905,0.01480636175
87,0.01471460168,0.01443790342
88,0.01529813732,0.01451659051
89,0.01533767779,0.01449150546
90,0.01496851142,0.0147853893
91,0.01489438338,0.01451829576
92,0.01464123733,0.01420259301
93,0.01409063791,0.0145635868
94,0.01407826017,0.01408616733
95,0.0143242015,0.01436209306
96,0.01462138596,0.01392707357
97,0.01419368817,0.01447229681
98,0.01300466061,0.01311563188
99,0.01391743065,0.01316538011
100,0.01427553257,0.01333313738
101,0.01338782057,0.01378719509
102,0.01457447372,0.01312681544
103,0.0138537907,0.01365778723
104,0.01361795212,0.01283540763
105,0.01371226797,0.01299371338
106,0.01361596759,0.01299947558
107,0.01357677637,0.01317223406
108,0.01344791742,0.01230345306
109,0.01347987016,0.01314158784
110,0.01395101473,0.0128890652
111,0.01262016932,0.01257057232
112,0.01329334511,0.01329342357
113,0.01286340412,0.0123535957
114,0.01338555547,0.01280793
115,0.0129313668,0.01249456371
116,0.01301581867,0.0127182937
117,0.01218322199,0.01249774173
118,0.01330295566,0.01229513751
119,0.01280804724,0.01212286961
120,0.01310601446,0.01193513046
121,0.01285384945,0.0126742227
122,0.01294328703,0.01225252822
123,0.0117042386,0.01216145314
124,0.01306092786,0.01185756247
125,0.01189568534,0.01238910924
126,0.0125989588,0.01229513204
127,0.01242256688,0.0114211539
128,0.01212576323,0.01170506002
129,0.0114530531,0.01132641081
130,0.0123277317,0.01174363727
131,0.01251300098,0.01178616704
132,0.01209823566,0.01154577394
133,0.01205588912,0.01169033768
134,0.01166732342,0.01197335601
135,0.0123654129,0.01124401437
136,0.01232385228,0.01145674719
137,0.01221277786,0.01149217808
138,0.01231696701,0.01159909018
139,0.01189484983,0.01144267991
140,0.01186739688,0.01153725316
141,0.01213162555,0.0116519382
142,0.01179951045,0.01138560264
143,0.01203354413,0.01121227967
144,0.01152524259,0.01148590085
145,0.01111366856,0.01186580339
146,0.01100429846,0.0112338973
147,0.01116773055,0.01104941731
148,0.0122064302,0.01179002621
149,0.01129600802,0.01129140274
150,0.01098958612,0.01055220165
151,0.0111584597,0.01127449004
152,0.01217010804,0.01125909167
153,0.01179711462,0.01078224275
154,0.01145626197,0.01071592513
155,0.01169419254,0.01092867181
156,0.01148277998,0.01073809073
157,0.01123477553,0.01016060764
158,0.01086012961,0.01111621584
159,0.01122784277,0.01082073909
160,0.01126809884,0.01150031993
161,0.01109081658,0.0108720233
162,0.0117854561,0.01095613826
163,0.01115473628,0.01074370299
164,0.01091722993,0.01020005275
165,0.01125321304,0.01079598768
166,0.010646226,0.01100170321
167,0.01152927999,0.01094490569
168,0.01165912184,0.01147743617
169,0.01064808434,0.01072525338
170,0.01090455265,0.01103241113
171,0.01041329687,0.01107159955
172,0.01081879903,0.01132669451
173,0.01077917218,0.01069350319
174,0.01121252868,0.01043412148
175,0.01185496885,0.01017438108
176,0.01130257535,0.01103013195
177,0.01121064811,0.01066296396
178,0.01068858179,0.0105623242
179,0.01064579131,0.01022342953
180,0.01163548091,0.01036721095
181,0.01036922331,0.01111923181
182,0.01103425911,0.01023028535
183,0.01073013234,0.01030525612
184,0.01052017615,0.01074050169
185,0.01060749358,0.01007623959
186,0.01035702787,0.01085110393
187,0.01110393566,0.01040975354
188,0.01106993412,0.01024965709
189,0.01079983858,0.01064293529
190,0.01016923308,0.01030606905
191,0.01091888582,0.01048961829
192,0.01049663988,0.01034374535
193,0.0113875661,0.01026585244
194,0.01113732741,0.01023088687
195,0.01070168766,0.01015038474
196,0.01099099661,0.01062774356
197,0.01068853063,0.01038822171
198,0.01092292985,0.01082050207
199,0.01056987618,0.01058637875
200,0.01038884954,0.01050721819
201,0.009983353433,0.01131740655
202,0.01044536463,0.01033249311
203,0.01045104174,0.01012330758
204,0.01043494605,0.01068897871
205,0.01030866848,0.01049030304
206,0.01027318963,0.01033600594
207,0.01087518362,0.01038489956
208,0.01031844411,0.009934496949
209,0.009676079848,0.01006382913
210,0.01081920753,0.01032790088
211,0.01032965863,0.01027962856
212,0.01081991522,0.009600665886
213,0.01057780813,0.010896252
214,0.01056075806,0.009918214928
215,0.01057766797,0.01097333559
216,0.01051051694,0.009881776874
217,0.00996654632,0.01064057741
218,0.009820360458,0.009815826663
219,0.01095589926,0.01014378725
220,0.01046176779,0.01017468737
221,0.01073049312,0.009756501531
222,0.01039523853,0.01021837583
223,0.01051011286,0.009767829557
224,0.01037580427,0.0100985599
225,0.009908712003,0.00996957568
226,0.01056401269,0.009951546905
227,0.009809659561,0.0102177388
228,0.01079132932,0.0109500204
229,0.01067419362,0.01044678804
230,0.01043975947,0.00974365999
231,0.01047724683,0.01073613763
232,0.01064253401,0.01053375821
233,0.009857849684,0.009636360803
234,0.01092017558,0.01057057327
235,0.01061389584,0.01019344514
236,0.009947229759,0.01089964458
237,0.01099935663,0.0105274017
238,0.0105319001,0.009867913323
239,0.0102799444,0.009620813769
240,0.01051380357,0.0105999785
241,0.01044808573,0.009822518565
242,0.01037541567,0.009977607173
243,0.01025423466,0.01029912161
244,0.01059326704,0.00972686481
245,0.01030937175,0.009964068071
246,0.01046192669,0.01036226528
247,0.01050471351,0.01015413564
248,0.01014749485,0.01035008417
249,0.01029878517,0.009667021921
250,0.01005768345,0.01022779359
251,0.009846548317,0.009964574245
252,0.01043288049,0.009673461318
253,0.0103680396,0.009465261828
254,0.01124426839,0.01035038976
255,0.01038666978,0.01001554157
256,0.009972217493,0.01001106494
257,0.01011825702,0.009843397303
258,0.009579507168,0.009878966492
259,0.01030287403,0.00933292124
260,0.01036074862,0.009580468293
261,0.01037615852,0.009917348274
262,0.009526386159,0.009609604953
263,0.01013778592,0.009700682713
264,0.01016353571,0.01010078506
265,0.01093809551,0.01000084518
266,0.01052563789,0.00999892049
267,0.0104481146,0.01024004689
268,0.01048848929,0.01018785255
269,0.01016091905,0.01009706256
270,0.009718287038,0.01054491778
271,0.0104435879,0.009172218502
272,0.01035195903,0.01031180972
273,0.00948933023,0.01009280572
274,0.009677166585,0.01023470843
275,0.01069218153,0.01016357203
276,0.01036749431,0.01071981341
277,0.01060050435,0.00983311818
278,0.009310180903,0.0093642883
279,0.0110007535,0.01023745071
280,0.01017755759,0.009282578714
281,0.01042082743,0.01002348913
282,0.01085175457,0.01009939692
283,0.009672001004,0.01106811257
284,0.01011320064,0.01025778847
285,0.009591641836,0.009868461988
286,0.009713942069,0.01060121646
287,0.01077653735,0.009591461625
288,0.009641234996,0.01009213564
289,0.009697965928,0.009316698881
290,0.009854665608,0.009509536554
291,0.01015284949,0.01007093943
292,0.01016907243,0.01012387034
293,0.01078600937,0.010489568
294,0.01056599617,0.009918219643
295,0.01037506538,0.0105543778
296,0.01048100553,0.009782286477
297,0.01015550375,0.01017591683
298,0.01049197384,0.009554557502
299,0.009991417057,0.009780655149
300,0.009921251098,0.009634173242
301,0.009901365847,0.009512600838
302,0.01066162984,0.009859987069
303,0.01029601053,0.01017655747
304,0.01002959989,0.01035204064
305,0.01004361606,0.01025761571
306,0.01041451842,0.01072042843
307,0.01055112551,0.009871321847
308,0.01037898066,0.00983311038
309,0.01017546165,0.00954263832
310,0.01064986608,0.01054189156
311,0.01006573497,0.01022711291
312,0.01009877864,0.01000737678
313,0.01000074716,0.01032588549
314,0.01022568857,0.009575850447
315,0.01031142497,0.01069602463
316,0.009464511299,0.009846851928
317,0.01008419727,0.01005479845
318,0.01042566553,0.009990458027
319,0.009595705371,0.009934526985
320,0.01019631524,0.01040187734
321,0.009924729122,0.01058013376
322,0.009507433395,0.009917248855
323,0.009878350887,0.01020488399
324,0.009647955652,0.00959712849
325,0.00992738083,0.01046515978
326,0.009832823474,0.009391723666
327,0.009683189099,0.0097520001
328,0.01049550454,0.009855656768
329,0.01106296654,0.009980637929
330,0.01002449566,0.01005241543
331,0.01028310275,0.009934909991
332,0.01001712191,0.009911209578
333,0.01008519146,0.01032454369
334,0.01000674884,0.01015446696
335,0.01036573341,0.01010338485
336,0.009693512577,0.009913788177
337,0.01002365776,0.01066815341
338,0.01010130893,0.009993021609
339,0.009425856988,0.00934464368
340,0.01072476909,0.01056206215
341,0.009922034922,0.01082391234
342,0.01080791734,0.01044290944
343,0.01042143477,0.0096898661
344,0.009810006944,0.01025863853
345,0.01031426247,0.01016480313
346,0.0103849853,0.009815282887
347,0.009729601676,0.01033646299
348,0.01004029904,0.009702587733
349,0.01035056578,0.009787701187
350,0.009622187587,0.010195493
351,0.009759837762,0.009971530526
352,0.01049891789,0.01040000503
353,0.01053329906,0.009813887067
354,0.01016756892,0.01084587222
355,0.009473999497,0.01054558251
356,0.009565456479,0.009839346167
357,0.009662483353,0.01049253508
358,0.01011424931,0.009863525629
359,0.01030276611,0.01000233169
360,0.009869576199,0.009904127102
361,0.01029431284,0.00928945397
362,0.0106883063,0.009715555119
363,0.01063088793,0.009807911934
364,0.01033515576,0.01005948673
365,0.009765413473,0.00962599949
366,0.01011546561,0.009637392941
367,0.01000182598,0.0103022675
368,0.01039683353,0.01082411653
369,0.00967609894,0.009910771158
370,0.01011011435,0.009951321874
371,0.01006283308,0.01018522505
372,0.01001991425,0.01026013994
373,0.01007198473,0.009973834618
374,0.01018658711,0.01004824147
375,0.01035661076,0.01026711299
376,0.009297103039,0.009647297789
377,0.009890750516,0.01045979699
378,0.01067779795,0.01035407977
379,0.009685917408,0.01017257001
380,0.01042141137,0.01012918225
381,0.009401595977,0.009273929289
382,0.009498237516,0.009765437106
383,0.01009018254,0.009443684015
384,0.009098720446,0.01011678216
385,0.01032562193,0.009747172473
386,0.01070756477,0.00978979026
387,0.01007030939,0.009448780562
388,0.01012772066,0.01023248269
389,0.009449634585,0.009697168833
390,0.01036455401,0.01062756474
391,0.009531629505,0.009614204231
392,0.01011876075,0.01038016286
393,0.01045161497,0.009821645333
394,0.009554110933,0.009748821845
395,0.009923923761,0.009915110306
396,0.009567574132,0.00991701067
397,0.009728893987,0.01021277765
398,0.01014953456,0.009840370971
399,0.009721282579,0.009608400054
400,0.01019814226,0.01069742849
401,0.01011441124,0.009750177502
402,0.009456247557,0.01024565555
403,0.0103554324,0.009356089518
404,0.009976642672,0.01017665572
405,0.0101955767,0.01058039174
406,0.01043869264,0.01020304777
407,0.009483212605,0.01063689298
408,0.01043255674,0.01014233136
409,0.01043890184,0.009703453048
410,0.009914122289,0.01016395143
411,0.01058571925,0.01024318801
412,0.01070740877,0.01040598133
413,0.01016804739,0.009885852574
414,0.01010668662,0.01064940041
415,0.01057797472,0.009695056127
416,0.01062938257,0.01012653334
417,0.009685959201,0.01083371509
418,0.0097702723,0.01029072946
419,0.009950604173,0.01030172175
420,0.01013593387,0.01002256188
421,0.01016803831,0.009888645029
422,0.0097884594,0.009993458167
423,0.009613560047,0.009926878731
424,0.00966669037,0.01029525429
425,0.009503792389,0.01001183083
426,0.009426327888,0.009335406765
427,0.009921152378,0.01040185301
428,0.009710297105,0.009723771247
429,0.01023078593,0.01038301259
430,0.009690244566,0.009537772799
431,0.009573791642,0.009681608295
432,0.01038248104,0.009575665172
433,0.009933452122,0.009940978838
434,0.009163785027,0.01012849086
435,0.009910385241,0.009731371596
436,0.009536014113,0.01005225617
437,0.009815818514,0.01023891475
438,0.00982566399,0.0102210904
439,0.009781530127,0.009777152678
440,0.009943095036,0.009865090949
441,0.009934230591,0.01012304949
442,0.009551525116,0.009936356335
443,0.009710911894,0.009540865663
444,0.01031945273,0.0095949549
445,0.01004522596,0.009580384183
446,0.0107729038,0.009986178135
447,0.0101430309,0.009502910951
448,0.009718401008,0.009559984086
449,0.009798598476,0.01004055317
450,0.009485376882,0.01002283592
451,0.009939913056,0.00980302284
452,0.01025133533,0.01082301105
453,0.01012711052,0.01012995199
454,0.009970513172,0.009979987284
455,0.009688504564,0.009995061206
456,0.009629312204,0.01038841659
457,0.0103488306,0.01031292684
458,0.01035880588,0.01046485303
459,0.008882956579,0.009753259597
460,0.00970330881,0.009828657785
461,0.009834803059,0.009392606211
462,0.009874343057,0.0104888014
463,0.01016086037,0.01014202985
464,0.009936874965,0.01022218401
465,0.01044377161,0.00956302369
466,0.009194221464,0.009582993924
467,0.009152176091,0.009460158879
468,0.009922700934,0.01026638423
469,0.01024805789,0.0101295074
470,0.009970930871,0.009812984033
471,0.009925524471,0.009593533701
472,0.01007910387,0.01009924861
473,0.0100998187,0.009942172561
474,0.01036693726,0.01022661896
475,0.01021159114,0.009382907767
476,0.00969318446,0.009860351216
477,0.009960760246,0.01019804261
478,0.00970760663,0.0101897571
479,0.01007359289,0.00910850428
480,0.0102709448,0.01044966443
481,0.009554686025,0.009720228845
482,0.009571069852,0.009628226166
483,0.009831024799,0.01029596897
484,0.00952628802,0.01005639497
485,0.009490265511,0.009861666942
486,0.009375516151,0.01024566253
487,0.009775890736,0.01011228247
488,0.009953761008,0.009909895249
489,0.009665817081,0.01007925114
490,0.009602486738,0.01031488273
491,0.009778418229,0.009354678681
492,0.01027260302,0.01029966376
493,0.009220709791,0.009599474492
494,0.01008411928,0.01010641851
495,0.01024808839,0.01018930634
496,0.009836441488,0.009689292987
497,0.009745229851,0.01003219059
498,0.01017142052,0.00952848373
499,0.01064704405,0.01043636829
500,0.009587026667,0.01020165265
501,0.01023239235,0.009882216807
502,0.01021790016,0.009244103334
503,0.009931135224,0.01050867408
504,0.01039293269,0.01062613947
505,0.009348318446,0.009204072936
506,0.009987054626,0.009855919168
507,0.00974718231,0.01025526924
508,0.009514537873,0.009755862411
509,0.009969451698,0.01022861828
510,0.009808919276,0.009373317356
511,0.009066172061,0.009837440797
512,0.009585689171,0.010399297
513,0.009985666373,0.009277504403
514,0.008775129274,0.009815727361
515,0.009598889039,0.01026936003
516,0.01004245365,0.009829835268
517,0.009686085512,0.0100552392
518,0.01036436134,0.009392437059
519,0.00981821341,0.009338556498
520,0.009240177402,0.009905994055
521,0.009616555064,0.009892050992
522,0.009856970399,0.009854903328
523,0.009384265984,0.009643511963
524,0.0104717575,0.01025911688
525,0.01004783495,0.009634459973
526,0.009953400819,0.009687764687
527,0.01041783701,0.01077198854
528,0.009644268895,0.009911824483
529,0.009477752959,0.009762873058
530,0.01037446642,0.01025235897
531,0.009822208784,0.01010446844
532,0.009842599393,0.009912668262
533,0.009915784816,0.0096573669
534,0.01010807324,0.009509809315
535,0.009979856666,0.01033236436
536,0.009947086102,0.00918645924
537,0.01031740184,0.01014723501
538,0.009794657351,0.009180368157
539,0.009168043383,0.009669974388
540,0.009655689471,0.009493450169
541,0.01033769373,0.01001384389
542,0.01011529402,0.009517439466
543,0.01003444346,0.01018347603
544,0.01011592278,0.009797357488
545,0.009906242951,0.01049988496
546,0.01015868958,0.009774153121
547,0.009820236475,0.009906975203
548,0.00993978011,0.01042485784
549,0.01000299398,0.00965262379
550,0.009626741521,0.009694236214
551,0.009997989517,0.01024965476
552,0.009750950732,0.01027060044
553,0.01031986577,0.009783638059
554,0.009933522437,0.01034065709
555,0.01058215601,0.009878587211
556,0.01023512916,0.01029037451
557,0.009603204031,0.01064001117
558,0.009504886344,0.01049667038
559,0.009665976861,0.009816745645
560,0.009911189787,0.01010947861
561,0.0102190891,0.009650630294
562,0.009379862109,0.01016549626
563,0.009619359451,0.0105370793
564,0.009958948009,0.01018727815
565,0.01022718393,0.009708204423
566,0.009778855951,0.01039350801
567,0.009868853609,0.009452697472
568,0.01002584607,0.009778631502
569,0.00975256844,0.01012864639
570,0.01051011297,0.01040214917
571,0.01016771735,0.009438985959
572,0.009584253887,0.009806342772
573,0.009697935428,0.01003279828
574,0.009710036626,0.01001636102
575,0.009982175543,0.01036879933
576,0.0100886788,0.01015290781
577,0.009501318214,0.01023734629
578,0.009724862291,0.01013580582
579,0.0103906251,0.009967588936
580,0.009863970568,0.009961967473
581,0.0102524237,0.009878352517
582,0.009838794125,0.01024077926
583,0.009490783093,0.009669627121
584,0.009701450123,0.01055798808
585,0.009735624772,0.009679056471
586,0.009888396366,0.009641203331
587,0.009274829761,0.009681555675
588,0.009713168838,0.01017889642
589,0.01005526911,0.01012157323
590,0.01039724704,0.009940962307
591,0.009893502225,0.01000187045
592,0.01010804099,0.009750557598
593,0.010356877,0.01021536137
594,0.009792523226,0.009732122533
595,0.009962110897,0.009692043648
596,0.009721590672,0.009653825313
597,0.01037892164,0.01034102635
598,0.00942018663,0.009731712751
599,0.009870675975,0.009823188069
600,0.009660548298,0.01014950842
601,0.00969887292,0.01024927082
602,0.009109294391,0.009743978037
603,0.0100490175,0.0100748383
604,0.009622936777,0.009975317516
605,0.009943379089,0.0101555197
606,0.009279260295,0.009813597717
607,0.009360215918,0.009711769293
608,0.01034942665,0.01078549214
609,0.01002808986,0.0094696671
610,0.009871145245,0.01003161923
611,0.01021999156,0.01025458751
612,0.009918179596,0.01037106058
613,0.01019132638,0.009108529659
614,0.009834326571,0.009970028303
615,0.009549412294,0.009467980941
616,0.009847877664,0.01042444841
617,0.009419302398,0.009506713832
618,0.01018581493,0.01042322651
619,0.0102683882,0.01011606515
620,0.009937236318,0.009223851899
621,0.01016314456,0.01001990237
622,0.009950270585,0.009859263198
623,0.01003182959,0.01054547378
624,0.01010599523,0.009441448143
625,0.01005761023,0.01022442337
626,0.009763073525,0.01045540313
627,0.009089396917,0.009424455813
628,0.009417054011,0.01035655814
629,0.01018609805,0.01031267969
630,0.01018414495,0.01020746143
631,0.009590891888,0.009582452825
632,0.009722367045,0.009850406786
633,0.01012332307,0.009828023147
634,0.01034101809,0.009953248082
635,0.01008435816,0.01016511384
636,0.0105759491,0.009966242011
637,0.009860258782,0.01051433128
638,0.009607337299,0.00985356106
639,0.01019222895,0.01044186915
640,0.0091126794,0.009601470607
641,0.01028936589,0.009391781758
642,0.009571039118,0.01057409716
643,0.009711482679,0.009566205321
644,0.01018082432,0.009730872815
645,0.009796395607,0.01002603781
646,0.009250132367,0.01035698981
647,0.01020456455,0.009563813917
648,0.009529362665,0.009607860353
649,0.01008138095,0.009589465568
650,0.009991265601,0.009954367648
651,0.01000606909,0.009068757237
652,0.009750441299,0.0102447666
653,0.01000561717,0.009750448284
654,0.009984696284,0.01023983664
655,0.009908019332,0.009490226861
656,0.009989739745,0.00962034869
657,0.009555501398,0.01019571477
658,0.009277925594,0.01026475616
659,0.008988902206,0.01061513973
660,0.009464054136,0.009925517952
661,0.01037003112,0.01039182558
662,0.009790773853,0.009921750054
663,0.009910780354,0.01043822104
664,0.009707886376,0.009727730765
665,0.01001478266,0.009451136226
666,0.009623965132,0.01037741906
667,0.01041407289,0.009623824619
668,0.009637565585,0.01019844704
669,0.009769725963,0.01017242321
670,0.009844568092,0.009407501784
671,0.009750761208,0.01081668586
672,0.01022551209,0.009719813941
673,0.009223010275,0.009959442657
674,0.01013647905,0.00964250206
675,0.009845246561,0.009831182193
676,0.01066725573,0.009515468031
677,0.00939393125,0.009965978097
678,0.0100306737,0.01010343514
679,0.01110724721,0.009790998651
680,0.009641916491,0.01064481621
681,0.01020563138,0.009766125702
682,0.009800865431,0.01005674922
683,0.009872795199,0.009624393773
684,0.009943184734,0.01102866465
685,0.009528715629,0.009727578377
686,0.01045852178,0.009306466673
687,0.01001462026,0.009633716661
688,0.01004639093,0.009845039924
689,0.01005287492,0.009931202396
690,0.01002337225,0.009424411575
691,0.01048896962,0.01030592469
692,0.009015932621,0.01040499168
693,0.009710712766,0.009366281447
694,0.01011054718,0.009290373069
695,0.009898884688,0.009365915088
696,0.00946450443,0.009991470724
697,0.009834012366,0.01053175132
698,0.009184923489,0.009964307537
699,0.01009928179,0.0102047025
700,0.009238399449,0.01034026279
701,0.009949696716,0.01002998697
702,0.01050599548,0.009791040211
703,0.009403028409,0.01000778412
704,0.009397300426,0.01001129451
705,0.01075460075,0.01011826866
706,0.009669955354,0.009858139674
707,0.01004348713,0.01053555403
708,0.009428341815,0.009950294159
709,0.009604822379,0.01024241478
710,0.01011279924,0.01026716642
711,0.00999775494,0.01032372797
712,0.009826169349,0.009762084577
713,0.009691646439,0.01063078747
714,0.0100001198,0.01038187568
715,0.009765535593,0.009815342841
716,0.01017531066,0.009843225242
717,0.009728393983,0.009676670539
718,0.009778227308,0.01004568348
719,0.009547499707,0.0100588731
720,0.009918486699,0.009941695724
721,0.01044979785,0.01003708725
722,0.0105537395,0.01001060102
723,0.0096295689,0.01028806169
724,0.009656798618,0.01034156524
725,0.009556413279,0.009393052314
726,0.009773373371,0.009656436159
727,0.009655086789,0.009269280359
728,0.01003206719,0.01046552428
729,0.010107529,0.0100473956
730,0.01031421078,0.009771206183
731,0.009222019289,0.009725298849
732,0.009995660628,0.01045523048
733,0.009853292839,0.0098659824
734,0.01005514909,0.01008530962
735,0.009928143118,0.01029374357
736,0.01007561933,0.01009331003
737,0.010518895,0.01021987363
738,0.0103705806,0.01006724907
739,0.01026514906,0.009992402745
740,0.009846453904,0.01065146714
741,0.009731062804,0.0102185217
742,0.01004071685,0.009704392753
743,0.0100068493,0.01023219153
744,0.009773595724,0.01030334819
745,0.01002060936,0.01000325638
746,0.01028173871,0.009721126873
747,0.009564674285,0.01032306883
748,0.009886216489,0.009639592608
749,0.01020245429,0.00976993551
750,0.01048177213,0.00974084402
751,0.009658147697,0.009541428764
752,0.009869575035,0.009891658905
753,0.009476098756,0.01052262972
754,0.01037109573,0.01021148998
755,0.009448106051,0.009627139603
756,0.00941385387,0.00977312075
757,0.01070076996,0.01017605478
758,0.009755306761,0.01003775548
759,0.009581165388,0.009378143004
760,0.01039172278,0.009768235032
761,0.01037081925,0.01024038589
762,0.00967269059,0.00961256586
763,0.01070190954,0.01007410709
764,0.009947289247,0.00940686278
765,0.009994321153,0.01019359264
766,0.0103751563,0.01011456014
767,0.009837412275,0.009589158697
768,0.009848405025,0.009346208826
769,0.009152000537,0.010670488
770,0.0101117813,0.009494157275
771,0.009716787376,0.0103025306
772,0.01007750374,0.009627506486
773,0.008691473631,0.00923139893
774,0.009793249308,0.009637267503
775,0.009562956402,0.009902547463
776,0.01007145224,0.009091104555
777,0.009883693652,0.01001546439
778,0.01032546756,0.01013473235
779,0.009993743734,0.01019181986
780,0.01015319157,0.009892030619
781,0.009719888214,0.01008150354
782,0.01029807469,0.00966752175
783,0.009328412882,0.009432039573
784,0.00906142348,0.009416210582
785,0.009687629994,0.009667831822
786,0.009808606119,0.009821434738
787,0.009513795958,0.01001527719
788,0.01000128,0.009480628069
789,0.01014051691,0.01023886551
790,0.009679594717,0.0100203132
791,0.009389760904,0.009216842416
792,0.009968059487,0.009383482626
793,0.0100408282,0.009173822822
794,0.009821669082,0.009990770835
795,0.009778656065,0.009625117644
796,0.00967158319,0.009495362756
797,0.009718769463,0.00989483844
798,0.008756684256,0.01009329344
799,0.01040706993,0.00953994866
800,0.01010804635,0.01035184984
801,0.01010278426,0.009811897413
802,0.009339455981,0.009750413592
803,0.009898910997,0.008774160407
804,0.01020878414,0.009745550924
805,0.0103184639,0.01023109374
806,0.009676834801,0.009970458108
807,0.01014264347,0.009606529027
808,0.009920051903,0.009698594804
809,0.00996682269,0.009740030742
810,0.009744932526,0.01016614586
811,0.010141431,0.008892785292
812,0.009616155061,0.01003901975
813,0.009957538685,0.009689011844
814,0.009538081009,0.009471345576
815,0.01013650699,0.01007429627
816,0.009689967497,0.009957659524
817,0.01011995575,0.009890948655
818,0.0100429802,0.009166776668
819,0.008976378595,0.009739324334
820,0.01019608066,0.009745477932
821,0.00932771439,0.009896857664
822,0.009558559745,0.01047161128
823,0.0104254852,0.01042513945
824,0.009995247296,0.009291098802
825,0.009874366224,0.00946801703
826,0.01033234783,0.009888700442
827,0.009649591288,0.01108049043
828,0.01048897149,0.010148025
829,0.009762655129,0.01041977829
830,0.009850444272,0.009776439751
831,0.009766933043,0.009648439242
832,0.009635031456,0.009487683186
833,0.009687147802,0.009416828805
834,0.008920516295,0.009858266218
835,0.01042904274,0.01016249624
836,0.009767505107,0.009406732453
837,0.009061184654,0.009355296963
838,0.009801975219,0.009684987424
839,0.00959787122,0.01035937446
840,0.01018516673,0.01011202612
841,0.01006770652,0.009746506345
842,0.009877654142,0.009737009997
843,0.009441095637,0.00956219912
844,0.009541973064,0.01060534967
845,0.01021194644,0.009430669481
846,0.00954131363,0.009577887366
847,0.009800318745,0.0093997441
848,0.01068048005,0.009739581496
849,0.009454682586,0.01015960297
850,0.01012484718,0.01025655004
851,0.009993675631,0.009713440493
852,0.009747528646,0.009800581378
853,0.00999094022,0.01004316006
854,0.01023013378,0.009889712092
855,0.009880234953,0.009890783927
856,0.01001742354,0.009977849433
857,0.009859736543,0.009616818512
858,0.009770682256,0.01056127949
859,0.01013212011,0.01039889781
860,0.009846968926,0.009739145287
861,0.009776597959,0.01028337202
862,0.01063996938,0.009580289596
863,0.00971598539,0.01024732017
864,0.009667693288,0.01036354178
865,0.01047482656,0.009584323387
866,0.01008149277,0.009883308783
867,0.009679881157,0.009698319598
868,0.009466205083,0.009606806794
869,0.01036159974,0.009677573224
870,0.009649677086,0.01026801916
871,0.01013821887,0.00941924029
872,0.009958229144,0.01028983272
873,0.01005227474,0.009771671845
874,0.009549226146,0.00988473359
875,0.009476817446,0.01061364671
876,0.009795411024,0.009956068825
877,0.01024530083,0.009698261274
878,0.009807057562,0.01015187579
879,0.009718224639,0.009804965463
880,0.009689944913,0.01026066404
881,0.009908440756,0.009811229538
882,0.009743585717,0.009808647796
883,0.009741074755,0.01034155802
884,0.009207399096,0.009574894444
885,0.01024198113,0.009788660565
886,0.01008565957,0.010582585
887,0.009762515198,0.0100699974
888,0.009741054033,0.009446408134
889,0.009910714463,0.00924982701
890,0.009951212327,0.00986183132
891,0.009992862993,0.01000077644
892,0.009683229495,0.009852692718
893,0.009750143217,0.01031185221
894,0.0103721139,0.009632320027
895,0.009508317802,0.01013159263
896,0.00996578997,0.009150809143
897,0.01015641843,0.01052050455
898,0.009818199323,0.009916055249
899,0.009663387085,0.009929697495
900,0.009697016329,0.01011697541
901,0.009437862784,0.009781144909
902,0.009707184043,0.009673445835
903,0.009715096327,0.009280121012
904,0.0102614885,0.009938335163
905,0.00970553013,0.01015255228
906,0.01005134522,0.009829897434
907,0.009725121665,0.01047030673
908,0.0101141471,0.01040600438
909,0.009357861592,0.01034597913
910,0.009697229136,0.01004025305
911,0.009834986762,0.00985272252
912,0.009745590622,0.0104776005
913,0.01005012251,0.01069098013
914,0.009540294879,0.01015035703
915,0.009139383095,0.009246742353
916,0.01007077424,0.01049155754
917,0.009563178988,0.009778172011
918,0.009293682524,0.009855601587
919,0.009462485556,0.01017286372
920,0.01010852598,0.009250953211
921,0.00993145816,0.009398206254
922,0.009700187598,0.01000454661
923,0.009985988028,0.009853683528
924,0.01009907213,0.009563884931
925,0.009705315693,0.01009533333
926,0.009705673554,0.009768944234
927,0.009950443404,0.01044417394
928,0.009330475936,0.009805219597
929,0.0105188546,0.01039793948
930,0.009237552411,0.0100499785
931,0.009811388562,0.009541528067
932,0.009111877531,0.009375755326
933,0.009775327635,0.01041157439
934,0.009457201581,0.008912300284
935,0.01002418372,0.009940627846
936,0.01033068507,0.009844939457
937,0.009571421426,0.009715001099
938,0.009521029249,0.009607781773
939,0.009126204881,0.009694684995
940,0.009500102839,0.009853007738
941,0.009781872737,0.009867857676
942,0.009350676031,0.009844710235
943,0.009599555866,0.01001734252
944,0.009801379987,0.009779837914
945,0.009417287016,0.0103702856
946,0.009311477421,0.01036429207
947,0.01028266479,0.01055885816
948,0.009491892997,0.01001781086
949,0.009612118709,0.009855959564
950,0.009720199159,0.009791798424
951,0.009366566315,0.009974308778
952,0.009857688681,0.009485281189
953,0.009456505883,0.00942757295
954,0.009501933935,0.009940466261
955,0.009959700517,0.009593093302
956,0.009180581546,0.01014100737
957,0.009376034723,0.0103833871
958,0.009809765266,0.01004772913
959,0.009436814056,0.009129467187
960,0.01013429032,0.009236597805
961,0.009231524542,0.009447482997
962,0.009830780211,0.009260617313
963,0.01015065343,0.009820361622
964,0.00951529562,0.01044011884
965,0.01048851945,0.01019994367
966,0.01015083794,0.0101419019
967,0.009721733863,0.009151899256
968,0.009459265508,0.009713158943
969,0.009896205389,0.01060341648
970,0.00998262607,0.01017613278
971,0.01032687596,0.01068884181
972,0.008950525895,0.01047940832
973,0.01023091679,0.01033322362
974,0.009738633758,0.01000244368
975,0.0092162746,0.009021741513
976,0.0101042866,0.009944346501
977,0.009670901345,0.009776773397
978,0.009136090463,0.01114446914
979,0.009411186329,0.009514741367
980,0.00951307721,0.01018030068
981,0.009511363343,0.009898782824
982,0.009808183881,0.009596731863
983,0.009555018856,0.01001536741
984,0.009909564396,0.01001452783
985,0.009924046346,0.01003953756
986,0.00997093413,0.009735422907
987,0.01009216765,0.009540848667
988,0.01017842488,0.009856392746
989,0.01026256406,0.00931017159
990,0.009940839722,0.009286790038
991,0.009771859739,0.010424154
992,0.009706835612,0.009854586679
993,0.01012561971,0.009476983105
994,0.009630951332,0.01034064079
995,0.01047702727,0.009999842034
996,0.01083798963,0.009897939744
997,0.009934228496,0.01048916846
998,0.01009307848,0.009925900842
999,0.009100640949,0.01010824868
1000,0.009828669834,0.01029480598
1001,0.009737303248,0.01009082457
1002,0.009327384294,0.01037296222
1003,0.009740753332,0.009824337554
1004,0.009988259058,0.01015440491
1005,0.009194232989,0.009749185527
1006,0.009747720207,0.009654292546
1007,0.01039404364,0.009639893658
1008,0.009462438291,0.009623354301
1009,0.009749540361,0.009774477687
1010,0.01019727963,0.01044013072
1011,0.009527966788,0.009929189924
1012,0.009650057764,0.009818664286
1013,0.009815808851,0.009592622519
1014,0.009714769316,0.009602814913
1015,0.009789421107,0.009474289487
1016,0.009727746248,0.01013103581
1017,0.009709470323,0.01003780169
1018,0.01069966936,0.009764968068
1019,0.01009278838,0.01005291648
1020,0.009746739757,0.009147898643
1021,0.009807558497,0.009170679725
1022,0.009742380003,0.009969943087
1023,0.01030933717,0.009659895673
1024,0.009671557578,0.01001838059
1025,0.009191432619,0.009418509202
1026,0.01010742027,0.009724458563
1027,0.009439253015,0.009523355169
1028,0.009608589229,0.010383207
1029,0.009391486528,0.01009075239
1030,0.01015736721,0.0100122533
1031,0.01058679866,0.009807741386
1032,0.00930412719,0.009714267449
1033,0.01000490529,0.01000902522
1034,0.00948149676,0.009814601042
1035,0.009485868912,0.01015281759
1036,0.0101433493,0.01009842067
1037,0.009925312945,0.009859020473
1038,0.009856712655,0.009770830802
1039,0.01051269157,0.01029767562
1040,0.009966573853,0.009916621842
1041,0.009866702021,0.01005760883
1042,0.009735333268,0.009933556197
1043,0.009046311141,0.009461346315
1044,0.009818895487,0.01007165643
1045,0.009659075295,0.00995119859
1046,0.009798661573,0.009919287404
1047,0.01017722231,0.01029530168
1048,0.009858795675,0.009792074678
1049,0.009898981894,0.009827290894
1050,0.009299337515,0.01045741001
1051,0.009323459293,0.009905114537
1052,0.009125214652,0.009724322474
1053,0.009458973305,0.0103075708
1054,0.01026327326,0.009960476193
1055,0.009852045216,0.01036649267
1056,0.009767984971,0.009429082973
1057,0.009584121872,0.0102640285
1058,0.009956880123,0.009536087047
1059,0.009904868668,0.01032544149
1060,0.009777374915,0.01045240299
1061,0.01025631605,0.01008376351
1062,0.009312348906,0.01022992621
1063,0.009872067836,0.009784165304
1064,0.009836142301,0.009615323157
1065,0.009210216696,0.01012010896
1066,0.0102774027,0.009859241545
1067,0.01017358224,0.01004503411
1068,0.01046778599,0.009520186926
1069,0.009719302761,0.009920906392
1070,0.009806773858,0.009618012235
1071,0.009437002242,0.009731900529
1072,0.009478111926,0.01000009105
1073,0.009739228175,0.01053626637
1074,0.009579858277,0.009862282895
1075,0.009746181779,0.009678268572
1076,0.009756640415,0.009900075849
1077,0.009875902906,0.009544645029
1078,0.01003720169,0.009395804955
1079,0.009482512134,0.01017866784
1080,0.01033382723,0.009898725606
1081,0.009341132594,0.009798570652
1082,0.009587323293,0.009719505499
1083,0.00988507201,0.01048120263
1084,0.009542331914,0.009982081247
1085,0.009528306313,0.00961069949
1086,0.009097210714,0.01012259338
1087,0.008958687191,0.009847344598
1088,0.01010299358,0.01027921296
1089,0.008748951775,0.01075369155
1090,0.009359761607,0.00939661765
1091,0.009953215253,0.009890261921
1092,0.01016451663,0.00947990641
1093,0.009842056083,0.009405515448
1094,0.009714806569,0.01010460302
1095,0.01011488365,0.009908290463
1096,0.009910884313,0.01068128773
1097,0.009776002611,0.009287037596
1098,0.009987020632,0.009934908361
1099,0.01003059722,0.009905058425
1100,0.01046696608,0.008881858841
1101,0.009937744588,0.009658423485
1102,0.009668754297,0.009852667456
1103,0.009294910124,0.010066038
1104,0.00970957079,0.009703565156
1105,0.00932828529,0.01001027913
1106,0.009667608421,0.009689082275
1107,0.009648140403,0.0101762088
1108,0.0101619045,0.0100374457
1109,0.009160766844,0.01044036972
1110,0.009765016148,0.009969452512
1111,0.009520173073,0.01014259877
1112,0.009676777292,0.009671758045
1113,0.009856329416,0.0102108065
1114,0.009540371015,0.009877848672
1115,0.009877488366,0.01008201088
1116,0.01056644588,0.01008605212
1117,0.009434441221,0.009366726503
1118,0.01007951214,0.01033656462
1119,0.01046415442,0.01036822936
1120,0.00954552344,0.009191540477
1121,0.008911173791,0.01064811647
1122,0.009638243529,0.008945548092
1123,0.009146710741,0.01003495464
1124,0.009536823782,0.01026593219
1125,0.01012601249,0.01016501477
1126,0.0101836581,0.008967921545
1127,0.01020096184,0.00951753516
1128,0.009303737956,0.009995676868
1129,0.009938089759,0.009824875742
1130,0.009450064274,0.009048507549
1131,0.009732706822,0.009781021858
1132,0.01015029766,0.009456707165
1133,0.009863718413,0.009549262992
1134,0.00939024589,0.0103207085
1135,0.009949290892,0.01033746463
1136,0.009621564765,0.009327373118
1137,0.009704011143,0.01008990593
1138,0.009613155853,0.01014626736
1139,0.00980599015,0.01011185435
1140,0.009640827426,0.00968534674
1141,0.01056643378,0.009961095639
1142,0.0099337172,0.009426848381
1143,0.009324034734,0.01026970672
1144,0.009355025715,0.01010416728
1145,0.009744955576,0.009485996445
1146,0.009737900458,0.01035478723
1147,0.01006081759,0.01003432891
1148,0.009608976892,0.009756105836
1149,0.01063768542,0.009970698971
1150,0.009423244279,0.01000092085
1151,0.009267717134,0.009259867715
1152,0.01011315151,0.009918810683
1153,0.009281930514,0.009771729121
1154,0.009057309886,0.00994659483
1155,0.01008567482,0.009784070193
1156,0.009837209189,0.009549865266
1157,0.009882702143,0.009871064103
1158,0.0101863473,0.01023115893
1159,0.009494075784,0.009733677376
1160,0.01006174658,0.01009755372
1161,0.009840868413,0.01009463449
1162,0.009141691844,0.009901924757
1163,0.01108798629,0.0098959303
1164,0.01012531831,0.01067329524
1165,0.00907644711,0.009982751566
1166,0.009428313118,0.01053956873
1167,0.009788683383,0.010428334
1168,0.009119502502,0.00990224001
1169,0.009072379151,0.009931644658
1170,0.01004851179,0.009987962199
1171,0.009739780333,0.009715070832
1172,0.009560844745,0.009727426805
1173,0.009637699579,0.009189587319
1174,0.009949126106,0.01023193519
1175,0.01015449571,0.009654989117
1176,0.01005996938,0.01082803868
1177,0.009741256945,0.009450023179
1178,0.009513431578,0.009162505972
1179,0.009963287041,0.010040942
1180,0.009495510138,0.009873934439
1181,0.009697692818,0.01019574422
1182,0.01000635675,0.009856953053
1183,0.01007275912,0.009440865717
1184,0.009237535298,0.009869494126
1185,0.009753728751,0.009416598012
1186,0.01016717614,0.00894063391
1187,0.009427812998,0.00963531743
1188,0.009840990766,0.009591180598
1189,0.009469424142,0.01019667741
1190,0.01038067066,0.01022651314
1191,0.009969953448,0.00937545253
1192,0.009787417366,0.009741400369
1193,0.009156105574,0.009376814007
1194,0.008723355597,0.01057830267
1195,0.009326512809,0.01000490622
1196,0.01024086087,0.01021020592
1197,0.01015417895,0.009605612606
1198,0.01001053688,0.009908682434
1199,0.01021135948,0.00996136968
1200,0.01012666908,0.009793918114
1201,0.009700005874,0.009932237095
1202,0.009675271343,0.009718712303
1203,0.009966222569,0.009863219573
1204,0.01022556808,0.009272316587
1205,0.009897350799,0.009275038494
1206,0.009158657165,0.009143418283
1207,0.01002006035,0.009878507699
1208,0.00977355917,0.009952270542
1209,0.0103462392,0.00948240608
1210,0.009687802638,0.01003800437
1211,0.009889109526,0.009662527707
1212,0.01004974579,0.01004654181
1213,0.01024477836,0.009195253719
1214,0.00961744698,0.01004306914
1215,0.01006170327,0.01034193137
1216,0.01010369125,0.01048423455
1217,0.009642073535,0.009905995335
1218,0.009822659078,0.009345978149
1219,0.009444843279,0.01008362789
1220,0.00915848685,0.009717687964
1221,0.009280007915,0.009265486035
1222,0.00964281999,0.00958961196
1223,0.009378021234,0.0095222987
1224,0.00983110466,0.01040879567
1225,0.009422544332,0.009080331423
1226,0.009938787669,0.009999225847
1227,0.00933201157,0.009954734589
1228,0.00965040084,0.00995315332
1229,0.01064864371,0.009740316658
1230,0.009745110758,0.01036120194
1231,0.009121571667,0.00999680144
1232,0.009469965997,0.009910843102
1233,0.009916606825,0.01001525775
1234,0.009615285555,0.009810925345
1235,0.009565998567,0.009343788552
1236,0.00989247195,0.01004023454
1237,0.009902150137,0.009988867212
1238,0.009621276287,0.01053527661
1239,0.009383638273,0.009519187617
1240,0.01026052411,0.009572704905
1241,0.009626735467,0.009819048573
1242,0.009519860556,0.009794831742
1243,0.00918381731,0.009769439464
1244,0.01006442553,0.009680266376
1245,0.008975245873,0.009849411203
1246,0.009981632582,0.01012857037
1247,0.01042552921,0.009870074573
1248,0.009121388895,0.01003087743
1249,0.01016151044,0.009412904852
1250,0.009823859204,0.009302580147
1251,0.009187200514,0.00956194516
1252,0.009441018337,0.009793212987
1253,0.01010259346,0.00878890662
1254,0.00971923396,0.009870068403
1255,0.009780689492,0.009869223111
1256,0.009510781965,0.009282378363
1257,0.009426259203,0.009456005297
1258,0.009716541972,0.009968482773
1259,0.01002443302,0.01013771084
1260,0.01032753545,0.01022484351
1261,0.009494474391,0.009326705011
1262,0.01017810346,0.009836764541
1263,0.009589480702,0.009735981352
1264,0.009695526795,0.009851052426
1265,0.009867770714,0.009964502882
1266,0.009561150917,0.009733858169
1267,0.01003919239,0.009505804279
1268,0.00959612045,0.009608173394
1269,0.009875583928,0.00964961818
1270,0.009746536147,0.009961855947
1271,0.009898356744,0.009550673072
1272,0.010120627,0.009891179972
1273,0.009776779567,0.009493090096
1274,0.009716449538,0.009992410545
1275,0.009898206103,0.01017051085
1276,0.009746604599,0.009802040295
1277,0.009785788716,0.009993221844
1278,0.009337373718,0.009618290234
1279,0.01003667875,0.009733682615
1280,0.009072086483,0.009592100978
1281,0.009781563771,0.01006707293
1282,0.009480430512,0.009704613592
1283,0.009898257907,0.009879016667
1284,0.009378947201,0.009497678722
1285,0.009992932202,0.009425452095
1286,0.01001389103,0.009684761986
1287,0.01016336796,0.01020821801
1288,0.009121928131,0.01016524434
1289,0.01003849827,0.009823750821
1290,0.01015340548,0.009603923885
1291,0.009861638071,0.009776499704
1292,0.01012493286,0.009435612592
1293,0.009764265968,0.009353509755
1294,0.009501097607,0.01000723557
1295,0.009482801135,0.009680813993
1296,0.009755854262,0.009443820338
1297,0.009328504908,0.009105535632
1298,0.009435560787,0.00968182832
1299,0.01050546626,0.00960893929
1300,0.009463858209,0.009970376152
1301,0.009419923881,0.01041450945
1302,0.008968024864,0.009744897834
1303,0.009341583936,0.009079166804
1304,0.009287774679,0.009364573983
1305,0.009440860245,0.009615670191
1306,0.009792607976,0.009198118001
1307,0.008576565597,0.01010337588
1308,0.00978952914,0.009987638099
1309,0.01023491193,0.009828649228
1310,0.009580471087,0.01063083764
1311,0.01008614909,0.009811099735
1312,0.009348530322,0.01021899609
1313,0.009692741907,0.009976471425
1314,0.008961090178,0.009618368349
1315,0.01002426317,0.009741156944
1316,0.009569400863,0.009764872491
1317,0.009614090086,0.009902679711
1318,0.009761512047,0.009399504459
1319,0.009759329259,0.009786478826
1320,0.009907522588,0.009856445424
1321,0.009804467438,0.009876449476
1322,0.009405755554,0.009536895202
1323,0.009390201536,0.009935266804
1324,0.009499351145,0.009884596569
1325,0.01019445085,0.009651206317
1326,0.009115388209,0.009328230983
1327,0.009412764688,0.01027803158
1328,0.009137783316,0.009121905081
1329,0.009656132141,0.01019816636
1330,0.009894181741,0.009248578222
1331,0.009849713882,0.009910336696
1332,0.009396656067,0.009490085067
1333,0.009885824169,0.009789262782
1334,0.009738412802,0.009307718719
1335,0.009482816909,0.01004691364
1336,0.009748000826,0.009564936277
1337,0.009933416848,0.009966645739
1338,0.009450347163,0.009511165554
1339,0.00938420475,0.009741529124
1340,0.009640619741,0.01026951708
1341,0.009405005432,0.0101143081
1342,0.009429050668,0.009995954577
1343,0.009553003707,0.009511696524
1344,0.01002087037,0.009621676989
1345,0.009343826387,0.009951062966
1346,0.00977032457,0.009904103354
1347,0.01016580092,0.009463882889
1348,0.009504325688,0.009311754955
1349,0.009009765985,0.009424423799
1350,0.008968945593,0.009919432923
1351,0.009761713678,0.009596686461
1352,0.009279112332,0.01006822102
1353,0.0097664278,0.009354133508
1354,0.009408007492,0.00993477297
1355,0.009641570796,0.009164369898
1356,0.009275628952,0.009193809121
1357,0.009247138165,0.009260489722
1358,0.0093826956,0.0092218098
1359,0.009696068417,0.00934360025
1360,0.009105082601,0.009608356515
1361,0.009573980817,0.009384998353
1362,0.009238449973,0.009254460689
1363,0.009165053489,0.01017192029
1364,0.009519394313,0.00978835742
1365,0.009169788333,0.009999672649
1366,0.009566507535,0.00933823979
1367,0.009679974988,0.009928861517
1368,0.00951491762,0.009917792049
1369,0.009657904156,0.009787414805
1370,0.009797859821,0.009501508903
1371,0.009834188619,0.009645854123
1372,0.009527594433,0.009818222956
1373,0.01005757879,0.008863771043
1374,0.009638505173,0.009546660003
1375,0.009714519605,0.01000550273
1376,0.01026705292,0.01006590435
1377,0.009009364469,0.009282032959
1378,0.009244568297,0.009962223354
1379,0.009432822757,0.01031460566
1380,0.009260809049,0.009744174196
1381,0.009782749461,0.01000329736
1382,0.009000150545,0.009537847829
1383,0.01002174511,0.009939749143
1384,0.009169883677,0.009699199116
1385,0.009572206589,0.00914539455
1386,0.009857072728,0.009069417603
1387,0.009763418115,0.008893810271
1388,0.00973745808,0.009770841105
1389,0.009540772298,0.008426337503
1390,0.008759450226,0.009637744864
1391,0.009091426502,0.01001299033
1392,0.009737556218,0.00948962348
1393,0.009308310691,0.009022866841
1394,0.009767746669,0.009639603901
1395,0.009215678321,0.009475063067
1396,0.00948731089,0.009629700915
1397,0.009640149772,0.009125079727
1398,0.009361598291,0.009821139742
1399,0.009390089544,0.009379756404
1400,0.009940036922,0.009522296255
1401,0.009559544676,0.009547472466
1402,0.009579496342,0.01002616424
1403,0.008676739468,0.009663400706
1404,0.008932591008,0.008833175292
1405,0.009087717393,0.009481715213
1406,0.009569574206,0.009562142426
1407,0.009404782788,0.00911117607
1408,0.009892483708,0.009331388923
1409,0.009363859077,0.009128310077
1410,0.009021821723,0.01001515961
1411,0.009582026512,0.008923548216
1412,0.009667742415,0.009244291927
1413,0.009725189768,0.009636975068
1414,0.009088547784,0.009574191528
1415,0.00983260863,0.009721197654
1416,0.009182023001,0.009700136026
1417,0.00911319349,0.009189127944
1418,0.009842169588,0.009745110292
1419,0.008810685715,0.009630758199
1420,0.009787151823,0.01032517408
1421,0.009313501418,0.009382186807
1422,0.009376506903,0.00972402445
1423,0.008999443031,0.009683186072
1424,0.009315298405,0.009133257437
1425,0.00887365482,0.008960924402
1426,0.00919180538,0.009533812816
1427,0.009480031615,0.009015254152
1428,0.009613298229,0.009160597809
1429,0.009870561771,0.00904243387
1430,0.009282771265,0.009777024388
1431,0.01018322608,0.009177742992
1432,0.009176470921,0.009013835399
1433,0.009435928194,0.008605562965
1434,0.009621178964,0.01010257087
1435,0.009229794494,0.00923651451
1436,0.00837509433,0.009291422437
1437,0.009428216377,0.00878390891
1438,0.009640036034,0.009352736757
1439,0.009612654452,0.008833929431
1440,0.00921043125,0.009495604085
1441,0.009420978837,0.009503439069
1442,0.009587324923,0.009243376204
1443,0.009166701173,0.009844279382
1444,0.009512078948,0.00973169622
1445,0.009063128091,0.008850424783
1446,0.009076365968,0.00936268596
1447,0.009184887633,0.009510289296
1448,0.009888575296,0.00908047799
1449,0.008938475396,0.009339496261
1450,0.008996438934,0.008877833723
1451,0.008969201474,0.008985481341
1452,0.008960460662,0.009310995694
1453,0.009631839581,0.009120485047
1454,0.008561701921,0.009753177408
1455,0.008970430412,0.009120239003
1456,0.008549294202,0.009345337399
1457,0.01012729178,0.0090799256
1458,0.008994779957,0.008855597815
1459,0.00915795262,0.008965420304
1460,0.009327547625,0.008610819874
1461,0.008884101058,0.009058380965
1462,0.008957829035,0.00854330213
1463,0.008853551932,0.009016722557
1464,0.009423640673,0.008115815348
1465,0.009175293031,0.00849746383
1466,0.008906172356,0.009319126199
1467,0.008908268064,0.009064728452
1468,0.008597171516,0.008718475176
1469,0.009291185241,0.009207369178
1470,0.009167572309,0.008933506091
1471,0.009360375465,0.008679998689
1472,0.008728044631,0.009572043782
1473,0.008714257274,0.008956731472
1474,0.009128963458,0.008901480236
1475,0.008792660839,0.009087153594
1476,0.009090813168,0.008723923005
1477,0.008935087884,0.008380092273
1478,0.008780770819,0.008971703937
1479,0.008225911763,0.009083803277
1480,0.009390364343,0.008851723804
1481,0.008899889421,0.008809448278
1482,0.008896178158,0.008283876348
1483,0.009226075606,0.008373417135
1484,0.008826621925,0.008975058561
1485,0.008820916875,0.008987086068
1486,0.008922192967,0.009090768755
1487,0.00901019288,0.008803177567
1488,0.008948746021,0.00912314828
1489,0.008622539463,0.00883658079
1490,0.008669636562,0.008611127443
1491,0.009173866245,0.008773946203
1492,0.008791011758,0.009093985078
1493,0.008852068742,0.009269210801
1494,0.009440135444,0.008913724858
1495,0.008413204283,0.008712509414
1496,0.009014669631,0.008754109556
1497,0.008611629601,0.008543911157
1498,0.008996288641,0.009048982756
1499,0.009318497556,0.008488076623
1500,0.0089668695,0.008808342274
1501,0.008532920154,0.008567881829
1502,0.009101978038,0.008397420053
1503,0.009120291914,0.008216814778
1504,0.008624336566,0.008440296282
1505,0.008872125705,0.008978446014
1506,0.008752729278,0.01011281449
1507,0.008746004838,0.00972390431
1508,0.008948742994,0.008623675269
1509,0.008968781796,0.008791301632
1510,0.008647411712,0.008934110752
1511,0.009469948476,0.008302718343
1512,0.008726827917,0.009344326449
1513,0.008778180054,0.008199466858
1514,0.008530223218,0.008665217785
1515,0.00879262446,0.008445375075
1516,0.008581137692,0.008540971437
1517,0.008248698199,0.008226940408
1518,0.0082401869,0.008015208063
1519,0.008960137435,0.00788828783
1520,0.008606564195,0.008831425919
1521,0.00889736478,0.008657942526
1522,0.007936397451,0.009462572867
1523,0.007986846729,0.008351623314
1524,0.008649264986,0.008608925506
1525,0.008890817175,0.007580419537
1526,0.009009684552,0.008622784982
1527,0.008236633032,0.008470198954
1528,0.008645979862,0.009324305283
1529,0.008255137771,0.008980873157
1530,0.008657873608,0.008740335586
1531,0.00870488002,0.008413644799
1532,0.009096720722,0.007677321672
1533,0.008441336802,0.008549933555
1534,0.008721010177,0.008712654875
1535,0.008380258863,0.008221747645
1536,0.008142545004,0.008553646912
1537,0.00823626318,0.008179062861
1538,0.008504220983,0.008628058131
1539,0.008576398017,0.007811829913
1540,0.008011290745,0.008128557587
1541,0.008647418639,0.008139627927
1542,0.008654685284,0.007957539987
1543,0.008312767663,0.00777753751
1544,0.00863277691,0.008409183996
1545,0.00866529363,0.008136413351
1546,0.007413809071,0.008565772441
1547,0.008101301792,0.008096881269
1548,0.008406825538,0.007604312676
1549,0.007751790166,0.00760647346
1550,0.008143590763,0.008305213356
1551,0.008400130202,0.007858436031
1552,0.008720245562,0.007878140372
1553,0.008198015508,0.007714336156
1554,0.008730887203,0.007712248538
1555,0.008120763639,0.007531807991
1556,0.007883584534,0.008114760218
1557,0.008111613046,0.007799108978
1558,0.008209558378,0.008012783306
1559,0.008366264345,0.007973631378
1560,0.007832186297,0.008266545658
1561,0.008093251614,0.008300719899
1562,0.007780586311,0.008026264433
1563,0.007804584107,0.007880748017
1564,0.007706415956,0.00772099325
1565,0.008252505912,0.007940224081
1566,0.007793298748,0.007869112422
1567,0.007322563033,0.008075852646
1568,0.007397616748,0.008288608049
1569,0.007921394194,0.007768877433
1570,0.00839433464,0.007510954048
1571,0.008047257201,0.008126493893
1572,0.008486813051,0.00762068457
1573,0.007584389066,0.007414446794
1574,0.007346835744,0.008022151771
1575,0.007961220981,0.008948554401
1576,0.007872211514,0.007908982167
1577,0.007779023028,0.00755417411
1578,0.008129928668,0.007337358256
1579,0.007820585219,0.007789556461
1580,0.008160691184,0.00794533547
1581,0.007833509299,0.007727871824
1582,0.007642433106,0.007888581022
1583,0.00764744007,0.00714535208
1584,0.007989297563,0.007371846121
1585,0.007159818953,0.00769264315
1586,0.007401101117,0.008303408744
1587,0.008034346334,0.007670003397
1588,0.007500170032,0.007599281031
1589,0.007683890057,0.007680960989
1590,0.007609750261,0.008167610911
1591,0.00759235624,0.006689412869
1592,0.007130876882,0.007502250839
1593,0.007014973264,0.007210348092
1594,0.007097561494,0.007498342777
1595,0.007706734468,0.007307353604
1596,0.00733795634,0.006922075525
1597,0.007580355566,0.006853636529
1598,0.007133481908,0.006447219348
1599,0.007789635914,0.006742584927
1600,0.007227310736,0.00726657873
1601,0.007178236323,0.007120113063
1602,0.007283662038,0.007632323366
1603,0.007252777868,0.006975132739
1604,0.00773655629,0.006273097475
1605,0.007360379968,0.007121969713
1606,0.007202577544,0.007187646639
1607,0.007647969294,0.00726879877
1608,0.007210343669,0.006684979424
1609,0.008007690019,0.007280140067
1610,0.006972690462,0.00693831715
1611,0.007466672396,0.006920190179
1612,0.007094494766,0.006858877023
1613,0.007488882402,0.007362750184
1614,0.006720471487,0.007191689103
1615,0.006540871982,0.006975041644
1616,0.007332795183,0.007619326818
1617,0.007285118569,0.007319808181
1618,0.007352904591,0.006962370186
1619,0.006819641567,0.006682246574
1620,0.006718560064,0.006975294673
1621,0.006903895992,0.00683984207
1622,0.007051889494,0.007102271775
1623,0.006940455991,0.007223722176
1624,0.006952182681,0.006909677293
1625,0.007206123613,0.006313101971
1626,0.006411757146,0.006998641999
1627,0.006834627246,0.00660449703
1628,0.006876286876,0.006695996155
1629,0.006551849772,0.007072572713
1630,0.006732441077,0.0068800968
1631,0.007239208266,0.007378492039
1632,0.006561186397,0.006545949553
1633,0.006877424312,0.007210041978
1634,0.00691942923,0.007247930393
1635,0.00681208889,0.006475514732
1636,0.006525846606,0.006662020343
1637,0.006474678521,0.006273949286
1638,0.006555158179,0.006284283591
1639,0.006852522434,0.006261267292
1640,0.006734064373,0.006647133152
1641,0.007279440644,0.006237583002
1642,0.006105194683,0.006611187768
1643,0.006840841554,0.007157135697
1644,0.00685064611,0.006421483005
1645,0.006576781045,0.007095092791
1646,0.00652170059,0.006730058696
1647,0.006483482313,0.00609482138
1648,0.006793499924,0.006414456293
1649,0.006456395029,0.006070949603
1650,0.006554547232,0.006209636806
1651,0.006156812771,0.006648597715
1652,0.006366719084,0.006096762838
1653,0.006192511704,0.006255360611
1654,0.006157869473,0.006450939632
1655,0.006402554107,0.006231789186
1656,0.006151621114,0.006431207177
1657,0.00654131046,0.006307492498
1658,0.005938846152,0.006709969894
1659,0.006759542797,0.005844015453
1660,0.006528965547,0.006531100022
1661,0.006532566156,0.006398548838
1662,0.006341246713,0.006484489422
1663,0.006227437698,0.00597588846
1664,0.006389508897,0.006352411059
1665,0.006796655187,0.006323116482
1666,0.006116141682,0.00658384565
1667,0.006546303397,0.005709184508
1668,0.006601870409,0.006520893658
1669,0.006731500558,0.006558351277
1670,0.006251477462,0.006511213782
1671,0.006287874072,0.00634162646
1672,0.006546360208,0.006499472191
1673,0.00611111871,0.006217054673
1674,0.00625728321,0.005889224587
1675,0.006191353372,0.005433899176
1676,0.006229718856,0.006103097228
1677,0.00585777947,0.005603255995
1678,0.006167367625,0.005598380347
1679,0.006097549689,0.006347065151
1680,0.006208464678,0.005394705338
1681,0.00665538304,0.00545924902
1682,0.006578666565,0.005771457043
1683,0.006082185428,0.00669614342
1684,0.006325923488,0.005857528886
1685,0.005621386052,0.005760097585
1686,0.006176359835,0.005852390896
1687,0.006184501864,0.00626559963
1688,0.005933031556,0.005956956244
1689,0.005933297449,0.006670575007
1690,0.005899266689,0.00634839409
1691,0.005877881486,0.006263678777
1692,0.006423979998,0.005702859606
1693,0.005812540767,0.006005456788
1694,0.006244842836,0.005558963807
1695,0.005788898969,0.006284858275
1696,0.005804307235,0.006069530791
1697,0.005619352392,0.005498696293
1698,0.006031407102,0.005969939171
1699,0.00636710762,0.006444887316
1700,0.005630707601,0.00536722492
1701,0.005920311552,0.005620661017
1702,0.005774446181,0.006161436555
1703,0.006603622285,0.005782702065
1704,0.006283628405,0.00577690528
1705,0.006032773817,0.006496694754
1706,0.00523878017,0.005721168942
1707,0.00585474039,0.005451412871
1708,0.005969115882,0.006016213854
1709,0.00598234497,0.005677701323
1710,0.005637512368,0.006088348047
1711,0.005742190988,0.006178658106
1712,0.005966562312,0.006063775101
1713,0.005673858162,0.006305249641
1714,0.006278471905,0.005837866163
1715,0.005855598894,0.005417453009
1716,0.005890385655,0.006050934666
1717,0.006967274472,0.005166266579
1718,0.005826642562,0.00554601918
1719,0.005985348311,0.005891863897
1720,0.005901022058,0.005699314177
1721,0.006157502707,0.005631894222
1722,0.005478511623,0.005602337304
1723,0.005599781522,0.005988342338
1724,0.005710667931,0.005277342629
1725,0.006067474314,0.005926997022
1726,0.006315103441,0.005603078869
1727,0.005654969602,0.00587322301
1728,0.005938620947,0.006398688594
1729,0.006002435752,0.0052271889
1730,0.005536574405,0.005269097543
1731,0.006088320166,0.005283011735
1732,0.005878212454,0.005267709086
1733,0.005778397841,0.005713741819
1734,0.005845518375,0.0052954774
1735,0.005704390642,0.005722759815
1736,0.005611729925,0.005541663733
1737,0.005953477405,0.006150062021
1738,0.005906455102,0.005882932746
1739,0.005274307274,0.005722745904
1740,0.005872046109,0.005594556278
1741,0.004945354915,0.005462857487
1742,0.006026787101,0.00556655199
1743,0.005788742623,0.006143075065
1744,0.006112897245,0.005490077892
1745,0.006167354353,0.006235542474
1746,0.005433092534,0.005967313016
1747,0.005558410718,0.006053318619
1748,0.005226929265,0.005870547728
1749,0.00563003344,0.004360591207
1750,0.00543238339,0.005634881149
1751,0.005912925059,0.006329088472
1752,0.005294624076,0.005305482715
1753,0.005700109701,0.005768891482
1754,0.005717601394,0.005458665604
1755,0.005681576033,0.00553460262
1756,0.005770438001,0.005858020741
1757,0.005366877711,0.00547354907
1758,0.005726676201,0.005666992569
1759,0.005393356667,0.005678250222
1760,0.005707302247,0.005978868343
1761,0.005148279888,0.005737833038
1762,0.005545694614,0.005229221249
1763,0.005506560381,0.005315552524
1764,0.005957305024,0.005712034821
1765,0.005845933454,0.00605796685
1766,0.005084975681,0.006175828865
1767,0.005617561925,0.00580433174
1768,0.00590148184,0.00591326307
1769,0.005721319467,0.005268333422
1770,0.005297458381,0.005201181193
1771,0.005077684589,0.00518769701
1772,0.005133107479,0.005323766381
1773,0.005663979216,0.005031174485
1774,0.005353199202,0.005912963417
1775,0.005770916701,0.005790724244
1776,0.005814748525,0.005745618604
1777,0.005722958682,0.005626424565
1778,0.005707439617,0.005582844547
1779,0.005654437351,0.00486095302
1780,0.005571654474,0.006156345888
1781,0.005494738696,0.005076956411
1782,0.005771954602,0.004709543544
1783,0.005717654363,0.006266684213
1784,0.005988146993,0.005497128062
1785,0.005697316898,0.005532267154
1786,0.005561909522,0.005654650158
1787,0.005690089485,0.005622311379
1788,0.005723752955,0.005013815069
1789,0.005532270588,0.005099679285
1790,0.00609515328,0.004902123415
1791,0.005422403163,0.005093617132
1792,0.005427468102,0.005156787054
1793,0.005820519524,0.00566348026
1794,0.005556996097,0.005315312592
1795,0.005644933612,0.004941774212
1796,0.005257444456,0.005284692219
1797,0.005744165683,0.005632256623
1798,0.005792276992,0.005388902093
1799,0.005394114181,0.005698627385
1800,0.005234313372,0.005565724219
1801,0.00529851485,0.005068611528
1802,0.00555724476,0.004610688396
1803,0.005852415401,0.005377557827
1804,0.005437808635,0.005322203797
1805,0.005509679148,0.005506308458
1806,0.005451354635,0.005288674787
1807,0.00581742276,0.005539229023
1808,0.005553673429,0.005344840698
1809,0.005605466198,0.005077303795
1810,0.005189170537,0.005327522114
1811,0.005439724366,0.005211889802
1812,0.005743741582,0.005744603928
1813,0.005313318165,0.005072002648
1814,0.005646615173,0.005147384887
1815,0.005409656384,0.005940387491
1816,0.005515159573,0.005407742225
1817,0.004965800792,0.005366488331
1818,0.005511953204,0.005204504792
1819,0.005619375093,0.005198222469
1820,0.005550066475,0.005422969582
1821,0.005449806398,0.005180997425
1822,0.005378530943,0.005718847271
1823,0.005091172672,0.005784650391
1824,0.005873601418,0.005283338571
1825,0.00497917505,0.004968449473
1826,0.00563212909,0.00560092536
1827,0.005577187403,0.005339553754
1828,0.006020153291,0.005182993598
1829,0.005464685848,0.005469360622
1830,0.005750195007,0.005395707733
1831,0.005398186564,0.005030429922
1832,0.005626133818,0.005148243683
1833,0.005644739897,0.005532025301
1834,0.005517355807,0.005511559371
1835,0.005435637489,0.00573464483
1836,0.005503425724,0.005452774407
1837,0.005311454413,0.005246579763
1838,0.00544822868,0.005265175248
1839,0.00486373459,0.005021819496
1840,0.005486364535,0.005329526408
1841,0.005170228076,0.005832758965
1842,0.005108258338,0.005641618656
1843,0.005648878985,0.005410960643
1844,0.005388574325,0.005122843024
1845,0.005093318294,0.005083616183
1846,0.005605943676,0.005386535719
1847,0.005355191126,0.00565605273
1848,0.005161899084,0.005081469193
1849,0.005751521268,0.005255680007
1850,0.005069217121,0.005071718042
1851,0.005514740595,0.005243149673
1852,0.005135493935,0.005080525763
1853,0.005582051584,0.005095030996
1854,0.005217085592,0.005471801443
1855,0.005401021393,0.005263940839
1856,0.005579519668,0.00516126299
1857,0.00531670748,0.004920825013
1858,0.005363087752,0.005577180826
1859,0.005167070078,0.005945541605
1860,0.005419476773,0.00574424403
1861,0.00522687484,0.005833635805
1862,0.005460077518,0.005543787032
1863,0.005092429928,0.00515809952
1864,0.005970207683,0.005198650178
1865,0.005229962611,0.005422571616
1866,0.005267265311,0.004979475227
1867,0.005527736153,0.005075357156
1868,0.00510496489,0.004743982572
1869,0.00532365765,0.00507749879
1870,0.004995147465,0.005049816013
1871,0.005124835647,0.005153649021
1872,0.005211034382,0.004931328847
1873,0.005793933873,0.005285238207
1874,0.005228879047,0.004963486805
1875,0.005038946634,0.005032398883
1876,0.005425264768,0.005046723119
1877,0.00498521587,0.005343947734
1878,0.005358042137,0.005368377722
1879,0.005010122113,0.004846206313
1880,0.00573347084,0.005153751175
1881,0.005263077968,0.00486578152
1882,0.005440482346,0.005227407906
1883,0.005406362354,0.004656647507
1884,0.005383333424,0.005544244254
1885,0.004946850473,0.005345336627
1886,0.005326204468,0.004940729646
1887,0.005630802538,0.005269934132
1888,0.005216606718,0.005240351107
1889,0.005111226055,0.005812442629
1890,0.005094596534,0.005276263633
1891,0.005135259707,0.005001871265
1892,0.005390313047,0.005347741535
1893,0.004948545422,0.004694392119
1894,0.005335039983,0.005210772099
1895,0.005530775787,0.005529669521
1896,0.004853236896,0.006088647933
1897,0.004801970645,0.004995136522
1898,0.005402882583,0.005290276953
1899,0.005268296285,0.005079097347
1900,0.00514528458,0.005246955552
1901,0.005727530806,0.005499951658
1902,0.005611480796,0.00553722051
1903,0.005472742137,0.004931614327
1904,0.005474472069,0.005610009888
1905,0.005155346124,0.005320224969
1906,0.005340194388,0.004818324349
1907,0.005534407042,0.005398434063
1908,0.00507676485,0.004585554649
1909,0.005398293957,0.005048332154
1910,0.005362316413,0.005650972831
1911,0.005393011874,0.005624485319
1912,0.005643611366,0.005168950069
1913,0.004606337694,0.005801899708
1914,0.004687759705,0.004746520252
1915,0.005274332943,0.00541273586
1916,0.005465432652,0.004557936976
1917,0.00520704838,0.005302068661
1918,0.005221139349,0.005121321272
1919,0.005532225827,0.005720872665
1920,0.005411496444,0.004933107004
1921,0.005054431036,0.005380298942
1922,0.005212394637,0.004651750496
1923,0.005233926873,0.005776113016
1924,0.005739996908,0.005556943535
1925,0.005080387695,0.005170970806
1926,0.005024729908,0.00512633624
1927,0.004856739892,0.005380191433
1928,0.005265303975,0.005103608302
1929,0.004757247312,0.004951123963
1930,0.005191814213,0.00501258031
1931,0.005395245913,0.005259854195
1932,0.00485459523,0.00538440916
1933,0.005422003742,0.004778595176
1934,0.005433572573,0.004982148646
1935,0.004956760851,0.005281859485
1936,0.005407675169,0.005464806629
1937,0.004791180167,0.005191897711
1938,0.005787995935,0.0047395695
1939,0.004966606619,0.005300090532
1940,0.00484976091,0.005335099646
1941,0.005181716464,0.00497554391
1942,0.00524354045,0.005143107905
1943,0.005421288079,0.005195832695
1944,0.005133993167,0.00558425131
1945,0.005020641984,0.00485902364
1946,0.005328757281,0.004857288703
1947,0.005222455133,0.004929343879
1948,0.005631765758,0.00516933162
1949,0.005075760302,0.00539226312
1950,0.004877357162,0.005330135522
1951,0.005179114174,0.005296465533
1952,0.005278990604,0.005262344144
1953,0.005138901412,0.0047356305
1954,0.005377688736,0.005312385794
1955,0.00554233382,0.005434162798
1956,0.004984504631,0.005810078641
1957,0.005472592544,0.005483805755
1958,0.005197390681,0.005180029024
1959,0.004894877668,0.005037408089
1960,0.004972707597,0.005471961282
1961,0.00516875519,0.005075541616
1962,0.005060667172,0.005107362464
1963,0.005842889019,0.005614398746
1964,0.004951844865,0.005081537005
1965,0.005303096259,0.004883938207
1966,0.005326089391,0.004840860638
1967,0.005652194493,0.005063258868
1968,0.004888772091,0.005178418389
1969,0.005062858807,0.005351158616
1970,0.005166465126,0.005104972312
1971,0.005235597142,0.004829126236
1972,0.004969937727,0.00547549827
1973,0.004497273127,0.0049047129
1974,0.005222826439,0.005145434814
1975,0.004957341444,0.005287957087
1976,0.005071289488,0.005325589213
1977,0.005130068224,0.005606314633
1978,0.004945883644,0.00601762085
1979,0.005018735188,0.005162446003
1980,0.005249459879,0.00554016832
1981,0.005008802342,0.005432987353
1982,0.005444012058,0.005257256329
1983,0.005506786867,0.005205275433
1984,0.004931626259,0.005126039468
1985,0.00454997152,0.005189363961
1986,0.00555736589,0.00518663245
1987,0.004784688004,0.00415179634
1988,0.004712739785,0.004886362993
1989,0.004609231401,0.00575606362
1990,0.005507639144,0.005061490578
1991,0.004551103309,0.005064190482
1992,0.004978440236,0.005008232256
1993,0.005199343141,0.005726150295
1994,0.005218350503,0.005206915899
1995,0.00493015119,0.004802005598
1996,0.005342813674,0.00501458568
1997,0.004935149162,0.005159783934
1998,0.00452352842,0.005293212307
1999,0.005089744402,0.004922033957
2000,0.004982617917,0.005117188179
2001,0.005348996434,0.004861920839
2002,0.004693757044,0.00470040756
2003,0.005139759218,0.004854567902
2004,0.004362593318,0.00498202024
2005,0.0047907884,0.004910916672
2006,0.005140982335,0.005540134327
2007,0.004895623337,0.00552807725
2008,0.004735625291,0.005234289274
2009,0.005378517089,0.004714286886
2010,0.0050012258,0.005425301497
2011,0.005341107841,0.005798221624
2012,0.004949341062,0.005386593519
2013,0.004671246337,0.005059805437
2014,0.004912765522,0.005157600623
2015,0.004755386617,0.004877684929
2016,0.00481345749,0.005081093463
2017,0.005401946022,0.004747799569
2018,0.005127314304,0.005152982165
2019,0.004897071107,0.004900096741
2020,0.005123905372,0.005558535864
2021,0.005058171868,0.005207637965
2022,0.004940677929,0.005369379884
2023,0.004729616514,0.004676020006
2024,0.004881762317,0.005034319591
2025,0.005138832843,0.005119725247
2026,0.004932308861,0.005167816591
2027,0.005187033268,0.005298903445
2028,0.004809757869,0.004983047809
2029,0.004887659394,0.005279431527
2030,0.005460672081,0.005197667895
2031,0.005228292895,0.005166682822
2032,0.005212593504,0.005588867178
2033,0.004671829578,0.004414118826
2034,0.005278972443,0.005283676786
2035,0.005040460383,0.00509220743
2036,0.00471135159,0.004673199728
2037,0.005159833207,0.005302708072
2038,0.00480314251,0.004640855128
2039,0.00541579636,0.005627106118
2040,0.005142398819,0.005013898015
2041,0.005171808763,0.004935977398
2042,0.004925851244,0.004867147363
2043,0.004886225157,0.004715860006
2044,0.00457758925,0.0049720268
2045,0.005333539506,0.005082881718
2046,0.005050924025,0.00500875627
2047,0.004664924403,0.00556159945
2048,0.005520320963,0.004881259985
2049,0.005171983445,0.004943673208
2050,0.004757646617,0.004961765022
2051,0.004769684165,0.00507524662
2052,0.00534312363,0.004531679675
2053,0.005063729477,0.005045002908
2054,0.004904825648,0.00538569357
2055,0.00483886138,0.005076870148
2056,0.00506523333,0.004819194874
2057,0.005013997608,0.005307124346
2058,0.004668433219,0.005162624351
2059,0.005157293985,0.005341709882
2060,0.00517369085,0.004422388185
2061,0.004950601433,0.005380593764
2062,0.005125940661,0.00487263914
2063,0.004734479298,0.005178769235
2064,0.004792051506,0.005043361802
2065,0.004898887681,0.005130626552
2066,0.004526110017,0.004754808091
2067,0.004816801084,0.004826093267
2068,0.004894774931,0.005164117611
2069,0.004900469037,0.004643322929
2070,0.004929882998,0.005339737167
2071,0.004645641893,0.004961902741
2072,0.005095309229,0.004770719621
2073,0.004952758376,0.004313746584
2074,0.004479147494,0.005030426168
2075,0.0049661214,0.005356354755
2076,0.005047889223,0.004870974517
2077,0.004961501691,0.005102000083
2078,0.004747862637,0.00535750945
2079,0.004866883741,0.004717480857
2080,0.005253752868,0.004912205302
2081,0.005261411658,0.00478448323
2082,0.005198817409,0.004688971909
2083,0.005319492018,0.004971108428
2084,0.004521657655,0.004592324665
2085,0.004670487921,0.005058869778
2086,0.004919971019,0.004727907741
2087,0.004797508416,0.005577833683
2088,0.004710690409,0.005291466659
2089,0.004885851231,0.005265685089
2090,0.004573249782,0.005272351205
2091,0.005338687683,0.00542628736
2092,0.004984247789,0.004199746094
2093,0.005131254788,0.005145099538
2094,0.005131102807,0.005251831608
2095,0.004716300056,0.005103239499
2096,0.005488224211,0.00547179702
2097,0.004781355441,0.004695828567
2098,0.00511740084,0.004812961473
2099,0.004900202737,0.004879772896
2100,0.005142540846,0.004707474873
2101,0.004947239184,0.005661984382
2102,0.004828544566,0.004997123557
2103,0.005396163324,0.004493404413
2104,0.004572092381,0.004795201006
2105,0.004553337407,0.005125637806
2106,0.005065624078,0.005128456687
2107,0.004619291343,0.005094072374
2108,0.005213131255,0.004718708922
2109,0.005145884294,0.005015053117
2110,0.004633803619,0.004571216239
2111,0.004807699093,0.005245607696
2112,0.005127755343,0.004666742258
2113,0.004715394374,0.004633045988
2114,0.005170075921,0.004812823841
2115,0.004854399303,0.005034260976
2116,0.004946027271,0.004965060478
2117,0.004645953479,0.004550173704
2118,0.005158750282,0.005050950684
2119,0.004792463122,0.004978601675
2120,0.005150511512,0.004754136229
2121,0.004574938852,0.005011029018
2122,0.004880348977,0.004835165077
2123,0.004626647336,0.004149233719
2124,0.004760274431,0.004623992543
2125,0.005050955166,0.00477303256
2126,0.004860124318,0.004774543573
2127,0.005168653326,0.005032429151
2128,0.004684268322,0.004547955905
2129,0.004685104854,0.005147254618
2130,0.00473511545,0.00507988903
2131,0.005035442475,0.004718066659
2132,0.005193940946,0.005713931692
2133,0.005083984288,0.005212761054
2134,0.004857066611,0.005080486299
2135,0.004505079967,0.004945780616
2136,0.004596786457,0.004908954783
2137,0.004832593026,0.004855082225
2138,0.004967288725,0.00472797695
2139,0.005447680538,0.004464415484
2140,0.004857534164,0.005013925256
2141,0.005028158484,0.004970254959
2142,0.005257447599,0.005403539166
2143,0.005076559202,0.005107504956
2144,0.00455825121,0.005057067261
2145,0.004581754678,0.005285093677
2146,0.004722090322,0.004932560463
2147,0.004718768352,0.004780363844
2148,0.005135325831,0.005051165237
2149,0.004678746045,0.00579471243
2150,0.004539899935,0.005465461232
2151,0.004546417797,0.005393642758
2152,0.004678122379,0.00487028528
2153,0.004957060853,0.004639695748
2154,0.005191539822,0.005159974651
2155,0.004509921971,0.004676189739
2156,0.004978177894,0.005272871
2157,0.00479393854,0.004952399788
2158,0.00508107472,0.004703962244
2159,0.00470198656,0.004996451142
2160,0.00467204969,0.004699362093
2161,0.004964361986,0.004987403518
2162,0.004650992778,0.004839306552
2163,0.004864170565,0.004918789433
2164,0.004663464206,0.004887905117
2165,0.00448490007,0.004417767283
2166,0.004405454354,0.004930119088
2167,0.004692687566,0.004632119759
2168,0.004438564531,0.005011976406
2169,0.004921052197,0.004915827769
2170,0.004688211891,0.004728756903
2171,0.004985160136,0.004897861014
2172,0.005575248739,0.005019486125
2173,0.004723091435,0.004486961465
2174,0.004798003618,0.004737445153
2175,0.004652866191,0.004693025257
2176,0.004331060423,0.004632808617
2177,0.004926484631,0.004827024997
2178,0.004501596733,0.005323860445
2179,0.004814677523,0.005009880551
2180,0.00501316716,0.004721536883
2181,0.00444402959,0.004689892143
2182,0.00481626566,0.004647740338
2183,0.00518207706,0.005322320008
2184,0.004551191349,0.004445689003
2185,0.005083035212,0.004711286019
2186,0.004688014364,0.005380798539
2187,0.004359919432,0.004489038605
2188,0.004453755333,0.004524713557
2189,0.004819050839,0.004537699337
2190,0.004891636869,0.004651498923
2191,0.004778929346,0.004592079145
2192,0.004762122902,0.004772192508
2193,0.005093818589,0.004768575542
2194,0.004515299981,0.005849343434
2195,0.00475367537,0.004551960912
2196,0.004741778394,0.004476969014
2197,0.00480298046,0.004414093855
2198,0.004444149235,0.005016944895
2199,0.004233572399,0.00524451927
2200,0.004712411319,0.004772739252
2201,0.005056958587,0.004620344902
2202,0.00472884113,0.004270170291
2203,0.004422671744,0.00502294139
2204,0.00474740885,0.005337349256
2205,0.00481563175,0.004968309135
2206,0.004885259492,0.005065069068
2207,0.005001919577,0.005487700284
2208,0.004840476322,0.004718943645
2209,0.004541122966,0.005267680506
2210,0.004888430762,0.004497479851
2211,0.005199337786,0.004860989167
2212,0.004668949754,0.004960912687
2213,0.004660772858,0.004787697195
2214,0.005211690674,0.005017024523
2215,0.004795853572,0.00503973302
2216,0.004625918693,0.004593040707
2217,0.004990602843,0.004977143661
2218,0.005047161016,0.004809413251
2219,0.004512028303,0.004616521765
2220,0.004755815142,0.004629878298
2221,0.004889253847,0.004330093245
2222,0.005171192694,0.004807410296
2223,0.004508927232,0.004890208773
2224,0.004604250396,0.004910607648
2225,0.004596113431,0.004341982218
2226,0.004649967595,0.00458746645
2227,0.004596867773,0.004878881562
2228,0.004935855075,0.004860349727
2229,0.004956087447,0.004572131875
2230,0.004936862533,0.005269912159
2231,0.004348042945,0.004389837646
2232,0.004711368325,0.005098537134
2233,0.004126544605,0.004853595514
2234,0.004779687617,0.004812825646
2235,0.004508504586,0.0047815117
2236,0.004333945049,0.004929414165
2237,0.004869238881,0.005020356737
2238,0.004241003102,0.004784989054
2239,0.004813002626,0.005212995922
2240,0.004181295983,0.004599077045
2241,0.00435561873,0.00485907821
2242,0.004282859329,0.004964586115
2243,0.004049279698,0.004725077335
2244,0.004482026445,0.004878336447
2245,0.005128800432,0.005196366343
2246,0.004468462779,0.00497473398
2247,0.004647867871,0.004994630581
2248,0.004989808542,0.004879310436
2249,0.004685720749,0.004994641611
2250,0.004803957447,0.004804978031
2251,0.004915960308,0.004627968883
2252,0.004730474844,0.00510548419
2253,0.00479043345,0.004425046267
2254,0.004311193887,0.004011534067
2255,0.004465938749,0.005587749765
2256,0.004198053124,0.004645485722
2257,0.004597845138,0.004536798748
2258,0.004606072645,0.004751342291
2259,0.004777431488,0.005899847834
2260,0.004648611211,0.004411529691
2261,0.004805195204,0.004923447181
2262,0.004647878173,0.004845573858
2263,0.004493900749,0.005354694265
2264,0.004973363131,0.004490651656
2265,0.004867740965,0.004661800922
2266,0.00502603472,0.004123628081
2267,0.004514509696,0.005044311285
2268,0.00490683713,0.004807636433
2269,0.004319930478,0.004522725299
2270,0.004196167516,0.005085300916
2271,0.004521804338,0.005201747874
2272,0.004869893426,0.004846139287
2273,0.004005014722,0.004870798613
2274,0.004135363677,0.004530691687
2275,0.005202137254,0.004684351414
2276,0.005019522418,0.004626319569
2277,0.00451551369,0.004592410871
2278,0.004805739183,0.004810043669
2279,0.00449473405,0.005208250775
2280,0.004365450353,0.004601159773
2281,0.004740050412,0.004895978054
2282,0.004511956795,0.005390632374
2283,0.004533824103,0.004270349134
2284,0.004396358388,0.004768445273
2285,0.004717912991,0.005035725539
2286,0.004643260705,0.004843078175
2287,0.004358428239,0.005164182308
2288,0.004563944589,0.00452524572
2289,0.004763693141,0.004603951995
2290,0.004719022312,0.004680985119
2291,0.004728339904,0.004605772003
2292,0.004542951647,0.004503407254
2293,0.00421691357,0.005156308762
2294,0.004406106396,0.00478689099
2295,0.00458792696,0.004842325521
2296,0.004596478917,0.004901491688
2297,0.00467666387,0.004691083654
2298,0.004587775911,0.004857755877
2299,0.004581108777,0.004562969727
2300,0.004566713469,0.004949477967
2301,0.005173531594,0.004589241638
2302,0.004407293018,0.004772790358
2303,0.004592481593,0.004057687358
2304,0.005045335158,0.004385692853
2305,0.004692248971,0.00459763268
2306,0.004243322997,0.004880627326
2307,0.004510409024,0.004693774332
2308,0.004325109912,0.005208964692
2309,0.004248309211,0.004907727678
2310,0.004609170806,0.00452789964
2311,0.004650416144,0.004655487486
2312,0.004508175625,0.004776910297
2313,0.00490610284,0.004808872036
2314,0.004677261459,0.004900592699
2315,0.004293279373,0.005047297978
2316,0.00477967289,0.004513776046
2317,0.004564155883,0.005058843555
2318,0.004378311161,0.004539577087
2319,0.004679072066,0.005130263278
2320,0.004379110644,0.00457083591
2321,0.00449348762,0.00412940426
2322,0.004231614701,0.004918050312
2323,0.004591414676,0.004707562504
2324,0.004658988619,0.004261843686
2325,0.005128186196,0.005048594961
2326,0.004745214654,0.004789920262
2327,0.004653649521,0.005638433038
2328,0.00494054443,0.004712051101
2329,0.004828688747,0.004311213212
2330,0.004271586804,0.004813752137
2331,0.004148653155,0.005066556972
2332,0.004677870456,0.004688693065
2333,0.004736562609,0.004127421824
2334,0.004054383171,0.005157093517
2335,0.004530896083,0.004861739522
2336,0.004482856923,0.004826597084
2337,0.004649684561,0.004277768167
2338,0.004356047953,0.004685575434
2339,0.004573443584,0.004702696169
2340,0.004435238166,0.004727599589
2341,0.004145776096,0.004859817709
2342,0.005026456842,0.004935121862
2343,0.004630457435,0.004736192408
2344,0.004983998369,0.004476032045
2345,0.004243546835,0.004651684809
2346,0.00462621561,0.004880180379
2347,0.004349006049,0.004547384189
2348,0.004623654357,0.004666365479
2349,0.004237365269,0.004438389093
2350,0.004951856565,0.004224299541
2351,0.004161226796,0.004456619878
2352,0.004534743784,0.004529053986
2353,0.004878226406,0.004524372518
2354,0.004307713389,0.005433417216
2355,0.005272896844,0.004425426741
2356,0.004590210825,0.00513200424
2357,0.004623477871,0.004781122087
2358,0.00461930281,0.004814185377
2359,0.004585122399,0.004284138704
2360,0.004376147699,0.004734151094
2361,0.004020319815,0.004762178723
2362,0.004476766801,0.004244317504
2363,0.004551379214,0.004749504558
2364,0.004692623072,0.004765233083
2365,0.004365578818,0.004915983038
2366,0.004366149864,0.004824525327
2367,0.004628127208,0.004476480448
2368,0.004452871712,0.004105616652
2369,0.004520318442,0.004561805341
2370,0.004467471415,0.00502239191
2371,0.004665787885,0.005198446335
2372,0.004482869088,0.004715957592
2373,0.00451358725,0.004691884853
2374,0.004410218331,0.004605200695
2375,0.004426411062,0.004714969749
2376,0.004412829236,0.005006740219
2377,0.004715573392,0.004751210567
2378,0.004432950635,0.004961650702
2379,0.004293163976,0.004268616467
2380,0.004463762336,0.004735329392
2381,0.00439995178,0.004480158153
2382,0.003861423378,0.00468954962
2383,0.004693286202,0.004814538057
2384,0.00439703156,0.004501155287
2385,0.004767779814,0.004706093285
2386,0.00403314046,0.005093692453
2387,0.004993061622,0.005064491008
2388,0.004976462049,0.005275782489
2389,0.004894006997,0.00463430825
2390,0.004002349131,0.005224505789
2391,0.004314024845,0.004664093081
2392,0.004735778726,0.004512331507
2393,0.004423463892,0.00483996392
2394,0.004290891142,0.004627978487
2395,0.004741581128,0.00496430113
2396,0.004068706708,0.005206120433
2397,0.004468543106,0.005411238293
2398,0.004972810944,0.005241911509
2399,0.004753176414,0.00447597279
2400,0.00421978705,0.004590054363
2401,0.004650260729,0.004267389915
2402,0.004284320574,0.004755705537
2403,0.004287534481,0.005049406027
2404,0.004165691003,0.004529309343
2405,0.004280352412,0.004310364369
2406,0.004385413835,0.004632482538
2407,0.004354283534,0.004941421765
2408,0.004370446404,0.005381693307
2409,0.004644748871,0.00456436185
2410,0.003983699804,0.004843820119
2411,0.004345851601,0.005226349225
2412,0.004983214545,0.004491289495
2413,0.004516744346,0.004710430629
2414,0.004097321187,0.005234686658
2415,0.004407261848,0.004787634127
2416,0.004337428807,0.004555878608
2417,0.004482060904,0.004317124287
2418,0.004085151013,0.005046644306
2419,0.004515795881,0.004935247125
2420,0.004635734134,0.004318142775
2421,0.004215476016,0.004309807351
2422,0.00453658562,0.005715303123
2423,0.004363604676,0.004590666096
2424,0.004497842368,0.004263884359
2425,0.004389186535,0.00521681289
2426,0.004529581463,0.004687491746
2427,0.004125869309,0.004433320108
2428,0.004316917009,0.004539542366
2429,0.004308618634,0.005155870225
2430,0.004328074196,0.004209139937
2431,0.004765286751,0.004296395258
2432,0.004446977924,0.004640420375
2433,0.004766303726,0.004919234896
2434,0.004018808395,0.004762566561
2435,0.0040859039,0.004966339329
2436,0.004281147849,0.004434326867
2437,0.004396352626,0.004535840941
2438,0.004399124562,0.004675830744
2439,0.004365273868,0.004576708394
2440,0.00442953562,0.004609271768
2441,0.004246678,0.005104448501
2442,0.004531432758,0.004917124141
2443,0.003911935462,0.004693773401
2444,0.003818577534,0.004659908154
2445,0.004668737645,0.004764160025
2446,0.004107328452,0.005046248902
2447,0.00442007088,0.004457757779
2448,0.004202283453,0.004779261915
2449,0.004206352663,0.004532581574
2450,0.004384852189,0.004932126321
2451,0.004168914078,0.004928149807
2452,0.004134149669,0.004850202589
2453,0.004277828033,0.004243317642
2454,0.004589543532,0.004561289796
2455,0.004467919702,0.004775397305
2456,0.004317927436,0.004976792959
2457,0.004368341237,0.004365224799
2458,0.004555917811,0.00436155466
2459,0.004057048704,0.004174909031
2460,0.004439164884,0.004395073891
2461,0.004095427808,0.005177915678
2462,0.004070362746,0.004846337484
2463,0.004436087736,0.004678510071
2464,0.004203213699,0.004331560049
2465,0.004227003607,0.004238724505
2466,0.004302342335,0.004482701479
2467,0.004007545795,0.004486685881
2468,0.00400138041,0.004833603016
2469,0.004176154966,0.004980368365
2470,0.00445642721,0.004495806934
2471,0.004351951968,0.00439835919
2472,0.003708334261,0.004291394376
2473,0.004027384013,0.004894727608
2474,0.004174574773,0.00492351054
2475,0.004345660389,0.004607673036
2476,0.004015802639,0.004597211257
2477,0.00438852451,0.004442071193
2478,0.004339378123,0.004145731888
2479,0.004610230564,0.005313946691
2480,0.004440724268,0.004483011813
2481,0.004397381766,0.004369378497
2482,0.004491726344,0.004448831343
2483,0.004814232554,0.004691424809
2484,0.004473188688,0.00452374664
2485,0.004174582165,0.005109284131
2486,0.00407408172,0.004875486135
2487,0.004136025498,0.004855787789
2488,0.004433977301,0.0042201209
2489,0.004213402834,0.004648169153
2490,0.004396249191,0.004769259423
2491,0.004055204394,0.004445900326
2492,0.004413503018,0.004529606114
2493,0.004487507365,0.004764667654
2494,0.004698239034,0.004681927792
2495,0.004418116587,0.004786675272
2496,0.004179282085,0.004443477024
2497,0.004028340423,0.004462487414
2498,0.004262014409,0.004780133808
2499,0.004383936815,0.004298151674
2500,0.004055467172,0.005132360617
2501,0.004217667069,0.004939697945
2502,0.004193970526,0.004933252872
2503,0.004376608384,0.005078000424
2504,0.00454863027,0.00482149297
2505,0.003999756125,0.004673172371
2506,0.003995522915,0.005012070091
2507,0.004506668949,0.00463650981
2508,0.004243658797,0.003954616841
2509,0.004247538629,0.004310586606
2510,0.004403830593,0.004421430203
2511,0.004332149634,0.004466049199
2512,0.004249410209,0.005005463783
2513,0.004463601945,0.004715876334
2514,0.004128822417,0.00451856904
2515,0.004284336348,0.004824060015
2516,0.004627518851,0.004800042021
2517,0.004664010805,0.004258266097
2518,0.004349884694,0.004747515661
2519,0.004566422576,0.00481327236
2520,0.004452939203,0.004400615697
2521,0.004224065895,0.004308509233
2522,0.003821484017,0.004855925275
2523,0.004064995621,0.005197076069
2524,0.004038584098,0.005004544393
2525,0.004233844986,0.004908995499
2526,0.004409534769,0.004382945481
2527,0.003967819997,0.004243613774
2528,0.004109514965,0.004407220345
2529,0.004367016139,0.004879786109
2530,0.004343563603,0.004914783989
2531,0.00384349571,0.00479195884
2532,0.004709085129,0.005462224013
2533,0.004158867028,0.004968567286
2534,0.004576391366,0.005152379628
2535,0.003741807101,0.00501939212
2536,0.004010213772,0.004902190354
2537,0.004247720615,0.005155552237
2538,0.004071990028,0.004176585877
2539,0.004498622497,0.004086383735
2540,0.003872807836,0.005016542156
2541,0.004101894214,0.004826063116
2542,0.004101351078,0.005050539563
2543,0.003927004262,0.005193264864
2544,0.004090164264,0.004274672712
2545,0.004033670499,0.004916424019
2546,0.004189310799,0.004590814642
2547,0.003734188824,0.005038733361
2548,0.004354575736,0.004441499303
2549,0.003702977701,0.004414640396
2550,0.003619324591,0.004844030511
2551,0.004290832439,0.004755877715
2552,0.003895032278,0.004486805294
2553,0.004302564135,0.004425091553
2554,0.004128566594,0.00519237289
2555,0.003936771682,0.00415524104
2556,0.003966057149,0.004957694327
2557,0.004075951059,0.004731738183
2558,0.003994091385,0.004441340163
2559,0.004595196981,0.004275027575
2560,0.004389212379,0.004545794975
2561,0.003911871085,0.004684747284
2562,0.004336995538,0.00472146977
2563,0.004144536273,0.004433638154
2564,0.004448728985,0.004227122961
2565,0.004181161348,0.005110244936
2566,0.00429343633,0.004079313163
2567,0.004303434223,0.004571202415
2568,0.004134962364,0.005258336721
2569,0.004280614434,0.004690006899
2570,0.0046308038,0.005002551596
2571,0.004483803787,0.004518221365
2572,0.003929626138,0.004984434752
2573,0.003993519436,0.005219400424
2574,0.003888776351,0.004442951875
2575,0.004031341668,0.004361569707
2576,0.004575427854,0.004259210487
2577,0.004021476372,0.004339288687
2578,0.004142259393,0.004883641668
2579,0.00443464244,0.004415564355
2580,0.003474512981,0.00457820369
2581,0.00403238149,0.004486539459
2582,0.004214144836,0.003970677179
2583,0.004265586118,0.004416984622
2584,0.004491370346,0.004020803433
2585,0.004045697511,0.00513439416
2586,0.00435816028,0.004646739748
2587,0.00406284217,0.004180244461
2588,0.004440033692,0.005436454143
2589,0.004279086192,0.004875158949
2590,0.004302932066,0.004772502987
2591,0.003896173439,0.004565543029
2592,0.004414331488,0.004221732001
2593,0.004311199649,0.004643413442
2594,0.004156871873,0.004563309398
2595,0.004570802208,0.004917898506
2596,0.004020227148,0.004308138479
2597,0.003868658852,0.004649464856
2598,0.003744154266,0.004745660466
2599,0.003710439109,0.004926108464
2600,0.004132663074,0.004299354128
2601,0.004357355589,0.004943456297
2602,0.004001565016,0.00445253207
2603,0.004231595871,0.004620093154
2604,0.004131390917,0.003954823449
2605,0.004121935752,0.004410358641
2606,0.00390288746,0.004640197323
2607,0.00407180874,0.004889665346
2608,0.003966908931,0.004530728329
2609,0.003911540844,0.004605464521
2610,0.004113614501,0.005113191728
2611,0.004331966687,0.004296305589
2612,0.004567634984,0.005405557051
2613,0.003772624623,0.004748619685
2614,0.004471168097,0.004184041056
2615,0.004280125751,0.004712632013
2616,0.003947579564,0.004617264785
2617,0.003983739734,0.004389648413
2618,0.003733544494,0.004786866077
2619,0.004225023877,0.004537964967
2620,0.004138612101,0.004369671311
2621,0.003980396228,0.004865305673
2622,0.004349812894,0.00462352921
2623,0.003637845715,0.004128936009
2624,0.004634439654,0.004780653515
2625,0.004444189952,0.004971625109
2626,0.003987102275,0.004593367572
2627,0.004330680618,0.00472099107
2628,0.004528972466,0.004539405112
2629,0.004147593514,0.004797996196
2630,0.004237074783,0.004876652005
2631,0.003944610944,0.004440729448
2632,0.003845806874,0.004280590249
2633,0.004131418915,0.004678525846
2634,0.003959792841,0.004176414368
2635,0.004236327484,0.0049035392
2636,0.004108691879,0.004458888317
2637,0.003945476841,0.004619892396
2638,0.003825683234,0.004490953143
2639,0.004193167755,0.004679884179
2640,0.003895815607,0.004370224691
2641,0.004129287234,0.00463398188
2642,0.003656413697,0.00499914313
2643,0.003906824131,0.004878238426
2644,0.00414801744,0.004187250888
2645,0.003793526092,0.00463002472
2646,0.003892724082,0.00484870511
2647,0.003849174187,0.005120419082
2648,0.003870362008,0.00452489921
2649,0.00359739954,0.004643243476
2650,0.003837785131,0.00454145213
2651,0.003971818864,0.004505818128
2652,0.004408706794,0.00450974502
2653,0.004226494289,0.004198403156
2654,0.004105382395,0.004759396397
2655,0.003927127545,0.004050171294
2656,0.004051065422,0.004120833793
2657,0.00389495329,0.004501536197
2658,0.003644346667,0.005292569927
2659,0.004107710294,0.004725584469
2660,0.004184654361,0.004254853644
2661,0.003646627971,0.004760087875
2662,0.004077371035,0.004804379016
2663,0.004137149255,0.004076340207
2664,0.003729380784,0.004256928805
2665,0.003933731175,0.004732973961
2666,0.003996711137,0.004526721837
2667,0.004300511908,0.004165167426
2668,0.00390243638,0.004225756216
2669,0.003935463115,0.004731872876
2670,0.004169016378,0.004494061926
2671,0.003640530282,0.004310130404
2672,0.004401237093,0.004467795923
2673,0.003744291607,0.004434604518
2674,0.003523384046,0.004292235273
2675,0.003989532008,0.004416024865
2676,0.003683533054,0.004204117664
2677,0.003799773549,0.005118037981
2678,0.004193122499,0.004633031902
2679,0.003960034024,0.00445269476
2680,0.004119388585,0.00495474381
2681,0.004163985723,0.004444304475
2682,0.003861558769,0.004380751896
2683,0.004188246356,0.00396224545
2684,0.003945435979,0.004501040268
2685,0.003869946231,0.004388946953
2686,0.003847583343,0.004662461462
2687,0.004285637027,0.003865246632
2688,0.003920577932,0.004903859692
2689,0.003706917836,0.004341994907
2690,0.003916013316,0.004841200833
2691,0.003683678311,0.004285338393
2692,0.004091209848,0.004399479047
2693,0.00398159551,0.003880873934
2694,0.004129344394,0.00481141053
2695,0.0037087565,0.004434391973
2696,0.003904059937,0.004218126007
2697,0.004293683014,0.004407409753
2698,0.004539123736,0.004672939598
2699,0.004069167044,0.004108640249
2700,0.003998609696,0.004425232415
2701,0.004151549074,0.004105511092
2702,0.003850275709,0.003916311223
2703,0.004166144208,0.004264798452
2704,0.003849945439,0.004721400619
2705,0.003983473376,0.004579823959
2706,0.003949270525,0.004205518489
2707,0.003499611135,0.004333132267
2708,0.004049863113,0.003641960735
2709,0.003961020731,0.004800330265
2710,0.003918515984,0.004267475131
2711,0.003800227394,0.004109002679
2712,0.00370165272,0.004305653827
2713,0.003968478151,0.003916298359
2714,0.0037253474,0.0038544696
2715,0.003760456108,0.004918788036
2716,0.004029570002,0.00432928864
2717,0.00383303815,0.00434944671
2718,0.00380792332,0.003928273363
2719,0.004206476326,0.004194098437
2720,0.003834073577,0.004524171178
2721,0.003957563807,0.004479489406
2722,0.004115905322,0.004231280967
2723,0.004179360054,0.003662402916
2724,0.00394518461,0.004229165468
2725,0.004199758696,0.004480768752
2726,0.004218137881,0.004086512054
2727,0.004120994534,0.004699624493
2728,0.004379660706,0.004093852913
2729,0.004077940946,0.004283459624
2730,0.003812452109,0.004218463466
2731,0.003738803236,0.004457254952
2732,0.003713830287,0.004039521853
2733,0.00387834321,0.004462131241
2734,0.003518458427,0.004065522458
2735,0.003436386934,0.005143545073
2736,0.003994636703,0.004189528874
2737,0.004186257749,0.004234972032
2738,0.00346994368,0.003875275492
2739,0.004025538277,0.004681051912
2740,0.003995535139,0.003984081442
2741,0.003589884844,0.004426907108
2742,0.003837130964,0.003816109966
2743,0.003919987124,0.004254328174
2744,0.003857630712,0.004076835467
2745,0.003749900497,0.003966679884
2746,0.003867835738,0.004179147305
2747,0.004127028486,0.004650178773
2748,0.004048121977,0.004381388746
2749,0.003968920442,0.004123784689
2750,0.004076016776,0.004263078445
2751,0.003842462378,0.004151022265
2752,0.004040512693,0.004215269088
2753,0.00375482798,0.003612372966
2754,0.004061857675,0.004532899999
2755,0.003954686515,0.004395492113
2756,0.003913328605,0.004382367391
2757,0.004155578674,0.004156393697
2758,0.003802058549,0.003897225251
2759,0.003890223656,0.004009837896
2760,0.003628512175,0.003801330779
2761,0.00401972112,0.003811220988
2762,0.003849729401,0.004330011347
2763,0.004215545661,0.00369177098
2764,0.003989031771,0.003607368737
2765,0.003768568393,0.004007428972
2766,0.003707731579,0.00469488508
2767,0.003554138792,0.004126342072
2768,0.003878272546,0.00390983824
2769,0.003827449778,0.004186511331
2770,0.003666789038,0.003971608035
2771,0.003811715869,0.003948712023
2772,0.003708380158,0.004320483305
2773,0.004226487014,0.004293289501
2774,0.004108695779,0.004325617803
2775,0.003609398089,0.003863898601
2776,0.003795853729,0.00446950132
2777,0.003677255969,0.004686984874
2778,0.003642152151,0.003876797069
2779,0.003604392987,0.004466992832
2780,0.003943746618,0.004063972738
2781,0.003322069708,0.003826789354
2782,0.003784206085,0.00480254594
2783,0.004050337011,0.004021207511
2784,0.003615639638,0.004206342768
2785,0.004339899227,0.003954354615
2786,0.003832605464,0.003793854208
2787,0.003847461019,0.003984055627
2788,0.003748503164,0.004202996381
2789,0.003743834357,0.004239223519
2790,0.00368158819,0.003586900246
2791,0.003732625628,0.003963109455
2792,0.003552470735,0.003781598207
2793,0.003885378683,0.003770505107
2794,0.003563324251,0.004287362681
2795,0.003699224413,0.004467164137
2796,0.004211512569,0.003615333902
2797,0.003700940171,0.004232008883
2798,0.003788975388,0.004339669918
2799,0.003989861347,0.003890876367
2800,0.003786965332,0.004216733825
2801,0.003700876317,0.00391092003
2802,0.003755276673,0.00387618714
2803,0.003673741245,0.004893988138
2804,0.00380812987,0.004077833844
2805,0.003719818866,0.00380509987
2806,0.003924739169,0.004016224324
2807,0.003723586357,0.003740962275
2808,0.003500504739,0.004132625065
2809,0.003722987807,0.004170432745
2810,0.003678026056,0.004182977311
2811,0.003318625153,0.004861346359
2812,0.003675482498,0.003801618383
2813,0.003883780999,0.003955477558
2814,0.003685633477,0.003828806482
2815,0.003788111499,0.00450956187
2816,0.003737936582,0.003774923913
2817,0.003598398151,0.00418454851
2818,0.003695804044,0.003624049015
2819,0.003877629031,0.003834721225
2820,0.003804227948,0.003875094873
2821,0.004119302845,0.003978939436
2822,0.003570187051,0.004362656706
2823,0.004014408565,0.003927213838
2824,0.003904976969,0.004043152265
2825,0.00394096339,0.003994342638
2826,0.003614338988,0.004077674443
2827,0.003747955401,0.003851524816
2828,0.003969883546,0.003548983601
2829,0.003571882262,0.004455624032
2830,0.003428079275,0.004344115645
2831,0.003641849791,0.003729860473
2832,0.003538716555,0.003862555983
2833,0.003493662865,0.004729863402
2834,0.00376843565,0.003770270996
2835,0.003581737081,0.004054474004
2836,0.00387421489,0.0042540984
2837,0.003965902433,0.003677281813
2838,0.003810968978,0.004075428355
2839,0.003496768273,0.004022723908
2840,0.003928740858,0.003742474364
2841,0.003600703494,0.003811262664
2842,0.003799017664,0.004300008964
2843,0.003467707837,0.004014102073
2844,0.003627575526,0.004451923422
2845,0.003354634944,0.004041635315
2846,0.003530426155,0.003572797432
2847,0.003896481998,0.004012185091
2848,0.003822081315,0.003738164349
2849,0.003371364175,0.004025005386
2850,0.003755081678,0.003871980123
2851,0.003547404049,0.003489928175
2852,0.003547868895,0.003894258844
2853,0.003804982873,0.004104133492
2854,0.003723163507,0.004331752018
2855,0.003579596232,0.004104845546
2856,0.003749212105,0.004005638475
2857,0.003675377142,0.003589385276
2858,0.003916311602,0.003934350098
2859,0.003675025975,0.003967394907
2860,0.004074468045,0.004212317377
2861,0.003347091289,0.00365724889
2862,0.003508327558,0.004174536094
2863,0.004042542976,0.003830444184
2864,0.003568789602,0.003802396182
2865,0.003646730765,0.003926921927
2866,0.003251895279,0.003551222588
2867,0.004042374436,0.003987909149
2868,0.004096503224,0.003819367877
2869,0.003180021595,0.004150499357
2870,0.003692615952,0.003488591843
2871,0.003892172448,0.003942222655
2872,0.004052062519,0.003706438903
2873,0.003969195066,0.003358511167
2874,0.003390347178,0.003947529418
2875,0.00386119925,0.003875780734
2876,0.00363403259,0.003453742451
2877,0.003606615879,0.00407879558
2878,0.003820393264,0.003501166182
2879,0.003690263955,0.003912137094
2880,0.003505026194,0.0040192694
2881,0.003890795575,0.003950614628
2882,0.003605554026,0.003928254184
2883,0.003527708002,0.003993678547
2884,0.003446424496,0.003821265651
2885,0.003415931191,0.003330710606
2886,0.003552035341,0.003519668273
2887,0.003718448803,0.004302052024
2888,0.003409146098,0.003298012598
2889,0.003504344961,0.003672460851
2890,0.003426545853,0.003527358349
2891,0.003429329896,0.00441945871
2892,0.003544222214,0.003753080353
2893,0.003809118847,0.003559117235
2894,0.003614710906,0.003703162336
2895,0.003850404435,0.003715997387
2896,0.003519057413,0.003879140597
2897,0.003779943916,0.004209817038
2898,0.00334194582,0.003615051653
2899,0.003705257172,0.003412102495
2900,0.003998471773,0.003624244535
2901,0.003663593729,0.004019979882
2902,0.003529381385,0.003586300183
2903,0.003641040123,0.003484246525
2904,0.00364175986,0.003901739576
2905,0.003411047044,0.003724644135
2906,0.003818065568,0.003269107779
2907,0.003426331299,0.004277310451
2908,0.003474379744,0.003713367536
2909,0.003659598471,0.004511338018
2910,0.0039518431,0.003237634024
2911,0.003628576262,0.003809328773
2912,0.003086984274,0.003654147469
2913,0.003455158672,0.003483373206
2914,0.003579926968,0.003624891629
2915,0.003675826476,0.003299932607
2916,0.003335093003,0.004223229713
2917,0.003587470856,0.003245689528
2918,0.003597867151,0.003447822703
2919,0.003769825125,0.003678703855
2920,0.003715989791,0.003793773998
2921,0.003669848636,0.003479999228
2922,0.003742491448,0.003194458637
2923,0.003882073564,0.003265813866
2924,0.003318106232,0.00338052091
2925,0.003232365329,0.003721587738
2926,0.003468381095,0.003610558051
2927,0.003484596265,0.003724669863
2928,0.003027639992,0.003617843293
2929,0.003160924651,0.003784930159
2930,0.003559758712,0.003617520415
2931,0.003809376532,0.003432314785
2932,0.003486015747,0.003769447125
2933,0.003452650912,0.003903723555
2934,0.003649297782,0.00339110347
2935,0.00346594397,0.003526374174
2936,0.003504893655,0.003852997412
2937,0.003497606405,0.003463695233
2938,0.003924469493,0.004089895083
2939,0.003780903906,0.003473478951
2940,0.003184173256,0.003578038333
2941,0.003300027602,0.003212173237
2942,0.003424584662,0.004257373075
2943,0.003615405178,0.003575012524
2944,0.003429235221,0.002955530043
2945,0.003237785713,0.004060454405
2946,0.003059646348,0.003106382384
2947,0.00369902188,0.00350374516
2948,0.003839880665,0.003500668361
2949,0.00361818893,0.003504636697
2950,0.003474689642,0.003543581377
2951,0.003114498526,0.003589500353
2952,0.00390944563,0.003294311406
2953,0.003466485621,0.003441249108
2954,0.003499229962,0.003637233051
2955,0.003415113286,0.003039336414
2956,0.003654045024,0.003973576735
2957,0.003564888437,0.003303955542
2958,0.003537429293,0.003629255225
2959,0.003186652873,0.003561828576
2960,0.003572330519,0.003395227512
2961,0.003267327673,0.003283037717
2962,0.003387235396,0.003484216315
2963,0.003394642816,0.003408552991
2964,0.003664597112,0.003777288424
2965,0.003497819504,0.003436819534
2966,0.003722156835,0.003168125928
2967,0.003317501309,0.003438833577
2968,0.003636675683,0.003625009209
2969,0.003306612605,0.003723666829
2970,0.003354450833,0.003476961079
2971,0.003385078773,0.003906650585
2972,0.003398577392,0.003422230133
2973,0.003361379553,0.003966485237
2974,0.003537948214,0.003823311185
2975,0.003299954347,0.0031488518
2976,0.003268089145,0.003148590185
2977,0.003522923944,0.003362154908
2978,0.003534286108,0.003908896266
2979,0.003147655545,0.003400036949
2980,0.003352892061,0.003414391336
2981,0.003546989814,0.003534261254
2982,0.003662757605,0.002873891994
2983,0.003710311197,0.002885639289
2984,0.003520396625,0.003407572105
2985,0.003356975882,0.003698697255
2986,0.003327980696,0.003183646681
2987,0.00346199199,0.003688007651
2988,0.003570325294,0.004134025279
2989,0.003268275294,0.003146260104
2990,0.003428543278,0.003287440923
2991,0.003348734375,0.003584996419
2992,0.003022989695,0.00336869125
2993,0.003501295607,0.003501183877
2994,0.003706108051,0.003017601673
2995,0.003459701955,0.003128914308
2996,0.003728552954,0.003336260823
2997,0.003007871012,0.002852412988
2998,0.003532937844,0.003287423431
2999,0.003172123164,0.003321353666
3000,0.003400421061,0.003546995431
3001,0.003242446139,0.003000894241
3002,0.003060872172,0.00321849453
3003,0.00306227617,0.002778679365
3004,0.003237936355,0.003283144411
3005,0.003140537214,0.003148731252
3006,0.002995528048,0.003167881281
3007,0.003028349805,0.003524837433
3008,0.003628807841,0.00281029311
3009,0.003162917448,0.003222247731
3010,0.003034847643,0.003431411664
3011,0.003227916022,0.003381400078
3012,0.003284299135,0.003385999938
3013,0.003056843125,0.003338957496
3014,0.003052722983,0.002970285801
3015,0.003477044229,0.002823362011
3016,0.003066467354,0.003217859019
3017,0.00339060041,0.003047320381
3018,0.003616810369,0.002932047355
3019,0.003114394378,0.002717735915
3020,0.002859299711,0.002964679879
3021,0.003083846823,0.002741365694
3022,0.003265670704,0.003429207631
3023,0.00312198847,0.003103062714
3024,0.00288633717,0.002965779713
3025,0.003633991495,0.002848544013
3026,0.002904571447,0.003198879975
3027,0.003132279671,0.003121304151
3028,0.003371105704,0.003238100908
3029,0.003067933227,0.002665377455
3030,0.003000344092,0.003062254138
3031,0.003429465578,0.003266877146
3032,0.003054389381,0.002923447086
3033,0.003205483285,0.003324521327
3034,0.002908517461,0.003316458504
3035,0.003293953312,0.002872617566
3036,0.003169428557,0.003095080378
3037,0.003289389831,0.003074450651
3038,0.003169116448,0.003122258553
3039,0.003110426042,0.002941444807
3040,0.003033075394,0.003384834534
3041,0.003316940652,0.003273855487
3042,0.002974421863,0.00365748792
3043,0.003123773407,0.0031422436
3044,0.002875512349,0.002761890544
3045,0.003101425973,0.003506509558
3046,0.002689506364,0.002676382923
3047,0.003232950548,0.002994425682
3048,0.003361223004,0.003153598955
3049,0.002883123496,0.00249255856
3050,0.003082069365,0.002846062795
3051,0.003104421514,0.002802857634
3052,0.00327712376,0.002965631575
3053,0.003274419316,0.002993498609
3054,0.0030730039,0.003077016852
3055,0.003024250676,0.002850779245
3056,0.002826420823,0.003325826372
3057,0.003196841164,0.002949453279
3058,0.003011005843,0.002694376395
3059,0.003073903616,0.003733935533
3060,0.003427417309,0.003192298551
3061,0.002831839898,0.002635674988
3062,0.003361999901,0.003287463391
3063,0.002939334634,0.002798256668
3064,0.002710850298,0.003029975924
3065,0.003082975483,0.002723292157
3066,0.002874274389,0.003040958545
3067,0.002832891361,0.003056261252
3068,0.003072404972,0.002739530057
3069,0.002939489379,0.003069584491
3070,0.002985182917,0.002831790363
3071,0.003203466913,0.002851068653
3072,0.00323293297,0.003383813135
3073,0.002770199557,0.002867910574
3074,0.00326953482,0.002625830646
3075,0.003141335532,0.00279473071
3076,0.003062657313,0.003181889944
3077,0.002829891077,0.002799766458
3078,0.002654071664,0.00262989683
3079,0.003189239098,0.003064591729
3080,0.003423569433,0.002924091008
3081,0.002864820621,0.002981174679
3082,0.003023378667,0.003057150112
3083,0.002945519984,0.002870101423
3084,0.002842457616,0.002932357835
3085,0.002683690749,0.003392042301
3086,0.003096267465,0.003200923325
3087,0.002784339187,0.003000355762
3088,0.002746573824,0.002997235628
3089,0.003085783945,0.002750143321
3090,0.002823088987,0.002966343833
3091,0.002791187755,0.002632342163
3092,0.002924682572,0.002448618165
3093,0.003155965009,0.002871694131
3094,0.00298399257,0.002874073602
3095,0.002706857922,0.002815029758
3096,0.002927738256,0.002606931172
3097,0.003085342905,0.002877761435
3098,0.00307246804,0.002800367307
3099,0.002738183102,0.003374966705
3100,0.003242978157,0.002864097187
3101,0.002694862415,0.002664159634
3102,0.002804474498,0.003035888396
3103,0.002969353955,0.002829896868
3104,0.003246216686,0.002755869878
3105,0.003289990011,0.00271248605
3106,0.003079621441,0.002726322244
3107,0.002731298591,0.003329254978
3108,0.002777284797,0.002961343183
3109,0.002706729807,0.002481585645
3110,0.003048939194,0.002732223569
3111,0.002898687904,0.002625014778
3112,0.00328002093,0.002966141241
3113,0.003074610722,0.003056619666
3114,0.003013667505,0.002855352766
3115,0.00294623262,0.002766002814
3116,0.003089697129,0.002982198668
3117,0.002980768797,0.00260604237
3118,0.002699965466,0.003354717628
3119,0.002922283747,0.002528438985
3120,0.003074349108,0.002861980509
3121,0.003093120409,0.002740284137
3122,0.003209271847,0.00306513923
3123,0.002823775023,0.00260795455
3124,0.003022841673,0.002844514995
3125,0.003030120657,0.002585836279
3126,0.003080444556,0.002868448675
3127,0.003035748028,0.002361551713
3128,0.002938447724,0.002855884217
3129,0.002674605348,0.002920565021
3130,0.002280100307,0.002487291975
3131,0.003138082946,0.002989732311
3132,0.002467599319,0.002974993811
3133,0.002749253006,0.002573333186
3134,0.002763437296,0.002776541281
3135,0.002840244444,0.002955925418
3136,0.002883794426,0.003178218903
3137,0.002853090264,0.00298354082
3138,0.002693447634,0.002630189119
3139,0.003048114624,0.003042979195
3140,0.002863289526,0.002703047387
3141,0.003072188207,0.002560751949
3142,0.002752805303,0.002571438818
3143,0.00284924655,0.002757591894
3144,0.00320226769,0.003006385494
3145,0.002638469392,0.002937893791
3146,0.002759878174,0.002941106795
3147,0.002664856263,0.002497682144
3148,0.002941449609,0.002524064359
3149,0.002900192019,0.003046031023
3150,0.002873206162,0.002602482331
3151,0.002532039129,0.002902335924
3152,0.002747860563,0.002776989408
3153,0.003090179991,0.00287280028
3154,0.002693461895,0.00264067392
3155,0.002830209385,0.00290031459
3156,0.002697365169,0.002538059285
3157,0.002369553025,0.002678563178
3158,0.003197952901,0.002385468222
3159,0.003003117919,0.002568779484
3160,0.002876298822,0.002676853488
3161,0.002760656207,0.002611844859
3162,0.002390748807,0.002347579619
3163,0.002521536837,0.003202248365
3164,0.002698292432,0.002605436195
3165,0.002763801254,0.002677294426
3166,0.002825925068,0.002848012577
3167,0.002498514921,0.002629868104
3168,0.002749990672,0.002340015446
3169,0.002586406947,0.002376226708
3170,0.002682987833,0.002581504712
3171,0.002712017565,0.00338308746
3172,0.003032634413,0.002736472903
3173,0.002963960957,0.002548331278
3174,0.002805003314,0.002439992386
3175,0.00287877649,0.00259896912
3176,0.002747206425,0.002839295586
3177,0.002858123975,0.002258590961
3178,0.002781295538,0.002504375821
3179,0.002909858798,0.002635070603
3180,0.00261694158,0.002508181598
3181,0.00290425698,0.00250621562
3182,0.003072096151,0.002303663423
3183,0.00255917036,0.002376287943
3184,0.002736444469,0.002521913659
3185,0.002723302081,0.002150984263
3186,0.002591998462,0.002817659144
3187,0.002668632893,0.002972507762
3188,0.002698406402,0.002441941673
3189,0.002659028774,0.002877089952
3190,0.002674350806,0.002476837428
3191,0.002716275718,0.002714997565
3192,0.002567985299,0.002666412591
3193,0.002784012089,0.00279975732
3194,0.002767009893,0.002800578775
3195,0.002762140561,0.002682170802
3196,0.002555001061,0.002616269034
3197,0.002748873318,0.003181106382
3198,0.002647808578,0.002664793981
3199,0.002779524686,0.002491059073
3200,0.00264014375,0.002907557326
3201,0.002845037758,0.002432509835
3202,0.002668804053,0.002883546433
3203,0.002869308431,0.002653001575
3204,0.002736055438,0.002291293655
3205,0.002757664886,0.002636882724
3206,0.002470106032,0.002268917349
3207,0.0022672411,0.002622642176
3208,0.002949370275,0.002303387446
3209,0.002773597545,0.002622161905
3210,0.002643809712,0.002606307302
3211,0.002398458615,0.002599489875
3212,0.002792685991,0.002937881276
3213,0.002855060971,0.002417085518
3214,0.002716081915,0.002329376468
3215,0.002357547521,0.00278187709
3216,0.002620154788,0.002800476039
3217,0.002792318934,0.002258460023
3218,0.002705607243,0.002563106624
3219,0.002786806523,0.002579747088
3220,0.002677757831,0.00249379233
3221,0.002911513933,0.002896141697
3222,0.002458053816,0.002515181259
3223,0.002842781483,0.003309806547
3224,0.002533979467,0.002443423436
3225,0.002703805556,0.0026976511
3226,0.002532638318,0.002455945214
3227,0.002587565716,0.002364321525
3228,0.002667555469,0.002821206086
3229,0.002589268261,0.002915731922
3230,0.002492728468,0.002369261405
3231,0.002335131634,0.002677599128
3232,0.002617111822,0.002358656187
3233,0.002500915492,0.002920381055
3234,0.002691587812,0.002680432604
3235,0.002606522918,0.002820843947
3236,0.002629372015,0.0024907568
3237,0.002535468142,0.002709458437
3238,0.002562497204,0.002946027409
3239,0.002796889399,0.002324200075
3240,0.003059879644,0.002835777734
3241,0.002584504138,0.002549943238
3242,0.002361435691,0.002461478347
3243,0.002605723523,0.002178812909
3244,0.002796081884,0.002662094892
3245,0.002679695201,0.002513811225
3246,0.002565607268,0.002413691938
3247,0.00261417235,0.002512368679
3248,0.002703725884,0.002421033569
3249,0.003015488095,0.002494114015
3250,0.002508781967,0.002195050532
3251,0.002892696619,0.00249835728
3252,0.002590217628,0.002294815116
3253,0.002483095406,0.002975478812
3254,0.002990129782,0.002381609927
3255,0.002455692258,0.002747234888
3256,0.002741632576,0.002263671107
3257,0.002483829361,0.002866627183
3258,0.002608898503,0.002503924261
3259,0.002541236201,0.00293718114
3260,0.002520068505,0.002333235578
3261,0.002657509584,0.002737900853
3262,0.00267203938,0.002365698077
3263,0.002747325576,0.002760258096
3264,0.002565327275,0.002193224253
3265,0.00263383484,0.002249206329
3266,0.002749753941,0.002717552168
3267,0.002638957027,0.002821185568
3268,0.002520787733,0.002376907869
3269,0.002492050815,0.002473070213
3270,0.002751914959,0.002470950887
3271,0.002383477666,0.002761719457
3272,0.002531664417,0.002045924019
3273,0.002546328658,0.002556754669
3274,0.002585705617,0.00250682453
3275,0.00266301079,0.002249643279
3276,0.002781916555,0.002429255343
3277,0.002545628187,0.002752588945
3278,0.002448536688,0.002859467728
3279,0.002928544272,0.002594538935
3280,0.002464888297,0.002253798739
3281,0.00255568522,0.00245633442
3282,0.002266000622,0.002339316474
3283,0.002549850353,0.002396929907
3284,0.002222222101,0.002793937776
3285,0.002475744608,0.002586989634
3286,0.002525821357,0.002278515734
3287,0.002395393953,0.002272531099
3288,0.002861312707,0.002512871768
3289,0.002467543483,0.002496527624
3290,0.002386876542,0.002265945077
3291,0.002597225684,0.002538780594
3292,0.002507215802,0.002513436557
3293,0.002488570462,0.002552152815
3294,0.00251524034,0.002333986136
3295,0.002405451465,0.002627482216
3296,0.002494777436,0.002193236258
3297,0.002533787221,0.002137462099
3298,0.002330647738,0.002829948236
3299,0.002827768243,0.002613356861
3300,0.002456448099,0.002636557008
3301,0.002552315156,0.002512365652
3302,0.002697814954,0.002655785182
3303,0.002609654897,0.002381556129
3304,0.002709601278,0.002370076763
3305,0.002425077226,0.002693059563
3306,0.002519997768,0.002499823982
3307,0.002374540752,0.002441252669
3308,0.002578864398,0.002238968809
3309,0.002364094587,0.002481742631
3310,0.002570262222,0.0024449599
3311,0.002711640234,0.00207017106
3312,0.002523441261,0.002590567296
3313,0.002644581808,0.002221887626
3314,0.002477490518,0.002529244637
3315,0.002659153921,0.00279817995
3316,0.002692061316,0.002032554956
3317,0.002496822694,0.002300633685
3318,0.002601401822,0.002274125334
3319,0.002703346196,0.002365397537
3320,0.002807709883,0.002137848423
3321,0.002521635601,0.002533330553
3322,0.002292901932,0.002241233495
3323,0.002565569157,0.002090211434
3324,0.002523574265,0.00238965913
3325,0.002416949399,0.002519831556
3326,0.002228838115,0.00250037745
3327,0.002561897621,0.002411668975
3328,0.002472552325,0.002550358506
3329,0.002176947222,0.001970764759
3330,0.002436558265,0.002166132952
3331,0.002538334666,0.002315761274
3332,0.002581508743,0.002456597256
3333,0.002293568366,0.002335705707
3334,0.002547387878,0.002549801546
3335,0.00258231553,0.002258159264
3336,0.002710134548,0.002311754477
3337,0.002395367483,0.002156603616
3338,0.002384726642,0.002556727821
3339,0.002608102819,0.002363833177
3340,0.002399781995,0.002354206881
3341,0.002415031398,0.002247823999
3342,0.002570945057,0.002272324607
3343,0.002607626375,0.002068029818
3344,0.002111393405,0.002343384505
3345,0.002508878242,0.002421998943
3346,0.0024498532,0.002408381712
3347,0.001988572782,0.002515029439
3348,0.002449780048,0.002314042707
3349,0.002175201575,0.002971435009
3350,0.002290357399,0.002278140324
3351,0.002527325269,0.002776140289
3352,0.002531833597,0.002214957218
3353,0.002453488036,0.002428163658
3354,0.002308235693,0.002334927412
3355,0.002548529155,0.002430882087
3356,0.002292769263,0.002182788419
3357,0.002539002671,0.002470268533
3358,0.00208814154,0.002266437412
3359,0.0025039014,0.002298656007
3360,0.002327565875,0.001901758878
3361,0.002374440795,0.002244246643
3362,0.002665715001,0.002705070481
3363,0.002690332622,0.002265723771
3364,0.002458040311,0.002214954235
3365,0.002296334336,0.002197950991
3366,0.00265932866,0.002125419924
3367,0.00240747213,0.002237400957
3368,0.002349989503,0.002367267181
3369,0.002252733102,0.002393093775
3370,0.002452526503,0.002132503796
3371,0.002424251434,0.00234549545
3372,0.002361627528,0.002565585295
3373,0.002153220979,0.002356381054
3374,0.002649837377,0.00197314682
3375,0.002340155756,0.002417249692
3376,0.002524971016,0.002545545227
3377,0.002250366713,0.00259224567
3378,0.002554468098,0.002272858517
3379,0.002739060757,0.002175920716
3380,0.002375180484,0.002365257824
3381,0.002395465533,0.001985901443
3382,0.002408662345,0.002172119697
3383,0.002353851261,0.00243733119
3384,0.00213010711,0.001913487067
3385,0.002128006512,0.002048540162
3386,0.002477634232,0.002057013859
3387,0.002522300361,0.002203435361
3388,0.002098703335,0.002289428798
3389,0.00222053795,0.00221672497
3390,0.002458399918,0.002515247645
3391,0.002406342071,0.002090001843
3392,0.002342815977,0.002297151907
3393,0.002338559774,0.002550637902
3394,0.002270918267,0.002424578051
3395,0.002501868643,0.002465876925
3396,0.002389080983,0.002031117314
3397,0.002145756502,0.002333435492
3398,0.002976089134,0.001976497122
3399,0.002385023166,0.002137581905
3400,0.002225016215,0.002272099562
3401,0.002310698066,0.002296487844
3402,0.002423932194,0.002110586152
3403,0.002333659446,0.002121735437
3404,0.002383317464,0.002092436567
3405,0.002322657034,0.00215664829
3406,0.002548958335,0.002083077648
3407,0.002328448507,0.002078742211
3408,0.002211432802,0.002253966988
3409,0.002292988502,0.002607447197
3410,0.002313626188,0.001990067991
3411,0.00243153362,0.00269732067
3412,0.002423430298,0.001977911816
3413,0.002171165426,0.002353077551
3414,0.002481065356,0.002415680749
3415,0.002128322041,0.002289943062
3416,0.002389464993,0.002365316541
3417,0.002289047567,0.002626322894
3418,0.002206200312,0.00228203235
3419,0.002456681017,0.002229807622
3420,0.00233625625,0.002400867437
3421,0.002338233084,0.001907148457
3422,0.002306671347,0.002719144264
3423,0.002244321731,0.002441379766
3424,0.002282052272,0.00221799103
3425,0.002305518225,0.002315465783
3426,0.00207668182,0.001961999762
3427,0.002192896631,0.002261921385
3428,0.002618135841,0.002181101605
3429,0.002244453673,0.002398906654
3430,0.002364837972,0.002193945373
3431,0.002161126511,0.002310487092
3432,0.00215605463,0.002548826305
3433,0.002133626826,0.002135605217
3434,0.002068093527,0.002524616153
3435,0.002257232874,0.002461255528
3436,0.002033211102,0.002311500022
3437,0.002208353471,0.002106090818
3438,0.002430438108,0.002096837896
3439,0.002310022246,0.002318297426
3440,0.002144024838,0.002253710903
3441,0.002277554595,0.002057716643
3442,0.002434477647,0.00204665857
3443,0.002254825042,0.002140191282
3444,0.002563518123,0.002672521077
3445,0.002244551375,0.001981888461
3446,0.00242675819,0.002089295667
3447,0.002273214166,0.002182434546
3448,0.002249523764,0.002089128349
3449,0.002225215678,0.002370732051
3450,0.002297300685,0.002134164271
3451,0.002339869025,0.002207798621
3452,0.002505733748,0.001977294989
3453,0.002321406078,0.002041276573
3454,0.002347026457,0.002470818145
3455,0.002016469312,0.00206798932
3456,0.002132728507,0.002295494705
3457,0.002515245462,0.002225701741
3458,0.002201406533,0.002119899771
3459,0.002261683054,0.002075858385
3460,0.002196149522,0.002480435491
3461,0.002321310836,0.001632430241
3462,0.002202575459,0.002062521948
3463,0.002376856195,0.002123862374
3464,0.002482862619,0.002241843613
3465,0.002175094109,0.0023389126
3466,0.002061978492,0.001907070153
3467,0.002241981987,0.002105072796
3468,0.002313413366,0.002021797132
3469,0.002040980908,0.002283584996
3470,0.002151938126,0.001826568012
3471,0.001821765094,0.002384693915
3472,0.002286930699,0.002226947996
3473,0.00222638798,0.002027970841
3474,0.002134991388,0.002102513987
3475,0.002331137002,0.002696696756
3476,0.002185064324,0.002104059589
3477,0.002228439698,0.002407324646
3478,0.002288652962,0.001992353325
3479,0.00215074174,0.002337136044
3480,0.002365635286,0.001976344065
3481,0.002325397232,0.002277091262
3482,0.002079522048,0.002162263132
3483,0.002162390709,0.002277204199
3484,0.002447945997,0.001859199445
3485,0.002289038734,0.002201490497
3486,0.002200024523,0.002303863977
3487,0.002189697305,0.0020630816
3488,0.00209179864,0.002326098765
3489,0.002398859986,0.002206728386
3490,0.001947366691,0.002199605806
3491,0.002210730352,0.002240707254
3492,0.002299076543,0.002016577826
3493,0.002145590537,0.002205772675
3494,0.002328075876,0.002611870761
3495,0.002023545647,0.0019764436
3496,0.002272954807,0.002175842383
3497,0.00232496878,0.001977128879
3498,0.002173306231,0.002176296126
3499,0.002335787765,0.002157334413
3500,0.002020223532,0.002300592372
3501,0.002417937998,0.002306477312
3502,0.002151120585,0.001904556731
3503,0.00230648159,0.002286242117
3504,0.002197696798,0.002175928515
3505,0.002130460271,0.002082274863
3506,0.002445726932,0.001922535215
3507,0.001982119284,0.002287870244
3508,0.002092437164,0.002152163433
3509,0.002160470671,0.002432400201
3510,0.002264231473,0.002116612712
3511,0.002098614845,0.001937751265
3512,0.002276774234,0.001913183252
3513,0.002015700244,0.002485400764
3514,0.002201108786,0.002017394465
3515,0.002157669223,0.002497238631
3516,0.00233796885,0.001739677653
3517,0.002494436339,0.002051688309
3518,0.001989709679,0.002153920082
3519,0.002169455402,0.002299935542
3520,0.002150095126,0.001860240911
3521,0.001900220217,0.002331626718
3522,0.002057550984,0.002072983363
3523,0.002211118597,0.001898837116
3524,0.001959978312,0.002253650702
3525,0.002240530783,0.002440223398
3526,0.001926815661,0.002241279202
3527,0.002250073681,0.001999998902
3528,0.002052177428,0.002489430874
3529,0.002522203053,0.001859485244
3530,0.002010880969,0.002201706884
3531,0.002455025417,0.002122248014
3532,0.002149869382,0.00222382987
3533,0.002174293142,0.002545399882
3534,0.002263339091,0.002211108396
3535,0.00212727164,0.002329829818
3536,0.002084392894,0.002172718872
3537,0.002311420074,0.00238476356
3538,0.002190659987,0.002114429633
3539,0.00191729932,0.002090507594
3540,0.002519594738,0.001975246007
3541,0.002139230579,0.001900744028
3542,0.001889308769,0.00228028385
3543,0.002146091938,0.002190014609
3544,0.002101131831,0.002205705387
3545,0.002263775401,0.001818547287
3546,0.002128081105,0.002151711073
3547,0.001888267114,0.001950601814
3548,0.002162087228,0.001909591942
3549,0.002141078017,0.002445762948
3550,0.002132069203,0.002085619446
3551,0.001855764101,0.002423631464
3552,0.002115078794,0.002054409677
3553,0.002273695864,0.002011687349
3554,0.001980740461,0.002027460083
3555,0.002160797812,0.002188314742
3556,0.002003590635,0.00202531385
3557,0.0021627604,0.001847367355
3558,0.002101721606,0.002053746139
3559,0.002284557719,0.00194571467
3560,0.002064066764,0.00223121194
3561,0.002102101833,0.00214367632
3562,0.002048486698,0.002189576146
3563,0.002203180688,0.002248610966
3564,0.00216399999,0.001865487895
3565,0.00222719305,0.001757225938
3566,0.002290663047,0.00183846998
3567,0.002036657563,0.001927928955
3568,0.002345621993,0.002101108199
3569,0.002041032756,0.001943181604
3570,0.002120278979,0.002043344241
3571,0.001831717251,0.002020123371
3572,0.002106092506,0.001948989637
3573,0.002372743867,0.001959175323
3574,0.002095658812,0.002119786688
3575,0.002196787347,0.001806097061
3576,0.002138240903,0.002200568721
3577,0.001969049335,0.00186063569
3578,0.001984274364,0.00199275295
3579,0.001816589793,0.002094393945
3580,0.002141050194,0.001944650692
3581,0.002074480086,0.002795878405
3582,0.002109874578,0.002009627846
3583,0.001986756091,0.0018195476
3584,0.001964592841,0.002080162856
3585,0.00213799339,0.002011023142
3586,0.002175247762,0.002482699652
3587,0.002357395148,0.001951024737
3588,0.002224026481,0.002073512122
3589,0.002333177865,0.001918124457
3590,0.002296693172,0.002086097811
3591,0.00217093213,0.001785321394
3592,0.002138867741,0.002128243737
3593,0.002201854179,0.002164895108
3594,0.002076226825,0.002030903197
3595,0.00210945688,0.002026972987
3596,0.002109630077,0.002046928683
3597,0.002122751641,0.00155491769
3598,0.002066494373,0.001737067854
3599,0.002067931666,0.002303473113
3600,0.001877320174,0.002106608066
3601,0.002031934302,0.001780366292
3602,0.002222885203,0.001585341015
3603,0.002055172459,0.00196340926
3604,0.002262552633,0.002175590082
3605,0.001894871471,0.001730720163
3606,0.001839098855,0.002185474514
3607,0.002148896674,0.002152261775
3608,0.001945872253,0.002127082145
3609,0.002017174935,0.00199788074
3610,0.002052694457,0.002177687609
3611,0.001989790122,0.001908031802
3612,0.001978193162,0.002048241484
3613,0.002217978734,0.002071294482
3614,0.002181575968,0.002182944474
3615,0.002075438082,0.00172105513
3616,0.001986501287,0.002262216251
3617,0.001965790216,0.002227127072
3618,0.002149558568,0.00187593892
3619,0.001886386017,0.001794623269
3620,0.002011822042,0.002172938519
3621,0.001960563954,0.001611473112
3622,0.001854307673,0.001916809575
3623,0.001924358497,0.002287482057
3624,0.002243388735,0.001824616615
3625,0.002108330402,0.002159082083
3626,0.002071656869,0.002061255771
3627,0.002024479763,0.002453513502
3628,0.002051672796,0.00207668684
3629,0.001936161774,0.002223987205
3630,0.001935586901,0.001796190423
3631,0.001942121089,0.001710519413
3632,0.001944032716,0.002000908862
3633,0.002259942936,0.001768398928
3634,0.002059099948,0.001858785225
3635,0.001886125261,0.001952999693
3636,0.002012644749,0.001748433671
3637,0.002078497331,0.002126835549
3638,0.0021186542,0.00216002157
3639,0.002302987574,0.001982138667
3640,0.001931560648,0.001919408358
3641,0.002025635418,0.002167016297
3642,0.001974384562,0.002036535283
3643,0.001901529453,0.00199759184
3644,0.002159133321,0.001988024349
3645,0.001917557573,0.0020759982
3646,0.001945119249,0.001835047558
3647,0.002097239383,0.001757804406
3648,0.002021803433,0.001776610603
3649,0.002167607585,0.002173683082
3650,0.002173130692,0.002226689438
3651,0.00208442322,0.002126413514
3652,0.002310540629,0.001762643849
3653,0.001902248914,0.001828353139
3654,0.002140276847,0.001682437054
3655,0.001892394706,0.001913772285
3656,0.00206609405,0.00192097071
3657,0.001776479461,0.001721323802
3658,0.001977676598,0.001919054324
3659,0.002084919412,0.00160169242
3660,0.001976808824,0.001781665444
3661,0.002049387433,0.001983371825
3662,0.002041873246,0.001815530588
3663,0.001973643346,0.001957769899
3664,0.00189610917,0.002147446634
3665,0.00205019892,0.001890699816
3666,0.001942612464,0.00169976594
3667,0.001938836431,0.002300715947
3668,0.001923084041,0.002177309638
3669,0.002129137385,0.001859294993
3670,0.001853401453,0.001816927135
3671,0.002164633814,0.001824133491
3672,0.00218838999,0.001760590239
3673,0.001979248133,0.00167383661
3674,0.00173832498,0.001938156493
3675,0.001904504767,0.002042479857
3676,0.0021473823,0.001743307206
3677,0.001765502515,0.001649110825
3678,0.001966953743,0.002253884493
3679,0.002543737792,0.001923709249
3680,0.00208446676,0.002119378478
3681,0.002256469481,0.001929955397
3682,0.001748411014,0.002044910027
3683,0.001951719809,0.001764337081
3684,0.001932542669,0.00206674129
3685,0.002361295978,0.001849136403
3686,0.001853898983,0.001900221061
3687,0.001981910609,0.002072715128
3688,0.001772545977,0.001870747452
3689,0.001996906925,0.001957832414
3690,0.002125240047,0.001928778744
3691,0.002053774748,0.001942000468
3692,0.001720104396,0.001818093107
3693,0.001905780446,0.002108255008
3694,0.002038649574,0.001658443522
3695,0.002064035696,0.00181872242
3696,0.002001924484,0.002066547022
3697,0.001719812353,0.001806336673
3698,0.002135680101,0.00183842011
3699,0.001972089973,0.001875604197
3700,0.002137425734,0.0018313092
3701,0.002001823959,0.002205783065
3702,0.001870024033,0.001906005331
3703,0.001993538841,0.002146377868
3704,0.001965691772,0.002100226513
3705,0.002143534162,0.001708620723
3706,0.001893300199,0.001925261502
3707,0.001691892918,0.002090678143
3708,0.001827240732,0.002146606115
3709,0.001500053186,0.001746633046
3710,0.002107474342,0.001986800999
3711,0.002296103165,0.001856742674
3712,0.002125865241,0.001758597136
3713,0.001943057796,0.001570783337
3714,0.001999752451,0.001703251284
3715,0.001678469634,0.002006415743
3716,0.002178262395,0.002349791903
3717,0.001834603245,0.001978577769
3718,0.00204076292,0.001681777445
3719,0.001831952919,0.002060977582
3720,0.001672609957,0.002276796993
3721,0.001951507758,0.001730768709
3722,0.001791129107,0.001632362284
3723,0.001799277801,0.002086755674
3724,0.001815697047,0.002168145613
3725,0.002022730012,0.00180078164
3726,0.001684115312,0.001631001491
3727,0.00206213021,0.001642706804
3728,0.00217257021,0.002098992903
3729,0.001852498652,0.001915948655
3730,0.002067408961,0.001586999686
3731,0.001779781669,0.001917565591
3732,0.001848435728,0.001852863381
3733,0.001971556834,0.001718045416
3734,0.001883104385,0.001677997818
3735,0.001841258461,0.002084580163
3736,0.001719991182,0.001814222298
3737,0.00187287954,0.001674616549
3738,0.001773255892,0.001882748591
3739,0.001963806571,0.001761563806
3740,0.001892243745,0.00183784675
3741,0.002120720354,0.001533076604
3742,0.001749788265,0.001572512876
3743,0.001746725422,0.001902041826
3744,0.002069801485,0.002134634822
3745,0.001900757823,0.001685769734
3746,0.001783902422,0.002025497044
3747,0.001639713126,0.001978926288
3748,0.002090894704,0.001721327761
3749,0.001980743167,0.001897816386
3750,0.001774652614,0.001791492803
3751,0.001757204693,0.001698534121
3752,0.001952736187,0.001827027809
3753,0.001910035688,0.001945522337
3754,0.001871809553,0.001791954928
3755,0.001868695806,0.002116325573
3756,0.001807577864,0.001931932697
3757,0.00184999565,0.001900182353
3758,0.001795593096,0.002081160594
3759,0.001731643875,0.001848429049
3760,0.001875175818,0.001892340981
3761,0.001836501862,0.001649803176
3762,0.001941015274,0.001991789337
3763,0.001594265748,0.002128017746
3764,0.001967572753,0.001851714624
3765,0.00196337614,0.001728498872
3766,0.001829089451,0.001785993911
3767,0.001918113587,0.001758493847
3768,0.001944625998,0.001668014636
3769,0.0021514361,0.001914068125
3770,0.001817178621,0.001857883937
3771,0.001922958952,0.002075960452
3772,0.002188439394,0.001574275229
3773,0.002000726585,0.001826698688
3774,0.001918711714,0.001817416007
3775,0.001678292741,0.001911406012
3776,0.001985897485,0.001636915884
3777,0.001691376659,0.001673145103
3778,0.001790162627,0.001854471077
3779,0.001826521504,0.002008845098
3780,0.001782004387,0.001964374329
3781,0.001814692179,0.001706501222
3782,0.001911600266,0.001579940799
3783,0.001698402324,0.001609285704
3784,0.001801445047,0.001855618058
3785,0.001925087621,0.001652542545
3786,0.001784003107,0.001687364682
3787,0.001683836817,0.001649861471
3788,0.001743421599,0.001870415304
3789,0.001712545432,0.001866985724
3790,0.002042141074,0.002077156721
3791,0.001947366167,0.00174733263
3792,0.001834289593,0.001698928478
3793,0.001940002709,0.00163057739
3794,0.00181671296,0.001782507592
3795,0.00188544023,0.001761495194
3796,0.00175518266,0.001831216519
3797,0.001749490068,0.001606778635
3798,0.001669953839,0.001502551837
3799,0.001923596661,0.00231077311
3800,0.001922692041,0.001534411786
3801,0.001712910816,0.00178994477
3802,0.002015235601,0.001846785133
3803,0.001720674554,0.001952584294
3804,0.001878863477,0.001992255071
3805,0.001831299291,0.00141817212
3806,0.001748726339,0.002081515078
3807,0.002345104585,0.001824925275
3808,0.001633296881,0.001597744136
3809,0.001806081564,0.001664697251
3810,0.001972985643,0.001521095895
3811,0.001996151463,0.001632790299
3812,0.001943658208,0.001722162764
3813,0.002254376552,0.001717919848
3814,0.001873911286,0.001889509891
3815,0.001571721325,0.001505338631
3816,0.001762172004,0.001673001243
3817,0.002084685751,0.00175202181
3818,0.001835769232,0.001701504283
3819,0.00160029027,0.001880323209
3820,0.002192448374,0.002020318978
3821,0.001728985822,0.002250447244
3822,0.001763925859,0.001690726538
3823,0.001647823883,0.001357842775
3824,0.001873375397,0.001694163861
3825,0.002134471899,0.001758737941
3826,0.001960265101,0.001626452104
3827,0.002046496709,0.001546745378
3828,0.001866636943,0.001853708556
3829,0.001710180688,0.001786965426
3830,0.002030616713,0.001715601189
3831,0.001967893084,0.001635608729
3832,0.001893186985,0.001662966606
3833,0.002082043517,0.001659472095
3834,0.001843261605,0.001748334922
3835,0.001891709893,0.002224395896
3836,0.001765255889,0.001698147025
3837,0.001811784867,0.002106128828
3838,0.00178468696,0.001891277003
3839,0.001780473947,0.001902544434
3840,0.001767073001,0.001401908892
3841,0.00170283312,0.001627835474
3842,0.00170356562,0.001818575925
3843,0.002097249919,0.001879943782
3844,0.001862999183,0.001830006484
3845,0.001930647675,0.001912071079
3846,0.001849305758,0.001867395695
3847,0.0017627247,0.00167452998
3848,0.001653745334,0.001805650289
3849,0.001623395321,0.001599109804
3850,0.001856272283,0.001794113254
3851,0.001680195841,0.001716168546
3852,0.00172757094,0.00170240298
3853,0.001633241118,0.001683669048
3854,0.001848456144,0.001441885368
3855,0.001803915962,0.001504835614
3856,0.001689083409,0.0017913997
3857,0.001620104755,0.001587095569
3858,0.00188537463,0.001787660221
3859,0.001892349304,0.001819924204
3860,0.002097520439,0.001629635852
3861,0.001654616324,0.001611426997
3862,0.001694907769,0.001778033635
3863,0.001900781324,0.001748501105
3864,0.001695857311,0.001666314842
3865,0.001719603373,0.001710136712
3866,0.001796172815,0.001865129991
3867,0.001817417156,0.001785189306
3868,0.001941630588,0.001355992383
3869,0.001818998455,0.001495298362
3870,0.001777171507,0.001509256428
3871,0.001875527189,0.001816983859
3872,0.001618504888,0.001504028434
3873,0.002017985913,0.001727421128
3874,0.001711101591,0.001608413295
3875,0.001875705057,0.00155748416
3876,0.001770185103,0.001636598128
3877,0.001715444145,0.001872501918
3878,0.001692723541,0.001572524721
3879,0.00171904084,0.00175940599
3880,0.001856964111,0.001737731436
3881,0.001620419833,0.001560744786
3882,0.001967486591,0.001573961054
3883,0.001654107662,0.00179529647
3884,0.001630073486,0.001801995983
3885,0.001552553673,0.001798057652
3886,0.001687589087,0.001506438246
3887,0.00166576638,0.001802099636
3888,0.001845512539,0.00193967922
3889,0.001684104966,0.001561364974
3890,0.001663683579,0.001409199918
3891,0.001875064525,0.001541881531
3892,0.00170185382,0.001868035703
3893,0.0016681079,0.001379804104
3894,0.001901811702,0.001678197412
3895,0.001976387546,0.001829232177
3896,0.00160168283,0.001936942281
3897,0.001938425441,0.001698387001
3898,0.001856165196,0.001614368841
3899,0.001645124299,0.001597452647
3900,0.001683945811,0.001384892428
3901,0.001792672963,0.001725701964
3902,0.001772653253,0.001725949085
3903,0.001722510962,0.001772098753
3904,0.00156771185,0.001730914533
3905,0.001872324327,0.001625478719
3906,0.001887243649,0.00172864247
3907,0.001780870894,0.00149131217
3908,0.001731894343,0.001626574798
3909,0.001768352682,0.001641319104
3910,0.001753953402,0.001665233562
3911,0.001784753869,0.001885024045
3912,0.00195762924,0.001564462684
3913,0.001846105122,0.001617228729
3914,0.001567460145,0.001742049921
3915,0.001848205502,0.00171126108
3916,0.001885117279,0.001562675752
3917,0.00162758409,0.001497345351
3918,0.001667925899,0.001782536579
3919,0.001834644601,0.002007701434
3920,0.001746651425,0.001724882641
3921,0.001707497067,0.001594421294
3922,0.001643149168,0.001485687215
3923,0.001539060308,0.001385417097
3924,0.00186043531,0.001509180089
3925,0.001468131566,0.001650152088
3926,0.001719957174,0.001477525249
3927,0.001572370238,0.001269710592
3928,0.001703809627,0.001559108976
3929,0.001806621367,0.001939097376
3930,0.001556658448,0.001790345879
3931,0.001904094242,0.001493946154
3932,0.001780081438,0.00176963635
3933,0.001841420031,0.001389396552
3934,0.001654669904,0.001547281187
3935,0.001644464282,0.001342330623
3936,0.002008465672,0.001401484267
3937,0.001730160307,0.001724159214
3938,0.001801970197,0.001761677384
3939,0.001889042163,0.001722014742
3940,0.00180785908,0.001816570308
3941,0.001728845207,0.001772379677
3942,0.001609092753,0.001633943408
3943,0.001728332893,0.001872338791
3944,0.001604025456,0.001565699597
3945,0.00167530452,0.001637578825
3946,0.001447882722,0.001795138727
3947,0.0015028575,0.001721977096
3948,0.00186145083,0.001534163413
3949,0.001745754373,0.001700201246
3950,0.001792997529,0.001480354782
3951,0.001637187874,0.00179275831
3952,0.001585706967,0.001508261674
3953,0.001640351809,0.00138061434
3954,0.00153969157,0.00136715066
3955,0.001640268369,0.001539367251
3956,0.001710313678,0.001543425387
3957,0.001673606734,0.001523344559
3958,0.001341159048,0.001831556539
3959,0.001798345824,0.001904210163
3960,0.001677507884,0.001812550268
3961,0.001764832719,0.001592339657
3962,0.001524890584,0.001633078151
3963,0.001660015565,0.001522083359
3964,0.001591127628,0.001240048092
3965,0.001551070905,0.001572440771
3966,0.001722612404,0.001953460625
3967,0.001978003871,0.002054442142
3968,0.001628358616,0.001517551806
3969,0.001928171201,0.001674988642
3970,0.001588943793,0.001731557757
3971,0.001775174343,0.001395023355
3972,0.001684853938,0.001457422404
3973,0.001722361936,0.001621931428
3974,0.001741288666,0.0015565457
3975,0.001505282635,0.00151912251
3976,0.001844843238,0.001461024207
3977,0.001696024803,0.001409551442
3978,0.001686283067,0.001406677111
3979,0.001783683998,0.001329716324
3980,0.001610153602,0.001460772663
3981,0.001859036376,0.001375137166
3982,0.001749769712,0.001499215272
3983,0.001776247707,0.001420853892
3984,0.001672858896,0.001330511797
3985,0.001713477046,0.001534138675
3986,0.001736566992,0.001517180077
3987,0.001545921012,0.001649114391
3988,0.001942463743,0.00158351766
3989,0.001838658383,0.001563921614
3990,0.001712846817,0.001529708286
3991,0.001694714316,0.001548493354
3992,0.001778464895,0.001698193577
3993,0.001585551247,0.001372268045
3994,0.001669374513,0.001580341035
3995,0.001770209288,0.001549989785
3996,0.001889347142,0.001630127561
3997,0.001877735776,0.001768409114
3998,0.00163072026,0.001573849062
3999,0.001591409571,0.001456099541
4000,0.001494981392,0.002023878042
4001,0.00161175782,0.001435084981
4002,0.001715625054,0.00163501795
4003,0.00144767671,0.001557048556
4004,0.001711654477,0.001672691331
4005,0.001579880351,0.001822049264
4006,0.001694683015,0.001666530501
4007,0.001802941173,0.001722814864
4008,0.001557043419,0.001520251695
4009,0.001618091454,0.001763468375
4010,0.001802954983,0.00197814923
4011,0.001585483988,0.001579099764
4012,0.001731537486,0.001496575613
4013,0.001753172997,0.001395853251
4014,0.001482677777,0.00142953264
4015,0.001601424403,0.001394108651
4016,0.00164307619,0.001831206871
4017,0.001887473525,0.001465745052
4018,0.001780448612,0.001368889789
4019,0.001562833713,0.0018337035
4020,0.001748780647,0.00149958612
4021,0.001720033732,0.001643488809
4022,0.001698629727,0.001528606721
4023,0.001477746322,0.001461315405
4024,0.001446793656,0.001592501634
4025,0.001532126786,0.001777744386
4026,0.001727799128,0.001469694682
4027,0.001648339283,0.001322306794
4028,0.001592048764,0.001855563853
4029,0.001721181849,0.001741659667
4030,0.001652313265,0.001567612882
4031,0.001892303058,0.001423206937
4032,0.001539763121,0.001427985888
4033,0.001717624269,0.001704728304
4034,0.001619373346,0.001402302369
4035,0.001522380553,0.001392448001
4036,0.00162908755,0.001557861935
4037,0.001913648783,0.00136979235
4038,0.001479794155,0.001509168913
4039,0.001612511871,0.001582816636
4040,0.001661360089,0.001539244811
4041,0.001509448033,0.001808008339
4042,0.001445997274,0.001729660857
4043,0.001556715404,0.001751817952
4044,0.001515621945,0.001342992022
4045,0.001672410188,0.001817776851
4046,0.001743060304,0.001597093869
4047,0.001695377243,0.001569789762
4048,0.001650847626,0.001841769641
4049,0.001552102374,0.001635661523
4050,0.001934119922,0.001393959239
4051,0.001612917185,0.001706137264
4052,0.001390662394,0.001407520496
4053,0.001820312697,0.00138943128
4054,0.001692068225,0.00149242529
4055,0.001693179423,0.001526667707
4056,0.001564095903,0.001633386797
4057,0.001756999816,0.001055563429
4058,0.00179741584,0.001554203132
4059,0.001537553515,0.001562078076
4060,0.001907305952,0.001484396278
4061,0.001544610284,0.001421665191
4062,0.00176020035,0.00180462384
4063,0.001481216619,0.001628243772
4064,0.00147746077,0.001322491735
4065,0.00166142355,0.001416902756
4066,0.001613983899,0.001658164096
4067,0.001598533461,0.0013935483
4068,0.001541371734,0.001637989233
4069,0.001439910004,0.001479656014
4070,0.001711400633,0.001486136433
4071,0.001485861678,0.001496157405
4072,0.001655875072,0.00145065476
4073,0.001434660138,0.001629205319
4074,0.001679824403,0.001841630896
4075,0.001574048918,0.001177383921
4076,0.001547342807,0.001492553725
4077,0.00131267534,0.001621451869
4078,0.001637324007,0.001416589439
4079,0.001837621487,0.00137356139
4080,0.00166014889,0.001349542072
4081,0.001500781829,0.001797546502
4082,0.00158932287,0.001440265594
4083,0.001420595116,0.001440576838
4084,0.001561325713,0.001697705491
4085,0.001677016757,0.001487066053
4086,0.001706236479,0.001738867271
4087,0.001465058143,0.001485440094
4088,0.001401029629,0.001385403317
4089,0.001612016495,0.001487853609
4090,0.001645609635,0.001491464805
4091,0.001856714196,0.001315329981
4092,0.001577296556,0.001383808121
4093,0.001753757213,0.001239198813
4094,0.001724809379,0.001168849638
4095,0.001931050312,0.001559230746
4096,0.001514851087,0.001751030126
4097,0.00152180747,0.001730536969
4098,0.001658510839,0.001352479601
4099,0.001521112645,0.001407040647
4100,0.001699725399,0.001595362162
4101,0.001428941381,0.001339390379
4102,0.001673128631,0.00148555632
4103,0.001794534255,0.001441312619
4104,0.001592164292,0.001494065946
4105,0.001748684241,0.001533615257
4106,0.001406738491,0.00145665757
4107,0.001536773474,0.001536674099
4108,0.001572194451,0.001331919848
4109,0.00204962134,0.001627583973
4110,0.001504130996,0.001246175627
4111,0.00141518272,0.001704571288
4112,0.001397505359,0.001331240754
4113,0.001502377301,0.001564654442
4114,0.001662799928,0.001487568916
4115,0.001883121644,0.001427640454
4116,0.00142558293,0.001508684312
4117,0.001605418292,0.001328520229
4118,0.001508900037,0.001563706537
4119,0.001660460606,0.001581094315
4120,0.001643368887,0.001529349014
4121,0.001560997567,0.001386121097
4122,0.001679867768,0.00146812397
4123,0.001540670695,0.001442856141
4124,0.001631103383,0.001445188529
4125,0.001615975838,0.001187926246
4126,0.00135053946,0.001846921616
4127,0.001607188606,0.001445601214
4128,0.001525147178,0.001486927576
4129,0.001675313717,0.001414799597
4130,0.001766929796,0.001480698978
4131,0.001426450719,0.001459851344
4132,0.001510593109,0.001542384489
4133,0.001619872928,0.001411453974
4134,0.001606945239,0.001293243709
4135,0.00149311019,0.001568185668
4136,0.001451657539,0.00145551411
4137,0.001640613642,0.001380285583
4138,0.001657667395,0.001657741304
4139,0.001776805875,0.001551207053
4140,0.00144682276,0.001284887534
4141,0.001440988417,0.001514288277
4142,0.001562918726,0.001450916156
4143,0.001515467113,0.001546937237
4144,0.001703447109,0.001642678035
4145,0.001479824758,0.001446713984
4146,0.001563477039,0.001524627936
4147,0.001801243678,0.001215659904
4148,0.001766962756,0.0014051865
4149,0.001678709828,0.001687604337
4150,0.001613071057,0.001337519221
4151,0.001565643426,0.001515865399
4152,0.001585571183,0.00151905758
4153,0.001507630572,0.001382520742
4154,0.001778777892,0.001550704597
4155,0.001416127867,0.001481329629
4156,0.001403149479,0.001599933938
4157,0.001527296306,0.001288829386
4158,0.001513313109,0.001452476266
4159,0.001565543862,0.001636757035
4160,0.001569960878,0.001300643991
4161,0.001496905024,0.001601487151
4162,0.001878926152,0.001321825031
4163,0.001436660823,0.001420937035
4164,0.001373639083,0.001645430151
4165,0.001382193455,0.001349779472
4166,0.001575337563,0.00119744055
4167,0.001622220021,0.00154049258
4168,0.001519830868,0.001645401673
4169,0.001386635704,0.001300098025
4170,0.001531042653,0.001389896643
4171,0.001647834157,0.001737826606
4172,0.00166259383,0.001113118662
4173,0.001891168475,0.001488797498
4174,0.001683534909,0.001329739942
4175,0.001605220692,0.001725877228
4176,0.001612490654,0.001418984422
4177,0.001732032746,0.001458463928
4178,0.00151535777,0.001609903033
4179,0.00174199164,0.001389745739
4180,0.001394001629,0.001286947714
4181,0.001482615102,0.001282439604
4182,0.001591266831,0.001461795138
4183,0.001473825323,0.00139653415
4184,0.001607869257,0.001351839135
4185,0.001406348267,0.001098287714
4186,0.001607128142,0.001704861366
4187,0.001783297106,0.00143244995
4188,0.001552966249,0.001401646354
4189,0.001392926701,0.001266736552
4190,0.001584111844,0.001382964692
4191,0.001499809834,0.001324389705
4192,0.001483149004,0.001309291467
4193,0.001547716951,0.001497836703
4194,0.001361930597,0.001490057723
4195,0.001531558286,0.001302973993
4196,0.001530270616,0.001516631615
4197,0.001857393945,0.001422370813
4198,0.001542415179,0.001495519682
4199,0.001772304633,0.001689838682
4200,0.001625855366,0.001539594363
4201,0.00146149275,0.001431210912
4202,0.001570048851,0.001123527552
4203,0.001602160803,0.001323867029
4204,0.001344968747,0.001596801725
4205,0.001399433095,0.00147924888
4206,0.001596726666,0.001145249596
4207,0.001769674505,0.00114229969
4208,0.001608671562,0.001356541419
4209,0.001490401868,0.001290715722
4210,0.001474994875,0.001269373148
4211,0.001498516678,0.001391435406
4212,0.001692043785,0.001399409259
4213,0.001645705095,0.001581856486
4214,0.001502976447,0.001144349102
4215,0.001483524975,0.001407472693
4216,0.001448931449,0.001595983602
4217,0.001712568221,0.001280434299
4218,0.00162694724,0.001386184813
4219,0.001509908951,0.001517407509
4220,0.001412008074,0.001403878181
4221,0.001425173934,0.001428078751
4222,0.001625579447,0.00137915821
4223,0.001557095893,0.001401219168
4224,0.001600579475,0.001468984177
4225,0.001415510851,0.00181422467
4226,0.001607181388,0.001373416533
4227,0.001430666489,0.001267538821
4228,0.001343784694,0.001316483562
4229,0.001669232486,0.00118080205
4230,0.001445040863,0.001284781181
4231,0.001545753621,0.001436870065
4232,0.001634113731,0.001381097012
4233,0.001758384547,0.001358658788
4234,0.001476144142,0.001319873707
4235,0.001510429283,0.001293190595
4236,0.001656744062,0.001301312455
4237,0.001670782905,0.001280054828
4238,0.001382289171,0.001483101369
4239,0.001555682364,0.001755224555
4240,0.001992306483,0.001459460051
4241,0.001431165954,0.001200488696
4242,0.001608406368,0.001339910435
4243,0.001370284896,0.001322718759
4244,0.001491629635,0.001088992445
4245,0.001452508528,0.001217662211
4246,0.001631194493,0.001297448107
4247,0.001349701794,0.001114604456
4248,0.001333494147,0.001354162749
4249,0.001451252945,0.001339519018
4250,0.001416037616,0.00137571404
4251,0.001672998238,0.001499070218
4252,0.001543859456,0.001344892931
4253,0.001539481105,0.001352093066
4254,0.001449352494,0.001532185765
4255,0.00169408058,0.001389274548
4256,0.001419855653,0.001488538095
4257,0.001551047564,0.001629562044
4258,0.001540128811,0.001490213821
4259,0.001531847447,0.001432899138
4260,0.001391671525,0.001612188418
4261,0.001481278494,0.001738627325
4262,0.001483550644,0.001653138417
4263,0.001660013586,0.001197483914
4264,0.001653272193,0.001360446913
4265,0.001450376498,0.00152644061
4266,0.001295134047,0.001336773377
4267,0.001943180003,0.001298945201
4268,0.001387318378,0.001557215059
4269,0.001354704764,0.001430904405
4270,0.001418108193,0.001413407299
4271,0.001424705857,0.001451383287
4272,0.001351144718,0.001262984908
4273,0.001157885694,0.001390784957
4274,0.001338189213,0.001359084003
4275,0.001421469642,0.001403718285
4276,0.00149441653,0.001881797114
4277,0.001697432061,0.001313665824
4278,0.00143871193,0.001260060046
4279,0.001627834659,0.001413118298
4280,0.001902219898,0.001345923833
4281,0.001371781022,0.001246699263
4282,0.001422396745,0.001195935889
4283,0.001511084556,0.001517758101
4284,0.001535228876,0.001226489367
4285,0.001421492518,0.001259643876
4286,0.001567160973,0.001305232487
4287,0.001369691847,0.001301005716
4288,0.001503272317,0.001485511413
4289,0.001377417102,0.001389321085
4290,0.001447814037,0.001375849606
4291,0.001336322217,0.001349893755
4292,0.001543210281,0.001147468909
4293,0.00153599224,0.001466913047
4294,0.00140329283,0.001162429297
4295,0.001457673017,0.001359993825
4296,0.001676273489,0.001423467642
4297,0.00135149034,0.001301310935
4298,0.00149463991,0.001291917797
4299,0.001453143792,0.001368095698
4300,0.001554796239,0.001359475871
4301,0.001510087241,0.001446032351
4302,0.001424052694,0.001424578099
4303,0.001503059015,0.001182886059
4304,0.001342273463,0.00138629858
4305,0.001260353325,0.001325634068
4306,0.001450851705,0.001448625888
4307,0.001377269873,0.001335678426
4308,0.001665435251,0.001506603847
4309,0.001531299931,0.001443362169
4310,0.001354064516,0.001405636656
4311,0.001277760188,0.001407480784
4312,0.001361528368,0.00128819258
4313,0.001630846302,0.001417927298
4314,0.001615241868,0.001262510981
4315,0.001577599702,0.00135053297
4316,0.001675633481,0.001233745257
4317,0.001595625792,0.001288734537
4318,0.00133005371,0.001197438913
4319,0.001471387761,0.001434040358
4320,0.001551663488,0.001476182282
4321,0.001697493732,0.001363847725
4322,0.001586563856,0.001185882109
4323,0.001611090251,0.001344983932
4324,0.00133334627,0.001393156643
4325,0.001761768057,0.001435791353
4326,0.00127893639,0.001266306186
4327,0.001386182434,0.001575029833
4328,0.00140328001,0.001284042628
4329,0.001481688028,0.001262544771
4330,0.001594951944,0.001534590134
4331,0.001435390004,0.001243172504
4332,0.001312214183,0.001356547102
4333,0.001640852133,0.001457731727
4334,0.001426635296,0.001259873978
4335,0.001630543426,0.00123568569
4336,0.001437766412,0.001707534451
4337,0.001483617219,0.001210559873
4338,0.001408076496,0.001188679889
4339,0.001382243951,0.001377744658
4340,0.001268145628,0.001386763441
4341,0.001556633171,0.001197528269
4342,0.001450396885,0.001200203063
4343,0.001520166319,0.001566604726
4344,0.001388371238,0.001405816365
4345,0.001599901603,0.001404232084
4346,0.001399449146,0.001297397386
4347,0.001409199715,0.00123204798
4348,0.001481652434,0.001306220256
4349,0.001510902934,0.001300861608
4350,0.001594553178,0.001096886976
4351,0.001562604681,0.001226936329
4352,0.001601959593,0.001631135237
4353,0.00131046836,0.001299534255
4354,0.001340208917,0.001269051478
4355,0.001377592584,0.001118425978
4356,0.001382159062,0.001593414359
4357,0.001680447313,0.001276438183
4358,0.00154171414,0.001058622001
4359,0.001441061948,0.001413177873
4360,0.001632338564,0.001583364996
4361,0.001345623386,0.001502849045
4362,0.001561484532,0.001315781847
4363,0.001394199659,0.001295637237
4364,0.001446026843,0.001218600817
4365,0.001429723059,0.001153766621
4366,0.00120637349,0.001475944315
4367,0.001507984111,0.001426523027
4368,0.001631572988,0.001378283268
4369,0.001370815677,0.001351567073
4370,0.001511375114,0.001329867286
4371,0.001675829524,0.001189124217
4372,0.00150318777,0.001288704552
4373,0.001533743125,0.001725717768
4374,0.001366765704,0.001406867901
4375,0.001367933946,0.001413852828
4376,0.001423141504,0.001590587111
4377,0.001440673492,0.001481851665
4378,0.001438963765,0.001181638647
4379,0.001460101019,0.001407626551
4380,0.001313182824,0.001300613119
4381,0.001280607452,0.001297488547
4382,0.001276759336,0.001279452488
4383,0.001402758033,0.001234807423
4384,0.001454279423,0.001270220113
4385,0.001480182284,0.001294950314
4386,0.001244758576,0.001198263941
4387,0.001569973814,0.001400784698
4388,0.001649401369,0.001420692395
4389,0.001515962402,0.001298475661
4390,0.001447925257,0.001319019393
4391,0.001352611987,0.001209846327
4392,0.001668844314,0.001280537886
4393,0.00140817307,0.001379684414
4394,0.001367286372,0.001575745511
4395,0.001240476544,0.001438303851
4396,0.001447328541,0.001225923559
4397,0.001925710923,0.00115478009
4398,0.001822350809,0.001193531127
4399,0.00134208941,0.001449643947
4400,0.001468847477,0.001380590125
4401,0.001552942573,0.001495833254
4402,0.001435757666,0.00133965756
4403,0.001504707485,0.001390696634
4404,0.001536076437,0.001267932428
4405,0.001594184185,0.001516210425
4406,0.001288037973,0.001403431801
4407,0.001387663047,0.001299619995
4408,0.001264607738,0.00128268759
4409,0.001424011876,0.001286050086
4410,0.001581542121,0.001368081488
4411,0.001389988029,0.001211507057
4412,0.001508775589,0.001286375322
4413,0.001285219594,0.001389592202
4414,0.001407693388,0.001302821118
4415,0.001363804084,0.001477349186
4416,0.001407439355,0.001306308593
4417,0.001289307977,0.001201601364
4418,0.001531147325,0.001302331788
4419,0.001593645196,0.001215258242
4420,0.001321597694,0.001165203546
4421,0.001662927054,0.001345227269
4422,0.001340715477,0.001382117764
4423,0.001302971192,0.001266294974
4424,0.001521659418,0.001627051446
4425,0.001498558908,0.001304686433
4426,0.001539406585,0.001087383185
4427,0.001500618528,0.001232214301
4428,0.0013269997,0.001431427299
4429,0.001340699331,0.001321873191
4430,0.00145808571,0.0013291785
4431,0.001323288889,0.00128122262
4432,0.001671449078,0.00147175556
4433,0.001383804614,0.001190780706
4434,0.00148826855,0.001401837435
4435,0.001604586883,0.001478039339
4436,0.001453280041,0.001220758117
4437,0.001300199583,0.001363426978
4438,0.001311545086,0.001301078177
4439,0.0013286717,0.001415673403
4440,0.001366530414,0.001313418368
4441,0.001467990172,0.001306754042
4442,0.001514236748,0.00123320712
4443,0.001550045868,0.00130249896
4444,0.001491679082,0.001209069836
4445,0.001557088748,0.001301998687
4446,0.0014399059,0.001280073622
4447,0.001561867757,0.001341227748
4448,0.001431107899,0.001316252936
4449,0.001495925069,0.001488256661
4450,0.001349279744,0.001344989039
4451,0.00152156179,0.001357437082
4452,0.001300191616,0.001412788282
4453,0.001655521541,0.001270998218
4454,0.001354350476,0.001304524776
4455,0.001318233328,0.001129779172
4456,0.001380659793,0.001380064452
4457,0.001456234109,0.001315278379
4458,0.001338699731,0.00112559455
4459,0.001442320121,0.001362548646
4460,0.001757961727,0.001251224698
4461,0.001417885273,0.001196891877
4462,0.001464963425,0.001336073692
4463,0.001439682266,0.001287255829
4464,0.001229954032,0.001448912684
4465,0.001565972969,0.00149717529
4466,0.001311266242,0.001269476656
4467,0.001304870988,0.001252330156
4468,0.001377397595,0.001255950323
4469,0.001636314017,0.001221393228
4470,0.001470159696,0.001230544425
4471,0.001274973838,0.001338580667
4472,0.001395791667,0.001315095622
4473,0.001483102606,0.001079484719
4474,0.001379845031,0.001114181054
4475,0.001387293814,0.001225779553
4476,0.001174570622,0.001439570253
4477,0.001498256141,0.001126348929
4478,0.001286764767,0.001292028945
4479,0.001532726383,0.001272064415
4480,0.00170877199,0.001122422465
4481,0.001532364731,0.001156713042
4482,0.001551714071,0.001273678296
4483,0.001515914308,0.00142338661
4484,0.001398298002,0.0009996966328
4485,0.001669823585,0.001322687072
4486,0.00149930075,0.001091435312
4487,0.001347103847,0.001368519697
4488,0.001465098307,0.001282523706
4489,0.001656008892,0.001268622698
4490,0.001511685114,0.001138084073
4491,0.001684991803,0.001341620358
4492,0.001643226293,0.00149642524
4493,0.001666083015,0.001359937422
4494,0.001307825791,0.0011475231
4495,0.001478687016,0.001357421665
4496,0.001637385401,0.001183589542
4497,0.001489878559,0.001548846223
4498,0.001387474025,0.001302135832
4499,0.001598902614,0.001200769766
4500,0.001549763372,0.001329012266
4501,0.001403356539,0.00117683725
4502,0.001410361248,0.001348920188
4503,0.001507254652,0.001277501753
4504,0.001553067137,0.001461835243
4505,0.001345278768,0.00118570152
4506,0.001735830316,0.001239409045
4507,0.001319383198,0.001240997743
4508,0.001471385578,0.001375295811
4509,0.001597383685,0.001425185364
4510,0.001449822928,0.001070221428
4511,0.00132124393,0.00135290093
4512,0.001751154719,0.001194151766
4513,0.001321081174,0.001348255981
4514,0.00138485631,0.001163573725
4515,0.001352753025,0.001493960022
4516,0.001290736698,0.001282889629
4517,0.001419928274,0.001327574784
4518,0.001478699123,0.001466758273
4519,0.001284849997,0.001113598897
4520,0.001587169623,0.001281855628
4521,0.001266383973,0.001295101567
4522,0.00139887839,0.001486527937
4523,0.001442919733,0.001353154963
4524,0.001478877224,0.001201004125
4525,0.001195868099,0.001219106765
4526,0.001413134334,0.001246158106
4527,0.001421070032,0.001075278604
4528,0.001479666404,0.00119821461
4529,0.001358924812,0.001127186093
4530,0.001450686417,0.001255900046
4531,0.001316041591,0.001451164557
4532,0.00150302003,0.001098309374
4533,0.001201623199,0.001021729026
4534,0.001642609655,0.001015872331
4535,0.001424423564,0.001445376307
4536,0.001358360547,0.001213483964
4537,0.001318457966,0.001300870921
4538,0.001565842409,0.001282945508
4539,0.001311285494,0.001142684923
4540,0.001188008951,0.001281964549
4541,0.001489718066,0.001366662924
4542,0.001562710589,0.001193812379
4543,0.001316327383,0.001110774996
4544,0.001449712305,0.001197462763
4545,0.001385114425,0.001359008282
4546,0.001691828642,0.001081080787
4547,0.001308267078,0.001244442683
4548,0.001293254594,0.001374888219
4549,0.001319742776,0.001391229183
4550,0.001556272327,0.001248777451
4551,0.001427618205,0.001178111794
4552,0.001435667407,0.001260400531
4553,0.001686169839,0.001182855682
4554,0.001468469418,0.001367609606
4555,0.001675762149,0.0009913443428
4556,0.001409386219,0.00152980542
4557,0.001291007968,0.001363234907
4558,0.001468292678,0.001160759595
4559,0.001340614042,0.001233171504
4560,0.001249388093,0.001254792463
4561,0.001375011765,0.001339899572
4562,0.001442856941,0.001300714976
4563,0.001233021481,0.001168306233
4564,0.001126289055,0.001329033214
4565,0.001442964392,0.001195279896
4566,0.001359366113,0.00124822725
4567,0.001503319319,0.001315065194
4568,0.001272517751,0.001279851436
4569,0.001407523014,0.001287829145
4570,0.001381125097,0.001193067037
4571,0.001376289554,0.001167613656
4572,0.001307559825,0.001233965857
4573,0.00150423374,0.001267379128
4574,0.001362807197,0.001341868774
4575,0.001291560344,0.001379319801
4576,0.001212535077,0.001234790056
4577,0.001542025828,0.001245986663
4578,0.001645912096,0.001122991191
4579,0.001277047159,0.001310348998
4580,0.001247570748,0.001044674114
4581,0.001365862976,0.001118661836
4582,0.001305087295,0.001280234195
4583,0.00143645455,0.001366717785
4584,0.001373908344,0.001049871455
4585,0.00121262583,0.001628229053
4586,0.001317202361,0.001289299384
4587,0.001201836763,0.001257265525
4588,0.001552794507,0.001540074234
4589,0.001262950187,0.001450702403
4590,0.001189919945,0.001287567517
4591,0.001342961099,0.0009916526105
4592,0.001307575207,0.001088404868
4593,0.001315359368,0.001160125728
4594,0.001368945785,0.001238675919
4595,0.001284717931,0.001151723714
4596,0.001109311321,0.001193427182
4597,0.001466536793,0.001257157273
4598,0.001504813685,0.001167178147
4599,0.001245486281,0.001468723203
4600,0.001282346464,0.001405592287
4601,0.00145535211,0.001193937554
4602,0.001329632876,0.00126318715
4603,0.00148119768,0.001242348262
4604,0.001236605109,0.001248401328
4605,0.001190942494,0.001146441035
4606,0.00128995617,0.001393515551
4607,0.001434814229,0.001354157866
4608,0.001418879641,0.001173736506
4609,0.001189740455,0.001400779765
4610,0.001362788731,0.001499346734
4611,0.001263136946,0.001147916621
4612,0.001223926411,0.001305314661
4613,0.001523718383,0.001152818251
4614,0.001182401582,0.001181924046
4615,0.001258023891,0.001238252604
4616,0.00120699859,0.0012356515
4617,0.001225582477,0.001227627727
4618,0.001409432763,0.001269013141
4619,0.001418009851,0.001308635598
4620,0.001335187888,0.001211347961
4621,0.00137268113,0.001199240563
4622,0.001216677359,0.001094896055
4623,0.001308501895,0.0009988098245
4624,0.001177105747,0.001232048438
4625,0.001353233354,0.001316670234
4626,0.001481587999,0.001317716902
4627,0.001476430065,0.001425661103
4628,0.001352481013,0.00139688854
4629,0.001561056437,0.001324058823
4630,0.001526588356,0.001132379708
4631,0.001264903854,0.001148059324
4632,0.001305653845,0.001123847978
4633,0.001261523052,0.001255662537
4634,0.001292818095,0.00120439045
4635,0.001417464606,0.001251237256
4636,0.001196177953,0.001264572034
4637,0.001288209809,0.001261539946
4638,0.001315356189,0.001295793685
4639,0.001714883023,0.001214232427
4640,0.001344322241,0.001278698743
4641,0.001226672503,0.001181735475
4642,0.001304113932,0.001215411503
4643,0.001347159108,0.001314367597
4644,0.001264708888,0.001293068504
4645,0.001277350122,0.001321604119
4646,0.001260342091,0.001352845386
4647,0.001405646355,0.001124986848
4648,0.001241370934,0.001219068079
4649,0.001323755954,0.00134282068
4650,0.001252931077,0.001214314761
4651,0.001221477447,0.001229780995
4652,0.001435893362,0.001295695482
4653,0.001094215419,0.0011696605
4654,0.001338745395,0.00127634521
4655,0.001305273341,0.001032378525
4656,0.001471291835,0.00127266287
4657,0.001475125435,0.001141939974
4658,0.00120338401,0.001185784917
4659,0.001284032514,0.001293239337
4660,0.001242729602,0.001252815768
4661,0.001530227906,0.001392696104
4662,0.001349109225,0.001002437399
4663,0.001274130263,0.001047968275
4664,0.001399353627,0.001249058303
4665,0.001500237806,0.00137587839
4666,0.001482678963,0.001345689903
4667,0.001188744209,0.001186930058
4668,0.001399184694,0.001174718891
4669,0.001370719772,0.001406752512
4670,0.001343998338,0.001144441288
4671,0.001542839927,0.001352229243
4672,0.001512065937,0.001226176995
4673,0.00130616199,0.001256096613
4674,0.001312061635,0.001026258273
4675,0.001459194624,0.001214804426
4676,0.001280426048,0.001279479024
4677,0.001422098234,0.001272198766
4678,0.001522419538,0.001342767646
4679,0.00121233672,0.001207072455
4680,0.00138166346,0.001332382803
4681,0.001246600652,0.001139266598
4682,0.001287339801,0.001182718275
4683,0.001421621317,0.00105211504
4684,0.001327500046,0.001240371646
4685,0.001467188486,0.001094093837
4686,0.001434523518,0.001268180982
4687,0.001186354348,0.001270101275
4688,0.001237633995,0.001374263564
4689,0.001506065222,0.001153297577
4690,0.001483876098,0.001116469954
4691,0.001227817003,0.00125657719
4692,0.001156316437,0.001547468106
4693,0.001210279777,0.00120193504
4694,0.001391848476,0.0009444555981
4695,0.001663333183,0.001072755913
4696,0.001296877395,0.00149694673
4697,0.001697332678,0.001226747532
4698,0.001382850358,0.001009722684
4699,0.001546000014,0.001350635765
4700,0.0016528626,0.001229065834
4701,0.00141198629,0.001096710155
4702,0.001619242124,0.001318039809
4703,0.001229488305,0.001187349641
4704,0.001284210783,0.001198132428
4705,0.001504656873,0.001243186125
4706,0.001200103427,0.0009422636067
4707,0.00123304336,0.001242215083
4708,0.001251766029,0.001289077562
4709,0.001286127444,0.001252739763
4710,0.001252503862,0.001329155122
4711,0.001632610583,0.001280631259
4712,0.001403969087,0.00124628163
4713,0.001542635073,0.001076000124
4714,0.001394216335,0.001391362763
4715,0.001250792135,0.001321498632
4716,0.001462410073,0.001329317609
4717,0.001359132351,0.001233866366
4718,0.001411361314,0.001024446465
4719,0.001328981554,0.0009645570099
4720,0.001384898875,0.001189917864
4721,0.001365933553,0.001120579029
4722,0.001258451295,0.001305715632
4723,0.001440275722,0.001214295196
4724,0.001268329797,0.001307390645
4725,0.001345195902,0.001318537048
4726,0.00151201016,0.001088383404
4727,0.00116706772,0.001233263451
4728,0.001359352304,0.001344223376
4729,0.001352552426,0.001183005297
4730,0.001361381743,0.001292031273
4731,0.001196226862,0.001372231432
4732,0.001392037564,0.001023927369
4733,0.00148875756,0.001152322424
4734,0.001534983756,0.001039304989
4735,0.001218739279,0.001302072909
4736,0.001243545841,0.00141642493
4737,0.001277256037,0.001339959439
4738,0.001355061191,0.001247929344
4739,0.001153495883,0.001054537854
4740,0.001223340754,0.001349154627
4741,0.001340601142,0.001238224191
4742,0.001241548824,0.00100128862
4743,0.001225027459,0.0011951829
4744,0.001246118059,0.0012423015
4745,0.001325635727,0.001136303181
4746,0.001284810613,0.001168243711
4747,0.001295735456,0.001091148348
4748,0.001282069949,0.001446041155
4749,0.001104497715,0.001352125888
4750,0.001507471861,0.001190632589
4751,0.001526379943,0.001268523825
4752,0.001214357471,0.001414325874
4753,0.001302696393,0.00142046409
4754,0.001190351089,0.001493368123
4755,0.001503292166,0.001248012282
4756,0.00129213489,0.001151062454
4757,0.001346982324,0.00121365831
4758,0.001308337829,0.001310414911
4759,0.001190835654,0.00136686433
4760,0.001287596955,0.001442590554
4761,0.001317602088,0.00130113816
4762,0.001451483869,0.0009149020225
4763,0.001186887202,0.00124011658
4764,0.001337595451,0.001187882423
4765,0.001235680924,0.001296304319
4766,0.001434848935,0.00134452145
4767,0.001215550816,0.0009951925895
4768,0.001420375796,0.001174673962
4769,0.001450983735,0.0009240932923
4770,0.00145954339,0.001036629474
4771,0.001402460679,0.001426804432
4772,0.001320164803,0.001237188677
4773,0.001351102052,0.001375046573
4774,0.001267404055,0.001163083223
4775,0.001225610184,0.001532728325
4776,0.001201475665,0.001246849781
4777,0.001334991786,0.001004682592
4778,0.001020451462,0.001270883397
4779,0.001442555906,0.001089584475
4780,0.001266442414,0.001021059405
4781,0.001268972628,0.001219609978
4782,0.001273721129,0.001306265476
4783,0.00139883774,0.001004287697
4784,0.001478166916,0.001064246251
4785,0.001288193074,0.00108235357
4786,0.00116303614,0.001025685233
4787,0.001505898115,0.001212422911
4788,0.001249500288,0.001110120334
4789,0.001445147747,0.001345058256
4790,0.001225920496,0.001158052626
4791,0.001150778029,0.001232206458
4792,0.001265177576,0.001134185302
4793,0.001146294955,0.001051746251
4794,0.001222356492,0.00102848262
4795,0.001154829268,0.001074142456
4796,0.001140866611,0.001270821362
4797,0.001300081727,0.001110594247
4798,0.001473800541,0.001342057003
4799,0.001216815064,0.001188508708
4800,0.001399906883,0.001213937336
4801,0.00130857504,0.001177154554
4802,0.00120138724,0.001124583017
4803,0.001527507615,0.0009882518716
4804,0.001311899818,0.001232564449
4805,0.001173364821,0.001136335712
4806,0.001139647451,0.001159783184
4807,0.001468009519,0.001135794104
4808,0.001321486707,0.00123641704
4809,0.001271875459,0.001047224796
4810,0.001375027823,0.001195956225
4811,0.001208160567,0.001130131037
4812,0.001286067105,0.001221514773
4813,0.001343452794,0.001069983227
4814,0.001249694054,0.001034088433
4815,0.001281297875,0.001381481445
4816,0.001504708984,0.001108167118
4817,0.001261459562,0.001181198
4818,0.001379182475,0.001061748539
4819,0.00134480375,0.001082242314
4820,0.001313081069,0.001331851257
4821,0.001340077775,0.001110930622
4822,0.001440103973,0.001262191734
4823,0.001235840275,0.001284545418
4824,0.001276381037,0.001027224083
4825,0.0012795207,0.001040090399
4826,0.00107751711,0.001356678258
4827,0.001412045502,0.00128199692
4828,0.001280583543,0.001093733561
4829,0.001333139917,0.001074020343
4830,0.001139355889,0.001323393582
4831,0.001158696854,0.001316569091
4832,0.001347013,0.001160567233
4833,0.001501878898,0.001238419864
4834,0.001159400832,0.00134185738
4835,0.001210042079,0.001087130098
4836,0.001533654096,0.001261553363
4837,0.001307831015,0.001197482401
4838,0.001498500569,0.001175508034
4839,0.001078118796,0.001317634793
4840,0.001372529638,0.00128082421
4841,0.001110034136,0.001186560556
4842,0.001291192122,0.001286122468
4843,0.001382765913,0.001023208279
4844,0.00124557699,0.001211851995
4845,0.001317786482,0.001081991337
4846,0.001455319718,0.00110117672
4847,0.001220201906,0.00108161127
4848,0.001202130523,0.001250395027
4849,0.001384221912,0.0009721365714
4850,0.001201196515,0.001193654592
4851,0.001100011628,0.001479838866
4852,0.001080018483,0.001243082239
4853,0.001330433231,0.001124568415
4854,0.001285902326,0.001270075983
4855,0.001474111043,0.001289376305
4856,0.001322518016,0.001216509372
4857,0.001345436911,0.001176660298
4858,0.001137629442,0.001371719263
4859,0.001369297002,0.001181764339
4860,0.001384134302,0.001269681648
4861,0.001443450499,0.001217945399
4862,0.001397344138,0.001228913381
4863,0.00157440739,0.001225615139
4864,0.001378935478,0.00110749439
4865,0.001298525982,0.001332053173
4866,0.001110918987,0.001253327777
4867,0.001178711682,0.001206509514
4868,0.001299118652,0.00118143241
4869,0.001193043732,0.00131676576
4870,0.001357483168,0.00131285713
4871,0.00129303072,0.001198059646
4872,0.001159134059,0.001154843223
4873,0.001203956803,0.001120256173
4874,0.001079373505,0.001158974759
4875,0.001135605315,0.0014330142
4876,0.001424124086,0.001130120632
4877,0.0010873274,0.0009580016194
4878,0.001324539277,0.001075266067
4879,0.001232987008,0.001226083747
4880,0.001394751307,0.0009477530766
4881,0.00126230259,0.001397326116
4882,0.001186633206,0.001132645724
4883,0.001237928511,0.001209619339
4884,0.001212513656,0.001157158607
4885,0.001474799952,0.001118392625
4886,0.001249615379,0.00113987732
4887,0.001093485705,0.001227616558
4888,0.001090348538,0.001168654184
4889,0.001288559972,0.0009201564462
4890,0.001484282657,0.001229955611
4891,0.001327435537,0.000949578498
4892,0.001265008294,0.0009788274183
4893,0.001192275493,0.001221884035
4894,0.001173922647,0.001248181441
4895,0.001236376549,0.001131467485
4896,0.001293063338,0.001298997515
4897,0.001393032588,0.001077740009
4898,0.001159941494,0.001254739174
4899,0.001303689234,0.001272029178
4900,0.001569079854,0.001251304508
4901,0.001301489399,0.001158952575
4902,0.00126586228,0.001059416943
4903,0.00129899176,0.001076988905
4904,0.001325388854,0.001087898811
4905,0.001144112939,0.001134116057
4906,0.001173416218,0.001168611358
4907,0.001171058786,0.000877367791
4908,0.001204873632,0.000946845721
4909,0.001263894766,0.001018336487
4910,0.00123151642,0.0009800834887
4911,0.001182105305,0.001324461671
4912,0.001307671329,0.001240165846
4913,0.001172710865,0.001134570935
4914,0.001257059528,0.001269605149
4915,0.001258094795,0.001128858639
4916,0.001076486798,0.00150703056
4917,0.00124747221,0.001105144256
4918,0.001341776995,0.001019896299
4919,0.001458305611,0.001322109521
4920,0.001303274126,0.001184532244
4921,0.001386120523,0.001262693375
4922,0.001296514012,0.0009725067212
4923,0.001422801128,0.001374718442
4924,0.001292820911,0.001348348524
4925,0.001403840564,0.001171833865
4926,0.001212624957,0.0009013599338
4927,0.001279106749,0.001323113385
4928,0.001475069745,0.001073300002
4929,0.001338521477,0.001077874149
4930,0.001270311346,0.001103260038
4931,0.001216627439,0.001087355806
4932,0.001204746026,0.001095977896
4933,0.001235291667,0.001084388052
4934,0.001486893903,0.001148291056
4935,0.001132587611,0.0009074434201
4936,0.001265223189,0.001107581294
4937,0.001163943758,0.001109961064
4938,0.001129826444,0.001179419458
4939,0.001583996171,0.0008627959687
4940,0.001205593413,0.001194039061
4941,0.001385753843,0.001302119788
4942,0.001305271857,0.001320144067
4943,0.001366374083,0.001157705141
4944,0.001205384287,0.0009889519206
4945,0.001256516749,0.001316352973
4946,0.001244216022,0.001239613135
4947,0.001219737343,0.001005896011
4948,0.001192018564,0.001238101497
4949,0.001334972229,0.001185662419
4950,0.001309266052,0.001232741582
4951,0.001273823196,0.001232810559
4952,0.001496145982,0.001084430078
4953,0.001096593587,0.001046201374
4954,0.001122478578,0.001228058223
4955,0.001076809989,0.001202949767
4956,0.001195179633,0.001306806691
4957,0.001159862855,0.001031014559
4958,0.00099549468,0.001330647807
4959,0.001381008668,0.001109402227
4960,0.001177728635,0.001079073787
4961,0.001230503418,0.001202065265
4962,0.001145275579,0.001018787298
4963,0.001078334804,0.001015148729
4964,0.001502219908,0.001247956752
4965,0.001286104773,0.001289051943
4966,0.001295514652,0.001107794262
4967,0.001381248461,0.001114945335
4968,0.001349417958,0.001155184458
4969,0.001151940487,0.0009838944607
4970,0.001202993953,0.0009347041996
4971,0.001143610651,0.00110688428
4972,0.001221317165,0.001224261148
4973,0.001160217987,0.001289457701
4974,0.001106107527,0.001192823787
4975,0.001133729413,0.001225687258
4976,0.001494939119,0.001197032121
4977,0.001314728623,0.0009978541857
4978,0.001148808762,0.001266263796
4979,0.001298608426,0.0008241128671
4980,0.001289347769,0.001331532971
4981,0.00109740351,0.001158764833
4982,0.001307704217,0.001252124377
4983,0.001183506858,0.001185814683
4984,0.001147102252,0.00097762511
4985,0.001110517012,0.001027676852
4986,0.001176431411,0.001130458615
4987,0.001109407393,0.00102036466
4988,0.001282617988,0.001051499094
4989,0.00129668614,0.00112975204
4990,0.00111286022,0.001035119916
4991,0.001339110844,0.001209039234
4992,0.00114506104,0.00102869414
4993,0.001137989319,0.001228301626
4994,0.00109252971,0.0009937918221
4995,0.001086729601,0.001127366711
4996,0.001196718455,0.001098253357
4997,0.001310959997,0.001048424718
4998,0.001250661022,0.001011191896
4999,0.001241717313,0.001015445021
5000,0.00121545374,0.00130641742
5001,0.001447461218,0.001378661545
5002,0.00141652071,0.001175808145
5003,0.001176448517,0.001213695097
5004,0.00118760085,0.001131305915
5005,0.001162442088,0.0009829495029
5006,0.001181966043,0.001289234475
5007,0.0009506092683,0.0009839774284
5008,0.001104765935,0.0009661489094
5009,0.001208892871,0.00113075041
5010,0.001238364843,0.001090943362
5011,0.00128627201,0.0009574378055
5012,0.001136971128,0.001116894353
5013,0.001146638657,0.001053012631
5014,0.001425975977,0.001120007459
5015,0.001109615368,0.0009382214776
5016,0.001397914108,0.001081715825
5017,0.001056155124,0.001199002552
5018,0.001323139062,0.001187495312
5019,0.001154891157,0.001298413365
5020,0.001258603254,0.001210497314
5021,0.001370068509,0.001069387195
5022,0.00139932282,0.001111399557
5023,0.001304523204,0.001139991895
5024,0.001132209785,0.001038913928
5025,0.001396118576,0.001050283245
5026,0.001153437093,0.0009554021817
5027,0.00119804217,0.001077711393
5028,0.001085949662,0.001013697751
5029,0.001065067125,0.001189411145
5030,0.001273819078,0.001101169786
5031,0.001289597072,0.00114773347
5032,0.001149735552,0.0009823882283
5033,0.00118526681,0.001165001413
5034,0.001296418966,0.0011239249
5035,0.001185682282,0.001199180406
5036,0.001214523909,0.00125872541
5037,0.001531475835,0.001475723053
5038,0.001205933775,0.001118981381
5039,0.001109911194,0.001128172567
5040,0.001076901652,0.001019439784
5041,0.001116428248,0.001218910838
5042,0.001208157519,0.001191448871
5043,0.001116912274,0.00127482893
5044,0.001353440974,0.001201991945
5045,0.001389290388,0.00117157551
5046,0.001109562952,0.001135258215
5047,0.001109483077,0.001177626145
5048,0.001483035172,0.001128806267
5049,0.0010637573,0.001053265725
5050,0.001293934489,0.001139546373
5051,0.001108374061,0.001135479724
5052,0.001237159529,0.0009756159052
5053,0.001302729463,0.001015619026
5054,0.00127798428,0.00101534641
5055,0.001336504458,0.001061473391
5056,0.001214481963,0.001267645741
5057,0.00125254615,0.001142743749
5058,0.00142123214,0.001218011028
5059,0.001119385648,0.00135600441
5060,0.001107274569,0.0009847387555
5061,0.001245487212,0.00118907039
5062,0.001000082048,0.001140730019
5063,0.001156067796,0.001030659296
5064,0.001167919567,0.001242419887
5065,0.001122477814,0.001003035191
5066,0.001456256512,0.0008868576915
5067,0.001421761554,0.001020193078
5068,0.001246541084,0.001106716591
5069,0.001253620081,0.001008353327
5070,0.001422289541,0.0009532217882
5071,0.00112151049,0.001058734641
5072,0.001154396872,0.001391944315
5073,0.001187302063,0.00109059643
5074,0.001090234575,0.001121774963
5075,0.001140151369,0.001390076941
5076,0.001135751838,0.0009261644736
5077,0.001315699541,0.001245779662
5078,0.001435368256,0.001063262127
5079,0.001051652078,0.001041643525
5080,0.00117807163,0.001035623274
5081,0.001150838783,0.001356910267
5082,0.001311128552,0.00118565272
5083,0.001058559756,0.001003712176
5084,0.001027533879,0.001055853376
5085,0.001198683814,0.001300200936
5086,0.001126872055,0.001311150729
5087,0.001331876716,0.00111503162
5088,0.001192497926,0.001037500806
5089,0.001203759464,0.001109330689
5090,0.001062863194,0.001176796286
5091,0.001275125258,0.001130152938
5092,0.001206274821,0.001054988206
5093,0.001339649432,0.0009232563025
5094,0.001284746031,0.001055301342
5095,0.00115140796,0.001209435271
5096,0.001058023001,0.001374809872
5097,0.001313405024,0.0009256628691
5098,0.001207055757,0.001248253138
5099,0.001336588917,0.001053426466
5100,0.001106652024,0.00127954116
5101,0.001473136792,0.001245952095
5102,0.001264617531,0.0009323156482
5103,0.00120933618,0.001395532061
5104,0.001444300156,0.0009825079032
5105,0.001138707121,0.001285120168
5106,0.001053038468,0.001254498187
5107,0.001124602371,0.001218778911
5108,0.001107865784,0.001383594041
5109,0.001078095993,0.001198362857
5110,0.001094039952,0.001139812906
5111,0.001135562867,0.001287815554
5112,0.001052344756,0.001007873871
5113,0.001121504683,0.0009649431231
5114,0.001368270314,0.001090242447
5115,0.001364941476,0.001376478045
5116,0.001254570692,0.001027131817
5117,0.001208663809,0.0008704221473
5118,0.001085443764,0.001070167564
5119,0.001239290854,0.001270676803
5120,0.001175488229,0.001058728638
5121,0.001175471181,0.001166328788
5122,0.001345067074,0.001058322116
5123,0.0009359939068,0.001340693969
5124,0.001100915411,0.001090697056
5125,0.001170729607,0.001104108793
5126,0.001110397723,0.001029570463
5127,0.00131907835,0.001087102377
5128,0.001341465533,0.001249378707
5129,0.001216103497,0.001121764733
5130,0.001391270409,0.001102864037
5131,0.001438426232,0.001057660389
5132,0.001147926247,0.0007681092029
5133,0.001113341394,0.0009857943078
5134,0.00114068282,0.001088382211
5135,0.001293524096,0.001077367531
5136,0.001294432317,0.001119577937
5137,0.001353992251,0.001034937246
5138,0.001161290493,0.001072034749
5139,0.001053034517,0.0009460504662
5140,0.001160566324,0.00100994324
5141,0.001323662567,0.001132699777
5142,0.001033586006,0.001121626767
5143,0.001264961029,0.00109286869
5144,0.00111308277,0.001362010051
5145,0.001457259103,0.001030029955
5146,0.00132649485,0.001337459391
5147,0.001212341369,0.0009259204526
5148,0.001202605323,0.001074393193
5149,0.001105149451,0.001154627076
5150,0.00150031595,0.001053689848
5151,0.001291771187,0.0009572813869
5152,0.001199976861,0.001009002219
5153,0.001117109896,0.0009261336163
5154,0.001180638465,0.00101322632
5155,0.001244719228,0.001024867146
5156,0.001232891416,0.001067926351
5157,0.001072896455,0.001119738925
5158,0.001273302201,0.00117760562
5159,0.00105285336,0.001219535712
5160,0.001234920172,0.0009916164199
5161,0.001068861719,0.001126197734
5162,0.001326949641,0.001270540226
5163,0.001142153022,0.0009186125098
5164,0.000984428334,0.0009830626805
5165,0.001120458226,0.001134093822
5166,0.0012314122,0.001131507641
5167,0.001492587093,0.001151255492
5168,0.001453136581,0.0009962772165
5169,0.001414172366,0.0009719889931
5170,0.001198671584,0.001044883116
5171,0.001353837899,0.001086774588
5172,0.0009897371492,0.001189265793
5173,0.001074662709,0.001370290658
5174,0.001066863617,0.001043574695
5175,0.001121121131,0.001121442387
5176,0.001319943956,0.001262909085
5177,0.001234418662,0.0009942504912
5178,0.001064771859,0.0008475470677
5179,0.001279622986,0.001022064112
5180,0.001381852759,0.0009851008217
5181,0.001293166126,0.001005102517
5182,0.001095838838,0.001104968738
5183,0.001261404279,0.001239127479
5184,0.001069907827,0.001101537709
5185,0.001245680862,0.0009996707158
5186,0.00110355753,0.00126773087
5187,0.00129009704,0.001196997109
5188,0.001303853489,0.001082752795
5189,0.001300399825,0.001196966441
5190,0.001315569629,0.001093372055
5191,0.001143911926,0.001048133417
5192,0.001137464002,0.001008859188
5193,0.001369186371,0.0009745968273
5194,0.00131118737,0.001100869711
5195,0.001247212866,0.0009324989442
5196,0.001090377969,0.0009593139912
5197,0.001357873494,0.00113706338
5198,0.001063680415,0.001316062233
5199,0.001238628094,0.001341817624
5200,0.00114634951,0.0009826317182
5201,0.001235139964,0.001143006477
5202,0.001186589769,0.001169881194
5203,0.000971454574,0.0009661092627
5204,0.001155322178,0.0009755116116
5205,0.001247111068,0.001161325672
5206,0.001072005776,0.001080749746
5207,0.001012521869,0.0009819458573
5208,0.001244302061,0.0008898213637
5209,0.001053944463,0.001096350301
5210,0.001463112516,0.001058844748
5211,0.00118496189,0.0009683380122
5212,0.001209551148,0.001216549557
5213,0.001119769207,0.001244470339
5214,0.001217234654,0.0008887557415
5215,0.0013624235,0.001140868073
5216,0.001316256807,0.001053793079
5217,0.001198630132,0.0009677482449
5218,0.001173805271,0.0008753621223
5219,0.001186046255,0.00124440049
5220,0.001123859962,0.0009337299634
5221,0.001275959308,0.001045193021
5222,0.001514231059,0.001036417918
5223,0.001170484567,0.001108014476
5224,0.001100935719,0.001094092397
5225,0.001128743053,0.001045009871
5226,0.001131836012,0.001133568803
5227,0.001134926351,0.001081026938
5228,0.001206234592,0.001088976162
5229,0.001166757182,0.001279646604
5230,0.001339957933,0.001034757184
5231,0.00108186376,0.0011105089
5232,0.0014931568,0.001141237539
5233,0.001112987353,0.001168164046
5234,0.001157510778,0.001023711251
5235,0.001213652715,0.001097122404
5236,0.001039380957,0.001021663418
5237,0.001188205235,0.001205156201
5238,0.001128406089,0.001155504899
5239,0.001326722675,0.001015708833
5240,0.001218313402,0.001218288744
5241,0.0009817998944,0.001048803846
5242,0.001069783095,0.00107438126
5243,0.001048250946,0.001390189893
5244,0.001173959747,0.001122513138
5245,0.001098497567,0.0010317204
5246,0.00108427395,0.001379034016
5247,0.001128101321,0.001130203964
5248,0.001100571521,0.001275437578
5249,0.001199396022,0.001087040153
5250,0.001383835064,0.001047423037
5251,0.001130221797,0.0009474695325
5252,0.001184783425,0.001131431418
5253,0.001233028386,0.0008686445071
5254,0.001124126189,0.001019696509
5255,0.001327156744,0.001275685805
5256,0.001356508255,0.001060992348
5257,0.001169197778,0.001054865068
5258,0.0009054363327,0.001048436949
5259,0.001115465835,0.0009655451795
5260,0.001281624754,0.001038734023
5261,0.001147717609,0.001161132997
5262,0.001089020923,0.001311630702
5263,0.001022876539,0.001022244483
5264,0.001082173694,0.001082900082
5265,0.0009901465164,0.001004716512
5266,0.0011245079,0.0009327774387
5267,0.0008773118898,0.001343501535
5268,0.001069975769,0.0008779791824
5269,0.001155150974,0.001158044237
5270,0.001101906302,0.001153989731
5271,0.001298158903,0.0009771006517
5272,0.001235390853,0.0009501597451
5273,0.001065684599,0.00121378772
5274,0.001136676423,0.001041356802
5275,0.00134261018,0.001072881787
5276,0.00108664357,0.001241734157
5277,0.001172703021,0.0009995429937
5278,0.001226385415,0.0009178906694
5279,0.001139585103,0.0009103647171
5280,0.001301965698,0.001129977471
5281,0.0009569567701,0.001229337911
5282,0.001195998571,0.001135300881
5283,0.001023975885,0.001306171078
5284,0.001056561014,0.001183695334
5285,0.00116724008,0.001149584074
5286,0.001278166761,0.001193317046
5287,0.001207959976,0.001194463061
5288,0.001130726982,0.001094402258
5289,0.00115122064,0.001056489171
5290,0.001046935729,0.001003075562
5291,0.001311394954,0.001070514736
5292,0.001080889029,0.00119127144
5293,0.001311463886,0.001001034121
5294,0.001218715435,0.001084363023
5295,0.001049373001,0.001068904538
5296,0.001221134051,0.0008809744249
5297,0.00109902546,0.0009945926649
5298,0.001207187648,0.001079198839
5299,0.001226446635,0.000991438952
5300,0.001070832113,0.001188812312
5301,0.001028741419,0.0009267407513
5302,0.001332879707,0.0009865514949
5303,0.001279427692,0.001196583151
5304,0.001034902089,0.001250165136
5305,0.001011442211,0.001097819288
5306,0.001196928715,0.001003658668
5307,0.0013781214,0.0008363808811
5308,0.001091308615,0.001161290369
5309,0.001046478057,0.001165022062
5310,0.001132887744,0.001034960296
5311,0.001308702034,0.001090578546
5312,0.001204399763,0.001346232239
5313,0.00105427736,0.001028573322
5314,0.001239981844,0.0009666132755
5315,0.001227843655,0.001024354147
5316,0.0009796470404,0.001053281463
5317,0.001042526092,0.0009511500684
5318,0.001177589897,0.001197630707
5319,0.001200332903,0.0009173742728
5320,0.00108816789,0.00114379455
5321,0.001039430608,0.0009031747686
5322,0.001071325045,0.001277911695
5323,0.0009888481509,0.001219545891
5324,0.001298581468,0.001149094634
5325,0.000993046815,0.001226542823
5326,0.001135809529,0.001173392171
5327,0.001126164985,0.000997004252
5328,0.001242838545,0.0008692179908
5329,0.001421808513,0.0009866328401
5330,0.001179317005,0.001067113561
5331,0.001380338304,0.001006386578
5332,0.001105575328,0.001078398411
5333,0.001097088629,0.0009821495551
5334,0.001234498995,0.0009659419302
5335,0.001105597737,0.001087208642
5336,0.001447949719,0.00100922885
5337,0.0009704463591,0.000972756483
5338,0.001074871696,0.001081254923
5339,0.001116346393,0.001168786606
5340,0.001122273345,0.000999905802
5341,0.001148583913,0.001067644182
5342,0.001145342459,0.0009016800104
5343,0.001131889599,0.0010138777
5344,0.001021570468,0.000980935758
5345,0.001398511202,0.001012082445
5346,0.001302533441,0.001214753625
5347,0.001116305481,0.001076989531
5348,0.0009855668759,0.0009572424897
5349,0.0009962467302,0.0007894904193
5350,0.001368850513,0.001015231857
5351,0.001124044262,0.0009672656524
5352,0.001503680694,0.001119406828
5353,0.001007321713,0.0010720805
5354,0.001151231991,0.00107192139
5355,0.0009773211859,0.001107954682
5356,0.001121580892,0.00112700012
5357,0.001170365533,0.001122289192
5358,0.001068997088,0.0009475511833
5359,0.001172568176,0.001025487138
5360,0.001176403559,0.0009819244369
5361,0.001211442526,0.0009247172275
5362,0.00131722098,0.0009322918995
5363,0.001005285361,0.0009966759972
5364,0.001118871165,0.00112567575
5365,0.001262769685,0.001034641973
5366,0.00124997706,0.001013928828
5367,0.001131221732,0.00116417947
5368,0.001150069707,0.001365875105
5369,0.00118787674,0.001209565533
5370,0.001078908099,0.001071434752
5371,0.001066752367,0.001033131768
5372,0.001029522617,0.001081833405
5373,0.001106023425,0.001062999079
5374,0.001345711258,0.001180521758
5375,0.001090086436,0.001297208706
5376,0.001272004454,0.0009237633203
5377,0.001041191244,0.001022518176
5378,0.001062505318,0.0009052479436
5379,0.001145594601,0.001142849338
5380,0.001238108933,0.001157078717
5381,0.001034985449,0.00112725317
5382,0.001181946711,0.0009394976296
5383,0.0009943168043,0.0009839689665
5384,0.001122706424,0.0008645354756
5385,0.001293773144,0.0009853289885
5386,0.001061347932,0.0009743084374
5387,0.001196234189,0.0009295837299
5388,0.001073464206,0.001122182861
5389,0.001321499651,0.0009718092406
5390,0.001215552402,0.001104365518
5391,0.001248811459,0.00110836979
5392,0.0009888892819,0.00101130869
5393,0.001052268621,0.0009977871377
5394,0.001252286223,0.001065237899
5395,0.001539320132,0.001170806936
5396,0.001290085427,0.001033469947
5397,0.001308887477,0.00100687013
5398,0.001110417012,0.0009056290655
5399,0.001096283493,0.001173139943
5400,0.001215665048,0.001092081744
5401,0.001227361892,0.001065005978
5402,0.001091737504,0.001119885019
5403,0.0009444065727,0.001007791914
5404,0.001163381618,0.001156071274
5405,0.001181789703,0.00116586229
5406,0.001149215888,0.001065493379
5407,0.0009165491865,0.0009443720046
5408,0.001200504666,0.0009090618114
5409,0.001216655619,0.001057194175
5410,0.001023402037,0.0008402550229
5411,0.001070517748,0.0009474434628
5412,0.001216323479,0.0009698532813
5413,0.001277457661,0.0008890930476
5414,0.001111064397,0.0009793417485
5415,0.001051689731,0.001099631023
5416,0.001267552769,0.0009477139392
5417,0.0009680697913,0.001072684914
5418,0.001044558165,0.001096909931
5419,0.001057581321,0.001023103861
5420,0.00103200462,0.0009886322296
5421,0.001113658014,0.00110333362
5422,0.001082902214,0.001230446265
5423,0.0009698523427,0.001011524429
5424,0.001040922318,0.0009545638313
5425,0.0009947858489,0.0009099521776
5426,0.00125289413,0.00124168655
5427,0.001082563329,0.001015432303
5428,0.001236436816,0.0008708606474
5429,0.00100852592,0.000975504081
5430,0.001127422169,0.001028749721
5431,0.001119521352,0.0008305917072
5432,0.001006074919,0.0009022458471
5433,0.001143818154,0.001138354251
5434,0.001167744602,0.001132853809
5435,0.001058491333,0.001106800737
5436,0.001223524312,0.001224935411
5437,0.001001908204,0.001172044678
5438,0.001141585308,0.001099099856
5439,0.0009599578334,0.0009239916544
5440,0.00118559457,0.001026881357
5441,0.001003392805,0.001101437272
5442,0.001192496173,0.001184874476
5443,0.001212647781,0.0009474566759
5444,0.001090264501,0.001022522913
5445,0.001122219597,0.001075055079
5446,0.001346702367,0.001091492173
5447,0.001028769489,0.0009574321593
5448,0.001162909502,0.0009499588487
5449,0.001202877458,0.000968862616
5450,0.00105750739,0.00107738292
5451,0.001265483224,0.001022041564
5452,0.001226424582,0.0008778455813
5453,0.001252076589,0.000984884311
5454,0.001145067858,0.0009317685835
5455,0.001083478382,0.001103297531
5456,0.001250498375,0.001011501801
5457,0.0009858459307,0.001047428028
5458,0.0009633183581,0.0009318653538
5459,0.0010031684,0.0009394833251
5460,0.001037185502,0.0008878638255
5461,0.001064666401,0.001074996886
5462,0.00112558101,0.0009416179237
5463,0.001130761317,0.0009625575913
5464,0.001060027687,0.001076104796
5465,0.001072659288,0.001236743352
5466,0.001217707679,0.0008507311795
5467,0.0009898607386,0.00102691145
5468,0.001084222429,0.000769608072
5469,0.001256541596,0.001077605775
5470,0.001132795238,0.001240845479
5471,0.00116482989,0.001022711658
5472,0.00113348927,0.001013678862
5473,0.001146518443,0.001149692391
5474,0.001119015928,0.001098163128
5475,0.001272395646,0.0010165106
5476,0.001176013437,0.001078720234
5477,0.001075822016,0.001024397061
5478,0.00112573307,0.001099374917
5479,0.001219529964,0.0009454543178
5480,0.001110230602,0.001143405134
5481,0.0009620712663,0.0008474753195
5482,0.0008783735757,0.001123367008
5483,0.001151865799,0.001062950454
5484,0.001200829676,0.001117057633
5485,0.001084930671,0.0009272898897
5486,0.0010548395,0.0009449782228
5487,0.001096918248,0.001067849043
5488,0.001106878844,0.001078712376
5489,0.001082472161,0.00107639168
5490,0.001409718054,0.0008829829312
5491,0.001247616121,0.0009509361626
5492,0.000926125831,0.0009760793255
5493,0.001060544491,0.0009386387028
5494,0.001042569187,0.001061286712
5495,0.00111185995,0.001175010373
5496,0.0009874411844,0.000946174514
5497,0.0009675367255,0.00117609492
5498,0.001158953237,0.0009766248622
5499,0.001221306244,0.0008204599144
5500,0.001180836603,0.001014208625
5501,0.000943475774,0.0009780539476
5502,0.001012122499,0.001174576071
5503,0.001124158043,0.001030275671
5504,0.001081929746,0.001030781947
5505,0.001101235765,0.0008970913113
5506,0.001056880501,0.001101305417
5507,0.001027457336,0.001080334179
5508,0.001131197314,0.001271878398
5509,0.001213505013,0.001059230977
5510,0.001138676773,0.0008846343408
5511,0.001075441112,0.001004769576
5512,0.001192716656,0.001006388462
5513,0.00104616458,0.001090328151
5514,0.001169756171,0.000994933609
5515,0.001034085901,0.000898792081
5516,0.001200395265,0.001090548314
5517,0.0009438877896,0.001206284418
5518,0.001049906117,0.0009203521986
5519,0.001313626715,0.0009002207807
5520,0.001129218355,0.0007798160586
5521,0.0009035238836,0.0009237739941
5522,0.001144633236,0.0008654149133
5523,0.001177201404,0.0008936979284
5524,0.00109048414,0.001153891353
5525,0.001067749836,0.0009807752576
5526,0.001086730845,0.0008550065322
5527,0.001098496527,0.0009120259638
5528,0.00129493884,0.001095780251
5529,0.0009949365194,0.001037246089
5530,0.0009942172837,0.0009136838489
5531,0.001139897373,0.001155818012
5532,0.001012852154,0.001192488948
5533,0.001143519949,0.00098617396
5534,0.001019282237,0.000935574637
5535,0.0011182936,0.000988861495
5536,0.001055481633,0.0009518588413
5537,0.001102883369,0.001053723106
5538,0.0009869350615,0.001177491467
5539,0.0009962701515,0.00105666196
5540,0.001022605349,0.001079671427
5541,0.001027525766,0.0009836608879
5542,0.001286440216,0.0009752734477
5543,0.001133306549,0.001018348441
5544,0.0009604684019,0.0009656030816
5545,0.001087413359,0.001058184054
5546,0.001095650026,0.001158764695
5547,0.001177672064,0.001003764497
5548,0.001079929447,0.000905043009
5549,0.001035334419,0.00102425542
5550,0.00130955912,0.00104992713
5551,0.001167092603,0.0009198230982
5552,0.0009742497277,0.0008996183387
5553,0.001084755604,0.0009693046522
5554,0.001196425706,0.0008860253656
5555,0.001235995464,0.0008328522017
5556,0.00128047727,0.000984238759
5557,0.0009759155655,0.001107126591
5558,0.001141284934,0.001211661176
5559,0.0009984741919,0.001187456219
5560,0.001006587627,0.0008858337169
5561,0.001124959424,0.001089736288
5562,0.0009617113319,0.001070221391
5563,0.001053985507,0.001064279102
5564,0.001215364362,0.0009275380653
5565,0.001206548848,0.0007946386395
5566,0.001062530282,0.0009236868427
5567,0.0009332321424,0.0009053385147
5568,0.001133986421,0.0009481825618
5569,0.001088276971,0.0008876411666
5570,0.001139853062,0.001058238624
5571,0.001196439516,0.0009071170207
5572,0.00127385946,0.0009280081431
5573,0.001291097687,0.001033579072
5574,0.001258499557,0.001102915259
5575,0.001141295994,0.001053375032
5576,0.001187541246,0.000986737301
5577,0.001008664549,0.001074117667
5578,0.001114310144,0.0009936598144
5579,0.001151766068,0.0009345359031
5580,0.001016738584,0.001329546591
5581,0.0008952616772,0.001097504981
5582,0.001186277143,0.0009648769992
5583,0.0009658494746,0.0009661907097
5584,0.0008142515799,0.00110100882
5585,0.001116114188,0.001069287464
5586,0.0009947444632,0.0009213447338
5587,0.001071168772,0.001142917019
5588,0.001232398012,0.0007306171319
5589,0.001026546255,0.001003436766
5590,0.001081588722,0.001019447387
5591,0.001110230871,0.000999968448
5592,0.000962536833,0.001136090992
5593,0.001057228241,0.001063488329
5594,0.00107588838,0.00118202364
5595,0.001052833686,0.001130852652
5596,0.0008752497743,0.0009569092799
5597,0.0009910612207,0.0009199300548
5598,0.001014265756,0.0009015558826
5599,0.0009922775498,0.001043405995
5600,0.001227925335,0.0009842495492
5601,0.001083981799,0.001009731459
5602,0.001103153845,0.000910589486
5603,0.001281136356,0.0009075841153
5604,0.001113608647,0.0009801027772
5605,0.00104582018,0.0009318332595
5606,0.001041363554,0.001106156618
5607,0.001223008796,0.001010228421
5608,0.00143300432,0.001185246278
5609,0.0009247616326,0.0009446137847
5610,0.0009763667622,0.0008629232107
5611,0.0009806618327,0.0009418451446
5612,0.00128831905,0.0008540263152
5613,0.001067493169,0.001037077061
5614,0.0009508076109,0.0009992606792
5615,0.001228671521,0.0009362416386
5616,0.0009697747446,0.001017885123
5617,0.001141454748,0.0009226181355
5618,0.0009814557343,0.00104428202
5619,0.0009804382498,0.00107507463
5620,0.001218895079,0.001087415396
5621,0.001101633454,0.0009971116815
5622,0.001299928852,0.001012114299
5623,0.001134186554,0.0009486389463
5624,0.001055677698,0.000989372842
5625,0.001158768202,0.0009821721032
5626,0.001213649186,0.0008985335226
5627,0.001214208918,0.001048343838
5628,0.001175904705,0.0009654099631
5629,0.001079925823,0.0009961229734
5630,0.001197084108,0.00104260938
5631,0.001010241263,0.000933301475
5632,0.001075888897,0.001016655835
5633,0.00114722993,0.0008754966257
5634,0.00111216183,0.0008870188612
5635,0.001106763404,0.0009367920647
5636,0.001030626911,0.0009126337391
5637,0.0009572112904,0.0008566362667
5638,0.001128788732,0.001047074809
5639,0.001328135404,0.0009936801653
5640,0.001086369048,0.001294360496
5641,0.001063595555,0.0008708557143
5642,0.001069897655,0.00108389424
5643,0.001036380861,0.0009219016829
5644,0.0009321556427,0.0009406729951
5645,0.001004800477,0.0008892941914
5646,0.001031173393,0.00101826818
5647,0.001024187834,0.00113074245
5648,0.001071948973,0.001164582223
5649,0.001104635608,0.0007708001467
5650,0.0009368696046,0.001064555116
5651,0.001142046793,0.0008946357775
5652,0.0009898413991,0.001038608934
5653,0.00101030364,0.00112332384
5654,0.001096472348,0.001050855724
5655,0.001224808198,0.000954228366
5656,0.00104973073,0.00113615422
5657,0.001074165106,0.00100317879
5658,0.0009918760989,0.001002299738
5659,0.001059772185,0.0009980512841
5660,0.001344191871,0.001061168128
5661,0.0009155997614,0.001022009288
5662,0.0009993401472,0.0009761013498
5663,0.001013005727,0.000993330621
5664,0.001110137724,0.001045152298
5665,0.0009338683667,0.00105994031
5666,0.00123297282,0.001172435113
5667,0.001021422438,0.0009527723741
5668,0.001076727094,0.0009555468714
5669,0.001078553185,0.0008584622265
5670,0.001202008003,0.0008395254627
5671,0.001017196962,0.0008536737223
5672,0.001063015625,0.001020499229
5673,0.0009897266282,0.001041724689
5674,0.001267889376,0.001080725669
5675,0.001133840218,0.0009626675383
5676,0.001182841086,0.00108040405
5677,0.001064944219,0.0009622515427
5678,0.001070142491,0.0009499149237
5679,0.001235443247,0.001097814566
5680,0.001013212932,0.001022995093
5681,0.00129515912,0.001125581264
5682,0.001173853736,0.00113925901
5683,0.00108335854,0.001088461366
5684,0.001359421141,0.0008953028228
5685,0.001010610998,0.0009775666549
5686,0.001128265612,0.0008149508794
5687,0.0009295511409,0.00103844425
5688,0.00109301311,0.0009262008753
5689,0.001136141997,0.001196207617
5690,0.001061590847,0.001031398097
5691,0.0009266788838,0.001081219532
5692,0.001213892603,0.001076605477
5693,0.001138084692,0.001009056425
5694,0.001082119816,0.001116680847
5695,0.001146564297,0.001001593766
5696,0.001151717683,0.001129795113
5697,0.0009432835359,0.0009200182976
5698,0.0009700243536,0.001070605656
5699,0.0008920266919,0.0009581234153
5700,0.000870724667,0.001153685531
5701,0.001262078098,0.001127823802
5702,0.001150104777,0.0009907729327
5703,0.001370061225,0.001005297629
5704,0.001224959633,0.001066479708
5705,0.001134417267,0.000964944149
5706,0.0010966021,0.0008063997229
5707,0.001059889793,0.001041627023
5708,0.001002089666,0.0009706604033
5709,0.001140578934,0.001004264166
5710,0.0009604462321,0.001064393102
5711,0.001009469597,0.00103072606
5712,0.0008281196788,0.001160338405
5713,0.001058657763,0.0007821737527
5714,0.001106667769,0.00112284271
5715,0.001273137947,0.000950898153
5716,0.001085723299,0.0009467725613
5717,0.001270041714,0.0008867647557
5718,0.001150629374,0.001022151897
5719,0.001142883302,0.0009719680238
5720,0.001336277899,0.001033429398
5721,0.0009657909104,0.0009343392012
5722,0.001158705403,0.001038294322
5723,0.001134729922,0.001045733989
5724,0.001082718067,0.001085153846
5725,0.001301599172,0.000895764555
5726,0.001097950575,0.0009547588852
5727,0.001000385739,0.001070255174
5728,0.001176083053,0.0009127911799
5729,0.001308630264,0.001088803867
5730,0.001022071483,0.001050140498
5731,0.001069615522,0.000807404489
5732,0.001089646794,0.001007164225
5733,0.0008932603087,0.001050410676
5734,0.0009964366327,0.001148339012
5735,0.0013921473,0.001063755881
5736,0.001066364995,0.0007738674758
5737,0.001008741026,0.0009469524011
5738,0.001020086434,0.0009774151331
5739,0.001033017514,0.001140362612
5740,0.001212040101,0.0008603958122
5741,0.001122698457,0.001064743796
5742,0.001051338033,0.0008653347904
5743,0.001043320794,0.0009919363947
5744,0.0009514150443,0.0009185398158
5745,0.0010665558,0.0009803782232
5746,0.00106403738,0.0009115675493
5747,0.001110366029,0.0008930561671
5748,0.001199888102,0.001049699698
5749,0.001087067169,0.00104347241
5750,0.0008575795509,0.0008896504587
5751,0.00106332991,0.0008681701293
5752,0.001028263228,0.001039243376
5753,0.0009214453312,0.0009414456872
5754,0.001146456547,0.000984346545
5755,0.001145589733,0.001056358196
5756,0.00108105738,0.0008607651689
5757,0.001029033134,0.0009340756733
5758,0.001052618558,0.00125119392
5759,0.000915433011,0.001101592075
5760,0.001008195883,0.001129387776
5761,0.0008206305938,0.0009438864799
5762,0.001132696743,0.0009628368425
5763,0.0008833994798,0.0009409283157
5764,0.0008993858937,0.001083915427
5765,0.001179387327,0.001134891885
5766,0.001055074215,0.0009826726018
5767,0.0008907862793,0.0009693709726
5768,0.0009066092025,0.0008337191903
5769,0.001348065023,0.0009222478329
5770,0.001329806866,0.001151693199
5771,0.0009820779669,0.001028470215
5772,0.0009825293309,0.0008696231162
5773,0.001148157367,0.0008608306089
5774,0.001155767182,0.001080724316
5775,0.001021085322,0.001017914103
5776,0.001207431502,0.001128952761
5777,0.001166068781,0.0008879674133
5778,0.001068798796,0.001105969139
5779,0.001329124912,0.0008533847722
5780,0.001191227682,0.001024317091
5781,0.00117675103,0.001196614823
5782,0.001033578643,0.0009883084203
5783,0.001010466287,0.0009610807901
5784,0.0009933029214,0.0008189409127
5785,0.0009574322394,0.001039577866
5786,0.001057462992,0.0008749293265
5787,0.00103487794,0.0009168715842
5788,0.001034002169,0.0009348213789
5789,0.001026204423,0.0008993875308
5790,0.0009440681824,0.0009999933682
5791,0.0008793158195,0.0009798754982
5792,0.001095093576,0.0009998884852
5793,0.001134808779,0.0008793225534
5794,0.0009916845302,0.000991650144
5795,0.001084327276,0.0009181015921
5796,0.001107428987,0.0009953275512
5797,0.001152141413,0.001173776887
5798,0.00104914057,0.001022358338
5799,0.001191404903,0.0009635611932
5800,0.0009768187811,0.001150071912
5801,0.0009316035575,0.001094692212
5802,0.0008936838203,0.0008641787572
5803,0.001005084087,0.0009121818075
5804,0.001237672681,0.001234448151
5805,0.001310279156,0.001098331188
5806,0.001405280018,0.0008722396451
5807,0.001053522225,0.0009800966145
5808,0.001248773937,0.001024563397
5809,0.00124853391,0.001068462727
5810,0.001566573599,0.0008351521974
5811,0.001029733816,0.0009400242852
5812,0.0009703645774,0.001054547931
5813,0.001017244598,0.0009777860541
5814,0.001039897361,0.001173701974
5815,0.001067296813,0.0008515000154
5816,0.001117836648,0.0009590536283
5817,0.0009353632704,0.0009214831007
5818,0.00115362677,0.0008514265719
5819,0.001178131228,0.001127852927
5820,0.001080701833,0.0008960544219
5821,0.0009162631686,0.0008953130018
5822,0.001107736935,0.000938560137
5823,0.001059847476,0.0009690981824
5824,0.001004159756,0.0009371302149
5825,0.00112045063,0.001014874833
5826,0.0009117757727,0.00086512095
5827,0.001216723838,0.0009295413693
5828,0.0009204433591,0.001064092488
5829,0.001002071986,0.001066117497
5830,0.0009495253835,0.0007811822579
5831,0.001205047993,0.0008629195872
5832,0.001158167674,0.001034661189
5833,0.0009703509277,0.001038693837
5834,0.0009473522296,0.0009719679438
5835,0.001042004886,0.0008905284776
5836,0.001114689643,0.0009681880038
5837,0.001140165063,0.0009779493121
5838,0.00103651471,0.001118769884
5839,0.001017769289,0.0009823835862
5840,0.0009525610367,0.0009287802823
5841,0.001061195246,0.001012530694
5842,0.0009718310612,0.000987391395
5843,0.001034434921,0.001021029515
5844,0.001061489762,0.001086962446
5845,0.001116809144,0.0009218828709
5846,0.001095803025,0.001028991835
5847,0.001106973468,0.001161547996
5848,0.001053685366,0.0009337947631
5849,0.0009543311608,0.000948599707
5850,0.001060212177,0.001047574144
5851,0.001033691668,0.0009144509531
5852,0.001400432011,0.0008463867998
5853,0.001048381855,0.001045077777
5854,0.0009118407324,0.0009916093404
5855,0.001207099413,0.0009035526527
5856,0.000988017593,0.001107310396
5857,0.001044927849,0.0009536712532
5858,0.001036503505,0.001043422693
5859,0.0009281074381,0.001025530713
5860,0.001112304461,0.000808200668
5861,0.001082887109,0.0009812364842
5862,0.0009292327668,0.001047036414
5863,0.001067052719,0.0008531914063
5864,0.001042165524,0.0009857324039
5865,0.0009697008572,0.001049907303
5866,0.0008885539719,0.0009131833212
5867,0.001199399325,0.001068462079
5868,0.001106963733,0.001154612422
5869,0.001003087353,0.0008066210794
5870,0.001225213397,0.000950827809
5871,0.00102771644,0.001115320512
5872,0.0009110524334,0.001141617024
5873,0.0009975732683,0.00100880026
5874,0.0008755559975,0.0009243677487
5875,0.0009916315757,0.0009578510872
5876,0.0009470079603,0.001140875589
5877,0.001207857495,0.001161581458
5878,0.0008396360936,0.001026757462
5879,0.001032930442,0.001061668583
5880,0.001069574457,0.001022865305
5881,0.001085706397,0.00099742764
5882,0.001103977156,0.0009136505032
5883,0.00108949851,0.001080660113
5884,0.0009819704646,0.001025418809
5885,0.001089152531,0.0009494590413
5886,0.001014661699,0.0008527199752
5887,0.001045539073,0.001029711137
5888,0.0008549517443,0.001099358808
5889,0.001155545309,0.00108647882
5890,0.001059368842,0.001058279318
5891,0.001155004997,0.00104239049
5892,0.001029966115,0.001035369729
5893,0.001116088279,0.001227068315
5894,0.001091791964,0.00113309177
5895,0.0008413570104,0.0008274493521
5896,0.001180581101,0.0009657324699
5897,0.001060518101,0.000944935382
5898,0.001033448054,0.0009429679776
5899,0.0009822992724,0.001107585078
5900,0.0009881049555,0.001084951138
5901,0.001092841274,0.0007345304184
5902,0.0009771463883,0.001164167603
5903,0.0008900260291,0.001049597216
5904,0.001186068883,0.001003457801
5905,0.00101366044,0.0008930011245
5906,0.001226917222,0.001041254043
5907,0.001190195821,0.001041324125
5908,0.0009417799592,0.0008920930413
5909,0.0009027368578,0.001055712441
5910,0.00098605534,0.0009261685846
5911,0.0008662142282,0.001138984211
5912,0.00125165809,0.001068663019
5913,0.001098722438,0.0009432354636
5914,0.000876633414,0.0009762303598
5915,0.001332929671,0.0007413903732
5916,0.0009756028157,0.0009057627176
5917,0.000967754946,0.001163200912
5918,0.001090520665,0.001027482293
5919,0.001205809829,0.001097104549
5920,0.001091496546,0.0008646053757
5921,0.00103981555,0.0008346347095
5922,0.001149576579,0.0008867282741
5923,0.001077526227,0.000995888855
5924,0.001004646816,0.0008751482455
5925,0.0009731872851,0.0008070895783
5926,0.00090007572,0.001029487423
5927,0.0009143053903,0.00107207265
5928,0.001060226205,0.001036696602
5929,0.001012341512,0.001009285334
5930,0.001044009048,0.001237845099
5931,0.001234614225,0.001156232931
5932,0.0008924828362,0.001003555859
5933,0.001307876279,0.00099068696
5934,0.001002016164,0.0009561100014
5935,0.001046025871,0.0008389591603
5936,0.0009582164348,0.001153910474
5937,0.001049579798,0.0009721347087
5938,0.001027326718,0.0008752476133
5939,0.0009368334286,0.0009224463065
5940,0.0009973634515,0.000947636101
5941,0.001051665407,0.0009759203094
5942,0.00106462869,0.001000430442
5943,0.001337465452,0.00124102144
5944,0.000902332009,0.001133741651
5945,0.0009778774474,0.001081262097
5946,0.001108081698,0.0009406629761
5947,0.0009870714784,0.0009901279991
5948,0.00100540038,0.0008836240522
5949,0.00101128508,0.001030706357
5950,0.001151366021,0.001051420601
5951,0.0008600018991,0.001003116617
5952,0.0009982390329,0.000864448717
5953,0.001017541625,0.0009744157069
5954,0.0009461677182,0.0008631926248
5955,0.001046892437,0.0009649193744
5956,0.001100373498,0.0009246993432
5957,0.0008576092805,0.001008925021
5958,0.0008213245455,0.0009296911376
5959,0.001075612628,0.0009795853839
5960,0.0008944341971,0.001135914397
5961,0.00107339333,0.001009454223
5962,0.001055206572,0.0008792061053
5963,0.001236680819,0.0009673911773
5964,0.001009263578,0.001121750029
5965,0.0008249279417,0.0009568047244
5966,0.0009915355331,0.0009100745592
5967,0.0009449790086,0.0009863412342
5968,0.0009953043045,0.00109160156
5969,0.001179342071,0.001047339072
5970,0.0009983474229,0.0009930097513
5971,0.001125700277,0.001051625244
5972,0.001312052518,0.0008598159766
5973,0.0009200836648,0.0007466528041
5974,0.000882181841,0.0009456862754
5975,0.001125481751,0.0009833965451
5976,0.001006380924,0.0008824584438
5977,0.0009483466129,0.0009929310036
5978,0.001101564754,0.000955164789
5979,0.0009872974988,0.0008280165202
5980,0.001008009793,0.000927037705
5981,0.001064268676,0.0008875875501
5982,0.000980018478,0.0009326775908
5983,0.001063814758,0.0009136224835
5984,0.0008391447191,0.001007612009
5985,0.0009201191788,0.0009824278604
5986,0.0008776122486,0.001043629956
5987,0.0009116553047,0.001027023805
5988,0.001136592749,0.001005430677
5989,0.001198049395,0.0009728021032
5990,0.0009635960887,0.001017418566
5991,0.001108588658,0.0007827905793
5992,0.0009762873524,0.00100650786
5993,0.001191943127,0.0008684091808
5994,0.001132042125,0.0008296135056
5995,0.0009764987772,0.0008873787956
5996,0.000971252106,0.0009428713602
5997,0.0009542225453,0.001067716134
5998,0.001101443122,0.001047262835
5999,0.0009658171766,0.001038886112
6000,0.001007598934,0.001022402896
6001,0.0009719555965,0.0009547033478
6002,0.001140796812,0.00105848079
6003,0.0009092816254,0.0007783325782
6004,0.001060551185,0.001222091458
6005,0.001045630292,0.0008789294807
6006,0.0009835786186,0.001051811865
6007,0.001075064305,0.00105288496
6008,0.0009534820492,0.0009930401284
6009,0.0009416288085,0.0009508082585
6010,0.001084606534,0.001009718944
6011,0.001033298649,0.00102407518
6012,0.00121900002,0.0009571335322
6013,0.001002352394,0.001034697241
6014,0.0008812420419,0.0009674839821
6015,0.00105731345,0.000952266324
6016,0.001109095509,0.001199647289
6017,0.0008705651271,0.0008170193905
6018,0.001027970844,0.0009635891256
6019,0.0008131639624,0.00107217511
6020,0.0009029990106,0.0007493422381
6021,0.00110534898,0.0009109820094
6022,0.001110775549,0.0009846623725
6023,0.0009410220955,0.0009866442379
6024,0.001090692713,0.0008725109656
6025,0.0009131102415,0.0009332733098
6026,0.0009959668241,0.0009555962897
6027,0.0009106394355,0.0009833569638
6028,0.0009505080889,0.0008803789024
6029,0.001158811989,0.001010394044
6030,0.0008402194435,0.0008398711252
6031,0.0009928712243,0.001106087337
6032,0.0009887560445,0.001060891154
6033,0.001009920554,0.0009347909945
6034,0.001055981578,0.0007795984784
6035,0.0009908269349,0.0008352729783
6036,0.0009136168446,0.0009422951189
6037,0.001309247877,0.001032026106
6038,0.0009717662469,0.001097717424
6039,0.0009262968015,0.0009532161057
6040,0.0009121490511,0.0009787407835
6041,0.001018411604,0.001019869902
6042,0.0009051891175,0.0008673532648
6043,0.0009083355981,0.0009136498775
6044,0.001042398617,0.001181202853
6045,0.0008107297035,0.0008450062014
6046,0.0009875807955,0.0009213606754
6047,0.001199029663,0.001085205447
6048,0.0009497933861,0.0009427617188
6049,0.001209576927,0.0008642840403
6050,0.000940407328,0.0009561255283
6051,0.001016830945,0.0009690467923
6052,0.001016691749,0.000888585746
6053,0.0009493978432,0.0009333124617
6054,0.001209428687,0.001127016672
6055,0.001037438335,0.0009352176276
6056,0.001164471876,0.0009860288337
6057,0.001143530615,0.0008606635893
6058,0.0009880604339,0.0009629633641
6059,0.001005462429,0.0009665748075
6060,0.001063775868,0.0007158009903
6061,0.001155430378,0.0008641063323
6062,0.001102377224,0.0007318887874
6063,0.001158872365,0.0009107317164
6064,0.001098732944,0.000824766852
6065,0.0009511314565,0.001018879026
6066,0.0009742540569,0.001051486339
6067,0.0008302403076,0.0009275752236
6068,0.0009851392606,0.0008786243197
6069,0.0009953334811,0.0009852966468
6070,0.001015579946,0.001142576446
6071,0.001009728687,0.0008737361059
6072,0.0009373757784,0.0009972569533
6073,0.001029524523,0.001075971093
6074,0.001062123491,0.0009974490749
6075,0.001154322854,0.0009034449104
6076,0.0009273020769,0.0008190849185
6077,0.001016256465,0.0007847917659
6078,0.0009236836268,0.0008374573663
6079,0.001152060817,0.0009247128983
6080,0.001044428915,0.0008748195323
6081,0.001199796097,0.0009765014329
6082,0.0008936309459,0.000882239452
6083,0.001136709863,0.0008366031834
6084,0.001007940802,0.0009042793245
6085,0.0008661253669,0.0008214849368
6086,0.0009964133642,0.0009683609387
6087,0.001170256393,0.001014965208
6088,0.001070914099,0.001148835305
6089,0.0009474617982,0.001013580149
6090,0.0009967618171,0.000866611088
6091,0.001031146283,0.0008659802188
6092,0.001102462869,0.001041508418
6093,0.000929197653,0.0009276670826
6094,0.001080837217,0.00101596368
6095,0.001058429174,0.0008684809
6096,0.0009990608669,0.0007639431133
6097,0.0008630766679,0.0008978680198
6098,0.0009213019002,0.001024167046
6099,0.0008861205861,0.001082045834
6100,0.0009239873689,0.0006898146239
6101,0.001235513184,0.0008515939189
6102,0.0009006130276,0.001039250594
6103,0.001089995429,0.0008943447974
6104,0.001074545246,0.0007591910544
6105,0.001005773585,0.0009973648921
6106,0.001303113582,0.0009420800925
6107,0.0008723828505,0.0009337291776
6108,0.001001157885,0.00107254769
6109,0.00109632239,0.0009218118212
6110,0.001044518758,0.0007791128046
6111,0.0008608920107,0.0008577535991
6112,0.001245780732,0.0008163159364
6113,0.001124315371,0.000848233045
6114,0.001241296646,0.0009188706608
6115,0.0009948470324,0.001108436976
6116,0.0009843426014,0.0009132098785
6117,0.001024189434,0.0007677411704
6118,0.00105477633,0.0009179207409
6119,0.001024497891,0.001080165865
6120,0.0008071517877,0.000963932318
6121,0.0009726722637,0.0008314423321
6122,0.001074652362,0.001045197263
6123,0.0009381020354,0.0009554733115
6124,0.0009861731232,0.001068568614
6125,0.0009523871631,0.001027076476
6126,0.001025450714,0.0009491582023
6127,0.0009693368193,0.000975406474
6128,0.0009034408649,0.0009583650099
6129,0.0008858272849,0.001036259462
6130,0.000920233455,0.0008838135327
6131,0.0008940358166,0.0008922434863
6132,0.001182975524,0.0009311787289
6133,0.0008477401134,0.0009515093843
6134,0.0009492301033,0.001153044504
6135,0.001136831219,0.001112608872
6136,0.0008988447153,0.0009230651704
6137,0.0008973720614,0.0008499045289
6138,0.0009074233385,0.0009121941403
6139,0.0009715472625,0.0008523407378
6140,0.001102757247,0.0008619889122
6141,0.000851646706,0.001014198824
6142,0.001075950197,0.0009246874033
6143,0.0008766302344,0.0009073953261
6144,0.001014947491,0.0009315478201
6145,0.0009113364722,0.0008640978267
6146,0.001010567481,0.001001187171
6147,0.001083603442,0.0008874520136
6148,0.001210717506,0.001176341837
6149,0.0009993111016,0.0009686059093
6150,0.001017417962,0.0009119113893
6151,0.0009798899773,0.0009536855432
6152,0.0009648585983,0.0009049017535
6153,0.001121985966,0.0008777909025
6154,0.001308972154,0.0009395129782
6155,0.001150082986,0.001003198915
6156,0.0009098258815,0.001026505444
6157,0.0008590497673,0.0009638568263
6158,0.001019259493,0.001014056623
6159,0.0009048675201,0.000778884365
6160,0.0008648570365,0.0008864244955
6161,0.0008618743013,0.001085304037
6162,0.000967654174,0.0008378190687
6163,0.0009381976633,0.001105024559
6164,0.001078804875,0.0008669280796
6165,0.0008977716934,0.0007955199762
6166,0.0009306855354,0.0009333983762
6167,0.001126477502,0.000951751259
6168,0.0009451413644,0.0007108997052
6169,0.001101406451,0.0008321495188
6170,0.00083234255,0.0007616797302
6171,0.0009814391524,0.0007974030159
6172,0.0008558403861,0.000768774451
6173,0.0009834875891,0.0008680861429
6174,0.001021573298,0.0007928998457
6175,0.001192147116,0.0009192472789
6176,0.001060514216,0.000821809328
6177,0.001074098443,0.00104798728
6178,0.001089445374,0.001004781756
6179,0.00112688823,0.0009066322527
6180,0.001034338544,0.0009866993132
6181,0.0009714647531,0.0008558935078
6182,0.0008000491362,0.0008793918169
6183,0.001149052361,0.0008864293704
6184,0.0008761507415,0.0006783292702
6185,0.001163002824,0.001014167887
6186,0.001254944786,0.0009930177766
6187,0.001007367486,0.001102423768
6188,0.001068635807,0.001030944346
6189,0.0009412686268,0.0009172507162
6190,0.001015161826,0.0008921782573
6191,0.001109888166,0.0008099559927
6192,0.0009334305942,0.0009199728811
6193,0.001189390998,0.0009051374946
6194,0.0009501021486,0.001016297494
6195,0.0009653149173,0.001012058638
6196,0.0008701702754,0.0008231789689
6197,0.001187976683,0.0009529264134
6198,0.001000382144,0.000982128433
6199,0.001018357092,0.0009968020895
6200,0.001112200924,0.0007604782477
6201,0.001000071963,0.0009349695683
6202,0.00102277207,0.0008725824155
6203,0.0008485148574,0.001079541711
6204,0.000976803698,0.001040562791
6205,0.001013402449,0.0008940916669
6206,0.001106630101,0.000912463569
6207,0.0009447055563,0.0009020797952
6208,0.001071469858,0.0009373911744
6209,0.0008929127289,0.000895944293
6210,0.001121949666,0.0009485019327
6211,0.001145911978,0.001159848987
6212,0.0009705159828,0.0009848795307
6213,0.0008946825183,0.001261025827
6214,0.001151929973,0.0009924236729
6215,0.001017361639,0.0009598664401
6216,0.001521495251,0.0009622180223
6217,0.0009485467526,0.0008009467565
6218,0.0009348667809,0.001028498969
6219,0.0007891863352,0.0008042207337
6220,0.0009797086095,0.001049147104
6221,0.001025611549,0.0008061267436
6222,0.0008456608484,0.001222385188
6223,0.0008057511732,0.0007702763251
6224,0.0009820354971,0.0007630418331
6225,0.0009495444392,0.001035433597
6226,0.0009760171888,0.00073725322
6227,0.001076452216,0.0008924746726
6228,0.001069988939,0.001060907511
6229,0.001092518622,0.0009054509719
6230,0.001283409423,0.0009941001699
6231,0.001065102311,0.001049072634
6232,0.0009497093051,0.001031842294
6233,0.0009010253561,0.0009499352091
6234,0.001008849475,0.001058970978
6235,0.0009487276693,0.0009049649452
6236,0.0009875977703,0.001022402022
6237,0.001059387287,0.0008132742187
6238,0.0008389083887,0.0009369184845
6239,0.000952686918,0.0009568789355
6240,0.0009211479264,0.0008591305741
6241,0.0009110397586,0.000924063479
6242,0.001014151472,0.0008024714116
6243,0.001024626501,0.0008477452066
6244,0.00105694752,0.0008851757157
6245,0.0008702174819,0.0009325388601
6246,0.001217231737,0.0009034799805
6247,0.001092604783,0.0008421489001
6248,0.0009200214554,0.0008771139037
6249,0.001051126885,0.0006789455801
6250,0.00111453412,0.000852817182
6251,0.0009718458605,0.0008645276175
6252,0.001203114974,0.000993490321
6253,0.0009359846154,0.0007835729193
6254,0.0009814871446,0.0008037389562
6255,0.0007779733714,0.0008850610175
6256,0.000988151005,0.0009032595772
6257,0.001014191774,0.0009042991951
6258,0.00120412527,0.0009619746706
6259,0.001065304969,0.0008608646458
6260,0.0008575808679,0.0009715933047
6261,0.00108505899,0.001049526458
6262,0.0009997431844,0.001017190298
6263,0.00139235401,0.0009529622548
6264,0.001428910997,0.0009458343557
6265,0.0009429295169,0.0009107412334
6266,0.001069276601,0.0009786284791
6267,0.001111761456,0.00116548888
6268,0.0009826551395,0.0009641468132
6269,0.00090846065,0.0008793124798
6270,0.00117005028,0.0009824515801
6271,0.001153087906,0.001026945094
6272,0.001144212067,0.0009665966427
6273,0.0008207096762,0.0009407969919
6274,0.0009253213575,0.001008265877
6275,0.001340809045,0.0008853604013
6276,0.001161021275,0.0008462229816
6277,0.0009250521398,0.0007391772124
6278,0.001004159982,0.0008938435567
6279,0.001135026279,0.0007694430969
6280,0.001148770454,0.000936632925
6281,0.001121380592,0.0007187312149
6282,0.001031277876,0.0009103066623
6283,0.001297412244,0.001146001588
6284,0.001044270895,0.0007415261935
6285,0.001167577597,0.0009679694849
6286,0.0009638914053,0.0007909217165
6287,0.000881904547,0.001131753022
6288,0.001227251261,0.0008940390544
6289,0.0009412445288,0.0009032219823
6290,0.0011934555,0.0009559478276
6291,0.0009305822023,0.0009605916421
6292,0.0009542903936,0.0008796975017
6293,0.0008838855938,0.0007860508631
6294,0.0008364430469,0.0008719649559
6295,0.0008873765764,0.0007691355204
6296,0.001028901963,0.001043683216
6297,0.001016013252,0.0008082248169
6298,0.001173126213,0.0008681697436
6299,0.0008592533413,0.0008267626181
6300,0.001094238454,0.0008529813058
6301,0.0009769864773,0.0009177674583
6302,0.001016420814,0.0009090944441
6303,0.001067525191,0.001100444664
6304,0.0007434748331,0.0009286512213
6305,0.001109046301,0.000716266848
6306,0.0008576154869,0.0008720816259
6307,0.001012039611,0.0008599435387
6308,0.0009536843208,0.001156476996
6309,0.00109585929,0.001080409631
6310,0.001029418949,0.0009536985235
6311,0.0009208466363,0.001003836143
6312,0.0009694836626,0.0008292501516
6313,0.001232953815,0.0008678825252
6314,0.001055287197,0.001030275664
6315,0.0009906094856,0.0009000927894
6316,0.001023637189,0.0009952372129
6317,0.001048349935,0.000892257558
6318,0.001158684645,0.0009471466692
6319,0.001054100328,0.0009651695218
6320,0.0009349944303,0.0007790486779
6321,0.0008915181097,0.001020697309
6322,0.0009135694781,0.0009616431635
6323,0.0008986251414,0.0008571796498
6324,0.0009584660875,0.0009930721644
6325,0.00104011823,0.0009530216485
6326,0.001009380612,0.0009283226536
6327,0.0009099960589,0.0007556969431
6328,0.001357064793,0.0006743540362
6329,0.0009816874081,0.0009713818145
6330,0.0009423455122,0.0007705823518
6331,0.001059026697,0.0007598893426
6332,0.001013479421,0.0009649633212
6333,0.0009234067911,0.0007455057639
6334,0.001090630729,0.001071309212
6335,0.0009772900885,0.0009579560574
6336,0.0008761886638,0.0009322983897
6337,0.001043012533,0.0008227730286
6338,0.0009488092182,0.001038375151
6339,0.001094282743,0.001090970327
6340,0.00104465062,0.00095256856
6341,0.0009123011914,0.000936091863
6342,0.0007183332418,0.0007794684789
6343,0.0007897322212,0.000882266082
6344,0.0009798704123,0.0009966305879
6345,0.0009643631856,0.0009257479251
6346,0.000956749449,0.0009050027074
6347,0.001007321691,0.001097652348
6348,0.0008992913426,0.0008565168901
6349,0.00103343567,0.0008249987368
6350,0.001001022589,0.0009214570528
6351,0.000963853061,0.000798646739
6352,0.0009118669623,0.0007878733668
6353,0.0009029519351,0.000895968551
6354,0.00109660023,0.000995787108
6355,0.001039528142,0.0008158654528
6356,0.0008904591959,0.001021509372
6357,0.001047273618,0.0009419084308
6358,0.0009116355941,0.0008273534113
6359,0.001132985592,0.0008934877842
6360,0.0008870025922,0.0009464206232
6361,0.0008869843805,0.0009885938853
6362,0.001234923744,0.00094062875
6363,0.001081943745,0.0009375072768
6364,0.0009764497299,0.0009393288783
6365,0.0009818052131,0.0007662285861
6366,0.001024949292,0.0009752703918
6367,0.0009260970837,0.001062560281
6368,0.001064500379,0.0008616992709
6369,0.000983962309,0.000927514855
6370,0.001034158828,0.0008355907194
6371,0.001228766414,0.0008763203805
6372,0.0009805075097,0.0007680282288
6373,0.0008799392454,0.001023698984
6374,0.0008127729161,0.001060134848
6375,0.000958378514,0.0007210376862
6376,0.0008662691907,0.0008804598256
6377,0.0008659224186,0.001123804162
6378,0.0009239064821,0.0009697706701
6379,0.0008001581518,0.000991010078
6380,0.0009799748004,0.001023233475
6381,0.001189846575,0.0007909758788
6382,0.000896246027,0.001058823822
6383,0.001075474844,0.0009753814593
6384,0.001068174824,0.0008400183142
6385,0.001049150851,0.0007915814567
6386,0.001073823914,0.0008861737006
6387,0.0008895819046,0.0008800705546
6388,0.0009444618627,0.0009182082431
6389,0.0008359563872,0.001128575954
6390,0.0009149264006,0.0009579878024
6391,0.0009603290164,0.001062729694
6392,0.0008910173856,0.0009590578411
6393,0.0009107155929,0.0007878771066
6394,0.0009219206331,0.0009825777452
6395,0.0009241835796,0.0009168270553
6396,0.001143612382,0.001092595776
6397,0.000863797577,0.0008502417259
6398,0.0007873751165,0.0008574318199
6399,0.001041400108,0.001060567658
6400,0.001180957719,0.001204815424
6401,0.0008551212231,0.0009472426173
6402,0.001120922672,0.0009749907476
6403,0.000884989975,0.0008998098638
6404,0.001092488237,0.0008730839545
6405,0.0008380524814,0.001052666681
6406,0.0008845750344,0.0008859497975
6407,0.00105320305,0.0008881224858
6408,0.0009371222259,0.0008888347729
6409,0.001073439838,0.000913069809
6410,0.0007579533049,0.0009634635571
6411,0.001193266435,0.00078550748
6412,0.0009309018205,0.0009422169678
6413,0.0009135125947,0.0009396338792
6414,0.0009550427931,0.000853906633
6415,0.001102327064,0.0009504707996
6416,0.0009755767969,0.000999405027
6417,0.0008951521231,0.0007583118713
6418,0.0008963462169,0.001051590596
6419,0.0009150096739,0.001116167994
6420,0.001093697545,0.001026811318
6421,0.001083776508,0.001047460268
6422,0.001061420407,0.001031306463
6423,0.0008692784395,0.001025577454
6424,0.0009602480859,0.0009309927118
6425,0.0009356864248,0.0008600228248
6426,0.0009803490757,0.0009962166878
6427,0.001225496839,0.001036491136
6428,0.0009490877565,0.001142605957
6429,0.0009746866999,0.0008964782464
6430,0.0008578936176,0.0008654340927
6431,0.0009353619535,0.0009370550833
6432,0.0007730723228,0.0008024962663
6433,0.0009795220685,0.0007899798693
6434,0.001137766638,0.0009412573636
6435,0.001022869044,0.0008705280197
6436,0.001039494251,0.0008483964339
6437,0.001008024446,0.001095120941
6438,0.00106076643,0.0009239030842
6439,0.0008751219939,0.0009314166527
6440,0.001058982329,0.0007997839057
6441,0.0009484381226,0.0007678177062
6442,0.000900313069,0.0008875586573
6443,0.0009441738002,0.0009470235673
6444,0.001090625119,0.001028383063
6445,0.0008501508564,0.0008964576045
6446,0.0009188978293,0.00102836005
6447,0.001075018648,0.0008962482607
6448,0.0008338448679,0.001012328634
6449,0.001322670891,0.000842055706
6450,0.001059939699,0.0009868222915
6451,0.0009159468682,0.001041127944
6452,0.001028896397,0.0009255842524
6453,0.0007658740651,0.0008748369655
6454,0.001026721038,0.0008680758765
6455,0.001249759705,0.0009684521283
6456,0.00130263513,0.0008476637959
6457,0.0009693130633,0.0007146857606
6458,0.0009398112597,0.0009234530517
6459,0.0009069332664,0.0009612303256
6460,0.001087460856,0.0009940860982
6461,0.001028668368,0.0009656230613
6462,0.001062251773,0.0008735366791
6463,0.0008840416995,0.001156790793
6464,0.0008265805882,0.000833858925
6465,0.001122628135,0.001024676443
6466,0.001000750046,0.000751127649
6467,0.001078559311,0.0008041711335
6468,0.0009543034976,0.001037540867
6469,0.00120218956,0.0009759967506
6470,0.001200570339,0.001022062723
6471,0.0008109211485,0.0009118840608
6472,0.0009831506541,0.0008909260359
6473,0.0009995836517,0.0009291380411
6474,0.001040699543,0.0007870196496
6475,0.000882719607,0.0009524826964
6476,0.0008331409554,0.001068393831
6477,0.000981408557,0.0007430802434
6478,0.001139797234,0.0007082223674
6479,0.001060162664,0.000887812952
6480,0.0009343021302,0.000899595987
6481,0.0009690223305,0.0009731431091
6482,0.0008025941861,0.0008013824772
6483,0.00113009959,0.0008598645582
6484,0.001075432476,0.0008537937792
6485,0.001064464828,0.0009759630775
6486,0.0007983911273,0.0008663135595
6487,0.001027126367,0.0008544899465
6488,0.0009665721154,0.000907516267
6489,0.001250736546,0.0009274171389
6490,0.0009401891148,0.001017653783
6491,0.001071557075,0.001121889749
6492,0.001021765638,0.0007971035666
6493,0.0008276992667,0.0008920986766
6494,0.0009456080661,0.0009455652544
6495,0.00097439612,0.0008225987622
6496,0.000840042354,0.0008656671489
6497,0.0009009304704,0.0008586403128
6498,0.0008926494629,0.001041164716
6499,0.0008095583908,0.0008968487164
6500,0.001046542893,0.0009893067836
6501,0.001294478265,0.0009516237405
6502,0.001076422726,0.0008460873141
6503,0.001012926419,0.0009780798209
6504,0.001137164552,0.0007458651526
6505,0.0009266755369,0.0009136705557
6506,0.001100078043,0.0008270716535
6507,0.0009520121021,0.0008449982415
6508,0.0009094434427,0.001029152641
6509,0.0009726803983,0.0009257332567
6510,0.001105992378,0.001002589874
6511,0.001019974938,0.0008307040225
6512,0.0009439073474,0.0008342892506
6513,0.0008804748795,0.0008394915494
6514,0.0009358092793,0.0009576101147
6515,0.0009299800586,0.0008088759278
6516,0.0007544265754,0.0008732249917
6517,0.001233200775,0.0009133133208
6518,0.001188802191,0.001031659034
6519,0.0009730827805,0.0008593512466
6520,0.0008467429579,0.00098129853
6521,0.0009924622427,0.0009388545077
6522,0.0009423267184,0.0009504389745
6523,0.0009584619402,0.000919005477
6524,0.0008262250412,0.0008545799865
6525,0.001086486693,0.0009344836799
6526,0.0009155394873,0.001091058424
6527,0.0008304888543,0.0009221471046
6528,0.000922063482,0.0008581496149
6529,0.000912615069,0.0009463820315
6530,0.001129976146,0.0007320993318
6531,0.0008392269083,0.0009863173909
6532,0.0009886468251,0.0009000563441
6533,0.00119370428,0.0008090239789
6534,0.0009579116377,0.0009708963771
6535,0.001041333613,0.0008023911578
6536,0.0009801847555,0.0009863662344
6537,0.000887819042,0.0007643346253
6538,0.00105723062,0.000890223535
6539,0.0008200777811,0.0008473890775
6540,0.00112280131,0.0009087068902
6541,0.001028518498,0.0007090191793
6542,0.0007992641113,0.0009003117229
6543,0.0009355594011,0.001025446974
6544,0.001302668534,0.0009829907576
6545,0.001048574319,0.000927831803
6546,0.001064505312,0.0008420339072
6547,0.001068082936,0.0007648697465
6548,0.001045257173,0.0009873959862
6549,0.0009062349782,0.001009596046
6550,0.00100457287,0.001115544499
6551,0.0009421657596,0.000910125731
6552,0.0008726553788,0.000855826358
6553,0.0009113527849,0.0008992556104
6554,0.001034291126,0.001018310322
6555,0.0008974888551,0.001004092032
6556,0.001073293999,0.0009246412083
6557,0.0009632756119,0.000698131822
6558,0.0009979949464,0.001018124589
6559,0.001060120616,0.0008573923697
6560,0.0009446673866,0.0009732603503
6561,0.0009658992276,0.0009816774982
6562,0.0008510611879,0.0009557365265
6563,0.000812565806,0.0008949303447
6564,0.001080678441,0.0008915431754
6565,0.000993933565,0.0008251651016
6566,0.001018999457,0.001095983316
6567,0.0009605334126,0.0009239056526
6568,0.0009488241485,0.0009394699591
6569,0.000823879891,0.0009668872153
6570,0.0008456051801,0.0008872501712
6571,0.0009899235301,0.0007763089525
6572,0.0009843926455,0.0009576070443
6573,0.001120748959,0.000912208081
6574,0.0009569981121,0.0008855492124
6575,0.001095409069,0.0009934219052
6576,0.0008429026493,0.0008427567518
6577,0.0009556466466,0.0008398736245
6578,0.0009081556782,0.0008969458941
6579,0.0007932691587,0.0009439265996
6580,0.000900577892,0.0008453048868
6581,0.000993595655,0.0008785059035
6582,0.001004665151,0.0008655665879
6583,0.001057273825,0.0007240291379
6584,0.0008195489427,0.0008337383988
6585,0.0008066226001,0.0009377709212
6586,0.0009343972633,0.0009260897205
6587,0.0009756564032,0.0008142295701
6588,0.0008806312326,0.001142881942
6589,0.001132709775,0.0007733680031
6590,0.001030314619,0.0008495800357
6591,0.0008155596806,0.0009049683649
6592,0.0008680045721,0.001054786429
6593,0.001168585281,0.0008632419558
6594,0.0009261140294,0.0009639335112
6595,0.001175705256,0.001106311465
6596,0.001084755037,0.0008772555739
6597,0.0007573308467,0.0008334345475
6598,0.001280145269,0.0009304296545
6599,0.0008364066816,0.0007158629487
6600,0.0009076016722,0.0007915418682
6601,0.0009447988341,0.0008921247354
6602,0.001153891608,0.001101369213
6603,0.001203329848,0.001017031194
6604,0.0008910639008,0.0007264622109
6605,0.001472868302,0.0009098886803
6606,0.0009155207154,0.0009186177049
6607,0.0009043217433,0.0007448139149
6608,0.0008684791828,0.0009039187571
6609,0.0009724636766,0.0008574652311
6610,0.0008986950925,0.0009712593164
6611,0.001050833474,0.0008804283425
6612,0.0009775388244,0.0008951267591
6613,0.0008770695058,0.0008820933217
6614,0.001024385929,0.0008485308135
6615,0.000915408571,0.0009964948622
6616,0.0009091500469,0.0008606852571
6617,0.001184081833,0.0006546056793
6618,0.0009347626765,0.0008481825716
6619,0.001130562836,0.000811934231
6620,0.0009416576941,0.0009470666919
6621,0.001021810625,0.001158391366
6622,0.0007822311672,0.0007404653516
6623,0.0009698516442,0.001093631668
6624,0.001036006739,0.00083779938
6625,0.00113030825,0.0008439983721
6626,0.001134186365,0.0007640920667
6627,0.001088482888,0.0007519423452
6628,0.0009313648552,0.000836509731
6629,0.0009179936096,0.0009293631956
6630,0.0008575437096,0.0008460443278
6631,0.0009191047939,0.0008909950775
6632,0.001067286335,0.0008851230887
6633,0.0009312409602,0.0009507935538
6634,0.001006745413,0.0009309945744
6635,0.0007458965556,0.001191962605
6636,0.00108817422,0.0008373771125
6637,0.0008597229898,0.001092869083
6638,0.001071643994,0.000906263027
6639,0.0008474433998,0.0008917988307
6640,0.001024536912,0.0008186610794
6641,0.001018623923,0.0009015295145
6642,0.0007485586684,0.000774027154
6643,0.0009050849549,0.001056427478
6644,0.001148331088,0.0009583628198
6645,0.001011554006,0.0007992349638
6646,0.0009253202661,0.0008021478134
6647,0.0008836873531,0.0009393219443
6648,0.00093272105,0.0008882604452
6649,0.001135924649,0.0008014622363
6650,0.0009372522545,0.0009245467663
6651,0.0008184308754,0.0008312664795
6652,0.0008148217239,0.0009154117542
6653,0.001054615299,0.0006601146742
6654,0.0009503632464,0.0007907699401
6655,0.000834861261,0.0009647343322
6656,0.0009748692755,0.0007848815585
6657,0.000921887171,0.000872970435
6658,0.0008839507573,0.0009107847
6659,0.0008853044637,0.001026481979
6660,0.001205575572,0.000974025701
6661,0.001114968058,0.0009047240092
6662,0.0009275732955,0.0008233112312
6663,0.001125835675,0.0007479256165
6664,0.0007658103932,0.0009712831961
6665,0.001143889342,0.001034059009
6666,0.001196457502,0.0009530360621
6667,0.000934482654,0.0008615671613
6668,0.0008669002273,0.001121260277
6669,0.0009879931677,0.0009314606141
6670,0.001047740625,0.0006191418324
6671,0.0009477178246,0.0009820023479
6672,0.00105200176,0.0007841862534
6673,0.00110099656,0.0008382991509
6674,0.0009409639242,0.0009118631751
6675,0.0009142472263,0.0008386267364
6676,0.001123398681,0.0008177286945
6677,0.0009327335938,0.0009101525793
6678,0.000904746179,0.0008722425337
6679,0.001003203826,0.0008139377969
6680,0.0008971088537,0.0007399777896
6681,0.0008244991841,0.001023772624
6682,0.0008912616249,0.0009204307789
6683,0.001068850172,0.0008143405648
6684,0.0008743523722,0.00068301789
6685,0.00078546433,0.0007942508601
6686,0.000867235467,0.000977571166
6687,0.001261767371,0.0008769623892
6688,0.0009944287012,0.0008793532761
6689,0.0007477695763,0.0009070642118
6690,0.0009521169486,0.0008188646316
6691,0.0010061305,0.0009532547265
6692,0.001143331254,0.0007661301279
6693,0.001082127877,0.0008236536814
6694,0.0009178085747,0.0009149778125
6695,0.001010557447,0.000964932362
6696,0.001094635845,0.0007431344202
6697,0.001092800514,0.0009351709377
6698,0.0007786851857,0.0009811091077
6699,0.0009263848769,0.0009726984281
6700,0.0008452583352,0.0008071807388
6701,0.000665018626,0.0008851799503
6702,0.001025714882,0.0009212821897
6703,0.0009436600958,0.000928013651
6704,0.001052244173,0.0008655037018
6705,0.0008667290676,0.0008502719429
6706,0.0008797569244,0.001010627078
6707,0.0009621093704,0.0007191043405
6708,0.001157898121,0.0009075927228
6709,0.0009561782863,0.001088115758
6710,0.0009219156564,0.000996231247
6711,0.000825598654,0.0008193619506
6712,0.0009691304804,0.001064564007
6713,0.0009787259114,0.0008096422316
6714,0.0008810926083,0.0009289288937
6715,0.000934836833,0.0008373722449
6716,0.0009245586843,0.0008169673456
6717,0.001065484255,0.0009991953848
6718,0.0009977977825,0.0009478244465
6719,0.0008688529415,0.0008814386965
6720,0.001146709779,0.0008185807455
6721,0.000890606585,0.000776295361
6722,0.0009673435925,0.0007822201005
6723,0.0009673036839,0.0008442410544
6724,0.0009830508934,0.001069827405
6725,0.0009131147817,0.000959641533
6726,0.0008392579184,0.0008715404911
6727,0.00114562676,0.0008823898606
6728,0.001121662834,0.0008522404314
6729,0.0008609335055,0.0009792392448
6730,0.001083691233,0.0009901531594
6731,0.0008083240464,0.0007955947221
6732,0.001028422026,0.0007017775933
6733,0.0009130330582,0.0008717817982
6734,0.0009749891324,0.0008318004257
6735,0.001080092152,0.0008303918585
6736,0.0007919297132,0.0009575329896
6737,0.0009236861079,0.0009317030344
6738,0.001096882159,0.0008735939773
6739,0.0009635373062,0.0007945765828
6740,0.001000041837,0.0009471636149
6741,0.0009471682642,0.001016569455
6742,0.0009025095715,0.0008671456198
6743,0.000896781421,0.001000318913
6744,0.0008402491512,0.0007584408304
6745,0.0009347598025,0.0007554066251
6746,0.000922402447,0.0007489774289
6747,0.0009375490845,0.001027764221
6748,0.00126397064,0.0008862637915
6749,0.0009826351961,0.000893687713
6750,0.001168831579,0.000874915786
6751,0.0009030263827,0.0009413594744
6752,0.0009042562669,0.0009309829038
6753,0.001001230659,0.0008358758059
6754,0.0009570605398,0.0007724348252
6755,0.001062484502,0.001001351062
6756,0.0008301706475,0.0008004416159
6757,0.0009242642045,0.0009350964901
6758,0.0009959059244,0.001049613042
6759,0.0008967734902,0.0008917307714
6760,0.0009007386252,0.0008750467896
6761,0.001006936778,0.0007876540767
6762,0.000995815426,0.0006422633123
6763,0.0007958444912,0.0007801468746
6764,0.0008569156271,0.0008475026189
6765,0.0009421871218,0.0007251082934
6766,0.0009238953644,0.0009330937828
6767,0.0009148824611,0.0008210371743
6768,0.001042590724,0.0008476914809
6769,0.0009623583755,0.00082561405
6770,0.0008237357688,0.0009575606236
6771,0.0008836576089,0.0007381362375
6772,0.001110412653,0.0008621111338
6773,0.0008554225133,0.0007633837595
6774,0.0008044411443,0.0009973511987
6775,0.0007850120601,0.0008652722827
6776,0.0008603720562,0.0008632253812
6777,0.0007998620204,0.0008810464642
6778,0.0008438453879,0.0009110024985
6779,0.0009847251349,0.001053036125
6780,0.0008612178717,0.0008771991343
6781,0.0009250143339,0.0008739539262
6782,0.001132841913,0.0008523503639
6783,0.0009626018291,0.0007122657771
6784,0.00107652686,0.0008218375151
6785,0.001016419454,0.0008320991474
6786,0.001110817,0.0008943034118
6787,0.0006966155197,0.0009328825399
6788,0.0009075781345,0.0008921511981
6789,0.00089703704,0.0009272925599
6790,0.0006937501676,0.0007258711048
6791,0.001016673552,0.000746960075
6792,0.0008120857383,0.001003171223
6793,0.0008590489451,0.0008820302101
6794,0.0008402636158,0.00079816363
6795,0.000961046906,0.0008447265282
6796,0.001030112871,0.0009053678732
6797,0.001044621087,0.0007675773522
6798,0.0008143685773,0.0008403955362
6799,0.0008325713861,0.0008430728922
6800,0.0007732374143,0.0008535244633
6801,0.0008649424854,0.0007866279411
6802,0.00118418815,0.0008474996248
6803,0.0007803303197,0.0007721993679
6804,0.001010263397,0.0008620172011
6805,0.0008532602187,0.001033966364
6806,0.001002831326,0.0008335785169
6807,0.0009239119536,0.001167622606
6808,0.0009385963785,0.000913678392
6809,0.0007966297417,0.0009047359054
6810,0.001029512372,0.0009167192839
6811,0.0009484246984,0.000887190974
6812,0.0008350121861,0.00070834894
6813,0.001000953795,0.0008793299276
6814,0.0009057915304,0.0009468071657
6815,0.0008619933069,0.0008925077636
6816,0.0008036990766,0.0008574899912
6817,0.0009533737248,0.0008973280637
6818,0.0007290098947,0.0008054102
6819,0.001049257542,0.0008545097589
6820,0.0008193263639,0.0007899455086
6821,0.000894640114,0.0009636019458
6822,0.0009316654759,0.000982856378
6823,0.001039689763,0.0007621491895
6824,0.0008078849642,0.0007652721652
6825,0.0007713931409,0.0008984392043
6826,0.001089296085,0.00078838646
6827,0.001006854058,0.000945052132
6828,0.001008623738,0.000825402778
6829,0.0009370017069,0.0007197464365
6830,0.0009176521708,0.0007566324166
6831,0.001035838512,0.0009254063043
6832,0.0008113440344,0.0008901820183
6833,0.0009936572314,0.0008852050669
6834,0.0009831604038,0.0009876577096
6835,0.0008530931082,0.0008172853122
6836,0.0009394843,0.0009428556077
6837,0.0009368159954,0.0009312630937
6838,0.0009507655632,0.0008832585881
6839,0.0008431773895,0.0008336714454
6840,0.001153983794,0.0007706635806
6841,0.0009277968929,0.0008580625436
6842,0.0008294988947,0.0008453784321
6843,0.000960490841,0.0008803815508
6844,0.0009108661325,0.0009220497814
6845,0.001189530987,0.0008472173286
6846,0.0008331951685,0.0008994519303
6847,0.0009139987596,0.0008610597943
6848,0.0009926540006,0.000745648962
6849,0.0008671170435,0.0008585343166
6850,0.0008952755161,0.0009534367855
6851,0.0009311165923,0.001027871767
6852,0.0009586821179,0.0008246066354
6853,0.000933115487,0.0009543769775
6854,0.000825497882,0.0008555923268
6855,0.0008899786262,0.0008850065642
6856,0.0009621789432,0.0009980615505
6857,0.0008597188644,0.0008378836719
6858,0.0009648069536,0.001100786394
6859,0.001065129407,0.0008900419052
6860,0.001064991731,0.000752349355
6861,0.0009226948678,0.0008207282954
6862,0.001136790059,0.000867608549
6863,0.0009000373102,0.0008329670745
6864,0.0008465166975,0.0008440159727
6865,0.0009399304763,0.000756760659
6866,0.0009257086131,0.0009885091058
6867,0.0009092083637,0.0008768803818
6868,0.0008385785695,0.0009979253082
6869,0.0008447845248,0.0007798833612
6870,0.0009557662779,0.0007107940182
6871,0.0008502137644,0.000832314181
6872,0.0009309296584,0.0009422573203
6873,0.000773730615,0.0007704250602
6874,0.0008569632701,0.0009180676134
6875,0.000829182587,0.0008805963371
6876,0.0008731446433,0.0009061205201
6877,0.0009111108739,0.0008579044515
6878,0.0008559098424,0.0007653519715
6879,0.0008086034868,0.000848715601
6880,0.0009977960144,0.000753495362
6881,0.0009345284197,0.0008122071958
6882,0.0008087387978,0.0007293396484
6883,0.0009597499156,0.0009147859091
6884,0.0008693386408,0.0009080513555
6885,0.0008353699086,0.0007912889596
6886,0.0007951538937,0.0008500203621
6887,0.001029870473,0.001069179125
6888,0.0009887008273,0.0009787460003
6889,0.0008244139754,0.000922575302
6890,0.0009009858186,0.0007139810332
6891,0.00094241037,0.0006595223676
6892,0.0009777788946,0.0009129802675
6893,0.0008294987565,0.0007554893928
6894,0.0008193622562,0.001029212828
6895,0.0007384036217,0.0007793381665
6896,0.0008679075981,0.0007983528412
6897,0.001059889044,0.0008182951569
6898,0.0009369863983,0.0008120328421
6899,0.0007725304167,0.0008923628411
6900,0.0009512135221,0.0007179722161
6901,0.0009977940572,0.0007418649766
6902,0.0008856890563,0.001014459049
6903,0.0007435772568,0.0008070693148
6904,0.0007993774198,0.0007712910374
6905,0.0009601337151,0.0007654408109
6906,0.00106807382,0.0009716722707
6907,0.0009736115317,0.0008620088811
6908,0.0009058000651,0.0009532601616
6909,0.0009624934028,0.001019978175
6910,0.001090362071,0.0007672789143
6911,0.000888039016,0.0008887882941
6912,0.001131131605,0.0008908520031
6913,0.0007885641244,0.0009643992671
6914,0.001025844242,0.0009350769033
6915,0.0008862984323,0.0009233625606
6916,0.001009876003,0.0008108360926
6917,0.0008239174131,0.00083900139
6918,0.0008922019115,0.0008991518553
6919,0.0009736627762,0.0008049474491
6920,0.0007689037229,0.0008680260362
6921,0.0009079925658,0.0008114538723
6922,0.0008831916275,0.0008282821218
6923,0.0009255727491,0.0008849103178
6924,0.0008886166834,0.0008179575234
6925,0.0009333565322,0.0008421965467
6926,0.001061071249,0.000860075379
6927,0.0009407411198,0.0007549912043
6928,0.0007830962932,0.0008711792689
6929,0.000987104424,0.0009258311111
6930,0.0009091929969,0.0008016841748
6931,0.0007885452069,0.0009121993098
6932,0.0008592629893,0.0008877040091
6933,0.0008570454156,0.0009182932918
6934,0.000977105221,0.0008418095385
6935,0.001007355109,0.0007652593631
6936,0.0009351732224,0.0008718929967
6937,0.0008961365529,0.0009279651567
6938,0.0008297198074,0.0008492425404
6939,0.001061355943,0.0008604403847
6940,0.000837252941,0.0007915643655
6941,0.0009547798982,0.0007503019551
6942,0.0007916239665,0.001079499372
6943,0.0008682111147,0.0008537512549
6944,0.0009242568631,0.0007591404283
6945,0.0009350519467,0.001004226528
6946,0.0008491594926,0.0008683806154
6947,0.0009507457726,0.0008322208159
6948,0.0008881388567,0.0008703084895
6949,0.001118755164,0.0007868365574
6950,0.0009146527809,0.0007422208437
6951,0.0007964004617,0.0009443577292
6952,0.0009984890639,0.0007631877706
6953,0.0009912757523,0.0007559169098
6954,0.0009610081906,0.0009382582721
6955,0.0009357760719,0.0008438634468
6956,0.0008857135836,0.0008585909163
6957,0.0009069296138,0.0009422683324
6958,0.0009441689836,0.0008557411093
6959,0.0009681579395,0.000890439318
6960,0.0009017426564,0.0008166398984
6961,0.000971404952,0.0007435080552
6962,0.0009700100782,0.0009084664052
6963,0.001067339319,0.0008957321406
6964,0.0007064166348,0.000963391336
6965,0.001068732614,0.001030467334
6966,0.0009151283593,0.0006922162283
6967,0.0009760269677,0.001021667915
6968,0.001042582771,0.0007685054734
6969,0.0008596974512,0.0008095301091
6970,0.0009259690487,0.0009012673836
6971,0.000837847685,0.0008282253839
6972,0.0008293604333,0.000932366529
6973,0.0006929770025,0.000806197495
6974,0.001016676426,0.0009439751011
6975,0.001029613071,0.0007873850263
6976,0.0008087726492,0.0009758820233
6977,0.0009736059365,0.0007624173668
6978,0.0009871487928,0.000832218524
6979,0.0008867147699,0.001037111673
6980,0.001114757099,0.0009166680684
6981,0.001077052242,0.0008229452797
6982,0.001026735656,0.00102445692
6983,0.001140855624,0.0008766836545
6984,0.001011831497,0.0008036846993
6985,0.001075560096,0.001087928613
6986,0.0008693639757,0.0008338895641
6987,0.001220157799,0.000928350848
6988,0.0008850671875,0.0008718309255
6989,0.0009416726025,0.0008738575852
6990,0.0009732207473,0.0006398755941
6991,0.0009737885048,0.0009024301471
6992,0.0008607023046,0.0008516810412
6993,0.0008575404136,0.0009189652847
6994,0.0009435583124,0.001140402732
6995,0.001068141646,0.0008396114426
6996,0.0009351870976,0.0009120885807
6997,0.0008582985683,0.0008016274223
6998,0.0009384037985,0.001050200088
6999,0.0009630675559,0.0007734776664
7000,0.0008279536851,0.0009697078494
7001,0.0007898221957,0.0007270523492
7002,0.0007481661305,0.001171178497
7003,0.000968916509,0.0008864049232
7004,0.0009929955486,0.0009256400117
7005,0.0009578283061,0.0009214045131
7006,0.0008288952376,0.000705370956
7007,0.0008839781731,0.0009206079121
7008,0.000907184578,0.0009550936811
7009,0.000864438407,0.0007572567338
7010,0.0008141343133,0.0008741370038
7011,0.000773947555,0.0007880454941
7012,0.0008538276306,0.0008856382483
7013,0.0008224197081,0.000854575359
7014,0.0008110957788,0.0008133172632
7015,0.0009412539512,0.0007300692887
7016,0.0008467561129,0.0009210401622
7017,0.0008370240321,0.0007517953054
7018,0.0008402514795,0.0007338155629
7019,0.0009209069904,0.0008280490438
7020,0.0007835873839,0.0008517838723
7021,0.001079546084,0.0008881233371
7022,0.000797473549,0.000851626326
7023,0.001032849847,0.0009185411109
7024,0.0009008998531,0.0008845396369
7025,0.001011660388,0.0007026093008
7026,0.000925924498,0.0009031916925
7027,0.0009302162071,0.0007490877251
7028,0.0008816783011,0.001077801433
7029,0.0009602639329,0.0008795826398
7030,0.0009847562542,0.0008526228921
7031,0.0008447387081,0.0008251123727
7032,0.0009308959998,0.0007705463358
7033,0.0009427891564,0.0008626221752
7034,0.001082938928,0.0007145370764
7035,0.0009886445696,0.0008184332692
7036,0.0009718117362,0.0009728099758
7037,0.001045154924,0.0009861758954
7038,0.0009156387387,0.0008854285843
7039,0.0009699155707,0.000988621352
7040,0.001011616652,0.0008907274168
7041,0.001054585227,0.0009452401209
7042,0.0009615079616,0.0008486777515
7043,0.0008390984076,0.000921576604
7044,0.0008279800022,0.0007805595451
7045,0.00101616219,0.0008956612728
7046,0.001025424215,0.0007440187655
7047,0.0009545301582,0.0009410215207
7048,0.0008848161742,0.0009736542997
7049,0.001349050079,0.0008074264115
7050,0.0008283559873,0.0008524561126
7051,0.000827301199,0.0008375022808
7052,0.0008078815881,0.000941993625
7053,0.0008703804997,0.000873918194
7054,0.0008656974242,0.0007725006471
7055,0.000793457868,0.0008267754092
7056,0.0008874758059,0.0008263333948
7057,0.0008428749279,0.0007995384221
7058,0.0009050550943,0.0009249484283
7059,0.0007875139636,0.0008350520948
7060,0.0009074707195,0.000691576548
7061,0.001083841162,0.001064931996
7062,0.0008495277361,0.0007828917878
7063,0.000915784367,0.0008040499233
7064,0.0009562976411,0.001011453482
7065,0.0009957844741,0.0008405347762
7066,0.001027134378,0.0007136435488
7067,0.0009012097726,0.001274616836
7068,0.0009800506014,0.001006334409
7069,0.0008825357072,0.0008044607021
7070,0.0008635513077,0.0008051047116
7071,0.0009540855172,0.0008787845145
7072,0.0008291524791,0.0008001046663
7073,0.0008328240656,0.0008939079707
7074,0.0008845568591,0.001008670428
7075,0.001107270502,0.0008165680119
7076,0.001068707214,0.0009777130981
7077,0.0008142802326,0.0008005055497
7078,0.0009974909626,0.000875791804
7079,0.0008858106012,0.0007522851665
7080,0.0009265420595,0.00090555106
7081,0.0008252826083,0.0009737308355
7082,0.0008017873988,0.0007912802394
7083,0.0008352022196,0.0007459633234
7084,0.0009212203222,0.0008634464102
7085,0.0007921134602,0.0009638596312
7086,0.001052400905,0.0009584318832
7087,0.001204036889,0.0007865397783
7088,0.0008710879265,0.0009696400302
7089,0.001087112731,0.000840540335
7090,0.0009465495677,0.0007978681606
7091,0.0007954265711,0.000947143235
7092,0.0008546216632,0.000727942519
7093,0.0008369915668,0.0006741116122
7094,0.0009636964314,0.0007732253071
7095,0.000896560734,0.0007377760267
7096,0.0008947378155,0.001017312046
7097,0.0007419321337,0.001032702188
7098,0.0008575706306,0.0009643884623
7099,0.0009962050535,0.000896308964
7100,0.0008782791483,0.0008182513084
7101,0.0008838198773,0.0008009221783
7102,0.0008912376288,0.0006053677025
7103,0.001027297527,0.0008511195192
7104,0.000879978259,0.00104926926
7105,0.0008300028639,0.0009572173585
7106,0.0009920481389,0.0008791090295
7107,0.0008052082121,0.0007604157945
7108,0.0008786716135,0.0008679391613
7109,0.000815755433,0.001007660016
7110,0.0008458092125,0.0008531202366
7111,0.0008327993564,0.0007302230733
7112,0.0008080219559,0.0009177338361
7113,0.0009997743255,0.0008463756676
7114,0.0009741234026,0.0007908665211
7115,0.0009573416464,0.0008466033396
7116,0.0009197827676,0.0007977005589
7117,0.001172308424,0.000891912503
7118,0.0007961459123,0.0007790074087
7119,0.0009448098062,0.0008401952946
7120,0.0009735298954,0.0009845891473
7121,0.001104354546,0.0008135334574
7122,0.0008952221324,0.0008894186831
7123,0.001045662102,0.0008702729319
7124,0.001075113338,0.0008604652467
7125,0.0007299703648,0.000867297189
7126,0.0009960601565,0.0007397298505
7127,0.0009226382899,0.0008162304439
7128,0.0008736411692,0.0008064588837
7129,0.0007131823913,0.0008332304787
7130,0.0007778613071,0.0007981949093
7131,0.0008004373376,0.0007953158274
7132,0.0008719514444,0.0008496794107
7133,0.000956423748,0.0008701507104
7134,0.000964029743,0.0007837116354
7135,0.0007504937894,0.0009071004388
7136,0.0009516744904,0.0008163821694
7137,0.0008810752115,0.0008739042169
7138,0.0008675123245,0.0009209275304
7139,0.0008057805317,0.0008206629645
7140,0.0008336287283,0.0008333836595
7141,0.0009187279866,0.0008946446615
7142,0.0008034765196,0.0008362442823
7143,0.0007997965149,0.001076717599
7144,0.000868405099,0.0009299426383
7145,0.0007953647437,0.0008854801017
7146,0.0009811406417,0.0009037915515
7147,0.0007678203401,0.0008244001219
7148,0.0009840291968,0.0009779795946
7149,0.0009582680796,0.0008717907476
7150,0.001210286049,0.0007722232549
7151,0.0009832268188,0.001125979739
7152,0.0008865553682,0.0007546680863
7153,0.0008075485894,0.0007962806412
7154,0.0009048550055,0.000717201503
7155,0.0007275545177,0.0008108188485
7156,0.0009304572304,0.0008723134888
7157,0.0009639771961,0.000819338602
7158,0.0009899356082,0.001036102069
7159,0.0008035233186,0.0009042143574
7160,0.0007553564355,0.0008623104368
7161,0.001112878752,0.0008723966966
7162,0.0008395253535,0.000766927089
7163,0.0008722894927,0.0008423569307
7164,0.0008698346501,0.0006825927412
7165,0.0008869366357,0.0008459509481
7166,0.0008677498408,0.000770091101
7167,0.0008722053753,0.0008847244098
7168,0.0009940227392,0.0007665662924
7169,0.0007408432066,0.0009583784413
7170,0.0008993159863,0.0008735382726
7171,0.0009274974145,0.0007228330251
7172,0.0008985455061,0.0009323259437
7173,0.0009389420593,0.0009545398279
7174,0.0009108282029,0.0008288784375
7175,0.0008685428256,0.0008053042475
7176,0.0009685634868,0.0009708214347
7177,0.0008719320758,0.0008848040379
7178,0.0007872798087,0.001003099718
7179,0.0009322585611,0.0009779858301
7180,0.001098734268,0.00114147758
7181,0.0008211456006,0.0007443650466
7182,0.001222401304,0.0008899161039
7183,0.001069359816,0.0009696275301
7184,0.0009172958817,0.0007716362452
7185,0.0008805001562,0.0007603068443
7186,0.0007741279333,0.0009948368679
7187,0.0009129819155,0.0009134869106
7188,0.00111861022,0.0007772737808
7189,0.0007758995853,0.0008362996377
7190,0.0009758911838,0.0007725223368
7191,0.001074164655,0.0008314055158
7192,0.0008712914932,0.0008308732067
7193,0.0008516533853,0.0007320902951
7194,0.0007874985313,0.0007607589723
7195,0.0007495508544,0.0008490325636
7196,0.0008508544997,0.0008781555443
7197,0.001114642371,0.0007576909848
7198,0.0009832803262,0.0008159201607
7199,0.0008347506227,0.0008949940311
7200,0.0007806723152,0.0007730042926
7201,0.0007684258162,0.0007901192148
7202,0.0008088693867,0.0008874135528
7203,0.001072980551,0.0008518991926
7204,0.00100348681,0.0008997961122
7205,0.0008618766224,0.0008951594355
7206,0.0008436171629,0.001064208438
7207,0.001043002594,0.0007362842007
7208,0.001004735357,0.0006527905061
7209,0.0008856980021,0.0008624966504
7210,0.0007946681726,0.0008710544025
7211,0.0008811313019,0.0008259861861
7212,0.0009279606966,0.0008512386485
7213,0.0008740762933,0.0009279059814
7214,0.0008911165642,0.001060599207
7215,0.0008171602749,0.0008838111535
7216,0.001011451212,0.0009080012314
7217,0.0009676320769,0.0007337703282
7218,0.0008882686161,0.0008515420486
7219,0.0008688624002,0.0008287861347
7220,0.0011557701,0.0007827555528
7221,0.001044122248,0.0009145350778
7222,0.0008317607426,0.0009830579729
7223,0.0009681489828,0.0008472675436
7224,0.0006688283866,0.0008521970449
7225,0.0008443762927,0.00102937335
7226,0.0008379660285,0.000902810265
7227,0.000973760285,0.000853932368
7228,0.0009252814052,0.001022130666
7229,0.0009047721614,0.0007378213122
7230,0.001026506121,0.0008671709948
7231,0.001100322348,0.0009024188766
7232,0.000860250213,0.0009187254254
7233,0.001108156961,0.0007524269604
7234,0.001002014578,0.0009580479382
7235,0.0009183581205,0.000868572919
7236,0.0007971964369,0.0009618792828
7237,0.0008486325023,0.0008661403408
7238,0.0008370125724,0.0008210696324
7239,0.0008604591421,0.0008139204947
7240,0.0008402283638,0.000874175741
7241,0.0008413551259,0.0007911175271
7242,0.0008999642741,0.001055592198
7243,0.000907232723,0.0008345985771
7244,0.0008151871516,0.0007429583384
7245,0.0008401562882,0.0009001877115
7246,0.0009517742728,0.0007766761046
7247,0.0009804633228,0.001068883364
7248,0.0007694353699,0.0007820580468
7249,0.0010090246,0.000801221533
7250,0.0009608472028,0.0006969969254
7251,0.001076714943,0.001026969556
7252,0.0007763223693,0.0007622182748
7253,0.0008590307916,0.0007795932252
7254,0.0007777641149,0.0009517871149
7255,0.0009345703293,0.0008327655378
7256,0.001120144741,0.0008800487267
7257,0.0008248861195,0.00077225735
7258,0.001038253042,0.000994195987
7259,0.0007714012609,0.000710678738
7260,0.0008227263716,0.0008233727785
7261,0.0007954347529,0.0009078419389
7262,0.001079513699,0.0008122616237
7263,0.0009938555741,0.0008292750135
7264,0.001110665973,0.0009744279669
7265,0.000865478687,0.0006998379104
7266,0.0008852416504,0.0007207787348
7267,0.0009256302365,0.0008828450955
7268,0.0008916104198,0.0007705448515
7269,0.0008577178087,0.0008783165904
7270,0.0008499063115,0.000786134784
7271,0.0008255183493,0.0008409978618
7272,0.0008536819078,0.000793974752
7273,0.000937903038,0.0007558179204
7274,0.0008007380311,0.0007687836405
7275,0.0006726300562,0.000767335212
7276,0.0009317577933,0.0007509788193
7277,0.0008043621347,0.0009036301344
7278,0.0008206537241,0.0007302623344
7279,0.0009117266964,0.00077358204
7280,0.0008086796952,0.0007708817138
7281,0.0006784181169,0.0006717662727
7282,0.0008204049809,0.0009511482494
7283,0.0009272075549,0.0008335881066
7284,0.0008390634612,0.0007785111957
7285,0.0009227975534,0.0006879432549
7286,0.001016173497,0.0008055452417
7287,0.000940588041,0.0007001370614
7288,0.0008092677672,0.000750593772
7289,0.001046335499,0.0007905200255
7290,0.00107400769,0.0007848312307
7291,0.0007369400446,0.0008281633054
7292,0.0007991709681,0.0007299222452
7293,0.0008762580765,0.001108424905
7294,0.0008393770258,0.0008792866647
7295,0.0008563323354,0.0007620363031
7296,0.0008706884546,0.0007694123633
7297,0.000935459022,0.0008152172886
7298,0.0009940994278,0.0009297343131
7299,0.0009991342595,0.0008565076132
7300,0.0008230422973,0.0008984777305
7301,0.0008682293628,0.0007294198076
7302,0.0008647258583,0.0008262533593
7303,0.0009007852495,0.001026473466
7304,0.0009379886251,0.000856922743
7305,0.0008368128656,0.0008289965408
7306,0.001071334002,0.000875503436
7307,0.0009044261096,0.0008774010057
7308,0.001028868035,0.0008673706034
7309,0.000826902673,0.0006494511254
7310,0.0008783311569,0.0008819616487
7311,0.0009849244307,0.0009916359631
7312,0.0007020442208,0.0008414750846
7313,0.001114585357,0.0007218171013
7314,0.0008706482113,0.0009156749147
7315,0.0007287699627,0.001001465658
7316,0.0007973653701,0.0009157533423
7317,0.0007085081124,0.0009706876881
7318,0.0007922015357,0.000752058033
7319,0.0007969796206,0.001014415211
7320,0.0008404420587,0.0009033881943
7321,0.0008198379874,0.0007855880322
7322,0.00101118091,0.0006730117202
7323,0.0009167999233,0.0009010287395
7324,0.001051913889,0.0009544397908
7325,0.0008917727173,0.0007804446868
7326,0.0009288977162,0.0008057400773
7327,0.0008751093919,0.0006983556123
7328,0.0009193815204,0.0007681286806
7329,0.0009684433389,0.000820812631
7330,0.0007581261161,0.0009167794597
7331,0.0009573458883,0.000827417105
7332,0.000792561681,0.0009790710465
7333,0.000746704849,0.0009520473177
7334,0.0009462313246,0.000799118272
7335,0.00088601686,0.000781839437
7336,0.000916695717,0.0007595187344
7337,0.0009918942014,0.0007484038142
7338,0.0008904899369,0.0009616480602
7339,0.001082749746,0.0008832074163
7340,0.001014613852,0.0007749009892
7341,0.000741323558,0.0008694203934
7342,0.0008147281478,0.0008804716708
7343,0.0007883951766,0.0008063703062
7344,0.0009052937894,0.0009183721995
7345,0.0009674673965,0.0008366123366
7346,0.0008787633269,0.0007759069777
7347,0.0009207036564,0.0007424763171
7348,0.000746435624,0.0008361476503
7349,0.0009096595459,0.0007986976925
7350,0.0008725005464,0.001004476238
7351,0.0008466940199,0.0007683636359
7352,0.0008367475966,0.0006796455782
7353,0.0009111150357,0.000977032767
7354,0.0009237821941,0.0007566280256
7355,0.0008765672537,0.000795761167
7356,0.0009676094487,0.0008611529629
7357,0.00077371308,0.0008346261311
7358,0.0007972972817,0.0007787341019
7359,0.0007593433984,0.0008133887459
7360,0.0009043945538,0.0007976428096
7361,0.0008262730189,0.0009467268392
7362,0.0008482771445,0.0008343368136
7363,0.0008639538355,0.0008369574352
7364,0.0009589082474,0.0009125036595
7365,0.0008656038699,0.0008293973733
7366,0.0007314726317,0.000800496302
7367,0.001182592532,0.0006774090798
7368,0.000920653285,0.0008617075073
7369,0.0009478464053,0.0007648878309
7370,0.0008458958473,0.0008930458716
7371,0.0008947353563,0.0009207948242
7372,0.000849339689,0.0008572985025
7373,0.0008314537918,0.000823014052
7374,0.0008242506156,0.000890106181
7375,0.0009220162756,0.0007908433763
7376,0.001094558567,0.0008420707309
7377,0.0009861192593,0.0008710191287
7378,0.0008630221419,0.0007202322522
7379,0.0007435431689,0.0008344500966
7380,0.0008221692478,0.0009220122665
7381,0.0009396184105,0.0008252865664
7382,0.0008368150229,0.0008681866602
7383,0.001174874007,0.0009002512925
7384,0.0009101159158,0.0008147091357
7385,0.0009005966349,0.0008591687656
7386,0.0008401105297,0.0009469951401
7387,0.001271878711,0.0008233475382
7388,0.001052562329,0.0009834694793
7389,0.00114316884,0.0007610156827
7390,0.0007632996785,0.0008723083301
7391,0.0008071742632,0.001135336344
7392,0.0008144267267,0.0007932734225
7393,0.0008354441379,0.0009218098494
7394,0.0008461290709,0.0009563375497
7395,0.0008569533311,0.000843368558
7396,0.001062972384,0.0008982588697
7397,0.000746414993,0.0006501229655
7398,0.0009264350592,0.0008053073179
7399,0.001043432741,0.0008592179584
7400,0.0008988079062,0.0008367907503
7401,0.0007186262665,0.0008778842966
7402,0.0007881052225,0.0008642769462
7403,0.0008825144978,0.0007989864607
7404,0.001019910378,0.0009291467868
7405,0.0007913279042,0.0007135333799
7406,0.0009108118466,0.0008052597987
7407,0.0007917842449,0.0008259852402
7408,0.0009768717646,0.001004863792
7409,0.0008621002416,0.0008619044238
7410,0.0010699376,0.0008566868419
7411,0.0009043071186,0.000947877772
7412,0.001053005057,0.0008407919013
7413,0.001014365778,0.0007955670444
7414,0.00103660149,0.0007333667127
7415,0.0007793427503,0.0009194759477
7416,0.001073975633,0.0009170684862
7417,0.0007384754572,0.0007914836679
7418,0.0009157900058,0.0009446886252
7419,0.001026299666,0.0009667685408
7420,0.0009193584192,0.0007677882495
7421,0.001097652959,0.0007938121853
7422,0.0008938627143,0.000855940787
7423,0.0008531420899,0.0008514020374
7424,0.0007479475971,0.0007785021589
7425,0.0009422700532,0.0007810796051
7426,0.0007076205511,0.0008485874132
7427,0.0007747330528,0.000801498878
7428,0.0009577558521,0.0008402639069
7429,0.0009831459538,0.0007395115754
7430,0.00107623541,0.0009303919069
7431,0.0008973521617,0.0008969120972
7432,0.0008809115752,0.0008356351173
7433,0.0009455843538,0.0007766666095
7434,0.000982597594,0.0008526849269
7435,0.0008593232342,0.000844543305
7436,0.0008629090153,0.0009914323236
7437,0.0008586917102,0.0008077584207
7438,0.0009210841235,0.0007590611203
7439,0.001132814556,0.0009061030323
7440,0.0009456131156,0.0006704316547
7441,0.0007948304483,0.0006754456153
7442,0.0008097427199,0.0008433229668
7443,0.000798772242,0.0009074674963
7444,0.0009318294542,0.0007333135145
7445,0.001009202933,0.0007766336275
7446,0.0008220442251,0.0006744584025
7447,0.001198415259,0.0008270449689
7448,0.0009395028756,0.0007630673426
7449,0.0008143436207,0.0006920753149
7450,0.0009998747191,0.0009201327703
7451,0.0008265427314,0.0007888581531
7452,0.0008881195099,0.0008720806582
7453,0.0007674908484,0.0008695373253
7454,0.0008746231833,0.0008717784731
7455,0.0008712366325,0.0008246395519
7456,0.0007254331576,0.0007042632024
7457,0.001036570648,0.001003819933
7458,0.0007842092455,0.0008149981404
7459,0.001020407872,0.0008745794039
7460,0.0008934366706,0.000808085184
7461,0.0008556580215,0.0009336863295
7462,0.0007674670851,0.0007042450088
7463,0.0009010975773,0.00079205359
7464,0.0009061056699,0.0008084746769
7465,0.001058204802,0.0007118468711
7466,0.0008148761844,0.0007426734592
7467,0.0008503906574,0.0009178426117
7468,0.0008351430297,0.0007811468531
7469,0.0009704326076,0.000732370012
7470,0.001037769696,0.0007962221207
7471,0.0008707055094,0.0008210745655
7472,0.0009975444118,0.0008929479955
7473,0.0009190853161,0.0008629423173
7474,0.0008779974014,0.0007366461141
7475,0.0008124691594,0.0006948601185
7476,0.001167958326,0.0007930264328
7477,0.0009086911887,0.0007468366821
7478,0.0008977152247,0.000643995103
7479,0.001000103031,0.0008176457923
7480,0.0009543346241,0.0008142001097
7481,0.0007470238634,0.0007792082688
7482,0.0008925057264,0.0008475757131
7483,0.0009203394366,0.0006487752689
7484,0.0008801380282,0.0007959942777
7485,0.0009124185744,0.000761242336
7486,0.0007767277857,0.0007864918298
7487,0.0008395731929,0.0009781509507
7488,0.0008411078525,0.0008202411191
7489,0.0009906644336,0.000764197699
7490,0.0009412543513,0.0009862815277
7491,0.0008592750601,0.0007743746719
7492,0.0009312073526,0.000789045167
7493,0.001064417884,0.0009182059002
7494,0.001078833273,0.0008875455751
7495,0.0008115692617,0.0008261908879
7496,0.0009625943858,0.0007534885808
7497,0.0007939142524,0.0008614604667
7498,0.001138480206,0.0008773379159
7499,0.0009514162593,0.0008261316179
7500,0.000842970876,0.0008533914806
7501,0.0008249501479,0.0007774111291
7502,0.001019662763,0.0008204731603
7503,0.0008507645762,0.00079247744
7504,0.0007206074515,0.0007392794032
7505,0.0007366497011,0.0007386501238
7506,0.000813990715,0.0008585952746
7507,0.0008465854771,0.0008033606173
7508,0.0009410167186,0.0007031340938
7509,0.001171019649,0.0009618265176
7510,0.001009040221,0.0007541285158
7511,0.0007119487054,0.0008709640097
7512,0.0009137682719,0.0009034312643
7513,0.0008504408397,0.0007813692282
7514,0.001061758237,0.0008916554143
7515,0.0008374027166,0.0008576738692
7516,0.001211919167,0.001008090825
7517,0.001070653896,0.0008058998646
7518,0.0008258183152,0.000810637528
7519,0.0008537703907,0.000769981656
7520,0.0007753719328,0.0009073679757
7521,0.0008435794589,0.0009293078037
7522,0.0008574363601,0.0007586583852
7523,0.001025987636,0.0009490343436
7524,0.001066792545,0.0009070220549
7525,0.0008087679671,0.0008587181364
7526,0.0009547968366,0.0009532127078
7527,0.0008400423831,0.0007719654532
7528,0.0008214558984,0.001016218223
7529,0.0007773918333,0.0007711836661
7530,0.0006764502614,0.0008108019611
7531,0.0007836412697,0.000829106626
7532,0.0007746173069,0.0009173302969
7533,0.0008561696959,0.0007524951579
7534,0.000841925601,0.0008950538759
7535,0.0008466948275,0.0009213518642
7536,0.000818667264,0.0008397687416
7537,0.0007832320116,0.0007762282621
7538,0.0008679427119,0.0008516025482
7539,0.0007832131014,0.000709460659
7540,0.0008952491335,0.000643805728
7541,0.0007521715161,0.0008101579442
7542,0.0009417373367,0.0007721630755
7543,0.0009196740066,0.0008470485918
7544,0.001006467137,0.0008528532999
7545,0.000849301352,0.000864742251
7546,0.0008179002689,0.0007860448241
7547,0.0008905136128,0.0008067646268
7548,0.0008437742363,0.0008157688426
7549,0.0007438828034,0.001038153743
7550,0.0008331687277,0.0008939998079
7551,0.0008547263496,0.0007975283879
7552,0.0006748635133,0.0007238431863
7553,0.0008185469051,0.000990173914
7554,0.0009192657308,0.0008320774541
7555,0.0008971662392,0.0007686591489
7556,0.0009047818894,0.0007093578351
7557,0.0009715665074,0.0008793002853
7558,0.00103477521,0.0006861545735
7559,0.0007036632815,0.0007803020089
7560,0.0007500997381,0.0008240924508
7561,0.0008539118135,0.000838793072
7562,0.0009807685637,0.0007257179059
7563,0.0008794281603,0.0008591407241
7564,0.0008409468355,0.0008563606825
7565,0.0008452789843,0.0007201623011
7566,0.000729962303,0.0006565239601
7567,0.0008180690274,0.0008972845462
7568,0.001045700163,0.0009716173008
7569,0.0008712392955,0.0009073076762
7570,0.0008936384402,0.0008183397658
7571,0.000710584638,0.0008849640508
7572,0.0008187101994,0.0007316757255
7573,0.0008721877857,0.000863344525
7574,0.0009347068481,0.0007975334156
7575,0.0008241505129,0.0009797075836
7576,0.001062547904,0.0009259696963
7577,0.0009587748573,0.0008939951949
7578,0.001207818328,0.0009706032433
7579,0.0008290821934,0.0008924338181
7580,0.0008218188523,0.0009304642081
7581,0.0009016217591,0.0008194101028
7582,0.0008501065095,0.000727639992
7583,0.0008513663124,0.0007247194226
7584,0.0008323829243,0.00071156997
7585,0.0009996233712,0.0009762632544
7586,0.0007016200325,0.0008196277558
7587,0.0008800415962,0.0008744572406
7588,0.0007225984882,0.0007429384423
7589,0.0009554598728,0.0008761720528
7590,0.0009472828897,0.0007214065336
7591,0.0008680296087,0.0008069388859
7592,0.0008974393495,0.0007269059206
7593,0.0007820226019,0.0007861924387
7594,0.0006836512039,0.0008460186291
7595,0.000881221793,0.001028494786
7596,0.0007291538786,0.0007164608214
7597,0.0008407852947,0.0006941393294
7598,0.0007259100057,0.0007992712162
7599,0.0008020589667,0.0008282094204
7600,0.0008171482041,0.0009434479944
7601,0.0008233443587,0.0008031501202
7602,0.001135413237,0.000705540373
7603,0.0008040714602,0.0008370808428
7604,0.0007462836656,0.0008469466193
7605,0.0009807060342,0.0007433096616
7606,0.0008586830154,0.0009823724249
7607,0.0008276637382,0.000762795069
7608,0.0008374232275,0.0007228310205
7609,0.0007696028333,0.0007891083224
7610,0.0008755102463,0.00067273893
7611,0.0008557640103,0.0006802895732
7612,0.001001506898,0.000738277944
7613,0.0009934340997,0.0007348150866
7614,0.0009629754786,0.0008480324032
7615,0.0008388950882,0.00072263123
7616,0.0007123997275,0.0008593001839
7617,0.0008939456893,0.000955191972
7618,0.0008879742745,0.0007102765885
7619,0.0007810365423,0.0007961454394
7620,0.00101429686,0.0008485241124
7621,0.0007686299214,0.0009457051347
7622,0.0008418836369,0.0007479123451
7623,0.0008536433525,0.0007275731841
7624,0.0010468322,0.000764452212
7625,0.0009809944968,0.0007643262397
7626,0.001042263859,0.0008134768723
7627,0.0008138295379,0.0009374897345
7628,0.0007328426291,0.0007854361029
7629,0.0009006131077,0.000847693067
7630,0.0009670189247,0.0009174015504
7631,0.000778786969,0.0007986955679
7632,0.0008635922713,0.0007856030788
7633,0.001013332832,0.0009803235516
7634,0.0007488091433,0.0007808166993
7635,0.0009049724686,0.0007840261096
7636,0.0009676842164,0.0008964291337
7637,0.0007879033728,0.0007974428299
7638,0.001099636618,0.0007562975152
7639,0.0008270567632,0.0009258850805
7640,0.001102801536,0.0007177740627
7641,0.0008341800421,0.0008066471055
7642,0.001001803925,0.0008361762593
7643,0.000881144013,0.0007907937324
7644,0.001077635876,0.0009074972622
7645,0.001017046547,0.0008001737515
7646,0.0009086234786,0.0007111039777
7647,0.0009650298016,0.0009129269602
7648,0.0007579322264,0.0007788315852
7649,0.001114908555,0.0007846363806
7650,0.0008955360026,0.0007558897414
7651,0.001001077067,0.001000642289
7652,0.000794241656,0.0007740771325
7653,0.001035445341,0.0007932636618
7654,0.000923765132,0.0008599686771
7655,0.0008046221919,0.0006778696079
7656,0.001218298996,0.0007121823583
7657,0.0007851265982,0.0007984249969
7658,0.0008638400905,0.000869912139
7659,0.001156193852,0.0007416146764
7660,0.0008900715256,0.0007581248865
7661,0.0009177912289,0.0007812519652
7662,0.0009595610027,0.001103779097
7663,0.00115955709,0.0007951463886
7664,0.001087764496,0.0007232172429
7665,0.0008670075404,0.0007951370499
7666,0.0008632400059,0.0007931554792
7667,0.0007821411491,0.0007506066431
7668,0.0008354555757,0.0007407856319
7669,0.0008595269392,0.0008237071306
7670,0.0007701563372,0.0007210177391
7671,0.0009805088994,0.0007129723745
7672,0.0008760278579,0.0008588814671
7673,0.001216778983,0.0006975050055
7674,0.0009175830783,0.0009017340853
7675,0.0009039531433,0.0008866610806
7676,0.001045231678,0.0007192099401
7677,0.001078062123,0.0006682118255
7678,0.001097616543,0.0009547502777
7679,0.0008727728928,0.000901163301
7680,0.000776758854,0.0007513607816
7681,0.000857479652,0.0007330758599
7682,0.0007507112241,0.0007109491307
7683,0.0008565904427,0.000896776306
7684,0.0009515671918,0.0008068189636
7685,0.0007910066488,0.0009094920752
7686,0.001122500209,0.000617972637
7687,0.000850810975,0.000687119129
7688,0.0009293909461,0.0008467306761
7689,0.0009045077677,0.0008018719891
7690,0.001004264574,0.0007481420544
7691,0.0009070875458,0.0008721140257
7692,0.0009568328678,0.0008117314792
7693,0.0009166605596,0.0007742609087
7694,0.0009255514669,0.0007466424868
7695,0.00110740769,0.0007743208444
7696,0.0008417224635,0.0007669489787
7697,0.0008860959279,0.0009344717255
7698,0.0008525402009,0.0009246012633
7699,0.0008555462191,0.001045747456
7700,0.0008080067491,0.0007214733268
7701,0.001095094776,0.0008461046818
7702,0.0008583357194,0.000885807327
7703,0.0008803482378,0.0007075004905
7704,0.0007799480227,0.0009109290477
7705,0.0008202559839,0.0006750848734
7706,0.0008165959734,0.0008491911431
7707,0.0008666525791,0.0007516469923
7708,0.0009248613569,0.0007378814807
7709,0.0009205736569,0.0006473153626
7710,0.0008978170445,0.0009035942858
7711,0.0008830779043,0.0005991925245
7712,0.0007823295673,0.0008776937248
7713,0.0007505850735,0.0007764181682
7714,0.0009497034771,0.0006888398639
7715,0.001074207932,0.0007270136048
7716,0.001073906569,0.0007751566227
7717,0.0007678042675,0.0008558006302
7718,0.0007799869782,0.0007960402145
7719,0.0007739294524,0.0008233049812
7720,0.0008452786642,0.0008794761925
7721,0.0008842084426,0.001067272955
7722,0.001001118355,0.0007086676087
7723,0.0009178982218,0.0007615934883
7724,0.0009287934954,0.0008855087217
7725,0.0008107382237,0.0007301542646
7726,0.0007536345947,0.0008068797251
7727,0.0009245503898,0.0006656311853
7728,0.0008605370967,0.0007443897484
7729,0.0008213861438,0.0007807436923
7730,0.0008196439885,0.0007525537076
7731,0.0009372600471,0.0008814945941
7732,0.001166340982,0.0009213743906
7733,0.001022541503,0.0008194535185
7734,0.0008929052783,0.0008731480484
7735,0.0007587950095,0.000841336645
7736,0.0007987851786,0.0008131848008
7737,0.0008256478395,0.0008303180366
7738,0.0008074873986,0.001031247295
7739,0.0008816717018,0.0008269661776
7740,0.001002619552,0.0007965843615
7741,0.0008867830693,0.000917593039
7742,0.0007219898325,0.0007492321165
7743,0.0007847753295,0.0008526470701
7744,0.000858383486,0.0007489644559
7745,0.0007549985748,0.0007289967325
7746,0.0008282506678,0.0008226335121
7747,0.0008908649397,0.0007258965124
7748,0.001038908427,0.0006945190216
7749,0.0007937992268,0.0009453503008
7750,0.0008839416769,0.0008127372457
7751,0.0007204093126,0.0007251194693
7752,0.0008225965066,0.0008579318273
7753,0.0007825919674,0.000841818648
7754,0.000887896982,0.000661670023
7755,0.0007742367816,0.000782861629
7756,0.0008266265577,0.0008963023065
7757,0.0008240902971,0.000796124059
7758,0.0008660239982,0.0009075803755
7759,0.0009221213768,0.0009986463265
7760,0.0008252948319,0.0008323558286
7761,0.000739694653,0.0006526331672
7762,0.0007898069962,0.0008217880168
7763,0.0007806306676,0.0007308075801
7764,0.0008051185869,0.0008425019987
7765,0.0008890527242,0.0008375458128
7766,0.0007419822869,0.0008646334245
7767,0.0009237987906,0.0007799637096
7768,0.0007372245054,0.0008038352498
7769,0.001029323837,0.001005725921
7770,0.0009635248352,0.000637082172
7771,0.0009436909095,0.0007174291386
7772,0.0008746115345,0.0006982269188
7773,0.0009408716942,0.0007755700244
7774,0.001034458146,0.0005559538076
7775,0.0007587182627,0.0007591444628
7776,0.0007540068764,0.001073935644
7777,0.0007802115724,0.0009397488466
7778,0.001023238328,0.000793828498
7779,0.0008117511752,0.0008972189025
7780,0.0008434978445,0.0007885096929
7781,0.0008936173472,0.0007653175198
7782,0.001020015909,0.0008413623145
7783,0.0007952055312,0.0009691181767
7784,0.0009519623381,0.0009869386849
7785,0.000803396033,0.0009352983107
7786,0.0007817817823,0.0008412089301
7787,0.0008018265071,0.0006716157732
7788,0.0007344980695,0.0006621266002
7789,0.0006746371873,0.0007259020858
7790,0.0008725260632,0.0006088278969
7791,0.0008550084021,0.0009398260081
7792,0.0008789992607,0.001016087866
7793,0.00069486344,0.0006833029875
7794,0.0008896449508,0.0009013566159
7795,0.0009427027508,0.0008224053454
7796,0.000845628012,0.0006742972037
7797,0.0007353508772,0.0009239913197
7798,0.0008795789108,0.0008702226369
7799,0.001126904215,0.000782441497
7800,0.0009090122112,0.000830968529
7801,0.0009077240902,0.0007537954807
7802,0.0009424093296,0.0008393551761
7803,0.0008427714929,0.0007851865012
7804,0.0007676139576,0.000894426732
7805,0.0009706184355,0.00071428917
7806,0.0008819216673,0.00097116697
7807,0.0008669323797,0.0008623383183
7808,0.0009237576014,0.0007006312371
7809,0.0008273949497,0.000755963425
7810,0.0008384708271,0.000834302904
7811,0.0007939801289,0.0008014569321
7812,0.0009033346869,0.0008226662467
7813,0.001078325979,0.0007438764405
7814,0.0009461334776,0.0007797191429
7815,0.0007873157156,0.0009281157327
7816,0.0008207216888,0.0007975809931
7817,0.0007357072755,0.0008847964564
7818,0.001003569494,0.0007365635429
7819,0.0008318883192,0.0009554924982
7820,0.0008222286997,0.00102217705
7821,0.0009176316744,0.0007049543274
7822,0.0009316165706,0.0007264222077
7823,0.0008442020408,0.000882467386
7824,0.0008538618204,0.0007797840444
7825,0.0009691382293,0.0009387072132
7826,0.0007763710528,0.0007804665365
7827,0.0008477848314,0.0006567398377
7828,0.0008627027346,0.0008319233239
7829,0.0009861922008,0.0007980185037
7830,0.0008147881017,0.0007749173928
7831,0.0008469107852,0.0006957870974
7832,0.0008828213031,0.0007720093163
7833,0.0009073526526,0.0008121263818
7834,0.0008004682422,0.0008364899404
7835,0.0009751788675,0.0008737397293
7836,0.0009087160506,0.000844936978
7837,0.0008087089882,0.0008115769451
7838,0.001052900741,0.0006991208065
7839,0.0008742641367,0.0008206427156
7840,0.001020085299,0.000638597201
7841,0.0009232513039,0.0008210076921
7842,0.0009543035485,0.0008242620752
7843,0.0009090340536,0.001007102714
7844,0.0008036001382,0.0007463583097
7845,0.001140325985,0.0007598179436
7846,0.0007217620005,0.0008613379614
7847,0.0008353808953,0.0009993839849
7848,0.000818548906,0.000980906625
7849,0.0007992928149,0.0007492645163
7850,0.0008469500608,0.0008868965888
7851,0.00109855293,0.000729441861
7852,0.0009569058893,0.0007536998237
7853,0.0007868623579,0.0006945876012
7854,0.00102662573,0.0007815711615
7855,0.000866559385,0.0007373667104
7856,0.0007792933611,0.0008354843085
7857,0.0008963160435,0.0006286979988
7858,0.000874692254,0.0006254423788
7859,0.0007788866278,0.0006613696169
7860,0.0009563565254,0.0008840238006
7861,0.0007824672502,0.0008442241742
7862,0.0007015424053,0.0008112823925
7863,0.0008815732363,0.0007350349551
7864,0.0007533821772,0.0008319322587
7865,0.0008115639212,0.0008271046754
7866,0.0007199084284,0.0006619066153
7867,0.0009063821999,0.0007991771199
7868,0.000749612489,0.0008376813275
7869,0.0007402718475,0.0008676910365
7870,0.0007819426974,0.000823921393
7871,0.0007919063719,0.0009214658712
7872,0.0008135277312,0.001004444843
7873,0.0007604378261,0.0008667299553
7874,0.001031826097,0.0008376520636
7875,0.0009320109602,0.0007657777678
7876,0.0009766892035,0.0007869522815
7877,0.0009363870231,0.0006368277136
7878,0.0009579310863,0.0006893122772
7879,0.0008173915121,0.000814232586
7880,0.0008112790092,0.0007741619265
7881,0.0008615444531,0.0007882077844
7882,0.0008385612964,0.000803720417
7883,0.001010868036,0.0008469145323
7884,0.0009260671504,0.0008738979886
7885,0.0008896360378,0.0008588706551
7886,0.0008922555207,0.001003461162
7887,0.0008497921517,0.0009546140136
7888,0.001109051154,0.0005920641743
7889,0.0008830301231,0.0008705726796
7890,0.0009327079388,0.0008270248072
7891,0.0007500123538,0.0006484632468
7892,0.0008430704038,0.0008624295879
7893,0.0009494499755,0.0009057624411
7894,0.0008198192663,0.0007513673008
7895,0.0008287363598,0.0006900702938
7896,0.0007677499925,0.001005399827
7897,0.0008495144211,0.0009100203715
7898,0.0008157539996,0.0009763562775
7899,0.0007899187403,0.0008117844118
7900,0.000801566086,0.0008988564623
7901,0.0009266255365,0.0008088146424
7902,0.0008957220125,0.0007820403625
7903,0.0009723113908,0.0007598362718
7904,0.0009872931696,0.0008461070611
7905,0.0008853758918,0.0008818806818
7906,0.0007135442356,0.000756202644
7907,0.0008397333004,0.0008232520922
7908,0.0009389249026,0.0008840165028
7909,0.00098988237,0.0008284660362
7910,0.0008352841724,0.0009038085554
7911,0.001061691095,0.0007644332254
7912,0.001038675015,0.0007703416632
7913,0.0008458995799,0.000852796562
7914,0.0008854775588,0.0007593323826
7915,0.0008348394767,0.0008130701244
7916,0.0009665593243,0.0007158374428
7917,0.000909296512,0.0007149262929
7918,0.0007929440326,0.0008716512821
7919,0.0007172524056,0.0007958560891
7920,0.0009483421964,0.0007169237724
7921,0.0007506536058,0.0008794738642
7922,0.0008708762543,0.0008396424528
7923,0.0008554448141,0.0008021013127
7924,0.0008593093444,0.0007623833953
7925,0.0007778193249,0.0006958099912
7926,0.0007866082742,0.0006964622989
7927,0.001085562515,0.0007519754072
7928,0.0009590699483,0.0008373396413
7929,0.0009330615285,0.0009339204407
7930,0.0007199625907,0.001024224861
7931,0.0007683173753,0.0009072658577
7932,0.0009313137925,0.0009636844479
7933,0.0007553882606,0.0007331646229
7934,0.000809524754,0.0008473796261
7935,0.001066960664,0.0007375228161
7936,0.0008437369688,0.0008952047065
7937,0.001010503271,0.0008049127573
7938,0.0008146546097,0.0009057442003
7939,0.0009353260975,0.0009113782144
7940,0.0009084538469,0.0007842123305
7941,0.0007998711881,0.000791554532
7942,0.0008031711332,0.0008073200588
7943,0.0008360202773,0.0007195901853
7944,0.001002909594,0.0008127166584
7945,0.0008936917002,0.0008461828984
7946,0.0008859931622,0.0007705823009
7947,0.0008815374676,0.000685239429
7948,0.0009241466541,0.0008630513767
7949,0.0007686442186,0.0006849134443
7950,0.0008576323744,0.0007941066651
7951,0.0009059798394,0.0009405611054
7952,0.0008761886857,0.0006999463585
7953,0.000984886261,0.0007469747543
7954,0.0008563291267,0.0008051449549
7955,0.001035161316,0.0007602849946
7956,0.0009151222912,0.0006261558374
7957,0.0009524438865,0.0006414661293
7958,0.0009202570509,0.0007742527014
7959,0.0007398847592,0.0008841736853
7960,0.0007677079993,0.0007842449559
7961,0.001091910424,0.0006541668045
7962,0.0009161584094,0.0008319974513
7963,0.0008933643476,0.0006659329047
7964,0.0009404330995,0.0007642638375
7965,0.0008743498984,0.0008166372463
7966,0.0009123827986,0.0008944322253
7967,0.0009251239317,0.0007584325213
7968,0.0009707774443,0.0007723677045
7969,0.0008807501072,0.000826154821
7970,0.0007640823751,0.0009350617802
7971,0.0007159412489,0.0006858651905
7972,0.0008667434086,0.0006551548177
7973,0.0008705743385,0.0008590446378
7974,0.0008314678416,0.0009356653391
7975,0.0007945504185,0.0008705044747
7976,0.0007937745686,0.0007385277713
7977,0.000809443125,0.0007622168487
7978,0.0008535854431,0.0005852758441
7979,0.0007531310475,0.000895484729
7980,0.0007247767644,0.0008549155609
7981,0.0009242594169,0.0008265761498
7982,0.0007917627954,0.0009814884834
7983,0.001028548031,0.0007487023904
7984,0.0008241806136,0.0008205806371
7985,0.0008631775927,0.0009596871896
7986,0.0008373524179,0.0007544012042
7987,0.0008126785979,0.0008908877135
7988,0.0007051055909,0.0007480148779
7989,0.0008063810892,0.0008809481951
7990,0.001146057417,0.0007864959043
7991,0.0008890987228,0.0007190895085
7992,0.0006944009583,0.0008060197433
7993,0.000929337235,0.0007839099635
7994,0.0008642578177,0.001041754447
7995,0.0009154153595,0.0007816091675
7996,0.0008489050015,0.000854206417
7997,0.0008175595576,0.000847699208
7998,0.0007990616868,0.0008652335418
7999,0.0009234547688,0.000732159675
8000,0.0009110651736,0.000856016879
8001,0.0008057367813,0.000643364292
8002,0.0007667679893,0.0007538372665
8003,0.0009974821005,0.00100042182
8004,0.0009235426769,0.0006633936027
8005,0.0008710539041,0.0007491091674
8006,0.0007180385292,0.0007717687877
8007,0.0007406636869,0.0007387383303
8008,0.0008545232922,0.0007553211108
8009,0.0009354775248,0.0008201553828
8010,0.0009295051277,0.0008836170164
8011,0.0008812234664,0.0006875675244
8012,0.001068664817,0.0006953346747
8013,0.0006862917289,0.0007120362279
8014,0.000976540352,0.0007531822557
8015,0.0006859908535,0.0008026859505
8016,0.000817009186,0.0007498633131
8017,0.000871035867,0.0007417358611
8018,0.0007849633184,0.0008129230628
8019,0.0008362374647,0.000728251769
8020,0.0009075452799,0.0007550797018
8021,0.0008858367219,0.0009127722951
8022,0.0008357467304,0.001040025782
8023,0.0007066383987,0.0007150515048
8024,0.0008428185538,0.0008119464546
8025,0.0009179698027,0.0008201151868
8026,0.000795357184,0.0008808422135
8027,0.0008076675804,0.0009645684477
8028,0.0008587421544,0.0007933075831
8029,0.0007700342539,0.0008175999028
8030,0.001007046645,0.0008794378446
8031,0.0008055020699,0.000715960774
8032,0.0007819121602,0.0006286089556
8033,0.0009249758295,0.0007835569049
8034,0.0008905351569,0.0006862404043
8035,0.0008618630018,0.0007008229913
8036,0.0007621436307,0.0006984549109
8037,0.000877084276,0.0007781963723
8038,0.0007310119399,0.0008946943199
8039,0.0007630419132,0.0006736652067
8040,0.0008639226144,0.0006842545117
8041,0.0009789639007,0.000765837096
8042,0.0009374838555,0.000908985523
8043,0.0009633374721,0.0007267897963
8044,0.0009398696056,0.0007621744226
8045,0.0008151442889,0.0009067539722
8046,0.0008992595904,0.0007536294652
8047,0.001069485486,0.0008300964182
8048,0.001049699327,0.0007878885917
8049,0.001008734522,0.0007557327044
8050,0.0006946725771,0.0009514568737
8051,0.0009337981828,0.0007733345119
8052,0.0008343706868,0.0008389007708
8053,0.0007236772508,0.000828451648
8054,0.0009090646054,0.0007127069439
8055,0.0007011390408,0.0008354674865
8056,0.0007316801493,0.000755273657
8057,0.0007757245403,0.0007986232304
8058,0.0007990889644,0.0007734042229
8059,0.0006756357252,0.0007334431502
8060,0.0008671916985,0.0009498297004
8061,0.000953786941,0.0006758519085
8062,0.0008843839532,0.0007181824112
8063,0.0008386530244,0.0009064674159
8064,0.0006782830969,0.0006336313381
8065,0.0009006268738,0.0008847541321
8066,0.001126434086,0.0009756108993
8067,0.0009815683152,0.0007131445964
8068,0.0009067027568,0.0008556449538
8069,0.0009274388794,0.0007741327718
8070,0.0008388852839,0.0008586024123
8071,0.0007844288848,0.0008034933198
8072,0.0008910269535,0.0006487116916
8073,0.0007837008015,0.0007635578659
8074,0.000746719561,0.0007734076826
8075,0.0008458297016,0.0007492705627
8076,0.0009187562318,0.0008114149896
8077,0.000690535031,0.0007001881822
8078,0.0008466800864,0.0007365903766
8079,0.001042970864,0.000821425303
8080,0.00100643644,0.0008109183254
8081,0.0008227892831,0.0008148593261
8082,0.0009224881069,0.001010275319
8083,0.000741929387,0.0006366521411
8084,0.000822727372,0.0007936746988
8085,0.0007763429603,0.0007900156634
8086,0.000772238549,0.0006869809076
8087,0.0007738519016,0.0007576031712
8088,0.0009609991685,0.0007738432614
8089,0.000766750185,0.000863728048
8090,0.000690808276,0.0009677271155
8091,0.0008562838411,0.0006959057573
8092,0.0008035033607,0.0008374306053
8093,0.0008973650474,0.0008697874437
8094,0.0009603050712,0.0006790057159
8095,0.0008241973483,0.0009068738509
8096,0.0009318205121,0.0008700908729
8097,0.0007570858943,0.000752673488
8098,0.0008791427026,0.0009675811525
8099,0.0008081019187,0.0006856329965
8100,0.0008262024712,0.0007516730184
8101,0.0007974799737,0.0009765917202
8102,0.0006872024642,0.0007790388663
8103,0.000839825494,0.0007346457132
8104,0.0008856582717,0.0008666558788
8105,0.0007563875042,0.0007138796245
8106,0.0007581084355,0.0008660425883
8107,0.000851067387,0.0007307488886
8108,0.0008334690574,0.0007322470192
8109,0.0007753045138,0.000844789749
8110,0.0009258967948,0.0008051302721
8111,0.000769419501,0.0007552282259
8112,0.0007854230716,0.0007264219275
8113,0.0006616685241,0.0008914745486
8114,0.0006966688525,0.0007860086625
8115,0.000813640625,0.0006942599866
8116,0.0009645894388,0.0007626482839
8117,0.0009496313069,0.001006395694
8118,0.0009184030459,0.0006809032093
8119,0.0008527807513,0.0007165442476
8120,0.000763511307,0.0006783656245
8121,0.000837618747,0.0007492103759
8122,0.0006798867835,0.0010639299
8123,0.0007586563588,0.0009100621683
8124,0.0008515176014,0.0006866699041
8125,0.0009425074895,0.0008275563741
8126,0.000863154004,0.0009147408418
8127,0.0009098816008,0.0008205065242
8128,0.0008255218054,0.0007070349093
8129,0.0009704911354,0.000788923302
8130,0.0008181708981,0.0007770427328
8131,0.0007209906544,0.0007160947389
8132,0.0007400098984,0.0007826499386
8133,0.0008304128569,0.0006738151678
8134,0.0008699612226,0.0007378238188
8135,0.0008586864569,0.0008882087641
8136,0.0007777789433,0.0008540237613
8137,0.0008048503078,0.0006645236244
8138,0.0007024131992,0.000720314998
8139,0.001079052417,0.0008080304397
8140,0.0009333990165,0.0007515638827
8141,0.0009820674532,0.0007191145196
8142,0.0007843941203,0.000926285531
8143,0.0008877682194,0.0008227715734
8144,0.0007530449511,0.0006796675225
8145,0.0008131940049,0.0006520576026
8146,0.0008062913475,0.0007674084263
8147,0.0009526552822,0.0007129100741
8148,0.0008188782958,0.0008189637447
8149,0.0008630979282,0.0007632941561
8150,0.0008081988271,0.0007325015613
8151,0.0009648205378,0.0008486377556
8152,0.000816144493,0.0009391875137
8153,0.0007261623105,0.0008373800956
8154,0.0008996930119,0.0008939731124
8155,0.0009667964878,0.0006844471282
8156,0.0006352882046,0.0007068138511
8157,0.0006524516066,0.0007431178128
8158,0.0009386066595,0.0008149489367
8159,0.0006550231701,0.0008637403589
8160,0.0007040102173,0.0008557141555
8161,0.0008280038965,0.0009466415358
8162,0.0009205936876,0.0007965814584
8163,0.000813361381,0.0009309374291
8164,0.0007958718925,0.0007880762569
8165,0.0007901845674,0.0007332535897
8166,0.000653606523,0.0008018692679
8167,0.0007062047735,0.0007062076438
8168,0.0009619088523,0.0008974977318
8169,0.0007909417764,0.0007403488416
8170,0.001095294247,0.0008328787953
8171,0.0008124599408,0.0007404023891
8172,0.0006516805806,0.0007919088166
8173,0.0008238469745,0.0007507103946
8174,0.001136224862,0.0009888447021
8175,0.000869482501,0.0007803993467
8176,0.000801072536,0.0008070727927
8177,0.0006149006767,0.0009094133638
8178,0.0008752708018,0.0007870553964
8179,0.0009652906447,0.00104692093
8180,0.0007417073793,0.0007568063083
8181,0.001037944508,0.0007675937304
8182,0.001104834693,0.000894805562
8183,0.0007306014886,0.0007813083648
8184,0.000873729572,0.0007278836783
8185,0.000704195445,0.00071210022
8186,0.0007790363525,0.0007413112653
8187,0.0007397042718,0.0008150435824
8188,0.0008094256773,0.000664089006
8189,0.0007423081624,0.0008721328923
8190,0.0009383839206,0.000811208738
8191,0.000817196873,0.0007924258753
8192,0.0007900243909,0.0008260255599
8193,0.0009116465153,0.000749552677
8194,0.001077571556,0.000822454178
8195,0.000784894939,0.0007309431894
8196,0.000714363141,0.0008264571443
8197,0.0009158439134,0.0007642485107
8198,0.001168366616,0.0007759460423
8199,0.0008471686451,0.0009005096945
8200,0.0008762914076,0.0007672835745
8201,0.000918113692,0.0007325676488
8202,0.001006253377,0.0008541883435
8203,0.0009074899426,0.0009022936283
8204,0.0006264222902,0.0008067501622
8205,0.000702016172,0.0007076065085
8206,0.0007778042127,0.0008762356665
8207,0.0008904291462,0.0007184838178
8208,0.00107463212,0.0007737990054
8209,0.0008785867394,0.0008288387471
8210,0.0009033772949,0.0009573243296
8211,0.0009562646519,0.0006937533326
8212,0.000914070537,0.0007784162954
8213,0.000662534796,0.0006420105783
8214,0.000755352783,0.0007558754296
8215,0.0008110546041,0.000723674766
8216,0.0009428048506,0.0007620525648
8217,0.0007204590511,0.0006874304963
8218,0.0009187070245,0.0009439131391
8219,0.0006793378998,0.0006862393275
8220,0.0006714508454,0.0007986377423
8221,0.000933069663,0.0007982878233
8222,0.0008835567714,0.0007092098458
8223,0.0007105951954,0.0008797938135
8224,0.0009341436526,0.0006671135307
8225,0.0007326733394,0.0007749365395
8226,0.0008308349134,0.0009008008274
8227,0.0009013085873,0.0007609580425
8228,0.0008284908035,0.0007145617274
8229,0.0008506089653,0.0006879171342
8230,0.0008783427911,0.0007701388895
8231,0.001059095412,0.0006873219027
8232,0.0007581463506,0.0007607178413
8233,0.0009072799949,0.0008658468359
8234,0.0008798241179,0.0007123998912
8235,0.001038193208,0.0007226996895
8236,0.0007198205276,0.0008276472654
8237,0.0007965646728,0.0008515969748
8238,0.0009618210461,0.0008828922873
8239,0.001203350097,0.0007510787837
8240,0.0007630999025,0.0007314362156
8241,0.0006612485013,0.0009036510601
8242,0.0007616025359,0.0007037208488
8243,0.0007513875025,0.0007248171605
8244,0.0007250197305,0.0008479895987
8245,0.001023419485,0.0009276422061
8246,0.001201816478,0.0008035972933
8247,0.0008405522021,0.0008498776951
8248,0.0009288159999,0.0008230995154
8249,0.0007977391215,0.0007362996876
8250,0.0009783605274,0.0008693823329
8251,0.0007873185168,0.0007213937533
8252,0.0007538558857,0.000738159586
8253,0.000908221984,0.0006840366877
8254,0.0007934223395,0.0008005186173
8255,0.000823006485,0.000766609417
8256,0.0007719381538,0.0008901774563
8257,0.0007126216078,0.0009060829616
8258,0.0008307112439,0.0007079541319
8259,0.0008728970206,0.0007902677899
8260,0.0008874729538,0.0009309357702
8261,0.0009582177881,0.0008023663177
8262,0.0007945376638,0.0008761153949
8263,0.0009172104474,0.0008016471402
8264,0.0007189407552,0.0008556324174
8265,0.0008709584799,0.00094311875
8266,0.00109430759,0.0007445034753
8267,0.0007535343393,0.0008560527713
8268,0.0008138913763,0.0009738219087
8269,0.0008510859188,0.000651743263
8270,0.0007286456748,0.0008085188456
8271,0.0007295955729,0.0007197399973
8272,0.001117837681,0.0006940906969
8273,0.0009281159801,0.0008800958749
8274,0.0008966824753,0.0008426433378
8275,0.0007703394585,0.0009366165687
8276,0.000981346042,0.0007779565713
8277,0.0007678446636,0.0008067724521
8278,0.001188312235,0.0007845533837
8279,0.000748242448,0.0007355080816
8280,0.00101342464,0.0006928672083
8281,0.001014606802,0.000754640103
8282,0.0006213096967,0.0007806804861
8283,0.0008347367184,0.0007659526746
8284,0.0008298335088,0.0009536867947
8285,0.0009664778408,0.0007287413173
8286,0.0008144866442,0.000825321833
8287,0.0009269271977,0.0007634165668
8288,0.001018231691,0.0008217029499
8289,0.0009737468572,0.0007637166709
8290,0.0009215728278,0.0008478085183
8291,0.000743835968,0.0006908764226
8292,0.000820843321,0.0007923255762
8293,0.0006943284025,0.0007383868142
8294,0.0009839984705,0.0007392943371
8295,0.0007879869663,0.0007826801811
8296,0.000800889502,0.000786727891
8297,0.0007153944898,0.0007283699488
8298,0.0007146592907,0.0007441149864
8299,0.0007079386414,0.0007860376354
8300,0.0008427479042,0.0009110182946
8301,0.0007683388831,0.000840015502
8302,0.0007999476256,0.0008959259576
8303,0.0009195635939,0.0006424140302
8304,0.0007940732903,0.000819679437
8305,0.0008029981691,0.0008336158317
8306,0.0007529482973,0.0007977934292
8307,0.0008298063985,0.0008896557192
8308,0.0007542116364,0.0008254430359
8309,0.0008025693169,0.0009035135008
8310,0.0007615486393,0.001053210115
8311,0.0008507079547,0.0007856674492
8312,0.0007726101539,0.0007862787752
8313,0.0007480939821,0.0007994263869
8314,0.0008332868165,0.0007871719499
8315,0.0009642510704,0.0006231380794
8316,0.0007675678789,0.0007633210771
8317,0.0008632275567,0.0007250976487
8318,0.0007843876883,0.0006138022836
8319,0.000930139744,0.000791693863
8320,0.000753957931,0.0006955982717
8321,0.0007473959995,0.0007352849207
8322,0.0008269050886,0.0008278506284
8323,0.0007830417308,0.0006484415462
8324,0.0008732431088,0.0007341534656
8325,0.0009381259661,0.0009670825166
8326,0.0009450059442,0.0007560840095
8327,0.001042352778,0.0007932340159
8328,0.0007510486612,0.0006665679648
8329,0.0007221854903,0.0007682252981
8330,0.0008221998796,0.0007316501396
8331,0.0007451223428,0.0008861155184
8332,0.0008796766124,0.0007953469467
8333,0.0007354125046,0.0007494807505
8334,0.001039081137,0.0007259385748
8335,0.0007343896796,0.0007026791318
8336,0.0007687379693,0.0008105159141
8337,0.0009177137763,0.0007314487739
8338,0.0008750124834,0.000736500675
8339,0.0008085357986,0.0008582389128
8340,0.0007084320459,0.0007022295686
8341,0.001129519209,0.0008349498639
8342,0.0008306087329,0.0007672729989
8343,0.000872492863,0.0006473073554
8344,0.0007852737544,0.0007913480877
8345,0.0007923158191,0.0007709938654
8346,0.0009000856808,0.0009927706342
8347,0.0007757429958,0.0008710837137
8348,0.0009002122897,0.0008516803355
8349,0.0009207736075,0.0007583926854
8350,0.0009775487779,0.0006203934317
8351,0.0009331821566,0.000813750783
8352,0.0008157523625,0.000738789262
8353,0.0008239851013,0.0008571616345
8354,0.001002244971,0.0007601118486
8355,0.0007663441138,0.0007046632236
8356,0.0007950269392,0.0008664983106
8357,0.0009065816193,0.000736603557
8358,0.0008483605925,0.0007457850224
8359,0.001060348055,0.0008246520883
8360,0.0009071875611,0.001004823462
8361,0.0008018592052,0.0008563593728
8362,0.001047005419,0.0009765420764
8363,0.0008112459036,0.0007145243508
8364,0.001010337714,0.0008065166403
8365,0.0008098789694,0.0007595022907
8366,0.0009923010803,0.000832497346
8367,0.0008729158799,0.0008950313568
8368,0.0007852005438,0.0007852831404
8369,0.0007333336762,0.000839565997
8370,0.000774407119,0.0009606213716
8371,0.0008874676205,0.0006606359348
8372,0.0009070560955,0.0007624876671
8373,0.001156519145,0.0007890078341
8374,0.0009248159913,0.0007747984273
8375,0.000886205351,0.0008590922262
8376,0.001169680661,0.0007857746532
8377,0.0009866459659,0.0007425376716
8378,0.0008761560748,0.0008311087222
8379,0.0006855305473,0.0007562862156
8380,0.0008406645065,0.0009515110287
8381,0.0008310824996,0.0007710982754
8382,0.0009072607936,0.0009409791855
8383,0.0008964237859,0.0007580945639
8384,0.0008941455962,0.0009110158426
8385,0.0008274377396,0.0008095796802
8386,0.0009182838839,0.0007696943285
8387,0.0008904593233,0.0009174173392
8388,0.0008729447727,0.0007494164747
8389,0.0007340945267,0.0007560045997
8390,0.000701515597,0.001007525352
8391,0.0006756966104,0.0008884583222
8392,0.0008150672802,0.0007134196421
8393,0.0009525928544,0.0006902545138
8394,0.0006790186817,0.0008534839581
8395,0.0009222458611,0.0007708441117
8396,0.0007322771708,0.0008758502445
8397,0.0009712423998,0.0009415641398
8398,0.0008592326049,0.0009430916107
8399,0.0009638554911,0.0008185289262
8400,0.0007836368677,0.0006931803946
8401,0.0008388335918,0.0007238159487
8402,0.0007937646806,0.0007539466533
8403,0.000732939021,0.0006847894838
8404,0.0007873725044,0.0007099254472
8405,0.0006696841556,0.0008388433998
8406,0.0008222806355,0.0006893598693
8407,0.0007009605324,0.0008718962563
8408,0.0007185291688,0.0007826863039
8409,0.0008601199079,0.0008533968357
8410,0.0008922221314,0.0009679709328
8411,0.0008404672481,0.0007900549535
8412,0.0006989259782,0.0006782227829
8413,0.0006397941943,0.0007479269116
8414,0.0009682675445,0.0007648285682
8415,0.0007581396785,0.0005842458013
8416,0.001201534418,0.0009534057681
8417,0.0007665676894,0.0007933940542
8418,0.0008146497712,0.0008075177902
8419,0.0007995100023,0.0008474432398
8420,0.001060606497,0.0008034724306
8421,0.0008994103337,0.0008952368371
8422,0.0007837062003,0.0008210914384
8423,0.0007890145062,0.000834592629
8424,0.0008712909985,0.0008086791349
8425,0.0008997273981,0.0008147605913
8426,0.0007090130675,0.0008614929757
8427,0.0007482374203,0.0005640311574
8428,0.0008797136616,0.0007068515224
8429,0.001042134136,0.0007850304246
8430,0.0008281589617,0.0007393284759
8431,0.0008114921438,0.0008266953882
8432,0.000766961839,0.0006953374177
8433,0.0008280566835,0.0008726463784
8434,0.0007908871121,0.0009072324683
8435,0.0007793550976,0.0009537149381
8436,0.001001063196,0.0008333641599
8437,0.0009723956246,0.0009540171595
8438,0.0006427948902,0.0009395631714
8439,0.0007279973652,0.001015035225
8440,0.0009250915682,0.0007928017367
8441,0.0006548009042,0.000774378339
8442,0.0009295793207,0.0008379530555
8443,0.0008164636893,0.0008344867238
8444,0.0009369286781,0.0006805534395
8445,0.0007354773552,0.000763492957
8446,0.0007137146531,0.0007437692911
8447,0.0007634991489,0.0007895824165
8448,0.0008784665697,0.000862225952
8449,0.000843224203,0.0008217187424
8450,0.0007772451063,0.0007161896283
8451,0.0008770344066,0.0008700775579
8452,0.0009216583057,0.000741559561
8453,0.0008634636906,0.0007723540402
8454,0.0008551830033,0.001060001552
8455,0.001079714202,0.0007844005086
8456,0.001158058949,0.001078399939
8457,0.0008123300213,0.0007591874382
8458,0.0009051340094,0.0007289643254
8459,0.0008144844833,0.0007242213651
8460,0.0007968766586,0.0008018179069
8461,0.000845666138,0.0006678441023
8462,0.00122953637,0.0008308918113
8463,0.0008359400017,0.0008520918054
8464,0.0009254129691,0.0007747630443
8465,0.001004959406,0.0006012550366
8466,0.0008091905329,0.0008388644928
8467,0.0008521134223,0.0006123266649
8468,0.0008454635536,0.0006412010443
8469,0.0008825940895,0.0006741489924
8470,0.0008905110517,0.0007605198989
8471,0.0007409445388,0.000726244718
8472,0.000910382696,0.0007426925658
8473,0.0007557340869,0.0008688294329
8474,0.001210148344,0.0007482550536
8475,0.0008078645151,0.0008077709936
8476,0.0009842533182,0.0008695040015
8477,0.0008372574957,0.0008008724835
8478,0.0009726636126,0.000685710198
8479,0.0008426263448,0.0008402888197
8480,0.0008850159211,0.0007279611382
8481,0.0008139576385,0.0007853704628
8482,0.0008730654663,0.0007209091964
8483,0.0009232374505,0.0007493128069
8484,0.0007694645319,0.0006767277264
8485,0.0006922599641,0.0006789604959
8486,0.0008829412473,0.0008819450959
8487,0.0007291361617,0.0008578043198
8488,0.0008828663194,0.0006877964333
8489,0.000755941619,0.0007149178891
8490,0.0008588454584,0.0007693573498
8491,0.0008500625263,0.0008805067882
8492,0.0007184452988,0.001011582746
8493,0.001010637025,0.0006513254884
8494,0.0006650038376,0.000890497533
8495,0.0008676637008,0.0008357554325
8496,0.0007486100003,0.0007631877088
8497,0.001067744568,0.0007656751695
8498,0.0007627460654,0.0007567271314
8499,0.001118855784,0.0007301467813
8500,0.0007083486598,0.0007118730937
8501,0.0008263243872,0.0009421482901
8502,0.0007330390144,0.000798196641
8503,0.0007662083735,0.0008236689173
8504,0.0006843225456,0.0006102457191
8505,0.0008854883708,0.0008481154437
8506,0.0007319896868,0.0007888395558
8507,0.0008716678421,0.0006601997011
8508,0.0008522631942,0.0008395070909
8509,0.0006795218578,0.000703397789
8510,0.0008752429785,0.0007705758399
8511,0.0008887521835,0.0006831228202
8512,0.0008667863622,0.0008940303524
8513,0.0006840018395,0.0006936569625
8514,0.0009113427659,0.0008042094705
8515,0.0006434503375,0.0008265833312
8516,0.0009499648877,0.00104170663
8517,0.0008004413321,0.0008598423592
8518,0.000898191829,0.0008553376174
8519,0.0007884980951,0.0008076160993
8520,0.0007701579525,0.0008994609489
8521,0.0006890946715,0.0008143575105
8522,0.0007179975728,0.0008190591907
8523,0.0009410319581,0.0007672408792
8524,0.0007055396163,0.0007382721269
8525,0.0007813794946,0.000791611943
8526,0.001019978139,0.0007998491928
8527,0.0009117437585,0.0009427062905
8528,0.0007714640451,0.0007130226586
8529,0.0007053331574,0.000731686574
8530,0.0007292996997,0.00069131087
8531,0.0007440763147,0.0008619352229
8532,0.0009731981809,0.0007769797885
8533,0.0009404145603,0.001017741881
8534,0.0008988090922,0.0009780509354
8535,0.0007117925561,0.0009104360579
8536,0.0008494122449,0.0008126935936
8537,0.0007573592811,0.0007785618509
8538,0.0008212955508,0.000798318888
8539,0.0008828367208,0.0006226481346
8540,0.0007203397909,0.0005846212262
8541,0.0007435741136,0.0007283214363
8542,0.0008146556429,0.0007782788853
8543,0.0007896662064,0.0007236952079
8544,0.0007282273291,0.0007828354574
8545,0.0009528399241,0.000756475707
8546,0.0009596994278,0.0007347592873
8547,0.0009594687544,0.0007824203931
8548,0.0008197226271,0.0007423690076
8549,0.000887126087,0.000717733179
8550,0.0006906585477,0.0007571817187
8551,0.001069646038,0.0007170051795
8552,0.0007757687818,0.0008140307691
8553,0.0009000418504,0.0006896442173
8554,0.0009115310422,0.0007131918901
8555,0.0008297610766,0.0007423331335
8556,0.0008491746703,0.0006730110435
8557,0.0008306833479,0.0008656205537
8558,0.0009238542625,0.0009211611323
8559,0.0007748003045,0.0008532272404
8560,0.0007317004056,0.0006448631175
8561,0.0007273296578,0.0008540409071
8562,0.0007168790471,0.0007232570169
8563,0.0007305974286,0.0009738932567
8564,0.0008003953917,0.0006875527324
8565,0.0007770768279,0.0009142557392
8566,0.0007781792156,0.0006968200723
8567,0.0007794333505,0.0008406959241
8568,0.001019594587,0.0006526034122
8569,0.0007461260757,0.0008989644411
8570,0.0007371714455,0.0007536892044
8571,0.001048070946,0.000647889643
8572,0.001204267515,0.0009025273175
8573,0.0009411638821,0.0008481079167
8574,0.0007678030743,0.0008192511086
8575,0.0008526862439,0.000860464068
8576,0.0007204932845,0.000844544018
8577,0.0008993796728,0.0006650364812
8578,0.0008453148112,0.0007934817695
8579,0.0009868395719,0.0008454904673
8580,0.0008480616234,0.0007857718811
8581,0.0008750591769,0.0007386477664
8582,0.001003245474,0.0009074476329
8583,0.0008600885994,0.0009454542887
8584,0.00079230556,0.0008744192237
8585,0.0008609859433,0.0007638632233
8586,0.0007275751923,0.0007989867809
8587,0.0009448205019,0.0008349391501
8588,0.001027907419,0.000667123506
8589,0.000910441624,0.0007999643931
8590,0.0007742719681,0.0008731225025
8591,0.000967163367,0.0008338409825
8592,0.0008649226947,0.0007497509432
8593,0.000879344916,0.0007771622186
8594,0.000840693152,0.0008724285071
8595,0.0009153806386,0.0007568071233
8596,0.0008609081196,0.000740657706
8597,0.0009730157981,0.0008404450418
8598,0.0007613281778,0.0007609868007
8599,0.0009425274402,0.0007095287219
8600,0.0008941885317,0.0008713810239
8601,0.001003346115,0.0008395239056
8602,0.001077732006,0.0008192044625
8603,0.0008572374427,0.000787645673
8604,0.001012148488,0.0006413333249
8605,0.0007270677888,0.0007006944688
8606,0.0007869911569,0.0008191330344
8607,0.001048925355,0.0009834103839
8608,0.0009351433764,0.0009853251613
8609,0.0007896354073,0.0006653572782
8610,0.0008193250324,0.0007619350072
8611,0.0008743612052,0.0008039586246
8612,0.0006715444397,0.0008836695997
8613,0.001053689899,0.0006829395097
8614,0.0006839382186,0.0007750623699
8615,0.0008838411522,0.0007905870516
8616,0.0009662249868,0.0007391808467
8617,0.0008503481658,0.0006870187208
8618,0.00110376301,0.0007676960086
8619,0.001077879111,0.0008338684675
8620,0.000860633183,0.0006610342498
8621,0.0008735997471,0.0007677178437
8622,0.0007831611729,0.0008932175479
8623,0.0008747187749,0.0008271341358
8624,0.0009841091814,0.0009059053555
8625,0.0008523519282,0.0007345282502
8626,0.001112784288,0.0006464208927
8627,0.0007457058964,0.0006568151257
8628,0.0007641541888,0.0007588256776
8629,0.0008555400345,0.0008850448867
8630,0.0007177165899,0.0008399255858
8631,0.0006705094493,0.0007852115668
8632,0.0008007233191,0.0006546430559
8633,0.0008291724662,0.0008058442618
8634,0.000842561094,0.0005968533551
8635,0.0009061823148,0.0006958623635
8636,0.0008357426486,0.0007050683198
8637,0.0007283628802,0.00072153168
8638,0.0008632593162,0.0007283154555
8639,0.000737236136,0.0007064194288
8640,0.0007328092834,0.0007624079881
8641,0.0008939193358,0.0008251402469
8642,0.0008301827183,0.0007702776784
8643,0.000784267766,0.000758132941
8644,0.0008976512618,0.0007443363938
8645,0.0007680322087,0.0008746577223
8646,0.0008622745881,0.0008411099916
8647,0.0007352145258,0.0007493901721
8648,0.0008111034258,0.000771378036
8649,0.001040607072,0.0007694505912
8650,0.0008588075434,0.0007435209409
8651,0.001073002517,0.0007659548792
8652,0.0008346413015,0.0008592202721
8653,0.0008087213828,0.0008293831343
8654,0.0008689663591,0.0008263860364
8655,0.0009129347382,0.00107291765
8656,0.0008824826145,0.0008640539818
8657,0.0007437799868,0.0009391954736
8658,0.0009324607272,0.000781811912
8659,0.000859873584,0.0007514613535
8660,0.0009315968491,0.0006842199073
8661,0.0008667116927,0.0008043379858
8662,0.0008634011392,0.0007470406017
8663,0.001006743354,0.0007096234112
8664,0.001002327248,0.0008912920603
8665,0.0008748232067,0.0006882854723
8666,0.000644668271,0.0008322787216
8667,0.0009423172596,0.000823420276
8668,0.0008347593612,0.000818703822
8669,0.0008752403228,0.0007813185111
8670,0.0008406544439,0.0008362185908
8671,0.0008555218228,0.0007863246938
8672,0.000876229009,0.0007738940039
8673,0.001005001257,0.0007521545849
8674,0.0008875119311,0.000774156535
8675,0.000857469553,0.0008961927524
8676,0.001034683919,0.0006140111582
8677,0.0008704630818,0.0007736019761
8678,0.0008751475543,0.0006996342709
8679,0.001032646498,0.0007341526216
8680,0.0007518783459,0.0006807652244
8681,0.0006882424859,0.0009317362128
8682,0.0008305225711,0.0007197548621
8683,0.0006705691267,0.0009791384364
8684,0.0007078049821,0.0007508633425
8685,0.0007202436245,0.0006827384495
8686,0.0007889056287,0.0007433513601
8687,0.0008250694009,0.0008202094432
8688,0.0006845750795,0.0007813854972
8689,0.0008240508978,0.0007609626773
8690,0.001013776608,0.0007633537971
8691,0.0008545407509,0.0007112061758
8692,0.0008072762284,0.000794215317
8693,0.000932414514,0.0006773278656
8694,0.0009586200758,0.0008882260408
8695,0.0008744297156,0.0007331994639
8696,0.0008378525235,0.0008567733748
8697,0.0007524520843,0.0008143709347
8698,0.0007869095425,0.0007469597658
8699,0.000767189933,0.0009078571675
8700,0.0009843657972,0.0007406387485
8701,0.0009247045164,0.0007392040061
8702,0.0007758251159,0.0009239035207
8703,0.001209268536,0.0006121815932
8704,0.0007048343759,0.000677234435
8705,0.0006724324121,0.0007909727356
8706,0.0009318381999,0.0007879508557
8707,0.0008235886853,0.0007666383244
8708,0.0007347907449,0.0008052439662
8709,0.0007547566929,0.0008740110788
8710,0.0008711382907,0.0007500162901
8711,0.0008504767175,0.0009152959756
8712,0.0007072453845,0.0009132178602
8713,0.0008730630725,0.0007810554598
8714,0.0007473141668,0.0007738626882
8715,0.0007728704659,0.0008005764539
8716,0.000833555292,0.0008683769192
8717,0.0007944811914,0.0007665977464
8718,0.0007400523536,0.0007870827321
8719,0.0007751770609,0.0006693374344
8720,0.0009065312552,0.001013334884
8721,0.0008189668479,0.0008608539974
8722,0.0008164625178,0.0009180362904
8723,0.0008556662578,0.0006726287393
8724,0.000971275309,0.0006759048083
8725,0.0009270345618,0.0006398879741
8726,0.0007038481053,0.0007779127627
8727,0.000769053062,0.0006913744292
8728,0.0007260107377,0.0006938888619
8729,0.0008401762316,0.0006784220241
8730,0.0007919756754,0.0008537567337
8731,0.0007492483492,0.0007183934576
8732,0.0007444055154,0.0008178984426
8733,0.0009958884184,0.000739075047
8734,0.0008532666398,0.0006748919404
8735,0.0008197502539,0.0007290558824
8736,0.0007670445193,0.000700470453
8737,0.0007639136384,0.0008684980858
8738,0.0007707125296,0.0007256741737
8739,0.0008209075932,0.0006183061851
8740,0.000968506225,0.0009028536006
8741,0.0007121486851,0.0007541396408
8742,0.0007575763375,0.0008040835746
8743,0.0009236846527,0.000909200804
8744,0.0007249063929,0.0007607875668
8745,0.0009670216314,0.0008625176488
8746,0.0006696056298,0.0009348118256
8747,0.0008398529026,0.000763901051
8748,0.0007312921662,0.000819771114
8749,0.001163182365,0.0007536561898
8750,0.00108061442,0.0007407446901
8751,0.0008685457869,0.0006815900488
8752,0.0008674468991,0.0008884608687
8753,0.0007737394699,0.0007330911758
8754,0.0006930242525,0.0007850384136
8755,0.0008216969909,0.0007554723998
8756,0.000852692785,0.0006693615505
8757,0.000723055251,0.0006322421141
8758,0.0008504449797,0.0007303288912
8759,0.0008376468832,0.0009054599359
8760,0.0008554239685,0.0007983393843
8761,0.0009924426195,0.0007907652616
8762,0.0009405700148,0.000851795543
8763,0.0008240691313,0.0007720234426
8764,0.0007261881547,0.0008584175739
8765,0.0008409789152,0.0006790103653
8766,0.0008280449183,0.0008665172645
8767,0.0008109381888,0.0009235210237
8768,0.0008198929208,0.0006272947103
8769,0.0008272192208,0.0008939166
8770,0.0009337063093,0.0007916436516
8771,0.000868851108,0.0007339684016
8772,0.0007100932999,0.0007942122284
8773,0.0008386860281,0.0007651773776
8774,0.0006616642277,0.0007398380985
