epoch,from_history_train,from_history_val
1,0.04081616132,0.03999714972
2,0.04046347411,0.03857133165
3,0.04193117656,0.04036309663
4,0.03998664394,0.0384557494
5,0.04114050232,0.03634316195
6,0.03779870598,0.03636445105
7,0.03854966629,0.03597903624
8,0.0339506804,0.03576986282
9,0.03767211456,0.03592722304
10,0.03501315718,0.03414266184
11,0.03493231488,0.03304052027
12,0.0339167607,0.0332093297
13,0.0351708387,0.03283501486
14,0.0334428132,0.03069309308
15,0.03223068174,0.03223314486
16,0.03427614109,0.03003817704
17,0.03219662234,0.03246659576
18,0.030189479,0.03157035331
19,0.02964718058,0.03126166738
20,0.03320527519,0.03007601411
21,0.0313351457,0.02913922863
22,0.02874699491,0.02761703823
23,0.03069808497,0.02904310264
24,0.02876874967,0.02747851191
25,0.02863357007,0.02690300974
26,0.02681442024,0.02662195661
27,0.02662130515,0.0254425446
28,0.02750551864,0.02525544353
29,0.02879601694,0.02527611819
30,0.02652261127,0.02671400807
31,0.02718385728,0.02303764992
32,0.02423007088,0.02373429155
33,0.02630780241,0.02386344341
34,0.0269284395,0.02455562819
35,0.02431968926,0.02300620521
36,0.02414775314,0.02102845069
37,0.02129948442,0.02060169214
38,0.02334340033,0.02100784495
39,0.02314931503,0.02085026354
40,0.02269402263,0.01937539852
41,0.02165878704,0.02062198846
42,0.02085235948,0.01894932869
43,0.02071567345,0.01858488482
44,0.02029750706,0.01853981975
45,0.02078239038,0.0195892906
46,0.02037714166,0.01913698018
47,0.02083531232,0.01848020882
48,0.01942919544,0.01710297307
49,0.01767634391,0.01785263047
50,0.01866364991,0.01608550362
51,0.0190757286,0.01603597833
52,0.02016644483,0.0163933211
53,0.01713648881,0.01666351734
54,0.01693990291,0.0141201301
55,0.01546774514,0.01572515885
56,0.01673988462,0.01628422854
57,0.01587492076,0.01447137166
58,0.01623669395,0.01582957758
59,0.01579783775,0.01469513879
60,0.01506169012,0.0146408336
61,0.01609407773,0.01350853581
62,0.01515552111,0.01282630628
63,0.01529236685,0.01418476761
64,0.01477842114,0.01306830253
65,0.01436507667,0.01296400407
66,0.01421152812,0.01321390155
67,0.01526699867,0.01325443806
68,0.01325505297,0.01221427729
69,0.01353687933,0.01210362732
70,0.01361890009,0.01205832511
71,0.01330371818,0.01272068126
72,0.01358955947,0.01127148804
73,0.01369433536,0.01171858457
74,0.0126212897,0.01225478249
75,0.01263831567,0.01220793743
76,0.01247817546,0.01198072662
77,0.01300209633,0.01119002537
78,0.01307271724,0.01190064126
79,0.01202155242,0.01166841423
80,0.01224371511,0.01073542668
81,0.01201864274,0.01137718465
82,0.01220029616,0.01120877289
83,0.01145664277,0.01174115774
84,0.0122664714,0.01208258944
85,0.01152249495,0.0108483755
86,0.0117239519,0.01109362289
87,0.01174049871,0.01094661653
88,0.01191469061,0.01101946924
89,0.01209909201,0.01066120248
90,0.01157483703,0.01164614165
91,0.01173063461,0.01055202214
92,0.01111254585,0.01051707135
93,0.01148816815,0.01096691296
94,0.01184196118,0.01038516185
95,0.01167656807,0.01119113725
96,0.01154667756,0.01123837417
97,0.01167020947,0.01070534158
98,0.01149626891,0.01063296304
99,0.0116926725,0.009970890591
100,0.01066041284,0.01021997596
101,0.01153151097,0.01085108903
102,0.01144545432,0.01074894739
103,0.01132334245,0.01051780186
104,0.01131483633,0.0105063091
105,0.01119398291,0.01047895208
106,0.01082760689,0.009907180909
107,0.01046763733,0.00996558019
108,0.01100063208,0.01103894319
109,0.01156571961,0.01012622577
110,0.01136518444,0.01049304707
111,0.01076582295,0.01011633081
112,0.0110856581,0.01004752354
113,0.0106784479,0.009924630402
114,0.01007505623,0.009861815488
115,0.01073722041,0.009769417113
116,0.01033508196,0.0107580889
117,0.01078080921,0.00926640071
118,0.01018517092,0.00961279904
119,0.01055235555,0.009946259554
120,0.01052651322,0.009873622796
121,0.0106376292,0.009975325665
122,0.01034812629,0.009742859285
123,0.01022223919,0.009739131317
124,0.009803786757,0.009370211978
125,0.0105554231,0.009822189109
126,0.01019825705,0.009264307213
127,0.01046577469,0.009840513812
128,0.01020293427,0.009839792154
129,0.00937634299,0.009759280714
130,0.01017540542,0.009283854044
131,0.01032488584,0.009527178714
132,0.0106516825,0.009344748571
133,0.01015970134,0.009254407138
134,0.009966420126,0.009707069257
135,0.009559085476,0.009471634286
136,0.01015341061,0.008857203531
137,0.01030255144,0.009232508368
138,0.009764000308,0.009178402252
139,0.01003855118,0.008955849684
140,0.009916345007,0.009127328987
141,0.009657008806,0.008947444265
142,0.009454927989,0.008924713824
143,0.009380087256,0.009316730197
144,0.009129866958,0.008973610529
145,0.009472117643,0.008766322338
146,0.009127390629,0.009273401694
147,0.009369659063,0.008916345017
148,0.009498678846,0.008650795207
149,0.009637261857,0.009247399517
150,0.009848661255,0.008714664727
151,0.009171167039,0.008956690261
152,0.00944064022,0.009019382182
153,0.009769545053,0.009146690194
154,0.009262811509,0.009050236433
155,0.008920506807,0.009030297864
156,0.01001465914,0.008409506467
157,0.009518534527,0.00892674987
158,0.00960788934,0.009005468572
159,0.009666457307,0.008536362788
160,0.00950203411,0.008685978013
161,0.009099940769,0.009055498173
162,0.009169476107,0.008393943892
163,0.009256057558,0.008041271998
164,0.009018124721,0.008495545248
165,0.008642471279,0.007840822858
166,0.00903189485,0.00901920395
167,0.008956378326,0.008753000584
168,0.009108562488,0.008307977172
169,0.009783898247,0.008856349392
170,0.009305557818,0.00806446257
171,0.009259985993,0.008540390118
172,0.008977248566,0.008015879139
173,0.008873174433,0.008589667152
174,0.008624714159,0.008516028465
175,0.009346440784,0.007897122414
176,0.008934648125,0.007837580633
177,0.00914090802,0.008695139783
178,0.009077609633,0.00820631918
179,0.008841974253,0.008100860228
180,0.008833659464,0.008233970962
181,0.008438827877,0.008310441975
182,0.008717447519,0.007545186207
183,0.008344806265,0.008385349298
184,0.008562632429,0.00795302249
185,0.008454804192,0.008235714806
186,0.008631672303,0.008298479021
187,0.00869604433,0.007600091398
188,0.008167849563,0.008355423459
189,0.008051310666,0.00777815521
190,0.008192604233,0.008149698377
191,0.008896169951,0.007783723704
192,0.008448188833,0.007900058234
193,0.008454709197,0.007712988532
194,0.008755013638,0.007899742282
195,0.008609780634,0.007756251201
196,0.008599279041,0.007571414462
197,0.008142676787,0.007087912236
198,0.008355838421,0.007986903947
199,0.008348549076,0.007942370488
200,0.008402010077,0.006829364749
201,0.008160838508,0.007591058908
202,0.008282249153,0.007569329347
203,0.008595429303,0.007535246201
204,0.008592463622,0.007366666512
205,0.008115313191,0.007221229025
206,0.008388673305,0.00758077827
207,0.008349104319,0.007596468844
208,0.008173764218,0.007438920671
209,0.007969214639,0.007328058418
210,0.008269552956,0.006842774688
211,0.00788397179,0.007131915248
212,0.007813021017,0.007214738987
213,0.008143105952,0.007036030875
214,0.007925892947,0.007612631191
215,0.007731033664,0.00715369574
216,0.008027146978,0.007802331937
217,0.008261957904,0.007019142387
218,0.008376931772,0.007182205736
219,0.00778639951,0.007408114674
220,0.007748119941,0.006741898134
221,0.007965752389,0.00714116171
222,0.007315883238,0.006957128295
223,0.00833211618,0.006613642385
224,0.007632268418,0.006883005961
225,0.007892392226,0.006922401662
226,0.007492251578,0.00694188918
227,0.007497074606,0.006676532794
228,0.007758744119,0.006665679161
229,0.007024727121,0.006368649425
230,0.007668689534,0.006959700375
231,0.007100944757,0.006358137354
232,0.007993040374,0.006471136236
233,0.007100613147,0.006515210436
234,0.007384899829,0.006391013565
235,0.007831158233,0.006671120995
236,0.006976590957,0.006628703908
237,0.007404120348,0.006233365973
238,0.007647393795,0.00639252516
239,0.007481020817,0.00672845816
240,0.007367007784,0.006058873201
241,0.007175769249,0.006143656967
242,0.006948225957,0.006384135922
243,0.006551036029,0.006328213087
244,0.006615061429,0.005906975653
245,0.007241420215,0.006195918773
246,0.007162585563,0.005881863937
247,0.006976704171,0.006026213698
248,0.006984171516,0.006204830715
249,0.00674206164,0.005868961569
250,0.006913318939,0.006001766131
251,0.006932266813,0.005656685913
252,0.006703006744,0.005725400406
253,0.007138574379,0.005854999472
254,0.006763386598,0.006037245388
255,0.00671393855,0.005743381975
256,0.00659397128,0.005760556611
257,0.006497038645,0.005496536731
258,0.007051956083,0.005640718504
259,0.006905983551,0.005463940674
260,0.006683423184,0.005934664514
261,0.006753591588,0.005676673551
262,0.006409517897,0.005455563951
263,0.006651070667,0.00542667869
264,0.006398331374,0.005618399591
265,0.006507635466,0.00570645876
266,0.006377443671,0.005221386091
267,0.006563493691,0.005363513599
268,0.006283517461,0.005474679172
269,0.006267163903,0.005506287795
270,0.006327626586,0.005219349754
271,0.006503534853,0.005276137614
272,0.006488486542,0.005320647557
273,0.006346995186,0.005055309681
274,0.006635111116,0.005279104458
275,0.006472486653,0.004992164904
276,0.006125984946,0.004986509855
277,0.006027613475,0.004928782233
278,0.006021121459,0.004902974935
279,0.006145563035,0.004859434499
280,0.005968434329,0.004689380701
281,0.005941406183,0.004782439675
282,0.006143064296,0.004620729422
283,0.00609695504,0.004773028777
284,0.005668917089,0.004512760468
285,0.005674215441,0.004532565828
286,0.005826940644,0.004721842124
287,0.00580675638,0.004704587162
288,0.005638674542,0.004459881631
289,0.005972613406,0.004289114964
290,0.005523898173,0.004414992291
291,0.005936571222,0.00439165454
292,0.005383920856,0.004521390161
293,0.005425515468,0.004101307539
294,0.005566048785,0.004123986611
295,0.005257451674,0.004099111975
296,0.005440778739,0.004041301145
297,0.005552936462,0.00404581285
298,0.00529339863,0.004137646029
299,0.005252367118,0.003864036378
300,0.005322535348,0.004057916696
301,0.005430120858,0.003785482288
302,0.005012509937,0.003984740673
303,0.005479754123,0.003810441267
304,0.005322318233,0.003827101144
305,0.005437086453,0.003622466145
306,0.005294545495,0.003693505743
307,0.005281497957,0.003657824273
308,0.005478583102,0.003637214861
309,0.005463421752,0.003640898707
310,0.005183503788,0.003483680106
311,0.005086333025,0.003344377183
312,0.005081934971,0.003622059099
313,0.005158479733,0.003344671655
314,0.004750297696,0.003446021263
315,0.005031245993,0.003363711759
316,0.004891519668,0.00326524087
317,0.004736326286,0.0032615909
318,0.00475450157,0.003297651303
319,0.004851997073,0.002993148315
320,0.004709554662,0.003245373227
321,0.004643713473,0.002963808161
322,0.004802078649,0.002949921967
323,0.004844798823,0.002985116123
324,0.004794901644,0.00298169817
325,0.004843814531,0.002858101274
326,0.004627631861,0.00280847252
327,0.004576156556,0.002805263619
328,0.004392711504,0.002925945999
329,0.004796262423,0.002750812564
330,0.004434957111,0.00291735775
331,0.004813913081,0.002608299605
332,0.004495616711,0.002804067684
333,0.004669505986,0.002895342041
334,0.00473918108,0.002672206465
335,0.004548492143,0.002684747218
336,0.004434662987,0.002630152681
337,0.004595961596,0.002477137488
338,0.004510822648,0.002753707871
339,0.004674884141,0.002448587649
340,0.004271987651,0.00252900357
341,0.004302491143,0.002210697872
342,0.00434166682,0.002488185273
343,0.004219588678,0.002453309862
344,0.004388645844,0.002527025164
345,0.004291607067,0.002320087282
346,0.004320884298,0.002317250386
347,0.00440479978,0.002103002073
348,0.004369959293,0.002282837697
349,0.004395173921,0.002262881579
350,0.004215240071,0.002228878628
351,0.004165908351,0.002070264149
352,0.004476383852,0.002162827514
353,0.004181089491,0.002203334268
354,0.004027195129,0.00224961809
355,0.004351343319,0.001973519233
356,0.004344547691,0.002160365257
357,0.004063727596,0.002106223677
358,0.004093648633,0.002067694819
359,0.004068935377,0.001975540028
360,0.003973491694,0.001991419951
361,0.004073055985,0.00195557125
362,0.004139241355,0.00210420051
363,0.004038449697,0.001979926034
364,0.004235282016,0.002036167192
365,0.003837317694,0.001847004183
366,0.004180905584,0.001907373968
367,0.004117870296,0.001926021519
368,0.003835335869,0.001988741191
369,0.003835106443,0.001919710601
370,0.003909125866,0.001817146709
371,0.004008633958,0.001841526115
372,0.004086112487,0.001751285963
373,0.004152755457,0.001729718846
374,0.003981281363,0.001741037966
375,0.003778319136,0.001695391009
376,0.004080049897,0.001668519151
377,0.004013535829,0.001725129594
378,0.00397332554,0.001761064312
379,0.003852543654,0.001718766915
380,0.003901899123,0.001766382178
381,0.003852125432,0.001759873136
382,0.004028278636,0.001743231143
383,0.003837117925,0.001740813532
384,0.003776633181,0.001586371873
385,0.003652012936,0.001640016999
386,0.003970973339,0.001603137513
387,0.003820445738,0.001629774924
388,0.003930041101,0.001574476119
389,0.003487804526,0.00160706375
390,0.00374734294,0.001625656238
391,0.003802059131,0.001583524587
392,0.003723626811,0.001558135802
393,0.003683061979,0.001619860719
394,0.003673396859,0.001648885707
395,0.00374337894,0.00163590131
396,0.003641209216,0.001619354807
397,0.003680403286,0.001542286191
398,0.003621945652,0.001512808711
399,0.003797598212,0.001639076465
400,0.003593876085,0.001497600126
401,0.003626280231,0.001586530125
402,0.003543287516,0.00157168298
403,0.003515545133,0.001514762043
404,0.003627302329,0.001671803504
405,0.00375403522,0.001567576008
406,0.003550780559,0.001641028066
407,0.003654568223,0.001452082433
408,0.003452443489,0.001524909385
409,0.003499547049,0.001432575038
410,0.00363916636,0.001421013731
411,0.003463989589,0.001556203439
412,0.003506619716,0.001422474306
413,0.003223071108,0.001531607893
414,0.003679847025,0.001444529029
415,0.003374431952,0.001534937619
416,0.003546632652,0.001488189941
417,0.003506694426,0.001438027393
418,0.003454414749,0.001488752518
419,0.003359336057,0.001401919741
420,0.003605183127,0.001485879344
421,0.003548861685,0.001441427288
422,0.003536375851,0.001376909131
423,0.003462672816,0.001387750177
424,0.003360423871,0.001512914881
425,0.00336243998,0.001317218892
426,0.003396588436,0.001372135885
427,0.003387140721,0.001521062513
428,0.003472546989,0.001335586683
429,0.003289239103,0.001375977386
430,0.003331156797,0.001318081733
431,0.00331190179,0.00129635488
432,0.003496239049,0.001359953327
433,0.003187572176,0.00141527479
434,0.003239731392,0.001453804798
435,0.003076355002,0.001397369313
436,0.003275667492,0.001238401499
437,0.003239720099,0.001406223339
438,0.00332752589,0.001435602244
439,0.003295757982,0.001402738126
440,0.003230189293,0.001362423427
441,0.003197571845,0.001302429431
442,0.003399175213,0.001310874592
443,0.003260802012,0.001338155053
444,0.003388132172,0.001317416129
445,0.003001767735,0.001277069081
446,0.003286554682,0.001364708543
447,0.00331516462,0.001298584248
448,0.003150624543,0.001329218168
449,0.003146443836,0.001229702597
450,0.003045771504,0.001373679494
451,0.003140922345,0.001316275622
452,0.003129169112,0.001226737892
453,0.003099021676,0.001245585096
454,0.003110871592,0.001198344398
455,0.003058457747,0.001300702774
456,0.003155587387,0.001215778742
457,0.003043609497,0.001149297721
458,0.00321346664,0.001298162926
459,0.002987826301,0.001227002009
460,0.003186468675,0.001286607076
461,0.003025819955,0.001271563116
462,0.003193661047,0.001216867138
463,0.003038894822,0.001104761148
464,0.003227227309,0.001292463799
465,0.003287605155,0.00117138878
466,0.003002956742,0.001201640756
467,0.002950410009,0.001204849716
468,0.003229404247,0.00128601311
469,0.003084617725,0.001272646899
470,0.003127148928,0.00114064927
471,0.00302757672,0.001222272971
472,0.003103505354,0.001246235261
473,0.002944378473,0.001140359775
474,0.003056179907,0.001195376477
475,0.003053221299,0.001156274884
476,0.003223127045,0.001302918652
477,0.003135960607,0.001153761637
478,0.002986236679,0.001240551836
479,0.003056651738,0.001132262136
480,0.002988622407,0.001195225705
481,0.003000095603,0.001155321806
482,0.00328349651,0.001162070206
483,0.002993975708,0.001176639067
484,0.002934519522,0.001148784635
485,0.002971093956,0.001081962931
486,0.002964450425,0.001151952252
487,0.002935471188,0.001135395221
488,0.003004927188,0.001168741917
489,0.002780886454,0.001103604838
490,0.002970209433,0.001129364246
491,0.003063350596,0.001181034808
492,0.002993472124,0.001165310707
493,0.003097820532,0.001041970121
494,0.003098920046,0.001091440237
495,0.002772980544,0.001182266962
496,0.003001125995,0.001188098424
497,0.002871216653,0.0011458597
498,0.003021227632,0.001145358678
499,0.002819981804,0.001072317245
500,0.002898698993,0.001247318709
501,0.002952240116,0.001185263493
502,0.00299968716,0.001090300742
503,0.003038723225,0.001156602797
504,0.002958067606,0.001118871165
505,0.002675042691,0.001070802966
506,0.002764900244,0.001093457744
507,0.002964460058,0.001159537685
508,0.002958516212,0.001007424493
509,0.002687010245,0.001117277752
510,0.002895965095,0.001184453831
511,0.002710323577,0.001037405949
512,0.002718336182,0.001069282196
513,0.002818727866,0.001104362585
514,0.002728887193,0.001098835215
515,0.002749021456,0.0009934992777
516,0.002807343903,0.001048649829
517,0.002820511494,0.001032716667
518,0.002753838606,0.00107832894
519,0.002790784114,0.001059953916
520,0.002682681166,0.001101578069
521,0.002849442331,0.001036194626
522,0.002867432428,0.0009687891506
523,0.002793704392,0.001130050921
524,0.003026701248,0.001083810836
525,0.002881534485,0.001025903941
526,0.002756034315,0.0009592462447
527,0.002962151746,0.001134370134
528,0.002717023977,0.001033262568
529,0.002822251379,0.001054034059
530,0.002743893681,0.0011300435
531,0.002684208011,0.001078857698
532,0.002728547668,0.001118402295
533,0.002669506619,0.001088930352
534,0.002882135304,0.001015458489
535,0.002658402285,0.001008581879
536,0.002632126212,0.001063361357
537,0.002854146587,0.0009954042471
538,0.002763893746,0.0009711779057
539,0.002715847018,0.0009259587678
540,0.002690103633,0.0009829375194
541,0.002633500902,0.00100286807
542,0.002727083804,0.0009401834177
543,0.002742041979,0.0009752074766
544,0.002603285131,0.001068623416
545,0.002615781937,0.000999536016
546,0.002584815171,0.001017254777
547,0.002678188001,0.001005170947
548,0.00261010023,0.0009459231951
549,0.002723797254,0.0009885028776
550,0.002627507609,0.0009932651155
551,0.002768470556,0.0009947804429
552,0.002608407696,0.000965162857
553,0.002662247745,0.0009828874099
554,0.002753380017,0.0008751556816
555,0.002604115172,0.001053737091
556,0.002596630104,0.001037111208
557,0.002568741358,0.001019792908
558,0.002427584463,0.0009266073976
559,0.00254933309,0.0008763404549
560,0.002654547599,0.0009951556567
561,0.002550127596,0.000935944212
562,0.002946313849,0.0009763085254
563,0.002610710071,0.0009803432768
564,0.002613169199,0.001071031729
565,0.002530329861,0.001063330456
566,0.0024429021,0.0009833225558
567,0.002709403663,0.0009780612381
568,0.002634083852,0.0009353682617
569,0.002488005819,0.0009403974182
570,0.002573063073,0.000909287679
571,0.002467317361,0.000961849415
572,0.002522926137,0.000925914348
573,0.00239148835,0.0008405236586
574,0.002315203281,0.0009026186162
575,0.002674197924,0.0009523175831
576,0.002281616791,0.0009218423074
577,0.002537901455,0.0009398606562
578,0.002419594704,0.0009672246815
579,0.002547705721,0.0009700978117
580,0.002433377522,0.0009641365759
581,0.002430700901,0.0008810826403
582,0.002433851885,0.0008800036667
583,0.002492329193,0.0009286629574
584,0.002422621241,0.0009210821372
585,0.002412632399,0.0009555398137
586,0.002645788511,0.0009916943745
587,0.002583322115,0.0008644931513
588,0.002492212021,0.0009076036949
589,0.002320373344,0.000923962587
590,0.002316604077,0.0009368391111
591,0.002580379631,0.0009505129347
592,0.002557967702,0.0008200009615
593,0.002538582776,0.0009213070152
594,0.002412576869,0.0009331710535
595,0.002498654969,0.0008785034515
596,0.002563734946,0.0008862709074
597,0.002403006059,0.00088617867
598,0.002367202571,0.000876662285
599,0.002468812454,0.0009304065752
600,0.002419126889,0.0009639465061
601,0.002376345394,0.0008779244163
602,0.002415785915,0.000933054027
603,0.002461337484,0.0008801936419
604,0.002334684657,0.0009183211732
605,0.00241994267,0.0008592102531
606,0.002338841499,0.0008370510841
607,0.00238170306,0.0009454874089
608,0.002534482453,0.000925550914
609,0.002530757454,0.0009193810547
610,0.002484065859,0.0009582513667
611,0.002188159269,0.0008762077487
612,0.002354556549,0.0008411975577
613,0.002311210526,0.0008141195212
614,0.002354721713,0.0008253330598
615,0.002333359997,0.0009097141228
616,0.002539440116,0.0008507630992
617,0.002364983142,0.0008583407543
618,0.002303615649,0.0008669821545
619,0.002396900323,0.0008674325945
620,0.002445118909,0.0008946251182
621,0.002241449722,0.0009027191336
622,0.002244432093,0.0008415005723
623,0.002478520459,0.0009096702415
624,0.002388084045,0.0007933382076
625,0.002304841502,0.0009664288373
626,0.00239441279,0.000825934032
627,0.002391490998,0.0008696655786
628,0.002419823926,0.0009830695053
629,0.002345880202,0.0008719699908
630,0.002276287996,0.0009027367923
631,0.002302573703,0.0007936878173
632,0.002284718023,0.0008761237114
633,0.002259342727,0.0009103421544
634,0.00251344344,0.0008733293653
635,0.0022665133,0.0008125792592
636,0.002309307107,0.0009241798398
637,0.002260756097,0.0008300211048
638,0.002257692249,0.0008028934462
639,0.002455786976,0.0008482247285
640,0.002149120264,0.0009221678702
641,0.002487939026,0.0009017568154
642,0.002277969848,0.0007837032608
643,0.002259813162,0.0009566794033
644,0.002211468527,0.000845487215
645,0.002262095775,0.0009569250469
646,0.002288685733,0.000853715057
647,0.002307758463,0.0008236468857
648,0.002500657327,0.0008119992781
649,0.002132641326,0.000817960572
650,0.002182363605,0.0007871725393
651,0.002269884906,0.0008319163899
652,0.002361324267,0.0008346158429
653,0.002322331828,0.0008415408665
654,0.002330758318,0.0008272896594
655,0.002336343401,0.0008458816519
656,0.00219441115,0.0008575627289
657,0.002233838284,0.0008214964837
658,0.0022549282,0.0008668880546
659,0.002228095269,0.0007642716737
660,0.002308568073,0.0008778263291
661,0.002293353493,0.0008448035223
662,0.002224328404,0.000941540944
663,0.002211121784,0.0008162948216
664,0.002138276308,0.0008079349136
665,0.002326269401,0.0008419783044
666,0.002206683595,0.0008269237223
667,0.002205880126,0.0008560076312
668,0.002172957757,0.0008804349272
669,0.002085278902,0.0008554909655
670,0.002290495249,0.0008132991352
671,0.002065975306,0.0008688036105
672,0.002364139451,0.0008136204488
673,0.002139148681,0.000841289082
674,0.002204558783,0.000828595621
675,0.002224726457,0.0008118962432
676,0.002066565095,0.0007864199943
677,0.002227913501,0.0008150474096
678,0.002186696453,0.00075957644
679,0.002268667828,0.0007603973427
680,0.002117680968,0.0008544339507
681,0.002076199977,0.000856413586
682,0.002244211355,0.0008249807288
683,0.002324826826,0.0008628382639
684,0.002156695482,0.0009211076685
685,0.002178654991,0.0008526221645
686,0.002063056221,0.0008068752795
687,0.002214933949,0.0008302375572
688,0.002220300565,0.000879791638
689,0.002145913546,0.0008065157672
690,0.002120195073,0.0008206628845
691,0.002115841897,0.000809397854
692,0.002115475188,0.0007911803987
693,0.002086589739,0.0006834189116
694,0.002068173068,0.0007769668809
695,0.002157450144,0.0008399506842
696,0.001980982241,0.0007710761929
697,0.002167672952,0.000774909764
698,0.002126703912,0.0007438586326
699,0.002034490652,0.0007471538775
700,0.002144236671,0.0008214888658
701,0.001952805396,0.0008255332577
702,0.002225347533,0.0008424464977
703,0.002048210736,0.0007806379508
704,0.002158386909,0.0006962739426
705,0.002036693651,0.0008421570165
706,0.002095314616,0.000817056185
707,0.002161257536,0.0008253748529
708,0.002193421678,0.0008222435499
709,0.002135674775,0.0008360350475
710,0.002068250411,0.0008895394858
711,0.002205599478,0.0007880031408
712,0.00205736357,0.0008432859686
713,0.00204236868,0.0007716299806
714,0.002163114768,0.0007521177395
715,0.002037454149,0.000796207707
716,0.002086494089,0.0007717863264
717,0.002022942004,0.0007980991868
718,0.002014830054,0.0007804422276
719,0.001937233304,0.0008691245748
720,0.002037303813,0.0008015758431
721,0.002163858459,0.0007541459418
722,0.002186411293,0.0007484938105
723,0.002100841186,0.0007375978821
724,0.002086053952,0.0008026061187
725,0.002137871765,0.00080833026
726,0.002084834778,0.0007510943688
727,0.002017246865,0.0007376328576
728,0.001961899776,0.0007644197467
729,0.002101270409,0.0007324574981
730,0.001911476895,0.0007323742902
731,0.001981818961,0.0007761008383
732,0.001988592427,0.0007733405946
733,0.001834806913,0.0007436174055
734,0.002036211954,0.0007672102511
735,0.00221017882,0.0008168674831
736,0.002027126786,0.0007706386896
737,0.001935615626,0.0008143768573
738,0.002007866715,0.0007625972794
739,0.002069355673,0.0008523271754
740,0.001977514199,0.0008134685413
741,0.002069771101,0.0008013922343
742,0.002033396202,0.0007528214919
743,0.001966015698,0.0007096556365
744,0.002044559616,0.000785172866
745,0.001952374208,0.0007769990189
746,0.002059372448,0.0007869991969
747,0.001973289953,0.000767190897
748,0.001956595021,0.0007930139182
749,0.002123119222,0.0007794573175
750,0.002005478731,0.0008379455248
751,0.001979650231,0.000759023329
752,0.001985027571,0.0007836203949
753,0.002098375699,0.0007368981387
754,0.002001912057,0.0007681855786
755,0.001963840361,0.0006586405361
756,0.001937556284,0.0007344660407
757,0.001954667532,0.0007161165267
758,0.002085006476,0.0007415396467
759,0.001824871724,0.000722189412
760,0.002018492276,0.0007405593933
761,0.001976199492,0.000808838704
762,0.001942972725,0.0007559436344
763,0.001940209448,0.0007683349249
764,0.001948974546,0.0007413264975
765,0.001959220826,0.0007267098626
766,0.001993659142,0.0007695418608
767,0.0018145504,0.0007220269108
768,0.001875602262,0.0007752068414
769,0.002048743394,0.0006829580816
770,0.001850596935,0.000721939221
771,0.001966178999,0.0007474263111
772,0.001847663923,0.0006837693436
773,0.001946871853,0.0006718690638
774,0.001846693456,0.000685878651
775,0.001898515329,0.0006821688221
776,0.001783374581,0.0007060772041
777,0.00210989872,0.000747628008
778,0.001864434671,0.0008570771824
779,0.002020442247,0.000796199929
780,0.001929491962,0.0007821198305
781,0.001923192161,0.0007987635181
782,0.001874780603,0.0007548995054
783,0.001988852746,0.0007552936295
784,0.00184667432,0.0006769214815
785,0.00179029729,0.000744769015
786,0.001842629092,0.0006956800935
787,0.001972039026,0.0007280556019
788,0.001824970794,0.0007585998537
789,0.001797550096,0.0007174443381
790,0.001849208667,0.0006944050474
791,0.001904909703,0.0007938510826
792,0.001986431555,0.0007402267438
793,0.001917928414,0.0007594846902
794,0.001939623602,0.0007610405664
795,0.001940119342,0.0006953334523
796,0.001811042501,0.0007468453259
797,0.001804824278,0.0006822583164
798,0.001926971308,0.0007791215903
799,0.00179402373,0.0007715584725
800,0.001815864482,0.0007228526956
801,0.001911074854,0.0007606296931
802,0.001835829491,0.0007680873168
803,0.001808516929,0.000726477745
804,0.001799493941,0.0006754405185
805,0.001834650073,0.0007638695824
806,0.0017934231,0.0007483494846
807,0.001872821129,0.0007576852367
808,0.001892668923,0.0007300357756
809,0.001876638518,0.0007399441747
810,0.001738446939,0.0007858371973
811,0.001956087741,0.0007381151008
812,0.001837633521,0.0006649814532
813,0.001792371346,0.0006602228168
814,0.002039064799,0.0007260178536
815,0.001842537647,0.0007409162063
816,0.001832238864,0.0007701023205
817,0.001783292595,0.0006781092525
818,0.001803735417,0.0008227226135
819,0.00179384074,0.0007490768257
820,0.001795259392,0.0007359003212
821,0.001855183102,0.0006808809048
822,0.001811917289,0.0008238192531
823,0.001725077003,0.0006810164778
824,0.001918504844,0.0007432009006
825,0.001763982014,0.0007638786701
826,0.001784535576,0.0007453713479
827,0.001811751325,0.0007671926141
828,0.001880678828,0.0006769046013
829,0.001742146618,0.0006861797738
830,0.00179905098,0.0006987071756
831,0.001842746045,0.0007180680404
832,0.001812912713,0.0007416024891
833,0.001785025903,0.0007680805211
834,0.001817243829,0.0007827558729
835,0.001807572742,0.0006623029039
836,0.001657710352,0.0006818280381
837,0.001799312842,0.0007488208939
838,0.001844529921,0.0007730626094
839,0.001771620387,0.000683160637
840,0.001763111941,0.0007324057151
841,0.001693620943,0.0007219513209
842,0.001889562976,0.0007095968322
843,0.001741640604,0.0008029085875
844,0.001772209158,0.0006675091208
845,0.001735934595,0.0007889441185
846,0.001772858974,0.0007870546251
847,0.001738026418,0.0007472599245
848,0.001734724196,0.0007040712444
849,0.001719135471,0.0007609828535
850,0.001697896936,0.0007117657442
851,0.001867607731,0.0007332624009
852,0.001813852941,0.0007655473601
853,0.001757793594,0.0006986743028
854,0.001726580726,0.0006864729512
855,0.001963434072,0.0007006794913
856,0.001802075698,0.0007007064269
857,0.001743801186,0.0007889896588
858,0.001663413335,0.0007641149059
859,0.001673389881,0.0007737011474
860,0.001851673893,0.0006785877049
861,0.001798841186,0.0007091280568
862,0.001693152226,0.0007062465156
863,0.001745868474,0.0007153685947
864,0.001682292495,0.0006799772309
865,0.001748395007,0.0008242403492
866,0.001749910414,0.0006628508563
867,0.0016317017,0.0007851836126
868,0.001803309817,0.0006706088461
869,0.001724880407,0.0007432739003
870,0.001665189557,0.0006620049098
871,0.00181003903,0.0006620839413
872,0.001687404947,0.0007188464442
873,0.001668458077,0.0007138500077
874,0.001772775431,0.0006889891665
875,0.001734411126,0.0007680449417
876,0.00162988287,0.0007221189444
877,0.001711366524,0.0006829885097
878,0.00169328053,0.0007707042387
879,0.001671074962,0.0006951005344
880,0.001640666684,0.000726758677
881,0.001549527631,0.0007384464043
882,0.001730822289,0.0007505422909
883,0.001667569872,0.0006779727773
884,0.001659473026,0.000758441769
885,0.0018025678,0.0007411594706
886,0.001700908193,0.0007397379668
887,0.001620521885,0.0007403844284
888,0.001746758513,0.0007273770898
889,0.001654183288,0.0007207371382
890,0.001640907984,0.0006753739581
891,0.001611768734,0.0007787575669
892,0.001581920515,0.0007195861544
893,0.001707316798,0.0007349881344
894,0.001581421428,0.0006838584522
895,0.00164121711,0.0006398194018
896,0.001608184146,0.0006921386666
897,0.001668171637,0.0006500412346
898,0.001659710659,0.0007369801606
899,0.001588949715,0.0007151610189
900,0.001665023869,0.0007087774429
901,0.001580566241,0.0007623421043
902,0.001691600759,0.000771914194
903,0.001672404047,0.0006482576428
904,0.001632566185,0.0006986037406
905,0.001669125922,0.0006424200183
906,0.001742938999,0.0006603205329
907,0.001706110386,0.0007830559261
908,0.001677492008,0.0006940612147
909,0.001731947006,0.0007022981008
910,0.001695099374,0.0007223975699
911,0.001633251057,0.0007058977862
912,0.001580881755,0.0007696385583
913,0.001674028827,0.0006995739313
914,0.001630576546,0.0007455028172
915,0.001609814935,0.0006818588008
916,0.0017676282,0.0006745097999
917,0.001681363559,0.0006702382525
918,0.001602954857,0.0007045287639
919,0.001564264821,0.0007337016941
920,0.001620136361,0.0007301318474
921,0.001499864389,0.0007257836696
922,0.001591468957,0.0006703282852
923,0.001563324229,0.0006796505113
924,0.001584318539,0.0007585574422
925,0.00154451908,0.000658957877
926,0.001649542406,0.0006465285333
927,0.00155173587,0.0007365476704
928,0.001413232632,0.000792068844
929,0.001637947775,0.0006672089512
930,0.001564243779,0.0007185765498
931,0.001606225938,0.0007484141097
932,0.001645465745,0.0006590554403
933,0.001642758609,0.0007188491145
934,0.001533072049,0.0006766735969
935,0.001544003506,0.0006283190014
936,0.001490341281,0.0006751548208
937,0.001623026343,0.0006533400083
938,0.001675601394,0.0007131953389
939,0.001591457723,0.0007328755892
940,0.001613354587,0.0007369864397
941,0.001634849119,0.0006896737686
942,0.001641477618,0.0006933485565
943,0.001629643448,0.0006888075513
944,0.001525288899,0.0006937905491
945,0.001537104297,0.000746619764
946,0.00153561795,0.0007013329596
947,0.001616868452,0.0007232892749
948,0.001545314881,0.0006084132838
949,0.001614406181,0.0007263352381
950,0.001468872564,0.0006839141424
951,0.001464808709,0.0007031600762
952,0.001561023149,0.0007019892146
953,0.001532889131,0.0006733897026
954,0.001453340665,0.000729388732
955,0.001570566936,0.0006747853186
956,0.001563579557,0.0006137077071
957,0.001744530586,0.0006997649543
958,0.001530958718,0.0006525006975
959,0.001614455847,0.00074524714
960,0.001494548516,0.0007483158042
961,0.001657866029,0.0007859540347
962,0.001624209894,0.0006621805733
963,0.001620517432,0.0007552094903
964,0.001574962604,0.0007279342171
965,0.001539627177,0.0006599638
966,0.001547928536,0.0007336504132
967,0.001555621682,0.0006652933225
968,0.001646804652,0.0006756093862
969,0.00153699996,0.0006725498897
970,0.001544724102,0.000699495562
971,0.001446232927,0.000676465861
972,0.001531105692,0.0006349528048
973,0.001552899383,0.0006175026938
974,0.00152580053,0.0005910092877
975,0.001432526027,0.0006799832045
976,0.00151399833,0.0006333784913
977,0.001546760308,0.0006947845977
978,0.001535002593,0.0006396939134
979,0.001551069145,0.000690743429
980,0.001518008561,0.0007356635324
981,0.001574958762,0.0006809949773
982,0.001454137717,0.0006669602953
983,0.001528660912,0.0006597871834
984,0.001434471793,0.0006862671071
985,0.001658325913,0.0007649002509
986,0.001584546102,0.0006821063798
987,0.001518933248,0.0007171803518
988,0.001562288351,0.0006113755298
989,0.001566468811,0.0006505858328
990,0.001441452332,0.0006463462778
991,0.001556120682,0.0006731042886
992,0.001405558112,0.0006647456685
993,0.001411832534,0.0007355497073
994,0.001474749108,0.0006664980974
995,0.001447579984,0.0007734245955
996,0.001486166482,0.0007003193678
997,0.001502161584,0.0006789232357
998,0.001434253834,0.0006564844007
999,0.00145960426,0.0006786961458
1000,0.001469764014,0.000665111962
1001,0.001467167924,0.0007174265047
1002,0.001395700267,0.0006198950141
1003,0.001529160363,0.0006980170801
1004,0.001498035184,0.0006840693386
1005,0.001505946915,0.0006543064301
1006,0.001557050651,0.0006865981777
1007,0.001375194508,0.0006474710462
1008,0.00155928504,0.0006511197789
1009,0.001488231515,0.0007034800146
1010,0.001489287533,0.0006740081008
1011,0.001507397785,0.0007184489805
1012,0.001493213509,0.0007359046795
1013,0.00146217423,0.0007064316596
1014,0.001531602538,0.0006296557985
1015,0.001586780141,0.0006280658417
1016,0.001445713729,0.0006809827428
1017,0.00141843842,0.0007099146969
1018,0.001589867315,0.000674221541
1019,0.001411092773,0.00070933604
1020,0.001533777759,0.0006192844085
1021,0.001389158759,0.0006805502489
1022,0.001483768196,0.0007182558402
1023,0.001443898087,0.0007338428986
1024,0.001559224882,0.0006946366921
1025,0.001482995242,0.0006195818351
1026,0.001473529061,0.0006438677228
1027,0.001487939036,0.0007268159243
1028,0.001395048705,0.0007211244592
1029,0.001422819594,0.0006805132361
1030,0.001368408397,0.0007010522531
1031,0.001462801825,0.0006949027156
1032,0.001425843104,0.0006444490282
1033,0.00139300451,0.0006822084179
1034,0.001471298994,0.0006700933518
1035,0.0014079502,0.0006411342474
1036,0.001468706483,0.0006489141088
1037,0.001433793921,0.0007018714095
1038,0.001396905907,0.000665323947
1039,0.00142806751,0.0006921849053
1040,0.00152866522,0.0007352685789
1041,0.001418615037,0.0006303354821
1042,0.001408214142,0.0006774452777
1043,0.001376858592,0.0006252067906
1044,0.001457197053,0.0006897788553
1045,0.001437245723,0.0006667662456
1046,0.001419930457,0.0006954937053
1047,0.001326709651,0.0006259844959
1048,0.00148232645,0.000681341895
1049,0.001369945981,0.0006899501313
1050,0.001417685795,0.0006202798104
1051,0.001476825433,0.0006556218868
1052,0.001526382213,0.0007300859943
1053,0.001402466907,0.0006692489551
1054,0.001394601175,0.0006086322974
1055,0.001377214998,0.0006617294202
1056,0.00137585467,0.0006788416795
1057,0.00137902706,0.0007233443539
1058,0.001377184497,0.0006649681236
1059,0.001421370427,0.0006184119193
1060,0.001445915419,0.000644018146
1061,0.001406441457,0.000732473105
1062,0.001415367908,0.0007104609249
1063,0.001334640547,0.0007152722756
1064,0.001414146303,0.0006957550504
1065,0.001333436579,0.0006309256933
1066,0.001441623332,0.000654120704
1067,0.001431620069,0.0006617819017
1068,0.001384989635,0.0006614098347
1069,0.001367803023,0.00071989555
1070,0.001343430718,0.0007162737093
1071,0.001356275417,0.0006125639047
1072,0.001482613559,0.0006743236299
1073,0.001382262111,0.0005918402785
1074,0.001339963419,0.0006652005759
1075,0.001295306021,0.0006304253402
1076,0.001355522443,0.0006906584531
1077,0.001410028286,0.0007027190659
1078,0.001353394138,0.0006295107087
1079,0.001350485982,0.0006205452592
1080,0.00132495744,0.0006498724833
1081,0.001313163841,0.0006740302561
1082,0.001377121167,0.0007097761627
1083,0.001472925098,0.0006438785276
1084,0.001405834962,0.00069948077
1085,0.001332152548,0.0006847466066
1086,0.001296776347,0.0006879062203
1087,0.001466495101,0.0006816585592
1088,0.001323295452,0.0006736933065
1089,0.001347132304,0.0006243456301
1090,0.001358406473,0.0006419496349
1091,0.001350082515,0.0006177897922
1092,0.00140645451,0.0006149814726
1093,0.001310290419,0.000678839584
1094,0.00128867435,0.0007044770173
1095,0.001333044958,0.00066973918
1096,0.001379327921,0.0007071562723
1097,0.00132273286,0.0006837961628
1098,0.001351103449,0.0006399810227
1099,0.001294530171,0.0006551573097
1100,0.001273439528,0.0006172649591
1101,0.00138442684,0.0006225868638
1102,0.001342782925,0.0006909789663
1103,0.001386838514,0.0006820127528
1104,0.001274355192,0.0006668671376
1105,0.001272693669,0.0006448540298
1106,0.001328846309,0.000702739897
1107,0.001287857143,0.0006407493711
1108,0.001281054239,0.0005779867643
1109,0.001323464152,0.0006517861693
1110,0.001342166157,0.0006467378407
1111,0.001354895474,0.000660312835
1112,0.001321632226,0.0006509888553
1113,0.001332681175,0.0005896865405
1114,0.001361362098,0.0006198190458
1115,0.001352960957,0.0006359059334
1116,0.001276321913,0.0006013403981
1117,0.001383754148,0.0006095793287
1118,0.001336960428,0.0007154517443
1119,0.00127116646,0.000608692455
1120,0.001386781834,0.0006765892213
1121,0.001275887276,0.0006358679966
1122,0.00125510995,0.0006637380648
1123,0.001232687951,0.0006065272319
1124,0.001268854641,0.0006285375057
1125,0.001386710079,0.0006696541896
1126,0.001316917056,0.0006672158124
1127,0.001302776131,0.0006949491217
1128,0.001361207876,0.0006990018665
1129,0.001287044186,0.0006375162193
1130,0.001276462543,0.0007516845799
1131,0.001395460204,0.0006368443792
1132,0.001352902545,0.0007304815226
1133,0.001268009728,0.0007031908099
1134,0.001301879791,0.0006086085668
1135,0.001261257567,0.000610711515
1136,0.001275912931,0.0006753544221
1137,0.001263798913,0.0005929989456
1138,0.001265410974,0.0007138173605
1139,0.001249944457,0.0006241451774
1140,0.001308638151,0.0006231200532
1141,0.001325947102,0.0007540873557
1142,0.00126289067,0.0005664519194
1143,0.001339760565,0.0006118366291
1144,0.001301368757,0.0006247286728
1145,0.001235957388,0.0006761811746
1146,0.001217616635,0.0006859964487
1147,0.00129536372,0.0006705951309
1148,0.001233596093,0.0006236037589
1149,0.001224032181,0.0006969099122
1150,0.001346481207,0.0007210218537
1151,0.001279473829,0.0007377694201
1152,0.001285813763,0.0006653578457
1153,0.001373057661,0.0006216108013
1154,0.001246775122,0.0006695715929
1155,0.001302131437,0.0006305997376
1156,0.001225367916,0.000610976087
1157,0.001184489753,0.000639864571
1158,0.001261332742,0.0007460579582
1159,0.001293763344,0.000618571612
1160,0.001357256231,0.0006461214689
1161,0.00130191067,0.0006941599058
1162,0.001228220572,0.0007227461247
1163,0.001239801888,0.0006611316785
1164,0.001264295133,0.0007060434509
1165,0.001352438863,0.0006348673342
1166,0.001234114767,0.0007138976507
1167,0.001241542996,0.0007368389415
1168,0.001254371047,0.0006410575224
1169,0.001267766318,0.0005967576362
1170,0.001219279831,0.0006718649238
1171,0.001221384693,0.0006824538068
1172,0.001219855287,0.0007318871358
1173,0.001284617261,0.0006131010305
1174,0.00132151421,0.0006963120395
1175,0.001217086756,0.0007595576317
1176,0.001257761833,0.0006670648327
1177,0.001297815834,0.0006473563553
1178,0.001201684907,0.000611333031
1179,0.001326494312,0.0006570234473
1180,0.001220239203,0.0006475253758
1181,0.001297028866,0.0006120232865
1182,0.00128221247,0.0005882478217
1183,0.001244541767,0.0006576958112
1184,0.001227017085,0.0007255383316
1185,0.001231321614,0.0006006791882
1186,0.001227926972,0.0006191220928
1187,0.001202095576,0.0005651950196
1188,0.001191960793,0.0006192519068
1189,0.001205643304,0.0006495795242
1190,0.001256392759,0.0006194307571
1191,0.001161912165,0.0006017962514
1192,0.001173389363,0.0006838844201
1193,0.001222755222,0.0006483027537
1194,0.001226541048,0.000662658138
1195,0.001205706139,0.0006006839103
1196,0.001166668269,0.0006382261126
1197,0.001167032431,0.0006907550342
1198,0.001163189372,0.0006322460467
1199,0.001200630388,0.0006725080311
1200,0.001221659826,0.0006727828077
1201,0.001212185161,0.0006047317365
1202,0.001212545016,0.0006483744219
1203,0.00117650193,0.0007046014071
1204,0.001168973176,0.0006677805286
1205,0.001214189542,0.0006283257389
1206,0.001212555348,0.0006813377549
1207,0.001181376792,0.000610738105
1208,0.001148233481,0.0005891250403
1209,0.001169587253,0.0006429812784
1210,0.001184809429,0.0006626443646
1211,0.001275846342,0.0006677733181
1212,0.001157941573,0.0006946117173
1213,0.001203866559,0.0006903601679
1214,0.001188003844,0.000647978748
1215,0.00121620977,0.0006292265825
1216,0.001194005628,0.0006043680005
1217,0.001180860665,0.0006708344627
1218,0.001192441952,0.0006496028327
1219,0.001118630826,0.0006347339295
1220,0.001266297651,0.0006172410649
1221,0.001164711612,0.0006464758044
1222,0.001140188397,0.0006805575031
1223,0.001173568075,0.0006353067074
1224,0.00115680114,0.0006390671842
1225,0.001240376369,0.0006834959495
1226,0.001168872972,0.0005874215567
1227,0.001160063504,0.0006595487648
1228,0.001153989724,0.0006837869296
1229,0.001144608257,0.000580698601
1230,0.001101279908,0.0005937986571
1231,0.00123075617,0.0006347551243
1232,0.001138984662,0.0006714398551
1233,0.001179955754,0.0006456103147
1234,0.001208330767,0.0005889524327
1235,0.001136361956,0.0006287912693
1236,0.001126033982,0.0006798899412
1237,0.001183509376,0.0007598689554
1238,0.001176737132,0.0006196036338
1239,0.001180656225,0.0006879411012
1240,0.001145354632,0.0006082603795
1241,0.001188992857,0.0005996824511
1242,0.001153180128,0.0006058061554
1243,0.001108449229,0.0006645218673
1244,0.001215598008,0.0006693185569
1245,0.00116172398,0.0005939835901
1246,0.001230496135,0.0006418595149
1247,0.001207790832,0.0006753286652
1248,0.001175176243,0.0006266238561
1249,0.001091412953,0.0005826711713
1250,0.00123094242,0.0006115713259
1251,0.001179905827,0.0005810109433
1252,0.001104732786,0.0005868059015
1253,0.001156139828,0.0006424784297
1254,0.00115474996,0.0006382928477
1255,0.001170661024,0.000612825701
1256,0.001129266049,0.000612518983
1257,0.001128991455,0.0006298521112
1258,0.001141435408,0.0006762062621
1259,0.001114054248,0.0005837219578
1260,0.001238559133,0.0006680232837
1261,0.001143986345,0.0006643796805
1262,0.001111294594,0.0006659674691
1263,0.001165665555,0.0006700316517
1264,0.001134656748,0.0006532466505
1265,0.001072055347,0.0006551300394
1266,0.001138338746,0.0006146052983
1267,0.00113767969,0.0006102324332
1268,0.001173091136,0.0006806929778
1269,0.001231835762,0.0006673144308
1270,0.001156169252,0.0005923277313
1271,0.001152263241,0.0005807712514
1272,0.001119545152,0.0007561463644
1273,0.00105766012,0.000692939655
1274,0.001110163685,0.0006933090481
1275,0.001155059435,0.0006252193998
1276,0.001108541401,0.0006197972034
1277,0.001091217608,0.0006584547664
1278,0.001167299488,0.000645519016
1279,0.001166161499,0.0006183856676
1280,0.00109163842,0.0006209347375
1281,0.001146473252,0.0006208593841
1282,0.001118298154,0.000640815997
1283,0.001164478919,0.0007714310268
1284,0.001088352903,0.0005791002513
1285,0.001063982418,0.0006529358288
1286,0.001122203379,0.0006766552615
1287,0.001133211852,0.0006070766976
1288,0.001015566304,0.0007197618543
1289,0.001137554653,0.0006585431256
1290,0.001108587931,0.0006438323107
1291,0.001080596528,0.0006595472732
1292,0.001140946697,0.0006678501668
1293,0.001161106127,0.0006200718708
1294,0.001155354796,0.0006577274034
1295,0.001141542001,0.0006235885776
1296,0.001225553729,0.0005726403651
1297,0.001066218341,0.0006525014614
1298,0.001066920639,0.0006156442687
1299,0.001110893994,0.0007195129583
1300,0.001091960577,0.0006533733613
1301,0.001080321505,0.0005935572663
1302,0.00105803521,0.0005966011777
1303,0.001104126539,0.0006985447253
1304,0.001165029214,0.0006284794435
1305,0.00112312274,0.0006007302436
1306,0.001071142608,0.0006232289234
1307,0.001115770792,0.0006351078337
1308,0.001094248233,0.0006450377696
1309,0.001129417906,0.0006402818544
1310,0.00101850988,0.0006069146912
1311,0.001035221365,0.0006655865363
1312,0.001070579339,0.0006253713218
1313,0.001083138872,0.0006159999757
1314,0.001085177617,0.0005899948592
1315,0.001105663468,0.0006413941592
1316,0.00108897491,0.0006019066059
1317,0.001080505899,0.0006623461595
1318,0.001026544523,0.0006400734492
1319,0.001101785514,0.0005786305119
1320,0.001002658144,0.0006352471464
1321,0.001076949382,0.000634971133
1322,0.001046604404,0.0006361895212
1323,0.001126974894,0.0005325517595
1324,0.001079964772,0.0005976305474
1325,0.001074077198,0.0005467739102
1326,0.001087363315,0.0005994865351
1327,0.00110864811,0.0006192728106
1328,0.001009673077,0.0006141889316
1329,0.001084487289,0.0006316606814
1330,0.00108636565,0.0006159544027
1331,0.001061339295,0.0006634084784
1332,0.001083731942,0.0006411078721
1333,0.00113858495,0.0006723394035
1334,0.001064743337,0.0006096328434
1335,0.00106393615,0.000599373052
1336,0.001023345176,0.0006313681261
1337,0.001076072527,0.0006800260308
1338,0.001125734605,0.000726315986
1339,0.001055678069,0.0006335616054
1340,0.001101884453,0.0006282353934
1341,0.001123926791,0.0006331846016
1342,0.001018054027,0.0006383790678
1343,0.001087798511,0.0006274947445
1344,0.001063326017,0.0006522398544
1345,0.001041420983,0.0006280780872
1346,0.001061664851,0.000635228389
1347,0.001157792445,0.0006522432159
1348,0.001081769049,0.0006407266119
1349,0.001051364474,0.0006942107975
1350,0.001082463263,0.0006731508984
1351,0.001108379249,0.0006146048981
1352,0.001068841178,0.0006730848836
1353,0.001048154627,0.0006614525264
1354,0.001064145654,0.000663888939
1355,0.001075972417,0.0005838888537
1356,0.001076723602,0.0006422274309
1357,0.001057312904,0.0006112849587
1358,0.001153684818,0.0006786933227
1359,0.001090302547,0.0006278256114
1360,0.001067644393,0.0006277297143
1361,0.001083759824,0.0006175739109
1362,0.001140974135,0.0005924482357
1363,0.001008339634,0.0006492936518
1364,0.001094109648,0.0006461118901
1365,0.001088458695,0.0005490995463
1366,0.001040603354,0.0006562184135
1367,0.001150142547,0.0006467134008
1368,0.001019153242,0.0006423886734
1369,0.001098273002,0.0006612383877
1370,0.001043783494,0.0006690936279
1371,0.001070621285,0.0006329078024
1372,0.00106446178,0.0006215357498
1373,0.001018460869,0.0006401871651
1374,0.001054286236,0.0005764082744
1375,0.001093003913,0.0006065688285
1376,0.00102499831,0.0005908346793
1377,0.001088087396,0.0006135208023
1378,0.001027333426,0.0007230578049
1379,0.001066650897,0.0007084293829
1380,0.001082120114,0.0006505886486
1381,0.001048858627,0.0006711363094
1382,0.001034202658,0.0006472315472
1383,0.001068319529,0.0006191227221
1384,0.001034983165,0.0006627758812
1385,0.0009986301229,0.0006271678358
1386,0.001019031261,0.0006160234916
1387,0.001057240537,0.0006615079183
1388,0.001037049769,0.0006263608739
1389,0.001025392274,0.0006402936706
1390,0.001061690331,0.0006989629837
1391,0.0009501081804,0.0005767278162
1392,0.000988390042,0.0006374854347
1393,0.000998834199,0.0006395109885
1394,0.0009832031719,0.0006466920968
1395,0.0009915358169,0.0007579282101
1396,0.001031965556,0.000567756193
1397,0.001004449441,0.0006976156219
1398,0.001046749785,0.0006093551128
1399,0.001027037695,0.0006041745874
1400,0.0009731117243,0.0005657974543
1401,0.001040225055,0.0006385863308
1402,0.001010139611,0.0006581525013
1403,0.00100931323,0.0006052551435
1404,0.00098249242,0.0006638680352
1405,0.0009749081946,0.0007038076801
1406,0.001062626354,0.0006098570884
1407,0.001019648524,0.0006287790857
1408,0.001014270005,0.0006148561588
1409,0.0009305010099,0.0005610225417
1410,0.001044310164,0.0005876474643
1411,0.001039774943,0.0006565997683
1412,0.001035512061,0.0005842499668
1413,0.00104823061,0.0006049919502
1414,0.001000878838,0.0006483125471
1415,0.0009577097808,0.0006262080642
1416,0.001010205335,0.0006002860173
1417,0.000959440571,0.0005690127728
1418,0.001014833731,0.000618365455
1419,0.0009850849092,0.0006327794435
1420,0.0009592881834,0.0006926175047
1421,0.0008926703085,0.000649870075
1422,0.0010019939,0.0006047002244
1423,0.0009989929385,0.0006422561419
1424,0.0009789650503,0.0006205039244
1425,0.000988336149,0.000574982434
1426,0.0009790008771,0.0006229389401
1427,0.00100109676,0.0005523424625
1428,0.00100448275,0.0006377625905
1429,0.0009298094956,0.0006420454083
1430,0.0009737403452,0.0006505631391
1431,0.0009697288551,0.0006621244975
1432,0.0009751659891,0.0006228803613
1433,0.001001874356,0.0006715782656
1434,0.001011261978,0.0006551023398
1435,0.001020564589,0.000603130251
1436,0.001061426541,0.0006221665826
1437,0.001010270542,0.0005711147642
1438,0.001091555772,0.000615169527
1439,0.001017574752,0.0006751156761
1440,0.001070471204,0.0005953699583
1441,0.0009060124139,0.0006522332333
1442,0.001086434364,0.0006027299896
1443,0.0009644565434,0.0005851891692
1444,0.0009577086093,0.0006621020148
1445,0.001018027091,0.000565801125
1446,0.0009897866767,0.0005311517816
1447,0.0009425369062,0.0006963894048
1448,0.0009944826743,0.000633371521
1449,0.0009865001412,0.0005845119485
1450,0.0009485640912,0.0005995915199
1451,0.0009447682605,0.0006729275556
1452,0.001033361877,0.0005812722447
1453,0.001001230543,0.0006454932045
1454,0.000974120223,0.0005709023972
1455,0.0008968205948,0.0005519566512
1456,0.0009663015953,0.0005612530222
1457,0.0009917056668,0.0006313971426
1458,0.001095287735,0.0006121629885
1459,0.0009306653519,0.0006231608568
1460,0.0008979395789,0.000593036526
1461,0.0009320241152,0.0006586963646
1462,0.0009672276428,0.0006424517851
1463,0.0009034174291,0.000652557741
1464,0.001034013578,0.0006107701702
1465,0.00094848562,0.000625823086
1466,0.0009949845626,0.0005748964722
1467,0.0009281923631,0.000612019765
1468,0.0008978970873,0.0005622507269
1469,0.001032239146,0.0006586258023
1470,0.001027576378,0.0005573292547
1471,0.000935942895,0.0007145361742
1472,0.0009926727289,0.0006164162332
1473,0.001000564349,0.0006326170405
1474,0.0008984908854,0.0006247199381
1475,0.0008926709124,0.0006312029145
1476,0.0009255247278,0.0006491200256
1477,0.0009490047669,0.0005634280715
1478,0.00102899372,0.0005676676301
1479,0.00100701677,0.0006541018302
1480,0.0009135182117,0.0006458587523
1481,0.0008992637886,0.0005999783461
1482,0.001018622817,0.0005516061537
1483,0.0009799012187,0.0005409865116
1484,0.0009699670263,0.0005950429331
1485,0.000931436618,0.0005423638577
1486,0.0009423711163,0.0005991760409
1487,0.0009614269075,0.0006547887388
1488,0.0009299260564,0.0005598372009
1489,0.0009548852977,0.0006082170949
1490,0.0009406322934,0.0006116842997
1491,0.0009155979569,0.000718266223
1492,0.0009096525973,0.0006307275544
1493,0.0009765381765,0.0005598610078
1494,0.0009545636349,0.0005776987964
1495,0.0009405471719,0.0005839560508
1496,0.0009451423175,0.0006322446425
1497,0.0009428906196,0.000558782609
1498,0.0009333921771,0.0006463554673
1499,0.000891806616,0.0006436794138
1500,0.0009538579252,0.0006074305238
1501,0.0009062926692,0.0005786662186
1502,0.0008947632887,0.0005585393301
1503,0.0008891101534,0.0005668412487
1504,0.0009016793338,0.0005329658197
1505,0.0009161826165,0.0005633439578
1506,0.0009209057243,0.000599018822
1507,0.0009557182129,0.0005361385702
1508,0.0009821722269,0.0005743689217
1509,0.0009320042882,0.0005387995698
1510,0.0009270185765,0.0006192910514
1511,0.0008735115189,0.0005831001763
1512,0.0009485525588,0.0005546187786
1513,0.0009666194019,0.0005735366431
1514,0.0008986246903,0.0006200234056
1515,0.001066222758,0.0005878292213
1516,0.0009829592964,0.0006063964029
1517,0.0009086701539,0.0006085240602
1518,0.0009290011512,0.0005392769854
1519,0.0009990342078,0.000685596744
1520,0.0009365963924,0.0005904317586
1521,0.0009363735662,0.0005781182626
1522,0.0009389697443,0.000592350847
1523,0.0009271305826,0.0005959678456
1524,0.000932607727,0.0005869547203
1525,0.0008660355161,0.0006449032044
1526,0.0009107154619,0.0006439443241
1527,0.0009735724816,0.0006211783657
1528,0.0009359204196,0.0005825018598
1529,0.0009091880347,0.0006312491023
1530,0.0008969044284,0.0005368134953
1531,0.0009701984163,0.0005993926388
1532,0.0009575262666,0.000535397452
1533,0.0008767194231,0.0005105925811
1534,0.000881869877,0.0005628025647
1535,0.0009728809673,0.0005052173656
1536,0.0008838876674,0.0005422229115
1537,0.0009304732812,0.0005819257567
1538,0.0009028725908,0.0006659851497
1539,0.0008942660716,0.000607052636
1540,0.0008911206023,0.0005455280843
1541,0.0008455414281,0.0006185823877
1542,0.0008827871206,0.0005901133918
1543,0.0009169696059,0.000566103703
1544,0.0008912988487,0.0005798582024
1545,0.0008941993146,0.0005344983692
1546,0.0008489583706,0.0005966565077
1547,0.0008893739287,0.0005587947198
1548,0.0008829486906,0.000553681326
1549,0.0008827622805,0.000517514196
1550,0.0008861351816,0.000572853558
1551,0.0008852577084,0.000488402904
1552,0.0008974993107,0.0005629668085
1553,0.0008936027371,0.0005847793545
1554,0.0009316860596,0.0005015222996
1555,0.0008425453489,0.0005120777387
1556,0.0008653580153,0.0005707723249
1557,0.0008630035954,0.0005964873781
1558,0.0008250190804,0.0005942973476
1559,0.000983488877,0.0005317774521
1560,0.0008675980644,0.0005406361124
1561,0.0008343041336,0.0005301646088
1562,0.0008999916608,0.0005070653133
1563,0.000859245316,0.0005326690662
1564,0.000911927862,0.0005094242988
1565,0.0009369581603,0.0005057404414
1566,0.0008778970223,0.0005639799492
1567,0.0009595695374,0.0005075644003
1568,0.000911682946,0.0005607278872
1569,0.0008827605197,0.0005817195415
1570,0.0008179021534,0.000547858941
1571,0.0008604178074,0.0005571586917
1572,0.0009335104405,0.0005304593105
1573,0.0008642848697,0.0005515058292
1574,0.0007952221422,0.0005947253958
1575,0.0008362320586,0.000532994909
1576,0.0008850123922,0.0005579751414
1577,0.000825481533,0.000526894084
1578,0.0008971117495,0.0005799995051
1579,0.0008612570164,0.0005424496121
1580,0.0008387178459,0.0005315456292
1581,0.0009060970624,0.0005750163073
1582,0.00089158622,0.0005958395195
1583,0.0008479225871,0.0005650405037
1584,0.0008217265859,0.0005069019571
1585,0.0008961204294,0.0005181232009
1586,0.0008597044653,0.0004891757599
1587,0.0008843145479,0.0005770798161
1588,0.0008600988949,0.0005361609183
1589,0.0008625475239,0.0005261564329
1590,0.0009307821892,0.0006022180351
1591,0.0008656773789,0.0004928058152
1592,0.0007931285654,0.0005349248568
1593,0.0008350544813,0.0005300377998
1594,0.0008493064306,0.0004783580771
1595,0.0008485490034,0.0004655893499
1596,0.0008544342782,0.0004824960924
1597,0.0007951382795,0.0005920908006
1598,0.0007716948312,0.000496464243
1599,0.0008212364992,0.000592157252
1600,0.0008214669215,0.0004793930384
1601,0.0008312770296,0.000509710906
1602,0.0008218387447,0.0005220140374
1603,0.0008409460788,0.0005150501456
1604,0.0008394652104,0.000479881528
1605,0.0008201552773,0.0004476193972
1606,0.0007465604504,0.0005856827374
1607,0.0008546479148,0.0005326570608
1608,0.0008959450352,0.0006117801531
1609,0.0008024904237,0.0004825029318
1610,0.0008426870409,0.0005105751152
1611,0.0007928882769,0.0005092062274
1612,0.0008067993112,0.0005057439485
1613,0.0007739457433,0.0004699238598
1614,0.0007967079873,0.000521036869
1615,0.0008053267302,0.000540326997
1616,0.0008286953962,0.0004222523348
1617,0.000769088314,0.0004803316406
1618,0.0007533330136,0.0005161616609
1619,0.0007540082588,0.0005247957779
1620,0.0008150005597,0.0005141693327
1621,0.0007690777638,0.0004415275544
1622,0.0007264626474,0.0004671711504
1623,0.0007372342006,0.0004839200083
1624,0.0007540836377,0.0004780535673
1625,0.0008043549533,0.00044079898
1626,0.0007699240523,0.000501079041
1627,0.0008198022842,0.0004908376286
1628,0.0007494488018,0.0005633643959
1629,0.0007719910354,0.0004586895375
1630,0.0007990112135,0.0005270212932
1631,0.0008638472063,0.0005048873645
1632,0.0007518573548,0.0005267085326
1633,0.0007671747953,0.0004858891189
1634,0.0007349946463,0.0005489958749
1635,0.0007795143101,0.0004559611552
1636,0.0007394064232,0.0005116142456
1637,0.0008963155778,0.0005098133879
1638,0.0007285578758,0.0004475164387
1639,0.0007276083561,0.0004693621595
1640,0.0007101398078,0.0004589879754
1641,0.0007540857769,0.0004701102953
1642,0.0007094383836,0.0004956935409
1643,0.0007704297022,0.0004261955764
1644,0.0007660049014,0.0005231472715
1645,0.0007196534934,0.0005506769085
1646,0.0007591011527,0.0004837078923
1647,0.0007744806353,0.000436388611
1648,0.0007704874297,0.0004925985195
1649,0.000760237439,0.0003965065989
1650,0.0007667446989,0.0004460929704
1651,0.0007213160134,0.0004639071631
1652,0.0007930857755,0.0005099711416
1653,0.0008033420891,0.0004749803447
1654,0.000776885121,0.0004837637753
1655,0.0007738514105,0.0004948158385
1656,0.0007762307941,0.0005345108366
1657,0.0007437187451,0.0004530843544
1658,0.0007631905537,0.0004415791082
1659,0.0007511628573,0.0004826403965
1660,0.0007108859354,0.0004658347207
1661,0.0007659534822,0.0004696235774
1662,0.0007128509533,0.0004694181589
1663,0.0007507408518,0.0004836710541
1664,0.0007638587704,0.000480404924
1665,0.0007200808323,0.0004693168194
1666,0.0007751858648,0.0004298868262
1667,0.000760452036,0.0005143430644
1668,0.0007470075507,0.0004448640575
1669,0.0007919755008,0.0005197232931
1670,0.0007298926066,0.0004790928506
1671,0.0006499096999,0.0004498020644
1672,0.0006689989823,0.0004728257591
1673,0.0007164457347,0.00047611829
1674,0.0008118951737,0.0004676914614
1675,0.0007708056582,0.0005133896193
1676,0.0007060204589,0.0004538087233
1677,0.0007205807196,0.0004963736174
1678,0.0007248450929,0.0004371249124
1679,0.0007124064141,0.0004566762327
1680,0.0008103811415,0.0004319928521
1681,0.0006893787213,0.0003844674102
1682,0.0007059044219,0.0004660801096
1683,0.0007815305653,0.0004402170271
1684,0.0007232371136,0.0004788450642
1685,0.0007547088462,0.0004752746463
1686,0.000773000349,0.0004534906329
1687,0.0007259047197,0.0004949922768
1688,0.0007364741105,0.0005008080734
1689,0.0006698810903,0.0004378071098
1690,0.0007651653141,0.0004081497718
1691,0.0007527492635,0.0004759704752
1692,0.0007454613733,0.0004298771528
1693,0.0007770815937,0.0005283887731
1694,0.0006787491366,0.0005002224316
1695,0.0007457274842,0.0004739749784
1696,0.0006823314907,0.0005281726735
1697,0.0007286932523,0.0004593052217
1698,0.0007328406427,0.0004156845134
1699,0.0007450259436,0.0004993245711
1700,0.0007252225041,0.0005134868406
1701,0.000737566108,0.0004243104049
1702,0.0006754041751,0.0004593051162
1703,0.0007268975605,0.0004228601756
1704,0.000739889445,0.0004802710464
1705,0.0008211699169,0.0003580168705
1706,0.0007533255339,0.0005021698998
1707,0.0006879061038,0.0004351763382
1708,0.0007798101797,0.0004370778333
1709,0.0006846432734,0.0004901837056
1710,0.0006621947832,0.0004856471169
1711,0.0007953101449,0.0004808307458
1712,0.0007142898685,0.0005150962825
1713,0.0007072225198,0.000423864567
1714,0.0007066697435,0.0005040342803
1715,0.0007259998456,0.000445850339
1716,0.0006892317469,0.0004716982912
1717,0.0007884452934,0.0004780679483
1718,0.0007248598049,0.0005056868322
1719,0.0006864698371,0.0004137127034
1720,0.0007490209828,0.0004736363953
1721,0.0006714306001,0.0003976826956
1722,0.0007841464321,0.0004344623303
1723,0.0007300592988,0.0005160945148
1724,0.0007311951267,0.0003886032318
1725,0.0007264907399,0.0004785994788
1726,0.0006597606407,0.0003676077504
1727,0.0006490451633,0.0004776298956
1728,0.0006781971897,0.0004345837333
1729,0.0006668916685,0.0004766305756
1730,0.0007602971091,0.0004652605749
1731,0.0006532393309,0.0003776169815
1732,0.0007406697478,0.0003808606016
1733,0.0007024651641,0.0004738787466
1734,0.0006717831275,0.0004238181245
1735,0.0006877904816,0.0004690734604
1736,0.0006534351051,0.0003629183266
1737,0.0006768708045,0.0004885022317
1738,0.0006677670171,0.0004279313689
1739,0.000733804045,0.0004165684804
1740,0.0006945414643,0.0004277074731
1741,0.0007595228308,0.0004069087518
1742,0.0007163407354,0.0004156398136
1743,0.0007509029529,0.0004249292906
1744,0.0006975355282,0.0004236606619
1745,0.0006773302157,0.0004688276495
1746,0.0007480017448,0.0003450683034
1747,0.0006794767178,0.0004106318956
1748,0.0007516048863,0.000349867958
1749,0.0007198724343,0.0003545484251
1750,0.0007386452344,0.0004434816437
1751,0.0007007397508,0.0003769036557
1752,0.0006816229215,0.0004389214409
1753,0.0007058229457,0.0004259207017
1754,0.0007248151887,0.000466029931
1755,0.0006792307759,0.0004160794851
1756,0.0006908087744,0.0003631364089
1757,0.0006824016455,0.0004208957944
1758,0.0006727661748,0.0003922494834
1759,0.0006292861581,0.0003786771849
1760,0.0007245362285,0.0004037821491
1761,0.0006071145617,0.0004397795346
1762,0.0007642458077,0.0004559739391
1763,0.0007190532633,0.0004265055104
1764,0.0007424636133,0.0003523829473
1765,0.0006844632735,0.0004191725711
1766,0.0007457408938,0.0004392969931
1767,0.0006387485992,0.0004101300947
1768,0.0006416785254,0.0004239968148
1769,0.0007081368312,0.0003675496118
1770,0.00067566699,0.0005462405315
1771,0.0007169603196,0.0004104916006
1772,0.0007202780689,0.0004053170087
1773,0.0007178117594,0.0004021215573
1774,0.0006074035482,0.0004812073239
1775,0.0007041205536,0.0004808695412
1776,0.0007509872739,0.0003879553733
1777,0.0007221034684,0.0004238381916
1778,0.000657792174,0.0005001851787
1779,0.0006390771377,0.0004166637118
1780,0.0007279849742,0.0003737040715
1781,0.0006596740495,0.0004354115845
1782,0.0006640754073,0.0003569169894
1783,0.0006466715568,0.0004494430541
1784,0.0006903354661,0.0004054406454
1785,0.0006651974691,0.0004602634617
1786,0.0006878337954,0.0004225319535
1787,0.0006432506198,0.0004412273338
1788,0.0007406159057,0.0004107899731
1789,0.0006440564975,0.0005271518203
1790,0.0006626225295,0.0003977195702
1791,0.0006846202232,0.0004569926095
1792,0.0006937948274,0.0003922611759
1793,0.0007241474887,0.0003996715386
1794,0.0006056398161,0.0004134906558
1795,0.0006322187328,0.0004291017613
1796,0.0006234149187,0.0004369148519
1797,0.0007051486755,0.0003804257321
1798,0.0006933414988,0.0003773446697
1799,0.0006796129164,0.0004207281963
1800,0.0006544607968,0.0004625436341
1801,0.0007582201288,0.0003589884218
1802,0.0006625079914,0.0003979570574
1803,0.0006508612205,0.00034978451
1804,0.0007522487067,0.0004770655178
1805,0.0006857702756,0.0004818574307
1806,0.0006458838325,0.000434728594
1807,0.0006623234949,0.0004083258136
1808,0.0006207686238,0.0003882101373
1809,0.00063815256,0.0004629484938
1810,0.0007305864056,0.0003857358424
1811,0.0006334125574,0.0004545174197
1812,0.0007021465135,0.0003880185395
1813,0.0006685102417,0.0004644160399
1814,0.0006520817915,0.0003831338472
1815,0.0007064179517,0.0004014175684
1816,0.0007612925619,0.0004106882734
1817,0.000601037751,0.0003842608567
1818,0.0007287466942,0.0004573118604
1819,0.0006936406789,0.0003948908525
1820,0.0006936866557,0.0003611667671
1821,0.0007050075146,0.0003865253966
1822,0.0007020241173,0.0003731253237
1823,0.0006412509611,0.0004501654876
1824,0.0006342834313,0.0004742268138
1825,0.0006629768177,0.0004109989459
1826,0.0006451021909,0.0004063704109
1827,0.0005950871055,0.000435069931
1828,0.0006700211379,0.0004376331781
1829,0.000647581619,0.0003943701813
1830,0.0006318259038,0.0004504145836
1831,0.0006625350652,0.0004159218443
1832,0.0006050100128,0.000488125148
1833,0.0007295071046,0.0004223132419
1834,0.0006075990023,0.0004000651279
1835,0.0006804271907,0.0004071398726
1836,0.0006536005094,0.0003762362776
1837,0.0006245609693,0.0003910464475
1838,0.0005783062297,0.0003932495583
1839,0.0006323067646,0.0004199771465
1840,0.0006343554633,0.000369672649
1841,0.0006938366714,0.0005262274099
1842,0.0006504523117,0.0004353414515
1843,0.0006092398144,0.0004485940299
1844,0.0006837803521,0.0004033175137
1845,0.0006959670136,0.0004004487128
1846,0.0006972975316,0.0003786065536
1847,0.0006380822088,0.0004442695135
1848,0.0006095566132,0.0004174205369
1849,0.000680127996,0.0003926447826
1850,0.0006949647941,0.000396443942
1851,0.0006381205676,0.0003698181608
1852,0.0006461946105,0.0004119610021
1853,0.0006536091241,0.0004603693123
1854,0.000677865617,0.000478361686
1855,0.0007151047757,0.0003857967204
1856,0.0006392973373,0.0004176183975
1857,0.0006172440299,0.0004325920781
1858,0.0007135935084,0.0004256722277
1859,0.0007224536021,0.0004070029318
1860,0.0005959434129,0.00040409145
1861,0.0006656523983,0.0004416974698
1862,0.0006282410104,0.0003628746199
1863,0.0006032763922,0.0003795634584
1864,0.000697286705,0.0004215060326
1865,0.0006243652024,0.0003917979848
1866,0.0007385408026,0.0003977343586
1867,0.0006124376232,0.0004436163326
1868,0.0006491210879,0.0004842088638
1869,0.0006031776793,0.0004134795527
1870,0.0006331923141,0.0004574109043
1871,0.0007586277279,0.0004557940338
1872,0.0006291089448,0.0004539536458
1873,0.0006412817238,0.0004084093234
1874,0.0005831566232,0.0003734918537
1875,0.0007452377467,0.0003895008485
1876,0.0006461125231,0.0004694607669
1877,0.0006866468029,0.0004185647922
1878,0.0005890161119,0.0004295884683
1879,0.00060180742,0.0003668331556
1880,0.0006752002737,0.0003632532644
1881,0.0006739779128,0.0003595235394
1882,0.0006632579898,0.0004200714975
1883,0.0005729867917,0.0003615299138
1884,0.0006057033897,0.0003770117255
1885,0.0006707197972,0.0004291214354
1886,0.0006074050107,0.0003659535469
1887,0.0006383134169,0.0003746509065
1888,0.0006433823364,0.0003459171894
1889,0.0006568539902,0.0003739898166
1890,0.0006206754915,0.0003939032977
1891,0.0006150260306,0.0003619853596
1892,0.0006338563617,0.0004448945183
1893,0.0006565515796,0.0004093779244
1894,0.0005762967558,0.0003787340356
1895,0.0005881082834,0.0004318133724
1896,0.0006764486607,0.0004056382895
1897,0.000588205221,0.0004372667972
1898,0.0006218624621,0.0004130371162
1899,0.0006292714243,0.000421498029
1900,0.0005888358937,0.0004728213389
1901,0.0006197626644,0.000409159773
1902,0.0006941296597,0.0003821458504
1903,0.0006266250348,0.0004024906084
1904,0.0005912585111,0.0003489646915
1905,0.0006546390796,0.0005124147465
1906,0.0007135337364,0.0004240942326
1907,0.0005810288858,0.0004197155304
1908,0.0006401882347,0.0003435036306
1909,0.0006070826348,0.0004445395934
1910,0.0006495738271,0.0004599654058
1911,0.0005959872578,0.0004542264724
1912,0.0006188986299,0.000365367956
1913,0.0007044374361,0.0004108303037
1914,0.0005943798933,0.0003865234467
1915,0.0006610840719,0.0004001418929
1916,0.0006041972083,0.0004280462235
1917,0.0006028063726,0.0004297877822
1918,0.0006428107372,0.0003730972821
1919,0.0005953078507,0.0004345015659
1920,0.0006405734457,0.000375953965
1921,0.0006022443195,0.000441906559
1922,0.0006292068792,0.0003507701294
1923,0.0007012243914,0.0004019566222
1924,0.0005915291913,0.0003816382632
1925,0.0005902578341,0.0004489966013
1926,0.0006946095018,0.0004476292997
1927,0.0006422729784,0.0003895839363
1928,0.0006090578172,0.0003642703014
1929,0.0006043807007,0.0003837155091
1930,0.0005973713778,0.0003664636097
1931,0.0005917669696,0.0003516927318
1932,0.0006209926942,0.0004009995937
1933,0.0006453490714,0.000382196853
1934,0.0006200347343,0.0003740837492
1935,0.0006369516632,0.0003721618777
1936,0.0006110759314,0.0004345377965
1937,0.0006570492624,0.0003635431094
1938,0.0006575543739,0.0004303336937
1939,0.0005982919829,0.0003498595233
1940,0.000582109089,0.0003929470658
1941,0.0006057136925,0.0003864799073
1942,0.0006114836578,0.0003666677767
1943,0.0006876636617,0.0003589586086
1944,0.000693482536,0.0003828454173
1945,0.0005670835162,0.0003872072048
1946,0.0006091440446,0.0004065863213
1947,0.0005614816801,0.0004514328975
1948,0.0006315867649,0.0004231883977
1949,0.0005634851696,0.0004440185294
1950,0.0006161937708,0.0004035817474
1951,0.0005686510085,0.0003490759373
1952,0.0006362655695,0.0004073808959
1953,0.0005783616507,0.000434604608
1954,0.0006464186517,0.0003725428869
1955,0.0006117040903,0.0003517431433
1956,0.0006132805138,0.000426847233
1957,0.0005462616064,0.0004588661686
1958,0.0006602351932,0.0003898614814
1959,0.0005769847266,0.0004226429301
1960,0.0005833464165,0.0003709046196
1961,0.0006612865618,0.0004562601789
1962,0.0005672771658,0.0004060698193
1963,0.0005769854688,0.0004476923204
1964,0.0006822696305,0.000577525665
1965,0.0005836931014,0.0004136515527
1966,0.0006301065441,0.0005120672213
1967,0.0006096107682,0.0004516930057
1968,0.0006142442289,0.0003804921616
1969,0.0006081054016,0.0003759907886
1970,0.000609055016,0.0003664305768
1971,0.0005926996892,0.0003906670572
1972,0.0006533597916,0.0003827598848
1973,0.0005387460842,0.0004985133673
1974,0.0006029159558,0.0003740886532
1975,0.0006599579356,0.0004147486216
1976,0.0005623690085,0.0004740836484
1977,0.0006776802184,0.0004695812713
1978,0.0006731849644,0.0004103890715
1979,0.0006327252631,0.0004415888725
1980,0.000613612814,0.0004008447104
1981,0.0006026903939,0.0004033152945
1982,0.0006384052977,0.0004004667171
1983,0.0005431003265,0.0004482730074
1984,0.0005540647908,0.0004108250323
1985,0.0005994439707,0.0003632556582
1986,0.0005533084513,0.0004934170611
1987,0.0006422398983,0.0003120667297
1988,0.000566151939,0.000391212714
1989,0.0006224056015,0.0003965668802
1990,0.0006053124162,0.0004417900018
1991,0.0006666574627,0.0004000803274
1992,0.0005988514822,0.0004122719874
1993,0.0005277281562,0.0003580904086
1994,0.0006163815924,0.0004029454212
1995,0.0006240496878,0.0004122433165
1996,0.0006095881836,0.000373589286
1997,0.0006100848914,0.0003989663346
1998,0.0005629701627,0.0003522454463
1999,0.0006012608574,0.0003927121033
2000,0.0006412729381,0.0003798164907
2001,0.0006086951871,0.0004703873856
2002,0.0006079169689,0.0004551831989
2003,0.0005773802113,0.0003554412506
2004,0.0005960203962,0.000455274454
2005,0.0005679177993,0.0004431001289
2006,0.0006282221948,0.0004088975511
2007,0.0005965340315,0.0003893231551
2008,0.0006464674443,0.0003632197731
2009,0.0005834416443,0.0004757228853
2010,0.0006090583993,0.0004582790934
2011,0.0005894413698,0.0004730277651
2012,0.0006698965663,0.0004023444781
2013,0.0006104566492,0.0003905361555
2014,0.0005803512249,0.0003985163348
2015,0.0006074518678,0.0004189613828
2016,0.0006382998909,0.0004410878282
2017,0.0005725865412,0.0003815086166
2018,0.0005917845483,0.0004724790961
2019,0.0005998434208,0.0003856266267
2020,0.0005986172546,0.0003995267107
2021,0.0006358177197,0.0004240184717
2022,0.000615254834,0.0004294864011
2023,0.0006099133534,0.0003964246316
2024,0.000562068064,0.0004164150596
2025,0.0006133657589,0.0003931659885
2026,0.0005499870276,0.0004173543966
2027,0.0005806079862,0.0003937752881
2028,0.0005913948844,0.0004297717896
2029,0.0005988637495,0.0003763108361
2030,0.0006827076213,0.0003786605193
2031,0.0006155887168,0.0003850574176
2032,0.000562858193,0.0003955776665
2033,0.0005707949022,0.0003872298184
2034,0.0006427151966,0.000377572047
2035,0.0005792369848,0.0004141751779
2036,0.0006322613881,0.0004214115688
2037,0.0005917983908,0.0003852890295
2038,0.000567836174,0.0003893827925
2039,0.0005594301656,0.0004704278545
2040,0.0006477285024,0.0004858229659
2041,0.0005685954457,0.0004002500827
2042,0.0005689135542,0.0003878010866
2043,0.0006075324345,0.0004003601425
2044,0.0006052421013,0.0004054267447
2045,0.0005784472123,0.0003941401901
2046,0.0005315949638,0.0003977527485
2047,0.0005500254847,0.0004227865575
2048,0.0006179034208,0.0004267661934
2049,0.0006263955584,0.000413526599
2050,0.0005565721804,0.0003380348935
2051,0.0006118868914,0.0003946523502
2052,0.0006221119947,0.0003453413447
2053,0.0005677234985,0.0003662200506
2054,0.0005412706705,0.0004323793619
2055,0.0005400356968,0.0003989622928
2056,0.0006143839928,0.0003877094532
2057,0.0005930161424,0.0003195342651
2058,0.0006524982527,0.0004030829114
2059,0.0005860741221,0.0003571153411
2060,0.0005051377229,0.0004152124638
2061,0.000598559287,0.0003793166616
2062,0.0005681864859,0.0004859619075
2063,0.0005975594686,0.00037483083
2064,0.0006182614452,0.0004691449467
2065,0.0005717286913,0.0003468192099
2066,0.0005601422599,0.0004256276661
2067,0.0006228502607,0.0003974380743
2068,0.0005486965383,0.0003990076548
2069,0.0005381209012,0.0004307580493
2070,0.0006067556751,0.0003486857531
2071,0.0005340445095,0.0004422525453
2072,0.0005304147344,0.0004110424179
2073,0.0005749754419,0.000427068142
2074,0.0005335666974,0.0004038827246
2075,0.0005757642648,0.0003983462411
2076,0.0006143735809,0.0004461421449
2077,0.0005845023989,0.0004571725221
2078,0.0005374447792,0.0004001182242
2079,0.0005239244565,0.0003938919872
2080,0.0006319426029,0.0003933631942
2081,0.0005606492559,0.0003940736424
2082,0.0006223700111,0.0003690383019
2083,0.0005977068104,0.0004023439215
2084,0.0005768615811,0.0003886848026
2085,0.000576306018,0.0004411727459
2086,0.0005835580414,0.0003977158012
2087,0.0006299168963,0.0003884578509
2088,0.0006143387,0.0004301902482
2089,0.0006027548734,0.0003327355043
2090,0.0005576444746,0.0003580445409
2091,0.0006528573504,0.0004014315982
2092,0.00063668234,0.0004311383927
2093,0.0005697285669,0.0004129739573
2094,0.0005862943181,0.0003884166508
2095,0.0006047948082,0.0004569847442
2096,0.0006229080827,0.0003716662031
2097,0.000597195256,0.0003864008868
2098,0.0005369283863,0.0003542641189
2099,0.0005805497531,0.0004309201613
2100,0.0006030233199,0.0004760035954
2101,0.0005300153534,0.0004148306252
2102,0.0005344170095,0.0004069504066
2103,0.0005232816366,0.000343935646
2104,0.0005982924195,0.0004255324639
2105,0.0005729163495,0.0003358470422
2106,0.0006174825103,0.0004633488679
2107,0.0005772550321,0.0003786424022
2108,0.0005868629778,0.0004364397792
2109,0.0006186938845,0.0004945181026
2110,0.0005050578475,0.0003564554863
2111,0.000568045507,0.0004429395049
2112,0.000674869254,0.0004791230822
2113,0.0005330342137,0.0004776881105
2114,0.0005859035082,0.0004290923534
2115,0.000604919107,0.000353445359
2116,0.0005797499252,0.0003980728434
2117,0.0005615995105,0.0003972716768
2118,0.0005382490563,0.0003639749175
2119,0.0005539985323,0.0003414044877
2120,0.0005686614677,0.0004010697376
2121,0.0005481936496,0.0004920333267
2122,0.0006085819987,0.0004190007749
2123,0.0005610770822,0.0003822542931
2124,0.0006281627284,0.0003823789339
2125,0.0005426406133,0.0003944856617
2126,0.0005573448288,0.0003885204533
2127,0.0006681939922,0.0003729462805
2128,0.0005672659172,0.0004027417126
2129,0.0005720418703,0.0004452247122
2130,0.0005606541599,0.000359867463
2131,0.0005696635999,0.00035753456
2132,0.0005806969712,0.0003500298735
2133,0.0006185464808,0.0003631378386
2134,0.0005495814003,0.0004171051223
2135,0.0006215947869,0.0004379049278
2136,0.0005445223469,0.0004895427119
2137,0.00059656956,0.0003719241577
2138,0.0005727110401,0.000372055114
2139,0.0005563164304,0.000350919885
2140,0.0005320389246,0.000444163019
2141,0.0005807705093,0.0004036299179
2142,0.0006313956619,0.000434820322
2143,0.0005097186477,0.0004368622758
2144,0.0006309223572,0.0003969880127
2145,0.0005516376877,0.0004726373299
2146,0.0006188932748,0.0003996281266
2147,0.0005731823949,0.0004821836301
2148,0.0005533133262,0.0003948927551
2149,0.0005921092925,0.0004159917298
2150,0.0006142647981,0.0004467817816
2151,0.0005873736372,0.0004695207426
2152,0.0005893747584,0.0003834684794
2153,0.0005599769211,0.0004084428947
2154,0.000576381819,0.0004467084182
2155,0.0006629908894,0.0003808456422
2156,0.0006082792388,0.0004096732082
2157,0.0006099353086,0.0003728888041
2158,0.0005608027059,0.0003557993405
2159,0.0006707990033,0.0004179549942
2160,0.0006314801431,0.0003903477336
2161,0.0005913000277,0.0004754498368
2162,0.0005764586131,0.0004031621393
2163,0.0005862501712,0.0003581543824
2164,0.0006528772064,0.0003173760651
2165,0.000589918367,0.0004228074649
2166,0.0005482841843,0.0003661491683
2167,0.0005987166442,0.0003931624742
2168,0.0005424417323,0.0003784902729
2169,0.0006517221555,0.0004903083027
2170,0.0005474549616,0.0004141454483
2171,0.000597404447,0.0004427533204
2172,0.0005815914446,0.0003879838223
2173,0.0005925278128,0.0003746918846
2174,0.0005404259718,0.0003864185855
2175,0.0005709089019,0.000398583401
2176,0.0005399832698,0.0003970035032
2177,0.0005647913786,0.0003521546441
2178,0.0005491073716,0.0003702964132
2179,0.0005179256223,0.0004260818241
2180,0.0005750509517,0.0003526792752
2181,0.0005884596685,0.0003804089647
2182,0.0005642616452,0.0004268393095
2183,0.0005901290424,0.0004156760551
2184,0.0006249778344,0.0003683836694
2185,0.0005936866473,0.0004056406942
2186,0.0005380597941,0.0004016389103
2187,0.0005215138881,0.0004415434323
2188,0.0006295975109,0.0004561415553
2189,0.0005935784611,0.0003805553642
2190,0.0006047464994,0.0004243561489
2191,0.0005265385844,0.000365247306
2192,0.0005916203881,0.0003955019965
2193,0.0005478147286,0.0003758203748
2194,0.0005023853919,0.0003887382845
2195,0.0006539095411,0.0004765199301
2196,0.0006065656053,0.000395823361
2197,0.0005319062257,0.0004082782762
2198,0.0005494041216,0.0004156419818
2199,0.0005157093037,0.0004386642904
2200,0.0006139262587,0.0003507589718
2201,0.0006181737845,0.0003471463224
2202,0.0005510652627,0.000325243589
2203,0.0005637288086,0.0004139374832
2204,0.0005735434461,0.0003475466765
2205,0.0005457635452,0.000479055896
2206,0.0005585942345,0.0004040584827
2207,0.0005966706995,0.0003976616281
2208,0.0005243866726,0.000408003245
2209,0.0005457599473,0.0004383940177
2210,0.0005869724409,0.0003757808736
2211,0.0005553296578,0.0004814959793
2212,0.000562663914,0.0003525527536
2213,0.0004968127869,0.0003431103432
2214,0.0005879477176,0.0004089667927
2215,0.0006544343451,0.0003846320724
2216,0.0006210067731,0.0004109808724
2217,0.0005605125334,0.0004283087037
2218,0.0005490949698,0.0003903565812
2219,0.000544832219,0.0003692877108
2220,0.0005550712158,0.0004713556409
2221,0.0006316694635,0.0003377776156
2222,0.0005142406299,0.0004469794294
2223,0.0005483771456,0.0004449319567
2224,0.0006128963796,0.0004270593636
2225,0.0005399726651,0.0004917049082
2226,0.0005017236726,0.0004403365019
2227,0.0005856168718,0.0003449313444
2228,0.0005204878471,0.0004483181547
2229,0.0006221675067,0.0004141711397
2230,0.0005766993272,0.0004532422317
2231,0.000534537834,0.0004249804078
2232,0.0006168891778,0.0004006350864
2233,0.000556466337,0.0003568617212
2234,0.0006195123824,0.0003772540185
2235,0.0005486467526,0.0004120360863
2236,0.0005497842976,0.0004481375945
2237,0.0005406559867,0.0004383223641
2238,0.0005930968655,0.0003968173551
2239,0.0006180347118,0.0004249067861
2240,0.000582662964,0.0004080704894
2241,0.0005767783587,0.0004163924714
2242,0.0005864288505,0.0004078802631
2243,0.0005330279491,0.0004397253397
2244,0.0005646690588,0.0003521452782
2245,0.0005684963508,0.0004055784811
2246,0.0005056743139,0.0003403326573
2247,0.0005233080665,0.0003497579382
2248,0.0005591630179,0.0003742303925
2249,0.0006410266069,0.0004417666714
2250,0.0005317934338,0.0003715757757
2251,0.0005218495353,0.0004587893891
2252,0.0005978588088,0.0003647990961
2253,0.0007013985232,0.0003828442714
2254,0.0005656111061,0.0003840824538
2255,0.0005638186703,0.0004011868659
2256,0.0005506382877,0.0004709938694
2257,0.00056668037,0.0004151274916
2258,0.0005660459574,0.0004945314577
2259,0.0005957720932,0.0004093413045
2260,0.0005591007211,0.0004435925439
2261,0.0005347402112,0.0003849316563
2262,0.000575598071,0.0003569213968
2263,0.0005386399353,0.0004184885111
2264,0.0005146634903,0.0004420888072
2265,0.0005877726217,0.0004446743333
2266,0.0006013181155,0.0004555860069
2267,0.0006111840921,0.0005012639558
2268,0.0005010719651,0.0003608337429
2269,0.0006142668572,0.000454236535
2270,0.0005756660139,0.0003818061396
2271,0.0005769373129,0.000341237821
2272,0.000558220454,0.000413932903
2273,0.0004928522649,0.0004668644906
2274,0.000573827896,0.0003677371642
2275,0.0005859259327,0.000396511241
2276,0.000510247628,0.0004065648136
2277,0.000550370929,0.0003314322548
2278,0.0005347977421,0.0004215420959
2279,0.0006054710611,0.0003643104337
2280,0.000564928494,0.0004099337821
2281,0.0005947084719,0.0004133286493
2282,0.0005608521569,0.0004380077717
2283,0.00056152857,0.0003925899509
2284,0.0005666948346,0.0003892250461
2285,0.0005432252583,0.0004425441111
2286,0.0005625175945,0.000397068412
2287,0.000612218013,0.0003678790381
2288,0.000557206371,0.0003980070887
2289,0.0005362980191,0.0004594449711
2290,0.0004982394057,0.0004693311166
2291,0.0005463650887,0.0004096463745
2292,0.0006088857081,0.0004573628685
2293,0.0005734293773,0.0003850668072
2294,0.0006227722406,0.0004209732724
2295,0.0005208828916,0.0003649292921
2296,0.0005443226109,0.000401222871
2297,0.0005387818201,0.0004109616966
2298,0.0006077851795,0.0003686844684
2299,0.0005705749936,0.0004466617138
2300,0.0005842565333,0.0003960360009
2301,0.0004969738693,0.0004549927216
2302,0.0005999580608,0.0004513226122
2303,0.0005627519386,0.0003721117591
2304,0.0005454124075,0.0003292571819
2305,0.0006031290031,0.0004035572565
2306,0.0005952262218,0.0004115986703
2307,0.0006007147276,0.0003915032175
2308,0.0005140846552,0.0003602613469
2309,0.000556632338,0.0003950487662
2310,0.0005648006263,0.0004306151895
2311,0.000527907272,0.0003801598941
2312,0.0005975359163,0.0005346817343
2313,0.0005532967116,0.000392848473
2314,0.0005836322016,0.0003634695131
2315,0.0006774986105,0.0004095948279
2316,0.0005301090569,0.0004485416466
2317,0.0006214944879,0.0003767518101
2318,0.0005603852915,0.0004347255272
2319,0.0005123760275,0.0004508822785
2320,0.0005680428112,0.0003865478539
2321,0.0005583165221,0.0004774624722
2322,0.0005703787865,0.0004365717141
2323,0.0004881770983,0.0004078015809
2324,0.0005581927326,0.0004074116659
2325,0.0005320897071,0.0003987338569
2326,0.0005130335121,0.0003841699836
2327,0.0005218360711,0.0003751142503
2328,0.0006065080524,0.0003838986813
2329,0.0005244717322,0.0004509410901
2330,0.0006170381675,0.0004598762025
2331,0.0005656215362,0.0003514920863
2332,0.0005378159294,0.0004548846118
2333,0.0006731650938,0.0003915049419
2334,0.0005204377412,0.0004446364292
2335,0.0005695636792,0.0004011909223
2336,0.0005493902463,0.0003630953142
2337,0.0005777818733,0.0004533316169
2338,0.0005440642635,0.0004792285145
2339,0.0005334941343,0.0004221753006
2340,0.0005873296432,0.0003628948689
2341,0.0005741019486,0.0004602643858
2342,0.0006041124907,0.0004599516251
2343,0.0005845400883,0.0004183901874
2344,0.0005539634512,0.0003711521858
2345,0.0006205974714,0.0003611531502
2346,0.0005615768605,0.0004265572934
2347,0.0004999037337,0.0004047013645
2348,0.0005586513507,0.0004526218363
2349,0.000452074848,0.0003810805938
2350,0.0005731295205,0.0003741327127
2351,0.0006005514733,0.0003998643188
2352,0.0005416382883,0.0004096003868
2353,0.0006016756124,0.000428618041
2354,0.0005760614695,0.0004590235003
2355,0.0005405300435,0.0004825576252
2356,0.0006031459634,0.000450841464
2357,0.0005244945569,0.0004465942257
2358,0.0005714886756,0.0004037273829
2359,0.0005240858409,0.0003874249651
2360,0.0004899688247,0.0004147968593
2361,0.0005567368935,0.0003948369558
2362,0.0005594608083,0.0004251779537
2363,0.0006239611321,0.0004351741882
2364,0.0005273669412,0.0004066581969
2365,0.0005783852685,0.0004197773414
2366,0.0005225016066,0.0004385670618
2367,0.000531304886,0.0004769078841
2368,0.000587282324,0.0004179552998
2369,0.0005591126283,0.0003556525517
2370,0.0005745828166,0.0004457992181
2371,0.0005413063009,0.0004857184977
2372,0.0005515704543,0.0004250993552
2373,0.0005507267888,0.0004014327969
2374,0.0004978418256,0.0004119054865
2375,0.0004765404374,0.0003741780565
2376,0.0005907372833,0.0003882160909
2377,0.0004998043369,0.0004120075318
2378,0.0005762863912,0.0004052004842
2379,0.0005571012771,0.0005112317194
2380,0.0004859057917,0.0004074201061
2381,0.0005422646536,0.0004701432154
2382,0.0005658803457,0.0004285808827
2383,0.0005463747693,0.000414407019
2384,0.0005834436997,0.0004298510248
2385,0.0005318395342,0.0003820084858
2386,0.0005965190212,0.0004536684064
2387,0.0006135268704,0.0004361884894
2388,0.0005844965781,0.0003647740923
2389,0.0005775197278,0.0003774129218
2390,0.0006227807789,0.0003623124467
2391,0.0005323645455,0.0003967705488
2392,0.0005311356508,0.0003997671774
2393,0.0006074939301,0.0005326009632
2394,0.0005217839462,0.000427236464
2395,0.0005338189403,0.0004848779427
2396,0.000579344327,0.0003915417365
2397,0.0005531961324,0.0004157336643
2398,0.0005714175386,0.0004500535433
2399,0.0005596789451,0.0003795120101
2400,0.0006710798407,0.0004531151426
2401,0.0005647349935,0.0004127633401
2402,0.0005135792635,0.0004993064977
2403,0.0005619378098,0.0004055811223
2404,0.0005597847739,0.0004045470305
2405,0.0005375805813,0.000420654007
2406,0.0005771405013,0.0004289021526
2407,0.0005893147318,0.0003747926421
2408,0.0005490803014,0.0004481440374
2409,0.0005383905118,0.0004384724598
2410,0.0005491168376,0.000437283481
2411,0.0005419178597,0.0004841402842
2412,0.0005467086157,0.0003692081882
2413,0.0005304320221,0.0004347596587
2414,0.0005627718565,0.0005281558515
2415,0.0005798417551,0.0003933116932
2416,0.0006109184942,0.0003941296309
2417,0.0005979197776,0.0003582909958
2418,0.00060057062,0.0003878009993
2419,0.0005531622883,0.0004058929881
2420,0.0005415529995,0.0004531758859
2421,0.000514769592,0.0004088025562
2422,0.0006023383103,0.000413021804
2423,0.0005671050385,0.0004723164348
2424,0.0005239849088,0.0004692367511
2425,0.0005402420866,0.0003882192905
2426,0.0005719399123,0.0003918788243
2427,0.0005800387262,0.0003322802149
2428,0.000535212399,0.0003612515284
2429,0.000449677038,0.0004153827322
2430,0.0006253343818,0.0004384136992
2431,0.0005774409765,0.0003443674686
2432,0.0006062085777,0.0004108997455
2433,0.0005797820995,0.0003377821922
2434,0.0005620005177,0.0004244684715
2435,0.0005371603293,0.0003636177626
2436,0.0006652458978,0.0004125682462
2437,0.0005748548647,0.0004286693256
2438,0.000566064693,0.0003962244136
2439,0.0005453958256,0.0004191604494
2440,0.0005615132541,0.0004326175113
2441,0.0005939527218,0.0004182906996
2442,0.0005154738574,0.0003728825723
2443,0.0005662369913,0.0004157765361
2444,0.0005782911212,0.0004074754397
2445,0.0005781464206,0.0004624316971
2446,0.0005630845371,0.0004599420463
2447,0.0005209627197,0.0004976997625
2448,0.0005617345669,0.000395367395
2449,0.00051459319,0.0004931954063
2450,0.0005289911642,0.0004828288766
2451,0.0005488625393,0.0003896239541
2452,0.0005173965073,0.0003783775537
2453,0.0005091857056,0.0004583636073
2454,0.000516380911,0.0005129086785
2455,0.0005065117948,0.0004830435901
2456,0.000527527478,0.000438887053
2457,0.0005599645592,0.0004030496639
2458,0.0005327704712,0.0003872560574
2459,0.0005678594571,0.000403217844
2460,0.0005658782648,0.0004482826516
2461,0.0005361435797,0.0004079334176
2462,0.0005342739096,0.0004346007408
2463,0.0005432341241,0.0004094890282
2464,0.000545610259,0.0003585950708
2465,0.0005695117761,0.00037358398
2466,0.0005251584444,0.000416603878
2467,0.0005132344886,0.0003540376383
2468,0.000606524598,0.0003832078619
2469,0.0004732022389,0.0003595343769
2470,0.0005498477476,0.0003814170414
2471,0.0005223094449,0.0004578174412
2472,0.0005327727813,0.0004544281583
2473,0.0005507479291,0.0003293124828
2474,0.0005184148031,0.0003605052625
2475,0.0005716192682,0.0004334267906
2476,0.0004997125507,0.0003874210925
2477,0.0006737660806,0.0004202257151
2478,0.000525669082,0.0004092783711
2479,0.0005154781065,0.0005213321674
2480,0.0005410458616,0.0004444579317
2481,0.0005495831465,0.0004869324439
2482,0.0005135745669,0.0004440786179
2483,0.000539930239,0.0004484903548
2484,0.0005861849786,0.0004136929856
2485,0.0005407543649,0.0004930280302
2486,0.000552842077,0.0003573122412
2487,0.0005507961978,0.0004340280502
2488,0.0005489524374,0.0004077734411
2489,0.0005500324769,0.0004419442957
2490,0.0004946951703,0.0004296306142
2491,0.0005058362476,0.0004630482181
2492,0.0005284537474,0.0004266721444
2493,0.000500776674,0.0004635697987
2494,0.0005550631249,0.0004799156995
2495,0.0005562953338,0.0004321012348
2496,0.0005318929798,0.0004120472986
2497,0.0004880200104,0.0004156675914
2498,0.0005064953002,0.0004848999088
2499,0.000511326627,0.0004260262322
2500,0.0005499725703,0.0004236467212
2501,0.0005632851971,0.0004573350234
2502,0.0005236100478,0.0004531921586
2503,0.0005355689063,0.0005079762195
2504,0.0004999208759,0.0004763047618
2505,0.000609759496,0.000422383273
2506,0.00051765026,0.0003395382555
2507,0.0005975388121,0.0003869459142
2508,0.0005081897398,0.0003583084836
2509,0.000587377217,0.0003737017869
2510,0.0006119941681,0.0004703808809
2511,0.0005276887932,0.0004578511289
2512,0.0004859700712,0.000410887933
2513,0.0005784908499,0.0004457354335
2514,0.0005855776471,0.000422797697
2515,0.0005166039227,0.0004566818934
2516,0.0004969227157,0.0004513849708
2517,0.0006007308511,0.0003895868867
2518,0.0005511444178,0.0004826140139
2519,0.000534634386,0.0003652835367
2520,0.0005548405825,0.0005314281552
2521,0.0005451156285,0.0004663543587
2522,0.0005330588683,0.0003338161732
2523,0.0005916446098,0.0004458051117
2524,0.0005443928021,0.0003662673698
2525,0.0005148597047,0.000408958058
2526,0.0005514887998,0.0003991892154
2527,0.0005614192705,0.0003659223767
2528,0.0005494635516,0.0004647547394
2529,0.0005671269828,0.0003990317164
2530,0.0005457722909,0.0004066767906
2531,0.000642901512,0.0004558969958
2532,0.0006255346743,0.0003644134194
2533,0.0005453479534,0.0004962828352
2534,0.0005897668379,0.0004839912217
2535,0.0004986304557,0.0005174523794
2536,0.0005759705746,0.0003696943313
2537,0.0005675048051,0.0004959465768
2538,0.0005072691056,0.0004091241281
2539,0.0005001674181,0.0004712417031
2540,0.0005586699917,0.0003727135372
2541,0.0006112454321,0.0003784310829
2542,0.0005987323675,0.0004457755822
2543,0.0005622325189,0.0004837389861
2544,0.0005146779877,0.0003982174421
2545,0.0004982382634,0.0004670597373
2546,0.0004853453356,0.0003953922424
2547,0.0004935365432,0.0004838988534
2548,0.000507692137,0.0004298321473
2549,0.0005896947841,0.0004717759184
2550,0.0005592058151,0.0003994831786
2551,0.0005562829538,0.0003871536464
2552,0.0005815885306,0.0004067577647
2553,0.0005726444797,0.0004427954409
2554,0.0005353108027,0.0004793575645
2555,0.0005243790838,0.0005705532603
2556,0.0005172762721,0.0003455483529
2557,0.0006246989287,0.0003884389625
2558,0.0004966577617,0.0004848113858
2559,0.0005412719438,0.0003579167133
2560,0.0005986876167,0.0004180703654
2561,0.0005685883116,0.0004742432357
2562,0.0005282645325,0.0003701615678
2563,0.0005532471114,0.0004905925089
2564,0.0005470542383,0.0004573993065
2565,0.000506431843,0.0004572196394
2566,0.0006663109707,0.0004852065904
2567,0.0005508816175,0.0004216656671
2568,0.0005585064609,0.000425856997
2569,0.0005913147543,0.0004878623149
2570,0.0005367471385,0.0004867803218
2571,0.0005470752549,0.0004265012431
2572,0.0006023401438,0.0003987587661
2573,0.0005377638372,0.0003878395619
2574,0.0005374942921,0.0004614924073
2575,0.0005173315985,0.0004237502071
2576,0.0005428568547,0.0004239777227
2577,0.0005662770927,0.000443483681
2578,0.0005866530773,0.0004519709328
2579,0.0005436452229,0.0003796582787
2580,0.000613074335,0.0004889008851
2581,0.0005056822738,0.0004102800813
2582,0.0005289745532,0.00037644646
2583,0.0005642913384,0.00039709677
2584,0.0005836701275,0.0004516503504
2585,0.0005506739071,0.0004054883248
2586,0.0004838752866,0.0004134497613
2587,0.0005556633951,0.0004917539518
2588,0.0006127914457,0.0005574969618
2589,0.0005249620372,0.0004013411635
2590,0.0005364484023,0.0004161325087
2591,0.000596101665,0.0003885744045
2592,0.0005969254125,0.0004323734647
2593,0.000579046995,0.0003646174118
2594,0.0005955721426,0.0004628198731
2595,0.0004983135805,0.0004727190681
2596,0.0006115978103,0.0004094233591
2597,0.0004822478331,0.0004538403591
2598,0.0005293872819,0.0004646830785
2599,0.000511174072,0.000444136087
2600,0.000568204272,0.0004092566596
2601,0.0005806395857,0.0003927610996
2602,0.0005626631901,0.0004627724556
2603,0.0005533172007,0.0004235542947
2604,0.0005868796979,0.0004210379047
2605,0.0005834929507,0.0004444572805
2606,0.0005527206049,0.0004699774581
2607,0.0005734340994,0.0004147956715
2608,0.0005717786007,0.0004096754892
2609,0.0005610697626,0.0004410128859
2610,0.0005720154841,0.0004530992155
2611,0.000529091616,0.0004188837629
2612,0.0005446749565,0.0004662377542
2613,0.000624213335,0.0003994871986
2614,0.0006013004058,0.0004468240659
2615,0.0005418647015,0.0004610666801
2616,0.0005429342382,0.0003819598787
2617,0.0006000554968,0.0004414277464
2618,0.0006085967834,0.0004266030337
2619,0.0005719793662,0.0004123228427
2620,0.0005550565438,0.0004612622761
2621,0.0005229080198,0.0004547476019
2622,0.0005231485266,0.0003838631092
2623,0.0005741873974,0.000353601441
2624,0.0006171703244,0.0005498133469
2625,0.0005364269418,0.0004566292773
2626,0.0005724907605,0.0004519154027
2627,0.0005700267211,0.0004006291128
2628,0.0005310721972,0.0004251122664
2629,0.0005847620414,0.0004877036336
2630,0.0005480899599,0.0004852517086
2631,0.0005692558043,0.0004304684262
2632,0.0005613370777,0.000439194504
2633,0.0005081109048,0.0003797830104
2634,0.0005316187853,0.0004629440555
2635,0.0005705269396,0.0005012694091
2636,0.000516313532,0.0004591764373
2637,0.0005700361908,0.0004714834031
2638,0.0005362697302,0.0003633170709
2639,0.0005558987286,0.0004983755207
2640,0.0004965042535,0.0005040701362
2641,0.0005660997122,0.0003673885076
2642,0.0005623099059,0.0004157358817
2643,0.0005481483749,0.0003714217346
2644,0.0005502888562,0.0004323508219
2645,0.0005724193834,0.0004418657481
2646,0.0005612327041,0.0005178279062
2647,0.0005725660158,0.0003736066737
2648,0.0005431063037,0.0004583879891
2649,0.0005981010763,0.0003491677016
2650,0.000548541946,0.0004061781146
2651,0.0005626819184,0.0004168423293
2652,0.0005521777348,0.0004287164011
2653,0.0005863923761,0.0004608032468
2654,0.0005257280754,0.0005203891269
2655,0.0005967272664,0.0004416844131
2656,0.0005852375725,0.0004020418564
2657,0.0005494270481,0.0003993340797
2658,0.0005832417992,0.0004114451076
2659,0.0005339485069,0.000409269127
2660,0.0005308584041,0.0004239415757
2661,0.000555773724,0.0005199390871
2662,0.0005638919647,0.0004100616061
2663,0.0006256885936,0.0005184146466
2664,0.0004931307267,0.0004462063225
2665,0.0005199483712,0.0004927407463
2666,0.0005449473647,0.0003979007961
2667,0.0005684160969,0.0004104532491
2668,0.0005165206821,0.0004783486547
2669,0.0005372951018,0.0004517152665
2670,0.0005170981094,0.0004432429305
2671,0.0005357813207,0.0004407092638
2672,0.0005215409474,0.000379799505
2673,0.0005425086165,0.0003887446328
2674,0.000536672811,0.0004841412156
2675,0.0005404263247,0.0004339471488
2676,0.0005991196122,0.0004697300574
2677,0.0005999205496,0.0005023377526
2678,0.0004780012241,0.0004376459328
2679,0.0005718929606,0.0004179035059
2680,0.0005367912308,0.0004147738837
2681,0.0005511020427,0.0005155846047
2682,0.0005371077677,0.0004805079261
2683,0.0005299473341,0.0004677559773
2684,0.0005995155771,0.0004599468703
2685,0.0005304996776,0.000377676457
2686,0.0005270498987,0.0003426167204
2687,0.0006145254338,0.0004238879192
2688,0.0005887896623,0.0004615177168
2689,0.0004825433789,0.0004624620597
2690,0.0005430144811,0.0004486215694
2691,0.0006262537499,0.0003432036792
2692,0.0005529998743,0.0004850795231
2693,0.0005566561231,0.0004077549893
2694,0.000501675986,0.0004484742458
2695,0.0005746352508,0.0004417683394
2696,0.0005295462652,0.0004536041452
2697,0.0005407140925,0.0003747244373
2698,0.0005489975665,0.0004774638546
2699,0.0005210186137,0.0005592490779
2700,0.0005185435366,0.0004420717487
2701,0.000515449854,0.0004820357535
2702,0.0005551086542,0.0003794719123
2703,0.0004928754352,0.0004281456459
2704,0.0005740138113,0.0004931779986
2705,0.0005467987248,0.0004414671494
2706,0.000527549455,0.0004159276723
2707,0.0005637066715,0.0003941534342
2708,0.0005085370176,0.0004768444087
2709,0.0004919199891,0.0004518414535
2710,0.0005435046514,0.0004952801792
2711,0.0005480740147,0.0005045487851
2712,0.0005770947064,0.00044802497
2713,0.0005378250826,0.0004346344467
2714,0.0005684527605,0.0004389022251
2715,0.000533723447,0.0004521487936
2716,0.0006046799608,0.0004191038206
2717,0.0006087602269,0.0003668421923
2718,0.0005262846862,0.000380069785
2719,0.000541474059,0.0003876073388
2720,0.0005321411809,0.000407912732
2721,0.0006366555244,0.0004228296639
2722,0.0006730036075,0.0004183525707
2723,0.0005733480866,0.0004103707506
2724,0.0005446249015,0.000432741741
2725,0.0005850856396,0.0004368420559
2726,0.0005249912174,0.0003865676736
2727,0.0005732103527,0.000411334313
2728,0.0005329705964,0.0005176863051
2729,0.0005927507664,0.000435642989
2730,0.0006119015052,0.0004561673413
2731,0.0005571399088,0.0005703833631
2732,0.0005006961255,0.0004136047828
2733,0.0005546100147,0.0004275180872
2734,0.0005699071844,0.0004315716615
2735,0.0005179724867,0.0004064466957
2736,0.0005437577638,0.0004460805612
2737,0.0005948040052,0.0004314710968
2738,0.0005096434943,0.000447186052
2739,0.0005289391265,0.0004298696804
2740,0.0005608559513,0.000526634838
2741,0.0005401285562,0.0004402015911
2742,0.0005483235182,0.0004775613052
2743,0.0005053943278,0.0004812746338
2744,0.0006008155542,0.0004443252619
2745,0.0005833534415,0.0004481032265
2746,0.0006045710179,0.0003639356746
2747,0.0005714405488,0.0004414929244
2748,0.0005101062889,0.0005310436391
2749,0.0005710475052,0.0004607526134
2750,0.0005645215424,0.0004307683848
2751,0.0005316108472,0.0005063731041
2752,0.0005305597551,0.0003636776783
2753,0.0005771816177,0.0005571152979
2754,0.0006385370179,0.0004084890279
2755,0.0004905623209,0.0004173786983
2756,0.0005588298627,0.0004176113325
2757,0.000622831114,0.0004515185756
2758,0.0005040476717,0.0004841934424
2759,0.0005618583637,0.0004133702569
2760,0.0005648975857,0.0005118342342
2761,0.0005370797153,0.0004735300172
2762,0.0005804059547,0.0004642206623
2763,0.0005481609551,0.0004391594157
2764,0.0005265147083,0.0004192512097
2765,0.0005394901455,0.0004623272653
2766,0.0005073015345,0.0004414920513
2767,0.0005078061513,0.0004331529599
2768,0.0005309337466,0.00038355379
2769,0.0005244227505,0.0004388475536
2770,0.0005324433005,0.0004042632463
2771,0.0006028606222,0.0004941712068
2772,0.0004987142165,0.0004504402314
2773,0.0005368625316,0.0004023296824
2774,0.0005407210083,0.0004872454265
2775,0.0005832689203,0.0005138600245
2776,0.0004902191176,0.0004555675077
2777,0.0005455571663,0.0004137631731
2778,0.000572868259,0.0004333625475
2779,0.0005630791056,0.0004179783355
2780,0.0005682013434,0.0004644663932
2781,0.0005576545627,0.0004003941867
2782,0.0005943359938,0.0004307560375
2783,0.0006015814215,0.0003769094074
2784,0.0005262838276,0.0004614525751
2785,0.0006100809842,0.0004625994334
2786,0.0005638938856,0.0004653535616
2787,0.0005174877078,0.0004338714607
2788,0.0006362971508,0.0003400441819
2789,0.0004910309108,0.0004452344201
2790,0.0005566260879,0.0004317242056
2791,0.0005268365421,0.00047088059
2792,0.0006505460406,0.0004135867057
2793,0.0005881858524,0.000360301372
2794,0.0004952138042,0.0004855638981
2795,0.0005587121304,0.0004359742925
2796,0.0005223722474,0.0004287261036
2797,0.0004934402132,0.0003748115778
2798,0.0005831156668,0.0004972700444
2799,0.0005855504824,0.0004494223977
2800,0.0005863600236,0.0005223000735
2801,0.0005696113913,0.0004816307392
2802,0.0005661003524,0.0004071287585
2803,0.0005559875099,0.000416619474
2804,0.0006275911292,0.0004901361353
2805,0.000515567539,0.0003602349861
2806,0.0005253682393,0.0004094982469
2807,0.0004837525266,0.0004211952619
2808,0.0006590271005,0.0004886420975
2809,0.0005446489668,0.0003509332892
2810,0.0005320952296,0.0004693736446
2811,0.0005894326896,0.0004485610298
2812,0.0005594275062,0.0004104518885
2813,0.000533636703,0.0004810709033
2814,0.0005179214022,0.0004180214346
2815,0.0004906698559,0.0004693583396
2816,0.0006121488695,0.0004357035832
2817,0.0004937867234,0.0005220080966
2818,0.0005384034012,0.0004900848944
2819,0.0005537365178,0.000513517989
2820,0.0006449074644,0.0004674631709
2821,0.0005536043172,0.0004387277731
2822,0.0005963107178,0.0004589888413
2823,0.0005694980064,0.0004343540386
2824,0.0005427011965,0.0003838683351
2825,0.0005962770738,0.0004761971104
2826,0.0006039002037,0.0004858321154
2827,0.0005134890671,0.0003908532999
2828,0.0005369966202,0.0004924788263
2829,0.0005320385681,0.000403020309
2830,0.0005555748066,0.0004561997921
2831,0.0006559567082,0.0004157222975
2832,0.0005998382912,0.0004120256308
2833,0.0004710540525,0.0004228161379
2834,0.0005027816405,0.0004745480073
2835,0.000597870403,0.0005036548573
2836,0.0005629053958,0.0004343842811
2837,0.0004951665142,0.0004012807294
2838,0.0005653094631,0.0004279930945
2839,0.0006457777999,0.0004514792345
2840,0.0005122219336,0.000436552953
2841,0.0006503130353,0.0004786861136
2842,0.0006582038222,0.000433304358
2843,0.0005298590113,0.000477618938
2844,0.0006095956996,0.0004543134019
2845,0.0005812556556,0.0005014953895
2846,0.0007029023327,0.000427820356
2847,0.0005437293003,0.0004261460454
2848,0.0006174356822,0.0004329094372
2849,0.0005437277541,0.0004791174397
2850,0.0005443970076,0.0004216960442
2851,0.0005859850171,0.0004446976454
2852,0.0006044817528,0.0003940473907
2853,0.0005713144128,0.0003882097153
2854,0.0005844026709,0.0004389285059
2855,0.0005544531668,0.0005024446255
2856,0.0004820690774,0.0004021518907
2857,0.000539354889,0.0004964361433
2858,0.00053370569,0.0004495488793
2859,0.0005669669263,0.0004804376913
2860,0.000488554404,0.000463041928
2861,0.0005817591336,0.0004783625591
2862,0.0005093827749,0.0004560453635
2863,0.0005304051447,0.000482974312
2864,0.0006486319508,0.0003758043276
2865,0.0006014419305,0.000577394323
2866,0.0005830252376,0.0004761555538
2867,0.0006013327038,0.0004471553839
2868,0.000550241668,0.0005323723235
2869,0.0005321172684,0.0004218284193
2870,0.0005506134912,0.0003690524536
2871,0.0004969155962,0.0004420628356
2872,0.0005440869754,0.0004480464704
2873,0.0005170096119,0.0003807605135
2874,0.0005863393926,0.0004778958573
2875,0.0005398617322,0.0003939558628
2876,0.000566232844,0.0004821039911
2877,0.0005051132721,0.0004593447593
2878,0.0005362537559,0.0004295256076
2879,0.0005465032373,0.0004157196236
2880,0.0006218981325,0.0004589981909
2881,0.0005649091254,0.0003679381807
2882,0.0005444094168,0.000514086787
2883,0.0005975023669,0.0004036587052
2884,0.0006028828466,0.0004357966245
2885,0.0004777545073,0.0004521862684
2886,0.0004986827444,0.0004627014569
2887,0.0006484821279,0.000481123483
2888,0.0005493000644,0.0004010233897
2889,0.0006167383981,0.0003919662049
2890,0.0005728579454,0.0004265385724
2891,0.0005768939773,0.0004091542287
2892,0.0006099009988,0.0004059845596
2893,0.0005694160536,0.0004061273685
2894,0.000523928491,0.0005148571872
2895,0.000569230182,0.0004448415639
2896,0.0006046840608,0.0004723705788
2897,0.0005944021541,0.0004752021596
2898,0.0005725893025,0.0004731618683
2899,0.000577719471,0.0005664517957
2900,0.0006158971955,0.0005219291634
2901,0.0006540804461,0.0004706374675
2902,0.0004985434025,0.0004370681927
2903,0.0005675863977,0.000494747881
2904,0.0006587830649,0.0004560335619
2905,0.0006292355283,0.0004608507115
2906,0.0005695296495,0.000436429902
2907,0.0005688949132,0.000426292896
2908,0.0005834207986,0.0005193224715
2909,0.0005520679733,0.0004643235407
2910,0.0005654075285,0.0004292185076
2911,0.0006500720265,0.0004181286713
2912,0.0006415288517,0.0004846974007
2913,0.0005890167668,0.0003854723764
2914,0.0005202950633,0.0004198777351
2915,0.0005383241623,0.0004316020641
2916,0.0005303945727,0.0004564279297
2917,0.0005282494421,0.0003897384522
2918,0.0005630937703,0.000485497505
2919,0.0006002661212,0.0004915232821
2920,0.0005938662543,0.0003808997608
2921,0.000575290469,0.0004718435484
2922,0.0005588315107,0.0004600848479
2923,0.0005477937557,0.0004786966492
2924,0.0004943344939,0.0005083995529
2925,0.0005990712052,0.000450595282
2926,0.0005561685757,0.0004597984989
2927,0.0005900897158,0.0004430594927
2928,0.0006126831177,0.000464198296
2929,0.0005760748027,0.0004255983331
2930,0.0006195578353,0.0004039178311
2931,0.0006082941436,0.0004627374619
2932,0.0006275865526,0.0004643937791
2933,0.0005376877671,0.0004703321501
2934,0.0005452180958,0.0004563851435
2935,0.000615298668,0.0003996562773
2936,0.0005281865233,0.0003699853478
2937,0.0005937254718,0.0004171006476
2938,0.0005524320113,0.0004326174276
2939,0.0006162859681,0.0004963311258
2940,0.0004893322402,0.0005067048842
2941,0.0006171953901,0.0004461730077
2942,0.0006265661796,0.0003926128338
2943,0.0005098398433,0.0004943971981
2944,0.0006343839414,0.0005200115193
2945,0.000560909426,0.0004379748461
2946,0.0005336937393,0.0005572339651
2947,0.0005748731892,0.0004438851756
2948,0.0006471393135,0.0005617598472
2949,0.0005843513973,0.0004691308859
2950,0.000585330512,0.000443671619
2951,0.0006022400812,0.0003927450271
2952,0.0005953075015,0.0004002952373
2953,0.0006112216288,0.0005211615135
2954,0.000541590005,0.0004713448616
2955,0.0006035513725,0.0004330780685
2956,0.000559694432,0.0004587200274
2957,0.0005543116094,0.0004941512343
2958,0.0006021702175,0.0004230038357
2959,0.0005520023769,0.0004818760062
2960,0.0005858202858,0.0004141522695
2961,0.0005949107435,0.0004366536377
2962,0.0005649742961,0.000497226556
2963,0.0005838822617,0.0005357895789
2964,0.0005876427895,0.0005294976363
2965,0.0005569413916,0.0004970969385
2966,0.0005956094137,0.0004500591567
2967,0.0006052512763,0.0004375040262
2968,0.0005991373109,0.0004689505622
2969,0.0005552266048,0.0005004434825
2970,0.0006508067781,0.0004459087941
2971,0.0005613945905,0.0004271617945
2972,0.000611849784,0.0005343896846
2973,0.0005366328805,0.0004501681942
2974,0.0005651971514,0.0005915480688
2975,0.0005520289087,0.0004893455807
2976,0.0005333840199,0.0004581091016
2977,0.0005410948215,0.0004675706477
2978,0.0004646419475,0.0004673201111
2979,0.0005950940285,0.0004863802569
2980,0.0005241027975,0.0004215394911
2981,0.0006194243942,0.0004429219625
2982,0.0005627130995,0.0004687248256
2983,0.0005727356911,0.0005136986238
2984,0.000585196045,0.0004583866139
2985,0.0005401090566,0.0004608667223
2986,0.0005781501204,0.0004419779289
2987,0.0006143874853,0.0004809839957
