epoch,train_loss,val_loss,test_loss,lr,best_val_loss_so_far
0,0.040913477540016174,0.04000026918947697,0.040165762417018414,0.0,inf
1,0.04063719371333718,0.03859178815037012,0.04017274174839258,2e-09,0.04000026918947697
2,0.04195544123649597,0.040380965918302536,0.04017507564276457,4e-09,0.03859178815037012
3,0.0398942306637764,0.03848833357915282,0.039682313334196806,6.000000000000001e-09,0.03859178815037012
4,0.041271012742072344,0.03633684082888067,0.037407985888421535,8e-09,0.03848833357915282
5,0.03790152305737138,0.036321007180958986,0.03793292213231325,1e-08,0.03633684082888067
6,0.03858981095254421,0.03603434516116977,0.03751257760450244,1.2000000000000002e-08,0.036321007180958986
7,0.034256411250680685,0.035844900412485003,0.037394206039607525,1.4000000000000001e-08,0.03603434516116977
8,0.03763710893690586,0.035876228008419275,0.03576532774604857,1.6e-08,0.035844900412485003
9,0.03537972271442413,0.03412552643567324,0.034085745457559824,1.8000000000000002e-08,0.035844900412485003
10,0.035176970763131976,0.032994108740240335,0.03602840192615986,2e-08,0.03412552643567324
11,0.03350385255180299,0.03324990626424551,0.034496450796723366,2.2000000000000002e-08,0.032994108740240335
12,0.03532178420573473,0.03286997484974563,0.035101398127153516,2.4000000000000003e-08,0.032994108740240335
13,0.03322314261458814,0.030692574102431536,0.033379896311089396,2.6000000000000005e-08,0.03286997484974563
14,0.0323011870495975,0.0321987837087363,0.03454326675273478,2.8000000000000003e-08,0.030692574102431536
15,0.03408153378404677,0.030075595481321216,0.03005282231606543,3.0000000000000004e-08,0.030692574102431536
16,0.03228580276481807,0.03248073300346732,0.03315220936201513,3.2e-08,0.030075595481321216
17,0.03078926494345069,0.031552544329315424,0.03084461623802781,3.4e-08,0.030075595481321216
18,0.029565128032118082,0.03125369129702449,0.03146247332915664,3.6000000000000005e-08,0.030075595481321216
19,0.03348437719978392,0.030049016466364264,0.0302703611087054,3.8e-08,0.030075595481321216
20,0.03109739744104445,0.029129488160833716,0.030864730710163713,4e-08,0.030049016466364264
21,0.028492359211668372,0.027575334068387747,0.030093612615019083,4.2e-08,0.029129488160833716
22,0.030614044284448028,0.02906709141097963,0.028610945912078023,4.4000000000000004e-08,0.027575334068387747
23,0.029156459495425224,0.0274622964207083,0.028622766956686974,4.6e-08,0.027575334068387747
24,0.028228887356817722,0.026866924483329058,0.028178433421999216,4.8000000000000006e-08,0.0274622964207083
25,0.026893273927271366,0.026639462914317846,0.028469436103478074,5e-08,0.026866924483329058
26,0.026347927749156952,0.025410877540707588,0.0267783107701689,5.200000000000001e-08,0.026639462914317846
27,0.02776330430060625,0.02520760940387845,0.02673444291576743,5.4e-08,0.025410877540707588
28,0.02880757045932114,0.02528259390965104,0.026325459126383066,5.6000000000000005e-08,0.02520760940387845
29,0.026352485176175833,0.02672173222526908,0.027581961126998067,5.8e-08,0.02520760940387845
30,0.026916194474324584,0.0230528200045228,0.025371179450303316,6.000000000000001e-08,0.02520760940387845
31,0.024033418390899897,0.023725561099126935,0.02484988677315414,6.2e-08,0.0230528200045228
32,0.026024212362244725,0.023879255633801222,0.02381935832090676,6.4e-08,0.0230528200045228
33,0.026957740541547537,0.024544188054278493,0.02401055325753987,6.600000000000001e-08,0.0230528200045228
34,0.024020268581807613,0.02302064187824726,0.023891655495390296,6.8e-08,0.0230528200045228
35,0.02402644883841276,0.021066894521936774,0.020292387809604406,7e-08,0.02302064187824726
36,0.021161752520129085,0.020642222138121724,0.021912068128585815,7.200000000000001e-08,0.021066894521936774
37,0.023423126665875316,0.021036755526438355,0.022669839672744274,7.400000000000001e-08,0.020642222138121724
38,0.023256559390574694,0.020851607667282224,0.02082716510631144,7.6e-08,0.020642222138121724
39,0.022584322141483426,0.019393018446862698,0.02184329880401492,7.800000000000001e-08,0.020642222138121724
40,0.022096501663327217,0.02060749172233045,0.021543019684031606,8e-08,0.019393018446862698
41,0.021064436994493008,0.018956389045342803,0.02082446846179664,8.2e-08,0.019393018446862698
42,0.02079145610332489,0.01860001217573881,0.01982828532345593,8.4e-08,0.018956389045342803
43,0.020295183639973402,0.018558018724434078,0.01981836324557662,8.6e-08,0.01860001217573881
44,0.02056410745717585,0.01959886960685253,0.017765787662938237,8.800000000000001e-08,0.018558018724434078
45,0.019853855133987963,0.019148001447319984,0.018207011045888066,9.000000000000001e-08,0.018558018724434078
46,0.020972011145204306,0.018460987601429224,0.019082591170445085,9.2e-08,0.018558018724434078
47,0.019572580698877573,0.01711905060801655,0.018063244759105146,9.400000000000001e-08,0.018460987601429224
48,0.017880766885355115,0.017845630878582597,0.0171329464064911,9.600000000000001e-08,0.01711905060801655
49,0.018693790305405855,0.0160604267148301,0.017022828687913716,9.800000000000002e-08,0.01711905060801655
50,0.01913527469150722,0.0160173891345039,0.0170195932732895,1e-07,0.0160604267148301
51,0.02019342314451933,0.016391595941968262,0.017115926137194037,1.0200000000000001e-07,0.0160173891345039
52,0.017187399906106293,0.016682758694514632,0.016657905536703765,1.0400000000000002e-07,0.0160173891345039
53,0.016999499988742173,0.014102006214670837,0.016914356616325676,1.0600000000000002e-07,0.0160173891345039
54,0.015557650825940073,0.01572643651161343,0.015944075887091458,1.08e-07,0.014102006214670837
55,0.01664238190278411,0.016281753196381032,0.016423599794507027,1.1e-07,0.014102006214670837
56,0.015810086973942816,0.01448333275038749,0.015633362345397472,1.1200000000000001e-07,0.014102006214670837
57,0.01649434305727482,0.015832994831725955,0.01554367528297007,1.1400000000000001e-07,0.014102006214670837
58,0.01553563796915114,0.014699111925438046,0.014907827484421432,1.16e-07,0.014102006214670837
59,0.015237271669320762,0.014627935132011771,0.014758537174202502,1.1800000000000001e-07,0.014102006214670837
60,0.015854108962230384,0.013488403288647532,0.014817145885899663,1.2000000000000002e-07,0.014102006214670837
61,0.01488418341614306,0.012835316476412117,0.014742912375368178,1.22e-07,0.013488403288647532
62,0.015387108433060348,0.014172045513987541,0.013369690161198378,1.24e-07,0.012835316476412117
63,0.014690442360006273,0.013091504340991378,0.014670983306132257,1.2600000000000002e-07,0.012835316476412117
64,0.014267778373323381,0.012956774095073342,0.013566256617195904,1.28e-07,0.012835316476412117
65,0.013999460963532329,0.01322310755494982,0.013095444766804576,1.3000000000000003e-07,0.012835316476412117
66,0.015093093854375184,0.013241016073152423,0.013141368166543543,1.3200000000000002e-07,0.012835316476412117
67,0.013434660155326128,0.012204925413243473,0.012955574784427881,1.34e-07,0.012835316476412117
68,0.013440017122775316,0.012092534569092095,0.012375994003377855,1.36e-07,0.012204925413243473
69,0.013577003148384392,0.012060441658832133,0.01268530695233494,1.3800000000000002e-07,0.012092534569092095
70,0.013305035303346813,0.012729470618069172,0.012166516156867146,1.4e-07,0.012060441658832133
71,0.013655977323651314,0.011277810437604785,0.0122226367238909,1.42e-07,0.012060441658832133
72,0.01355023868381977,0.011713511776179075,0.012396996258758008,1.4400000000000002e-07,0.011277810437604785
73,0.01264153583906591,0.012258587987162173,0.012355475570075214,1.46e-07,0.011277810437604785
74,0.012637175503186882,0.012202152167446911,0.012501596356742084,1.4800000000000003e-07,0.011277810437604785
75,0.012572431820444763,0.012001068680547178,0.01217745163012296,1.5e-07,0.011277810437604785
76,0.013225342496298254,0.011173406965099275,0.012385544367134571,1.52e-07,0.011277810437604785
77,0.01313522388227284,0.011900277575477958,0.011961197247728705,1.54e-07,0.011173406965099275
78,0.012085208552889526,0.011673214728944004,0.012210076907649636,1.5600000000000002e-07,0.011173406965099275
79,0.01237751473672688,0.010735831805504858,0.011557742487639189,1.58e-07,0.011173406965099275
80,0.012111909571103752,0.011372147360816598,0.011549163376912475,1.6e-07,0.010735831805504858
81,0.012450492708012462,0.011177420383319259,0.011473392485640943,1.6200000000000002e-07,0.010735831805504858
82,0.01132258225698024,0.01175583666190505,0.01078242203220725,1.64e-07,0.010735831805504858
83,0.01232012896798551,0.012057687272317708,0.011330299894325435,1.6600000000000003e-07,0.010735831805504858
84,0.011446534539572895,0.01084737665951252,0.01155864226166159,1.68e-07,0.010735831805504858
85,0.01151211152318865,0.011099507217295468,0.011056641582399607,1.7000000000000001e-07,0.010735831805504858
86,0.011686886427924037,0.0109265852952376,0.011226880014874041,1.72e-07,0.010735831805504858
87,0.011883474537171423,0.010992687428370118,0.010960444225929677,1.7400000000000002e-07,0.010735831805504858
88,0.01206507917959243,0.010683440021239221,0.011071279412135482,1.7600000000000001e-07,0.010735831805504858
89,0.011759069515392184,0.011646659928373992,0.011177650187164545,1.78e-07,0.010683440021239221
90,0.011965092387981713,0.010551072773523629,0.011347998399287462,1.8000000000000002e-07,0.010683440021239221
91,0.011254147975705564,0.010523850447498262,0.01072619843762368,1.8200000000000002e-07,0.010551072773523629
92,0.011531430063769221,0.01098995457869023,0.010772762703709304,1.84e-07,0.010523850447498262
93,0.01160106947645545,0.010384514112956822,0.010764856822788715,1.86e-07,0.010523850447498262
94,0.011626511812210083,0.01118954480625689,0.01084704021923244,1.8800000000000002e-07,0.010384514112956822
95,0.011596534750424325,0.011257326928898692,0.010561000904999673,1.9000000000000003e-07,0.010384514112956822
96,0.011652236222289503,0.010711565962992609,0.011094664921984076,1.9200000000000003e-07,0.010384514112956822
97,0.011425336706452072,0.010656545055098832,0.0103092408971861,1.9400000000000002e-07,0.010384514112956822
98,0.0114393763942644,0.009973020059987903,0.010155576281249523,1.9600000000000003e-07,0.010384514112956822
99,0.01059247856028378,0.010198863281402737,0.01023361412808299,1.98e-07,0.009973020059987903
100,0.011391442734748125,0.010841249488294125,0.0101823506411165,2e-07,0.009973020059987903
101,0.011518839979544282,0.01075187954120338,0.010432757204398513,2.02e-07,0.009973020059987903
102,0.01128366426564753,0.010535942623391747,0.011375427129678428,2.0400000000000003e-07,0.009973020059987903
103,0.011303240666165948,0.010501061216928065,0.010312949190847576,2.0600000000000002e-07,0.009973020059987903
104,0.011259581428021193,0.010481173638254404,0.010342239867895842,2.0800000000000004e-07,0.009973020059987903
105,0.01077694189734757,0.009903930709697306,0.010291702230460942,2.1000000000000003e-07,0.009973020059987903
106,0.010350332828238606,0.009953169035725296,0.010234769084490836,2.1200000000000005e-07,0.009903930709697306
107,0.01106920326128602,0.011050092638470232,0.010265095857903361,2.14e-07,0.009903930709697306
108,0.011554664233699441,0.010159137775190175,0.0098225845140405,2.16e-07,0.009903930709697306
109,0.011349118547514081,0.010500209871679544,0.009800022235140204,2.1800000000000002e-07,0.009903930709697306
110,0.01087249640841037,0.010134798125363886,0.010293378261849284,2.2e-07,0.009903930709697306
111,0.011107291793450713,0.010060958913527429,0.010247297352179885,2.2200000000000003e-07,0.009903930709697306
112,0.010608114651404321,0.009937468799762428,0.010553088504821062,2.2400000000000002e-07,0.009903930709697306
113,0.010174445400480181,0.00984264409635216,0.009532453026622534,2.2600000000000004e-07,0.009903930709697306
114,0.010806125705130398,0.009761034976691008,0.009791414602659643,2.2800000000000003e-07,0.00984264409635216
115,0.010514916735701263,0.010771280154585838,0.010113473515957594,2.3000000000000005e-07,0.009761034976691008
116,0.010810214909724891,0.009272190043702722,0.01008789916522801,2.32e-07,0.009761034976691008
117,0.010209226864390075,0.00961138540878892,0.009136060660239309,2.34e-07,0.009272190043702722
118,0.010607330594211817,0.009969634935259819,0.00945168943144381,2.3600000000000002e-07,0.009272190043702722
119,0.010662564658559859,0.009866155916824937,0.009622114012017846,2.3800000000000001e-07,0.009272190043702722
120,0.010445017833262682,0.009997482527978718,0.009321776335127652,2.4000000000000003e-07,0.009272190043702722
121,0.010317004867829382,0.009742481750436127,0.009830366587266326,2.42e-07,0.009272190043702722
122,0.010207003506366163,0.00973860069643706,0.009411329170688987,2.44e-07,0.009272190043702722
123,0.009740687208250165,0.009379355527926236,0.009546536137349904,2.4600000000000006e-07,0.009272190043702722
124,0.010511226369999349,0.00983122258912772,0.010086500318720937,2.48e-07,0.009272190043702722
125,0.010099582490511239,0.009275724762119353,0.009648458973970264,2.5e-07,0.009272190043702722
126,0.010470202076248825,0.009855361422523856,0.010175178991630673,2.5200000000000003e-07,0.009272190043702722
127,0.010213049128651619,0.00985107070300728,0.009713734383694828,2.54e-07,0.009272190043702722
128,0.009326992672868073,0.009750329772941768,0.009841958293691278,2.56e-07,0.009272190043702722
129,0.010238383081741631,0.009292621747590601,0.009353456203825772,2.58e-07,0.009272190043702722
130,0.010128134163096547,0.009497265447862446,0.009458780288696289,2.6000000000000005e-07,0.009272190043702722
131,0.010556082823313773,0.009345040074549615,0.008609880227595568,2.6200000000000004e-07,0.009272190043702722
132,0.010003560106270015,0.009222752414643764,0.009029988665133715,2.6400000000000003e-07,0.009272190043702722
133,0.01002943399362266,0.009723206865601242,0.009026373620145023,2.66e-07,0.009222752414643764
134,0.00963406020309776,0.009475566912442446,0.009532464086078107,2.68e-07,0.009222752414643764
135,0.010436235694214702,0.008873742539435625,0.009021026140544564,2.7e-07,0.009222752414643764
136,0.010399117018096149,0.009230638039298356,0.008793262182734907,2.72e-07,0.008873742539435625
137,0.009822814026847482,0.00919996970333159,0.009280068159569055,2.7400000000000004e-07,0.008873742539435625
138,0.009893686277791858,0.00896220002323389,0.009432657388970256,2.7600000000000004e-07,0.008873742539435625
139,0.009861101512797177,0.00913855351973325,0.009537032223306596,2.7800000000000003e-07,0.008873742539435625
140,0.009601439931429923,0.008922052686102688,0.00962654803879559,2.8e-07,0.008873742539435625
141,0.009515462908893824,0.008924368652515113,0.009003782295621932,2.82e-07,0.008873742539435625
142,0.009606495732441545,0.0093260589055717,0.009018108365125954,2.84e-07,0.008873742539435625
143,0.009318311116658151,0.008976286102551967,0.008821513270959258,2.86e-07,0.008873742539435625
144,0.009607786894775927,0.008765278849750757,0.008790378924459219,2.8800000000000004e-07,0.008873742539435625
145,0.009204155183397233,0.00928278244100511,0.008405544387642294,2.9000000000000003e-07,0.008765278849750757
146,0.009330120985396206,0.008940194151364267,0.008949822629801929,2.92e-07,0.008765278849750757
147,0.009402739582583308,0.008670287439599633,0.008929379982873797,2.94e-07,0.008765278849750757
148,0.009699328918941319,0.009249291964806616,0.008498987823259085,2.9600000000000006e-07,0.008670287439599633
149,0.009848050423897803,0.008711060509085655,0.009258072823286057,2.9800000000000005e-07,0.008670287439599633
150,0.009170507604721934,0.008967449481133372,0.00876304809935391,3e-07,0.008670287439599633
151,0.00941341754514724,0.009040292934514582,0.00891685497481376,3.0200000000000003e-07,0.008670287439599633
152,0.00970524549484253,0.009114749263972044,0.008551334263756871,3.04e-07,0.008670287439599633
153,0.009265063214115798,0.009060967131517828,0.008775246562436223,3.06e-07,0.008670287439599633
154,0.008857425535097718,0.00904019398149103,0.008768504369072616,3.08e-07,0.008670287439599633
155,0.010178776807151735,0.008439631201326847,0.00855711888289079,3.1000000000000005e-07,0.008670287439599633
156,0.009496007114648819,0.008922392793465406,0.008853947161696851,3.1200000000000004e-07,0.008439631201326847
157,0.009483035537414253,0.008997481199912727,0.008608474861830473,3.1400000000000003e-07,0.008439631201326847
158,0.009661266230978072,0.008538624970242381,0.007978658133652061,3.16e-07,0.008439631201326847
159,0.00929086998803541,0.008700742793735117,0.008552200917620212,3.18e-07,0.008439631201326847
160,0.009115132968872786,0.00905763846822083,0.008778151648584753,3.2e-07,0.008439631201326847
161,0.009084653574973345,0.008390546194277704,0.008224586781580001,3.22e-07,0.008439631201326847
162,0.009346941486001015,0.008024146547541022,0.008379468403290957,3.2400000000000004e-07,0.008390546194277704
163,0.00913907343056053,0.008505802310537547,0.008605868031736463,3.2600000000000003e-07,0.008024146547541022
164,0.008644732180982828,0.007854021911043674,0.008149502449668944,3.28e-07,0.008024146547541022
165,0.009010566456709057,0.009039652708452195,0.00846295221708715,3.3e-07,0.007854021911043674
166,0.008797621936537325,0.008778451941907406,0.008475642709527165,3.3200000000000006e-07,0.007854021911043674
167,0.009120890870690346,0.008319129701703787,0.007668925274629146,3.34e-07,0.007854021911043674
168,0.00964207190554589,0.008860564499627799,0.008471957698930055,3.36e-07,0.007854021911043674
169,0.009312773821875453,0.008085386187303811,0.00817081960849464,3.3800000000000004e-07,0.007854021911043674
170,0.009272732073441148,0.008538146677892655,0.008216740854550153,3.4000000000000003e-07,0.007854021911043674
171,0.008922663982957602,0.00802414515055716,0.008055131242144853,3.42e-07,0.007854021911043674
172,0.00890478229848668,0.008585436327848583,0.008180198899935931,3.44e-07,0.007854021911043674
173,0.008631552685983479,0.00851119525032118,0.00807438266929239,3.4600000000000005e-07,0.007854021911043674
174,0.009570941445417702,0.007923312310595065,0.007935544068459421,3.4800000000000005e-07,0.007854021911043674
175,0.009133909130468965,0.007823901658412069,0.008534774067811668,3.5e-07,0.007854021911043674
176,0.009166621137410402,0.00868566194549203,0.008216024725697935,3.5200000000000003e-07,0.007823901658412069
177,0.008969038026407361,0.008214893285185099,0.0077280173427425325,3.54e-07,0.007823901658412069
178,0.008879866276402026,0.008098574646282941,0.007611016859300435,3.56e-07,0.007823901658412069
179,0.008884900365956128,0.008266194083262235,0.007702551200054586,3.58e-07,0.007823901658412069
180,0.008551674778573215,0.008307240263093263,0.00847560545662418,3.6000000000000005e-07,0.007823901658412069
181,0.008650161209516227,0.007541203871369362,0.007645927369594574,3.6200000000000004e-07,0.007823901658412069
182,0.008295156469102949,0.00838772626593709,0.007620940159540623,3.6400000000000003e-07,0.007541203871369362
183,0.00853527127765119,0.00796184578211978,0.007563613704405725,3.660000000000001e-07,0.007541203871369362
184,0.008451857138425112,0.008250349725130945,0.007859250763431191,3.68e-07,0.007541203871369362
185,0.008552031591534615,0.008308515069074929,0.00831385375931859,3.7e-07,0.007541203871369362
186,0.00872131623327732,0.007626267324667424,0.008006572024896741,3.72e-07,0.007541203871369362
187,0.008199013653211296,0.008384511223994195,0.007938914990518242,3.7400000000000004e-07,0.007541203871369362
188,0.00815113860880956,0.007811438525095582,0.008001959067769349,3.7600000000000003e-07,0.007541203871369362
189,0.008259162539616227,0.008132089045830071,0.007592438021674752,3.78e-07,0.007541203871369362
190,0.008921134227421135,0.007810782641172409,0.00801974831847474,3.8000000000000007e-07,0.007541203871369362
191,0.008442765334621072,0.007895684044342488,0.0076351872412487864,3.8200000000000006e-07,0.007541203871369362
192,0.008602101588621736,0.0077489493996836245,0.007900146709289402,3.8400000000000005e-07,0.007541203871369362
193,0.00872302649077028,0.007928925508167595,0.008105297281872481,3.86e-07,0.007541203871369362
194,0.008784390287473798,0.007760602631606162,0.007398138463031501,3.8800000000000003e-07,0.007541203871369362
195,0.008728417800739408,0.007606771774590015,0.007645811885595322,3.9e-07,0.007541203871369362
196,0.008201840333640575,0.007110972830560058,0.00740177818806842,3.9200000000000007e-07,0.007541203871369362
197,0.008282562252134085,0.00803587055997923,0.007212515163701028,3.94e-07,0.007110972830560058
198,0.00835714302957058,0.007956703251693398,0.007294830691535026,3.96e-07,0.007110972830560058
199,0.008361498999875039,0.006855309766251594,0.0076963672763668,3.98e-07,0.007110972830560058
200,0.00822994252666831,0.007621207390911877,0.007423678878694773,4e-07,0.006855309766251594
201,0.008506854122970253,0.007570009969640523,0.0073616133886389434,4.02e-07,0.006855309766251594
202,0.008454244583845139,0.007547277025878429,0.0067155573051422834,4.04e-07,0.006855309766251594
203,0.008558531932067126,0.0073858159012161195,0.007333402521908283,4.06e-07,0.006855309766251594
204,0.008078559942077845,0.0072865443653427064,0.007176283979788423,4.0800000000000005e-07,0.006855309766251594
205,0.008326532668434083,0.007609993044752628,0.007046895916573703,4.1000000000000004e-07,0.006855309766251594
206,0.008318285748828202,0.007598045107442886,0.007457133615389466,4.1200000000000004e-07,0.006855309766251594
207,0.008100127161014825,0.007469329051673412,0.00768105685710907,4.1400000000000003e-07,0.006855309766251594
208,0.007905662758275867,0.0073324518743902445,0.0070418884861283,4.1600000000000007e-07,0.006855309766251594
209,0.008252785890363157,0.006893181591294706,0.00755812821444124,4.1800000000000006e-07,0.006855309766251594
210,0.00786697753937915,0.007189072959590703,0.007480309985112399,4.2000000000000006e-07,0.006855309766251594
211,0.007977894973009825,0.007223694876302034,0.006666872766800225,4.2200000000000005e-07,0.006855309766251594
212,0.008133604831527919,0.007038950163405389,0.0075765582150779665,4.240000000000001e-07,0.006855309766251594
213,0.00785581802483648,0.007621154305525124,0.007252960640471429,4.260000000000001e-07,0.006855309766251594
214,0.007772053242661059,0.007181831053458154,0.0070980830932967365,4.28e-07,0.006855309766251594
215,0.00792312267003581,0.007873041089624166,0.0072551031480543315,4.3e-07,0.006855309766251594
216,0.00797482515918091,0.007063376076985151,0.007661372306756675,4.32e-07,0.006855309766251594
217,0.008228079474065453,0.007226331974379718,0.0067453651572577655,4.34e-07,0.006855309766251594
218,0.007788059825543314,0.007446005649399012,0.007211498566903174,4.3600000000000004e-07,0.006855309766251594
219,0.007822242623660713,0.006806945544667542,0.006847146432846785,4.3800000000000003e-07,0.006855309766251594
220,0.008031231875065714,0.007146061165258288,0.007010733941569924,4.4e-07,0.006806945544667542
221,0.007344495679717511,0.006973904150072485,0.006878187821712345,4.42e-07,0.006806945544667542
222,0.00838232453679666,0.0066433383617550135,0.006836297572590411,4.4400000000000006e-07,0.006806945544667542
223,0.0075450733420439065,0.00692704226821661,0.0069551836932078,4.4600000000000005e-07,0.0066433383617550135
224,0.008048855932429433,0.0069737943122163415,0.00694053340703249,4.4800000000000004e-07,0.0066433383617550135
225,0.007458024832885712,0.006999251199886203,0.006740598939359188,4.5000000000000003e-07,0.0066433383617550135
226,0.007508159731514752,0.006747508479747921,0.006623213761486113,4.520000000000001e-07,0.0066433383617550135
227,0.007901572622358799,0.0067576123983599246,0.0067080926964990795,4.5400000000000007e-07,0.0066433383617550135
228,0.007261227758135647,0.006388163543306291,0.007154721301048994,4.5600000000000006e-07,0.0066433383617550135
229,0.007626157428603619,0.007042148383334279,0.006617027160245925,4.5800000000000005e-07,0.006388163543306291
230,0.007149316370487213,0.0063967391033656895,0.006905598915182054,4.600000000000001e-07,0.006388163543306291
231,0.008118468802422285,0.006519909074995667,0.007036250550299883,4.62e-07,0.006388163543306291
232,0.007156273815780878,0.0065320380963385105,0.006627229449804872,4.64e-07,0.006388163543306291
233,0.007439540582709014,0.006459089694544673,0.006538954621646553,4.66e-07,0.006388163543306291
234,0.007822308747563511,0.006722217774949968,0.006672189978417009,4.68e-07,0.006388163543306291
235,0.007077179034240544,0.006699585821479559,0.006997420045081526,4.7e-07,0.006388163543306291
236,0.007398724555969238,0.006282489630393684,0.006401147460564971,4.7200000000000004e-07,0.006388163543306291
237,0.007716562133282423,0.006475585920270532,0.006176713563036174,4.7400000000000004e-07,0.006282489630393684
238,0.007504375535063446,0.0067767626023851335,0.006364519766066223,4.7600000000000003e-07,0.006282489630393684
239,0.0075997678795829415,0.00610359525308013,0.0063241233583539724,4.78e-07,0.006282489630393684
240,0.007133507635444403,0.00620959309162572,0.006533461564686149,4.800000000000001e-07,0.00610359525308013
241,0.007068193866871297,0.006409421272110194,0.0063413328025490046,4.82e-07,0.00610359525308013
242,0.006713852810207754,0.006383056985214353,0.006178638024721295,4.84e-07,0.00610359525308013
243,0.006769114756025374,0.0059710387722589076,0.006343712564557791,4.860000000000001e-07,0.00610359525308013
244,0.007185460650362074,0.006267055752687156,0.006374401913490146,4.88e-07,0.0059710387722589076
245,0.007273384660948068,0.0059179989621043205,0.00627782178344205,4.900000000000001e-07,0.0059710387722589076
246,0.00713342142989859,0.006108695059083402,0.005781687505077571,4.920000000000001e-07,0.0059179989621043205
247,0.007042920216917992,0.006272012367844582,0.006205251382198185,4.940000000000001e-07,0.0059179989621043205
248,0.0069987858296372,0.005960042937658727,0.005561153695452958,4.96e-07,0.0059179989621043205
249,0.006971000111661851,0.006082640087697655,0.0064173482824116945,4.98e-07,0.0059179989621043205
250,0.00704843585845083,0.005755587655585259,0.005953851621598005,5e-07,0.0059179989621043205
251,0.006861532980110496,0.005788666603621095,0.00626824633218348,5.02e-07,0.005755587655585259
252,0.007268307381309569,0.005910597799811512,0.0055352451745420694,5.040000000000001e-07,0.005755587655585259
253,0.0069184660678729415,0.006101321312598884,0.006126153573859483,5.06e-07,0.005755587655585259
254,0.006718713673762977,0.00584655994316563,0.005551025096792728,5.08e-07,0.005755587655585259
255,0.0066134201479144394,0.005857490992639214,0.005875827861018479,5.1e-07,0.005755587655585259
256,0.006519339105580002,0.0055887841153889894,0.005674562184140086,5.12e-07,0.005755587655585259
257,0.007198804814834148,0.0057300549815408885,0.005677792942151427,5.140000000000001e-07,0.0055887841153889894
258,0.0069339758483693,0.005514168937224895,0.005808705172967166,5.16e-07,0.0055887841153889894
259,0.006693875067867339,0.006024800182785839,0.00602943985722959,5.180000000000001e-07,0.005514168937224895
260,0.007028661319054663,0.005712444719392806,0.005688113975338638,5.200000000000001e-07,0.005514168937224895
261,0.00649313983740285,0.00553075154311955,0.006082863197661936,5.22e-07,0.005514168937224895
262,0.006642544874921441,0.005554730363655835,0.005682639079168439,5.240000000000001e-07,0.005514168937224895
263,0.006419813551474363,0.005680110247340053,0.005708196840714663,5.260000000000001e-07,0.005514168937224895
264,0.0065190744353458285,0.005822470644488931,0.0054570946376770735,5.280000000000001e-07,0.005514168937224895
265,0.006542962684761733,0.005327474500518292,0.005385486641898751,5.3e-07,0.005514168937224895
266,0.00670939008705318,0.005436539184302092,0.0052668420248664916,5.32e-07,0.005327474500518292
267,0.006376727076712996,0.005593990674242377,0.005254272255115211,5.34e-07,0.005327474500518292
268,0.0063107626629062,0.0056049435515888035,0.005386856617406011,5.36e-07,0.005327474500518292
269,0.006400251179002225,0.005369371909182519,0.005409525707364082,5.38e-07,0.005327474500518292
270,0.006495252018794417,0.005414875864516944,0.005390907113905996,5.4e-07,0.005327474500518292
271,0.00656352995429188,0.005455768201500177,0.00499801168916747,5.420000000000001e-07,0.005327474500518292
272,0.00652555946726352,0.005142948357388377,0.00537102622911334,5.44e-07,0.005327474500518292
273,0.006531595892738551,0.005365848948713392,0.005144705530256033,5.46e-07,0.005142948357388377
274,0.006597486441023648,0.00513896846678108,0.004974585317540914,5.480000000000001e-07,0.005142948357388377
275,0.00610703369602561,0.005048134888056666,0.005150162731297314,5.5e-07,0.00513896846678108
276,0.006051140371710062,0.0050795506103895605,0.004668690089602023,5.520000000000001e-07,0.005048134888056666
277,0.0060341014177538455,0.005035562498960644,0.005137773172464222,5.540000000000001e-07,0.005048134888056666
278,0.006075514305848628,0.004992521775420755,0.004786721081472933,5.560000000000001e-07,0.005035562498960644
279,0.006081815110519528,0.004765680700074881,0.004700714722275734,5.580000000000001e-07,0.004992521775420755
280,0.00602516857907176,0.004885696049313992,0.004856179119087756,5.6e-07,0.004765680700074881
281,0.006235255743376911,0.0047659362317062914,0.004923496511764824,5.620000000000001e-07,0.004765680700074881
282,0.006076380319427699,0.0048555704415775836,0.004869826254434884,5.64e-07,0.004765680700074881
283,0.0059187987935729325,0.0046002070303075016,0.004875776823610067,5.66e-07,0.004765680700074881
284,0.005890625761821866,0.004672548151575029,0.004612523654941469,5.68e-07,0.0046002070303075016
285,0.006004095601383597,0.004798441892489791,0.00481421296717599,5.7e-07,0.0046002070303075016
286,0.005795362347271293,0.004843942006118596,0.004480878065805882,5.72e-07,0.0046002070303075016
287,0.005902449483983219,0.004542624315945432,0.004516852961387485,5.74e-07,0.0046002070303075016
288,0.006017788138706237,0.004461244796402752,0.004532199614914134,5.760000000000001e-07,0.004542624315945432
289,0.005689696816261858,0.004543618037132546,0.004440630582394078,5.78e-07,0.004461244796402752
290,0.005775908299256116,0.0045124219032004476,0.00425035844091326,5.800000000000001e-07,0.004461244796402752
291,0.0055277307983487844,0.004694501229096204,0.004122217535041273,5.820000000000001e-07,0.004461244796402752
292,0.0054673077538609505,0.004231822880683467,0.004612077493220568,5.84e-07,0.004461244796402752
293,0.005475942394696176,0.004263863433152437,0.004238692199578509,5.860000000000001e-07,0.004231822880683467
294,0.0052777816308662295,0.004279276472516358,0.0041545517451595515,5.88e-07,0.004231822880683467
295,0.00556972372578457,0.004122027137782425,0.004339000501204282,5.900000000000001e-07,0.004231822880683467
296,0.005603584693744779,0.004202013369649649,0.004316382488468662,5.920000000000001e-07,0.004122027137782425
297,0.005314095120411366,0.0042389970913063735,0.004328223498305306,5.94e-07,0.004122027137782425
298,0.0054178801365196705,0.004002971749287099,0.004312381992349401,5.960000000000001e-07,0.004122027137782425
299,0.005501970008481294,0.004221005365252495,0.003978018619818613,5.98e-07,0.004002971749287099
300,0.005712218349799514,0.0039445967122446746,0.003745796682778746,6e-07,0.004002971749287099
301,0.0052175025339238346,0.004135238181333989,0.004083915031515062,6.02e-07,0.0039445967122446746
302,0.005635037261527032,0.003966001531807706,0.00407792828627862,6.040000000000001e-07,0.0039445967122446746
303,0.0054629293153993785,0.003985784424003214,0.003905503253918141,6.06e-07,0.0039445967122446746
304,0.005621129006613046,0.0037567732215393335,0.0037623093521688133,6.08e-07,0.0039445967122446746
305,0.005391343613155186,0.0038934833428356797,0.003971849684603512,6.100000000000001e-07,0.0037567732215393335
306,0.005389869038481265,0.003837681346340105,0.0038401708006858826,6.12e-07,0.0037567732215393335
307,0.005605569982435554,0.0037976024323143065,0.0036615801218431443,6.140000000000001e-07,0.0037567732215393335
308,0.0052025309996679425,0.003805552900303155,0.003494769014650956,6.16e-07,0.0037567732215393335
309,0.005416717904154211,0.0036666736123152077,0.0037779112462885678,6.180000000000001e-07,0.0037567732215393335
310,0.005123170325532556,0.0034722148557193577,0.0033871578925754875,6.200000000000001e-07,0.0036666736123152077
311,0.00514324486721307,0.0038045770197641104,0.0037969083641655743,6.22e-07,0.0034722148557193577
312,0.0052322642295621336,0.003471806092420593,0.003392703947611153,6.240000000000001e-07,0.0034722148557193577
313,0.004988644155673683,0.003672906430438161,0.003488372341962531,6.260000000000001e-07,0.003471806092420593
314,0.005092843901365995,0.003521170379826799,0.0033389605523552746,6.280000000000001e-07,0.003471806092420593
315,0.005134498991537839,0.00341988549917005,0.003351842169649899,6.300000000000001e-07,0.003471806092420593
316,0.00467836408643052,0.0033836998627521098,0.003504257998429239,6.32e-07,0.00341988549917005
317,0.004945689521264285,0.003434660262428224,0.0031470484100282192,6.34e-07,0.0033836998627521098
318,0.004863527603447437,0.0031536089081782848,0.003152790915919468,6.36e-07,0.0033836998627521098
319,0.004927098168991506,0.0033933561644516885,0.0034015714190900326,6.380000000000001e-07,0.0031536089081782848
320,0.004874315927736461,0.003136578743578866,0.0034419165167491883,6.4e-07,0.0031536089081782848
321,0.004991799301933497,0.003173575270920992,0.0031546677637379616,6.420000000000001e-07,0.003136578743578866
322,0.004897273378446698,0.0031745262385811657,0.003079838352277875,6.44e-07,0.003136578743578866
323,0.004776065004989505,0.0031621464004274458,0.003308478568214923,6.46e-07,0.003136578743578866
324,0.004866186354774982,0.003044449054868892,0.003172528522554785,6.480000000000001e-07,0.003136578743578866
325,0.00476691935909912,0.003019742638571188,0.0031012641557026654,6.5e-07,0.003044449054868892
326,0.004825700249057263,0.0029649463249370456,0.002924501575762406,6.520000000000001e-07,0.003019742638571188
327,0.004534373583737761,0.003121290821582079,0.003024445381015539,6.540000000000001e-07,0.0029649463249370456
328,0.005077215668279678,0.0029386413807515055,0.0028378920105751604,6.56e-07,0.0029649463249370456
329,0.004473562294151634,0.0031503318168688565,0.003011168126249686,6.580000000000001e-07,0.0029386413807515055
330,0.004859787179157138,0.0027653119468595833,0.0029132165655028075,6.6e-07,0.0029386413807515055
331,0.004776126239448786,0.0029993437055964023,0.0027542684401851147,6.620000000000001e-07,0.0027653119468595833
332,0.004953305586241186,0.0030873872456140816,0.002904086111811921,6.640000000000001e-07,0.0027653119468595833
333,0.00487780140247196,0.0028502858185674995,0.0028962624492123723,6.660000000000001e-07,0.0027653119468595833
334,0.004781502299010754,0.002858336200006306,0.00285644645919092,6.68e-07,0.0027653119468595833
335,0.00480995699763298,0.0028516640595626086,0.0028467004594858736,6.7e-07,0.0027653119468595833
336,0.004642370855435729,0.0027133484836667776,0.0027020707493647933,6.72e-07,0.0027653119468595833
337,0.004691832175012678,0.0029171373753342777,0.0026898472278844565,6.74e-07,0.0027133484836667776
338,0.004793545580469072,0.002622177911689505,0.002768574428046122,6.760000000000001e-07,0.0027133484836667776
339,0.004468376253498718,0.002723825804423541,0.0025330597127322108,6.78e-07,0.002622177911689505
340,0.004818129236809909,0.0024125650816131383,0.0025758254632819444,6.800000000000001e-07,0.002622177911689505
341,0.004524875897914171,0.002698012161999941,0.002563936111982912,6.820000000000001e-07,0.0024125650816131383
342,0.004533318802714348,0.0026948562590405345,0.002544269198551774,6.84e-07,0.0024125650816131383
343,0.004696653690189123,0.0027543522301129997,0.002544814080465585,6.860000000000001e-07,0.0024125650816131383
344,0.004490103980060667,0.002555869723437354,0.0026188911870121956,6.88e-07,0.0024125650816131383
345,0.004509494116064161,0.0025672853516880423,0.0025141661462839693,6.900000000000001e-07,0.0024125650816131383
346,0.004477695561945438,0.0023166992468759418,0.002514690568204969,6.920000000000001e-07,0.0024125650816131383
347,0.004369772592326626,0.0025071588170249015,0.002490423066774383,6.94e-07,0.0023166992468759418
348,0.004503598203882575,0.0024822386039886624,0.002677739888895303,6.960000000000001e-07,0.0023166992468759418
349,0.004207756981486455,0.0024215506273321807,0.0023957712983246893,6.980000000000001e-07,0.0023166992468759418
350,0.004423069127369672,0.002259048356791027,0.0023500924871768802,7e-07,0.0023166992468759418
351,0.004603346606018022,0.002407600812148303,0.002516795415431261,7.02e-07,0.002259048356791027
352,0.004264012444764376,0.0024023559817578644,0.0024410565674770623,7.040000000000001e-07,0.002259048356791027
353,0.004413982474943623,0.002481372095644474,0.0023887291754363105,7.06e-07,0.002259048356791027
354,0.004526187956798822,0.002131506073055789,0.002312227908987552,7.08e-07,0.002259048356791027
355,0.00445409124949947,0.0023647686757612973,0.0023130695335566998,7.100000000000001e-07,0.002131506073055789
356,0.004373373056296259,0.002295847865752876,0.002147482053260319,7.12e-07,0.002131506073055789
357,0.004310370306484401,0.002267849020427093,0.002193271793657914,7.140000000000001e-07,0.002131506073055789
358,0.0042658432794269174,0.0021914520766586065,0.002118512711604126,7.16e-07,0.002131506073055789
359,0.004127249936573207,0.0021853537327842787,0.002315780642675236,7.18e-07,0.002131506073055789
360,0.00418171810451895,0.002164524223189801,0.0022277520911302418,7.200000000000001e-07,0.002131506073055789
361,0.004250005760695785,0.002286515329615213,0.0022462626366177574,7.22e-07,0.002131506073055789
362,0.004186854523140937,0.002180518247769214,0.0020700787572422996,7.240000000000001e-07,0.002131506073055789
363,0.004408054577652365,0.002204496689955704,0.002183904900448397,7.260000000000001e-07,0.002131506073055789
364,0.004104548745090142,0.002041257335804403,0.0021799690439365804,7.280000000000001e-07,0.002131506073055789
365,0.0042560912552289665,0.0021046692127129063,0.001993711877730675,7.300000000000001e-07,0.002041257335804403
366,0.004204633471090347,0.0021162966586416587,0.0021207325044088066,7.320000000000001e-07,0.002041257335804403
367,0.004171483276877552,0.0021959354780847207,0.0019942401704611257,7.34e-07,0.002041257335804403
368,0.004227523575536907,0.0021242351649561897,0.002168212362448685,7.36e-07,0.002041257335804403
369,0.004143673315411434,0.002024959903792478,0.002059102669591084,7.380000000000001e-07,0.002041257335804403
370,0.0041321057069581,0.0019988112326245755,0.0021601760672638193,7.4e-07,0.002024959903792478
371,0.004185911326203495,0.0019314776291139424,0.002057404097286053,7.420000000000001e-07,0.0019988112326245755
372,0.003945294854929671,0.0019082901126239449,0.0018756366916932166,7.44e-07,0.0019314776291139424
373,0.0041168864408973604,0.0018910733488155529,0.002060369763057679,7.46e-07,0.0019082901126239449
374,0.003938131936592981,0.0018676023028092459,0.0020147319592069834,7.480000000000001e-07,0.0018910733488155529
375,0.0041659265698399395,0.001855413254816085,0.0019575650221668184,7.5e-07,0.0018676023028092459
376,0.004342043481301516,0.001920077294926159,0.001973498103325255,7.520000000000001e-07,0.001855413254816085
377,0.004146152728935704,0.0019621500541688874,0.0019128928397549316,7.540000000000001e-07,0.001855413254816085
378,0.004059361323015764,0.001924369702464901,0.0018353651103097945,7.56e-07,0.001855413254816085
379,0.004017316270619631,0.0019727489416254684,0.0019048866379307583,7.580000000000001e-07,0.001855413254816085
380,0.004294553800718859,0.00193738607049454,0.001806674714316614,7.600000000000001e-07,0.001855413254816085
381,0.003973864018917084,0.0019528870761860162,0.0018830831832019612,7.620000000000001e-07,0.001855413254816085
382,0.003907843492925167,0.001935753462021239,0.0016444715001853183,7.640000000000001e-07,0.001855413254816085
383,0.004067519563250244,0.0017931802867678925,0.0019851201068377122,7.660000000000001e-07,0.001855413254816085
384,0.003944704629248008,0.0018330911552766338,0.0019114853930659592,7.680000000000001e-07,0.0017931802867678925
385,0.004024164198199287,0.0017840836953837425,0.0018247512634843588,7.7e-07,0.0017931802867678925
386,0.003921268245903775,0.0017896450153784826,0.0017727875529089943,7.72e-07,0.0017840836953837425
387,0.004159671574598178,0.0017540107219247147,0.0018557590228738263,7.74e-07,0.0017840836953837425
388,0.003822380240308121,0.0017880230880109593,0.0019561570225050673,7.760000000000001e-07,0.0017540107219247147
389,0.003938022186048329,0.0017917334043886513,0.0017398183554178104,7.78e-07,0.0017540107219247147
390,0.004065913090016693,0.0017645684129092842,0.0019156276539433748,7.8e-07,0.0017540107219247147
391,0.004182095784926787,0.0017261085013160482,0.0018993394041899592,7.820000000000001e-07,0.0017540107219247147
392,0.004016875784145668,0.00183560281584505,0.0017175426328321919,7.840000000000001e-07,0.0017261085013160482
393,0.003866178070893511,0.001830163790145889,0.0018841049750335515,7.860000000000001e-07,0.0017261085013160482
394,0.0038658413104712963,0.0018607390666147694,0.0019029498798772693,7.88e-07,0.0017261085013160482
395,0.0038458552153315395,0.0018073881219606847,0.001839051183196716,7.900000000000001e-07,0.0017261085013160482
396,0.003857200004858896,0.001731337804812938,0.0017871785530587658,7.92e-07,0.0017261085013160482
397,0.003861774632241577,0.0016901043272810057,0.0016984617395792156,7.94e-07,0.0017261085013160482
398,0.004003442969406024,0.001811011286918074,0.0016507977852597833,7.96e-07,0.0016901043272810057
399,0.003837718191789463,0.0016508565749973059,0.0016391607787227258,7.980000000000001e-07,0.0016901043272810057
400,0.0037682718539144844,0.00179702827881556,0.0017141889984486625,8e-07,0.0016508565749973059
401,0.0038913949974812567,0.0017641073936829343,0.0017303740896750242,8.020000000000001e-07,0.0016508565749973059
402,0.0038406951061915606,0.0016518095653736964,0.00171656375459861,8.04e-07,0.0016508565749973059
403,0.003634254215285182,0.001831009183661081,0.001717585910228081,8.060000000000001e-07,0.0016508565749973059
404,0.004011199751403183,0.00179167470196262,0.0016994685429381207,8.08e-07,0.0016508565749973059
405,0.003628348553320393,0.0018255923932883888,0.0017047885194187984,8.100000000000001e-07,0.0016508565749973059
406,0.0038475816254504025,0.0016129300056491047,0.001705613627564162,8.12e-07,0.0016508565749973059
407,0.0037025537458248436,0.0017361616337439045,0.0017457836656831205,8.140000000000002e-07,0.0016129300056491047
408,0.003742129250895232,0.001582041077199392,0.0017776085442164913,8.160000000000001e-07,0.0016129300056491047
409,0.003808948880759999,0.001602650445420295,0.0017118828254751861,8.180000000000002e-07,0.001582041077199392
410,0.0037605897232424468,0.0017559338157298043,0.0015785747673362494,8.200000000000001e-07,0.001582041077199392
411,0.0036870881158392876,0.0015920654986985028,0.0016674478247296065,8.22e-07,0.001582041077199392
412,0.00360477389767766,0.0017603647283976898,0.0017156775429612026,8.240000000000001e-07,0.001582041077199392
413,0.0035808971733786166,0.0016038393077906221,0.0016853914712555707,8.26e-07,0.001582041077199392
414,0.003710579709149897,0.00172449805540964,0.0017268968222197145,8.280000000000001e-07,0.001582041077199392
415,0.0038102170219644904,0.0016378724540118128,0.0016810321394586936,8.3e-07,0.001582041077199392
416,0.003711256169481203,0.0016451907576993108,0.0017588499322300777,8.320000000000001e-07,0.001582041077199392
417,0.003725625458173454,0.0016928234545048326,0.0016078240441856906,8.34e-07,0.001582041077199392
418,0.003594429523218423,0.0015882671141298488,0.0014957943349145353,8.360000000000001e-07,0.001582041077199392
419,0.003646360506536439,0.0017173064406961203,0.0016712599172024056,8.380000000000001e-07,0.001582041077199392
420,0.003583334677387029,0.0016352059901691973,0.0016734664532123134,8.400000000000001e-07,0.001582041077199392
421,0.0037398600834421813,0.0015380661061499268,0.0016123724781209603,8.42e-07,0.001582041077199392
422,0.003662187431473285,0.001582230586791411,0.0017327163222944364,8.440000000000001e-07,0.0015380661061499268
423,0.0036810207820963115,0.0017300043255090714,0.0016030913684517145,8.46e-07,0.0015380661061499268
424,0.0036035831144545227,0.0015267541602952406,0.0016549865831620991,8.480000000000002e-07,0.0015380661061499268
425,0.003737684484804049,0.0015387925086542964,0.001627023913897574,8.5e-07,0.0015267541602952406
426,0.003541687416145578,0.0017243529728148133,0.0014579050621250644,8.520000000000002e-07,0.0015267541602952406
427,0.0036690941778942943,0.0015419542032759637,0.0015754003979964182,8.540000000000001e-07,0.0015267541602952406
428,0.0036656743322964758,0.0015512111713178456,0.0015819397085579112,8.56e-07,0.0015267541602952406
429,0.003558880154741928,0.0015306078566936776,0.0015408876060973853,8.580000000000001e-07,0.0015267541602952406
430,0.003596378635847941,0.0015128326340345666,0.0015817689127288759,8.6e-07,0.0015267541602952406
431,0.003887466562446207,0.0015483405150007457,0.0015107001381693408,8.620000000000001e-07,0.0015128326340345666
432,0.003374352934770286,0.0016420797765022144,0.0015081492892932147,8.64e-07,0.0015128326340345666
433,0.0034075444273184985,0.001634286527405493,0.0015157439920585603,8.66e-07,0.0015128326340345666
434,0.0032883913081604987,0.0015650551504222676,0.001503509920439683,8.68e-07,0.0015128326340345666
435,0.003505766304442659,0.0013967993872938678,0.0016558237693971023,8.700000000000001e-07,0.0015128326340345666
436,0.0036105980398133397,0.0016293312219204381,0.001644815391045995,8.720000000000001e-07,0.0013967993872938678
437,0.0035612319770734757,0.0016431012190878391,0.0015294681215891615,8.740000000000001e-07,0.0013967993872938678
438,0.0035472182207740843,0.0016149957955349237,0.0015173521387623623,8.760000000000001e-07,0.0013967993872938678
439,0.0035047866695094854,0.0015597663295920938,0.0014235000853659585,8.780000000000001e-07,0.0013967993872938678
440,0.003313520544907078,0.0014820289652561769,0.0015582483756588772,8.8e-07,0.0013967993872938678
441,0.0035394111764617264,0.0015066216874402016,0.00146580531145446,8.820000000000002e-07,0.0013967993872938678
442,0.003377161599928513,0.0015069240180309862,0.001595021618413739,8.84e-07,0.0013967993872938678
443,0.0036048285255674273,0.0015320154489018023,0.0015300325758289546,8.860000000000002e-07,0.0013967993872938678
444,0.003389200719539076,0.0014481622056337073,0.00147507012297865,8.880000000000001e-07,0.0013967993872938678
445,0.0036497547407634556,0.001564087113365531,0.0014654391416115686,8.9e-07,0.0013967993872938678
446,0.0034757495450321585,0.0014630130026489496,0.0015323963889386505,8.920000000000001e-07,0.0013967993872938678
447,0.0033867672027554363,0.001536930285510607,0.0013826844078721479,8.94e-07,0.0013967993872938678
448,0.003417137369979173,0.001414116908563301,0.0014300922630354762,8.960000000000001e-07,0.0013967993872938678
449,0.0036001142289023846,0.001564434205647558,0.0014555423404090106,8.98e-07,0.0013967993872938678
450,0.003461416461504996,0.0015097378491191193,0.001451926858862862,9.000000000000001e-07,0.0013967993872938678
451,0.0033280768839176744,0.0014375065657077357,0.0014638422289863229,9.02e-07,0.0013967993872938678
452,0.003296757728094235,0.0014389414573088288,0.0014493263443000615,9.040000000000002e-07,0.0013967993872938678
453,0.0035449620918370783,0.0014260054158512503,0.0014470941823674366,9.06e-07,0.0013967993872938678
454,0.0034192744351457804,0.001496917480835691,0.0014264948840718716,9.080000000000001e-07,0.0013967993872938678
455,0.003328933729790151,0.001376594853354618,0.0014595635584555566,9.100000000000001e-07,0.0013967993872938678
456,0.003375081345438957,0.0013043405342614278,0.0015836027450859547,9.120000000000001e-07,0.001376594853354618
457,0.0034338016412220895,0.0014986089518060908,0.0012890190264442936,9.140000000000001e-07,0.0013043405342614278
458,0.003169748990330845,0.001399804517859593,0.001455491190426983,9.160000000000001e-07,0.0013043405342614278
459,0.0034217025677207857,0.0015101307217264548,0.0013659195828950033,9.18e-07,0.0013043405342614278
460,0.003472239652182907,0.0014726322842761874,0.0014389598945854232,9.200000000000002e-07,0.0013043405342614278
461,0.0033647191303316504,0.0014218973810784519,0.0014289539103629068,9.22e-07,0.0013043405342614278
462,0.0032320765603799373,0.0012644715025089681,0.001401029177941382,9.24e-07,0.0013043405342614278
463,0.0033804095000959933,0.0014733808784512803,0.0013621500984299928,9.260000000000001e-07,0.0012644715025089681
464,0.0034551584685686976,0.0013853071723133326,0.0014541538839694113,9.28e-07,0.0012644715025089681
465,0.0032109082385431975,0.0013651234767166898,0.0014540490810759366,9.300000000000001e-07,0.0012644715025089681
466,0.0032866509282030165,0.0014194855612004176,0.0014872717001708224,9.32e-07,0.0012644715025089681
467,0.003577899362426251,0.0015058548306114972,0.0014446411951212212,9.340000000000001e-07,0.0012644715025089681
468,0.003472750133369118,0.0014587667828891426,0.0015021764702396467,9.36e-07,0.0012644715025089681
469,0.0031939886102918535,0.0013541734806494787,0.0014708094240631908,9.380000000000002e-07,0.0012644715025089681
470,0.0034130736312363297,0.0014108092145761475,0.0013693001092178747,9.4e-07,0.0012644715025089681
471,0.0033151027746498585,0.0014398915955098346,0.0013825803762301803,9.420000000000002e-07,0.0012644715025089681
472,0.0029610163473989815,0.0013187773583922535,0.0014191101945471019,9.440000000000001e-07,0.0012644715025089681
473,0.003141118126222864,0.0013696637033717707,0.0013664804719155654,9.460000000000001e-07,0.0012644715025089681
474,0.003383084636880085,0.0013226636074250564,0.0013529258576454595,9.480000000000001e-07,0.0012644715025089681
475,0.003269212116720155,0.0014534828660544008,0.0012106824651709758,9.500000000000001e-07,0.0012644715025089681
476,0.0034676763170864433,0.0013165023847250268,0.001334466491243802,9.520000000000001e-07,0.0012644715025089681
477,0.003310627944301814,0.0014503015263471752,0.0012778012460330501,9.54e-07,0.0012644715025089681
478,0.0031453638221137226,0.0013305081083672121,0.0014108626346569508,9.56e-07,0.0012644715025089681
479,0.0032772937265690416,0.0013281302235554904,0.0012603571958607063,9.58e-07,0.0012644715025089681
480,0.00331345567246899,0.0013568768481491134,0.0012955854326719418,9.600000000000001e-07,0.0012644715025089681
481,0.003462812805082649,0.0013580487866420299,0.0013431098050205037,9.62e-07,0.0012644715025089681
482,0.003093463252298534,0.0013650738983415067,0.0013591856841230765,9.64e-07,0.0012644715025089681
483,0.0030577963043469936,0.001302138829487376,0.001346675300737843,9.66e-07,0.0012644715025089681
484,0.0030453315121121705,0.0012364139402052388,0.001396615567500703,9.68e-07,0.0012644715025089681
485,0.003189767012372613,0.001298359056818299,0.0014062136760912836,9.7e-07,0.0012364139402052388
486,0.003297944407677278,0.001299266004934907,0.0013290585775393993,9.720000000000002e-07,0.0012364139402052388
487,0.003232392336940393,0.0013212775811553001,0.0012964084307895973,9.740000000000001e-07,0.0012364139402052388
488,0.003064070187974721,0.0012780390970874578,0.0012075331615051255,9.76e-07,0.0012364139402052388
489,0.0032170763006433845,0.0012687874113908038,0.0012925823539262637,9.78e-07,0.0012364139402052388
490,0.0031060088076628745,0.0013692483480554074,0.0012891726510133594,9.800000000000001e-07,0.0012364139402052388
491,0.0031621271918993443,0.0013085981481708586,0.0014097491366555914,9.82e-07,0.0012364139402052388
492,0.003367888100910932,0.0011823190725408494,0.0012681364605668932,9.840000000000002e-07,0.0012364139402052388
493,0.003424806403927505,0.0012384853034745902,0.0012708910508081317,9.860000000000002e-07,0.0011823190725408494
494,0.003109338751528412,0.001373682840494439,0.001415273902239278,9.880000000000001e-07,0.0011823190725408494
495,0.003183703840477392,0.00133261970768217,0.0014763955405214801,9.9e-07,0.0011823190725408494
496,0.003142765403026715,0.0013314575044205412,0.0013727172336075455,9.92e-07,0.0011823190725408494
497,0.0031407133501488715,0.0013002536143176258,0.001361778864520602,9.940000000000001e-07,0.0011823190725408494
498,0.003131672681774944,0.0012309989251662046,0.0013458378525683656,9.96e-07,0.0011823190725408494
499,0.0032248307252302766,0.001445121772121638,0.0014392574230441824,9.98e-07,0.0011823190725408494
500,0.003289226908236742,0.0013557227503042668,0.0012247036793269217,1e-06,0.0011823190725408494
501,0.0031860495801083744,0.0012680772779276595,0.00135999453777913,1.002e-06,0.0011823190725408494
502,0.003199915954610333,0.001333694250206463,0.0014008701109560207,1.004e-06,0.0011823190725408494
503,0.003276060859207064,0.0013049176195636392,0.0012239601055625826,1.0060000000000002e-06,0.0011823190725408494
504,0.0031435590935871005,0.0012394457153277472,0.0013451824488583952,1.0080000000000001e-06,0.0011823190725408494
505,0.0031978138722479343,0.001247081469045952,0.0012774808565154672,1.01e-06,0.0011823190725408494
506,0.0031872914696577936,0.0013518531050067395,0.0012530520325526595,1.012e-06,0.0011823190725408494
507,0.003173542383592576,0.0011986402751062997,0.001307035330682993,1.0140000000000002e-06,0.0011823190725408494
508,0.0031476081639993936,0.0013019017351325601,0.001235896852449514,1.016e-06,0.0011823190725408494
509,0.0032465599360875785,0.0013656729715876281,0.0013103506644256413,1.0180000000000002e-06,0.0011823190725408494
510,0.0030028019100427628,0.001227635788382031,0.0011760551133193076,1.02e-06,0.0011823190725408494
511,0.002855189930414781,0.0012679273495450616,0.0012289061705814674,1.0220000000000001e-06,0.0011823190725408494
512,0.003192513540852815,0.0013068473344901577,0.0012969021772732958,1.024e-06,0.0011823190725408494
513,0.0031058606400620192,0.001285512582398951,0.0013563698739744723,1.026e-06,0.0011823190725408494
514,0.003032031818293035,0.0011812960001407191,0.0011898705561179668,1.0280000000000002e-06,0.0011823190725408494
515,0.0029708935762755573,0.0012282447860343382,0.0012087309296475723,1.03e-06,0.0011812960001407191
516,0.003104947187239304,0.0012024535099044442,0.0011935061775147915,1.032e-06,0.0011812960001407191
517,0.0029394727025646716,0.0012572294945130125,0.001310058039962314,1.034e-06,0.0011812960001407191
518,0.0030039996781852096,0.0011846450506709516,0.0012093050172552466,1.0360000000000001e-06,0.0011812960001407191
519,0.0029468591092154384,0.0012221700744703412,0.0012621130008483306,1.038e-06,0.0011812960001407191
520,0.0031513070862274617,0.0012071017117705196,0.0012687324124271981,1.0400000000000002e-06,0.0011812960001407191
521,0.0030620975885540247,0.0011286407534498721,0.0012122633925173432,1.0420000000000001e-06,0.0011812960001407191
522,0.0030649953114334494,0.0013053772854618728,0.0011275095021119341,1.044e-06,0.0011286407534498721
523,0.0031978795886971056,0.0012514758127508685,0.001105963070585858,1.046e-06,0.0011286407534498721
524,0.0030517076957039535,0.0011987748875981197,0.0012148552486905828,1.0480000000000002e-06,0.0011286407534498721
525,0.002868026465876028,0.0011255779245402664,0.0012383310095174238,1.0500000000000001e-06,0.0011286407534498721
526,0.003069149242946878,0.001282368684769608,0.001061702088918537,1.0520000000000003e-06,0.0011255779245402664
527,0.002915135060902685,0.0011620830628089607,0.0012749624584103003,1.054e-06,0.0011255779245402664
528,0.0031695479119662195,0.0012013385421596467,0.0011727653618436307,1.0560000000000001e-06,0.0011255779245402664
529,0.0030168197117745876,0.001309002356720157,0.0011797247716458514,1.058e-06,0.0011255779245402664
530,0.002968665212392807,0.0012547388323582709,0.0011465890129329637,1.06e-06,0.0011255779245402664
531,0.0030505646427627653,0.0012704476685030386,0.0012002999137621373,1.0620000000000002e-06,0.0011255779245402664
532,0.003175415185978636,0.0012761731923092157,0.0011223203036934137,1.064e-06,0.0011255779245402664
533,0.0033027134486474097,0.0011880439342348836,0.0012624282971955836,1.066e-06,0.0011255779245402664
534,0.002960409939987585,0.0011649009102256969,0.0011545949382707477,1.068e-06,0.0011255779245402664
535,0.002891294047003612,0.001225110885570757,0.0011188365460839123,1.0700000000000001e-06,0.0011255779245402664
536,0.003072878113016486,0.001155224279500544,0.0011766085735871457,1.072e-06,0.0011255779245402664
537,0.003172868222463876,0.0011325962259434164,0.0011938398674828932,1.0740000000000002e-06,0.0011255779245402664
538,0.0030078899289947003,0.0010891756901401095,0.0012882069568149745,1.076e-06,0.0011255779245402664
539,0.0028380303410813212,0.0011616606934694573,0.001184624787128996,1.078e-06,0.0010891756901401095
540,0.0030800769454799592,0.001196309160150122,0.0012224640304339118,1.08e-06,0.0010891756901401095
541,0.0028679576353169978,0.001130292090238072,0.001145649526733905,1.0820000000000002e-06,0.0010891756901401095
542,0.0030365274869836867,0.0011329527042107657,0.001210119400639087,1.0840000000000001e-06,0.0010891756901401095
543,0.0029631301295012236,0.0012560502800624818,0.0011939595133299008,1.086e-06,0.0010891756901401095
544,0.003090607060585171,0.0011556677054613829,0.001128918505855836,1.088e-06,0.0010891756901401095
545,0.003139407082926482,0.0012237791961524636,0.0011138311310787685,1.0900000000000002e-06,0.0010891756901401095
546,0.002982007194077596,0.0011412115272833034,0.0011729792458936572,1.092e-06,0.0010891756901401095
547,0.0028678336238954216,0.0011222944885957986,0.0011798032210208476,1.094e-06,0.0010891756901401095
548,0.0030023285653442144,0.0011434940824983642,0.0011153396335430443,1.0960000000000002e-06,0.0010891756901401095
549,0.002846034913090989,0.0011813157179858536,0.0011578244520933367,1.0980000000000001e-06,0.0010891756901401095
550,0.002958017314085737,0.0011484637652756646,0.0011753825383493677,1.1e-06,0.0010891756901401095
551,0.0027832313789986074,0.0011280522885499522,0.001169671246316284,1.102e-06,0.0010891756901401095
552,0.0029389019473455846,0.0011399278155295178,0.0011575118260225281,1.1040000000000001e-06,0.0010891756901401095
553,0.002962770435260609,0.0010070774442283437,0.0011483921116450801,1.106e-06,0.0010891756901401095
554,0.0030337169591803104,0.0012018410561722703,0.0010315949402865954,1.1080000000000002e-06,0.0010070774442283437
555,0.0029084637062624097,0.001215836513438262,0.0011020380188710988,1.11e-06,0.0010070774442283437
556,0.002998983778525144,0.0011878467266797088,0.0011803783563664183,1.1120000000000001e-06,0.0010070774442283437
557,0.0027714785537682474,0.0011002649189322256,0.0011491127079352736,1.114e-06,0.0010070774442283437
558,0.002683662693016231,0.0010462843129062094,0.0011450846213847399,1.1160000000000002e-06,0.0010070774442283437
559,0.002845398790668696,0.0011542833090061322,0.001221110149344895,1.1180000000000001e-06,0.0010070774442283437
560,0.003014090209035203,0.0011268035741522908,0.0011634705442702398,1.12e-06,0.0010070774442283437
561,0.0030509385105688125,0.0011349098713253625,0.0011885828280355781,1.122e-06,0.0010070774442283437
562,0.0028236107027623802,0.0011350223794579506,0.0011603928287513554,1.1240000000000002e-06,0.0010070774442283437
563,0.002696042152820155,0.0012454368988983333,0.001139726366091054,1.126e-06,0.0010070774442283437
564,0.0027353573823347688,0.0012051437952322885,0.0010946798865916207,1.128e-06,0.0010070774442283437
565,0.002735413203481585,0.0011365486134309322,0.0010965193359879777,1.1300000000000002e-06,0.0010070774442283437
566,0.002821023663273081,0.0011571819413802586,0.0010725981410359964,1.132e-06,0.0010070774442283437
567,0.002992378023918718,0.0010849641330423765,0.0013026341184740886,1.134e-06,0.0010070774442283437
568,0.002930467569967732,0.001108428514271509,0.00114691997441696,1.136e-06,0.0010070774442283437
569,0.0028042546182405204,0.0010671051786630414,0.0012182082864455879,1.1380000000000002e-06,0.0010070774442283437
570,0.00266961328452453,0.0011094684596173465,0.0011448548611951992,1.14e-06,0.0010070774442283437
571,0.0028138987836427987,0.0010961741209030151,0.0010938727064058185,1.142e-06,0.0010070774442283437
572,0.0027568557707127184,0.001023557320877444,0.0010830049504875205,1.144e-06,0.0010070774442283437
573,0.002626764588057995,0.001047199526510667,0.00121836948528653,1.1460000000000001e-06,0.0010070774442283437
574,0.0028888879460282624,0.0011155201282235794,0.0011466112700873055,1.148e-06,0.0010070774442283437
575,0.002842358051566407,0.0010522706288611516,0.0010745846957433969,1.1500000000000002e-06,0.0010070774442283437
576,0.00260068173520267,0.001104930845031049,0.0010760611257865094,1.1520000000000002e-06,0.0010070774442283437
577,0.002700912591535598,0.0011119789924123324,0.0010547380661591887,1.154e-06,0.0010070774442283437
578,0.0028627326246351004,0.0011376566981198266,0.0011344043450662866,1.156e-06,0.0010070774442283437
579,0.002616099111037329,0.001131642929976806,0.0011000212689395994,1.1580000000000002e-06,0.0010070774442283437
580,0.0027790515741799027,0.0010026638410636224,0.001221025551785715,1.1600000000000001e-06,0.0010070774442283437
581,0.0027095859695691615,0.001053728919941932,0.0010590054880594835,1.162e-06,0.0010026638410636224
582,0.0028100066410843283,0.0011062989287893288,0.0011420961673138663,1.1640000000000002e-06,0.0010026638410636224
583,0.0026732579281087965,0.0010857021043193527,0.0010742978192865849,1.166e-06,0.0010026638410636224
584,0.0027433541836217046,0.0011311864072922617,0.0011110265768365934,1.168e-06,0.0010026638410636224
585,0.0026535646175034344,0.001129337280872278,0.0010377101934864186,1.17e-06,0.0010026638410636224
586,0.002833499340340495,0.0010013832288677804,0.0011015531126759015,1.1720000000000002e-06,0.0010026638410636224
587,0.0027791029715444893,0.0010553847823757678,0.000990580374491401,1.1740000000000001e-06,0.0010013832288677804
588,0.0028147230041213334,0.001117085019359365,0.0009730698220664635,1.176e-06,0.0010013832288677804
589,0.0028020202880725265,0.0010787452265503816,0.0012173070863354951,1.178e-06,0.0010013832288677804
590,0.002694389346288517,0.001121324057749007,0.0009612571011530235,1.1800000000000001e-06,0.0010013832288677804
591,0.0028059646720066667,0.0010057239342131652,0.001149463620095048,1.182e-06,0.0010013832288677804
592,0.0026542633422650397,0.0011074347930843942,0.0011055413269787095,1.1840000000000002e-06,0.0010013832288677804
593,0.002805981901474297,0.0011012992254109122,0.0010701893552322872,1.1860000000000002e-06,0.0010013832288677804
594,0.0027585751086007804,0.0010602686597849242,0.0010609967139316723,1.188e-06,0.0010013832288677804
595,0.0027031289937440306,0.0010276817192789167,0.0010575276101008058,1.19e-06,0.0010013832288677804
596,0.0026711329992394894,0.0010356169514125213,0.0010765601982711814,1.1920000000000002e-06,0.0010013832288677804
597,0.0026103998243343085,0.00101974618883105,0.0011005891865352169,1.1940000000000001e-06,0.0010013832288677804
598,0.002686279098270461,0.0010819142262334935,0.0010998483849107288,1.196e-06,0.0010013832288677804
599,0.002830224111676216,0.0011489540338516235,0.001015850924886763,1.198e-06,0.0010013832288677804
600,0.0025730963971000165,0.0010285859680152498,0.0011429016522015445,1.2e-06,0.0010013832288677804
601,0.002700679120607674,0.0011036947544198483,0.0011232052347622812,1.202e-06,0.0010013832288677804
602,0.0028420399175956845,0.0010183183258050121,0.000976849980361294,1.204e-06,0.0010013832288677804
603,0.0027138488076161593,0.0011400164075894281,0.0010174233466386795,1.2060000000000002e-06,0.0010013832288677804
604,0.0025552995793987066,0.0010556707638897933,0.0011199877044418827,1.2080000000000001e-06,0.0010013832288677804
605,0.00258714979281649,0.0009936310088960454,0.0009621758872526698,1.21e-06,0.0010013832288677804
606,0.002756265312200412,0.0011460616224212572,0.0010616659055813216,1.212e-06,0.0009936310088960454
607,0.002722996927332133,0.0011121804927824996,0.0010189051536144689,1.2140000000000002e-06,0.0009936310088960454
608,0.0026276149437762797,0.0011101961208623834,0.0010371945027145557,1.216e-06,0.0009936310088960454
609,0.0026742733316496015,0.0011146158794872463,0.0010761996454675682,1.2180000000000002e-06,0.0009936310088960454
610,0.002594377932837233,0.0010393233969807625,0.0011773234145948663,1.2200000000000002e-06,0.0009936310088960454
611,0.002565575035987422,0.0009890992660075426,0.0010752796733868308,1.2220000000000001e-06,0.0009936310088960454
612,0.002535828622058034,0.0009689287981018424,0.0011572530784178525,1.224e-06,0.0009890992660075426
613,0.0027289044810459018,0.0009695541230030358,0.0010071131473523565,1.2260000000000002e-06,0.0009689287981018424
614,0.0028184195107314736,0.0010643627610988915,0.0010817707443493418,1.2280000000000001e-06,0.0009689287981018424
615,0.002732885885052383,0.0010243158612865955,0.001082575043255929,1.23e-06,0.0009689287981018424
616,0.0027790370804723352,0.0010411383045720868,0.0010866958618862554,1.232e-06,0.0009689287981018424
617,0.002732064895099029,0.001075732427125331,0.0010264432785334066,1.234e-06,0.0009689287981018424
618,0.002689360291697085,0.0010380441817687824,0.0010911219724221155,1.2360000000000001e-06,0.0009689287981018424
619,0.002787007804727182,0.001085298201360274,0.0010547393758315593,1.238e-06,0.0009689287981018424
620,0.002762267249636352,0.0010662355489330366,0.0010160303063457832,1.2400000000000002e-06,0.0009689287981018424
621,0.002713684079935774,0.0010125171465915628,0.0010049451302620582,1.2420000000000001e-06,0.0009689287981018424
622,0.0028247804439160973,0.0010746391271823086,0.0009885664258035831,1.244e-06,0.0009689287981018424
623,0.0025329109048470855,0.00098098668968305,0.0010511948057683185,1.246e-06,0.0009689287981018424
624,0.002608123322715983,0.001108353833842557,0.001015628789900802,1.2480000000000002e-06,0.0009689287981018424
625,0.002646246808581054,0.0010162494872929528,0.001092277278075926,1.25e-06,0.0009689287981018424
626,0.0026139710389543325,0.0010791393942781724,0.0010687970134313218,1.2520000000000003e-06,0.0009689287981018424
627,0.0027557466237340122,0.0011573774900170974,0.0011570890637813136,1.254e-06,0.0009689287981018424
628,0.0027463762962725013,0.0010621240362524986,0.0010293490049662068,1.2560000000000001e-06,0.0009689287981018424
629,0.002794613945297897,0.0010686876921681687,0.0009762174886418507,1.258e-06,0.0009689287981018424
630,0.0025358325510751456,0.0009760349421412684,0.001020152347336989,1.2600000000000002e-06,0.0009689287981018424
631,0.0026059109368361533,0.0010357207211200148,0.0010237749738735147,1.2620000000000002e-06,0.0009689287981018424
632,0.0025675546494312584,0.0011169488716404885,0.001039481008774601,1.264e-06,0.0009689287981018424
633,0.0024839512770995498,0.0010585243435343727,0.0010538477145018987,1.266e-06,0.0009689287981018424
634,0.0025616524508222938,0.0009639775453251787,0.0010104871544172056,1.268e-06,0.0009689287981018424
635,0.0026479037187527865,0.0011070198816014454,0.0009433086233912036,1.2700000000000001e-06,0.0009639775453251787
636,0.0025467017258051783,0.001002930584945716,0.0010900153502007015,1.272e-06,0.0009639775453251787
637,0.0025322338042315096,0.0009622001380193979,0.000982887802820187,1.2740000000000002e-06,0.0009639775453251787
638,0.002581166132586077,0.001029884282615967,0.0009953996413969435,1.2760000000000001e-06,0.0009622001380193979
639,0.0025228176673408598,0.0011103758442914113,0.0010436795637360774,1.278e-06,0.0009622001380193979
640,0.0026913713372778147,0.0010727649205364287,0.001036010478856042,1.28e-06,0.0009622001380193979
641,0.0026629227795638144,0.0009319864766439423,0.0009703607938718051,1.2820000000000002e-06,0.0009622001380193979
642,0.002599737956188619,0.0011246547073824331,0.0009649756975704804,1.2840000000000001e-06,0.0009319864766439423
643,0.00251933911931701,0.0009833975782385096,0.001067202552803792,1.2860000000000003e-06,0.0009319864766439423
644,0.0025319239066448063,0.001131958983023651,0.0010221365082543343,1.288e-06,0.0009319864766439423
645,0.002519462344935164,0.0010286882679793052,0.0010187452062382363,1.2900000000000001e-06,0.0009319864766439423
646,0.0025626163405831903,0.0009689632497611456,0.001020086754579097,1.292e-06,0.0009319864766439423
647,0.0025841477909125388,0.0009583230785210617,0.000978760544967372,1.2940000000000002e-06,0.0009319864766439423
648,0.002556943625677377,0.000996859118458815,0.0009435224128537811,1.2960000000000002e-06,0.0009319864766439423
649,0.0024715298786759377,0.0009334686328656971,0.0010822464246302843,1.2980000000000001e-06,0.0009319864766439423
650,0.002400806697551161,0.0010205607322859578,0.0009869309797068126,1.3e-06,0.0009319864766439423
651,0.002366116736084223,0.0009777304949238896,0.0009925654594553635,1.302e-06,0.0009319864766439423
652,0.0024599057505838573,0.0010598934386507608,0.0009333140042144805,1.3040000000000001e-06,0.0009319864766439423
653,0.0026889915752690285,0.0009731717509566806,0.0009842264116741717,1.306e-06,0.0009319864766439423
654,0.002546787087339908,0.0010004079813370481,0.0009564522551954724,1.3080000000000002e-06,0.0009319864766439423
655,0.00251728089642711,0.000994064197584521,0.0009833125586737879,1.31e-06,0.0009319864766439423
656,0.0023986090382095426,0.0009511735042906366,0.0009642491568229161,1.312e-06,0.0009319864766439423
657,0.0024406130833085626,0.0010681574058253318,0.0010609964228933677,1.314e-06,0.0009319864766439423
658,0.0025922334752976894,0.0009096351423067972,0.0009458097410970367,1.3160000000000002e-06,0.0009319864766439423
659,0.0026639093703124672,0.001035673005389981,0.0009713319304864854,1.3180000000000001e-06,0.0009096351423067972
660,0.0025586880510672927,0.0009898981734295376,0.0009911049346555956,1.32e-06,0.0009096351423067972
661,0.0025242255069315434,0.0010829822640516795,0.0009914963084156625,1.322e-06,0.0009096351423067972
662,0.0025161220983136445,0.0009756657527759671,0.0010894447405007668,1.3240000000000002e-06,0.0009096351423067972
663,0.0024947217025328428,0.0009792483906494454,0.0010054353551822715,1.326e-06,0.0009096351423067972
664,0.0026254882977809757,0.0009757139050634578,0.000947138832998462,1.3280000000000002e-06,0.0009096351423067972
665,0.0024072735977824777,0.0010014226791099645,0.0009741195681272075,1.3300000000000002e-06,0.0009096351423067972
666,0.002518551191315055,0.0010149418230867013,0.0009927739811246283,1.3320000000000001e-06,0.0009096351423067972
667,0.002608173235785216,0.0010438725075800903,0.0009672127562225796,1.334e-06,0.0009096351423067972
668,0.002477023866958916,0.0010191265173489228,0.0010220768017461523,1.336e-06,0.0009096351423067972
669,0.002539672830607742,0.0009504111076239496,0.0010069034324260429,1.3380000000000001e-06,0.0009096351423067972
670,0.0026479830557946116,0.0010614941056701355,0.0009564217180013657,1.34e-06,0.0009096351423067972
671,0.0026489596348255873,0.0009907387066050433,0.0009338131421827711,1.3420000000000002e-06,0.0009096351423067972
672,0.002471833722665906,0.0010143249019165523,0.0009961805699276738,1.344e-06,0.0009096351423067972
673,0.002401381585514173,0.0009917525894707069,0.0010724285020842217,1.3460000000000001e-06,0.0009096351423067972
674,0.0024647078826092184,0.000999539319309406,0.0009984389980672859,1.348e-06,0.0009096351423067972
675,0.0024812302726786584,0.0009568848254275508,0.0011486298535601236,1.3500000000000002e-06,0.0009096351423067972
676,0.0025173696922138333,0.0009661757285357453,0.0009581071717548184,1.3520000000000001e-06,0.0009096351423067972
677,0.0023127308231778443,0.0008891344186849892,0.0009977761001209728,1.354e-06,0.0009096351423067972
678,0.0025514231820125133,0.0009053390313056298,0.0009522894761175849,1.356e-06,0.0008891344186849892
679,0.0024626884260214865,0.0009757493462529965,0.0008937193706515245,1.3580000000000002e-06,0.0008891344186849892
680,0.002277406194480136,0.000991064152913168,0.0009758379601407796,1.3600000000000001e-06,0.0008891344186849892
681,0.002500672620953992,0.0009836678364081308,0.0009880927900667302,1.3620000000000003e-06,0.0008891344186849892
682,0.0024985077616292983,0.0010380823950981721,0.0010305546747986227,1.3640000000000002e-06,0.0008891344186849892
683,0.0023854706378187984,0.0010827175210579298,0.0010246821693726815,1.366e-06,0.0008891344186849892
684,0.0024537626304663718,0.0009646415273891762,0.0008765700331423432,1.368e-06,0.0008891344186849892
685,0.00229990400839597,0.0009358233655802906,0.0009735962375998497,1.37e-06,0.0008891344186849892
686,0.002359645761316642,0.0009769228854565881,0.0009250235452782363,1.3720000000000002e-06,0.0008891344186849892
687,0.0024842493585310876,0.0009982438132283278,0.001054846950864885,1.374e-06,0.0008891344186849892
688,0.002512639097403735,0.0009250708753825165,0.001007059880066663,1.376e-06,0.0008891344186849892
689,0.002442991273710504,0.0010036924359155819,0.0009486064300290309,1.378e-06,0.0008891344186849892
690,0.0023583760485053062,0.0009477496496401727,0.0008830384031170979,1.3800000000000001e-06,0.0008891344186849892
691,0.002362436964176595,0.00095487945509376,0.0010309339850209653,1.382e-06,0.0008891344186849892
692,0.002422473451588303,0.0007933172091725282,0.0009584995204932056,1.3840000000000002e-06,0.0008891344186849892
693,0.0023321326298173517,0.0010019572800956666,0.0009058901414391585,1.3860000000000002e-06,0.0007933172091725282
694,0.0024275562609545887,0.001039010014210362,0.0009113219857681543,1.388e-06,0.0007933172091725282
695,0.0025021011533681303,0.0009392514402861707,0.0009611939749447629,1.39e-06,0.0007933172091725282
696,0.002517133892979473,0.0009037593699758872,0.0010126342240255326,1.3920000000000002e-06,0.0007933172091725282
697,0.002228118188213557,0.0009240746367140673,0.0009537736623315141,1.3940000000000001e-06,0.0007933172091725282
698,0.0023960033722687513,0.0009066968486877158,0.0009595721057849005,1.3960000000000003e-06,0.0007933172091725282
699,0.002453991153743118,0.0009933740075211972,0.0010229718682239763,1.3980000000000002e-06,0.0007933172091725282
700,0.002321012143511325,0.0010414585340186022,0.000875673045811709,1.4e-06,0.0007933172091725282
701,0.0024030541826505214,0.0010222157070529647,0.00100795688922517,1.402e-06,0.0007933172091725282
702,0.0024045286991167814,0.0009592563583282754,0.0009109566963161342,1.404e-06,0.0007933172091725282
703,0.0023463453399017453,0.0008639297593617812,0.0010314883475075476,1.4060000000000002e-06,0.0007933172091725282
704,0.00236849210341461,0.0009893744645523839,0.0009652828084654175,1.4080000000000001e-06,0.0007933172091725282
705,0.0024667165416758507,0.0009817040845518932,0.0009743217888171785,1.41e-06,0.0007933172091725282
706,0.002544637885876,0.000985286766081117,0.0009351381886517629,1.412e-06,0.0007933172091725282
707,0.002484522294253111,0.0009643068988225423,0.0009463295573368669,1.4140000000000001e-06,0.0007933172091725282
708,0.0024350814055651426,0.0009634823145461269,0.0008824476244626567,1.416e-06,0.0007933172091725282
709,0.0023965059081092477,0.0010909259144682437,0.0008982937069959007,1.4180000000000002e-06,0.0007933172091725282
710,0.0025979540951084346,0.0009601971469237469,0.0010386801877757534,1.4200000000000002e-06,0.0007933172091725282
711,0.0024353648477699608,0.0010096382393385284,0.0009922409735736437,1.4220000000000001e-06,0.0007933172091725282
712,0.0025772624067030847,0.0009187160540022887,0.0010176877840422094,1.424e-06,0.0007933172091725282
713,0.0024656043970026076,0.0009003921149997041,0.0009026743937283754,1.4260000000000002e-06,0.0007933172091725282
714,0.002439446107018739,0.0009611451605451293,0.0009398144247825257,1.4280000000000001e-06,0.0007933172091725282
715,0.0022273899521678686,0.0009577735254424624,0.0009720036105136387,1.4300000000000003e-06,0.0007933172091725282
716,0.002387553366133943,0.0009275544143747538,0.0008942284839577042,1.432e-06,0.0007933172091725282
717,0.002479095506714657,0.0009619074699003249,0.0009451474470552057,1.434e-06,0.0007933172091725282
718,0.002203820607974194,0.0010308783530490473,0.0009426804026588798,1.436e-06,0.0007933172091725282
719,0.002375761774601415,0.0009412409854121506,0.0009579354009474628,1.438e-06,0.0007933172091725282
720,0.0023958378878887743,0.000894774726475589,0.000987474893918261,1.4400000000000002e-06,0.0007933172091725282
721,0.0022567085979972035,0.0008677970472490415,0.0010124716718564741,1.4420000000000001e-06,0.0007933172091725282
722,0.0023381934443023056,0.0008729546389076859,0.0008959521510405466,1.444e-06,0.0007933172091725282
723,0.0025112433795584366,0.0009465882540098391,0.0009829925693338737,1.446e-06,0.0007933172091725282
724,0.002399468532530591,0.0009478012361796573,0.0009070020314538851,1.4480000000000002e-06,0.0007933172091725282
725,0.002483389078406617,0.000916133685677778,0.000971008965279907,1.45e-06,0.0007933172091725282
726,0.0023283426417037845,0.000908528541913256,0.0009413318548467942,1.4520000000000002e-06,0.0007933172091725282
727,0.002490934857632965,0.0009505911148153245,0.0010453127906657755,1.4540000000000002e-06,0.0007933172091725282
728,0.0023653700191061944,0.0008987516339402646,0.0009828654292505234,1.4560000000000001e-06,0.0007933172091725282
729,0.002103369071846828,0.0009080228046514094,0.0009802395725273527,1.458e-06,0.0007933172091725282
730,0.0023978230310603976,0.0009909516738844104,0.0010422293926239945,1.4600000000000002e-06,0.0007933172091725282
731,0.002401083504082635,0.0009363801873405464,0.001002059696475044,1.4620000000000001e-06,0.0007933172091725282
732,0.0023569493496324867,0.0009028897329699248,0.0009141108166659251,1.4640000000000003e-06,0.0007933172091725282
733,0.0023188336053863168,0.0009325583523605019,0.0009505196067038924,1.466e-06,0.0007933172091725282
734,0.0024304213729919866,0.0009812782445806079,0.000918825353437569,1.468e-06,0.0007933172091725282
735,0.002352012845221907,0.0009530757597531192,0.0009528093360131606,1.4700000000000001e-06,0.0007933172091725282
736,0.0022611463500652462,0.0009719014196889475,0.0009179870176012628,1.472e-06,0.0007933172091725282
737,0.0024163135967683047,0.0009361663178424351,0.0009319244345533662,1.4740000000000002e-06,0.0007933172091725282
738,0.002379833982558921,0.0010488552870810963,0.000885311070305761,1.4760000000000001e-06,0.0007933172091725282
739,0.002221646936959587,0.0009823402797337621,0.0009167611133307219,1.478e-06,0.0007933172091725282
740,0.002316651225555688,0.000963933409366291,0.0010701303908717819,1.48e-06,0.0007933172091725282
741,0.0022657554218312725,0.0009274596741306596,0.0009329514505225234,1.4820000000000002e-06,0.0007933172091725282
742,0.0021790071041323245,0.0008505516379955225,0.0009959685921785422,1.4840000000000001e-06,0.0007933172091725282
743,0.0024066915502771735,0.0009411302889930084,0.000991931876342278,1.4860000000000003e-06,0.0007933172091725282
744,0.0022631080501014367,0.0009587597669451497,0.0008702171326149255,1.488e-06,0.0007933172091725282
745,0.0024819571408443153,0.0009910663939081132,0.0009582116108504124,1.4900000000000001e-06,0.0007933172091725282
746,0.0023631611838936806,0.000948715940467082,0.000893344906216953,1.492e-06,0.0007933172091725282
747,0.002379042125539854,0.0009505773996352218,0.0009022147569339722,1.4940000000000002e-06,0.0007933172091725282
748,0.0022664405696559697,0.000970322304056026,0.0009388989274157211,1.4960000000000002e-06,0.0007933172091725282
749,0.002396335970843211,0.0010653596837073565,0.0009157766980933957,1.498e-06,0.0007933172091725282
750,0.002252173435408622,0.0008808901839074679,0.0009245344990631565,1.5e-06,0.0007933172091725282
751,0.002144768717698753,0.0009389278493472375,0.0009247562411474064,1.502e-06,0.0007933172091725282
752,0.0022879484458826482,0.0008790785650489852,0.0009242804153473116,1.5040000000000001e-06,0.0007933172091725282
753,0.0023389239795506,0.0009441125730518252,0.000917919802304823,1.506e-06,0.0007933172091725282
754,0.0022936507302802056,0.0007957593697938137,0.0008813041640678421,1.5080000000000002e-06,0.0007933172091725282
755,0.0021842665737494826,0.000904526656086091,0.0010560270384303294,1.5100000000000002e-06,0.0007933172091725282
756,0.0023004927206784487,0.0008713308343430981,0.0009763005800778046,1.512e-06,0.0007933172091725282
757,0.002212601582868956,0.0008878732332959771,0.0008959856495494023,1.514e-06,0.0007933172091725282
758,0.001999613581574522,0.0008764992453507148,0.0008993558149086311,1.5160000000000002e-06,0.0007933172091725282
759,0.0023272856196854264,0.0008746155654080212,0.0009407981124240905,1.5180000000000001e-06,0.0007933172091725282
760,0.0024768100411165506,0.0009629353444324806,0.0010433387724333443,1.5200000000000003e-06,0.0007933172091725282
761,0.0022642446565441787,0.0009366450613015331,0.0009099772360059433,1.522e-06,0.0007933172091725282
762,0.0023057491634972394,0.0009618358162697405,0.0008870903620845638,1.5240000000000001e-06,0.0007933172091725282
763,0.0022850495006423444,0.0009106226498261094,0.0009884779938147403,1.526e-06,0.0007933172091725282
764,0.002248111559310928,0.0008729510664124973,0.0009157686436083168,1.5280000000000002e-06,0.0007933172091725282
765,0.0023721056641079485,0.0009248407950508408,0.0009368893806822598,1.5300000000000002e-06,0.0007933172091725282
766,0.0022192257019924,0.0008813530730549246,0.0009451580335735343,1.5320000000000001e-06,0.0007933172091725282
767,0.002244832183350809,0.0009767247756826691,0.0009256171761080623,1.534e-06,0.0007933172091725282
768,0.0023552904021926224,0.0008249346501543187,0.0009319227465311997,1.5360000000000002e-06,0.0007933172091725282
769,0.0022738710104022175,0.0008764121885178611,0.0010078708728542551,1.5380000000000001e-06,0.0007933172091725282
770,0.002309128554770723,0.0008858282744768076,0.0008720654077478684,1.54e-06,0.0007933172091725282
771,0.0023982139682630077,0.0008452290057903156,0.0009017929260153323,1.5420000000000002e-06,0.0007933172091725282
772,0.00224154963507317,0.0008250739847426303,0.0008865349009283818,1.544e-06,0.0007933172091725282
773,0.002212287625297904,0.0008486798615194857,0.0009152895654551685,1.546e-06,0.0007933172091725282
774,0.002449687570333481,0.0008349154377356172,0.001002088829409331,1.548e-06,0.0007933172091725282
775,0.0022231801704037935,0.0008910585238481872,0.0009646721809986047,1.5500000000000002e-06,0.0007933172091725282
776,0.0023140306293498725,0.0009275064876419492,0.0009636250833864324,1.5520000000000001e-06,0.0007933172091725282
777,0.002093580740620382,0.0010952074298984371,0.0009476869599893689,1.554e-06,0.0007933172091725282
778,0.0021386955631896853,0.0009670758299762383,0.000972681307757739,1.556e-06,0.0007933172091725282
779,0.0022009813401382416,0.0009603514336049557,0.0009250055154552683,1.5580000000000002e-06,0.0007933172091725282
780,0.002210055972682312,0.0009785216752788983,0.0009367207894683816,1.56e-06,0.0007933172091725282
781,0.0022229519818210974,0.000954721042944584,0.0008625550253782421,1.5620000000000002e-06,0.0007933172091725282
782,0.00227933275164105,0.0009334256246802397,0.0009479451910010539,1.5640000000000002e-06,0.0007933172091725282
783,0.0021945827320450917,0.0008429584631812759,0.0009491942910244688,1.5660000000000001e-06,0.0007933172091725282
784,0.002151541964849457,0.0009262388048227876,0.0009985182696254924,1.5680000000000003e-06,0.0007933172091725282
785,0.0022758227423764765,0.000868889044795651,0.0009572312264936045,1.5700000000000002e-06,0.0007933172091725282
786,0.0023317668674280867,0.0008789836574578658,0.0009195098173222505,1.5720000000000002e-06,0.0007933172091725282
787,0.0023039763036649674,0.0009041651210281998,0.0008884550188668072,1.574e-06,0.0007933172091725282
788,0.00210039118246641,0.00087034788884921,0.0009071914464584552,1.576e-06,0.0007933172091725282
789,0.0022800949082011357,0.0008684132262715138,0.0009365093501401134,1.5780000000000002e-06,0.0007933172091725282
790,0.0021147403022041544,0.0010125781482202,0.0009711269012768753,1.5800000000000001e-06,0.0007933172091725282
791,0.0023118814278859645,0.0009085366982617415,0.0009159146575257182,1.582e-06,0.0007933172091725282
792,0.0022956438187975436,0.0009307973305112682,0.0010113645694218576,1.584e-06,0.0007933172091725282
793,0.0021218449401203543,0.0008987052497104742,0.0009912876557791606,1.5860000000000004e-06,0.0007933172091725282
794,0.002291907454491593,0.000875475539942272,0.0008676450961502269,1.588e-06,0.0007933172091725282
795,0.0022439104213844985,0.0008796594192972407,0.0010248518956359476,1.59e-06,0.0007933172091725282
796,0.002179361617891118,0.0008439541779807769,0.0009268299472751096,1.592e-06,0.0007933172091725282
797,0.0022845263010822237,0.0009193148071062751,0.0009573004572303034,1.5940000000000003e-06,0.0007933172091725282
798,0.0022455812577391043,0.0009250476578017697,0.0009471642697462812,1.5960000000000003e-06,0.0007933172091725282
799,0.0021995314164087176,0.0008278715467895381,0.0008456945288344286,1.5980000000000002e-06,0.0007933172091725282
800,0.0022356939734891057,0.0009279720325139351,0.0008557452820241451,1.6e-06,0.0007933172091725282
801,0.002266747207613662,0.0008983527441159822,0.0009256919729523361,1.6020000000000003e-06,0.0007933172091725282
802,0.0021860081469640136,0.0008992751536425203,0.0009043112877407111,1.6040000000000002e-06,0.0007933172091725282
803,0.0021377430093707517,0.000838366016978398,0.0009678104033810087,1.6060000000000002e-06,0.0007933172091725282
804,0.002281321241753176,0.0009310561144957319,0.0009466495539527386,1.608e-06,0.0007933172091725282
805,0.0022577817435376346,0.0009377084934385493,0.0009791019692784175,1.61e-06,0.0007933172091725282
806,0.0022098002082202584,0.0009547176232445054,0.0009128477395279333,1.6120000000000002e-06,0.0007933172091725282
807,0.0023814811429474503,0.0009479034342803061,0.0009200367785524577,1.6140000000000001e-06,0.0007933172091725282
808,0.002125323168002069,0.0008859096051310189,0.0009292671311413869,1.616e-06,0.0007933172091725282
809,0.0020799841586267576,0.0010041052155429497,0.0008619793807156384,1.618e-06,0.0007933172091725282
810,0.0023039394000079483,0.0009214972087647766,0.0008679939273861237,1.6200000000000002e-06,0.0007933172091725282
811,0.0020509668975137174,0.0008102451538434252,0.0008900393222575076,1.622e-06,0.0007933172091725282
812,0.0020952992053935304,0.0008037303123273887,0.0009664737444836646,1.624e-06,0.0007933172091725282
813,0.0024290089204441756,0.0008816771369311027,0.0009146301890723407,1.626e-06,0.0007933172091725282
814,0.0022242944105528295,0.0009370565458084457,0.0009149594188784249,1.6280000000000003e-06,0.0007933172091725282
815,0.002147042760043405,0.0009066309794434346,0.0008604228205513209,1.6300000000000003e-06,0.0007933172091725282
816,0.002100709709338844,0.0008341276843566447,0.0009345146318082698,1.6320000000000002e-06,0.0007933172091725282
817,0.0020284297497710213,0.0009978341477108188,0.0009558843885315582,1.634e-06,0.0007933172091725282
818,0.002262828405946493,0.0008670064562465996,0.0008560868227505125,1.6360000000000003e-06,0.0007933172091725282
819,0.0023130284680519253,0.0009259802754968405,0.0008271620099549182,1.6380000000000002e-06,0.0007933172091725282
820,0.0021998963929945603,0.0008209461375372484,0.000963744503678754,1.6400000000000002e-06,0.0007933172091725282
821,0.0020870313746854663,0.000999855277768802,0.0008741052224650048,1.6420000000000001e-06,0.0007933172091725282
822,0.0020971613412257284,0.0008412025708821602,0.0009321633770014159,1.644e-06,0.0007933172091725282
823,0.0022594211623072624,0.0009086652135010809,0.0010078279083245434,1.6460000000000002e-06,0.0007933172091725282
824,0.002123404497979209,0.0008963714935816824,0.0008324660011567175,1.6480000000000001e-06,0.0007933172091725282
825,0.0022086521348683164,0.0009142815979430452,0.0009260175575036556,1.65e-06,0.0007933172091725282
826,0.002188298851251602,0.0009494579280726612,0.0008780641510384157,1.652e-06,0.0007933172091725282
827,0.0020158519473625347,0.0008093271680991165,0.0008865941490512341,1.6540000000000002e-06,0.0007933172091725282
828,0.0023774680448696017,0.0008713971692486666,0.0009262786552426405,1.6560000000000001e-06,0.0007933172091725282
829,0.0021191998530412093,0.0008521946219843812,0.0008720375917619094,1.658e-06,0.0007933172091725282
830,0.0021974737610435113,0.0008925812508095987,0.0009117326044361107,1.66e-06,0.0007933172091725282
831,0.0021204338845564052,0.0009339000243926421,0.000903420033864677,1.6620000000000004e-06,0.0007933172091725282
832,0.002066218148684129,0.0009587973981979303,0.000865413952851668,1.6640000000000003e-06,0.0007933172091725282
833,0.0022046438534744084,0.0009915154369082302,0.0010426972148707137,1.666e-06,0.0007933172091725282
834,0.002138032141374424,0.0008433500770479441,0.0009320636017946526,1.668e-06,0.0007933172091725282
835,0.002009018528042361,0.0008449105007457547,0.0009439304194529541,1.6700000000000003e-06,0.0007933172091725282
836,0.002028705770499073,0.0009140300317085348,0.0008957569807535037,1.6720000000000003e-06,0.0007933172091725282
837,0.00215552125882823,0.000956939889874775,0.0008583113303757273,1.6740000000000002e-06,0.0007933172091725282
838,0.0022248518507694826,0.0008623838439234532,0.0009673715103417635,1.6760000000000001e-06,0.0007933172091725282
839,0.002279166175867431,0.0008958302860264666,0.0009252681120415218,1.678e-06,0.0007933172091725282
840,0.0019401674217078835,0.0008733840149943717,0.0008961670391727239,1.6800000000000002e-06,0.0007933172091725282
841,0.002328134229173884,0.0008607568815932609,0.0008566928809159435,1.6820000000000002e-06,0.0007933172091725282
842,0.0021972025861032307,0.0009504139015916735,0.0008174030444934033,1.684e-06,0.0007933172091725282
843,0.002145094666047953,0.0008199697404052131,0.0008211427921196446,1.686e-06,0.0007933172091725282
844,0.0020995442173443735,0.0009559986356180161,0.0009426365213585086,1.6880000000000002e-06,0.0007933172091725282
845,0.0020631474326364696,0.00099449377739802,0.0007775037593091838,1.6900000000000001e-06,0.0007933172091725282
846,0.002045844288659282,0.0009211179276462644,0.000923209088796284,1.692e-06,0.0007933172091725282
847,0.0021030452917329967,0.0008437583237537183,0.0009212405420839787,1.694e-06,0.0007933172091725282
848,0.0021065971814095974,0.0009224709574482404,0.001097374602977652,1.6960000000000004e-06,0.0007933172091725282
849,0.0022089701087679714,0.0008771534339757636,0.0008567656695959158,1.6980000000000003e-06,0.0007933172091725282
850,0.0020366014941828325,0.000876954807608854,0.0008157342672348022,1.7e-06,0.0007933172091725282
851,0.002100733225233853,0.0009194722952088341,0.0008960749619291164,1.702e-06,0.0007933172091725282
852,0.002091419228236191,0.0008820681323413737,0.0008902370173018426,1.7040000000000003e-06,0.0007933172091725282
853,0.0020896980131510645,0.0008222288961405866,0.0008171117297024466,1.7060000000000003e-06,0.0007933172091725282
854,0.002191400999436155,0.000875276091392152,0.000896661716978997,1.7080000000000002e-06,0.0007933172091725282
855,0.0021488153433892876,0.0008606510964455083,0.000850642827572301,1.7100000000000001e-06,0.0007933172091725282
856,0.0021634894801536575,0.0009324362254119478,0.0008840750379022211,1.712e-06,0.0007933172091725282
857,0.002120470686350018,0.0009401343631907366,0.0008756306415307336,1.7140000000000002e-06,0.0007933172091725282
858,0.0019233312923461199,0.0009841959617915563,0.0008400563820032403,1.7160000000000002e-06,0.0007933172091725282
859,0.0020901781681459397,0.0008361986838281155,0.0008907769952202216,1.7180000000000001e-06,0.0007933172091725282
860,0.00222337176091969,0.0009388307080371305,0.0008732147616683505,1.72e-06,0.0007933172091725282
861,0.0021170906111365184,0.0008447596555924974,0.000870402596774511,1.7220000000000002e-06,0.0007933172091725282
862,0.0019302735454402864,0.0008630556912976317,0.0009340613687527366,1.7240000000000001e-06,0.0007933172091725282
863,0.0020263601327314973,0.0008478666059090756,0.0009473103855270892,1.726e-06,0.0007933172091725282
864,0.002086386244627647,0.0010244966251775622,0.0009759207023307681,1.728e-06,0.0007933172091725282
865,0.002084359322907403,0.000852668730658479,0.0008559132402297109,1.7300000000000004e-06,0.0007933172091725282
866,0.001935747204697691,0.0009849254638538696,0.0008971198694780469,1.732e-06,0.0007933172091725282
867,0.0021173755958443508,0.000847351060656365,0.0009219382045557722,1.734e-06,0.0007933172091725282
868,0.002300362044479698,0.0009667481936048716,0.0009206775939674117,1.736e-06,0.0007933172091725282
869,0.0018719156651059166,0.0008026824871194549,0.0009336763177998364,1.7380000000000003e-06,0.0007933172091725282
870,0.0020661345042753965,0.0008211806416511536,0.0009104195924010128,1.7400000000000003e-06,0.0007933172091725282
871,0.002133023241185583,0.0008708157474757172,0.0009170196135528386,1.7420000000000002e-06,0.0007933172091725282
872,0.0019997546187369153,0.0008857716966303997,0.0008946589077822864,1.7440000000000002e-06,0.0007933172091725282
873,0.0019129913271171972,0.0008300642148242332,0.0009003424129332416,1.7459999999999999e-06,0.0007933172091725282
874,0.00202490585797932,0.0009730153906275518,0.0008604316026321612,1.7480000000000002e-06,0.0007933172091725282
875,0.001876256734249182,0.0008994081654236652,0.0009414788873982616,1.7500000000000002e-06,0.0007933172091725282
876,0.002029157549259253,0.0008661655083415098,0.0009515412530163303,1.7520000000000001e-06,0.0007933172091725282
877,0.0020084210846107453,0.0009987247685785405,0.0009903626851155423,1.754e-06,0.0007933172091725282
878,0.001966527765034698,0.0008665615896461532,0.0008419187506660819,1.7560000000000002e-06,0.0007933172091725282
879,0.002019400053541176,0.0008971199567895383,0.0008545484452042729,1.7580000000000002e-06,0.0007933172091725282
880,0.002011019838391803,0.000897800739039667,0.0009476937411818653,1.76e-06,0.0007933172091725282
881,0.0021772574400529265,0.0009693208485259674,0.0007929881830932572,1.762e-06,0.0007933172091725282
882,0.0021333949407562613,0.0008359592247870751,0.0008707570668775588,1.7640000000000004e-06,0.0007933172091725282
883,0.002023325432674028,0.00100470246252371,0.0008943034772528335,1.7660000000000001e-06,0.0007933172091725282
884,0.002196951274527237,0.0009080730233108625,0.0008829789658193476,1.768e-06,0.0007933172091725282
885,0.0021103250182932243,0.0009551541661494412,0.0009142124908976257,1.77e-06,0.0007933172091725282
886,0.0019702724675880745,0.000919342775887344,0.0008622015375294723,1.7720000000000004e-06,0.0007933172091725282
887,0.0020347697427496314,0.0008878287626430392,0.000813250859209802,1.7740000000000003e-06,0.0007933172091725282
888,0.002036684876657091,0.000899482962267939,0.0009501297172391787,1.7760000000000002e-06,0.0007933172091725282
889,0.001997560480958782,0.0008334043377544731,0.000924272695556283,1.7780000000000002e-06,0.0007933172091725282
890,0.0019446893566055223,0.0009648054183344357,0.0008098676189547405,1.78e-06,0.0007933172091725282
891,0.001956396794412285,0.0009688407080830075,0.0009925999474944547,1.7820000000000003e-06,0.0007933172091725282
892,0.0020669314690167084,0.0009171849669655785,0.0009107226942433044,1.7840000000000002e-06,0.0007933172091725282
893,0.0020334342116257176,0.0008634649784653448,0.0009308289590990171,1.7860000000000001e-06,0.0007933172091725282
894,0.0020190696377540007,0.000851564749609679,0.0009603025609976612,1.788e-06,0.0007933172091725282
895,0.0019588977738749236,0.0009113727501244284,0.0008791145955910906,1.7900000000000002e-06,0.0007933172091725282
896,0.002065210457658395,0.000840105814859271,0.0008491658372804523,1.7920000000000002e-06,0.0007933172091725282
897,0.001969069358892739,0.0009240061845048331,0.0008414154144702479,1.794e-06,0.0007933172091725282
898,0.0019962021469837055,0.0009081460011657327,0.0008936750891734846,1.796e-06,0.0007933172091725282
899,0.00200174399651587,0.0009104687414946966,0.000842338842630852,1.7980000000000002e-06,0.0007933172091725282
900,0.0018047170160571113,0.0009793087228899822,0.0009589138135197572,1.8000000000000001e-06,0.0007933172091725282
901,0.0020425816328497604,0.0009853755327640101,0.0009043905229191296,1.802e-06,0.0007933172091725282
902,0.00196349696489051,0.000789022131357342,0.0008645648049423471,1.804e-06,0.0007933172091725282
903,0.002112840404151939,0.0008577306871302426,0.0010040333363576792,1.8060000000000004e-06,0.000789022131357342
904,0.0019524678064044565,0.0008136706674122252,0.0007849207759136334,1.8080000000000003e-06,0.000789022131357342
905,0.002020272077061236,0.0008617069470346905,0.0009081287207663991,1.8100000000000002e-06,0.000789022131357342
906,0.0020623639138648286,0.0009201618740917183,0.0009754318671184592,1.812e-06,0.000789022131357342
907,0.0020851959416177124,0.0008354931123903953,0.0009124100251938216,1.814e-06,0.000789022131357342
908,0.0020549635955831036,0.0008806526020634919,0.0008852508617565036,1.8160000000000003e-06,0.000789022131357342
909,0.0020742099586641416,0.0008932146374718286,0.0009940710951923393,1.8180000000000002e-06,0.000789022131357342
910,0.0019440873438725248,0.0008881357862264849,0.0008580310095567256,1.8200000000000002e-06,0.000789022131357342
911,0.0020385058160172775,0.0009371800333610736,0.0009308342559961602,1.822e-06,0.000789022131357342
912,0.00196890631923452,0.0009098887821892276,0.0008591731675551273,1.8240000000000002e-06,0.000789022131357342
913,0.002005271482630633,0.000946527230553329,0.0009084043194889091,1.8260000000000002e-06,0.000789022131357342
914,0.002058233119896613,0.0008265076612588018,0.0008674485943629406,1.8280000000000001e-06,0.000789022131357342
915,0.0020468567381612957,0.0008735548981348984,0.0009798434766707942,1.83e-06,0.000789022131357342
916,0.0020066490687895566,0.0008663471235195175,0.0009233052696799859,1.8320000000000002e-06,0.000789022131357342
917,0.0019413158734096214,0.0009462270099902526,0.000978139003564138,1.8340000000000001e-06,0.000789022131357342
918,0.001979432607186027,0.0009152502680080943,0.0008793441520538181,1.836e-06,0.000789022131357342
919,0.001956345615326427,0.0008971734059741721,0.0008284430805360898,1.838e-06,0.000789022131357342
920,0.0018689635035116225,0.0008730830741114914,0.000895108598342631,1.8400000000000004e-06,0.000789022131357342
921,0.0019415847928030416,0.0008643734327051789,0.0008831555242068134,1.8420000000000003e-06,0.000789022131357342
922,0.0019321759173180908,0.0008218818620662205,0.0008982757499325089,1.844e-06,0.000789022131357342
923,0.0019946191750932485,0.0009543884880258702,0.0009624843223718926,1.846e-06,0.000789022131357342
924,0.0019963273516623303,0.0008189023574232124,0.0008850423328112811,1.848e-06,0.000789022131357342
925,0.0021756833739345893,0.0008152045484166592,0.0008509748804499395,1.8500000000000003e-06,0.000789022131357342
926,0.0018312266183784232,0.0009479014624957927,0.0009424328964087181,1.8520000000000002e-06,0.000789022131357342
927,0.0019316041289130226,0.0010263332369504496,0.000840382264868822,1.8540000000000002e-06,0.000789022131357342
928,0.0020229209621902555,0.0008535617889720015,0.0008995849420898594,1.856e-06,0.000789022131357342
929,0.0019034884608117864,0.0009248058631783351,0.0009130202961387113,1.8580000000000003e-06,0.000789022131357342
930,0.0019499926129356027,0.0009665106845204718,0.000902677325939294,1.8600000000000002e-06,0.000789022131357342
931,0.002072224684525281,0.0008438838849542663,0.0009494969053776003,1.8620000000000001e-06,0.000789022131357342
932,0.0019472257408779114,0.0009212394361384213,0.0009461069930694066,1.864e-06,0.000789022131357342
933,0.0020310588442953303,0.0008837497007334605,0.0008777920447755605,1.8660000000000002e-06,0.000789022131357342
934,0.0019297711260151118,0.0008289149627671577,0.0009964585260604508,1.8680000000000002e-06,0.000789022131357342
935,0.001958855296834372,0.0008316145613207482,0.0009153806022368371,1.87e-06,0.000789022131357342
936,0.001989549069548957,0.0008098198159132153,0.0008574974708608352,1.872e-06,0.000789022131357342
937,0.002027955459197983,0.0008868267250363715,0.0008721259873709641,1.8740000000000004e-06,0.000789022131357342
938,0.002054257391137071,0.0009563919884385541,0.0009086607969948091,1.8760000000000003e-06,0.000789022131357342
939,0.001962410329724662,0.000909173526451923,0.0008485865109832957,1.878e-06,0.000789022131357342
940,0.0019524684466887265,0.000858289233292453,0.0007564711995655671,1.88e-06,0.000789022131357342
941,0.002090845795464702,0.0008643272740300745,0.0008697159646544605,1.882e-06,0.000789022131357342
942,0.001990759279578924,0.0008641913154860958,0.0008575353640480898,1.8840000000000003e-06,0.000789022131357342
943,0.0020000558288302273,0.0008953098513302393,0.0008869513549143448,1.8860000000000002e-06,0.000789022131357342
944,0.0019515652675181627,0.0009755066494108178,0.0008991391150630079,1.8880000000000002e-06,0.000789022131357342
945,0.0018534851988079026,0.0008573991653975099,0.000923933504964225,1.8900000000000001e-06,0.000789022131357342
946,0.0018632645369507372,0.000880254854564555,0.0009161133202724159,1.8920000000000003e-06,0.000789022131357342
947,0.001971072153537534,0.0007784965782775544,0.0008200436277547851,1.8940000000000002e-06,0.000789022131357342
948,0.0020024535770062357,0.0009307049185736105,0.000966732608503662,1.8960000000000001e-06,0.0007784965782775544
949,0.0019414605339989066,0.0008756380120757967,0.0008271244441857561,1.898e-06,0.0007784965782775544
950,0.0019306436297483742,0.0008873574988683686,0.0008775113674346358,1.9000000000000002e-06,0.0007784965782775544
951,0.001894916596938856,0.0008876450738171116,0.0009179097251035273,1.9020000000000002e-06,0.0007784965782775544
952,0.0020373866573208943,0.0008644988338346593,0.0008600359506090172,1.9040000000000001e-06,0.0007784965782775544
953,0.0018093221879098564,0.000922859828278888,0.0008401111626881175,1.906e-06,0.0007784965782775544
954,0.0019633160263765603,0.000880023610079661,0.0009061137534445152,1.908e-06,0.0007784965782775544
955,0.001892895917990245,0.0008290103287436068,0.0009936761343851686,1.9100000000000003e-06,0.0007784965782775544
956,0.0021767516736872494,0.0008401395316468552,0.0007929422135930508,1.912e-06,0.0007784965782775544
957,0.001939803216373548,0.0008433362818323076,0.0008511444320902228,1.9140000000000002e-06,0.0007784965782775544
958,0.0019286493625259027,0.0009633658628445119,0.0007699148627580144,1.916e-06,0.0007784965782775544
959,0.0018216434546047822,0.000953226575802546,0.0008398391219088808,1.918e-06,0.0007784965782775544
960,0.0020292340486776084,0.001011347383609973,0.0009218456252710894,1.9200000000000003e-06,0.0007784965782775544
961,0.0020092111080884933,0.0008472617919323966,0.0009402088180650026,1.922e-06,0.0007784965782775544
962,0.002061970328213647,0.0009526372086838819,0.0008388636852032505,1.924e-06,0.0007784965782775544
963,0.0018851831555366516,0.0009049970249179751,0.0009295394338550977,1.9260000000000003e-06,0.0007784965782775544
964,0.0018106820352841169,0.0008141453145071864,0.0009503955006948672,1.928e-06,0.0007784965782775544
965,0.0020280590979382396,0.000885325061972253,0.0008653405893710442,1.93e-06,0.0007784965782775544
966,0.001866462771431543,0.0008889103482943028,0.000847345290821977,1.932e-06,0.0007784965782775544
967,0.0019611890165833756,0.0008893989361240529,0.0008523962460458279,1.9340000000000005e-06,0.0007784965782775544
968,0.0020561944838846102,0.0008319098633364774,0.0008481903350912035,1.936e-06,0.0007784965782775544
969,0.001990278484299779,0.0008704119536560029,0.000984908539976459,1.9380000000000003e-06,0.0007784965782775544
970,0.0017431167798349634,0.000896367164386902,0.0008874036648194306,1.94e-06,0.0007784965782775544
971,0.0018140274187317118,0.0008221653624786995,0.0008826616322039627,1.942e-06,0.0007784965782775544
972,0.0018648959521669894,0.0007781837048241869,0.0009758908490766771,1.9440000000000004e-06,0.0007784965782775544
973,0.0018897877598647028,0.0007521243314840831,0.000855791789945215,1.946e-06,0.0007781837048241869
974,0.0017318313621217385,0.0008656989084556699,0.0008335820602951571,1.9480000000000002e-06,0.0007521243314840831
975,0.001806010928703472,0.0008612301462562755,0.0009192845391226001,1.95e-06,0.0007521243314840831
976,0.0019273727957624942,0.0008968637339421548,0.0009231170770362951,1.952e-06,0.0007521243314840831
977,0.001915779066621326,0.0008260984395747073,0.000918627149076201,1.9540000000000003e-06,0.0007521243314840831
978,0.001924980475450866,0.0008730214685783722,0.0009016325711854734,1.956e-06,0.0007521243314840831
979,0.0018790411559166387,0.0008950205592554994,0.0008312271747854538,1.958e-06,0.0007521243314840831
980,0.0019424940110184252,0.0008977872930699959,0.0008703441344550811,1.9600000000000003e-06,0.0007521243314840831
981,0.0018840818956959993,0.0008330950222443789,0.0008103328218567185,1.962e-06,0.0007521243314840831
982,0.0019153501052642241,0.0008408888752455823,0.0008543507574358955,1.964e-06,0.0007521243314840831
983,0.001792336392099969,0.0008550402635592036,0.0009335077338619158,1.966e-06,0.0007521243314840831
984,0.002227631412097253,0.000973791531578172,0.000890116767550353,1.9680000000000005e-06,0.0007521243314840831
985,0.001899593640700914,0.0008770031490712427,0.0008354084857273847,1.97e-06,0.0007521243314840831
986,0.0018667870026547462,0.0009082948672585189,0.000848580602905713,1.9720000000000003e-06,0.0007521243314840831
987,0.0018331774044781923,0.0007885037484811619,0.0009288219516747631,1.974e-06,0.0007521243314840831
988,0.00191739562433213,0.0008352826698683202,0.0009124826101469807,1.9760000000000002e-06,0.0007521243314840831
989,0.0018267074192408472,0.0008017228901735507,0.0009081159587367438,1.9780000000000004e-06,0.0007521243314840831
990,0.0018358388042543083,0.0008992161601781845,0.0010541249794187024,1.98e-06,0.0007521243314840831
991,0.001842303856392391,0.0008247857040259987,0.0008539514892618172,1.9820000000000003e-06,0.0007521243314840831
992,0.0017460717499488965,0.0009620719356462359,0.000929782421735581,1.984e-06,0.0007521243314840831
993,0.00186985480831936,0.0008295141014968976,0.0008668705995660275,1.986e-06,0.0007521243314840831
994,0.0018292287131771445,0.0009990475155063905,0.0009102843250730075,1.9880000000000003e-06,0.0007521243314840831
995,0.001891133768367581,0.00091862230328843,0.0008710235488251783,1.99e-06,0.0007521243314840831
996,0.0018354773201281205,0.0008384475077036768,0.0008179492797353305,1.992e-06,0.0007521243314840831
997,0.0019372849055798724,0.0008057802187977359,0.0009034811664605513,1.9940000000000003e-06,0.0007521243314840831
998,0.0018387054442428052,0.0008638759827590548,0.0008461600591544993,1.996e-06,0.0007521243314840831
999,0.0018785561842378229,0.0008952293937909417,0.0009069271982298233,1.998e-06,0.0007521243314840831
1000,0.0018104190385201946,0.0009743748960318044,0.0009262756357202306,2e-06,0.0007521243314840831
1001,0.0017842013767221943,0.0008157181364367716,0.0008448737353319302,2.0020000000000005e-06,0.0007521243314840831
1002,0.0017427683778805658,0.0008598926797276363,0.001010863641567994,2.004e-06,0.0007521243314840831
1003,0.0018222677754238248,0.0008988385161501355,0.0008974176671472378,2.006e-06,0.0007521243314840831
1004,0.0019098873890470713,0.0008732704736758024,0.0008037282168515958,2.008e-06,0.0007521243314840831
1005,0.0018680831417441368,0.0008941246851463802,0.000985305850917939,2.0100000000000002e-06,0.0007521243314840831
1006,0.0017946305742952973,0.0008846316050039604,0.000943143320910167,2.0120000000000004e-06,0.0007521243314840831
1007,0.001857327632023953,0.000851939563290216,0.0008123770749079995,2.014e-06,0.0007521243314840831
1008,0.0018899073911597952,0.0009054208203451708,0.0008236896101152524,2.0160000000000003e-06,0.0007521243314840831
1009,0.001912342311698012,0.0008738218893995509,0.0009283544859499671,2.018e-06,0.0007521243314840831
1010,0.0019105609972029924,0.0008888547090464272,0.0008922436027205549,2.02e-06,0.0007521243314840831
1011,0.0017911270988406613,0.000905269400391262,0.0008820992297842167,2.0220000000000003e-06,0.0007521243314840831
1012,0.001690080898697488,0.0009483535759500228,0.0010081589643959887,2.024e-06,0.0007521243314840831
1013,0.001963794609764591,0.0008685913635417819,0.0009669842183939181,2.026e-06,0.0007521243314840831
1014,0.0019460326002445072,0.0008019804226933047,0.0008845741103868932,2.0280000000000003e-06,0.0007521243314840831
1015,0.0018243250960949808,0.0008597807463956997,0.0009266417764592916,2.03e-06,0.0007521243314840831
1016,0.001921672053867951,0.000859379673784133,0.000880220155522693,2.032e-06,0.0007521243314840831
1017,0.001881939169834368,0.0008305165174533613,0.0008333100704476237,2.034e-06,0.0007521243314840831
1018,0.0016550225409446284,0.0008802080337773077,0.0009751798570505343,2.0360000000000005e-06,0.0007521243314840831
1019,0.0019005658105015755,0.0008059287065407261,0.0007919564814073965,2.0380000000000002e-06,0.0007521243314840831
1020,0.001819706681999378,0.0008685744905960746,0.0009112929619732313,2.04e-06,0.0007521243314840831
1021,0.0017993066139752045,0.0008270506586995907,0.0009419338603038341,2.042e-06,0.0007521243314840831
1022,0.0018046967015834525,0.0009137172091868706,0.000879592407727614,2.0440000000000003e-06,0.0007521243314840831
1023,0.0018291583837708458,0.0008532648207619786,0.0008128173358272761,2.0460000000000004e-06,0.0007521243314840831
1024,0.001874577283160761,0.0007885634840931743,0.0010075391182908788,2.048e-06,0.0007521243314840831
1025,0.0018020663992501795,0.0008453199043287896,0.0008618261199444532,2.0500000000000003e-06,0.0007521243314840831
1026,0.0018764379201456904,0.0009232917000190355,0.0008751806017244235,2.052e-06,0.0007521243314840831
1027,0.0017315229488303885,0.0009224542009178549,0.0008149937275447883,2.054e-06,0.0007521243314840831
1028,0.0018509503279346973,0.000857367311255075,0.0008379959326703101,2.0560000000000003e-06,0.0007521243314840831
1029,0.0017536535306135193,0.0009821482672123238,0.001024652534397319,2.058e-06,0.0007521243314840831
1030,0.0019524947711033747,0.000926511813304387,0.0009255955737899058,2.06e-06,0.0007521243314840831
1031,0.0018293852626811713,0.0008255662469309755,0.0009042668170877732,2.0620000000000003e-06,0.0007521243314840831
1032,0.0017488400044385344,0.0008422377650276758,0.0008474932765238918,2.064e-06,0.0007521243314840831
1033,0.0017973097856156528,0.0008375895631616004,0.0009206185713992454,2.066e-06,0.0007521243314840831
1034,0.001785800268407911,0.0008492238121107221,0.001011400279821828,2.068e-06,0.0007521243314840831
1035,0.0018205665401183069,0.0008550831698812544,0.0009552609189995565,2.0700000000000005e-06,0.0007521243314840831
1036,0.0017116480885306373,0.0009016068506753072,0.0009229212955688126,2.0720000000000002e-06,0.0007521243314840831
1037,0.0018226521933684126,0.0008515797671861947,0.0008598617641837336,2.074e-06,0.0007521243314840831
1038,0.001955484040081501,0.0009020367215271108,0.000943055609241128,2.076e-06,0.0007521243314840831
1039,0.001857638664660044,0.0009218827035510913,0.0008368374255951494,2.0780000000000003e-06,0.0007521243314840831
1040,0.0018384631985099986,0.0008180078730219975,0.0009126641161856242,2.0800000000000004e-06,0.0007521243314840831
1041,0.0018333571788389236,0.0008629593721707352,0.0008975217206170782,2.082e-06,0.0007521243314840831
1042,0.001682642672676593,0.0007957700581755489,0.0008985079111880623,2.0840000000000003e-06,0.0007521243314840831
1043,0.0018267036211909726,0.0008739786717342213,0.0009377805690746754,2.086e-06,0.0007521243314840831
1044,0.0017680833989288658,0.0009089726154343225,0.0010102826709044166,2.088e-06,0.0007521243314840831
1045,0.0017709697276586667,0.0009088646766031161,0.0007974142790772021,2.0900000000000003e-06,0.0007521243314840831
1046,0.001910450533614494,0.0008186154736904427,0.0008266954828286543,2.092e-06,0.0007521243314840831
1047,0.0019313740922370926,0.000846626608108636,0.0008314191654790193,2.094e-06,0.0007521243314840831
1048,0.0018361438997089863,0.0009078236253117211,0.0008468373198411427,2.0960000000000003e-06,0.0007521243314840831
1049,0.0016934388113440946,0.0007834489006199874,0.0008418048091698438,2.098e-06,0.0007521243314840831
1050,0.0018058503919746727,0.0008368607741431333,0.0008792030494078062,2.1000000000000002e-06,0.0007521243314840831
1051,0.0017855206679087132,0.0008968005204224028,0.0008357628103112802,2.102e-06,0.0007521243314840831
1052,0.0018219836347270757,0.000850182943395339,0.000904336033272557,2.1040000000000005e-06,0.0007521243314840831
1053,0.0017479696834925562,0.0007598689117003232,0.0008316565654240549,2.1060000000000002e-06,0.0007521243314840831
1054,0.0018379351240582764,0.0008998814082588069,0.000964593309618067,2.108e-06,0.0007521243314840831
1055,0.0017610393406357616,0.0009295410345657729,0.0008423949766438454,2.11e-06,0.0007521243314840831
1056,0.0017953212227439508,0.0009218106424668804,0.0009470295844948851,2.1120000000000003e-06,0.0007521243314840831
1057,0.001752590513206087,0.0008233810513047501,0.0008678363519720733,2.1140000000000004e-06,0.0007521243314840831
1058,0.0017545047012390569,0.0007801502870279364,0.0008669755625305697,2.116e-06,0.0007521243314840831
1059,0.001805092382710427,0.0008629954099887982,0.0008530259365215898,2.118e-06,0.0007521243314840831
1060,0.0016767888300819322,0.0009347936356789432,0.0008400847291341051,2.12e-06,0.0007521243314840831
1061,0.0019129667489323765,0.0009459268039790913,0.00090196801465936,2.122e-06,0.0007521243314840831
1062,0.0016468719259137288,0.0008818807764328085,0.0009191402205033228,2.1240000000000003e-06,0.0007521243314840831
1063,0.0017024851549649611,0.0009084474804694764,0.000989258216577582,2.126e-06,0.0007521243314840831
1064,0.0017959106771741062,0.0007900069103925489,0.0008949167022365145,2.128e-06,0.0007521243314840831
1065,0.001925593547639437,0.0008464663551421836,0.0009038901116582565,2.1300000000000004e-06,0.0007521243314840831
1066,0.0016990225412882864,0.0008783166194916703,0.0009330996253993362,2.132e-06,0.0007521243314840831
1067,0.0017450441227992997,0.0007883467551437207,0.0009735821731737815,2.1340000000000002e-06,0.0007521243314840831
1068,0.0017372500733472407,0.0008936915619415231,0.0009109199891099706,2.136e-06,0.0007521243314840831
1069,0.0017539671098347753,0.0009397588728461415,0.0008863185648806393,2.138e-06,0.0007521243314840831
1070,0.001779217302100733,0.0008022360561881214,0.0009033285023178905,2.1400000000000003e-06,0.0007521243314840831
1071,0.0017770519043551758,0.0008484593927278183,0.000832493242342025,2.142e-06,0.0007521243314840831
1072,0.0017374823510181159,0.0007731667064945213,0.0009986824443330988,2.144e-06,0.0007521243314840831
1073,0.001649255384108983,0.0008357090118806809,0.0008417955614277162,2.1460000000000003e-06,0.0007521243314840831
1074,0.001802776794647798,0.0007945712422952056,0.0008379573991987854,2.1480000000000004e-06,0.0007521243314840831
1075,0.0016786142368800938,0.0008878513690433465,0.0008975092423497699,2.15e-06,0.0007521243314840831
1076,0.0018176476005464792,0.0008984079104266129,0.0009905848710332066,2.152e-06,0.0007521243314840831
1077,0.0017259093729080632,0.0007846096195862629,0.000911280483705923,2.154e-06,0.0007521243314840831
1078,0.0017516446387162432,0.0008283273709821515,0.0008094047007034533,2.156e-06,0.0007521243314840831
1079,0.0016894913133000955,0.0008503627323079854,0.0008049319148994982,2.1580000000000003e-06,0.0007521243314840831
1080,0.0017785475502023473,0.0008365525645785965,0.0008545806485926732,2.16e-06,0.0007521243314840831
1081,0.0017724244680721313,0.0009590215486241505,0.0008511898995493539,2.1620000000000002e-06,0.0007521243314840831
1082,0.0018326335411984473,0.0008511394771630876,0.000905426473764237,2.1640000000000004e-06,0.0007521243314840831
1083,0.0017423783865524456,0.0009262038074666634,0.0008561325885239057,2.166e-06,0.0007521243314840831
1084,0.0017522007547086105,0.0008489566607750021,0.0008854484476614743,2.1680000000000002e-06,0.0007521243314840831
1085,0.0017139235278591514,0.0009372389758937061,0.0008605042821727693,2.17e-06,0.0007521243314840831
1086,0.0018385145667707548,0.0008393126627197489,0.0010176742653129622,2.172e-06,0.0007521243314840831
1087,0.0017339049809379503,0.0008810426079435274,0.0008759223419474438,2.1740000000000003e-06,0.0007521243314840831
1088,0.0016806700004963204,0.0008217848735512234,0.0008464592538075522,2.176e-06,0.0007521243314840831
1089,0.0017508133605588228,0.0008070925687206909,0.0008731332563911565,2.178e-06,0.0007521243314840831
1090,0.0018634641164680943,0.0007962185263750143,0.000884661145391874,2.1800000000000003e-06,0.0007521243314840831
1091,0.0016585500998189673,0.0007767959396005608,0.0008462973637506366,2.1820000000000005e-06,0.0007521243314840831
1092,0.0016871770785655826,0.0008864057890605181,0.0009155369261861779,2.184e-06,0.0007521243314840831
1093,0.001709194853901863,0.0008892020923667587,0.0008457993681076914,2.186e-06,0.0007521243314840831
1094,0.0016416782309534028,0.0008346318136318587,0.00084296159184305,2.188e-06,0.0007521243314840831
1095,0.0017870312149170786,0.0009763159687281586,0.0008333141449838877,2.19e-06,0.0007521243314840831
1096,0.001635517313843593,0.0008691750772413798,0.000868175906362012,2.1920000000000004e-06,0.0007521243314840831
1097,0.00177582266042009,0.0008781182841630653,0.0007629413084941916,2.194e-06,0.0007521243314840831
1098,0.0017105596925830469,0.0008378330239793286,0.0007637785965926014,2.1960000000000002e-06,0.0007521243314840831
1099,0.001659099740209058,0.0007525366963818669,0.0008250659884652123,2.1980000000000004e-06,0.0007521243314840831
1100,0.0017509439639979973,0.0008549181948183104,0.0008714100476936437,2.2e-06,0.0007521243314840831
1101,0.00173050987359602,0.0008921094195102341,0.0008921549015212804,2.2020000000000003e-06,0.0007521243314840831
1102,0.0017253070836886764,0.0008528703037882224,0.000840955734020099,2.204e-06,0.0007521243314840831
1103,0.0016845997597556561,0.0008547088073100895,0.0007945159813971259,2.206e-06,0.0007521243314840831
1104,0.0016959617496468127,0.0008544051379431039,0.0009063882316695526,2.2080000000000003e-06,0.0007521243314840831
1105,0.0017714865243760869,0.0008678122176206671,0.000832338941108901,2.21e-06,0.0007521243314840831
1106,0.0016450227558379993,0.0008575398096581921,0.0008718247918295674,2.212e-06,0.0007521243314840831
1107,0.0015350733592640609,0.0007624780992045999,0.0008947524183895439,2.2140000000000003e-06,0.0007521243314840831
1108,0.0016398407315136865,0.000852361714350991,0.0008883963237167336,2.2160000000000005e-06,0.0007521243314840831
1109,0.0017479131201980636,0.0008248266385635361,0.0009306565261795186,2.218e-06,0.0007521243314840831
1110,0.0017196226690430194,0.0008860676825861447,0.0008860069938236848,2.22e-06,0.0007521243314840831
1111,0.0017497943481430411,0.0008127610053634271,0.0008772730361670256,2.222e-06,0.0007521243314840831
1112,0.0017508821765659377,0.0007926360776764341,0.0007844637439120561,2.2240000000000002e-06,0.0007521243314840831
1113,0.0017594199016457424,0.0007896391034591943,0.0009485466944170184,2.2260000000000004e-06,0.0007521243314840831
1114,0.001746218273183331,0.0008187544808606617,0.000945673709793482,2.228e-06,0.0007521243314840831
1115,0.001663106624619104,0.0007747591953375377,0.0008536864625057206,2.2300000000000002e-06,0.0007521243314840831
1116,0.0017222050810232759,0.0007740489163552411,0.0008107461326289922,2.2320000000000004e-06,0.0007521243314840831
1117,0.0016709248593542725,0.0009713657273096032,0.0008700953840161674,2.234e-06,0.0007521243314840831
1118,0.0016728261980460957,0.0007721998772467487,0.000873269367730245,2.2360000000000003e-06,0.0007521243314840831
1119,0.001715763850370422,0.0008022274196264334,0.0008283223360194825,2.238e-06,0.0007521243314840831
1120,0.0017358985351165757,0.000846097209432628,0.0009359178220620379,2.24e-06,0.0007521243314840831
1121,0.0017920043028425425,0.0008867706783348694,0.000877847385709174,2.2420000000000003e-06,0.0007521243314840831
1122,0.0016773857350926846,0.0008321700661326759,0.0009115233406191692,2.244e-06,0.0007521243314840831
1123,0.0015891158109297976,0.0008112273571896367,0.0008338066327269189,2.246e-06,0.0007521243314840831
1124,0.0018040996801573783,0.000882219617778901,0.0008523036085534841,2.2480000000000003e-06,0.0007521243314840831
1125,0.0017505511495983228,0.0009126500590355136,0.000996936891169753,2.25e-06,0.0007521243314840831
1126,0.0017193804233102128,0.0008975385353551246,0.0008468526866636239,2.252e-06,0.0007521243314840831
1127,0.0018505389743950218,0.0008893139820429496,0.0009447016636840999,2.254e-06,0.0007521243314840831
1128,0.0016515622264705598,0.0008295962252304889,0.0008010572273633443,2.256e-06,0.0007521243314840831
1129,0.001690904435236007,0.0009500883752480149,0.0009700876398710534,2.2580000000000002e-06,0.0007521243314840831
1130,0.0018421928689349443,0.000868519906362053,0.0008516819652868435,2.2600000000000004e-06,0.0007521243314840831
1131,0.0017212722159456462,0.0009856379110715352,0.0008754853479331359,2.262e-06,0.0007521243314840831
1132,0.0016794912953628227,0.0009304725681431592,0.00099294661777094,2.264e-06,0.0007521243314840831
1133,0.0016363298200303689,0.00080430819070898,0.0008356503458344378,2.2660000000000004e-06,0.0007521243314840831
1134,0.0016475806914968416,0.000786606062320061,0.0008066171212703921,2.268e-06,0.0007521243314840831
1135,0.0016450225812150165,0.0008583922754041851,0.0008180283475667238,2.2700000000000003e-06,0.0007521243314840831
1136,0.0017166062607429922,0.0008008088479982689,0.0009755097780725919,2.272e-06,0.0007521243314840831
1137,0.001748899172525853,0.0009332118788734078,0.0008507958336849697,2.274e-06,0.0007521243314840831
1138,0.0016231805348070338,0.0008394661490456201,0.000903146450582426,2.2760000000000003e-06,0.0007521243314840831
1139,0.0017225478368345648,0.0008150099019985646,0.0009098546506720595,2.278e-06,0.0007521243314840831
1140,0.0016986243281280622,0.0010227522216155194,0.0008530044942745008,2.28e-06,0.0007521243314840831
1141,0.001628234051167965,0.000783965275331866,0.0009015031973831356,2.2820000000000003e-06,0.0007521243314840831
1142,0.0017743500065989792,0.0008028450101846829,0.0009047277926583774,2.284e-06,0.0007521243314840831
1143,0.0016032103594625369,0.0008343583831447177,0.0008207031278288923,2.2860000000000002e-06,0.0007521243314840831
1144,0.001589309875271283,0.0009182847279589623,0.0009172581194434315,2.288e-06,0.0007521243314840831
1145,0.0017230355588253587,0.0009180892957374454,0.0008623271060059778,2.29e-06,0.0007521243314840831
1146,0.0017091809713747352,0.0009232706506736577,0.0009570073671056889,2.2920000000000002e-06,0.0007521243314840831
1147,0.001638095753150992,0.0007854554933146574,0.0009080369345610961,2.2940000000000004e-06,0.0007521243314840831
1148,0.0016357345739379525,0.0009219532148563303,0.0009259109574486502,2.296e-06,0.0007521243314840831
1149,0.0018426617461955175,0.0009011491783894598,0.0008665760396979749,2.298e-06,0.0007521243314840831
1150,0.0015927313797874376,0.000893365424417425,0.0008455552160739899,2.3000000000000004e-06,0.0007521243314840831
1151,0.0015960098971845582,0.0008921315602492541,0.0008897675070329569,2.302e-06,0.0007521243314840831
1152,0.001785468470188789,0.0008046738221310079,0.0008953638462116942,2.3040000000000003e-06,0.0007521243314840831
1153,0.0016475181037094444,0.0008361128348042257,0.0008059667452471331,2.306e-06,0.0007521243314840831
1154,0.001637751527596265,0.0007847332308301702,0.0009161904890788719,2.308e-06,0.0007521243314840831
1155,0.0016805106279207394,0.000783713890996296,0.0008191872911993414,2.3100000000000003e-06,0.0007521243314840831
1156,0.001571489090565592,0.0008705140353413299,0.0008008952718228102,2.312e-06,0.0007521243314840831
1157,0.001647434924961999,0.0010584275587461889,0.0008777800612733699,2.314e-06,0.0007521243314840831
1158,0.001710996453766711,0.0008559211128158495,0.000919300815439783,2.3160000000000004e-06,0.0007521243314840831
1159,0.0017048971785698086,0.00084214101661928,0.0008253753330791369,2.318e-06,0.0007521243314840831
1160,0.0017864893306978047,0.0008746736129978672,0.0008613784521003254,2.3200000000000002e-06,0.0007521243314840831
1161,0.0015896186960162595,0.0009407537872903049,0.0008827283527352847,2.322e-06,0.0007521243314840831
1162,0.0016545706457691267,0.0009131111000897363,0.000831320125143975,2.324e-06,0.0007521243314840831
1163,0.0016367654607165605,0.0009022265730891377,0.0008996134783956222,2.3260000000000003e-06,0.0007521243314840831
1164,0.0017348258552374318,0.000876967802469153,0.0007898421536083333,2.3280000000000004e-06,0.0007521243314840831
1165,0.0016394863778259605,0.0009019328135764226,0.0008896904037101194,2.33e-06,0.0007521243314840831
1166,0.0016668876342009753,0.0010000667607528158,0.0008749295520829037,2.332e-06,0.0007521243314840831
1167,0.00166856859868858,0.0008757940304349177,0.0008532418942195363,2.3340000000000004e-06,0.0007521243314840831
1168,0.0016714369266992435,0.0008328736512339674,0.0009204446032526903,2.336e-06,0.0007521243314840831
1169,0.0015964814665494487,0.0008922140768845566,0.0009083077893592417,2.3380000000000003e-06,0.0007521243314840831
1170,0.0016374351980630308,0.0008908606832846999,0.0008752979629207402,2.34e-06,0.0007521243314840831
1171,0.001495927877840586,0.0009624056474422105,0.0008809740393189713,2.342e-06,0.0007521243314840831
1172,0.0018310431914869696,0.0008700133330421522,0.000943903396546375,2.3440000000000003e-06,0.0007521243314840831
1173,0.0017330010159639642,0.0009275870979763567,0.0008593137099524029,2.346e-06,0.0007521243314840831
1174,0.0016195643984247,0.0009539267048239708,0.0008696086733834818,2.3480000000000002e-06,0.0007521243314840831
1175,0.0016655493527650833,0.0008808661150396802,0.0008000708839972503,2.3500000000000004e-06,0.0007521243314840831
1176,0.0016413239063695073,0.0008738811739021912,0.0008596020852564834,2.352e-06,0.0007521243314840831
1177,0.001668160519329831,0.0008422262253588997,0.0008402437524637207,2.3540000000000002e-06,0.0007521243314840831
1178,0.0017390557914040983,0.0008599027205491439,0.0008921084008761682,2.356e-06,0.0007521243314840831
1179,0.0016860030445968732,0.0008497906601405703,0.000825702074507717,2.358e-06,0.0007521243314840831
1180,0.0016642058471916243,0.0007972146340762265,0.0009492686731391586,2.3600000000000003e-06,0.0007521243314840831
1181,0.0017560705746291205,0.0007634111898369156,0.0008874078703229316,2.362e-06,0.0007521243314840831
1182,0.0016279105911962688,0.0009128723031608388,0.00085579848382622,2.364e-06,0.0007521243314840831
1183,0.0017283334309468046,0.0009444601819268428,0.0009192352954414673,2.366e-06,0.0007521243314840831
1184,0.0015987961960490793,0.0008288716053357348,0.0009571269110892899,2.3680000000000005e-06,0.0007521243314840831
1185,0.0016215353971347213,0.0008285208677989431,0.0008511829655617476,2.37e-06,0.0007521243314840831
1186,0.001589149032952264,0.0007574586488772184,0.0008433910552412271,2.3720000000000003e-06,0.0007521243314840831
1187,0.001557893745484762,0.0008134372110362165,0.0009961317118722945,2.374e-06,0.0007521243314840831
1188,0.0015438573173014447,0.0008803253731457517,0.0008046513248700649,2.376e-06,0.0007521243314840831
1189,0.0015611123817507178,0.0007971923987497576,0.0009312865731772035,2.3780000000000004e-06,0.0007521243314840831
1190,0.0016925818199524656,0.0007851330665289424,0.0010107647030963562,2.38e-06,0.0007521243314840831
1191,0.0015724942495580763,0.0008966185050667264,0.0008059751926339231,2.3820000000000002e-06,0.0007521243314840831
1192,0.0016452190466225147,0.0008156702751875855,0.0008521148265572265,2.3840000000000004e-06,0.0007521243314840831
1193,0.0015509236691286787,0.0008468480664305389,0.0009448931014048867,2.386e-06,0.0007521243314840831
1194,0.0015805774164618924,0.0007635155343450606,0.0007937349291751161,2.3880000000000003e-06,0.0007521243314840831
1195,0.0016440382169093937,0.0008439332304988056,0.00081904621765716,2.39e-06,0.0007521243314840831
1196,0.0015890215436229482,0.0009538259910186753,0.0008257451772806235,2.392e-06,0.0007521243314840831
1197,0.00155729336256627,0.00087654195522191,0.0008523000869899988,2.3940000000000003e-06,0.0007521243314840831
1198,0.0017046792927430943,0.0008522482676198706,0.0008902404515538365,2.396e-06,0.0007521243314840831
1199,0.0016469140100525692,0.0008792948647169396,0.0008157516058417968,2.398e-06,0.0007521243314840831
1200,0.0016802651371108368,0.0008189179570763372,0.0008274564170278609,2.4e-06,0.0007521243314840831
1201,0.001677380030741915,0.0008435934942099266,0.0008658600854687393,2.4020000000000005e-06,0.0007521243314840831
1202,0.0015721193776698783,0.0009524971464998089,0.0008092928255791776,2.404e-06,0.0007521243314840831
1203,0.0015070055815158412,0.0008251711406046525,0.0008272013074019924,2.4060000000000003e-06,0.0007521243314840831
1204,0.0015831387281650677,0.0008395007389481179,0.0008576309701311402,2.408e-06,0.0007521243314840831
1205,0.0016386623174184933,0.0009138882523984648,0.0008741476922295988,2.4100000000000002e-06,0.0007521243314840831
1206,0.0016326490003848448,0.0008232170730479993,0.0008084785804385319,2.4120000000000004e-06,0.0007521243314840831
1207,0.0015064603794598952,0.0007809070812072605,0.0007912205110187642,2.414e-06,0.0007521243314840831
1208,0.0016690647607902065,0.0008498304159729742,0.0008531900821253657,2.4160000000000002e-06,0.0007521243314840831
1209,0.0016494598821736872,0.0009193245496135205,0.000924886655411683,2.4180000000000004e-06,0.0007521243314840831
1210,0.0016426715592388064,0.0008818542482913472,0.0009403190488228574,2.42e-06,0.0007521243314840831
1211,0.0015022687293821946,0.0009137300148722716,0.0009365859077661298,2.4220000000000003e-06,0.0007521243314840831
1212,0.001609921659110114,0.0009818797261686996,0.0007692374201724306,2.424e-06,0.0007521243314840831
1213,0.0015381259290734306,0.0008466712606605142,0.0008569647325202823,2.426e-06,0.0007521243314840831
1214,0.0015966032078722492,0.0008239257585955784,0.0009009924833662808,2.4280000000000003e-06,0.0007521243314840831
1215,0.0015573099080938846,0.000788371566159185,0.0008017901200219058,2.43e-06,0.0007521243314840831
1216,0.001628236161195673,0.0009362660130136646,0.0008759658012422733,2.432e-06,0.0007521243314840831
1217,0.0017606673791306093,0.0008383616514038295,0.001053048858011607,2.434e-06,0.0007521243314840831
1218,0.00156835799862165,0.0008807585036265664,0.000939840218052268,2.4360000000000005e-06,0.0007521243314840831
1219,0.0016714938101358712,0.0008128666304401122,0.0009184837617794983,2.438e-06,0.0007521243314840831
1220,0.001601279916940257,0.0008336077735293657,0.0008106483655865304,2.4400000000000004e-06,0.0007521243314840831
1221,0.0016074862651294097,0.0008697983139427379,0.0008682891275384463,2.442e-06,0.0007521243314840831
1222,0.0014996183890616521,0.000866205504280515,0.000793200837506447,2.4440000000000002e-06,0.0007521243314840831
1223,0.0015058613062137738,0.0008277806991827674,0.0008890493263606913,2.4460000000000004e-06,0.0007521243314840831
1224,0.001651498067076318,0.000868724389874842,0.0008713630159036256,2.448e-06,0.0007521243314840831
1225,0.0015754396299598739,0.0007925670797703788,0.0008836531196720898,2.4500000000000003e-06,0.0007521243314840831
1226,0.0016063500806922093,0.0008864969495334662,0.0008932869677664712,2.4520000000000004e-06,0.0007521243314840831
1227,0.0015492363745579496,0.0008843715550028719,0.0008779830677667633,2.454e-06,0.0007521243314840831
1228,0.0015397288807434961,0.0007902581783127971,0.0009352271299576387,2.4560000000000003e-06,0.0007521243314840831
1229,0.001526159030618146,0.0008141382713802159,0.0009186600436805747,2.458e-06,0.0007521243314840831
1230,0.0014406686677830294,0.0008736718518775888,0.0009291259266319685,2.46e-06,0.0007521243314840831
1231,0.0015231803263304755,0.0009071042150026187,0.0008660614475957118,2.4620000000000003e-06,0.0007521243314840831
1232,0.0014723512722412124,0.000832031000754796,0.000922101695323363,2.464e-06,0.0007521243314840831
1233,0.0015563957713311538,0.0007891645363997668,0.0008958271428127773,2.466e-06,0.0007521243314840831
1234,0.0014673430850962177,0.0007980715818121098,0.0008864174815244041,2.468e-06,0.0007521243314840831
1235,0.0014623352326452732,0.0009005239407997578,0.0009363900462631136,2.4700000000000005e-06,0.0007521243314840831
1236,0.0016165660927072167,0.0010123732863576151,0.0008549735139240511,2.4720000000000002e-06,0.0007521243314840831
1237,0.0016284199227811769,0.0008461833058390766,0.000984354985121172,2.4740000000000004e-06,0.0007521243314840831
1238,0.001611961386515759,0.0008969916161731817,0.0008430467205471359,2.476e-06,0.0007521243314840831
1239,0.0014959811960579827,0.0008166715779225342,0.0009279093501390889,2.4780000000000002e-06,0.0007521243314840831
1240,0.0016663562564644963,0.0008422521714237519,0.000857003265991807,2.4800000000000004e-06,0.0007521243314840831
1241,0.0015993291890481487,0.0007766258640913293,0.000922586586966645,2.482e-06,0.0007521243314840831
1242,0.0015812896454008296,0.000906411703908816,0.0009787969465833157,2.4840000000000003e-06,0.0007521243314840831
1243,0.0015677400515414774,0.0009169957265839912,0.0008285382282338105,2.4860000000000004e-06,0.0007521243314840831
1244,0.0016016548470361158,0.0007779289153404534,0.0009769919997779652,2.488e-06,0.0007521243314840831
1245,0.001760435538017191,0.0008529710030416027,0.000848576266434975,2.4900000000000003e-06,0.0007521243314840831
1246,0.0015649846463929862,0.0008976561002782546,0.000863084766024258,2.492e-06,0.0007521243314840831
1247,0.001478450940339826,0.0008251518302131444,0.0008990838323370554,2.494e-06,0.0007521243314840831
1248,0.0014401105872821063,0.000775663138483651,0.0008918762396206148,2.4960000000000003e-06,0.0007521243314840831
1249,0.0016064692026702687,0.0007858510798541829,0.0008536824898328632,2.498e-06,0.0007521243314840831
1250,0.0014684304042020813,0.0007707710465183482,0.0007531187147833407,2.5e-06,0.0007521243314840831
1251,0.0014912383921910077,0.0007949425998958759,0.0009064032783498988,2.502e-06,0.0007521243314840831
1252,0.001640565533307381,0.0008987015826278366,0.0008548482874175534,2.5040000000000005e-06,0.0007521243314840831
1253,0.0015437157708220184,0.0008475073482259177,0.0008661780302645639,2.5060000000000002e-06,0.0007521243314840831
1254,0.0015850636118557304,0.0008581269721616991,0.0008610490331193432,2.508e-06,0.0007521243314840831
1255,0.0015440677816513926,0.0008729209803277627,0.0009689209109637886,2.51e-06,0.0007521243314840831
1256,0.0014990933559602126,0.000870062482135836,0.0007965882250573486,2.5120000000000003e-06,0.0007521243314840831
1257,0.0014983275323174894,0.0008880575478542596,0.0008914305071812123,2.5140000000000004e-06,0.0007521243314840831
1258,0.0015696721384301782,0.0008076819794951007,0.0007874505972722545,2.516e-06,0.0007521243314840831
1259,0.0015097454888746142,0.0008416144191869535,0.0008368765047634952,2.5180000000000003e-06,0.0007521243314840831
1260,0.0015987893275450915,0.0008483807832817547,0.0008553828811272979,2.5200000000000004e-06,0.0007521243314840831
1261,0.001531114146928303,0.0009135073632933199,0.0009519923041807488,2.522e-06,0.0007521243314840831
1262,0.0016027584060793743,0.0009002468650578521,0.0008725815278012305,2.5240000000000003e-06,0.0007521243314840831
1263,0.00152618795982562,0.0008288355966215022,0.0008495846777805127,2.526e-06,0.0007521243314840831
1264,0.0015067777858348563,0.0008507659076713026,0.0007872409987612627,2.528e-06,0.0007521243314840831
1265,0.0014869363512843847,0.0008051185504882596,0.000916486133064609,2.5300000000000003e-06,0.0007521243314840831
1266,0.0016157724166987464,0.0008447280415566638,0.0008255724314949475,2.532e-06,0.0007521243314840831
1267,0.0016705699526937678,0.0009320756289525889,0.0009851120266830549,2.5340000000000002e-06,0.0007521243314840831
1268,0.0015996020083548501,0.0009023202146636322,0.0008752565845497884,2.536e-06,0.0007521243314840831
1269,0.001540085460874252,0.000829890945169609,0.0008443598126177676,2.5380000000000005e-06,0.0007521243314840831
1270,0.0015224921371554956,0.00078665028559044,0.00081312280963175,2.5400000000000002e-06,0.0007521243314840831
1271,0.0015404940058942884,0.0010186431391048245,0.000915462696866598,2.542e-06,0.0007521243314840831
1272,0.001441295666154474,0.0009337202354799956,0.0009135566506301984,2.544e-06,0.0007521243314840831
1273,0.001549790962599218,0.0008829077778500505,0.0009671447842265479,2.5460000000000003e-06,0.0007521243314840831
1274,0.00153996521839872,0.0008532169522368349,0.0008666262874612585,2.5480000000000004e-06,0.0007521243314840831
1275,0.0015012504591140896,0.0008818677815725096,0.0008406210690736771,2.55e-06,0.0007521243314840831
1276,0.001487313536927104,0.0008713681454537436,0.0008274591091321781,2.5520000000000003e-06,0.0007521243314840831
1277,0.0015208937256829813,0.0009113657069974579,0.0009206368849845603,2.5540000000000004e-06,0.0007521243314840831
1278,0.001549901586258784,0.0009242351879947819,0.0008150747453328222,2.556e-06,0.0007521243314840831
1279,0.0014522040291922167,0.0008818102651275694,0.0009701502131065354,2.5580000000000003e-06,0.0007521243314840831
1280,0.001643932147999294,0.0008234799897763878,0.0008740329431020655,2.56e-06,0.0007521243314840831
1281,0.0014688792143715546,0.000845729315187782,0.0007755904080113396,2.562e-06,0.0007521243314840831
1282,0.0014884524716762826,0.0010194121205131523,0.0009601259807823226,2.5640000000000004e-06,0.0007521243314840831
1283,0.0015473779349122196,0.0008034342608880252,0.000966095736657735,2.566e-06,0.0007521243314840831
1284,0.0015070533700054511,0.0008615796250523999,0.0008344795496668667,2.5680000000000002e-06,0.0007521243314840831
1285,0.0015565417998004705,0.0009943031764123589,0.0010131656235898845,2.57e-06,0.0007521243314840831
1286,0.0016391882236348465,0.0008082889689831063,0.0009067729697562754,2.5720000000000005e-06,0.0007521243314840831
1287,0.0014940739929443225,0.000990757493127603,0.0008248294179793447,2.5740000000000003e-06,0.0007521243314840831
1288,0.0014790186251047999,0.0008506295125698671,0.0009361305710626766,2.576e-06,0.0007521243314840831
1289,0.0015603796491632238,0.0008209598890971392,0.0009429941346752457,2.578e-06,0.0007521243314840831
1290,0.001507217821199447,0.0008643505570944399,0.0008730782064958476,2.5800000000000003e-06,0.0007521243314840831
1291,0.0015096243005245924,0.0010307103148079477,0.0008970847702585161,2.5820000000000004e-06,0.0007521243314840831
1292,0.001535701798275113,0.0008260837421403266,0.0008269954632851295,2.584e-06,0.0007521243314840831
1293,0.0015677979099564254,0.0008483317724312656,0.0009129999307333492,2.5860000000000003e-06,0.0007521243314840831
1294,0.0016942199872573838,0.0008887426229193807,0.0009169647237285972,2.5880000000000005e-06,0.0007521243314840831
1295,0.0016874564462341368,0.0007685165546718054,0.0008014732520678081,2.59e-06,0.0007521243314840831
1296,0.0014686130889458582,0.0008730768458917737,0.0008339784690178931,2.5920000000000003e-06,0.0007521243314840831
1297,0.001481257044360973,0.0008333535224664956,0.0008375671241083182,2.594e-06,0.0007521243314840831
1298,0.0014607225020881742,0.0009773795391083695,0.0009057593633770011,2.5960000000000002e-06,0.0007521243314840831
1299,0.0014752627175766975,0.0009240354411303997,0.0008847314675222151,2.5980000000000004e-06,0.0007521243314840831
1300,0.001542665937449783,0.0008102194478851743,0.0008353247976629063,2.6e-06,0.0007521243314840831
1301,0.0014240361342672259,0.0007846021180739626,0.0008872132966644131,2.6020000000000002e-06,0.0007521243314840831
1302,0.0015295347257051617,0.0009497584032942541,0.0009156270098173991,2.604e-06,0.0007521243314840831
1303,0.0015775893116369843,0.0008376539626624435,0.0009099680173676461,2.606e-06,0.0007521243314840831
1304,0.001529897257569246,0.0008096093806670979,0.0007897312025306746,2.6080000000000003e-06,0.0007521243314840831
1305,0.0014693334233015776,0.0008900069296942092,0.0008310107514262199,2.61e-06,0.0007521243314840831
1306,0.001547991152619943,0.0009670498184277676,0.0009616940369596705,2.612e-06,0.0007521243314840831
1307,0.0015030534123070538,0.0008783894663793035,0.0008414169133175164,2.6140000000000003e-06,0.0007521243314840831
1308,0.0015372357447631657,0.0008416851051151752,0.000931870708882343,2.6160000000000004e-06,0.0007521243314840831
1309,0.0014730545808561146,0.0007722947266302072,0.0009451885562157258,2.618e-06,0.0007521243314840831
1310,0.0015631725254934281,0.0009934497575159185,0.0009710593003546819,2.62e-06,0.0007521243314840831
1311,0.0015674224123358727,0.0008824903998174705,0.0008774951493251137,2.6220000000000005e-06,0.0007521243314840831
1312,0.001492071503889747,0.0009017673728521913,0.0009141928676399402,2.624e-06,0.0007521243314840831
1313,0.0014339448971441016,0.0008007273718249053,0.0009090847306651995,2.6260000000000004e-06,0.0007521243314840831
1314,0.0015160696057137102,0.0008943842112785205,0.0007971923914737999,2.628e-06,0.0007521243314840831
1315,0.001483850457589142,0.0008162800877471454,0.0008641352615086362,2.6300000000000002e-06,0.0007521243314840831
1316,0.0014653535617981106,0.0009385111770825461,0.0008979211415862665,2.6320000000000004e-06,0.0007521243314840831
1317,0.0013620163517771289,0.000893719436135143,0.0009163924478343688,2.634e-06,0.0007521243314840831
1318,0.0015209441917249933,0.0007776260026730597,0.0009996687222155742,2.6360000000000003e-06,0.0007521243314840831
1319,0.0014664293266832829,0.0009176288804155774,0.0008664508641231805,2.638e-06,0.0007521243314840831
1320,0.0015242581866914406,0.0008526851524948142,0.0008599196953582577,2.64e-06,0.0007521243314840831
1321,0.0014450430462602526,0.0008686198343639262,0.000840085675008595,2.6420000000000003e-06,0.0007521243314840831
1322,0.0015379863034468144,0.000747005149605684,0.0009077051872736774,2.644e-06,0.0007521243314840831
1323,0.0015968710649758577,0.0008292844795505516,0.0009021979567478411,2.646e-06,0.000747005149605684
1324,0.0014676854480057955,0.0007221432024380192,0.0008981213541119359,2.6480000000000003e-06,0.000747005149605684
1325,0.0014855139597784728,0.0007957833076943643,0.0009244059474440292,2.6500000000000005e-06,0.0007221432024380192
1326,0.001545401057228446,0.0008789693674771115,0.0008821652663755231,2.652e-06,0.0007221432024380192
1327,0.001520588484709151,0.0008150301509886049,0.00093059592472855,2.654e-06,0.0007221432024380192
1328,0.00150261668022722,0.0008506578742526472,0.0009259503713110462,2.6560000000000005e-06,0.0007221432024380192
1329,0.0015321925457101315,0.0008664229317218997,0.000878332088177558,2.6580000000000002e-06,0.0007221432024380192
1330,0.0014690641983179376,0.0009100750248762779,0.0008211926906369627,2.6600000000000004e-06,0.0007221432024380192
1331,0.0015466096228919923,0.0009071034437511116,0.0009289208901464008,2.662e-06,0.0007221432024380192
1332,0.0014656306884717196,0.0008575714018661529,0.000962579513725359,2.6640000000000002e-06,0.0007221432024380192
1333,0.001498625919339247,0.0008734461807762273,0.00095067334768828,2.6660000000000004e-06,0.0007221432024380192
1334,0.001482621519244276,0.000825813491246663,0.0009076489877770655,2.668e-06,0.0007221432024380192
1335,0.0014901972463121638,0.0008542793293599971,0.0007560316735180095,2.6700000000000003e-06,0.0007221432024380192
1336,0.0015389712498290464,0.000963878606853541,0.0008551453938707709,2.672e-06,0.0007221432024380192
1337,0.0015203096700133756,0.0009930208034347743,0.0008145161700667813,2.674e-06,0.0007221432024380192
1338,0.0015204781229840592,0.0008801922522252426,0.0008696674558450468,2.6760000000000003e-06,0.0007221432024380192
1339,0.0014647162024630234,0.000878423081303481,0.000928977518924512,2.678e-06,0.0007221432024380192
1340,0.0015083922626217827,0.0008716180018382147,0.0008434863848378882,2.68e-06,0.0007221432024380192
1341,0.001425092326826416,0.0008367355985683389,0.0009815638841246255,2.6820000000000003e-06,0.0007221432024380192
1342,0.0014540002448484302,0.0008945987065089867,0.0009326792642241344,2.6840000000000005e-06,0.0007221432024380192
1343,0.0014316858723759651,0.0009576188313076273,0.0010261154748150147,2.686e-06,0.0007221432024380192
1344,0.0015785301511641592,0.0008732779824640602,0.0009311665635323152,2.688e-06,0.0007221432024380192
1345,0.0013905874220654368,0.0008797460541245528,0.0008977231482276693,2.6900000000000005e-06,0.0007221432024380192
1346,0.0016281755961244926,0.0009093675835174508,0.0008980389175121672,2.6920000000000002e-06,0.0007221432024380192
1347,0.0015183479263214394,0.0008714985015103593,0.0008424374682363123,2.6940000000000004e-06,0.0007221432024380192
1348,0.0013927311956649646,0.0009724752817419358,0.0009005036699818447,2.696e-06,0.0007221432024380192
1349,0.001541496516438201,0.0009486969429417513,0.0009934401386999525,2.6980000000000003e-06,0.0007221432024380192
1350,0.001516958262072876,0.0008489736574119888,0.0008741854471736588,2.7000000000000004e-06,0.0007221432024380192
1351,0.0015091729001142085,0.0009249833892681636,0.0009870199501165189,2.702e-06,0.0007221432024380192
1352,0.0014367811527336016,0.0009155443258350715,0.0008585367395426147,2.7040000000000003e-06,0.0007221432024380192
1353,0.0014458228106377646,0.0009055210102815181,0.0007865860970923677,2.706e-06,0.0007221432024380192
1354,0.001484071894083172,0.0008114582014968619,0.0008428862201981246,2.708e-06,0.0007221432024380192
1355,0.0015161524206632748,0.0009460344226681627,0.0010698202095227316,2.7100000000000003e-06,0.0007221432024380192
1356,0.0014638025459134951,0.000880369552760385,0.0008496340597048402,2.712e-06,0.0007221432024380192
1357,0.0016035394364735112,0.0009342075209133327,0.0008946064845076762,2.714e-06,0.0007221432024380192
1358,0.0014999270060798153,0.0008850515296217054,0.0008622489549452439,2.7160000000000003e-06,0.0007221432024380192
1359,0.0014853052707621828,0.0008125729218591005,0.000926991539017763,2.718e-06,0.0007221432024380192
1360,0.001488488633185625,0.0008798481358098798,0.0009470170698477887,2.7200000000000002e-06,0.0007221432024380192
1361,0.0016021215706132352,0.00078955503704492,0.0008580100184190087,2.722e-06,0.0007221432024380192
1362,0.001404556242050603,0.0009052725363289937,0.0008950620540417731,2.7240000000000005e-06,0.0007221432024380192
1363,0.0014931303594494238,0.0009237473786924966,0.0008666426583658904,2.7260000000000002e-06,0.0007221432024380192
1364,0.0015461654838873073,0.0007385298376902938,0.0009549526366754435,2.7280000000000004e-06,0.0007221432024380192
1365,0.0014886110730003566,0.0008855096239130944,0.0009982784977182746,2.73e-06,0.0007221432024380192
1366,0.0015997507725842297,0.0008864021001500078,0.0008881630128598772,2.732e-06,0.0007221432024380192
1367,0.0014238954754546285,0.0008734976581763476,0.0008107516259769909,2.7340000000000004e-06,0.0007221432024380192
1368,0.0014996724348748103,0.0010034000588348135,0.0007878238611738198,2.736e-06,0.0007221432024380192
1369,0.001484312189859338,0.0009109739403356798,0.0008167629493982531,2.7380000000000003e-06,0.0007221432024380192
1370,0.0015506322088185698,0.0008925748406909406,0.0008390648363274522,2.74e-06,0.0007221432024380192
1371,0.0014721659827046096,0.0008704907668288797,0.0009011439178721048,2.742e-06,0.0007221432024380192
1372,0.0013765096227871254,0.0008912281264201738,0.001039301379933022,2.7440000000000003e-06,0.0007221432024380192
1373,0.001576731083332561,0.0008320050546899438,0.0008903030975488946,2.746e-06,0.0007221432024380192
1374,0.0014832371671218425,0.0008210547384805977,0.0008928886527428403,2.748e-06,0.0007221432024380192
1375,0.0014055963983992115,0.0008227460275520571,0.0007688667901675217,2.7500000000000004e-06,0.0007221432024380192
1376,0.0015165254444582388,0.0008913259516702965,0.0008911031691241078,2.752e-06,0.0007221432024380192
1377,0.0014833416207693517,0.0010291077778674662,0.000990145024843514,2.7540000000000002e-06,0.0007221432024380192
1378,0.001494079377152957,0.0009611369314370677,0.0008034048660192639,2.756e-06,0.0007221432024380192
1379,0.00149698750465177,0.0008965408487711102,0.000890501556568779,2.7580000000000005e-06,0.0007221432024380192
1380,0.0014726139197591692,0.0009531166651868261,0.0009605663435650058,2.7600000000000003e-06,0.0007221432024380192
1381,0.0014872964966343716,0.0009427035038243048,0.0008605909970356151,2.7620000000000004e-06,0.0007221432024380192
1382,0.0014602003648178652,0.0008766038663452491,0.0008449738234048709,2.764e-06,0.0007221432024380192
1383,0.001495831340434961,0.0009061287128133699,0.000837682957353536,2.766e-06,0.0007221432024380192
1384,0.0013915229646954685,0.000830222801596392,0.0008742394129512832,2.7680000000000004e-06,0.0007221432024380192
1385,0.0014538756950059906,0.0008895946011762135,0.0009477426574449055,2.77e-06,0.0007221432024380192
1386,0.0014155485550872982,0.0009356151058454998,0.0009031870213220827,2.7720000000000003e-06,0.0007221432024380192
1387,0.0013898495817556977,0.0008870411984389648,0.0008372739612241276,2.774e-06,0.0007221432024380192
1388,0.0014185773616191,0.0009266289489460178,0.0009424813179066405,2.776e-06,0.0007221432024380192
1389,0.001508110566646792,0.0009932129323715344,0.0008604603499406949,2.7780000000000003e-06,0.0007221432024380192
1390,0.00131363702530507,0.0007769770963932388,0.0009145488584181294,2.78e-06,0.0007221432024380192
1391,0.0014679293526569381,0.0009231720177922398,0.0009334119386039674,2.7820000000000002e-06,0.0007221432024380192
1392,0.001538115626317449,0.000920252401556354,0.0009149184916168451,2.7840000000000004e-06,0.0007221432024380192
1393,0.0014240616874303669,0.0009203652953146957,0.0007679867121623829,2.786e-06,0.0007221432024380192
1394,0.0014537409151671454,0.0010512519074836746,0.0008777771436143667,2.7880000000000002e-06,0.0007221432024380192
1395,0.001439517582184635,0.0007875932788010687,0.0008670126917422749,2.79e-06,0.0007221432024380192
1396,0.0014371886936714873,0.0009565230429871008,0.000955904382863082,2.7920000000000005e-06,0.0007221432024380192
1397,0.0014826892002020031,0.0008821610317681916,0.0010160683377762325,2.7940000000000003e-06,0.0007221432024380192
1398,0.001388655713526532,0.0008707883753231727,0.0007947554913698696,2.7960000000000004e-06,0.0007221432024380192
1399,0.001384969349601306,0.0008158776690834202,0.0008274663196061738,2.798e-06,0.0007221432024380192
1400,0.0014220894954632968,0.000933037961658556,0.0009243197637260891,2.8e-06,0.0007221432024380192
1401,0.0013586748682428151,0.0009710406302474439,0.0010088642447954044,2.8020000000000004e-06,0.0007221432024380192
1402,0.0014751120033906773,0.0008228411970776506,0.0008091003983281553,2.804e-06,0.0007221432024380192
1403,0.0013877818128094077,0.0009499207735643722,0.0008049209282035008,2.8060000000000003e-06,0.0007221432024380192
1404,0.0014293531712610275,0.0009795662554097362,0.0008911078766686842,2.808e-06,0.0007221432024380192
1405,0.0015477003762498498,0.0008618775027571246,0.0010202623161603697,2.81e-06,0.0007221432024380192
1406,0.0014605806936742738,0.0008457779113086872,0.0008914252684917301,2.8120000000000004e-06,0.0007221432024380192
1407,0.0013845087814843282,0.0008691322509548627,0.0009263566971640103,2.814e-06,0.0007221432024380192
1408,0.0013244552537798882,0.0007326363556785509,0.0008383997264900245,2.8160000000000002e-06,0.0007221432024380192
1409,0.0014708079543197528,0.0008258696834673174,0.0009101794639718719,2.8180000000000004e-06,0.0007221432024380192
1410,0.00141870258084964,0.0009288541768910363,0.000830089884402696,2.82e-06,0.0007221432024380192
1411,0.001416827377397567,0.0008361286672879942,0.0009447291522519663,2.8220000000000003e-06,0.0007221432024380192
1412,0.001447741684387438,0.0008580232097301632,0.0009267148125218228,2.824e-06,0.0007221432024380192
1413,0.001444225461455062,0.0008530084232916124,0.0009257458659703843,2.8260000000000006e-06,0.0007221432024380192
1414,0.001506081927800551,0.0009111459803534672,0.0009668253114796244,2.8280000000000003e-06,0.0007221432024380192
1415,0.0015095247072167695,0.0008443798215012066,0.0009032176021719351,2.8300000000000004e-06,0.0007221432024380192
1416,0.001397045693011023,0.0008163209931808524,0.0008491484986734577,2.832e-06,0.0007221432024380192
1417,0.0015455022221431136,0.0008591103032813407,0.000886490335687995,2.834e-06,0.0007221432024380192
1418,0.001404256370733492,0.0009150911937467754,0.0008641046879347414,2.8360000000000005e-06,0.0007221432024380192
1419,0.0013856687437510118,0.0009825494853430428,0.0010267327525070868,2.838e-06,0.0007221432024380192
1420,0.0013404635101323947,0.0009806840025703423,0.0008912990742828697,2.8400000000000003e-06,0.0007221432024380192
1421,0.0014341826463351026,0.0007915108872111887,0.0008179561264114454,2.842e-06,0.0007221432024380192
1422,0.0012601990601979196,0.0009299381999881007,0.0009314529379480518,2.8440000000000002e-06,0.0007221432024380192
1423,0.0012692835880443454,0.0008843982868711464,0.0008425001797149889,2.8460000000000004e-06,0.0007221432024380192
1424,0.0014011456223670393,0.0007761604429106228,0.000902664745808579,2.848e-06,0.0007221432024380192
1425,0.0014224543410819024,0.0008599197171861306,0.0008982739745988511,2.8500000000000002e-06,0.0007221432024380192
1426,0.0013576803321484476,0.0007854148425394669,0.0008919747124309652,2.8520000000000004e-06,0.0007221432024380192
1427,0.001396033723722212,0.0009083655022550374,0.0009676312547526322,2.854e-06,0.0007221432024380192
1428,0.0013339669239940122,0.0008935613659559749,0.0008799178031040356,2.8560000000000003e-06,0.0007221432024380192
1429,0.001404172566253692,0.0008477395240333863,0.0009610200140741654,2.858e-06,0.0007221432024380192
1430,0.0013258881808724254,0.0009066779093700461,0.0008955518496804871,2.8600000000000006e-06,0.0007221432024380192
1431,0.0013743699091719463,0.0008802180600469001,0.000887575326487422,2.8620000000000003e-06,0.0007221432024380192
1432,0.00141363829607144,0.0009670241779531352,0.0007743409660179168,2.864e-06,0.0007221432024380192
1433,0.0015284936089301482,0.000948072163737379,0.0010182300175074488,2.866e-06,0.0007221432024380192
1434,0.0014280363684520125,0.0008431705573457293,0.0009184264854411595,2.868e-06,0.0007221432024380192
1435,0.0014351439313031733,0.0009604238875908777,0.0008517601381754503,2.8700000000000005e-06,0.0007221432024380192
1436,0.0015852266078582034,0.0007959319118526764,0.0009607757165213116,2.872e-06,0.0007221432024380192
1437,0.0014857565693091601,0.0008489644242217764,0.0009414765809196979,2.8740000000000004e-06,0.0007221432024380192
1438,0.001487429632106796,0.0008826781995594501,0.0010440031546750106,2.876e-06,0.0007221432024380192
1439,0.0014160263817757368,0.0008084887740551494,0.0009070918022189289,2.8780000000000002e-06,0.0007221432024380192
1440,0.0013334318937268108,0.0008963869113358669,0.0008321589266415685,2.8800000000000004e-06,0.0007221432024380192
1441,0.0015811855846550316,0.0007940758296172135,0.0008587931806687266,2.882e-06,0.0007221432024380192
1442,0.0014890321908751503,0.0008401205559493974,0.0008642601023893803,2.8840000000000003e-06,0.0007221432024380192
1443,0.0014028564328327775,0.0009419267298653722,0.0009180816850857809,2.8860000000000004e-06,0.0007221432024380192
1444,0.001444594148779288,0.0008272989143733867,0.0009701696617412381,2.888e-06,0.0007221432024380192
1445,0.00143951534118969,0.0008063170098466799,0.0009494836340309121,2.8900000000000003e-06,0.0007221432024380192
1446,0.0013350709632504731,0.0009208212286466733,0.0007802576656104065,2.892e-06,0.0007221432024380192
1447,0.0014889335870975628,0.000864788016770035,0.0008647302020108327,2.8940000000000006e-06,0.0007221432024380192
1448,0.0014190844376571476,0.0008022950132726692,0.0008727202075533569,2.8960000000000003e-06,0.0007221432024380192
1449,0.0014594828535337001,0.000843531837745104,0.0008091895506368019,2.898e-06,0.0007221432024380192
1450,0.0014276238362072036,0.0008845501142786816,0.0009241759908036329,2.9e-06,0.0007221432024380192
1451,0.001478182733990252,0.0008109143236652017,0.0007901893040980212,2.902e-06,0.0007221432024380192
1452,0.0014193281240295619,0.0008728086686460301,0.0008496729205944575,2.9040000000000005e-06,0.0007221432024380192
1453,0.0013938566989963874,0.0008325234302901663,0.0009090632884181105,2.9060000000000002e-06,0.0007221432024380192
1454,0.0012548367958515882,0.0008128292029141448,0.0008066203008638695,2.9080000000000004e-06,0.0007221432024380192
1455,0.001372444021399133,0.0008493768473272212,0.0008312671125167981,2.91e-06,0.0007221432024380192
1456,0.0014443530380958691,0.0009009374844026752,0.0008907841111067683,2.9120000000000002e-06,0.0007221432024380192
1457,0.0015022548905108124,0.0009068735380424187,0.0009092979453271255,2.9140000000000004e-06,0.0007221432024380192
1458,0.0013300279824761674,0.0009665636025601998,0.0008336146056535654,2.916e-06,0.0007221432024380192
1459,0.0013424951466731727,0.0008671569084981456,0.0009236882906407118,2.9180000000000003e-06,0.0007221432024380192
1460,0.0012778648524545133,0.0009380899136886001,0.0009061725068022497,2.9200000000000004e-06,0.0007221432024380192
1461,0.0014973620418459177,0.0008786123871686868,0.0009165990632027388,2.922e-06,0.0007221432024380192
1462,0.0013666419981746003,0.0009592125716153532,0.0009753034537425265,2.9240000000000003e-06,0.0007221432024380192
1463,0.0015015289100119844,0.0009019782010000199,0.0008571815269533545,2.926e-06,0.0007221432024380192
1464,0.0013469466211972758,0.0008416027339990251,0.0009785904840100557,2.9280000000000006e-06,0.0007221432024380192
1465,0.0014803948142798617,0.0007840587059035897,0.000863076580571942,2.9300000000000003e-06,0.0007221432024380192
1466,0.0013267202011775225,0.000880128274729941,0.0009408338373759761,2.932e-06,0.0007221432024380192
1467,0.001307802856899798,0.0008465171267744154,0.0009198449042742141,2.934e-06,0.0007221432024380192
1468,0.0014778135082451627,0.0008960173654486425,0.0008149878049152903,2.936e-06,0.0007221432024380192
1469,0.0014864323457004502,0.0008194653273676522,0.0009176471503451467,2.9380000000000005e-06,0.0007221432024380192
1470,0.0013696924725081772,0.0010103543318109587,0.0009481502420385368,2.9400000000000002e-06,0.0007221432024380192
1471,0.0014434088516281918,0.000970034503552597,0.0008002846952877007,2.9420000000000004e-06,0.0007221432024380192
1472,0.0014195536350598559,0.0009073720939341001,0.0008525986122549511,2.944e-06,0.0007221432024380192
1473,0.0013173692277632654,0.0008696458535268903,0.0008923103960114531,2.9460000000000003e-06,0.0007221432024380192
1474,0.001300593081396073,0.0007921674696262926,0.0009251048104488291,2.9480000000000004e-06,0.0007221432024380192
1475,0.0013661498669534922,0.0009044859179994091,0.0008316075909533538,2.95e-06,0.0007221432024380192
1476,0.0014218491851352155,0.000800214009359479,0.0009097364236367866,2.9520000000000003e-06,0.0007221432024380192
1477,0.00141304217686411,0.0007986859054653905,0.0008956078163464554,2.9540000000000004e-06,0.0007221432024380192
1478,0.001356446009594947,0.0009421626527910121,0.0008559310736018233,2.956e-06,0.0007221432024380192
1479,0.001353393672616221,0.0009936446440406144,0.0009187860196107067,2.9580000000000003e-06,0.0007221432024380192
1480,0.001395237137330696,0.0008855330306687392,0.0008336893515661359,2.96e-06,0.0007221432024380192
1481,0.001399641769239679,0.0008353469092980959,0.0009553846466587856,2.962e-06,0.0007221432024380192
1482,0.0013456446176860482,0.0007759681320749223,0.0007952532760100439,2.9640000000000003e-06,0.0007221432024380192
1483,0.0013107059203321114,0.0008453670816379599,0.0008350254720426165,2.966e-06,0.0007221432024380192
1484,0.0013291214418131858,0.0008002844988368452,0.0008178602147381753,2.9680000000000002e-06,0.0007221432024380192
1485,0.0013162874820409343,0.0008761461212998256,0.0008562644288758747,2.97e-06,0.0007221432024380192
1486,0.0014239585143513978,0.000953353097429499,0.0009577767414157279,2.9720000000000005e-06,0.0007221432024380192
1487,0.0013483103102771565,0.0008210990054067224,0.0009331184555776417,2.9740000000000002e-06,0.0007221432024380192
1488,0.0014194175018928945,0.0009190965065499768,0.0008544438751414418,2.976e-06,0.0007221432024380192
1489,0.0013629748136736453,0.00087867822003318,0.0008086672314675525,2.978e-06,0.0007221432024380192
1490,0.0013936325995018706,0.0010521954463911243,0.0008039598178584129,2.9800000000000003e-06,0.0007221432024380192
1491,0.0013075435417704284,0.0008536998211639002,0.0008627707356936298,2.9820000000000004e-06,0.0007221432024380192
1492,0.001434499237802811,0.0008186649574781768,0.000770695274695754,2.984e-06,0.0007221432024380192
1493,0.0014053753984626383,0.0008167442865669727,0.0008320895867655054,2.9860000000000003e-06,0.0007221432024380192
1494,0.001314377659582533,0.0008739721088204533,0.000905913213500753,2.9880000000000004e-06,0.0007221432024380192
1495,0.0012898347195005044,0.0009090140665648505,0.0008229376035160385,2.99e-06,0.0007221432024380192
1496,0.0013870121183572337,0.0008565622629248537,0.0009543936903355643,2.9920000000000003e-06,0.0007221432024380192
1497,0.001377599619445391,0.0009198411280522123,0.0009179353073704988,2.994e-06,0.0007221432024380192
1498,0.0013487835676642135,0.0008868426157278009,0.0008719028628547676,2.996e-06,0.0007221432024380192
1499,0.0013827156217303127,0.0009180146516882814,0.0008164288738043979,2.9980000000000003e-06,0.0007221432024380192
1500,0.0012726646091323346,0.0008179241995094344,0.0008791659347480163,3e-06,0.0007221432024380192
1501,0.0013580456579802558,0.0008086157904472202,0.0009450186043977737,3.0020000000000002e-06,0.0007221432024380192
1502,0.0013007840607315302,0.0007727883275947534,0.0008602446032455191,3.004e-06,0.0007221432024380192
1503,0.0013520682987291366,0.0008033760241232812,0.0007719735658611171,3.0060000000000005e-06,0.0007221432024380192
1504,0.0013261408312246203,0.0008591682271799073,0.0007586099964100868,3.0080000000000003e-06,0.0007221432024380192
1505,0.0012986396322958171,0.0008289813195005991,0.0008360736537724733,3.01e-06,0.0007221432024380192
1506,0.0013257123209768906,0.0008094214863376692,0.0009012032096507028,3.012e-06,0.0007221432024380192
1507,0.0013979574432596564,0.000821558409370482,0.0007792717224219814,3.0140000000000003e-06,0.0007221432024380192
1508,0.0013232041674200445,0.000792801147326827,0.0009366695157950744,3.0160000000000004e-06,0.0007221432024380192
1509,0.0013553912285715342,0.0008479153984808363,0.0008559456036891788,3.018e-06,0.0007221432024380192
1510,0.001439807761926204,0.0008741294732317328,0.0007996041094884276,3.0200000000000003e-06,0.0007221432024380192
1511,0.0013700315175810829,0.0008196262351702899,0.000853406214446295,3.0220000000000005e-06,0.0007221432024380192
1512,0.0013874028954887763,0.0008417832723353058,0.0008423472172580659,3.024e-06,0.0007221432024380192
1513,0.001291805980145,0.0008919243555283174,0.0008361321451957338,3.0260000000000003e-06,0.0007221432024380192
1514,0.0016338805726263672,0.0008847670324030332,0.0009437911794520915,3.028e-06,0.0007221432024380192
1515,0.0014278158778324723,0.0008412033057538792,0.0008377298436244018,3.0300000000000002e-06,0.0007221432024380192
1516,0.0013519806088879704,0.0008753527872613631,0.0009318987940787338,3.0320000000000004e-06,0.0007221432024380192
1517,0.0013286406610859558,0.0008141286743921228,0.0008941216947278008,3.034e-06,0.0007221432024380192
1518,0.0013966248225187883,0.0009826442546909675,0.0008790372085059062,3.0360000000000002e-06,0.0007221432024380192
1519,0.0013459298352245241,0.0008545361415599473,0.0009006731488625519,3.038e-06,0.0007221432024380192
1520,0.0014336592139443383,0.0008766890750848688,0.0009585907537257299,3.0400000000000005e-06,0.0007221432024380192
1521,0.0013780243170913309,0.0009155447914963588,0.0010660732150427066,3.0420000000000003e-06,0.0007221432024380192
1522,0.0013619424280477688,0.000842984787595924,0.000833725236589089,3.044e-06,0.0007221432024380192
1523,0.0013417875597951934,0.0008424196785199456,0.0007985699776327237,3.046e-06,0.0007221432024380192
1524,0.0013470316916937009,0.0009264976761187427,0.000784742587711662,3.0480000000000003e-06,0.0007221432024380192
1525,0.0013433525746222585,0.0008945927766035311,0.0008626320995972492,3.0500000000000004e-06,0.0007221432024380192
1526,0.0013204649003455415,0.0008541069037164561,0.0008216389614972286,3.052e-06,0.0007221432024380192
1527,0.0013967761333333328,0.0009359280447824858,0.0007785542693454772,3.0540000000000003e-06,0.0007221432024380192
1528,0.0012835728120990098,0.000866684757056646,0.0008369521965505555,3.0560000000000005e-06,0.0007221432024380192
1529,0.0012178797624073923,0.000732056338165421,0.0009174751030514017,3.058e-06,0.0007221432024380192
1530,0.0014118983963271603,0.0008602117814007215,0.0010469283515703864,3.0600000000000003e-06,0.0007221432024380192
1531,0.0013725461612921208,0.0008109357659122907,0.0008599535358371213,3.062e-06,0.0007221432024380192
1532,0.001314313878538087,0.0007146496936911717,0.0008247592340921983,3.0640000000000002e-06,0.0007221432024380192
1533,0.0012957332364749163,0.000824894588731695,0.0008850281810737215,3.0660000000000004e-06,0.0007146496936911717
1534,0.001384220813633874,0.0007980627633514814,0.0008759142583585344,3.068e-06,0.0007146496936911717
1535,0.0014497735246550292,0.0008148263295879588,0.0009202735091093928,3.0700000000000003e-06,0.0007146496936911717
1536,0.001369845325825736,0.0008725185180082917,0.0008371768271899782,3.0720000000000004e-06,0.0007146496936911717
1537,0.0013336595584405586,0.001010757390758954,0.000936993135837838,3.0740000000000006e-06,0.0007146496936911717
1538,0.0012802040437236428,0.0008820569419185631,0.0008789359490037896,3.0760000000000003e-06,0.0007146496936911717
1539,0.0012726800050586462,0.0008132597067742608,0.0008799845163594,3.078e-06,0.0007146496936911717
1540,0.00135545500961598,0.0009194177255267277,0.0009474171820329502,3.08e-06,0.0007146496936911717
1541,0.0013098676718072966,0.0008944127985159867,0.0007653742504771799,3.0820000000000003e-06,0.0007146496936911717
1542,0.0013657735398737714,0.0008117666293401271,0.0009330927423434332,3.0840000000000005e-06,0.0007146496936911717
1543,0.001402810259605758,0.0008499448231304996,0.0009117618028540164,3.086e-06,0.0007146496936911717
1544,0.0013259045517770573,0.0008416866548941471,0.0009430934806005098,3.088e-06,0.0007146496936911717
1545,0.0012443505256669596,0.0008646418427815661,0.0010316060797777027,3.0900000000000005e-06,0.0007146496936911717
1546,0.001329379723756574,0.0008460578246740624,0.0009047299026860856,3.092e-06,0.0007146496936911717
1547,0.0013460435147862881,0.0007741151202935725,0.00099261987634236,3.0940000000000004e-06,0.0007146496936911717
1548,0.001328364625805989,0.000804722796601709,0.0008101475032162853,3.096e-06,0.0007146496936911717
1549,0.0013578965881606564,0.0008866681964718737,0.0007842497361707501,3.0980000000000002e-06,0.0007146496936911717
1550,0.0012966673384653404,0.0007315956390812062,0.0008036061117309146,3.1000000000000004e-06,0.0007146496936911717
1551,0.001346867429674603,0.0008655142592033371,0.0008701361293788068,3.102e-06,0.0007146496936911717
1552,0.0013363500765990466,0.0008484039135510102,0.00089443053730065,3.1040000000000003e-06,0.0007146496936911717
1553,0.001388977892929688,0.0007710081918048672,0.0008166263505700044,3.1060000000000004e-06,0.0007146496936911717
1554,0.0012258139759069309,0.0007496245161746629,0.0007478119659936056,3.108e-06,0.0007146496936911717
1555,0.0012377483362797648,0.0007973633910296485,0.0008474795395159163,3.1100000000000003e-06,0.0007146496936911717
1556,0.0012968931696377695,0.0009215193203999661,0.0007957714624353684,3.112e-06,0.0007146496936911717
1557,0.0013014368450967595,0.0008931296251830645,0.000830351586046163,3.114e-06,0.0007146496936911717
1558,0.0013964616664452478,0.0008044257629080676,0.0008368461567442864,3.1160000000000003e-06,0.0007146496936911717
1559,0.001194387485156767,0.0008746899402467534,0.0009200013591907918,3.1180000000000005e-06,0.0007146496936911717
1560,0.0013373564725043252,0.0007804779088473879,0.000820833578472957,3.12e-06,0.0007146496936911717
1561,0.0013062338257441297,0.0007558305806014687,0.0008952678836067207,3.122e-06,0.0007146496936911717
1562,0.0012910535151604563,0.000787693883467,0.0008206300699384883,3.1240000000000005e-06,0.0007146496936911717
1563,0.001348821257124655,0.0008169088905560784,0.0008196778217097744,3.1260000000000002e-06,0.0007146496936911717
1564,0.0013267094473121688,0.0007434671861119568,0.0008716758602531627,3.1280000000000004e-06,0.0007146496936911717
1565,0.0013179493398638442,0.0008036151266423985,0.0008501018819515593,3.13e-06,0.0007146496936911717
1566,0.0013246222079033032,0.0007512369120377116,0.0008013443439267576,3.1320000000000003e-06,0.0007146496936911717
1567,0.0012750446476275101,0.0008673600241309032,0.0008553502048016526,3.134e-06,0.0007146496936911717
1568,0.0013492689759004861,0.0009201777575071901,0.0010028912874986418,3.1360000000000006e-06,0.0007146496936911717
1569,0.0012341424589976668,0.0008381284860661253,0.0008266904187621549,3.1380000000000007e-06,0.0007146496936911717
1570,0.0012755797506542876,0.0007758952997392043,0.0007872782298363745,3.1400000000000004e-06,0.0007146496936911717
1571,0.0013818179431837052,0.0007754223479423672,0.0008774620218900964,3.142e-06,0.0007146496936911717
1572,0.001248896587640047,0.000901377250556834,0.0009034592148964293,3.1440000000000003e-06,0.0007146496936911717
1573,0.0011626527993939817,0.000912640753085725,0.0009110654136748053,3.146e-06,0.0007146496936911717
1574,0.0012746575666824356,0.0008000332891242579,0.0007420831825584173,3.148e-06,0.0007146496936911717
1575,0.0013376579008763656,0.0008876917054294609,0.0007826311193639413,3.15e-06,0.0007146496936911717
1576,0.0012086725037079304,0.0008042263361858204,0.0008485036887577735,3.152e-06,0.0007146496936911717
1577,0.0013620740501210093,0.0008326807219418697,0.000810532335890457,3.1540000000000006e-06,0.0007146496936911717
1578,0.0013946567050879821,0.0007768890936858952,0.0007363038093899377,3.1560000000000004e-06,0.0007146496936911717
1579,0.001266633436898701,0.0008456668219878338,0.0008479243842884898,3.1580000000000005e-06,0.0007146496936911717
1580,0.0012977591613889672,0.000908466761757154,0.0008421285529038869,3.1600000000000002e-06,0.0007146496936911717
1581,0.0014183564198901877,0.0009208812844008207,0.0007599956225021742,3.1620000000000004e-06,0.0007146496936911717
1582,0.0012370073818601668,0.0008811854931991547,0.0008330773998750374,3.164e-06,0.0007146496936911717
1583,0.0012949699012096971,0.0008821211886242963,0.0009256771227228455,3.1660000000000003e-06,0.0007146496936911717
1584,0.0013264950684970245,0.0007866401647333987,0.0008301286870846525,3.168e-06,0.0007146496936911717
1585,0.0013226549490354955,0.0007489920790249016,0.0007876653326093219,3.1700000000000006e-06,0.0007146496936911717
1586,0.0012867791374446824,0.0008943069042288698,0.0008312551435665227,3.1720000000000007e-06,0.0007146496936911717
1587,0.0013283185980981216,0.0008945752269937657,0.0007720679059275426,3.1740000000000004e-06,0.0007146496936911717
1588,0.0012678617931669578,0.0008824398173601367,0.0008526222300133668,3.176e-06,0.0007146496936911717
1589,0.001409598407917656,0.0009235263132723048,0.0008900802058633417,3.1780000000000003e-06,0.0007146496936911717
1590,0.0013214438949944451,0.000770134742197115,0.000849228395964019,3.18e-06,0.0007146496936911717
1591,0.0012451356888050213,0.0008022501206141897,0.0008795459798420779,3.182e-06,0.0007146496936911717
1592,0.0012259387149242684,0.0007777597129461356,0.0008662597829243168,3.184e-06,0.0007146496936911717
1593,0.0012318871522438712,0.0007706862961640581,0.0008741991550778039,3.186e-06,0.0007146496936911717
1594,0.0012709138536592945,0.000732654043531511,0.0007907640465418808,3.1880000000000006e-06,0.0007146496936911717
1595,0.0012370789336273447,0.0007197012964752503,0.0007847839733585715,3.1900000000000004e-06,0.0007146496936911717
1596,0.0011599810823099688,0.0008742380232433788,0.0007595351489726454,3.1920000000000005e-06,0.0007146496936911717
1597,0.0011894970230059698,0.0008176672126865014,0.0008631187884020619,3.1940000000000003e-06,0.0007146496936911717
1598,0.0012874920357717201,0.0008506398007739335,0.0007719253408140503,3.1960000000000004e-06,0.0007146496936911717
1599,0.0012386543239699677,0.0007710808495176025,0.0007985257325344719,3.198e-06,0.0007146496936911717
1600,0.0012598264875123277,0.0008068149327300489,0.0008995323878480121,3.2e-06,0.0007146496936911717
1601,0.0012481531157391146,0.0007579655357403681,0.0007797209909767844,3.202e-06,0.0007146496936911717
1602,0.0013312615628819913,0.0008254505228251219,0.0009982268238672987,3.2040000000000006e-06,0.0007146496936911717
1603,0.0012324777053436264,0.0008426161730312742,0.0008020566674531437,3.2060000000000003e-06,0.0007146496936911717
1604,0.0013078752235742286,0.0007634955836692825,0.0008188104766304605,3.2080000000000005e-06,0.0007146496936911717
1605,0.001261503275600262,0.0009224984314641915,0.0008249620659626089,3.21e-06,0.0007146496936911717
1606,0.001322364856605418,0.0008734575749258511,0.0008597319829277694,3.2120000000000003e-06,0.0007146496936911717
1607,0.0012781955156242475,0.0008944415967562236,0.0008643590008432511,3.214e-06,0.0007146496936911717
1608,0.0011795785394497216,0.0008081484556896612,0.0008168054555426352,3.216e-06,0.0007146496936911717
1609,0.0012265045079402626,0.0008066804075497203,0.0009715297201182693,3.218e-06,0.0007146496936911717
1610,0.0011348401458235458,0.0007540333681390621,0.0008405322005273774,3.22e-06,0.0007146496936911717
1611,0.0012179208570159972,0.0007832367882656399,0.000890867187990807,3.2220000000000007e-06,0.0007146496936911717
1612,0.001224847772391513,0.0008351455981028266,0.0007915507594589144,3.2240000000000004e-06,0.0007146496936911717
1613,0.0012599135661730543,0.0008212721295421943,0.0009654732057242654,3.2260000000000005e-06,0.0007146496936911717
1614,0.0013740363792749122,0.0009103601914830506,0.0007578734221169725,3.2280000000000003e-06,0.0007146496936911717
1615,0.001349206388113089,0.0006933001859579235,0.0008444802442681976,3.2300000000000004e-06,0.0007146496936911717
1616,0.0012509646476246417,0.0006932038522791117,0.000841199500428047,3.232e-06,0.0006933001859579235
1617,0.00116354925557971,0.0008404907130170614,0.000870564763317816,3.234e-06,0.0006932038522791117
1618,0.0011561557330423966,0.0008085116787697189,0.0007438352768076584,3.236e-06,0.0006932038522791117
1619,0.0012294597254367545,0.0008592033118475229,0.000795141102571506,3.2380000000000006e-06,0.0006932038522791117
1620,0.0011894723575096577,0.0007265287931659259,0.0010215907313977368,3.2400000000000003e-06,0.0006932038522791117
1621,0.0010998754660249688,0.0007891836576163769,0.0008583061644458212,3.2420000000000005e-06,0.0006932038522791117
1622,0.001168372022220865,0.0007340686934185214,0.0007324117614189163,3.244e-06,0.0006932038522791117
1623,0.0011172594386152923,0.0007755205806461163,0.000672360689350171,3.2460000000000003e-06,0.0006932038522791117
1624,0.0011788572155637667,0.0007306410334422253,0.0007154335762606934,3.248e-06,0.0006932038522791117
1625,0.0011908940359717235,0.0007851301197661087,0.0008868735894793645,3.2500000000000002e-06,0.0006932038522791117
1626,0.0012536563735920936,0.0007164424969232641,0.0008207934079109691,3.252e-06,0.0006932038522791117
1627,0.001105598348658532,0.000907112960703671,0.0008360837600775994,3.254e-06,0.0006932038522791117
1628,0.0011521233100211248,0.0007787617869325913,0.0008256523433374241,3.2560000000000007e-06,0.0006932038522791117
1629,0.0012280288938200101,0.000833425612654537,0.0008541402057744563,3.2580000000000004e-06,0.0006932038522791117
1630,0.0013070657150819898,0.0007718865817878395,0.0007810265451553278,3.2600000000000006e-06,0.0006932038522791117
1631,0.001168370567029342,0.0008998356279334985,0.0007817611985956319,3.2620000000000003e-06,0.0006932038522791117
1632,0.001304221135796979,0.0007533433818025514,0.0007050493950373493,3.2640000000000004e-06,0.0006932038522791117
1633,0.0011149153724545613,0.0008932681448641233,0.0007736717161606066,3.266e-06,0.0006932038522791117
1634,0.0011203569229110144,0.0007548150606453419,0.000849175667099189,3.268e-06,0.0006932038522791117
1635,0.0011326414023642428,0.0008273170969914645,0.0007907949257059954,3.27e-06,0.0006932038522791117
1636,0.0012720056110993028,0.0008747527535888366,0.0007622960838489234,3.2720000000000006e-06,0.0006932038522791117
1637,0.0010823356933542527,0.00075551444751909,0.0007702125258219894,3.2740000000000003e-06,0.0006932038522791117
1638,0.001164932458777912,0.0008774173984420486,0.0009544721324346028,3.2760000000000005e-06,0.0006932038522791117
1639,0.0010806365971802734,0.0006987738379393704,0.0007929634302854538,3.278e-06,0.0006932038522791117
1640,0.0011230932723265141,0.0007888257678132504,0.0007773208708385937,3.2800000000000004e-06,0.0006932038522791117
1641,0.0011157800327055156,0.0008673543052282184,0.0007104702235665172,3.282e-06,0.0006932038522791117
1642,0.0011897318036062643,0.0006706840213155374,0.0007980725058587268,3.2840000000000002e-06,0.0006932038522791117
1643,0.0011598780693020672,0.0008059105530264787,0.0007541417071479373,3.286e-06,0.0006706840213155374
1644,0.001152748394815717,0.0008203231554944068,0.0006511583633255213,3.288e-06,0.0006706840213155374
1645,0.0011432495957706124,0.0007784654808347113,0.0007462101057171822,3.2900000000000007e-06,0.0006706840213155374
1646,0.0012501994424383156,0.0007401424445561133,0.0008460876997560263,3.2920000000000004e-06,0.0006706840213155374
1647,0.0010546532503212802,0.0007629237879882567,0.0008009120938368142,3.2940000000000006e-06,0.0006706840213155374
1648,0.0011802219451055862,0.0006468884348578285,0.0006501823445432819,3.2960000000000003e-06,0.0006706840213155374
1649,0.0012162347848061472,0.0007706963297096081,0.0008042508707148954,3.2980000000000004e-06,0.0006468884348578285
1650,0.0011318148899590597,0.0007749488941044547,0.0007315963448490947,3.3e-06,0.0006468884348578285
1651,0.0011380372307030484,0.0009071972817764618,0.0007815174176357687,3.302e-06,0.0006468884348578285
1652,0.0011416025008657016,0.0007603817284689285,0.0008996182514238171,3.304e-06,0.0006468884348578285
1653,0.0011554161537787877,0.0007659189286641777,0.0007235400371428113,3.3060000000000006e-06,0.0006468884348578285
1654,0.0011586078617256135,0.0008340153435710818,0.0007967944111442193,3.3080000000000003e-06,0.0006468884348578285
1655,0.0011777464023907669,0.0008592098456574604,0.0007259880512719974,3.3100000000000005e-06,0.0006468884348578285
1656,0.0011793673184001818,0.0007771621676511131,0.0008046492148423567,3.3120000000000002e-06,0.0006468884348578285
1657,0.0010940795982605778,0.0007286086474778131,0.000728122889995575,3.3140000000000004e-06,0.0006468884348578285
1658,0.0011006611166521907,0.0008301464113174006,0.0007775815829518251,3.316e-06,0.0006468884348578285
1659,0.001137317085522227,0.0008253421910922043,0.0007227701062220149,3.3180000000000003e-06,0.0006468884348578285
1660,0.001254678820259869,0.0007075859612086788,0.0007072127918945625,3.32e-06,0.0006468884348578285
1661,0.0010769258806249127,0.0008227963553508744,0.0006514247834275011,3.322e-06,0.0006468884348578285
1662,0.0011301515332888812,0.0008351277938345447,0.0008641533204354346,3.3240000000000007e-06,0.0006468884348578285
1663,0.001113216050725896,0.0008058102539507672,0.0006231712904991582,3.3260000000000004e-06,0.0006468884348578285
1664,0.0012139593454776332,0.0007663947399123572,0.0006191400789248291,3.3280000000000006e-06,0.0006468884348578285
1665,0.001170117815490812,0.000724653946235776,0.0007669913320569322,3.3300000000000003e-06,0.0006468884348578285
1666,0.0011560543571249582,0.0009219973144354299,0.0008591795194661245,3.332e-06,0.0006468884348578285
1667,0.0011268158996244892,0.0007514919125242159,0.0007589302040287293,3.334e-06,0.0006468884348578285
1668,0.0011639909353107214,0.0008432712565991096,0.0007487174079869874,3.336e-06,0.0006468884348578285
1669,0.0011293621209915727,0.0008251452891272493,0.0006996886295382865,3.338e-06,0.0006468884348578285
1670,0.0011189459473825991,0.0006965426728129387,0.0006374199510901235,3.3400000000000006e-06,0.0006468884348578285
1671,0.0010497151015442796,0.0007893100046203472,0.0006908926588948816,3.3420000000000004e-06,0.0006468884348578285
1672,0.0011316565723973326,0.0007808485315763392,0.000753494787204545,3.3440000000000005e-06,0.0006468884348578285
1673,0.0012120096216676757,0.0007381112227449194,0.0007046781429380644,3.3460000000000002e-06,0.0006468884348578285
1674,0.0012529597224784084,0.0008647406211821362,0.000761055009206757,3.3480000000000004e-06,0.0006468884348578285
1675,0.0010456236195750535,0.0008110697017400526,0.0007322291130549274,3.35e-06,0.0006468884348578285
1676,0.0011564526066649705,0.0009412132203578949,0.0006991513837419916,3.3520000000000003e-06,0.0006468884348578285
1677,0.0011333575894241221,0.000721210461051669,0.0006973114795982838,3.354e-06,0.0006468884348578285
1678,0.0011329582484904677,0.0008231381434598006,0.000859726540511474,3.356e-06,0.0006468884348578285
1679,0.001276146445889026,0.000680298573570326,0.000742514748708345,3.3580000000000007e-06,0.0006468884348578285
1680,0.0011727573073585518,0.0005823276114824694,0.0007146876050683204,3.3600000000000004e-06,0.0006468884348578285
1681,0.0011580274440348148,0.0007714616076555103,0.0006469857398769818,3.3620000000000006e-06,0.0005823276114824694
1682,0.001265682847588323,0.0007820191967766732,0.0007233022042782977,3.3640000000000003e-06,0.0005823276114824694
1683,0.0010988839421770535,0.0008138101329677738,0.0008039697859203443,3.366e-06,0.0005823276114824694
1684,0.0010858950481633656,0.0008330546334036626,0.0007830140530131757,3.368e-06,0.0005823276114824694
1685,0.0012769176973961294,0.0007439528635586612,0.000739258983230684,3.37e-06,0.0005823276114824694
1686,0.0011123001750092953,0.0008440995588898659,0.0007715274223301094,3.372e-06,0.0005823276114824694
1687,0.0011377119371900335,0.0009080388517759275,0.0006486106940428726,3.3740000000000006e-06,0.0005823276114824694
1688,0.0010031259516836144,0.0008402849925914779,0.0007903860678197816,3.3760000000000004e-06,0.0005823276114824694
1689,0.0011768762051360682,0.0006935525088920258,0.0007298504933714867,3.3780000000000005e-06,0.0005823276114824694
1690,0.001146158218034543,0.0008250206446973607,0.0006884938993607648,3.3800000000000002e-06,0.0005823276114824694
1691,0.001171738185803406,0.0006832975341239944,0.0009130993930739351,3.3820000000000004e-06,0.0005823276114824694
1692,0.0011510418917168863,0.0008151900183293037,0.0007326699924306013,3.384e-06,0.0005823276114824694
1693,0.0010284221934853122,0.0007513320597354323,0.0006131016816652846,3.3860000000000003e-06,0.0005823276114824694
1694,0.0012051852681906894,0.0008626274648122489,0.0006671982482657768,3.388e-06,0.0005823276114824694
1695,0.0010657034581527114,0.0008837333807605319,0.0007051986322039738,3.39e-06,0.0005823276114824694
1696,0.0012091668759239838,0.0007935068424558267,0.000821427434857469,3.3920000000000007e-06,0.0005823276114824694
1697,0.00106120303098578,0.0007103032767190598,0.0007201829939731397,3.3940000000000005e-06,0.0005823276114824694
1698,0.0011638228461379185,0.0008641250860819127,0.0008495254878653213,3.3960000000000006e-06,0.0005823276114824694
1699,0.001132499222876504,0.0008649248047731817,0.0008069189789239317,3.3980000000000003e-06,0.0005823276114824694
1700,0.0011490575852803886,0.0006860143766971305,0.0007765268164803274,3.4e-06,0.0005823276114824694
1701,0.001057240369846113,0.0009132130508078262,0.0007483450099243782,3.402e-06,0.0005823276114824694
1702,0.0011675893401843496,0.0006684809995931573,0.0007286738182301633,3.404e-06,0.0005823276114824694
1703,0.0011223708424950019,0.0007940897194202989,0.000869867428264115,3.406e-06,0.0005823276114824694
1704,0.001247231470188126,0.000621007384324912,0.0006948090085643344,3.4080000000000007e-06,0.0005823276114824694
1705,0.0012092729448340833,0.0007379712333204225,0.000667517331748968,3.4100000000000004e-06,0.0005823276114824694
1706,0.0010292649240000173,0.0006895277183502913,0.0008096146266325377,3.4120000000000005e-06,0.0005823276114824694
1707,0.0012090548843843862,0.0007458045292878523,0.0006468380997830536,3.4140000000000003e-06,0.0005823276114824694
1708,0.0010200993056059815,0.0008967871108325198,0.0007804592605680227,3.4160000000000004e-06,0.0005823276114824694
1709,0.0010375991623732261,0.0007589104206999764,0.0007113227402442135,3.418e-06,0.0005823276114824694
1710,0.0012015504180453718,0.000813910344731994,0.0007015115188551135,3.4200000000000003e-06,0.0005823276114824694
1711,0.001167845111922361,0.0007706847609370016,0.0007104398173396476,3.422e-06,0.0005823276114824694
1712,0.0011460661116871051,0.0007193543315224815,0.0007292469126696233,3.424e-06,0.0005823276114824694
1713,0.0010779956937767565,0.0008440977035206743,0.0007612542467541061,3.4260000000000007e-06,0.0005823276114824694
1714,0.0011370613792678341,0.0007911315187811852,0.0005438572006823961,3.4280000000000005e-06,0.0005823276114824694
1715,0.001069505226041656,0.0007555800257250667,0.0007636648806510493,3.4300000000000006e-06,0.0005823276114824694
1716,0.001140413551183883,0.0007683387375436723,0.0005889387357456144,3.4320000000000003e-06,0.0005823276114824694
1717,0.0012026890326524153,0.0008067952876444906,0.0006320553729892708,3.434e-06,0.0005823276114824694
1718,0.0010996292185154743,0.0006722050602547824,0.0007531036753789522,3.4360000000000002e-06,0.0005823276114824694
1719,0.0012089886222383939,0.0007293696471606381,0.0008378314450965263,3.438e-06,0.0005823276114824694
1720,0.0010626407602103427,0.0006545315736730117,0.0007217387756099924,3.44e-06,0.0005823276114824694
1721,0.001187058791401796,0.0006996569063630886,0.0007518239799537696,3.4420000000000007e-06,0.0005823276114824694
1722,0.0010365090201958083,0.000797515269368887,0.0006545960750372615,3.4440000000000004e-06,0.0005823276114824694
1723,0.0011819076316896826,0.0007094663233147003,0.0006855961146357004,3.4460000000000005e-06,0.0005823276114824694
1724,0.0010882247806875966,0.0008192906389012933,0.0009310487075708807,3.4480000000000003e-06,0.0005823276114824694
1725,0.0010911618446698412,0.0007003354767221026,0.0006052071330486797,3.4500000000000004e-06,0.0005823276114824694
1726,0.0010486156461411156,0.0007637152993993368,0.0006485242556664161,3.452e-06,0.0005823276114824694
1727,0.001103604125091806,0.0006801886192988604,0.0007501449872506782,3.4540000000000003e-06,0.0005823276114824694
1728,0.0011042209225706756,0.0008087194655672647,0.0006854949242551811,3.456e-06,0.0005823276114824694
1729,0.0011868964793393388,0.0007936111578601412,0.0007095603214111179,3.4579999999999998e-06,0.0005823276114824694
1730,0.0010694509401218966,0.0007119892288756091,0.0008110329072223976,3.4600000000000008e-06,0.0005823276114824694
1731,0.0012830932973884046,0.0005959562622592784,0.0006252308157854713,3.4620000000000005e-06,0.0005823276114824694
1732,0.0010284638410666957,0.0008448428779956885,0.0006081310530134942,3.464e-06,0.0005823276114824694
1733,0.0011096452217316255,0.0006664794200332835,0.0007074717941577546,3.4660000000000004e-06,0.0005823276114824694
1734,0.0010846325094462372,0.0007507235786761157,0.0006053382967365906,3.468e-06,0.0005823276114824694
1735,0.001068068559106905,0.0006309893069555983,0.0006890205113450065,3.4700000000000002e-06,0.0005823276114824694
1736,0.00101443085441133,0.000934918352868408,0.000686704705003649,3.472e-06,0.0005823276114824694
1737,0.0010836663714144379,0.0007991638558451086,0.0005712703750759829,3.474e-06,0.0005823276114824694
1738,0.0010600797832012177,0.0006443644597311504,0.0007302235208044294,3.4760000000000007e-06,0.0005823276114824694
1739,0.0010910127239185385,0.000728761911886977,0.0006069105329515878,3.4780000000000004e-06,0.0005823276114824694
1740,0.0011761406130972318,0.0006671830051345751,0.0006994279101490974,3.4800000000000006e-06,0.0005823276114824694
1741,0.0011502106790430844,0.0006462094170274213,0.0008015681160031818,3.4820000000000003e-06,0.0005823276114824694
1742,0.001072606690286193,0.0007275959142134525,0.0007685447344556451,3.4840000000000004e-06,0.0005823276114824694
1743,0.001022644377371762,0.0006989203902776353,0.0007295153409359045,3.486e-06,0.0005823276114824694
1744,0.0010745023246272467,0.0007777220525895245,0.0007091459265211597,3.4880000000000003e-06,0.0005823276114824694
1745,0.0011544371445779689,0.0006145609077066183,0.0007253791554830968,3.49e-06,0.0005823276114824694
1746,0.001059817754139658,0.0006863398375571705,0.000581771535507869,3.4919999999999998e-06,0.0005823276114824694
1747,0.0010720754798967391,0.0006358090467983857,0.0005858352960785851,3.4940000000000008e-06,0.0005823276114824694
1748,0.001076578198990319,0.0005605867881968152,0.0006172354405862279,3.4960000000000005e-06,0.0005823276114824694
1749,0.0010998569923685864,0.0007492400363844354,0.0006397524703061208,3.4980000000000002e-06,0.0005605867881968152
1750,0.0010704461674322374,0.0006720743476762436,0.0006114840798545629,3.5000000000000004e-06,0.0005605867881968152
1751,0.0010703380830818787,0.0006805526572861709,0.000672342604957521,3.502e-06,0.0005605867881968152
1752,0.001128537958720699,0.0007129272344172932,0.0007564510960946791,3.5040000000000002e-06,0.0005605867881968152
1753,0.0010970235816785134,0.0007545062690041959,0.0007151886056817602,3.506e-06,0.0005605867881968152
1754,0.0010281845170538872,0.000624352200247813,0.0005575430004682858,3.508e-06,0.0005605867881968152
1755,0.0012133681957493536,0.0006755751492164563,0.0005872222463949583,3.5100000000000007e-06,0.0005605867881968152
1756,0.0010692946380004287,0.0006641422514803708,0.000611374169238843,3.5120000000000004e-06,0.0005605867881968152
1757,0.0010800747986650094,0.0007131228630896658,0.0005956539353064727,3.5140000000000006e-06,0.0005605867881968152
1758,0.00102695247187512,0.0006760908872820437,0.0008562757720937952,3.5160000000000003e-06,0.0005605867881968152
1759,0.0011461717949714512,0.0006526672805193812,0.0006084516971895937,3.5180000000000005e-06,0.0005605867881968152
1760,0.0009986544973799028,0.0006681674785795622,0.0005717216008633841,3.52e-06,0.0005605867881968152
1761,0.0012495455375756137,0.0007291937145055272,0.000625410488282796,3.5220000000000003e-06,0.0005605867881968152
1762,0.001086943520931527,0.0006882841807964724,0.0006669050962955225,3.524e-06,0.0005605867881968152
1763,0.0011432083119871095,0.0006189958803588524,0.0006770926665922161,3.5259999999999998e-06,0.0005605867881968152
1764,0.0010538999049458653,0.0007201865046226885,0.0006119755526015069,3.5280000000000008e-06,0.0005605867881968152
1765,0.0011068920575780794,0.0006650007780990563,0.0005830549962411169,3.5300000000000005e-06,0.0005605867881968152
1766,0.0009434253006475046,0.0006653941381955519,0.0005769751442130655,3.5320000000000002e-06,0.0005605867881968152
1767,0.0009981434413930401,0.0006905271511641331,0.0007066857288009487,3.5340000000000004e-06,0.0005605867881968152
1768,0.0010919634369201958,0.0006296887040662114,0.0006042495006113313,3.536e-06,0.0005605867881968152
1769,0.0010400844548712485,0.0008459885211777873,0.0007419066787406337,3.5380000000000003e-06,0.0005605867881968152
1770,0.001104890412534587,0.000640315753116738,0.0006410962378140539,3.54e-06,0.0005605867881968152
1771,0.001128463278291747,0.0006829202829976566,0.0006656450532318559,3.542e-06,0.0005605867881968152
1772,0.0010974849428748712,0.0007746860646875575,0.0005608945903077256,3.5440000000000007e-06,0.0005605867881968152
1773,0.0009575348740327172,0.0008053025449044071,0.0007195725775090978,3.5460000000000004e-06,0.0005605867881968152
1774,0.001224369800183922,0.0008060463660513051,0.0007044136436888948,3.5480000000000006e-06,0.0005605867881968152
1775,0.0011819398132502101,0.0006303115005721338,0.0007403508716379292,3.5500000000000003e-06,0.0005605867881968152
1776,0.0010357855062466115,0.0007097102934494615,0.000563535388209857,3.5520000000000005e-06,0.0005605867881968152
1777,0.001040558097884059,0.0008478988384013064,0.0006206670441315509,3.554e-06,0.0005605867881968152
1778,0.0010346034905523993,0.0006583398862858303,0.000767471192375524,3.5560000000000003e-06,0.0005605867881968152
1779,0.0010940605789073743,0.0006557386332133319,0.0005982697912259027,3.558e-06,0.0005605867881968152
1780,0.0010138822835870087,0.000775817155954428,0.0006199411400302779,3.56e-06,0.0005605867881968152
1781,0.0010242701246170327,0.0005414894803834613,0.0006390776325133629,3.562000000000001e-06,0.0005605867881968152
1782,0.0009898287025862373,0.0007005030456639361,0.0007597870790050365,3.5640000000000005e-06,0.0005414894803834613
1783,0.0011160074936924502,0.0007300857796508353,0.0006158959076856263,3.5660000000000002e-06,0.0005414894803834613
1784,0.0010780615048133768,0.0007676155291846953,0.0006668157657259144,3.5680000000000004e-06,0.0005414894803834613
1785,0.0011304256622679532,0.0006154878828965593,0.0006730239911121316,3.57e-06,0.0005414894803834613
1786,0.0010094233366544358,0.0007580040037282743,0.0009062727622222155,3.5720000000000003e-06,0.0005414894803834613
1787,0.001140109910920728,0.0007352773318416439,0.0006693787836411502,3.574e-06,0.0005414894803834613
1788,0.0010466811145306565,0.0008462471705570351,0.0006391844945028424,3.576e-06,0.0005414894803834613
1789,0.0011268839953118004,0.0006788947357563302,0.0007345290614466649,3.5780000000000007e-06,0.0005414894803834613
1790,0.0010130492228199728,0.0007009062937868293,0.0006302075307758059,3.5800000000000005e-06,0.0005414894803834613
1791,0.0010920840868493542,0.0006244987525860779,0.0006893742465763353,3.5820000000000006e-06,0.0005414894803834613
1792,0.0011163933595526032,0.0006397491633833852,0.0006763922428945079,3.5840000000000003e-06,0.0005414894803834613
1793,0.0009459464999963529,0.0006656361765635666,0.0005715252336813137,3.5860000000000005e-06,0.0005414894803834613
1794,0.0010859748799703084,0.0006376371347869281,0.0006920000341779087,3.588e-06,0.0005414894803834613
1795,0.0010260509006911889,0.0006637633996433578,0.0005938074245932512,3.59e-06,0.0005414894803834613
1796,0.0010856994485948235,0.0006213642991497181,0.0007313571841223165,3.592e-06,0.0005414894803834613
1797,0.0010656245722202584,0.0006184162339195609,0.0006090452588978224,3.594e-06,0.0005414894803834613
1798,0.0010250001651002094,0.0007182621920946985,0.0007593179107061587,3.5960000000000004e-06,0.0005414894803834613
1799,0.0011841914019896649,0.0007554279654868878,0.0006722350372001529,3.5980000000000005e-06,0.0005414894803834613
1800,0.0011387038757675327,0.00057873534024111,0.0006698416327708401,3.6000000000000003e-06,0.0005414894803834613
1801,0.0010570566082606092,0.0006882351626700256,0.00063565615346306,3.6020000000000004e-06,0.0005414894803834613
1802,0.0010570466474746354,0.0006524750933749601,0.0005702861417375971,3.604e-06,0.0005414894803834613
1803,0.0011189266879227944,0.0008399967919103801,0.0007154773265938275,3.6060000000000003e-06,0.0005414894803834613
1804,0.0011397138878237456,0.0007358267030213028,0.0006557700980920345,3.608e-06,0.0005414894803834613
1805,0.0009486451090197079,0.0006811744897277094,0.0006267406643019058,3.61e-06,0.0005414894803834613
1806,0.0010027535245171748,0.000634791336779017,0.0007546214474132285,3.6120000000000007e-06,0.0005414894803834613
1807,0.0009863113227766007,0.0007313101814361289,0.0006627451766689774,3.6140000000000005e-06,0.0005414894803834613
1808,0.0010254379449179396,0.0007876825548009947,0.0006191257343743928,3.6160000000000006e-06,0.0005414894803834613
1809,0.001138374318543356,0.0006671680930594448,0.0006184845587995369,3.6180000000000003e-06,0.0005414894803834613
1810,0.001058362438925542,0.0007621105760335922,0.0007073070519254543,3.6200000000000005e-06,0.0005414894803834613
1811,0.0011489211829029955,0.0006246361808734946,0.000731876767531503,3.6220000000000002e-06,0.0005414894803834613
1812,0.0011746213713195175,0.0007643473072675988,0.0006317351871985011,3.624e-06,0.0005414894803834613
1813,0.001138968436862342,0.0005867618892807513,0.0008587516058469191,3.626e-06,0.0005414894803834613
1814,0.0010408310481579974,0.0006492681786767207,0.0006346470072458033,3.628e-06,0.0005414894803834613
1815,0.0011826071786344983,0.000687580894009443,0.0006463130557676777,3.6300000000000004e-06,0.0005414894803834613
1816,0.0010251362691633403,0.0006935243727639318,0.0007511784715461545,3.6320000000000005e-06,0.0005414894803834613
1817,0.001172277654404752,0.0007963266543811187,0.000631180104392115,3.6340000000000003e-06,0.0005414894803834613
1818,0.0010508310078876093,0.0007252291215991136,0.0005506719207915012,3.6360000000000004e-06,0.0005414894803834613
1819,0.0011165306787006557,0.0006415550014935434,0.0007753388563287444,3.638e-06,0.0005414894803834613
1820,0.0010874894724111073,0.0006378896177920979,0.0007124503463273868,3.6400000000000003e-06,0.0005414894803834613
1821,0.001093237216991838,0.000683277721691411,0.0006504751436295919,3.642e-06,0.0005414894803834613
1822,0.0010123635656782426,0.0007647341226402204,0.0006680577280349098,3.644e-06,0.0005414894803834613
1823,0.0009734775594552048,0.000708257888618391,0.0006473386347352061,3.6460000000000008e-06,0.0005414894803834613
1824,0.001060764552676119,0.0006283928378252313,0.0006360802944982424,3.6480000000000005e-06,0.0005414894803834613
1825,0.0010118593272636645,0.0007227657551993616,0.0007157242871471681,3.6500000000000006e-06,0.0005414894803834613
1826,0.0010095837933477014,0.0007582304388051853,0.0008103057116386481,3.6520000000000004e-06,0.0005414894803834613
1827,0.0011209768636035733,0.0007350924570346251,0.0006723885308019817,3.6540000000000005e-06,0.0005414894803834613
1828,0.0010529611390666105,0.000680809094774304,0.0005958147448836826,3.6560000000000002e-06,0.0005414894803834613
1829,0.0010273316511302255,0.0007696470929658972,0.000665897321596276,3.658e-06,0.0005414894803834613
1830,0.0010096217520185746,0.0006921428284840658,0.0006080105740693398,3.66e-06,0.0005414894803834613
1831,0.0009040731238201261,0.0008507486709277146,0.0005464067435241304,3.662e-06,0.0005414894803834613
1832,0.001075338434020523,0.000737691116228234,0.0006136696210887749,3.6640000000000004e-06,0.0005414894803834613
1833,0.0010267902907798998,0.0005748319599661045,0.0006915042467880994,3.6660000000000006e-06,0.0005414894803834613
1834,0.0010740653888205998,0.0006345332512864843,0.0008105545493890531,3.6680000000000003e-06,0.0005414894803834613
1835,0.0010441144258948043,0.0006451215849665459,0.0006498024231404997,3.6700000000000004e-06,0.0005414894803834613
1836,0.0010440788901178166,0.000579150455450872,0.000593478100199718,3.672e-06,0.0005414894803834613
1837,0.0008844397889333777,0.0006497861504612956,0.0006007932497595903,3.6740000000000003e-06,0.0005414894803834613
1838,0.0009634877569624223,0.0007134279512683861,0.0005961424394627102,3.676e-06,0.0005414894803834613
1839,0.0010757662093965337,0.0005992635378788691,0.0005931778432568535,3.678e-06,0.0005414894803834613
1840,0.0011202568348380737,0.0008782105142017826,0.000698360785463592,3.6800000000000008e-06,0.0005414894803834613
1841,0.001005562262434978,0.0007371090396190993,0.000560375367058441,3.6820000000000005e-06,0.0005414894803834613
1842,0.0009734975465107709,0.0006733159025316127,0.0008011297541088425,3.6840000000000006e-06,0.0005414894803834613
1843,0.0009930667220032774,0.0007290871508303098,0.0006706955246045254,3.6860000000000004e-06,0.0005414894803834613
1844,0.0009772841731319204,0.0006908900395501405,0.0005875984861631878,3.688e-06,0.0005414894803834613
1845,0.00116129191883374,0.0005794561584480107,0.0005571896181209013,3.6900000000000002e-06,0.0005414894803834613
1846,0.001094780076527968,0.0006685358348477166,0.0005984366434859112,3.692e-06,0.0005414894803834613
1847,0.0009393483705935068,0.0006341209082165733,0.0005523210566025227,3.694e-06,0.0005414894803834613
1848,0.001172520664113108,0.0006480840747826733,0.0006574785838893149,3.696e-06,0.0005414894803834613
1849,0.001014031862723641,0.0006674746255157515,0.0007388129524770193,3.6980000000000004e-06,0.0005414894803834613
1850,0.0010961604784824885,0.0006054836339899339,0.0007213881035568193,3.7000000000000006e-06,0.0005414894803834613
1851,0.0010322443849872798,0.000690186454448849,0.0006712390350003261,3.7020000000000003e-06,0.0005414894803834613
1852,0.0010442545608384535,0.0007319430042116437,0.0007886758030508645,3.7040000000000005e-06,0.0005414894803834613
1853,0.0010797393188113347,0.0007513156451750547,0.0005779048660770059,3.706e-06,0.0005414894803834613
1854,0.0011222921966691501,0.0006112730407039635,0.000683674374158727,3.7080000000000003e-06,0.0005414894803834613
1855,0.0010302605296601541,0.000746713896660367,0.0006927581780473702,3.71e-06,0.0005414894803834613
1856,0.001027942489599809,0.0007802587642800063,0.0005167414201423526,3.712e-06,0.0005414894803834613
1857,0.0011187216950929724,0.0007022713871265296,0.0006666928602498956,3.7140000000000008e-06,0.0005414894803834613
1858,0.0011000739614246413,0.000711920096364338,0.0006312623736448586,3.7160000000000005e-06,0.0005414894803834613
1859,0.000971526482317131,0.000653407125355443,0.0006528284247906413,3.7180000000000007e-06,0.0005414894803834613
1860,0.0010736764234025031,0.0008073426834016573,0.0005898563613300212,3.7200000000000004e-06,0.0005414894803834613
1861,0.0009871866423054598,0.0006717561991536058,0.0006474818728747778,3.722e-06,0.0005414894803834613
1862,0.0010436286320327781,0.000606363988481462,0.0006514643355330918,3.7240000000000003e-06,0.0005414894803834613
1863,0.00110454841342289,0.0006317464649328031,0.0006360523802868556,3.726e-06,0.0005414894803834613
1864,0.0010284253366990015,0.0006883158130222,0.0007621692711836658,3.728e-06,0.0005414894803834613
1865,0.001182491279905662,0.0006393904150172602,0.0005498342761711683,3.73e-06,0.0005414894803834613
1866,0.000988647763733752,0.0006854489038232714,0.000606839093961753,3.7320000000000004e-06,0.0005414894803834613
1867,0.0010406200599391013,0.0008483522979076952,0.0007064636738505214,3.7340000000000006e-06,0.0005414894803834613
1868,0.0009772137200343423,0.0006521162613353226,0.0006630919124290813,3.7360000000000003e-06,0.0005414894803834613
1869,0.0010093071105075069,0.0007079558272380382,0.0006586522213183343,3.7380000000000005e-06,0.0005414894803834613
1870,0.0012357635714579374,0.0007944703684188426,0.0006812658393755555,3.74e-06,0.0005414894803834613
1871,0.0011120890558231622,0.0006905627233209088,0.0006505546189146116,3.7420000000000003e-06,0.0005414894803834613
1872,0.0010303796298103407,0.0006728757070959546,0.0008380361396120861,3.744e-06,0.0005414894803834613
1873,0.0009897875061142258,0.0006194586203491781,0.0007088952552294359,3.7460000000000002e-06,0.0005414894803834613
1874,0.0011479029344627634,0.0006566111915162764,0.0006265907431952655,3.748000000000001e-06,0.0005414894803834613
1875,0.0009944079502020031,0.0007074146196828224,0.0005937717760389205,3.7500000000000005e-06,0.0005414894803834613
1876,0.00110619752376806,0.000699091142450925,0.0006364576838677749,3.7520000000000007e-06,0.0005414894803834613
1877,0.0009549165406497195,0.000683588717947714,0.0005941730341874063,3.7540000000000004e-06,0.0005414894803834613
1878,0.0009541546314721927,0.0006554974606842734,0.0006196316426212434,3.756e-06,0.0005414894803834613
1879,0.0010965955298161134,0.0005527731009351555,0.0007467961695510894,3.7580000000000003e-06,0.0005414894803834613
1880,0.001043780692270957,0.0006139995639387053,0.0006637071746808942,3.76e-06,0.0005414894803834613
1881,0.0009864190069492906,0.0007019614968157839,0.0006450852597481571,3.762e-06,0.0005414894803834613
1882,0.0009198134357575327,0.0006387244247889612,0.0006327977462206036,3.764e-06,0.0005414894803834613
1883,0.0010348106225137599,0.0005629678453260567,0.0006871112418593839,3.7660000000000005e-06,0.0005414894803834613
1884,0.0010203214042121544,0.0007577004071208648,0.0006704858496959787,3.7680000000000006e-06,0.0005414894803834613
1885,0.0010571207239991054,0.0006240118163987063,0.0006434588067349978,3.7700000000000003e-06,0.0005414894803834613
1886,0.0009779426181921735,0.00065530775100342,0.0007486640715796966,3.7720000000000005e-06,0.0005414894803834613
1887,0.0010242470889352262,0.0005873741538380273,0.0006852940678072628,3.774e-06,0.0005414894803834613
1888,0.0011000115991919301,0.0006346070804283954,0.0007013234608166385,3.7760000000000004e-06,0.0005414894803834613
1889,0.0010291213184245862,0.0007052863438730128,0.0006377611352945678,3.778e-06,0.0005414894803834613
1890,0.0009947324942913838,0.0005688913952326402,0.0005137301632203162,3.7800000000000002e-06,0.0005414894803834613
1891,0.0009944898120011203,0.0006932964461157098,0.0006732041874784045,3.782000000000001e-06,0.0005414894803834613
1892,0.0009303403494413942,0.000644720952550415,0.0006802597854402848,3.7840000000000005e-06,0.0005414894803834613
1893,0.0009079532392206602,0.0007415118816425093,0.0007387766600004397,3.7860000000000007e-06,0.0005414894803834613
1894,0.0009970368919312023,0.0006969926180317998,0.0005507724235940259,3.7880000000000004e-06,0.0005414894803834613
1895,0.0010674342338461429,0.0007375452187261544,0.0006652952943113633,3.79e-06,0.0005414894803834613
1896,0.0010711715949582867,0.0007405813194054645,0.0006398562400136143,3.7920000000000003e-06,0.0005414894803834613
1897,0.000896122153790202,0.0006870583019917831,0.0006540039757965133,3.794e-06,0.0005414894803834613
1898,0.0009733112456160598,0.0006979533754929435,0.0006557433334819507,3.796e-06,0.0005414894803834613
1899,0.0009889644788927399,0.0007952088599267881,0.0006666292683803476,3.798e-06,0.0005414894803834613
1900,0.0009590380432200618,0.0006545618234667927,0.0008057114173425362,3.8000000000000005e-06,0.0005414894803834613
1901,0.0011174046958331019,0.0007010058179730549,0.0007124516851035878,3.8020000000000006e-06,0.0005414894803834613
1902,0.0009870531430351548,0.000666185631416738,0.0006335026300803293,3.8040000000000003e-06,0.0005414894803834613
1903,0.0009324232523795217,0.0005609732470475137,0.0006685212611046154,3.8060000000000005e-06,0.0005414894803834613
1904,0.0010195560607826337,0.0007609511667396873,0.0006839726920588873,3.8080000000000002e-06,0.0005414894803834613
1905,0.0010967167108901776,0.0006338080929708667,0.0006569834913534578,3.8100000000000004e-06,0.0005414894803834613
1906,0.0009666140977060422,0.0006497317444882356,0.000712517346983077,3.812e-06,0.0005414894803834613
1907,0.0009981688490370288,0.0006425725878216326,0.0007027386309346184,3.814e-06,0.0005414894803834613
1908,0.0011250252355239354,0.0008130362693918869,0.0005666515171469655,3.816e-06,0.0005414894803834613
1909,0.0009819915794651024,0.0008329385382239707,0.00061029428979964,3.8180000000000005e-06,0.0005414894803834613
1910,0.0009498565195826814,0.0007739397624391131,0.000617773417616263,3.820000000000001e-06,0.0005414894803834613
1911,0.0009794650977710262,0.0006442378362407908,0.0006233916465134826,3.822e-06,0.0005414894803834613
1912,0.0010034123770310543,0.0006103455452830531,0.0008082267631834839,3.824e-06,0.0005414894803834613
1913,0.0009334267015219666,0.000701390796166379,0.0007349224179051816,3.826e-06,0.0005414894803834613
1914,0.0010230018888250925,0.0006463219542638399,0.000645592634100467,3.8280000000000004e-06,0.0005414894803834613
1915,0.000978585158009082,0.0006946703142602928,0.0005937242349318694,3.83e-06,0.0005414894803834613
1916,0.0009909782747854479,0.0006636574908043258,0.0006777030757803004,3.832e-06,0.0005414894803834613
1917,0.0010091097938129678,0.0007010640802036505,0.0007756113409413956,3.834000000000001e-06,0.0005414894803834613
1918,0.0010048804761026986,0.0007849225439713337,0.0005915653564443346,3.836e-06,0.0005414894803834613
1919,0.0010133013493032195,0.0007364961929852143,0.0005603716854238883,3.838e-06,0.0005414894803834613
1920,0.000986983737675473,0.0007072006665111985,0.0006838300359959248,3.8400000000000005e-06,0.0005414894803834613
1921,0.001057727997249458,0.0005447436924441718,0.0006461364755523391,3.842000000000001e-06,0.0005414894803834613
1922,0.0010651080519892275,0.0007432618367602117,0.000606685509410454,3.844e-06,0.0005414894803834613
1923,0.000962462043389678,0.0006044130714144558,0.0006452040252042934,3.846e-06,0.0005414894803834613
1924,0.0010459581390023232,0.0006340654290397651,0.0005548051121877506,3.848e-06,0.0005414894803834613
1925,0.0010851136685232632,0.0007224977998703253,0.0006090878887334839,3.85e-06,0.0005414894803834613
1926,0.0009693706306279637,0.0006278769033087883,0.0006089458329370245,3.8520000000000006e-06,0.0005414894803834613
1927,0.0009782734996406361,0.0006573731516255066,0.0006389348563970998,3.854000000000001e-06,0.0005414894803834613
1928,0.0009383803844684735,0.000674364848237019,0.0005763893568655476,3.856e-06,0.0005414894803834613
1929,0.0010061130305984989,0.0006466088889283128,0.0006709182962367777,3.858e-06,0.0005414894803834613
1930,0.000965902756433934,0.0005666210927302018,0.0006360536463034805,3.86e-06,0.0005414894803834613
1931,0.0010368209768785164,0.0006109710011514835,0.0007080448267515749,3.8620000000000005e-06,0.0005414894803834613
1932,0.001030051804264076,0.00059726560357376,0.0005324459416442551,3.864e-06,0.0005414894803834613
1933,0.0010142555984202772,0.0006156291419756599,0.0005676232358382549,3.866e-06,0.0005414894803834613
1934,0.0010808125443872996,0.000621766292169923,0.0005907252780161798,3.868000000000001e-06,0.0005414894803834613
1935,0.0010044691734947264,0.000706924642145168,0.0006917345381225459,3.87e-06,0.0005414894803834613
1936,0.0009642024597269483,0.0005939146940363571,0.0008043685083976015,3.872e-06,0.0005414894803834613
1937,0.0011374189853086136,0.0007233612050185911,0.0006991082300373819,3.8740000000000005e-06,0.0005414894803834613
1938,0.001066441647708416,0.0006652018601016607,0.0006497365502582397,3.876000000000001e-06,0.0005414894803834613
1939,0.0009742161782924086,0.0006120404686953407,0.0007231238705571741,3.878e-06,0.0005414894803834613
1940,0.0009880079014692456,0.0006259509282244835,0.0006254695690586232,3.88e-06,0.0005414894803834613
1941,0.0010041602654382586,0.0006262514361878857,0.000657798253087094,3.882e-06,0.0005414894803834613
1942,0.0010421392507851124,0.0006346810732793529,0.0006070966701372527,3.884e-06,0.0005414894803834613
1943,0.001109579585317988,0.0005566808686126024,0.0006436400726670399,3.8860000000000006e-06,0.0005414894803834613
1944,0.0009876761541818269,0.0006277024367591366,0.0006192612272570841,3.888000000000001e-06,0.0005414894803834613
1945,0.0010358287254348397,0.0006687396089546382,0.0006394473639375065,3.89e-06,0.0005414894803834613
1946,0.0010173201881116256,0.000702483350323746,0.0006768649473087862,3.892e-06,0.0005414894803834613
1947,0.000988188236078713,0.0007815955541445874,0.0006253463725442998,3.894e-06,0.0005414894803834613
1948,0.000873846271133516,0.000737671522074379,0.0006879006541566923,3.8960000000000005e-06,0.0005414894803834613
1949,0.0010978409627568908,0.0007225181034300476,0.0006652549927821383,3.898e-06,0.0005414894803834613
1950,0.000957711752562318,0.0005962916620774195,0.0006184223275340628,3.9e-06,0.0005414894803834613
1951,0.0010306664044037461,0.0006182937031553593,0.0007330315274884924,3.902000000000001e-06,0.0005414894803834613
1952,0.0009693370011518709,0.0006757608280167915,0.0005437289764813613,3.904e-06,0.0005414894803834613
1953,0.0010056896062451415,0.0006376094970619306,0.0007187810733739752,3.906e-06,0.0005414894803834613
1954,0.0009829317350522615,0.0006378736179613043,0.0007766183043713681,3.9080000000000005e-06,0.0005414894803834613
1955,0.0009307468790211715,0.000615248045505723,0.0005303055149852298,3.910000000000001e-06,0.0005414894803834613
1956,0.0008802007214399055,0.0007426784104609396,0.000717088008968858,3.912e-06,0.0005414894803834613
1957,0.0009825260058278218,0.00070904431049712,0.0007516641526308376,3.914e-06,0.0005414894803834613
1958,0.0009050978187588044,0.0007754815705993678,0.0007505179310101084,3.916e-06,0.0005414894803834613
1959,0.0009720246671349742,0.0006107665212766733,0.0006639048879151233,3.9180000000000004e-06,0.0005414894803834613
1960,0.0010206059814663604,0.0007585694111185148,0.0006263109062274452,3.920000000000001e-06,0.0005414894803834613
1961,0.0009563231433276087,0.0006062288193788845,0.0006097288423916325,3.922000000000001e-06,0.0005414894803834613
1962,0.0008937850070651621,0.0007941957665025257,0.0007668725556868594,3.924e-06,0.0005414894803834613
1963,0.001079676701920107,0.0009310033783549443,0.000655467709293589,3.926e-06,0.0005414894803834613
1964,0.0008992069197120145,0.0006999407560215332,0.0007342612625507172,3.928e-06,0.0005414894803834613
1965,0.0009918084761011414,0.0007747117124381475,0.0006952558869670611,3.9300000000000005e-06,0.0005414894803834613
1966,0.000954204413574189,0.0007627721497556195,0.0007198044331744313,3.932e-06,0.0005414894803834613
1967,0.000997327260847669,0.0005924578836129513,0.0007444702314387541,3.934e-06,0.0005414894803834613
1968,0.0010683702494134195,0.0005860518067493103,0.0006820083435741253,3.936000000000001e-06,0.0005414894803834613
1969,0.0009465353650739416,0.0005875434762856457,0.0006430120847653598,3.938e-06,0.0005414894803834613
1970,0.0009844364103628322,0.0006097061559557915,0.0007751779085083399,3.94e-06,0.0005414894803834613
1971,0.0010817904330906458,0.0006213262895471416,0.0006633642769884318,3.9420000000000005e-06,0.0005414894803834613
1972,0.0009811064446694218,0.0007812014300725423,0.0007404387506539933,3.944000000000001e-06,0.0005414894803834613
1973,0.0009559671889292076,0.0006033841928001493,0.0007291798465303145,3.946e-06,0.0005414894803834613
1974,0.001119940665375907,0.0006895749538671225,0.0008515902300132439,3.948e-06,0.0005414894803834613
1975,0.0009103073753067292,0.0007344635378103703,0.000605981480475748,3.95e-06,0.0005414894803834613
1976,0.0010666651069186628,0.0007142763497540727,0.0007820954415365122,3.9520000000000004e-06,0.0005414894803834613
1977,0.001112365112931002,0.0007602478472108487,0.0006856317922938615,3.954000000000001e-06,0.0005414894803834613
1978,0.0009518646547803655,0.0007127883582143113,0.0006407195505744312,3.956000000000001e-06,0.0005414894803834613
1979,0.0009866795007837936,0.0007040849704935681,0.0007106871635187417,3.958e-06,0.0005414894803834613
1980,0.000980033291853033,0.0006475811533164233,0.0005754634985351004,3.96e-06,0.0005414894803834613
1981,0.0009837683974183165,0.000675634579238249,0.0006391340066329576,3.962e-06,0.0005414894803834613
1982,0.0009332365589216352,0.0007516030382248573,0.0005997174084768631,3.9640000000000005e-06,0.0005414894803834613
1983,0.000873512115504127,0.000671564950607717,0.000675844701618189,3.966e-06,0.0005414894803834613
1984,0.0009427034601685591,0.0005440667446237057,0.0007591218345623929,3.968e-06,0.0005414894803834613
1985,0.0009634756788727827,0.0008078241153270938,0.0005550769164983649,3.970000000000001e-06,0.0005414894803834613
1986,0.001082584887626581,0.0004834750398003962,0.0007135223640943877,3.972e-06,0.0005414894803834613
1987,0.0009103487973334268,0.0006025644324836321,0.0007398681736958679,3.974e-06,0.0004834750398003962
1988,0.0010432386843604036,0.0006778679926355835,0.0008081719497567974,3.9760000000000006e-06,0.0004834750398003962
1989,0.000994524176348932,0.0008039304739213549,0.0005982687653158791,3.978000000000001e-06,0.0004834750398003962
1990,0.0010523612654651515,0.0007180374850577209,0.0005292249297781382,3.98e-06,0.0004834750398003962
1991,0.0009724673072923906,0.0007100433649611659,0.0006064646149752662,3.982e-06,0.0004834750398003962
1992,0.0009750809840625152,0.0006331638796837069,0.0007889313128544018,3.984e-06,0.0004834750398003962
1993,0.0010513608576729894,0.0007433425162162166,0.0006917125574545935,3.9860000000000005e-06,0.0004834750398003962
1994,0.0010097599151777104,0.0006641880572715309,0.0006224693061085418,3.988000000000001e-06,0.0004834750398003962
1995,0.0010497796974959783,0.0006911609962116927,0.0006970122740312945,3.990000000000001e-06,0.0004834750398003962
1996,0.0010776935669127852,0.0006266824711929075,0.0007090633371262811,3.992e-06,0.0004834750398003962
1997,0.0009506587230134755,0.0006146730520413257,0.0006358723694575019,3.994e-06,0.0004834750398003962
1998,0.0009508866714895703,0.0006992821508902125,0.0007343612051045056,3.996e-06,0.0004834750398003962
1999,0.0009930960295605473,0.0006074349221307784,0.0006873827987874392,3.9980000000000005e-06,0.0004834750398003962
2000,0.0009827053218032233,0.0007508882263209671,0.0007512712872994598,4e-06,0.0004834750398003962
2001,0.0009786812297534198,0.0007126403834263328,0.0006059863117116038,4.002e-06,0.0004834750398003962
2002,0.0010363796245655976,0.000596190457144985,0.0006686317574349232,4.004000000000001e-06,0.0004834750398003962
2003,0.0010072246004710905,0.0007324865800910629,0.0006813880754634738,4.006e-06,0.0004834750398003962
2004,0.0009160629997495562,0.0007129723089747131,0.0006470719090430066,4.008e-06,0.0004834750398003962
2005,0.001042566385876853,0.000663744613120798,0.0007038684816507157,4.0100000000000006e-06,0.0004834750398003962
2006,0.001087266042304691,0.0006507188263640273,0.0005639080263790675,4.012e-06,0.0004834750398003962
2007,0.0010913065416389145,0.0005733597390644718,0.0005695007785107009,4.014e-06,0.0004834750398003962
2008,0.0009555250580888242,0.0008509835679433309,0.0006785143887100276,4.016e-06,0.0004834750398003962
2009,0.0009716531640151516,0.0007119333749869838,0.0006717900905641727,4.018e-06,0.0004834750398003962
2010,0.0009924787591444328,0.0007197287450253498,0.0005586242587014567,4.0200000000000005e-06,0.0004834750398003962
2011,0.0011169363933731802,0.0006275852829276118,0.0005274175018712413,4.022000000000001e-06,0.0004834750398003962
2012,0.0010049165575765073,0.000678916501783533,0.0006699752921122126,4.024000000000001e-06,0.0004834750398003962
2013,0.0009609455883037299,0.0007457852370862383,0.0006747063052898739,4.026e-06,0.0004834750398003962
2014,0.0009567379383952357,0.000673630212986609,0.0006415197130991146,4.028e-06,0.0004834750398003962
2015,0.0010249397746520117,0.0007368442638835404,0.0006503918921225704,4.03e-06,0.0004834750398003962
2016,0.0008951695999712683,0.0007740943838143721,0.0006055612575437408,4.0320000000000005e-06,0.0004834750398003962
2017,0.0009291013775509782,0.0007664835138712078,0.0006678073987131938,4.034e-06,0.0004834750398003962
2018,0.0009342900666524656,0.0007202735941973515,0.0006420737845473923,4.036e-06,0.0004834750398003962
2019,0.0010416246004751883,0.0007593691771035083,0.0006762565390090458,4.038000000000001e-06,0.0004834750398003962
2020,0.0010653949066181667,0.0007236396413645707,0.0007167539952206425,4.04e-06,0.0004834750398003962
2021,0.000927080269320868,0.0006849105811852496,0.0006755447393516079,4.0420000000000004e-06,0.0004834750398003962
2022,0.0010151461538043804,0.0006695069969282486,0.0008855447304085828,4.044000000000001e-06,0.0004834750398003962
2023,0.0010493249574210495,0.000654925788694527,0.0006809756632719655,4.046e-06,0.0004834750398003962
2024,0.000977893483650405,0.0006761967415513936,0.0007783069922879804,4.048e-06,0.0004834750398003962
2025,0.0009171401543426327,0.0007437106833094731,0.0006765564685338177,4.05e-06,0.0004834750398003962
2026,0.0010610010867821984,0.0006570712575921789,0.0007045438542263582,4.052e-06,0.0004834750398003962
2027,0.0010168263615923934,0.0007507169211748987,0.0005855223971593659,4.0540000000000005e-06,0.0004834750398003962
2028,0.0010741659862105735,0.000695043258019723,0.0007170758472057059,4.056000000000001e-06,0.0004834750398003962
2029,0.001063937284925487,0.0006361401574395131,0.000793379993410781,4.058000000000001e-06,0.0004834750398003962
2030,0.0010489512860658579,0.0007024649894447066,0.0006693816685583442,4.06e-06,0.0004834750398003962
2031,0.0009421656286576763,0.0006491733511211351,0.0005472289849421941,4.062e-06,0.0004834750398003962
2032,0.0009398540860274807,0.0006963055566302501,0.0006033509780536406,4.064e-06,0.0004834750398003962
2033,0.0011046268919017166,0.0006220119466888718,0.0006412714428734034,4.0660000000000005e-06,0.0004834750398003962
2034,0.0010182920814258978,0.0008488410821883008,0.0005913013883400708,4.068e-06,0.0004834750398003962
2035,0.001053648033121135,0.0007489275594707578,0.0006523092779389117,4.07e-06,0.0004834750398003962
2036,0.0009790433759917505,0.0006218554080987815,0.0006518166337627918,4.072000000000001e-06,0.0004834750398003962
2037,0.0009463146343478002,0.0007215716614155099,0.0007258812911459245,4.074e-06,0.0004834750398003962
2038,0.0010035163577413186,0.0007503665401600301,0.0006649871538684238,4.0760000000000004e-06,0.0004834750398003962
2039,0.0010326039991923608,0.0007524000247940421,0.0007572207759949379,4.078000000000001e-06,0.0004834750398003962
2040,0.0010627168376231566,0.0006870860743219964,0.0004959354009770323,4.08e-06,0.0004834750398003962
2041,0.0009832029463723302,0.0006211592772160657,0.0006988116729189642,4.082e-06,0.0004834750398003962
2042,0.0010110104994964786,0.0006001718356856145,0.0006244022370083258,4.084e-06,0.0004834750398003962
2043,0.0010200369069934823,0.0005870262757525779,0.0006256057386053726,4.086e-06,0.0004834750398003962
2044,0.0010421187835163437,0.0007032700268609915,0.000562505767447874,4.0880000000000005e-06,0.0004834750398003962
2045,0.0010084706882480532,0.00064848706824705,0.0006920127234479878,4.090000000000001e-06,0.0004834750398003962
2046,0.0009472783931414597,0.0007180517350207083,0.000681602381519042,4.092000000000001e-06,0.0004834750398003962
2047,0.0010096276018884964,0.0007307128544198349,0.000789453973993659,4.094e-06,0.0004834750398003962
2048,0.0009584515137248673,0.0006565554249391425,0.0007129529913072474,4.096e-06,0.0004834750398003962
2049,0.0009734456762089394,0.0005579267344728578,0.0007472268262063153,4.098e-06,0.0004834750398003962
2050,0.0010716416145442054,0.000610082450293703,0.0004923256055917591,4.1000000000000006e-06,0.0004834750398003962
2051,0.0010553167230682448,0.0005477607301145326,0.0006205740428413264,4.102e-06,0.0004834750398003962
2052,0.0009475172264501452,0.000668351352942409,0.0007144957562559284,4.104e-06,0.0004834750398003962
2053,0.0009587306121829897,0.0006755847498425283,0.0005974893720122054,4.106000000000001e-06,0.0004834750398003962
2054,0.0008713837451068684,0.0007421663831337355,0.0005763971639680676,4.108e-06,0.0004834750398003962
2055,0.0010389692324679345,0.0006197899128892459,0.0006377697391144466,4.1100000000000005e-06,0.0004834750398003962
2056,0.0009360398980788887,0.0005811741757497657,0.0008181275625247508,4.112000000000001e-06,0.0004834750398003962
2057,0.0010438645622343756,0.0006255226544453762,0.0005719036853406578,4.114e-06,0.0004834750398003962
2058,0.0010415129145258106,0.0005675986467394978,0.0007187168521340936,4.116e-06,0.0004834750398003962
2059,0.0008554065716452897,0.0007574637929792516,0.0006614048033952713,4.118e-06,0.0004834750398003962
2060,0.0009985033466364257,0.0005583769961958751,0.0006203197335707955,4.12e-06,0.0004834750398003962
2061,0.0011015875061275437,0.0007481530410586856,0.0006348455426632427,4.1220000000000005e-06,0.0004834750398003962
2062,0.0010451521011418663,0.0005740217166021466,0.0006492137035820633,4.124000000000001e-06,0.0004834750398003962
2063,0.0010305700343451463,0.0007367408761638217,0.0006800407281843945,4.126000000000001e-06,0.0004834750398003962
2064,0.0009184001537505537,0.0005693916245945729,0.0008401389350183308,4.128e-06,0.0004834750398003962
2065,0.0009472769379499368,0.0006960617756703869,0.0006502011929114815,4.13e-06,0.0004834750398003962
2066,0.0010308979472029023,0.0007080174145812634,0.0005820803271490149,4.132e-06,0.0004834750398003962
2067,0.0010140404774574563,0.0006810006379964761,0.0006142195707070641,4.1340000000000006e-06,0.0004834750398003962
2068,0.0009652246517362073,0.0007439567198161967,0.0005975584863335826,4.136e-06,0.0004834750398003962
2069,0.0010117513375007547,0.0005424873452284373,0.0005795084689452779,4.138e-06,0.0004834750398003962
2070,0.0009270333248423412,0.0007933201050036587,0.0006555861582455691,4.140000000000001e-06,0.0004834750398003962
2071,0.0009002037986647338,0.0006858764099888504,0.0008064028661465272,4.142e-06,0.0004834750398003962
2072,0.0010540927978581749,0.000620638245891314,0.0007930131396278739,4.1440000000000005e-06,0.0004834750398003962
2073,0.0008659231752972119,0.0007524978791479953,0.0006684251493425108,4.146000000000001e-06,0.0004834750398003962
2074,0.0009905655606416985,0.0007328878273256123,0.0007967866986291483,4.148e-06,0.0004834750398003962
2075,0.0009709543955978006,0.0007697939690842759,0.0006705160449200775,4.15e-06,0.0004834750398003962
2076,0.000913601805223152,0.0006692423048662022,0.0005836779200762976,4.152e-06,0.0004834750398003962
2077,0.000901107930985745,0.0006156058698252309,0.000570197884371737,4.154e-06,0.0004834750398003962
2078,0.000829272234113887,0.0007558088836958632,0.0006904971596668474,4.1560000000000005e-06,0.0004834750398003962
2079,0.0010525594916543923,0.0006474614056060091,0.0007073782180668786,4.158000000000001e-06,0.0004834750398003962
2080,0.0008743928337935358,0.0007030241031316109,0.0006623854460485745,4.160000000000001e-06,0.0004834750398003962
2081,0.0009598909673513845,0.0005909452993364539,0.0005569528075284325,4.162e-06,0.0004834750398003962
2082,0.00091196721768938,0.0006854861858300865,0.0005767250586359296,4.164e-06,0.0004834750398003962
2083,0.0009777541636140086,0.0005811083392472938,0.0006506840145448223,4.1660000000000004e-06,0.0004834750398003962
2084,0.0009608091277186759,0.0007589578526676632,0.0005510526316356845,4.168000000000001e-06,0.0004834750398003962
2085,0.0008819742724881507,0.0007083206946845166,0.0006231577572179958,4.17e-06,0.0004834750398003962
2086,0.0010566932978690602,0.0007197599370556418,0.0005653644075209741,4.172e-06,0.0004834750398003962
2087,0.0009791702614165843,0.0007174119527917355,0.0006778307433705777,4.174000000000001e-06,0.0004834750398003962
2088,0.0009380355768371373,0.0006587388343177736,0.0005962234863545746,4.176e-06,0.0004834750398003962
2089,0.0009687356287031434,0.0005482757951540407,0.0006317802181001753,4.1780000000000005e-06,0.0004834750398003962
2090,0.0011446454445831478,0.0008143050181388389,0.0005839647237735335,4.180000000000001e-06,0.0004834750398003962
2091,0.0010197271112701856,0.0006858520937385038,0.0007294002352864482,4.182e-06,0.0004834750398003962
2092,0.0009687103156466037,0.0007540240076195914,0.0006099322745285463,4.184e-06,0.0004834750398003962
2093,0.0010113329699379392,0.0006011241639498621,0.000584840847295709,4.186e-06,0.0004834750398003962
2094,0.0010678831822588108,0.0007915631140349433,0.0006872307421872392,4.188e-06,0.0004834750398003962
2095,0.0009682988020358607,0.0007388208541669883,0.0005675841421179939,4.1900000000000005e-06,0.0004834750398003962
2096,0.0009899865617626347,0.00073968869401142,0.0007684610754949972,4.192000000000001e-06,0.0004834750398003962
2097,0.0009282723913202062,0.0005762981272710022,0.0007409511526930146,4.194000000000001e-06,0.0004834750398003962
2098,0.000935942014621105,0.0006932979231351055,0.0006441110526793636,4.196e-06,0.0004834750398003962
2099,0.000984003629127983,0.0007850123074604198,0.0006093443698773626,4.198e-06,0.0004834750398003962
2100,0.000976905350398738,0.0007355209745583124,0.0005592692104983144,4.2000000000000004e-06,0.0004834750398003962
2101,0.0009437803746550344,0.0006966450455365703,0.0006212410517036915,4.202000000000001e-06,0.0004834750398003962
2102,0.0009694957843748853,0.0005628879807773046,0.000782042377977632,4.204e-06,0.0004834750398003962
2103,0.0009023901729960926,0.0007529949325544294,0.0006782692144042812,4.206e-06,0.0004834750398003962
2104,0.001007394093903713,0.0006204748533491511,0.000592297816183418,4.208000000000001e-06,0.0004834750398003962
2105,0.0010272826621076092,0.0007875721348682418,0.000624231750407489,4.21e-06,0.0004834750398003962
2106,0.0009216780308634043,0.0007126123673515394,0.0006029035648680292,4.2120000000000005e-06,0.0004834750398003962
2107,0.0009294326810049824,0.000725555517419707,0.0006688383364235051,4.214000000000001e-06,0.0004834750398003962
2108,0.0010879899418796413,0.0007676577370148152,0.0006345413676172029,4.216e-06,0.0004834750398003962
2109,0.0009815498706302606,0.0005156304869160522,0.0005909811407036614,4.218e-06,0.0004834750398003962
2110,0.0010691568968468346,0.0006741877732565627,0.0004898515326203778,4.22e-06,0.0004834750398003962
2111,0.0010937859406112693,0.0008594990940764546,0.0006001494075462688,4.222e-06,0.0004834750398003962
2112,0.0009290126035921276,0.0008534211228834465,0.0005848530818184372,4.2240000000000006e-06,0.0004834750398003962
2113,0.0009728138247737661,0.0006121374572103377,0.0007991227284946945,4.226000000000001e-06,0.0004834750398003962
2114,0.0009169307304546237,0.0005957171961199492,0.0005820799924549647,4.228000000000001e-06,0.0004834750398003962
2115,0.000978037940512877,0.0007274707386386581,0.0005866267056262586,4.23e-06,0.0004834750398003962
2116,0.0009771788681973703,0.0006224367753020488,0.0006595492886845022,4.232e-06,0.0004834750398003962
2117,0.0009451852674828842,0.0005755281745223328,0.0007643572644155938,4.2340000000000005e-06,0.0004834750398003962
2118,0.0009314560229540803,0.000535603645403171,0.0006139265533420257,4.236e-06,0.0004834750398003962
2119,0.0010127435525646433,0.0006800480041420087,0.0005555705392907839,4.238e-06,0.0004834750398003962
2120,0.0009592336646164767,0.0008498605493514333,0.0005334973684512079,4.24e-06,0.0004834750398003962
2121,0.0010061421344289556,0.0007540600308857393,0.0007609151507494971,4.242e-06,0.0004834750398003962
2122,0.001018128743453417,0.0006275629239098635,0.0006906191556481645,4.244e-06,0.0004834750398003962
2123,0.0010079956555273384,0.0007257463148562238,0.0006114223760960158,4.2460000000000005e-06,0.0004834750398003962
2124,0.0009170083503704518,0.000677740179526154,0.000650877998850774,4.248000000000001e-06,0.0004834750398003962
2125,0.0009435706670046784,0.0006761607037333306,0.0006905997543071862,4.25e-06,0.0004834750398003962
2126,0.0011331849091220647,0.0006274935949477367,0.0006964298081584275,4.252e-06,0.0004834750398003962
2127,0.0008834043037495576,0.000635110027360497,0.0005709386168746278,4.254e-06,0.0004834750398003962
2128,0.0009612773865228519,0.0007134173865779303,0.0007371867977781221,4.256e-06,0.0004834750398003962
2129,0.0009833142903517,0.0006143033533589914,0.0006182088000059593,4.2580000000000006e-06,0.0004834750398003962
2130,0.0009739116358105093,0.0006495646011899225,0.0006566774172824807,4.260000000000001e-06,0.0004834750398003962
2131,0.0009817915852181613,0.0006170977430883795,0.0005843832004757132,4.262000000000001e-06,0.0004834750398003962
2132,0.0011235770944040269,0.00065378337239963,0.000846003764308989,4.264e-06,0.0004834750398003962
2133,0.0009052446985151619,0.0007068608902045526,0.0005393207029555924,4.266e-06,0.0004834750398003962
2134,0.0009717525172163732,0.0008907835363061167,0.0006487285099865403,4.2680000000000005e-06,0.0004834750398003962
2135,0.0008419089936069213,0.0008769454652792774,0.0007327540661208332,4.27e-06,0.0004834750398003962
2136,0.001027663987770211,0.0005909281535423361,0.0008110932940326165,4.272e-06,0.0004834750398003962
2137,0.00094238650490297,0.0006564230425283313,0.000778651847213041,4.274e-06,0.0004834750398003962
2138,0.0009199799605994485,0.0005783471642644145,0.0006310421231319197,4.276e-06,0.0004834750398003962
2139,0.0009558029705658555,0.0006828170662629418,0.0005985627576592378,4.278e-06,0.0004834750398003962
2140,0.0010993798059644178,0.0006588890828425065,0.000560437601961894,4.2800000000000005e-06,0.0004834750398003962
2141,0.0010001309565268457,0.0008572778897359967,0.0006437673764594365,4.282000000000001e-06,0.0004834750398003962
2142,0.000841957145894412,0.0007835689539206214,0.0005605322694464121,4.284e-06,0.0004834750398003962
2143,0.0011179316934430972,0.000612770309089683,0.000814127124613151,4.286e-06,0.0004834750398003962
2144,0.0009194133599521592,0.0007487459370167926,0.0006256695269257762,4.288e-06,0.0004834750398003962
2145,0.0010754194954643026,0.0007265310123329982,0.0006252733983274084,4.2900000000000004e-06,0.0004834750398003962
2146,0.0008622870809631422,0.0008774511516094208,0.0006364135697367601,4.292000000000001e-06,0.0004834750398003962
2147,0.0009133521962212399,0.0006355446130328346,0.0007124707408365794,4.294000000000001e-06,0.0004834750398003962
2148,0.0009668912389315665,0.0006769168248865753,0.0005523266408999916,4.296000000000001e-06,0.0004834750398003962
2149,0.0010061468710773624,0.0007267976725415792,0.0007457353967765812,4.298e-06,0.0004834750398003962
2150,0.0008926661685109138,0.000720841511792969,0.0007455388331436552,4.3e-06,0.0004834750398003962
2151,0.0009682256277301349,0.0006795421468268614,0.000747284444514662,4.3020000000000005e-06,0.0004834750398003962
2152,0.0010058572806883603,0.0006592946119781118,0.0007520790677517653,4.304e-06,0.0004834750398003962
2153,0.0010630112810758874,0.0006817096655140631,0.0006531944964081049,4.306e-06,0.0004834750398003962
2154,0.0010416259756311774,0.0007033831716398709,0.000666587886371417,4.308e-06,0.0004834750398003962
2155,0.0009572920534992591,0.0008189757936634123,0.0006007072734064423,4.31e-06,0.0004834750398003962
2156,0.0009427742697880603,0.0006454676695284434,0.0005636958121613134,4.312e-06,0.0004834750398003962
2157,0.0009744872222654521,0.0005862542384420522,0.0005298936339386273,4.3140000000000005e-06,0.0004834750398003962
2158,0.001060715709172655,0.0006794904111302458,0.0006885182483529206,4.316000000000001e-06,0.0004834750398003962
2159,0.0010346893177484162,0.0006961436483834404,0.0006238372188818175,4.318e-06,0.0004834750398003962
2160,0.001047347643179819,0.0007880737830419093,0.0007909370760899037,4.32e-06,0.0004834750398003962
2161,0.0009225183093803935,0.0007257734832819551,0.0006494173285318539,4.322e-06,0.0004834750398003962
2162,0.000974069167568814,0.0006203481498232577,0.0006912425305927172,4.3240000000000004e-06,0.0004834750398003962
2163,0.0011178777494933456,0.0005507911046152003,0.000599041479290463,4.326000000000001e-06,0.0004834750398003962
2164,0.0011313208669889718,0.0007404209245578386,0.000764377873565536,4.328000000000001e-06,0.0004834750398003962
2165,0.0008724958315724507,0.0005710568220820278,0.0007230578848975711,4.330000000000001e-06,0.0004834750398003962
2166,0.001027345351758413,0.000644955438474426,0.0008074513389146887,4.332e-06,0.0004834750398003962
2167,0.000868250077473931,0.0006126188200141769,0.0007010393019299954,4.334e-06,0.0004834750398003962
2168,0.0010366166025050916,0.0008728713619348127,0.0006706138447043486,4.3360000000000005e-06,0.0004834750398003962
2169,0.0009544166969135404,0.0006802270545449574,0.0007129479672585148,4.338e-06,0.0004834750398003962
2170,0.001041749375872314,0.0007407359807984903,0.0005904263744014315,4.34e-06,0.0004834750398003962
2171,0.0009475390397710726,0.0007043147597869392,0.0007242694991873577,4.342e-06,0.0004834750398003962
2172,0.0009621237477404065,0.0006081032333895564,0.0006701724778395146,4.344e-06,0.0004834750398003962
2173,0.0009676098561612889,0.0007284589373739436,0.0006008620766806416,4.346e-06,0.0004834750398003962
2174,0.0008881657413439825,0.0007707809345447458,0.0007157486652431544,4.3480000000000006e-06,0.0004834750398003962
2175,0.001018870112602599,0.0006842396760475822,0.0006937982689123601,4.350000000000001e-06,0.0004834750398003962
2176,0.0009652459557401016,0.0006603401125175878,0.000709157066012267,4.352e-06,0.0004834750398003962
2177,0.0009902423989842646,0.0005933533393545076,0.0006788721693737898,4.354e-06,0.0004834750398003962
2178,0.0009251784140360542,0.0007475678030459676,0.0007203934765129816,4.356e-06,0.0004834750398003962
2179,0.0009504534609732218,0.0006208971608430147,0.0009048556676134467,4.3580000000000005e-06,0.0004834750398003962
2180,0.001041481300489977,0.0006525835051434115,0.0007559930636489298,4.360000000000001e-06,0.0004834750398003962
2181,0.0009817595564527437,0.0006832803701399826,0.0006378114157996606,4.362000000000001e-06,0.0004834750398003962
2182,0.001013187415082939,0.0006742092336935457,0.0005689404752047267,4.364000000000001e-06,0.0004834750398003962
2183,0.0010604594135656953,0.0006190592903294601,0.0005348676786525175,4.366e-06,0.0004834750398003962
2184,0.00102391884138342,0.0006818951296736486,0.0006333995188469999,4.368e-06,0.0004834750398003962
2185,0.0010181390753132291,0.0007222768108476885,0.0006910639312991407,4.3700000000000005e-06,0.0004834750398003962
2186,0.0008347807088284753,0.0007389343882096,0.0006407613473129459,4.372e-06,0.0004834750398003962
2187,0.0011442576360423118,0.0007906807804829441,0.0007017742173047736,4.374e-06,0.0004834750398003962
2188,0.0008983270963653922,0.000653852828691015,0.0005393743704189546,4.376e-06,0.0004834750398003962
2189,0.0010447284148540348,0.0007468647454516031,0.0007495612662751228,4.378e-06,0.0004834750398003962
2190,0.0008311663259519264,0.0006463268582592718,0.0007298272066691425,4.38e-06,0.0004834750398003962
2191,0.0009638632400310598,0.0005857564756297506,0.0007264976411534008,4.3820000000000006e-06,0.0004834750398003962
2192,0.0008933512581279501,0.0006097668920119759,0.0007638616043550428,4.384000000000001e-06,0.0004834750398003962
2193,0.0008768035404500552,0.0006753621200914495,0.0005758940496889409,4.386e-06,0.0004834750398003962
2194,0.0009860820864560083,0.0008274548090412281,0.0006764607278455514,4.388e-06,0.0004834750398003962
2195,0.0010377131329732947,0.0007007843087194487,0.0005728432479372714,4.39e-06,0.0004834750398003962
2196,0.0009177220053970814,0.0006882115339976735,0.000804682305897586,4.3920000000000005e-06,0.0004834750398003962
2197,0.0009707513891044073,0.0006849139062978793,0.0007491162614314817,4.394000000000001e-06,0.0004834750398003962
2198,0.0008586239127907902,0.0006593860998691525,0.0007244644220918417,4.396000000000001e-06,0.0004834750398003962
2199,0.0010223119534202851,0.0006438150194298942,0.0006236790650291368,4.398000000000001e-06,0.0004834750398003962
2200,0.0010439782854518853,0.0006677574419882149,0.0006579042528755963,4.4e-06,0.0004834750398003962
2201,0.0008875768253346905,0.0005913334352953825,0.0006124796309450176,4.402e-06,0.0004834750398003962
2202,0.0009700036025606096,0.0006984110295888968,0.000738490663934499,4.4040000000000005e-06,0.0004834750398003962
2203,0.001016269830870442,0.0005872280817129649,0.0005887403494853061,4.406e-06,0.0004834750398003962
2204,0.0009009332570713013,0.0007562889877590351,0.0005841698875883594,4.408e-06,0.0004834750398003962
2205,0.0009783425484783947,0.0007456288549292367,0.0006756681505066808,4.41e-06,0.0004834750398003962
2206,0.0009552433548378758,0.0007004170111031272,0.0007290002977242693,4.412e-06,0.0004834750398003962
2207,0.0009684702235972509,0.0006619696723646484,0.0006535209759022109,4.4140000000000004e-06,0.0004834750398003962
2208,0.0009036443734657951,0.0006442660669563338,0.000685946382873226,4.416000000000001e-06,0.0004834750398003962
2209,0.0009344633654109202,0.0006415666684915777,0.0006553872481163125,4.418000000000001e-06,0.0004834750398003962
2210,0.0010646955706761219,0.0007122793176677078,0.0005789136484963819,4.42e-06,0.0004834750398003962
2211,0.0009691533778095618,0.0006144540529930964,0.0007448999240295961,4.422e-06,0.0004834750398003962
2212,0.0008256390574388206,0.0006531765211548191,0.0006613735968130641,4.424e-06,0.0004834750398003962
2213,0.0010388028094894253,0.000749647748307325,0.0007734800274192821,4.4260000000000005e-06,0.0004834750398003962
2214,0.0010956299665849656,0.000652867354801856,0.0007174166239565238,4.428000000000001e-06,0.0004834750398003962
2215,0.0009925327904056758,0.0007015330265858211,0.0006672541094303597,4.430000000000001e-06,0.0004834750398003962
2216,0.000916081087780185,0.0007431493504554965,0.0006863039961899631,4.432000000000001e-06,0.0004834750398003962
2217,0.0008412183306063525,0.0007301486148207914,0.0008069382820394821,4.434e-06,0.0004834750398003962
2218,0.0010205954604316503,0.0006183159348438494,0.0006780590192647651,4.436e-06,0.0004834750398003962
2219,0.0009451976002310403,0.0007880459670559503,0.000576738064410165,4.4380000000000005e-06,0.0004834750398003962
2220,0.0010129879956366494,0.0005784116146969609,0.000667303400405217,4.44e-06,0.0004834750398003962
2221,0.0008741664350964129,0.0006568725257238839,0.0007244801417982671,4.442e-06,0.0004834750398003962
2222,0.0008688162924954668,0.000770000260672532,0.0006950755487196147,4.444e-06,0.0004834750398003962
2223,0.0010078429404529743,0.0007318055359064601,0.0009211927681462839,4.446e-06,0.0004834750398003962
2224,0.0009812987336772494,0.000832893158076331,0.0006230185645108577,4.4480000000000004e-06,0.0004834750398003962
2225,0.000972604459093418,0.0007346099664573558,0.0006789297840441577,4.450000000000001e-06,0.0004834750398003962
2226,0.0009285956475650892,0.0006315768187050708,0.0006788737664464861,4.452000000000001e-06,0.0004834750398003962
2227,0.000856285696499981,0.0007564933475805447,0.0007329628424486145,4.454e-06,0.0004834750398003962
2228,0.0009448641721974127,0.0006534551139338873,0.0008899903514247853,4.456e-06,0.0004834750398003962
2229,0.0009297497890656814,0.0008579514396842569,0.0005427434261946473,4.458e-06,0.0004834750398003962
2230,0.0009251845040125772,0.0007233757933136076,0.0008179333708540071,4.4600000000000005e-06,0.0004834750398003962
2231,0.0010047674222732894,0.0007032112480374053,0.0007333971589105204,4.462000000000001e-06,0.0004834750398003962
2232,0.0009790742333279923,0.0007403425915981643,0.0006963477862882428,4.464000000000001e-06,0.0004834750398003962
2233,0.0010522164302528836,0.0005946528108324856,0.0006842231850896496,4.466000000000001e-06,0.0004834750398003962
2234,0.0008821755181998014,0.0007226803863886744,0.0005464886526169721,4.468e-06,0.0004834750398003962
2235,0.0009746703653945588,0.0008042386616580188,0.0006656976765953004,4.47e-06,0.0004834750398003962
2236,0.0009423057636013255,0.0007824541498848703,0.0007333947942242958,4.4720000000000006e-06,0.0004834750398003962
2237,0.0009154305298579857,0.0006712302783853374,0.0006842118746135384,4.474e-06,0.0004834750398003962
2238,0.0010112609379575588,0.000663041679217713,0.0007414637839247007,4.476e-06,0.0004834750398003962
2239,0.0009862359074759297,0.0008141997532220557,0.0007657451351406053,4.478e-06,0.0004834750398003962
2240,0.0009932034517987631,0.000787349054007791,0.0007948596030473709,4.48e-06,0.0004834750398003962
2241,0.0009951346000889316,0.0006058026156097185,0.0006789715262129903,4.4820000000000005e-06,0.0004834750398003962
2242,0.001125719354604371,0.0008199418662115932,0.0005839185178047046,4.484000000000001e-06,0.0004834750398003962
2243,0.0009699996953713708,0.0006443005695473403,0.0006973671115702018,4.486000000000001e-06,0.0004834750398003962
2244,0.00100428874429781,0.0006789812177885324,0.0006769050087314099,4.488e-06,0.0004834750398003962
2245,0.0008863920302246697,0.0005722548412450124,0.00071410094096791,4.49e-06,0.0004834750398003962
2246,0.000898222038813401,0.0006026939299772494,0.0007390697574010119,4.492e-06,0.0004834750398003962
2247,0.0009729332887218334,0.0006160096418170724,0.0006022224188200198,4.494e-06,0.0004834750398003962
2248,0.0011563273146748543,0.000680046076013241,0.0007637142552994192,4.496000000000001e-06,0.0004834750398003962
2249,0.0010042791909654625,0.0006657924604951404,0.0008448791850241832,4.498000000000001e-06,0.0004834750398003962
2250,0.0008466789658996277,0.0007685922682867385,0.0006407272885553539,4.5e-06,0.0004834750398003962
2251,0.0008581087313359603,0.0006105442844273057,0.0006121099868323654,4.502e-06,0.0004834750398003962
2252,0.00109924533899175,0.0005818553036078811,0.0006537995141115971,4.504e-06,0.0004834750398003962
2253,0.000934365889406763,0.0006541667826240882,0.0006533938358188607,4.5060000000000006e-06,0.0004834750398003962
2254,0.0009111690233112313,0.0006973923627811018,0.0007534241449320689,4.508e-06,0.0004834750398003962
2255,0.0009086074715014547,0.0007416270091198385,0.0006830533020547591,4.51e-06,0.0004834750398003962
2256,0.0009077882423298433,0.0007220370025606826,0.0008876786014297977,4.512e-06,0.0004834750398003962
2257,0.0009555227152304724,0.0008363437082152814,0.0006860191788291559,4.514e-06,0.0004834750398003962
2258,0.0011043430931749754,0.0007390406826743856,0.0006532000224979129,4.5160000000000005e-06,0.0004834750398003962
2259,0.0010522387237870134,0.0008250711580330972,0.0007284681487362832,4.518000000000001e-06,0.0004834750398003962
2260,0.0008815950495772995,0.0005978337030683178,0.0006329508578346577,4.520000000000001e-06,0.0004834750398003962
2261,0.0009982879273593426,0.000562050747248577,0.0008146135696733836,4.522e-06,0.0004834750398003962
2262,0.000979776530584786,0.0007091965308063664,0.0006633894190599676,4.524e-06,0.0004834750398003962
2263,0.0008646625938126817,0.0007354704903264064,0.0007877005518821534,4.526e-06,0.0004834750398003962
2264,0.0010803402474266477,0.0006927013055246789,0.000610419585427735,4.528e-06,0.0004834750398003962
2265,0.000972041321801953,0.0007636112932232209,0.0006200972893566359,4.530000000000001e-06,0.0004834750398003962
2266,0.0010116078410646878,0.0007596717623528093,0.0006443224920076318,4.532000000000001e-06,0.0004834750398003962
2267,0.0008825248660286888,0.0007302035373868421,0.0008274805077235214,4.534e-06,0.0004834750398003962
2268,0.0010070495627587661,0.0007035534727037884,0.0006527716104756109,4.536e-06,0.0004834750398003962
2269,0.0010177316798944958,0.0006243932111829054,0.000833655838505365,4.5380000000000004e-06,0.0004834750398003962
2270,0.001039069888065569,0.0006280730776779819,0.0005864826598553918,4.540000000000001e-06,0.0004834750398003962
2271,0.0009532484400551766,0.0007630887412233278,0.000757796922698617,4.542e-06,0.0004834750398003962
2272,0.000873441036674194,0.0007341153032029979,0.0006076121899241116,4.544e-06,0.0004834750398003962
2273,0.001057284593116492,0.0006151573870738503,0.0006823190378781874,4.546e-06,0.0004834750398003962
2274,0.001036727182508912,0.0007419581525027752,0.0008331692697538529,4.548e-06,0.0004834750398003962
2275,0.000901879626326263,0.0007578243348689284,0.0006753747111361008,4.5500000000000005e-06,0.0004834750398003962
2276,0.0009201946959365159,0.0005396882370405365,0.0005467808805406094,4.552000000000001e-06,0.0004834750398003962
2277,0.0009254263786715455,0.0008126205430016853,0.0006682953280687798,4.554000000000001e-06,0.0004834750398003962
2278,0.0009647891783970408,0.0006615785641770344,0.0006469128638855182,4.556e-06,0.0004834750398003962
2279,0.000898336416867096,0.0006486165002570488,0.0005739717962569557,4.558e-06,0.0004834750398003962
2280,0.0009357564631500281,0.0006796724919695407,0.0007523060194216669,4.56e-06,0.0004834750398003962
2281,0.0008840959562803619,0.0006825424570706673,0.0006013685524521861,4.562e-06,0.0004834750398003962
2282,0.0009506735150353052,0.0007034030677459668,0.0007305036633624695,4.564000000000001e-06,0.0004834750398003962
2283,0.0009717992797959596,0.0006529436577693559,0.0005631400636048056,4.566000000000001e-06,0.0004834750398003962
2284,0.0009065938356798142,0.0007927181504783221,0.0006329142379399855,4.568e-06,0.0004834750398003962
2285,0.0009597041425877251,0.0007397543522529304,0.0006832932485849597,4.57e-06,0.0004834750398003962
2286,0.0009621022109058686,0.0006527789628307801,0.000714052606781479,4.5720000000000004e-06,0.0004834750398003962
2287,0.0009515939018456265,0.0007090395083650947,0.0005870143722859211,4.574000000000001e-06,0.0004834750398003962
2288,0.0008500807598466054,0.000756103363528382,0.0007126084856281523,4.576e-06,0.0004834750398003962
2289,0.0009776815641089343,0.0009189127558784094,0.0006952198891667649,4.578e-06,0.0004834750398003962
2290,0.0009933391265803948,0.0006342840933939442,0.000587347945838701,4.58e-06,0.0004834750398003962
2291,0.0010545192853896879,0.0009559451282257214,0.0007419179237331264,4.582e-06,0.0004834750398003962
2292,0.000981327706540469,0.000647400815068977,0.0005828703433508053,4.5840000000000005e-06,0.0004834750398003962
2293,0.001134526071837172,0.000704320780641865,0.0007924957608338445,4.586000000000001e-06,0.0004834750398003962
2294,0.000877600017702207,0.0007199756291811354,0.0007060229072521906,4.588000000000001e-06,0.0004834750398003962
2295,0.0009947985818143934,0.0006357146994560026,0.0007324436046474148,4.59e-06,0.0004834750398003962
2296,0.0009824009830481373,0.000668687694997061,0.0006249897014640737,4.592e-06,0.0004834750398003962
2297,0.0010110457151313312,0.0006941875544725917,0.0006920637533767149,4.594e-06,0.0004834750398003962
2298,0.0010750907022156753,0.0008011816826183349,0.000646121749014128,4.596e-06,0.0004834750398003962
2299,0.0010007625023717992,0.0006244114410947077,0.0007054184243315831,4.598000000000001e-06,0.0004834750398003962
2300,0.0008953971118899062,0.0007708796401857398,0.0005692076993000228,4.600000000000001e-06,0.0004834750398003962
2301,0.0009685990007710643,0.0007721942820353433,0.0007569339068140835,4.602e-06,0.0004834750398003962
2302,0.0008649605297250673,0.0006493080327345524,0.0007626378501299769,4.604e-06,0.0004834750398003962
2303,0.0009537242513033561,0.0006324580717773642,0.0007636775990249589,4.6060000000000005e-06,0.0004834750398003962
2304,0.0009887763881124556,0.0007159789674915373,0.0007114621948858257,4.608000000000001e-06,0.0004834750398003962
2305,0.0010526280602789484,0.0007754100442980416,0.0007150535675464198,4.61e-06,0.0004834750398003962
2306,0.0008934465076890774,0.0006974897187319584,0.0006775598922104109,4.612e-06,0.0004834750398003962
2307,0.0008385399996768683,0.0007434166691382416,0.0007284753228304908,4.614e-06,0.0004834750398003962
2308,0.0009683067401056178,0.0007222824788186699,0.0005769516865257174,4.616e-06,0.0004834750398003962
2309,0.0009722475515445694,0.0006979200916248374,0.000716098631528439,4.6180000000000005e-06,0.0004834750398003962
2310,0.000916420372959692,0.0007043543155305088,0.0006948931513761636,4.620000000000001e-06,0.0004834750398003962
2311,0.0010017295790021308,0.0009196200589940418,0.0005255560790828895,4.622000000000001e-06,0.0004834750398003962
2312,0.0009659097631811164,0.000701917648257222,0.0006266104173846543,4.624e-06,0.0004834750398003962
2313,0.0009049193904502317,0.0006329790885502007,0.0008140840218402445,4.626e-06,0.0004834750398003962
2314,0.001125515831517987,0.0006746489307261072,0.0007194837562565226,4.628e-06,0.0004834750398003962
2315,0.0008858621149556711,0.0007723970084043685,0.0007076090660120826,4.63e-06,0.0004834750398003962
2316,0.0010637877639965154,0.0006791706473450176,0.0005983770606690086,4.632000000000001e-06,0.0004834750398003962
2317,0.000951042260567192,0.00076734421600122,0.0008294971084978897,4.634000000000001e-06,0.0004834750398003962
2318,0.0008688594898558222,0.0007979729489306919,0.0006342347332974896,4.636e-06,0.0004834750398003962
2319,0.0010412497213110328,0.0006933971890248358,0.0006885104048706125,4.638e-06,0.0004834750398003962
2320,0.001018936003674753,0.0008965557935880497,0.0008783997254795395,4.6400000000000005e-06,0.0004834750398003962
2321,0.0008772768123890273,0.0007469941047020257,0.0007341398159042001,4.642000000000001e-06,0.0004834750398003962
2322,0.0008673691481817514,0.0006779578470741399,0.0007265474705491215,4.644e-06,0.0004834750398003962
2323,0.0009608843101887032,0.0007655733352294192,0.0007664928671147209,4.646e-06,0.0004834750398003962
2324,0.0010158438381040469,0.000696837691066321,0.0006699983423459344,4.648e-06,0.0004834750398003962
2325,0.0009620628843549639,0.000738024253223557,0.0006361950872815214,4.65e-06,0.0004834750398003962
2326,0.0009043915270012803,0.0006362992862705141,0.0007719592395005748,4.6520000000000005e-06,0.0004834750398003962
2327,0.0010818062946782447,0.0007108044374035671,0.0007958677597343922,4.654000000000001e-06,0.0004834750398003962
2328,0.0008777523034950718,0.0007408370765915606,0.0007774384066578932,4.656000000000001e-06,0.0004834750398003962
2329,0.0010150335219805129,0.0007642748605576344,0.0007223486973089166,4.658e-06,0.0004834750398003962
2330,0.0009378822942380793,0.0006103515770519152,0.0007278882621903904,4.66e-06,0.0004834750398003962
2331,0.0009094028864637949,0.000707137915014755,0.0007739520369796082,4.6620000000000004e-06,0.0004834750398003962
2332,0.0010777953648357652,0.0006565816656802781,0.0006763524761481676,4.664e-06,0.0004834750398003962
2333,0.0008860687012202106,0.0007336393064178992,0.0007519328100897837,4.666000000000001e-06,0.0004834750398003962
2334,0.0010812699765665457,0.0007509068163926713,0.0005938431568210945,4.668000000000001e-06,0.0004834750398003962
2335,0.0009022781232488342,0.000604939392360393,0.0007062001095619053,4.67e-06,0.0004834750398003962
2336,0.0010410690010758117,0.0006953306001378223,0.0007033060501271393,4.672e-06,0.0004834750398003962
2337,0.0009411143910256214,0.0008303108297695871,0.0007644019460713025,4.6740000000000005e-06,0.0004834750398003962
2338,0.000998987423372455,0.0006948598456801847,0.000811153367976658,4.676000000000001e-06,0.0004834750398003962
2339,0.0009341058248537593,0.0005994588827888947,0.0006526245779241435,4.678e-06,0.0004834750398003962
2340,0.0009856342294369824,0.00072181508585345,0.0007636997434019577,4.68e-06,0.0004834750398003962
2341,0.0010235964218736626,0.0008318172549479641,0.0006729233282385394,4.682e-06,0.0004834750398003962
2342,0.0010865140211535618,0.0006624989946431015,0.0007321192024392076,4.684e-06,0.0004834750398003962
2343,0.000936011339945253,0.0007381660834653303,0.000669590455800062,4.6860000000000005e-06,0.0004834750398003962
2344,0.0009707284771138802,0.0006798547838116065,0.0007153633632697165,4.688000000000001e-06,0.0004834750398003962
2345,0.0009607506799511611,0.0006797083042329177,0.0007491963115171529,4.690000000000001e-06,0.0004834750398003962
2346,0.0009328537416877225,0.0008071238735283259,0.0006097211116866674,4.692e-06,0.0004834750398003962
2347,0.000950572757574264,0.0007635720758116804,0.000704941096046241,4.694e-06,0.0004834750398003962
2348,0.0007765257469145581,0.0007500166793761309,0.0009404575685039163,4.6960000000000004e-06,0.0004834750398003962
2349,0.0009418574336450547,0.0006813783911638893,0.0006361169143929146,4.698e-06,0.0004834750398003962
2350,0.0010418778911116533,0.0006950711540412158,0.0008128680274239741,4.700000000000001e-06,0.0004834750398003962
2351,0.001007325314276386,0.0007329561994993128,0.0007347490973188542,4.702000000000001e-06,0.0004834750398003962
2352,0.001029835460940376,0.0008096881065284833,0.0008175683033186942,4.704e-06,0.0004834750398003962
2353,0.0009973917476600036,0.0007449538643413689,0.0008102554638753645,4.706e-06,0.0004834750398003962
2354,0.0009172076024697162,0.0008127403707476333,0.0005438011612568516,4.7080000000000005e-06,0.0004834750398003962
2355,0.0009755866922205314,0.0007120173140719999,0.0006628814226132818,4.710000000000001e-06,0.0004834750398003962
2356,0.0009479559666942805,0.0008497224334860221,0.0006072393334761728,4.712e-06,0.0004834750398003962
2357,0.0009556807781336829,0.0007123507893993519,0.0005637626818497665,4.714e-06,0.0004834750398003962
2358,0.0009917899296851829,0.0006387117318809032,0.0006026709706929978,4.716e-06,0.0004834750398003962
2359,0.0009321968973381445,0.0008143627383105922,0.0007101227784005459,4.718e-06,0.0004834750398003962
2360,0.0009007696426124312,0.0006896691520523746,0.000852499040775001,4.7200000000000005e-06,0.0004834750398003962
2361,0.000868419447215274,0.000738427734177094,0.0006873098900541663,4.722000000000001e-06,0.0004834750398003962
2362,0.0010758722346508875,0.0007483214903913904,0.0005841896272613667,4.724e-06,0.0004834750398003962
2363,0.0008634228361188434,0.0007123817558749579,0.0005914355897402856,4.726e-06,0.0004834750398003962
2364,0.0010535587935009971,0.0007056276081129909,0.000646801978291478,4.728e-06,0.0004834750398003962
2365,0.0009233191231032833,0.0007772413446218707,0.000775178661569953,4.7300000000000005e-06,0.0004834750398003962
2366,0.001076924083463382,0.0008561690483475104,0.0007251902716234326,4.732e-06,0.0004834750398003962
2367,0.0009935619018506259,0.0007968374047777615,0.0008849233054206707,4.734000000000001e-06,0.0004834750398003962
2368,0.0009461260415264405,0.0006585321752936579,0.0006064401823095977,4.736000000000001e-06,0.0004834750398003962
2369,0.0010061936554848216,0.0008182334677258041,0.000747094745747745,4.738e-06,0.0004834750398003962
2370,0.0009159762485069223,0.0008037723891902715,0.0007548163703177124,4.74e-06,0.0004834750398003962
2371,0.0009966017751139589,0.0007566892236354761,0.0007936569963931106,4.7420000000000005e-06,0.0004834750398003962
2372,0.0009158078682958148,0.000664454470097553,0.0009439297900826205,4.744000000000001e-06,0.0004834750398003962
2373,0.000869291128765326,0.0007728980126557872,0.0005835284173372202,4.746e-06,0.0004834750398003962
2374,0.0008947300448198803,0.000660243422316853,0.0007495394165744074,4.748e-06,0.0004834750398003962
2375,0.0010902995709329844,0.0006617656836169772,0.0006628712508245371,4.75e-06,0.0004834750398003962
2376,0.000884170200151857,0.0007331199522013776,0.000640381927951239,4.752e-06,0.0004834750398003962
2377,0.0009795528821996413,0.0007178056985139847,0.000834683669381775,4.7540000000000006e-06,0.0004834750398003962
2378,0.0010312382073607296,0.0008146065738401376,0.0006622111905016936,4.756000000000001e-06,0.0004834750398003962
2379,0.0008536568202544004,0.0006324818605207838,0.000709975887730252,4.758e-06,0.0004834750398003962
2380,0.0009093018234125338,0.0007545842745457776,0.0007330483967962209,4.76e-06,0.0004834750398003962
2381,0.0009248244532500394,0.0007918853079900146,0.0006645660396316089,4.762e-06,0.0004834750398003962
2382,0.0009608862092136405,0.0006307485164143145,0.0007450271732523106,4.7640000000000005e-06,0.0004834750398003962
2383,0.0010539208669797517,0.0007329349755309522,0.0005743979709222913,4.766e-06,0.0004834750398003962
2384,0.0009802511631278321,0.0007812041076249443,0.0006762935809092596,4.768000000000001e-06,0.0004834750398003962
2385,0.0010018947214121,0.0007776337733957916,0.0007597380863444414,4.770000000000001e-06,0.0004834750398003962
2386,0.001026278783683665,0.0008162256599462125,0.000730973290046677,4.772e-06,0.0004834750398003962
2387,0.0010031642741523683,0.0006350571275106631,0.0007545080079580657,4.774e-06,0.0004834750398003962
2388,0.0010975255572702736,0.0006358548926073126,0.0006909942603670061,4.7760000000000005e-06,0.0004834750398003962
2389,0.0010596260108286515,0.0006883852474857122,0.0006219727511052042,4.778000000000001e-06,0.0004834750398003962
2390,0.001083994546206668,0.0007193871861090884,0.0007356221321970224,4.78e-06,0.0004834750398003962
2391,0.0009666082041803747,0.0007002881466178223,0.0007050303465803154,4.782e-06,0.0004834750398003962
2392,0.0010056209212052636,0.0009195569655275904,0.000771903847635258,4.784e-06,0.0004834750398003962
2393,0.0009025163089972921,0.0007299612407223321,0.0006592034696950577,4.7860000000000004e-06,0.0004834750398003962
2394,0.0008757727337069809,0.0008119858903228305,0.0006004023562127259,4.7880000000000006e-06,0.0004834750398003962
2395,0.0009785497459233738,0.0006702514110656921,0.0008350836360477842,4.790000000000001e-06,0.0004834750398003962
2396,0.000991763394267764,0.0008766489263507538,0.0006429314380511642,4.792e-06,0.0004834750398003962
2397,0.0008918314706534147,0.0007662851821805816,0.0006152185160317458,4.794e-06,0.0004834750398003962
2398,0.000958138371061068,0.0006665746441285592,0.0006272767168411519,4.796e-06,0.0004834750398003962
2399,0.0011428637662902474,0.0007601328761666082,0.0006953913180041127,4.7980000000000005e-06,0.0004834750398003962
2400,0.0009389721453771926,0.0007749348806100897,0.0007161962130339816,4.8e-06,0.0004834750398003962
2401,0.0009191176941385493,0.0007495910831494257,0.0006936363533895928,4.802000000000001e-06,0.0004834750398003962
2402,0.0010680535924620926,0.000623135161731625,0.0007341853270190768,4.804000000000001e-06,0.0004834750398003962
2403,0.000957172887865454,0.0006787092424929142,0.0007845738582545891,4.806e-06,0.0004834750398003962
2404,0.0009310556561104022,0.0007870138942962512,0.0006815665074100252,4.808e-06,0.0004834750398003962
2405,0.0010034076622105204,0.0006838876688561868,0.000816661944554653,4.8100000000000005e-06,0.0004834750398003962
2406,0.0010895796804106794,0.0006725277780788019,0.0006687831519229803,4.812000000000001e-06,0.0004834750398003962
2407,0.0008874183113221079,0.0008166760453605093,0.0006177762297738809,4.814e-06,0.0004834750398003962
2408,0.0008414447511313483,0.0007882211793912575,0.0007223617503768764,4.816e-06,0.0004834750398003962
2409,0.0009199202613672242,0.0007158890148275532,0.0007076160218275618,4.818e-06,0.0004834750398003962
2410,0.0009697098939795978,0.0008686148576089181,0.0006490687883342616,4.8200000000000004e-06,0.0004834750398003962
2411,0.0010528499551583081,0.0006010169454384595,0.000664578332361998,4.822000000000001e-06,0.0004834750398003962
2412,0.0009804541186895221,0.0007261046193889342,0.0007609617277921643,4.824000000000001e-06,0.0004834750398003962
2413,0.0008866205826052465,0.0009187144314637408,0.0007048965089779813,4.826e-06,0.0004834750398003962
2414,0.0009343404599349014,0.0008022560941753909,0.0006603185829590075,4.828e-06,0.0004834750398003962
2415,0.0010955997568089515,0.0006543773197336122,0.0007468179901479743,4.83e-06,0.0004834750398003962
2416,0.0009330000248155557,0.0006953068186703604,0.000744174474675674,4.8320000000000005e-06,0.0004834750398003962
2417,0.0010142731262021698,0.0006418772172764875,0.0006432886657421477,4.834e-06,0.0004834750398003962
2418,0.0010786355705931783,0.0007031348359305412,0.0005735589729738422,4.836000000000001e-06,0.0004834750398003962
2419,0.0008989088019006886,0.0008726059750188142,0.0007740907167317346,4.838000000000001e-06,0.0004834750398003962
2420,0.0008566038086428307,0.0006735272909281775,0.0006118413148215041,4.84e-06,0.0004834750398003962
2421,0.0010193093694397248,0.0006796977722842712,0.0005958580259175505,4.842e-06,0.0004834750398003962
2422,0.0010276038156007417,0.0008030212338780984,0.0008012143407540862,4.8440000000000005e-06,0.0004834750398003962
2423,0.0009881918522296473,0.0007970848346303683,0.0007317533672903664,4.846000000000001e-06,0.0004834750398003962
2424,0.0009174611550406553,0.0007631391054019332,0.0006445837279898115,4.848e-06,0.0004834750398003962
2425,0.0009705728807603009,0.0007309576467378065,0.0006645764078712091,4.85e-06,0.0004834750398003962
2426,0.0009563869461999275,0.0005975714375381358,0.0006235092951101251,4.852e-06,0.0004834750398003962
2427,0.0009129927930189297,0.00066096233058488,0.0006708285254717339,4.8540000000000005e-06,0.0004834750398003962
2428,0.0008866542993928306,0.000623760926828254,0.0007038941475911997,4.856000000000001e-06,0.0004834750398003962
2429,0.0010361998356529512,0.0007326921695494093,0.0006465385449700989,4.858000000000001e-06,0.0004834750398003962
2430,0.0010391742835054174,0.0006119994504842907,0.0006633766570303123,4.86e-06,0.0004834750398003962
2431,0.001071151316864416,0.0007142488757381216,0.0007601066899951547,4.862e-06,0.0004834750398003962
2432,0.0008796673646429554,0.0005879787058802322,0.0007734715836704709,4.864e-06,0.0004834750398003962
2433,0.0010637154555297457,0.0007552972892881371,0.0007526096887886524,4.8660000000000005e-06,0.0004834750398003962
2434,0.0009667981576058082,0.0006468511965067592,0.0006815373126300983,4.868e-06,0.0004834750398003962
2435,0.001020887415506877,0.0007260605198098347,0.0007095769469742663,4.870000000000001e-06,0.0004834750398003962
2436,0.0010310234647477046,0.0007690508791711181,0.0006431213914765976,4.872000000000001e-06,0.0004834750398003962
2437,0.0009138184395851567,0.0008010923411347903,0.000681442968925694,4.874e-06,0.0004834750398003962
2438,0.0009694627733551897,0.0007562555365439039,0.000708264960849192,4.876e-06,0.0004834750398003962
2439,0.0009052477398654446,0.000765085373132024,0.0006209042003320064,4.8780000000000006e-06,0.0004834750398003962
2440,0.0010837707959581167,0.0007424748037010431,0.0006580008193850517,4.880000000000001e-06,0.0004834750398003962
2441,0.000902314845006913,0.0006617275976168457,0.0006923433793417644,4.882e-06,0.0004834750398003962
2442,0.0009744834751472808,0.0007302230296772905,0.0007266125503520016,4.884e-06,0.0004834750398003962
2443,0.0010654978032107465,0.0006632537915720604,0.0006561524496646598,4.886e-06,0.0004834750398003962
2444,0.001002280150714796,0.0007430791156366467,0.000678525168041233,4.8880000000000005e-06,0.0004834750398003962
2445,0.0009320866374764591,0.0008678858575876802,0.0006057727732695639,4.890000000000001e-06,0.0004834750398003962
2446,0.0008729155015316792,0.0008301352791022509,0.0006528698359034024,4.892000000000001e-06,0.0004834750398003962
2447,0.0010038082982646301,0.0006980036305321846,0.000633995259704534,4.894e-06,0.0004834750398003962
2448,0.0009766615985427052,0.000790363184933085,0.0009223258639394771,4.896e-06,0.0004834750398003962
2449,0.0009689801227068529,0.000787786761065945,0.000621814815531252,4.898e-06,0.0004834750398003962
2450,0.001027551646984648,0.0007219308135972824,0.000693245921866037,4.9000000000000005e-06,0.0004834750398003962
2451,0.0009516795253148302,0.000723790428310167,0.0007140281450119801,4.902e-06,0.0004834750398003962
2452,0.0009202717337757349,0.0008324411610374227,0.0006453938549384475,4.904000000000001e-06,0.0004834750398003962
2453,0.001007212144031655,0.0009412047656951472,0.0006487482896773145,4.906000000000001e-06,0.0004834750398003962
2454,0.000902466184925288,0.0008599417997174896,0.0007745324692223221,4.908e-06,0.0004834750398003962
2455,0.0008943180291680619,0.0007627231207152363,0.0007272933835338335,4.9100000000000004e-06,0.0004834750398003962
2456,0.0008924537687562406,0.0007775736994517501,0.0007029818079899997,4.9120000000000006e-06,0.0004834750398003962
2457,0.0009252304080291651,0.00065280787384836,0.0006464309117291123,4.914000000000001e-06,0.0004834750398003962
2458,0.0009941409880411811,0.0007484344896511175,0.0006612735669477843,4.916e-06,0.0004834750398003962
2459,0.0010562847819528542,0.0008796968832029961,0.0007763128960505128,4.918e-06,0.0004834750398003962
2460,0.0009834800293901935,0.0007355792768066749,0.0007398351044685114,4.92e-06,0.0004834750398003962
2461,0.0009608721666154452,0.0007251112547237426,0.000645062726107426,4.9220000000000005e-06,0.0004834750398003962
2462,0.0010302345690433867,0.0007244987245940138,0.0007985210177139379,4.924000000000001e-06,0.0004834750398003962
2463,0.0008643940309411846,0.0006635445861320477,0.0007374302003881894,4.926000000000001e-06,0.0004834750398003962
2464,0.0010188649903284386,0.0006701962265651673,0.0007744837566860951,4.928e-06,0.0004834750398003962
2465,0.0009527422080282122,0.0008107239336823113,0.0007168337942857761,4.93e-06,0.0004834750398003962
2466,0.0009341967961518094,0.0007816906218067743,0.0007904700833023526,4.932e-06,0.0004834750398003962
2467,0.001010753374430351,0.0007466069728252478,0.0007194147219706792,4.9340000000000005e-06,0.0004834750398003962
2468,0.0009161449270322919,0.0006383136569638737,0.0006940136481716763,4.936e-06,0.0004834750398003962
2469,0.0009245480396202765,0.0006229789287317544,0.0006782029340683948,4.938000000000001e-06,0.0004834750398003962
2470,0.000803548377007246,0.0007461378845619038,0.000813824291981291,4.940000000000001e-06,0.0004834750398003962
2471,0.0009107744190259837,0.0007230502378661186,0.0006170817650854588,4.942e-06,0.0004834750398003962
2472,0.0009196505561703816,0.0005476211263157893,0.0007837655612092931,4.9440000000000004e-06,0.0004834750398003962
2473,0.0008510944171575829,0.0006278426953940652,0.0006298508706095163,4.946000000000001e-06,0.0004834750398003962
2474,0.0010516558540984988,0.0007715429092058912,0.0006692418246529996,4.948000000000001e-06,0.0004834750398003962
2475,0.0008218275615945458,0.0006692666029266547,0.0006333422352327034,4.95e-06,0.0004834750398003962
2476,0.0010448416869621724,0.0007247666944749653,0.0005057854905317072,4.952e-06,0.0004834750398003962
2477,0.0009303756232839078,0.0006903433095430955,0.0006811264356656466,4.954e-06,0.0004834750398003962
2478,0.0008621104861958884,0.0010077625265694223,0.0008148108754539862,4.9560000000000005e-06,0.0004834750398003962
2479,0.0009485097034485079,0.0008814281245577149,0.0007961221563164145,4.958000000000001e-06,0.0004834750398003962
2480,0.0009883964667096734,0.0007741299050394446,0.000739783401513705,4.960000000000001e-06,0.0004834750398003962
2481,0.000945769359532278,0.0008868621625879314,0.0007890238339314237,4.962e-06,0.0004834750398003962
2482,0.000920341357414145,0.0008505057849106379,0.000765237033192534,4.964e-06,0.0004834750398003962
2483,0.0010471571658854373,0.0007074674067553133,0.0007619904681632761,4.966e-06,0.0004834750398003962
2484,0.0010206022197962739,0.0008854277912178077,0.0006397177785402164,4.9680000000000005e-06,0.0004834750398003962
2485,0.0010625432623783126,0.0006696154414385092,0.0007170234930526931,4.97e-06,0.0004834750398003962
2486,0.0010696959361666813,0.0007718511333223432,0.0006459968353738077,4.972000000000001e-06,0.0004834750398003962
2487,0.0009089194791158661,0.0007370950697804801,0.0007223723987408448,4.974000000000001e-06,0.0004834750398003962
2488,0.001029971637763083,0.0007337488059420139,0.0006896783015690744,4.976e-06,0.0004834750398003962
2489,0.0009277963617932983,0.0007663516153115779,0.0008201506425393745,4.9780000000000005e-06,0.0004834750398003962
2490,0.0009500350352027453,0.0007645590158062987,0.0006470436419476755,4.980000000000001e-06,0.0004834750398003962
2491,0.0008673103366163559,0.0007691048231208697,0.0007622232951689512,4.982e-06,0.0004834750398003962
2492,0.0009631807406549342,0.0008703721941856202,0.0006991131485847291,4.984e-06,0.0004834750398003962
2493,0.0010449359906488098,0.0008675859135109931,0.0006845456991868559,4.986e-06,0.0004834750398003962
2494,0.0010306590047548525,0.000759096354158828,0.0006431491565308534,4.988e-06,0.0004834750398003962
2495,0.0009526914000161923,0.0007788818693370558,0.0007273850133060478,4.9900000000000005e-06,0.0004834750398003962
2496,0.0008741622368688695,0.0007143740076571703,0.0007503587403334677,4.992000000000001e-06,0.0004834750398003962
2497,0.0008740640259929933,0.0008335024758707732,0.0007484124071197584,4.994000000000001e-06,0.0004834750398003962
2498,0.0008428413129877299,0.0007038690382614732,0.0006590499324374832,4.996e-06,0.0004834750398003962
2499,0.0009255565528292209,0.0007665637822356075,0.0007234485165099613,4.998e-06,0.0004834750398003962
2500,0.0010342312234570272,0.0007341152595472522,0.0006918894141563214,5e-06,0.0004834750398003962
2501,0.0009352890265290625,0.0007787376234773546,0.0006238134592422284,5.0020000000000006e-06,0.0004834750398003962
2502,0.0009241849766112864,0.0008715701842447743,0.0006902242748765275,5.004e-06,0.0004834750398003962
2503,0.000874897807079833,0.0007805128843756393,0.0006756619550287724,5.006000000000001e-06,0.0004834750398003962
2504,0.001061918075720314,0.0008082885433395859,0.0007201636399258859,5.008000000000001e-06,0.0004834750398003962
2505,0.0009567403249093331,0.0006943474290892482,0.0005852587746630888,5.01e-06,0.0004834750398003962
2506,0.001067904981027823,0.0007796181016601622,0.0009361031334265135,5.0120000000000005e-06,0.0004834750398003962
2507,0.0010238213144475594,0.0006494959743577056,0.0006962377519812435,5.014000000000001e-06,0.0004834750398003962
2508,0.0009503308683633804,0.0008510744592058472,0.0006506261488539167,5.016e-06,0.0004834750398003962
2509,0.0011539042607182637,0.0008942429776652716,0.0006661707375315018,5.018e-06,0.0004834750398003962
2510,0.0009828345355344936,0.0007561405218439177,0.0005974467130727135,5.02e-06,0.0004834750398003962
2511,0.000863173307152465,0.0007212464843178168,0.0006871100667922292,5.022e-06,0.0004834750398003962
2512,0.0009366290469188243,0.0008615719198132865,0.0008505921250616666,5.0240000000000005e-06,0.0004834750398003962
2513,0.0010935242535197176,0.0008217160939238966,0.0009087179423659109,5.026000000000001e-06,0.0004834750398003962
2514,0.0009969529346562922,0.000725988549675094,0.0007696966895309743,5.028000000000001e-06,0.0004834750398003962
2515,0.0009028181593748741,0.000752447172999382,0.0008691145267221145,5.03e-06,0.0004834750398003962
2516,0.0011467531730886549,0.0006596154416911304,0.0008225288474932313,5.032e-06,0.0004834750398003962
2517,0.0010160580422962084,0.0008238323716796003,0.0007074491659295745,5.034e-06,0.0004834750398003962
2518,0.0009645657264627516,0.0007020817211014219,0.0007094182001310401,5.0360000000000006e-06,0.0004834750398003962
2519,0.0009671163861639798,0.0007586351603094954,0.0006256310371099971,5.038e-06,0.0004834750398003962
2520,0.0009786902446649037,0.0008401985760428943,0.0006355922560032923,5.040000000000001e-06,0.0004834750398003962
2521,0.0008798046910669655,0.0006896411068737507,0.0007229707553051412,5.042000000000001e-06,0.0004834750398003962
2522,0.0009807078022276983,0.0007871374764363281,0.000777375724283047,5.044e-06,0.0004834750398003962
2523,0.0010096363257616758,0.0006927588110556826,0.0006343048517010175,5.0460000000000005e-06,0.0004834750398003962
2524,0.000853786499646958,0.0007924375677248463,0.0007614607711730059,5.048000000000001e-06,0.0004834750398003962
2525,0.0010723646628321148,0.0007065342215355486,0.0007778578365105204,5.05e-06,0.0004834750398003962
2526,0.0008966689129010774,0.0005925933364778757,0.0007101090923242737,5.052e-06,0.0004834750398003962
2527,0.0009553704148856923,0.0008595613544457592,0.000695164537319215,5.054e-06,0.0004834750398003962
2528,0.0009169899640255608,0.0007616310394951142,0.0006798400718253106,5.056e-06,0.0004834750398003962
2529,0.001128200390667189,0.0007514215540140867,0.0007695502208662219,5.0580000000000005e-06,0.0004834750398003962
2530,0.001016688474919647,0.0009201021421176847,0.0007249125119415112,5.060000000000001e-06,0.0004834750398003962
2531,0.0009660055293352343,0.0006797158457629848,0.0007000828700256534,5.062000000000001e-06,0.0004834750398003962
2532,0.0009880898651317693,0.000776055661845021,0.0008075437435763888,5.064e-06,0.0004834750398003962
2533,0.001044494922098238,0.0009104704440687783,0.0005593269452219829,5.066e-06,0.0004834750398003962
2534,0.0007569859662908129,0.0009664355311542749,0.0008044426431297325,5.0680000000000004e-06,0.0004834750398003962
2535,0.0010073861994897015,0.0006873729871585965,0.0007398103116429411,5.070000000000001e-06,0.0004834750398003962
2536,0.0011187663185410202,0.0009097455767914653,0.0006323370944301132,5.072e-06,0.0004834750398003962
2537,0.001106769086618442,0.0007680439230171032,0.0007774482874083333,5.074000000000001e-06,0.0004834750398003962
2538,0.0009316023861174472,0.0008785692698438652,0.0006825018390372861,5.076000000000001e-06,0.0004834750398003962
2539,0.0010044282462331466,0.0007400856884487439,0.0007278947814484127,5.078e-06,0.0004834750398003962
2540,0.0010002402632380836,0.0007342867902480066,0.0007747806812403724,5.0800000000000005e-06,0.0004834750398003962
2541,0.000999979121843353,0.0007873819267842919,0.0008658494043629616,5.082000000000001e-06,0.0004834750398003962
2542,0.0010416649674880318,0.0008920505570131354,0.000773537907662103,5.084e-06,0.0004834750398003962
2543,0.001036605790432077,0.0006873967140563764,0.0006772346969228238,5.086e-06,0.0004834750398003962
2544,0.000944813851674553,0.000811905203590868,0.0007575794516014867,5.088e-06,0.0004834750398003962
2545,0.000912340146896895,0.0006612498254980892,0.000824432834633626,5.09e-06,0.0004834750398003962
2546,0.000788129516877234,0.0008798055969236884,0.0006353700773615856,5.0920000000000005e-06,0.0004834750398003962
2547,0.0009919100120896474,0.0007789060691720806,0.0007193846395239234,5.094000000000001e-06,0.0004834750398003962
2548,0.0009797390448511578,0.0007407491284538992,0.0007002413112786599,5.096000000000001e-06,0.0004834750398003962
2549,0.0009582127968315035,0.0007086823970894329,0.0007883542421041057,5.098e-06,0.0004834750398003962
2550,0.0009842281288001686,0.0006112796181696467,0.0008307013340527192,5.1e-06,0.0004834750398003962
2551,0.0010615223873173818,0.0007602742189192213,0.0006279733206611127,5.1020000000000004e-06,0.0004834750398003962
2552,0.0009362508426420391,0.0009013202070491388,0.0006172284702188335,5.104000000000001e-06,0.0004834750398003962
2553,0.0009122213159571402,0.0009166016752715223,0.000749347047531046,5.106e-06,0.0004834750398003962
2554,0.0009153661085292697,0.0010732525843195617,0.0006895253827678971,5.108000000000001e-06,0.0004834750398003962
2555,0.0009104481287067756,0.0007157313375500962,0.0007179988897405565,5.110000000000001e-06,0.0004834750398003962
2556,0.0010768516876851209,0.0006426481631933711,0.0007251686984091066,5.112e-06,0.0004834750398003962
2557,0.0008993633309728466,0.0009776954357221257,0.000756280918722041,5.1140000000000005e-06,0.0004834750398003962
2558,0.0009430656500626355,0.000722439002856845,0.0008511147752869874,5.116000000000001e-06,0.0004834750398003962
2559,0.001153927660197951,0.0007830723116057925,0.0006713080729241483,5.118e-06,0.0004834750398003962
2560,0.0009918887153617106,0.0007480268395738676,0.0007089266764523927,5.12e-06,0.0004834750398003962
2561,0.0009853159208432771,0.0007029106345726177,0.0006435538962250575,5.122e-06,0.0004834750398003962
2562,0.0009430602804059163,0.0009083906843443401,0.000684494458255358,5.124e-06,0.0004834750398003962
2563,0.0008700130201759748,0.0008472932386212051,0.0008065503934631124,5.1260000000000006e-06,0.0004834750398003962
2564,0.0008972419600468129,0.0007929631974548101,0.0006589088588953018,5.128000000000001e-06,0.0004834750398003962
2565,0.0010489716805750504,0.000864370413182769,0.0005857140313310083,5.130000000000001e-06,0.0004834750398003962
2566,0.0009563243729644455,0.0006942619911569636,0.000702888602972962,5.132e-06,0.0004834750398003962
2567,0.001001835749775637,0.000722407603461761,0.0007035913185973186,5.134e-06,0.0004834750398003962
2568,0.0009817448299145326,0.0008732321985007729,0.0006855460087535903,5.1360000000000005e-06,0.0004834750398003962
2569,0.0010430716720293276,0.0008376063124160282,0.0006923003238625824,5.138000000000001e-06,0.0004834750398003962
2570,0.0009607144602341577,0.0007679897717025597,0.0007942544725665357,5.14e-06,0.0004834750398003962
2571,0.0009258327991119586,0.0007394184431177564,0.0008327882824232802,5.142000000000001e-06,0.0004834750398003962
2572,0.0009632639412302524,0.0007574247829325031,0.000680417891999241,5.144000000000001e-06,0.0004834750398003962
2573,0.0009221526270266622,0.0008777586335781962,0.0008221350035455544,5.146e-06,0.0004834750398003962
2574,0.0010296421751263551,0.0007004929793765768,0.0007902133074821904,5.1480000000000005e-06,0.0004834750398003962
2575,0.0010622105037327856,0.000699802090821322,0.0007610334650962614,5.150000000000001e-06,0.0004834750398003962
2576,0.0010309372955816798,0.0008620621629233938,0.0007411390033666976,5.152e-06,0.0004834750398003962
2577,0.0010932162695098668,0.0007938773560454138,0.0006265584452194162,5.154e-06,0.0004834750398003962
2578,0.0009339032476418652,0.0006800579358241521,0.0007357390495599248,5.156e-06,0.0004834750398003962
2579,0.0010273028019582853,0.0008044485002756119,0.0008204519690480083,5.158e-06,0.0004834750398003962
2580,0.0009515469646430574,0.0007726066105533391,0.000666812906274572,5.1600000000000006e-06,0.0004834750398003962
2581,0.0009506501592113636,0.0007247316971188411,0.0007910799831734039,5.162000000000001e-06,0.0004834750398003962
2582,0.0009638852570788004,0.0006684490326733794,0.0007148881486500613,5.164000000000001e-06,0.0004834750398003962
2583,0.0010075146274175495,0.0009492897588643245,0.0007890193301136605,5.166e-06,0.0004834750398003962
2584,0.0009222756052622572,0.0006675955883110873,0.0006834750238340348,5.168e-06,0.0004834750398003962
2585,0.0010086856564157642,0.0006945864952285774,0.0008578128326917067,5.1700000000000005e-06,0.0004834750398003962
2586,0.000991205197351519,0.0008370929353986867,0.0006695103584206663,5.172000000000001e-06,0.0004834750398003962
2587,0.0010728653505793773,0.0009518057777313516,0.0007082550437189639,5.174e-06,0.0004834750398003962
2588,0.0009770201504579745,0.0007481910433853045,0.0006436556577682495,5.176000000000001e-06,0.0004834750398003962
2589,0.0009709158912301064,0.0008135610514727887,0.0006253200626815669,5.178000000000001e-06,0.0004834750398003962
2590,0.0009606349049136043,0.0007122020542738028,0.0008381353909499012,5.18e-06,0.0004834750398003962
2591,0.0010818639275385067,0.0008653711265651509,0.0006182515826367307,5.1820000000000005e-06,0.0004834750398003962
2592,0.0009610977722331882,0.0007316882547456771,0.0006951156283321325,5.184000000000001e-06,0.0004834750398003962
2593,0.0010865714066312648,0.0008109464615699835,0.0007653672364540398,5.186e-06,0.0004834750398003962
2594,0.000895164797839243,0.000762337695050519,0.0008553852312616073,5.188e-06,0.0004834750398003962
2595,0.000991255721601192,0.0006910596202942543,0.0007019467593636364,5.19e-06,0.0004834750398003962
2596,0.0008570476129534654,0.0009227664340869524,0.0008119424237520434,5.1920000000000004e-06,0.0004834750398003962
2597,0.0009102692783926614,0.0009124900461756624,0.0007951513034640811,5.194000000000001e-06,0.0004834750398003962
2598,0.0009746544092195109,0.0007761792658129707,0.0007572178328700829,5.196000000000001e-06,0.0004834750398003962
2599,0.000906363369722385,0.0006911432683409657,0.0010036298917839304,5.198000000000001e-06,0.0004834750398003962
2600,0.0009667140693636611,0.0008005230120033957,0.0007359956362051889,5.2e-06,0.0004834750398003962
2601,0.0008695050491951406,0.0008960211052908562,0.0007741406880086288,5.202e-06,0.0004834750398003962
2602,0.0010457745884195901,0.0007492349686799571,0.0006010619035805576,5.2040000000000005e-06,0.0004834750398003962
2603,0.0011368000341462903,0.0007073336964822374,0.0007058641785988584,5.206e-06,0.0004834750398003962
2604,0.0010778096475405619,0.0007811806135578081,0.0008742737772990949,5.208e-06,0.0004834750398003962
2605,0.0009535097051411867,0.0007701422873651609,0.0006277661304920912,5.210000000000001e-06,0.0004834750398003962
2606,0.0009376957241329364,0.0007404430070891976,0.0006320755419437774,5.212e-06,0.0004834750398003962
2607,0.001082881077309139,0.0007385874960164074,0.0008381012885365635,5.214e-06,0.0004834750398003962
2608,0.00098425227770349,0.0007679981827095617,0.0008922688684833702,5.2160000000000005e-06,0.0004834750398003962
2609,0.0010249463812215254,0.0007830761023797095,0.0009107510777539574,5.218000000000001e-06,0.0004834750398003962
2610,0.0010108210044563748,0.0007410165890178178,0.0006835141757619567,5.22e-06,0.0004834750398003962
2611,0.0009560735416016541,0.0008992279763333499,0.0007530636503361166,5.222e-06,0.0004834750398003962
2612,0.0010043429065262899,0.0007404631760437042,0.0007432041456922889,5.224e-06,0.0004834750398003962
2613,0.0010549918952165172,0.0008831710802041925,0.0008426310087088495,5.2260000000000004e-06,0.0004834750398003962
2614,0.001002266762952786,0.0007404403804684989,0.0009580524456396233,5.228000000000001e-06,0.0004834750398003962
2615,0.0009657265763962641,0.0006337062113743741,0.000967200547165703,5.230000000000001e-06,0.0004834750398003962
2616,0.0011392599699320272,0.0008157886186381802,0.0007878688265918754,5.232000000000001e-06,0.0004834750398003962
2617,0.0010106403133249842,0.0008573291270295158,0.0007371893880190328,5.234e-06,0.0004834750398003962
2618,0.0010263619478791952,0.0007276078031281941,0.0007136168169381563,5.236e-06,0.0004834750398003962
2619,0.0010188553860643879,0.0008734914663364179,0.0007564459410787094,5.2380000000000005e-06,0.0004834750398003962
2620,0.001001969118078705,0.0007628656276210677,0.0008126937027554959,5.24e-06,0.0004834750398003962
2621,0.0009102607436943799,0.0006778241222491488,0.000708731880877167,5.242e-06,0.0004834750398003962
2622,0.0009616913521313109,0.0007277364420588128,0.0008249597085523419,5.244000000000001e-06,0.0004834750398003962
2623,0.0009091328538488597,0.0010210200125584379,0.000623551408352796,5.246e-06,0.0004834750398003962
2624,0.0009836150638875552,0.0009090102248592302,0.000797761636931682,5.248e-06,0.0004834750398003962
2625,0.0010180852041230537,0.0008122363651636988,0.0009645942554925568,5.2500000000000006e-06,0.0004834750398003962
2626,0.0009147696109721437,0.0006995269213803113,0.0006576846644748002,5.252000000000001e-06,0.0004834750398003962
2627,0.000922660248761531,0.0008339729683939368,0.0007981804228620604,5.254e-06,0.0004834750398003962
2628,0.0009450049328734167,0.0009257494166377,0.000683668095007306,5.256e-06,0.0004834750398003962
2629,0.0009892780435620807,0.0008637571627332363,0.0007077765112626366,5.258e-06,0.0004834750398003962
2630,0.001096667125239037,0.0008313266371260397,0.0006653528253082186,5.2600000000000005e-06,0.0004834750398003962
2631,0.0009379804469062947,0.0008527239479008131,0.0009778159292181954,5.262000000000001e-06,0.0004834750398003962
2632,0.0008462397890980355,0.0007527863053837791,0.0009160611516563222,5.264000000000001e-06,0.0004834750398003962
2633,0.0009774594946065918,0.0008800697869446594,0.0006732704605383333,5.266000000000001e-06,0.0004834750398003962
2634,0.0009711611928651109,0.0009601418350939639,0.0009386897945660166,5.268e-06,0.0004834750398003962
2635,0.0009549254173180088,0.0008109643749776296,0.0007670836930628866,5.27e-06,0.0004834750398003962
2636,0.0009681012888904661,0.0009383449796587229,0.0007712635197094642,5.2720000000000005e-06,0.0004834750398003962
2637,0.000949690154811833,0.0006623999943258241,0.0006295305320236366,5.274e-06,0.0004834750398003962
2638,0.0009917801507981494,0.0007926883481559344,0.0007101884402800351,5.276e-06,0.0004834750398003962
2639,0.0010642100678524002,0.0008908344607334584,0.0008064899739110842,5.278000000000001e-06,0.0004834750398003962
2640,0.0010259128976031207,0.0007588660082546994,0.0007340630218095612,5.28e-06,0.0004834750398003962
2641,0.0008790487772785127,0.0006509029917651787,0.0007768898722133599,5.282e-06,0.0004834750398003962
2642,0.0009398067122674547,0.0006691199487249833,0.0008385708133573644,5.2840000000000006e-06,0.0004834750398003962
2643,0.0010477239047759213,0.0007533384850830771,0.0006140985424281098,5.286000000000001e-06,0.0004834750398003962
2644,0.0010501991055207327,0.0009229136230715085,0.0007300415090867318,5.288e-06,0.0004834750398003962
2645,0.0009784580761333928,0.000871073643793352,0.0007458516229235101,5.29e-06,0.0004834750398003962
2646,0.0009128867604886182,0.0006171527784317732,0.000660118144878652,5.292e-06,0.0004834750398003962
2647,0.0009467173658777028,0.0009147384625975974,0.0007847437518648803,5.2940000000000005e-06,0.0004834750398003962
2648,0.0010526454061619006,0.0006863255875941832,0.0008882723996066488,5.296000000000001e-06,0.0004834750398003962
2649,0.0009429346246179193,0.0008253437845269218,0.0006922802640474401,5.298000000000001e-06,0.0004834750398003962
2650,0.0009601886631571688,0.0006788159225834534,0.0007259595513460226,5.300000000000001e-06,0.0004834750398003962
2651,0.0010407997615402564,0.000832292324048467,0.0007379647940979339,5.302e-06,0.0004834750398003962
2652,0.0010307591219316237,0.0008187543171516154,0.000679946369928075,5.304e-06,0.0004834750398003962
2653,0.0009577023447491229,0.0008938940591178834,0.0006894818834553007,5.3060000000000005e-06,0.0004834750398003962
2654,0.0011128794576507062,0.0007899348274804652,0.0008225389938161243,5.308e-06,0.0004834750398003962
2655,0.0010232194254058413,0.0007788021612213925,0.0007041676981316414,5.31e-06,0.0004834750398003962
2656,0.0009682047748356126,0.0007415623476845212,0.0009398993424838409,5.312000000000001e-06,0.0004834750398003962
2657,0.0010607789736241102,0.0007315285838558339,0.0006728500920871738,5.314e-06,0.0004834750398003962
2658,0.0009310286695836112,0.0008453027840005234,0.0008044173555390444,5.3160000000000004e-06,0.0004834750398003962
2659,0.0009540629253024235,0.0007384509444818832,0.0007299278295249678,5.318000000000001e-06,0.0004834750398003962
2660,0.0009374947912874632,0.0009643122903071344,0.000754383574530948,5.320000000000001e-06,0.0004834750398003962
2661,0.0009506505884928629,0.000761216928367503,0.000888388603925705,5.322e-06,0.0004834750398003962
2662,0.001089378638425842,0.0008829541839077137,0.0007792880533088464,5.324e-06,0.0004834750398003962
2663,0.0009243449167115614,0.0008210086598410271,0.0007232904099510051,5.326e-06,0.0004834750398003962
2664,0.0010428994137328118,0.0008243373667937703,0.0008830341321299784,5.3280000000000005e-06,0.0004834750398003962
2665,0.0009215497047989629,0.0007785463967593387,0.0007818650992703624,5.330000000000001e-06,0.0004834750398003962
2666,0.0010556993729551323,0.0007026023886282928,0.0008189166474039666,5.332000000000001e-06,0.0004834750398003962
2667,0.0010372200267738663,0.0008344314628629945,0.0006919794395798817,5.334000000000001e-06,0.0004834750398003962
2668,0.0009830333219724707,0.0009288984656450339,0.0008961037747212686,5.336e-06,0.0004834750398003962
2669,0.0010489337146282196,0.0008027499279705808,0.0007999872686923482,5.338e-06,0.0004834750398003962
2670,0.0009646856269682758,0.0007878639517002739,0.0008888418524293229,5.3400000000000005e-06,0.0004834750398003962
2671,0.0009507110298727639,0.0007877353855292313,0.0007134088955353945,5.342e-06,0.0004834750398003962
2672,0.001228972578246612,0.0007430342957377434,0.0006727857944497373,5.344e-06,0.0004834750398003962
2673,0.000952194444835186,0.0008395901313633658,0.0007847963934182189,5.346000000000001e-06,0.0004834750398003962
2674,0.0009665945326560177,0.0008252330953837372,0.0008203221586882137,5.348e-06,0.0004834750398003962
2675,0.0010917050749412738,0.0008166704865288921,0.0007573349867016077,5.3500000000000004e-06,0.0004834750398003962
2676,0.0010614757993607782,0.0008803612581687048,0.0007644718134542927,5.352000000000001e-06,0.0004834750398003962
2677,0.000940256220928859,0.0007900394193711691,0.0007201324697234668,5.354000000000001e-06,0.0004834750398003962
2678,0.0010135211196029559,0.000851826203870587,0.0005925197292526718,5.356e-06,0.0004834750398003962
2679,0.0009173984726658091,0.0007693180741625838,0.000717002749297535,5.358e-06,0.0004834750398003962
2680,0.0009820651830523275,0.0008470101893180981,0.0007472954457625747,5.36e-06,0.0004834750398003962
2681,0.0009057349088834599,0.0008796956171863712,0.000761375151341781,5.3620000000000005e-06,0.0004834750398003962
2682,0.000939141791604925,0.000856830803968478,0.0009284165098506492,5.364000000000001e-06,0.0004834750398003962
2683,0.0010266600002069026,0.0008721522899577394,0.0008685994034749456,5.366000000000001e-06,0.0004834750398003962
2684,0.0009760685643414035,0.0006387226458173245,0.0007837884550099261,5.368000000000001e-06,0.0004834750398003962
2685,0.0008827219644444995,0.0006789123326598201,0.0006800857627240475,5.37e-06,0.0004834750398003962
2686,0.0010929296840913594,0.0007745139955659397,0.0006558443019457627,5.372e-06,0.0004834750398003962
2687,0.0011499010506668128,0.000780971473432146,0.0007396537621389143,5.3740000000000006e-06,0.0004834750398003962
2688,0.0009039329816005193,0.0007923031735117547,0.0007471783319488168,5.376e-06,0.0004834750398003962
2689,0.0009248786373063922,0.0008335605525644496,0.0007629068786627613,5.378e-06,0.0004834750398003962
2690,0.0010744080718723126,0.0006183346413308755,0.000888696187757887,5.380000000000001e-06,0.0004834750398003962
2691,0.0009587516760802828,0.0009425650932826102,0.0007303156453417614,5.382e-06,0.0004834750398003962
2692,0.0009722448012325913,0.0007429022334690671,0.0007097252018866129,5.3840000000000005e-06,0.0004834750398003962
2693,0.0008806577461655252,0.0008599624270573258,0.0007983760006027296,5.386000000000001e-06,0.0004834750398003962
2694,0.0009324186321464367,0.0008306110030389391,0.0008048908857745118,5.388000000000001e-06,0.0004834750398003962
2695,0.0009874733441392891,0.000912212417460978,0.000823658934677951,5.39e-06,0.0004834750398003962
2696,0.0009246715417248197,0.0008755735543672927,0.0006905596419528592,5.392e-06,0.0004834750398003962
2697,0.0010712442963267677,0.0008341381762875244,0.0008690236136317253,5.394e-06,0.0004834750398003962
2698,0.0009420764545211568,0.0010538297792663798,0.00068312822986627,5.3960000000000005e-06,0.0004834750398003962
2699,0.0010405456632724963,0.0008366877955268137,0.0008773123772698455,5.398000000000001e-06,0.0004834750398003962
2700,0.0009413782390765846,0.0009522762047708966,0.000788516514148796,5.400000000000001e-06,0.0004834750398003962
2701,0.0010301717338734306,0.0007831436232663691,0.0007259005069499835,5.402000000000001e-06,0.0004834750398003962
2702,0.0009118061498156749,0.0008157097545336001,0.0008724178624106571,5.404e-06,0.0004834750398003962
2703,0.0009658358030719683,0.000858876301208511,0.0008061680564424023,5.406e-06,0.0004834750398003962
2704,0.0008324696536874399,0.0007636052323505282,0.0008287290620501153,5.4080000000000006e-06,0.0004834750398003962
2705,0.0009198256593663245,0.0007479219057131559,0.0009133218190982006,5.41e-06,0.0004834750398003962
2706,0.001059433343471028,0.0008210152591345832,0.0007261254722834565,5.412e-06,0.0004834750398003962
2707,0.0008928606475819834,0.0009181914574583061,0.0007570388188469224,5.414000000000001e-06,0.0004834750398003962
2708,0.0008231579049606808,0.0009024890241562389,0.0007858239478082396,5.416e-06,0.0004834750398003962
2709,0.0009563652565702796,0.0008568109406041913,0.0007694761115999427,5.4180000000000005e-06,0.0004834750398003962
2710,0.0010931446886388585,0.0008840521622914821,0.0006595955383090768,5.420000000000001e-06,0.0004834750398003962
2711,0.001104672861401923,0.0007668799225939438,0.0006457924137066584,5.422000000000001e-06,0.0004834750398003962
2712,0.0010608367447275668,0.0008044021524256095,0.0008007058058865368,5.424e-06,0.0004834750398003962
2713,0.0010572737373877317,0.0007101766677806154,0.0008429522276856005,5.426e-06,0.0004834750398003962
2714,0.0009252145900973119,0.0008018274966161698,0.0008444405830232427,5.428e-06,0.0004834750398003962
2715,0.0009904179969453253,0.0008939304025261663,0.0008855759915604722,5.4300000000000005e-06,0.0004834750398003962
2716,0.0010473519723745994,0.0006820952585258055,0.0008076721424004063,5.432000000000001e-06,0.0004834750398003962
2717,0.0008436977514065802,0.0007319519427255727,0.0006554750798386522,5.434000000000001e-06,0.0004834750398003962
2718,0.0010825392018887214,0.0007374089473159984,0.0007276529431692325,5.436e-06,0.0004834750398003962
2719,0.0009505065609118901,0.0007657216920051724,0.0008429696754319593,5.438e-06,0.0004834750398003962
2720,0.001133820325776469,0.0007749705036985688,0.0007140656343835872,5.4400000000000004e-06,0.0004834750398003962
2721,0.0011462037509772927,0.0007189079842646606,0.0009217189472110476,5.442000000000001e-06,0.0004834750398003962
2722,0.0010889464319916442,0.0007781391286698636,0.0007958556889207102,5.444e-06,0.0004834750398003962
2723,0.0009045328260981478,0.0008955050507211126,0.0007864043218432926,5.446e-06,0.0004834750398003962
2724,0.0009683666139608249,0.0008837377899908461,0.0007897829709690996,5.448000000000001e-06,0.0004834750398003962
2725,0.0009330049069831148,0.0007418647182930727,0.0008134093222906813,5.45e-06,0.0004834750398003962
2726,0.0009762937334016897,0.0007786937785567716,0.0008031386678339913,5.4520000000000005e-06,0.0004834750398003962
2727,0.0009593863942427561,0.000905368164239917,0.000828274405648699,5.454000000000001e-06,0.0004834750398003962
2728,0.0010354940895922482,0.0008423120380030014,0.0006964443964534439,5.456000000000001e-06,0.0004834750398003962
2729,0.000985056634817738,0.000948544438870158,0.0009403994845342822,5.458e-06,0.0004834750398003962
2730,0.0010333393074688502,0.0009996684166253544,0.0007211767151602544,5.46e-06,0.0004834750398003962
2731,0.0010199730677413754,0.0008543457297491841,0.0006930817035026848,5.462e-06,0.0004834750398003962
2732,0.0009965950375772081,0.0007648720420547761,0.0007323324025492184,5.464e-06,0.0004834750398003962
2733,0.0010789206135086715,0.000725674930436071,0.000655596908472944,5.466000000000001e-06,0.0004834750398003962
2734,0.0009017763950396329,0.0008241821706178598,0.0006878276908537373,5.468000000000001e-06,0.0004834750398003962
2735,0.0010587945289444178,0.000872881973918993,0.0008897413790691644,5.47e-06,0.0004834750398003962
2736,0.0010534415268921293,0.0007186462025856599,0.0008528704638592899,5.472e-06,0.0004834750398003962
2737,0.000827053387183696,0.0007683394287596457,0.001019565315800719,5.4740000000000004e-06,0.0004834750398003962
2738,0.0009186686147586443,0.0007789523515384644,0.0007289379864232615,5.476000000000001e-06,0.0004834750398003962
2739,0.0009735759376781061,0.0009623670121072792,0.0010699755512177944,5.478e-06,0.0004834750398003962
2740,0.0010680885970941745,0.0008987763212644495,0.0007585566127090715,5.48e-06,0.0004834750398003962
2741,0.0010057235704152845,0.0009727600845508277,0.0010384706183685921,5.482000000000001e-06,0.0004834750398003962
2742,0.0009615756862331182,0.0008414043550146744,0.0008815507244435139,5.484e-06,0.0004834750398003962
2743,0.0010473288493813016,0.0008277463130070828,0.0008004334376892075,5.4860000000000005e-06,0.0004834750398003962
2744,0.001149676951172296,0.0007907374238129705,0.0008142045626300387,5.488000000000001e-06,0.0004834750398003962
2745,0.0012219818236189894,0.0008377087433473207,0.0006553438433911651,5.490000000000001e-06,0.0004834750398003962
2746,0.0011497697632876225,0.0007916147042124067,0.0009105610624828842,5.492e-06,0.0004834750398003962
2747,0.0008713064380572177,0.0011316994787193835,0.0007568960718344897,5.494e-06,0.0004834750398003962
2748,0.0010591816680971533,0.0008632956523797475,0.0006009226126479916,5.496e-06,0.0004834750398003962
2749,0.0009325826104031876,0.0007757350394967943,0.0007456708044628613,5.498e-06,0.0004834750398003962
2750,0.0009503210312686861,0.0009181068890029564,0.0007140027082641609,5.500000000000001e-06,0.0004834750398003962
2751,0.0009659710631240159,0.0007273120754689444,0.0009789901232579723,5.502000000000001e-06,0.0004834750398003962
2752,0.0010621987166814506,0.0009233695673174225,0.000751244617276825,5.504e-06,0.0004834750398003962
2753,0.0010154089250136167,0.0006961077815503813,0.0007199593383120373,5.506e-06,0.0004834750398003962
2754,0.000895418634172529,0.0007729092831141315,0.0006295615130511578,5.5080000000000005e-06,0.0004834750398003962
2755,0.0009123464697040617,0.0007923963712528348,0.0006857854023110121,5.510000000000001e-06,0.0004834750398003962
2756,0.001200290884298738,0.0007320969743886963,0.0007985555239429232,5.512e-06,0.0004834750398003962
2757,0.0009306198626291007,0.0008970230555860326,0.0006462727833422832,5.514e-06,0.0004834750398003962
2758,0.0010024694638559595,0.0008337619510712102,0.0006239363574422896,5.516000000000001e-06,0.0004834750398003962
2759,0.0010488598854863085,0.000923017410968896,0.0008549950580345467,5.518e-06,0.0004834750398003962
2760,0.0009672812666394748,0.0008285092262667604,0.0008516061534464825,5.5200000000000005e-06,0.0004834750398003962
2761,0.000981898483587429,0.0008414859548793174,0.0007094884349498898,5.522000000000001e-06,0.0004834750398003962
2762,0.0011622120146057568,0.0008103736836346798,0.0007710716963629238,5.524000000000001e-06,0.0004834750398003962
2763,0.0009020790967042558,0.0008925945949158631,0.0006807145473430865,5.526e-06,0.0004834750398003962
2764,0.0010846223158296198,0.0006943334192328621,0.0007482326800527517,5.528e-06,0.0004834750398003962
2765,0.0009240590297849849,0.0008118799742078409,0.0009679799113655463,5.53e-06,0.0004834750398003962
2766,0.0010260962662869133,0.0007877467505750246,0.0007078252965584397,5.532e-06,0.0004834750398003962
2767,0.0009197600738843903,0.0007009399341768585,0.0008348498777195346,5.534000000000001e-06,0.0004834750398003962
2768,0.0008869079174473882,0.0008953187061706558,0.0008558757181162946,5.536000000000001e-06,0.0004834750398003962
2769,0.0010715105308918282,0.0007467626637662761,0.0007384249256574549,5.538e-06,0.0004834750398003962
2770,0.0010177734584431164,0.0008503005519742146,0.0006742877667420544,5.54e-06,0.0004834750398003962
2771,0.0009414414525963366,0.0007607873631059192,0.000681076697219396,5.5420000000000005e-06,0.0004834750398003962
2772,0.0010382240143371746,0.0007225263543659821,0.0007178414743975736,5.544000000000001e-06,0.0004834750398003962
2773,0.0009797356615308672,0.000928649511479307,0.0007308182757697068,5.546e-06,0.0004834750398003962
2774,0.0011429561855038628,0.0009092959589906968,0.0007609217500430532,5.548e-06,0.0004834750398003962
2775,0.0008967262183432467,0.0007770519805490039,0.0007427335876855068,5.550000000000001e-06,0.0004834750398003962
2776,0.0009952281616278924,0.0008132666334859096,0.0010399075617897324,5.552e-06,0.0004834750398003962
2777,0.0011753747967304662,0.0008118251280393451,0.0010307510383427143,5.5540000000000005e-06,0.0004834750398003962
2778,0.000989236963505391,0.0007145392592065036,0.0005808050082123373,5.556000000000001e-06,0.0004834750398003962
2779,0.00102940495708026,0.0008558793851989321,0.0008868523036653642,5.558000000000001e-06,0.0004834750398003962
2780,0.0010199952230323106,0.0007389608799712732,0.0006925201050762553,5.56e-06,0.0004834750398003962
2781,0.0011253830525674857,0.0007978109424584545,0.0008178317511919886,5.562e-06,0.0004834750398003962
2782,0.0010378447841503657,0.0007088466954883188,0.0006511523570225108,5.5640000000000004e-06,0.0004834750398003962
2783,0.0009662356824264862,0.0007985947377164848,0.0007910014392109588,5.566e-06,0.0004834750398003962
2784,0.0010442551792948507,0.0008093243886833079,0.0007970323495101184,5.568000000000001e-06,0.0004834750398003962
2785,0.001117767911637202,0.0007932437365525402,0.0007193201527115889,5.570000000000001e-06,0.0004834750398003962
2786,0.0009122927222051658,0.0007226985107990913,0.0008244139025919139,5.572e-06,0.0004834750398003962
2787,0.001096913321816828,0.0007236838355311193,0.0008913787023629993,5.574e-06,0.0004834750398003962
2788,0.0008719895558897406,0.0007915598289400805,0.0006798286340199411,5.5760000000000005e-06,0.0004834750398003962
2789,0.0010811381798703223,0.0007561148340755608,0.0008782347140368074,5.578000000000001e-06,0.0004834750398003962
2790,0.0009742934998939745,0.0008877655855030753,0.0008138033444993198,5.58e-06,0.0004834750398003962
2791,0.0012973364791832864,0.0008298688844661228,0.0007287133994395845,5.582e-06,0.0004834750398003962
2792,0.001143283152487129,0.0006616584505536593,0.0008399995240324643,5.584000000000001e-06,0.0004834750398003962
2793,0.0009426956094102934,0.0008195790069294162,0.000992375600617379,5.586e-06,0.0004834750398003962
2794,0.0010257239118800499,0.0008783616503933445,0.00074320923522464,5.5880000000000005e-06,0.0004834750398003962
2795,0.0009434249659534544,0.0007616357615916058,0.0008718805911485106,5.590000000000001e-06,0.0004834750398003962
2796,0.0009205686437780969,0.0007517434205510654,0.000723625114915194,5.592000000000001e-06,0.0004834750398003962
2797,0.0010233241628156975,0.0009087827456824016,0.000761899609642569,5.594e-06,0.0004834750398003962
2798,0.001022745891532395,0.0009323127014795318,0.000867970593390055,5.596e-06,0.0004834750398003962
2799,0.0011231411335757002,0.0009258964346372522,0.0007772151875542477,5.5980000000000004e-06,0.0004834750398003962
2800,0.0009653229499235749,0.0008451207795587834,0.0008974299744295422,5.6e-06,0.0004834750398003962
2801,0.0009777532177395187,0.0007994753977982327,0.000779374640842434,5.602000000000001e-06,0.0004834750398003962
2802,0.001061482536897529,0.0008325061935465783,0.0008833083920762874,5.604000000000001e-06,0.0004834750398003962
2803,0.0010313435122952797,0.0009994156862376258,0.0007029583139228635,5.606e-06,0.0004834750398003962
2804,0.0008767737963353284,0.0006732132715114858,0.0006461702250817325,5.608e-06,0.0004834750398003962
2805,0.0008904903006623499,0.000772464023611974,0.0009009711830003653,5.6100000000000005e-06,0.0004834750398003962
2806,0.0010045427625300363,0.0008859659137669951,0.000727298145648092,5.612000000000001e-06,0.0004834750398003962
2807,0.0011109481420135126,0.0008704103383934125,0.0008841073358780704,5.614e-06,0.0004834750398003962
2808,0.0010073897792608477,0.0006754857386113144,0.0007994146290002391,5.616e-06,0.0004834750398003962
2809,0.0009848414847510867,0.0008937484017224051,0.0007571007081423886,5.618000000000001e-06,0.0004834750398003962
2810,0.0011081567063229159,0.0008563650117139332,0.0007632634369656444,5.62e-06,0.0004834750398003962
2811,0.000992755260085687,0.0007953115564305335,0.0008248955782619305,5.6220000000000006e-06,0.0004834750398003962
2812,0.0009280378653784283,0.0009145074727712199,0.0008176004484994337,5.624000000000001e-06,0.0004834750398003962
2813,0.000987746250757482,0.0008627204515505582,0.0010238666363875382,5.626000000000001e-06,0.0004834750398003962
2814,0.0009220050487783737,0.0008579472923884168,0.0008266718941740692,5.628e-06,0.0004834750398003962
2815,0.0011148454359499738,0.0008583054732298478,0.0007025918894214556,5.63e-06,0.0004834750398003962
2816,0.0009475214319536462,0.0009140275797108188,0.000722918295650743,5.6320000000000005e-06,0.0004834750398003962
2817,0.0010995197735610418,0.0008738427022763062,0.0007191312652139459,5.634e-06,0.0004834750398003962
2818,0.0009584603685652837,0.0010789297448354773,0.0007763160247122869,5.636000000000001e-06,0.0004834750398003962
2819,0.0011497706000227481,0.0008649489172967151,0.0007549857582489494,5.638000000000001e-06,0.0004834750398003962
2820,0.000926891625567805,0.0007625984435435385,0.0007526236295234412,5.64e-06,0.0004834750398003962
2821,0.001023326774884481,0.0007945515390019864,0.0008298836983158253,5.642e-06,0.0004834750398003962
2822,0.0009795312071219087,0.0007620136711921077,0.0007747266245132778,5.6440000000000005e-06,0.0004834750398003962
2823,0.0009812865318963304,0.0007018955075182021,0.000859057570778532,5.646000000000001e-06,0.0004834750398003962
2824,0.001021335760015063,0.0008637987848487683,0.0006500643794424832,5.648e-06,0.0004834750398003962
2825,0.0010742729937192053,0.000969807559158653,0.0007009881883277558,5.65e-06,0.0004834750398003962
2826,0.000890647825144697,0.0007800856838002801,0.000813384642242454,5.652000000000001e-06,0.0004834750398003962
2827,0.0008112259383779019,0.0010219616160611622,0.000895392666279804,5.654e-06,0.0004834750398003962
2828,0.0009591860871296376,0.0007311354020202998,0.0007535933327744715,5.6560000000000006e-06,0.0004834750398003962
2829,0.0010469318440300412,0.0009124486314249225,0.0007805494096828625,5.658000000000001e-06,0.0004834750398003962
2830,0.0011602598751778714,0.0008725088264327496,0.0007530322909587994,5.660000000000001e-06,0.0004834750398003962
2831,0.001070457452442497,0.000887996175151784,0.0007157094150898047,5.662e-06,0.0004834750398003962
2832,0.0008880367531673983,0.0007856252705096267,0.0008027211224543862,5.664e-06,0.0004834750398003962
2833,0.000933184870518744,0.0009977067602449097,0.0006428852611861657,5.6660000000000005e-06,0.0004834750398003962
2834,0.001165325622423552,0.0008961991479736753,0.0007542570019722916,5.668e-06,0.0004834750398003962
2835,0.0009601700512575917,0.0009697956120362505,0.000750378894736059,5.670000000000001e-06,0.0004834750398003962
2836,0.0008294127837871201,0.0008490046748192981,0.0008679582679178566,5.672000000000001e-06,0.0004834750398003962
2837,0.0010994963522534817,0.0008276602748082951,0.0007706682590651326,5.674e-06,0.0004834750398003962
2838,0.0010741163496277295,0.0008821222218102776,0.0006766106453142129,5.676e-06,0.0004834750398003962
2839,0.0009731605241540819,0.0007889460903243162,0.0007252792420331389,5.6780000000000005e-06,0.0004834750398003962
2840,0.0010731325310189277,0.0008857447901391424,0.0006941921528778039,5.680000000000001e-06,0.0004834750398003962
2841,0.00113667368714232,0.000859621366544161,0.0007347007012867834,5.682e-06,0.0004834750398003962
2842,0.0008778405099292286,0.0009655823232606053,0.0007076049732859246,5.684e-06,0.0004834750398003962
2843,0.0010153435432584956,0.0008134585004881956,0.0008032252953853458,5.686000000000001e-06,0.0004834750398003962
2844,0.001204354215587955,0.0010045977942354511,0.0008114384108921513,5.6880000000000004e-06,0.0004834750398003962
2845,0.001169912276964169,0.0008417624194407836,0.0006643854430876672,5.690000000000001e-06,0.0004834750398003962
2846,0.0010228553001070395,0.0007921223877929151,0.0009193430159939453,5.692000000000001e-06,0.0004834750398003962
2847,0.0011095349909737706,0.0007476617174688727,0.0008493372370139696,5.694e-06,0.0004834750398003962
2848,0.0009461357476538979,0.0010191187539021485,0.000849372532684356,5.696e-06,0.0004834750398003962
2849,0.0009722425020299852,0.0007378832015092485,0.0007321571465581656,5.698e-06,0.0004834750398003962
2850,0.001047709803970065,0.00077515680459328,0.0008314546939800493,5.7000000000000005e-06,0.0004834750398003962
2851,0.0010711265713325702,0.0006827894794696476,0.0008909532334655523,5.702e-06,0.0004834750398003962
2852,0.001042132411384955,0.0007330997177632526,0.0007954099492053501,5.704000000000001e-06,0.0004834750398003962
2853,0.0011122576252091676,0.0008505892656103242,0.0007330860244110227,5.706000000000001e-06,0.0004834750398003962
2854,0.0009525486821075901,0.0008917599807318766,0.0009079995361389592,5.708e-06,0.0004834750398003962
2855,0.0009264479303965345,0.0007819304228178225,0.000828672662464669,5.71e-06,0.0004834750398003962
2856,0.0009746344148879871,0.0009573959541739896,0.0007991958555066958,5.7120000000000005e-06,0.0004834750398003962
2857,0.0009686829580459744,0.0008593986567575485,0.000940851510677021,5.714000000000001e-06,0.0004834750398003962
2858,0.0010415972283226438,0.0008758566218602937,0.0008649395967950113,5.716e-06,0.0004834750398003962
2859,0.0007938366325106472,0.0008517965252394788,0.0008694635325809941,5.718e-06,0.0004834750398003962
2860,0.0010424695428810082,0.0008861220630933531,0.0008219242954510264,5.720000000000001e-06,0.0004834750398003962
2861,0.0009631969514884986,0.000874927434779238,0.0008185884798876941,5.7220000000000004e-06,0.0004834750398003962
2862,0.0009794035067898221,0.0008706972075742669,0.0008607828785898164,5.724000000000001e-06,0.0004834750398003962
2863,0.001254661357961595,0.0007546520355390385,0.0007074315944919363,5.726000000000001e-06,0.0004834750398003962
2864,0.0009085610581678338,0.0009698029243736528,0.0008725271036382765,5.728e-06,0.0004834750398003962
2865,0.001024763121677097,0.0009480929584242404,0.0008029640157474205,5.73e-06,0.0004834750398003962
2866,0.0010672526259440929,0.0008614177713752724,0.0006642478256253526,5.732e-06,0.0004834750398003962
2867,0.0010257339963573031,0.0009396015375386924,0.0006765076250303537,5.7340000000000005e-06,0.0004834750398003962
2868,0.0009699179354356602,0.0007311106201086659,0.000671831065119477,5.736e-06,0.0004834750398003962
2869,0.0008936070444178768,0.0006862002555863,0.000746896090277005,5.738000000000001e-06,0.0004834750398003962
2870,0.0009514127668808214,0.0008005625277291983,0.0007727840820734855,5.740000000000001e-06,0.0004834750398003962
2871,0.001097573789593298,0.000828489319246728,0.0007716313812125009,5.742e-06,0.0004834750398003962
2872,0.0009352055130875669,0.0007704016315983608,0.0008198896612157114,5.744e-06,0.0004834750398003962
2873,0.0011419336442486383,0.0010371889802627265,0.0009646759572206065,5.7460000000000006e-06,0.0004834750398003962
2874,0.0010149436930078082,0.0007321731172851287,0.0007353996988967992,5.748000000000001e-06,0.0004834750398003962
2875,0.0009905377664836124,0.0009024718165164813,0.0009627243489376269,5.75e-06,0.0004834750398003962
2876,0.0011182773450855166,0.000834822392789647,0.0007764528127154335,5.752e-06,0.0004834750398003962
2877,0.001008152510621585,0.0007690431084483862,0.0008746747262193821,5.754000000000001e-06,0.0004834750398003962
2878,0.0009371904088766314,0.0007614950809511356,0.0006923449000169057,5.7560000000000005e-06,0.0004834750398003962
2879,0.001042657662765123,0.0008500825133523904,0.0008747599713387899,5.758000000000001e-06,0.0004834750398003962
2880,0.0010657265811460093,0.0007248818837979343,0.0006920413507032208,5.760000000000001e-06,0.0004834750398003962
2881,0.000968099178862758,0.0010200830074609257,0.000830196135211736,5.762e-06,0.0004834750398003962
2882,0.0011244049965171143,0.0007870937406551093,0.0006830674574302975,5.764e-06,0.0004834750398003962
2883,0.0010693845251807943,0.0007851877307984978,0.0008288855169666931,5.766e-06,0.0004834750398003962
2884,0.0008699730024090968,0.0010504141027922742,0.0011606937696342357,5.7680000000000005e-06,0.0004834750398003962
2885,0.0008350843927473761,0.0008238523587351665,0.001038544469338376,5.77e-06,0.0004834750398003962
2886,0.0010711586219258606,0.0008995588286779821,0.0007932969310786575,5.772000000000001e-06,0.0004834750398003962
2887,0.001085916388547048,0.0008043125526455697,0.0007737948253634386,5.774000000000001e-06,0.0004834750398003962
2888,0.0012346807634457946,0.0009189262127620168,0.0010389900126028806,5.776e-06,0.0004834750398003962
2889,0.0011648268773569725,0.0007960625516716391,0.0008690762042533606,5.778e-06,0.0004834750398003962
2890,0.0010876060841837898,0.0007821899489499629,0.0007819790371286217,5.7800000000000006e-06,0.0004834750398003962
2891,0.0009716062122606672,0.0008197607603506185,0.0008219402443501167,5.782000000000001e-06,0.0004834750398003962
2892,0.0009352351044071838,0.000724989477021154,0.0007300989891518839,5.784e-06,0.0004834750398003962
2893,0.001023736214847304,0.0009381841082358733,0.0009545531938783824,5.786e-06,0.0004834750398003962
2894,0.0010177498406847008,0.0007730498618911952,0.0006398568148142658,5.788000000000001e-06,0.0004834750398003962
2895,0.0009800542102311738,0.0008851229576976039,0.0007968715945025906,5.7900000000000005e-06,0.0004834750398003962
2896,0.001066848199116066,0.0008481008553644642,0.0006575359948328696,5.792000000000001e-06,0.0004834750398003962
2897,0.001013869397866074,0.0008453442860627547,0.0008622838286100887,5.794000000000001e-06,0.0004834750398003962
2898,0.0011042269543395378,0.0009515318015473895,0.0008138451084960252,5.796e-06,0.0004834750398003962
2899,0.0010708623303798959,0.000939370525884442,0.0007480937856598757,5.798e-06,0.0004834750398003962
2900,0.0011895443094545044,0.0008903761918190867,0.0007508055059588514,5.8e-06,0.0004834750398003962
2901,0.001091262478439603,0.0008913544588722289,0.0007022919307928532,5.8020000000000005e-06,0.0004834750398003962
2902,0.0009399372138432227,0.0009604117512935773,0.0008272932900581509,5.804e-06,0.0004834750398003962
2903,0.0010947700502583757,0.000917928948183544,0.0010030662087956443,5.806000000000001e-06,0.0004834750398003962
2904,0.0009171028068521991,0.0008966404784587212,0.0009463005771976896,5.808000000000001e-06,0.0004834750398003962
2905,0.001079842128092423,0.0007902880679466762,0.0008827822093735449,5.81e-06,0.0004834750398003962
2906,0.0010537459456827492,0.0008068103561527096,0.0008473692796542309,5.8120000000000004e-06,0.0004834750398003962
2907,0.001041053947119508,0.0009588475077180192,0.0007930219508125447,5.814000000000001e-06,0.0004834750398003962
2908,0.0009821795247262344,0.0010682903666747734,0.0007564548250229564,5.816000000000001e-06,0.0004834750398003962
2909,0.0010687093454180285,0.0007536169287050143,0.0007354255649261177,5.818e-06,0.0004834750398003962
2910,0.0011983361691818573,0.0007555467018391937,0.0008625344125903212,5.82e-06,0.0004834750398003962
2911,0.001027750338835176,0.0008051877011894248,0.000693643800332211,5.822000000000001e-06,0.0004834750398003962
2912,0.0010724322928581387,0.0007322476049012039,0.000980212505965028,5.8240000000000005e-06,0.0004834750398003962
2913,0.0009611598288756795,0.0007423760398523882,0.0009536126453895122,5.826000000000001e-06,0.0004834750398003962
2914,0.0009882091253530234,0.0008438346267212182,0.0008691263356013224,5.828000000000001e-06,0.0004834750398003962
2915,0.0009701777380541898,0.0008462366458843462,0.0006821858805778902,5.83e-06,0.0004834750398003962
2916,0.0010022514834417962,0.0009414418964297511,0.0008659772429382429,5.832e-06,0.0004834750398003962
2917,0.0009812433636398055,0.0010282373477821238,0.0008433703260379843,5.834e-06,0.0004834750398003962
2918,0.001056191831594333,0.0009162163551081903,0.00084605902156909,5.8360000000000005e-06,0.0004834750398003962
2919,0.0010986886118189432,0.0007602795594721101,0.0008202505123335868,5.838e-06,0.0004834750398003962
2920,0.0010594187915557995,0.000824970229587052,0.0007565565902041271,5.840000000000001e-06,0.0004834750398003962
2921,0.001097556647437159,0.0009065824924618937,0.0007745490729575977,5.842000000000001e-06,0.0004834750398003962
2922,0.0009918033101712354,0.0008343522131326608,0.0007773566467221826,5.844e-06,0.0004834750398003962
2923,0.0009908056526910514,0.0009420806054549757,0.0007179686253948603,5.8460000000000004e-06,0.0004834750398003962
2924,0.0010384785709902644,0.0008884295893949457,0.0008356541802641004,5.848000000000001e-06,0.0004834750398003962
2925,0.000988487940048799,0.0007928306949906982,0.000789987596363062,5.850000000000001e-06,0.0004834750398003962
2926,0.0011830346411443315,0.0007586340943817049,0.0007860416299081407,5.852e-06,0.0004834750398003962
2927,0.001317722249950748,0.0008188559586415067,0.0008834325635689311,5.854e-06,0.0004834750398003962
2928,0.0011621453959378414,0.0007651900814380497,0.0007136578788049519,5.856000000000001e-06,0.0004834750398003962
2929,0.0011195818951819092,0.0008563104929635301,0.0007445133596775122,5.8580000000000005e-06,0.0004834750398003962
2930,0.0009400569397257641,0.0009197225226671435,0.0007986743439687416,5.860000000000001e-06,0.0004834750398003962
2931,0.0012406646856106818,0.0007859828765504062,0.0008676469442434609,5.862000000000001e-06,0.0004834750398003962
2932,0.0009755523060448468,0.0007862212296458893,0.0007504486566176638,5.864e-06,0.0004834750398003962
2933,0.0009917206334648654,0.0008352351796929725,0.0008653342083562165,5.866e-06,0.0004834750398003962
2934,0.001250619527127128,0.0007667267200304195,0.0007457454848918132,5.868e-06,0.0004834750398003962
2935,0.0009734273844514973,0.0006669025387964211,0.0008700795224285685,5.8700000000000005e-06,0.0004834750398003962
2936,0.0010196242728852667,0.0008002869144547731,0.0007424140712828375,5.872e-06,0.0004834750398003962
2937,0.001052585430443287,0.0008692147603142075,0.0008373294622288086,5.874000000000001e-06,0.0004834750398003962
2938,0.0010620417087920941,0.0009831711140577681,0.0009116017827182077,5.876000000000001e-06,0.0004834750398003962
2939,0.0009946144637069665,0.00097063271823572,0.0008773691151873209,5.878e-06,0.0004834750398003962
2940,0.0011669483428704552,0.0008731904163141735,0.0008292372222058475,5.8800000000000005e-06,0.0004834750398003962
2941,0.0010629303578753024,0.0007803307889844291,0.0006762930061086081,5.882000000000001e-06,0.0004834750398003962
2942,0.0011277257726760581,0.000884973349457141,0.0006838526969659142,5.884000000000001e-06,0.0004834750398003962
2943,0.0010616770669003017,0.0009754058992257342,0.0009113524247368332,5.886e-06,0.0004834750398003962
2944,0.0009749241944518872,0.0007938589405966923,0.0007858518729335628,5.888e-06,0.0004834750398003962
2945,0.0010992854950018227,0.000982974837825168,0.0005984809795336332,5.890000000000001e-06,0.0004834750398003962
2946,0.000945380590565037,0.0008231486208387651,0.0008488425955874845,5.8920000000000005e-06,0.0004834750398003962
2947,0.0011532048010849394,0.0011784439484472387,0.0009244396278518252,5.894000000000001e-06,0.0004834750398003962
2948,0.001066358141542878,0.0008771874709054828,0.000751832194509916,5.896000000000001e-06,0.0004834750398003962
2949,0.0010352483150199987,0.0008361408144992311,0.0007492650402127765,5.898e-06,0.0004834750398003962
2950,0.0011188703865627758,0.0007101713854353875,0.000812102276540827,5.9e-06,0.0004834750398003962
2951,0.0010024377043009736,0.0007617557894263882,0.0009947895960067399,5.902e-06,0.0004834750398003962
2952,0.001073173014447093,0.0009944905832526274,0.0010030916964751668,5.9040000000000006e-06,0.0004834750398003962
2953,0.001028934093483258,0.001034652224916499,0.0007894609952927567,5.906e-06,0.0004834750398003962
2954,0.001098850647395011,0.0009469586075283587,0.0007069178100209683,5.908000000000001e-06,0.0004834750398003962
2955,0.001049102946126368,0.0009558403544360772,0.0008290472615044564,5.910000000000001e-06,0.0004834750398003962
2956,0.0010711281720432453,0.0009759476888575591,0.0008654008888697717,5.912e-06,0.0004834750398003962
2957,0.001174965436803177,0.0007952879386721179,0.0007879078621044755,5.9140000000000005e-06,0.0004834750398003962
2958,0.0009375664230901748,0.0007979789152159356,0.0007455288723576814,5.916000000000001e-06,0.0004834750398003962
2959,0.0011329779372317716,0.0008533037835150026,0.0008638854196760803,5.918e-06,0.0004834750398003962
2960,0.0010390513998572715,0.0007645587029401213,0.0007504848181270063,5.92e-06,0.0004834750398003962
2961,0.0010373157347203232,0.0009036729752551764,0.0008760581622482277,5.922e-06,0.0004834750398003962
2962,0.0010668484756024554,0.0009632940709707327,0.0009277462086174637,5.924e-06,0.0004834750398003962
2963,0.0010252657157252543,0.0010604432973195799,0.0007483366571250372,5.9260000000000005e-06,0.0004834750398003962
2964,0.0009525419809506275,0.0009595922092557885,0.0008881265894160606,5.928000000000001e-06,0.0004834750398003962
2965,0.0011230982199776918,0.0008811942316242494,0.0008874493214534596,5.930000000000001e-06,0.0004834750398003962
2966,0.001102417787478771,0.0009110524915740825,0.001086331787519157,5.932e-06,0.0004834750398003962
2967,0.0011152110091643408,0.0009246967383660376,0.0007441890047630295,5.934e-06,0.0004834750398003962
2968,0.0010228368773823604,0.0009940427698893473,0.000976817413175013,5.9360000000000004e-06,0.0004834750398003962
2969,0.0012166201995569281,0.0008448231747024693,0.0008759613847360015,5.9380000000000006e-06,0.0004834750398003962
2970,0.00109951377089601,0.0007832671471987851,0.0007779190054861829,5.94e-06,0.0004834750398003962
2971,0.001013365174003411,0.0009070080777746625,0.0008710829497431405,5.942000000000001e-06,0.0004834750398003962
2972,0.0010335044062230736,0.0008156581607181579,0.0007726672702119686,5.944000000000001e-06,0.0004834750398003962
2973,0.0010483170844963752,0.0009467442941968329,0.0007681779679842293,5.946e-06,0.0004834750398003962
2974,0.000981667428277433,0.0008716633456060663,0.0008304637158289552,5.9480000000000005e-06,0.0004834750398003962
2975,0.0010356811471865512,0.0010875161096919328,0.0008849333098623902,5.950000000000001e-06,0.0004834750398003962
2976,0.000959040924499277,0.0008847665740177035,0.0007547604836872779,5.952e-06,0.0004834750398003962
2977,0.0008632690296508372,0.0009242345986422151,0.0007843147468520328,5.954e-06,0.0004834750398003962
2978,0.0010492575820535421,0.0008532714418834075,0.0007516280602430925,5.956e-06,0.0004834750398003962
2979,0.0009204554662574083,0.0007601072429679334,0.0007858678072807379,5.958e-06,0.0004834750398003962
2980,0.0011766865063691512,0.000784417032264173,0.0009067526698345318,5.9600000000000005e-06,0.0004834750398003962
2981,0.0010920158747467212,0.0009758408777997829,0.0008366724505322054,5.962000000000001e-06,0.0004834750398003962
2982,0.0010167460932279937,0.0010367576905991882,0.0008520770352333784,5.964000000000001e-06,0.0004834750398003962
2983,0.0010603942719171755,0.0009156579908449203,0.0006344701760099269,5.966e-06,0.0004834750398003962
2984,0.0009591409907443449,0.0009140662659774534,0.0010039992921520025,5.968e-06,0.0004834750398003962
2985,0.001052366591466125,0.0008151196016115136,0.0007854774084989913,5.9700000000000004e-06,0.0004834750398003962
2986,0.001097566266253125,0.0009263237443519756,0.000945931526075583,5.972000000000001e-06,0.0004834750398003962
