epoch,from_history_train,from_history_val
1,0.04506317945,0.04389571492
2,0.04445412103,0.04236295307
3,0.04597712681,0.04444651352
4,0.0437756679,0.04227743484
5,0.04512592638,0.0399971474
6,0.04166650167,0.03996746009
7,0.04224195099,0.03967587976
8,0.03711464745,0.03951216396
9,0.0413965974,0.03961831098
10,0.03883873532,0.03767738026
11,0.03825923987,0.03644180647
12,0.03685607482,0.03667176887
13,0.03858187655,0.03628741787
14,0.03657105425,0.03390048258
15,0.03543941444,0.03562962986
16,0.03800182138,0.03323498694
17,0.03524617432,0.03606073069
18,0.03412598325,0.03503087536
19,0.03273385298,0.03468014044
20,0.03689433122,0.03337425506
21,0.03452311014,0.03235674906
22,0.03178563085,0.03066407051
23,0.0339831491,0.0323330618
24,0.03217288596,0.03057568823
25,0.03152589267,0.02997679077
26,0.02983036591,0.02972869901
27,0.0293745196,0.02836009138
28,0.03044660925,0.02815383649
29,0.03187201498,0.02825352387
30,0.02954670973,0.02993545937
31,0.03001520596,0.02580384095
32,0.02681735135,0.02651688852
33,0.02920181397,0.02676843619
34,0.03006530763,0.02754800301
35,0.02684626379,0.02585232747
36,0.0270290561,0.02366551687
37,0.02357044979,0.02319566184
38,0.02587610227,0.02367029642
39,0.02576095168,0.02342271013
40,0.02539803903,0.02183924918
41,0.02461237996,0.0232848411
42,0.02332957904,0.02135652769
43,0.02338796901,0.02101046173
44,0.02304150304,0.02090703975
45,0.02301515243,0.02217570599
46,0.02284310129,0.02169424016
47,0.02372607589,0.02088950831
48,0.02207856788,0.01939307386
49,0.02017489402,0.02023865725
50,0.02103441837,0.01822256017
51,0.02134179277,0.01810421539
52,0.02274742303,0.0185970274
53,0.01904028421,0.01895675599
54,0.01899273787,0.01598465862
55,0.01729991473,0.01785837486
56,0.01891350211,0.01846260775
57,0.0176386144,0.0163316736
58,0.0183782978,0.01796911715
59,0.01743464381,0.01664534246
60,0.01719865121,0.01663504681
61,0.01816900878,0.01519478508
62,0.01662358025,0.01447386784
63,0.01765833213,0.01607216871
64,0.01646221941,0.01477358339
65,0.01593588805,0.01461904857
66,0.01576434902,0.01489812322
67,0.01705701032,0.01499016222
68,0.0149117707,0.01367076405
69,0.01519538544,0.01362131175
70,0.01505825703,0.01359514229
71,0.01472846651,0.01434355811
72,0.0150112618,0.01267499186
73,0.01510441827,0.01307336811
74,0.01396473765,0.01376513322
75,0.01413101424,0.01375446981
76,0.01398268354,0.01344761357
77,0.01459973655,0.01249434962
78,0.01449130999,0.01320303814
79,0.01344705292,0.01300899091
80,0.0137915326,0.0119360711
81,0.01357536891,0.01269366872
82,0.01395380567,0.01247881691
83,0.01248382358,0.01309540309
84,0.0137180537,0.01350566756
85,0.01269159024,0.01209127076
86,0.01248431951,0.01236639603
87,0.01303952129,0.01220380364
88,0.01338334871,0.01224632899
89,0.01313006808,0.0119068817
90,0.01290228043,0.01303710754
91,0.01321795816,0.01176753326
92,0.01241586369,0.01176348748
93,0.01270879491,0.0122923688
94,0.01303634723,0.01164088899
95,0.01298710506,0.01258015179
96,0.01285009156,0.01263991056
97,0.01294855622,0.01205055439
98,0.01264421316,0.01200226124
99,0.01270963578,0.01123500324
100,0.0119817591,0.01150790858
101,0.0126302503,0.01224774425
102,0.01270660106,0.01215227251
103,0.01245602174,0.01191667921
104,0.01266676933,0.01188143063
105,0.01252331899,0.0118427428
106,0.01189779735,0.01122437057
107,0.01165123086,0.01130546047
108,0.01244031615,0.0125315676
109,0.01295069268,0.01154962997
110,0.01275721926,0.01193762966
111,0.01215307671,0.01153000596
112,0.01222992048,0.01146216551
113,0.01199343626,0.01134718885
114,0.01137350744,0.01125108579
115,0.01222832804,0.01116624859
116,0.01171597245,0.01232532924
117,0.0119472685,0.01062158355
118,0.01159978716,0.01101497072
119,0.01195114269,0.01142429851
120,0.01214075403,0.01135040435
121,0.01187262556,0.01153217652
122,0.01189674495,0.01123522175
123,0.01151829585,0.01123800396
124,0.01105350198,0.01083188341
125,0.01202941942,0.01137972367
126,0.01164056454,0.0107260478
127,0.01208246627,0.01143420942
128,0.01158511778,0.01142854313
129,0.01068727241,0.01135420229
130,0.01166566112,0.01082959794
131,0.011618388,0.01108617417
132,0.01231234835,0.01093096333
133,0.01157212444,0.0107837026
134,0.01158942655,0.01138321043
135,0.01106926042,0.01112101506
136,0.01166969258,0.01041550504
137,0.01205671369,0.01084888319
138,0.01121009036,0.01079026784
139,0.01155276038,0.01055962848
140,0.01147108525,0.01077610033
141,0.01105848607,0.0105627398
142,0.01100928721,0.01057193556
143,0.01120193105,0.01106605353
144,0.01074546855,0.01064695779
145,0.01108610246,0.0104240817
146,0.01077773224,0.01103826181
147,0.01085976511,0.01066708006
148,0.0109937255,0.01036876277
149,0.01132536214,0.01105237706
150,0.01155606261,0.01047483075
151,0.01075837517,0.01072883641
152,0.01102838106,0.0108683618
153,0.01143490663,0.01101359876
154,0.01088136062,0.01093957911
155,0.01048803527,0.01089059166
156,0.01193458389,0.01020592102
157,0.01118867507,0.0108461479
158,0.01122313808,0.01094703365
159,0.01153196394,0.01039317937
160,0.01108685415,0.01059366087
161,0.01078950032,0.01106044336
162,0.01075255615,0.01023580332
163,0.01117037912,0.009862732142
164,0.01096864499,0.01048421278
165,0.01028276142,0.009679455543
166,0.01083418238,0.01112989546
167,0.01054476877,0.01084641414
168,0.01095853955,0.010300825
169,0.01182654127,0.01100847719
170,0.01121052285,0.01001470012
171,0.01117180148,0.01061265334
172,0.01072441728,0.01001738
173,0.01061668689,0.01076045737
174,0.0104962677,0.01065276947
175,0.01147385989,0.009947535465
176,0.01116421982,0.009854808915
177,0.01097529894,0.01099275472
178,0.01114279847,0.01043500088
179,0.01077907893,0.01032071305
180,0.01087597164,0.01051659603
181,0.01038576278,0.01062599325
182,0.01068222243,0.009609287139
183,0.01014912385,0.01076017495
184,0.01067787746,0.01025292522
185,0.01048898546,0.01062157936
186,0.01060207142,0.0107086756
187,0.01073161059,0.009839269449
188,0.01013600151,0.01084327023
189,0.01015456591,0.01012124622
190,0.01025566575,0.01060834248
191,0.01115338865,0.01019093697
192,0.01058250864,0.01036738197
193,0.0107415067,0.01016558951
194,0.0109442682,0.01042281196
195,0.0110073284,0.01024565729
196,0.01089277241,0.01005141134
197,0.01033804391,0.009424660821
198,0.01069482486,0.01066010806
199,0.01064019394,0.01065267588
200,0.01056798943,0.00915634312
201,0.01042679418,0.01021555706
202,0.01078172459,0.01016672561
203,0.01098000736,0.01017409656
204,0.01108139649,0.01001085341
205,0.01031793398,0.009874202427
206,0.01087326952,0.01037656143
207,0.01083594584,0.01038932172
208,0.01054597623,0.01021296077
209,0.01024590619,0.01013821678
210,0.01078604255,0.009503261419
211,0.01021778444,0.009952191263
212,0.01041329466,0.0100750511
213,0.01072829065,0.009792017052
214,0.0104654528,0.01071892458
215,0.01017421717,0.01008612418
216,0.01046185917,0.01111053838
217,0.01077662723,0.01000196126
218,0.01094495133,0.01027336589
219,0.01026661182,0.01064358011
220,0.0103823836,0.009715860942
221,0.01075571449,0.01033262804
222,0.009864525869,0.01006380795
223,0.01131872204,0.009576416342
224,0.01018954569,0.01001625799
225,0.01082326542,0.01022652548
226,0.01022239577,0.01024792565
227,0.01020562137,0.009920437355
228,0.01081819751,0.009926531871
229,0.009798928513,0.009503399604
230,0.01050791168,0.01047194388
231,0.009781292873,0.009515641606
232,0.01109898917,0.009750917496
233,0.01002471521,0.009894583258
234,0.0102634728,0.009752271813
235,0.0109873953,0.01028324198
236,0.009701405652,0.01018304843
237,0.0103855239,0.009653518209
238,0.01082744694,0.00997553335
239,0.01073633402,0.01050721202
240,0.01070270245,0.00948204298
241,0.01025836868,0.009691570653
242,0.01014157804,0.01012755767
243,0.009412148618,0.01013655181
244,0.009637503535,0.009473493672
245,0.01044756523,0.009981465759
246,0.01046095428,0.009468608943
247,0.01043465571,0.009863991523
248,0.01019267435,0.01014112856
249,0.01007265272,0.009705478325
250,0.01013355749,0.009928455227
251,0.01032504701,0.009442431852
252,0.0100388081,0.009587184177
253,0.01071836508,0.009941474767
254,0.0101682893,0.01017296384
255,0.01002433524,0.009755949024
256,0.009986017831,0.009815801401
257,0.009559706436,0.009518646868
258,0.01083936612,0.009735999629
259,0.01039625681,0.009607836371
260,0.01002649229,0.0105522105
261,0.01060001086,0.01001818723
262,0.009877150878,0.009773168596
263,0.009985907585,0.00981028704
264,0.009937713621,0.01009617606
265,0.0100418434,0.0104424759
266,0.01008739672,0.009527773946
267,0.01038298931,0.00995635835
268,0.009902440594,0.01009088452
269,0.01001785579,0.01027774822
270,0.01000694185,0.00991571357
271,0.01030609396,0.01006670459
272,0.010369297,0.01020579215
273,0.01033720747,0.009798445739
274,0.01059841062,0.01019204513
275,0.01067917154,0.009824908571
276,0.009759850334,0.009839699953
277,0.01005055255,0.009898658376
278,0.009975079796,0.009866946726
279,0.0100827947,0.009827934206
280,0.009888308123,0.009558252292
281,0.009974337416,0.009776611812
282,0.01037455944,0.00964592793
283,0.0103439365,0.009955833084
284,0.009774339385,0.009669212741
285,0.009475341649,0.009736098233
286,0.01018204936,0.01026507316
287,0.00995378627,0.01031943166
288,0.01001196355,0.00983324158
289,0.01035312546,0.009543193621
290,0.009768224321,0.009968263796
291,0.01017723978,0.009963577497
292,0.009656244074,0.01033295377
293,0.009474804741,0.009534735465
294,0.00948447024,0.009637754061
295,0.009374818299,0.009831363219
296,0.01002968906,0.009668232058
297,0.009867782821,0.009899195284
298,0.009450852638,0.01014039211
299,0.009818679653,0.009500131418
300,0.009779592277,0.01013479242
301,0.01002597366,0.009546128567
302,0.009591799113,0.01005250926
303,0.01029947284,0.00978884392
304,0.01010895998,0.009777016006
305,0.01005281659,0.009437861387
306,0.009777805419,0.00993616099
307,0.01012748212,0.009933904395
308,0.01032269781,0.009972677333
309,0.01016481069,0.0100068982
310,0.009907180094,0.009686581558
311,0.009734534309,0.009293346899
312,0.01002954051,0.0101464825
313,0.01029825839,0.009775322629
314,0.009419021313,0.01010783436
315,0.01004594134,0.009940853692
316,0.01001561678,0.009697521571
317,0.0093264475,0.009739172179
318,0.009660819313,0.01003096683
319,0.009541971027,0.009230097639
320,0.009655420552,0.010134966
321,0.009579543374,0.00924850197
322,0.009600427351,0.009543555905
323,0.00990353839,0.009701125557
324,0.0096187155,0.009719843511
325,0.009761298774,0.009501752327
326,0.009575659409,0.009406716097
327,0.009741935763,0.009553802898
328,0.009188094467,0.01010455098
329,0.01055024657,0.009502105531
330,0.009389631916,0.01028749731
331,0.01029236673,0.009184864699
332,0.009685309196,0.01016646076
333,0.01046148129,0.01037308876
334,0.01029441762,0.009789884032
335,0.01018415741,0.009955287445
336,0.009779489716,0.01003399701
337,0.009939431329,0.009588011191
338,0.009981547249,0.01031396666
339,0.01057413837,0.009671143955
340,0.009383723664,0.01020629227
341,0.0099937247,0.008895188163
342,0.00982710137,0.01000716619
343,0.009409678518,0.01013160887
344,0.009951772518,0.01029757515
345,0.009827908594,0.009981324896
346,0.009720581467,0.009763371665
347,0.009773151018,0.00911889656
348,0.009847501118,0.009975880617
349,0.01004597195,0.009741525515
350,0.009167152806,0.009680054034
351,0.01012905798,0.009173320839
352,0.01068155596,0.009483162779
353,0.009581968188,0.00984561909
354,0.009332563379,0.01036434085
355,0.01048462768,0.008958137711
356,0.01010871254,0.01009442098
357,0.009919516509,0.00975348847
358,0.009985069046,0.009870739537
359,0.009619543329,0.009160510672
360,0.009849124937,0.009795600083
361,0.009439479327,0.009459089488
362,0.009797698352,0.01002031006
363,0.009629416512,0.01006062259
364,0.01025821362,0.0100216961
365,0.009703089832,0.009186925599
366,0.01041609875,0.009557052399
367,0.01015948341,0.009643800964
368,0.00968441338,0.01012247626
369,0.009521069471,0.009706740617
370,0.009962403914,0.009397955728
371,0.01010475913,0.009733257
372,0.01040482416,0.009430488863
373,0.01007830573,0.00928712578
374,0.01033210882,0.009675834328
375,0.009519299725,0.009202798421
376,0.01015132573,0.009045076906
377,0.009959358722,0.009533965844
378,0.0100245697,0.009828973794
379,0.009682110685,0.009410514962
380,0.009330952773,0.009913563146
381,0.0103785051,0.01001382864
382,0.00915903959,0.0101023881
383,0.00938736595,0.0100495423
384,0.009695735062,0.009132001898
385,0.009186323266,0.009258173755
386,0.01008240902,0.009405590012
387,0.009765732219,0.009554905933
388,0.01007257565,0.009118778515
389,0.009663584002,0.009283993044
390,0.009672016662,0.009713558829
391,0.01022971875,0.009315648524
392,0.009615396732,0.009197560314
393,0.009829589864,0.00986920367
394,0.009723416879,0.009706561803
395,0.009787839372,0.009955405782
396,0.009824475856,0.009509583004
397,0.009902964346,0.009528256371
398,0.009504617308,0.009357581614
399,0.01017179387,0.01019531483
400,0.009406774188,0.009491555626
401,0.009772290126,0.01004411443
402,0.009768320713,0.009894693387
403,0.009444067487,0.00904684898
404,0.009800863452,0.01003594062
405,0.01047387708,0.00975996512
406,0.009245391819,0.01066337957
407,0.009751596022,0.0089970876
408,0.009490369121,0.009961487027
409,0.00974734372,0.009080715245
410,0.009356085968,0.008724723477
411,0.009209605516,0.009476403589
412,0.009841610561,0.009323979612
413,0.009008391004,0.009994237684
414,0.01004548988,0.009335936978
415,0.009644379839,0.009483817499
416,0.009365483304,0.009843465989
417,0.009595852869,0.009635359165
418,0.009771189885,0.009720031288
419,0.009836254758,0.009556308272
420,0.009619020973,0.009830890805
421,0.009783530026,0.009918683092
422,0.01018355065,0.008828189515
423,0.009935055859,0.008972791722
424,0.01012399024,0.009947891231
425,0.009373398032,0.009424916003
426,0.009811443393,0.00938540569
427,0.009353794041,0.01007486146
428,0.009731835336,0.009161120746
429,0.0102041869,0.009496244718
430,0.00914906821,0.009268095251
431,0.009585043939,0.009085962898
432,0.01020704838,0.009630813613
433,0.009319889359,0.009500232176
434,0.009214131278,0.01004932134
435,0.00907452195,0.009472200181
436,0.009475024999,0.008822185453
437,0.009437069413,0.009749721037
438,0.009511980985,0.009792849654
439,0.009911256609,0.01001451386
440,0.009460534668,0.009807759663
441,0.008979620994,0.009400661744
442,0.01007681922,0.009361719363
443,0.009551185998,0.009525297442
444,0.009793399833,0.009272359544
445,0.009340606513,0.009456884349
446,0.009496132028,0.009540754138
447,0.01012948668,0.009550179122
448,0.00917529664,0.009652828041
449,0.009705315228,0.009001571394
450,0.00974200794,0.009838726488
451,0.009876246681,0.009803150315
452,0.008823298151,0.00933900848
453,0.009045819112,0.009204946924
454,0.009544114524,0.009160095244
455,0.009653987247,0.009588766727
456,0.009052855545,0.009068494779
457,0.009158615314,0.008954005665
458,0.009853896219,0.01006062538
459,0.009294947493,0.008814901579
460,0.01007335435,0.009643435013
461,0.009457272245,0.009753190388
462,0.009634030401,0.009514065809
463,0.009106329526,0.008703975182
464,0.009844382876,0.01024637418
465,0.009774691425,0.009305234766
466,0.009125363373,0.00943121023
467,0.009026470361,0.009441743838
468,0.01013278845,0.009351260611
469,0.01007922587,0.009243362292
470,0.009863587678,0.00900716905
471,0.01003597211,0.009548743255
472,0.009379496449,0.01018838701
473,0.009450831101,0.008983739302
474,0.009521356085,0.00973818067
475,0.009576513548,0.009032799397
476,0.00980143901,0.009390010673
477,0.009935566224,0.009460589499
478,0.009769161872,0.009850967792
479,0.009173716477,0.009236584767
480,0.009931663168,0.009519486804
481,0.009899898549,0.009822194814
482,0.01033270289,0.009774024948
483,0.009845485794,0.009614896262
484,0.009236737154,0.009533560311
485,0.009169692697,0.009152065148
486,0.009404123586,0.009429328726
487,0.009119114955,0.009036272415
488,0.009419897222,0.009319140343
489,0.008890562458,0.009256199526
490,0.009858446312,0.009064368904
491,0.009736880893,0.009565696935
492,0.009730387712,0.009490601835
493,0.009719294962,0.009290620568
494,0.009988512727,0.009234652331
495,0.009139107307,0.009875861346
496,0.009518200997,0.00938465097
497,0.009169241064,0.009256520832
498,0.009145031567,0.008984315326
499,0.009263394517,0.009122646647
500,0.01006858354,0.01011836634
501,0.009387172526,0.009646414896
502,0.009415527689,0.009152854211
503,0.009966354235,0.009721351205
504,0.009798007202,0.009440492257
505,0.009376340895,0.009069784312
506,0.00929260836,0.009451054968
507,0.009409072576,0.009839441045
508,0.009966631886,0.008896501851
509,0.009357755713,0.009580086684
510,0.009061628894,0.00969584391
511,0.009195970662,0.008887583448
512,0.009125102835,0.009275495191
513,0.009616333875,0.009562230436
514,0.009313436225,0.008994058997
515,0.009549714217,0.008767134859
516,0.009314135998,0.009802806657
517,0.01015032106,0.009812409524
518,0.009410193074,0.009253618482
519,0.009731645929,0.00893953332
520,0.009064126876,0.009856572433
521,0.00898388552,0.009045943269
522,0.009151978418,0.009214014106
523,0.009670824744,0.01001560723
524,0.009876175318,0.00944508973
525,0.00942323159,0.00952835544
526,0.009296479519,0.008773714479
527,0.00926340057,0.01002538181
528,0.009143600706,0.009039748576
529,0.009603079758,0.009279333754
530,0.01007152686,0.00961014221
531,0.009180937312,0.009677782422
532,0.009172140853,0.009781173896
533,0.009245281108,0.009731852449
534,0.01055606443,0.009072294692
535,0.009296507807,0.009628454805
536,0.0094669463,0.009273536387
537,0.009813543409,0.009270206676
538,0.009385788348,0.008441752463
539,0.009496966144,0.008743499115
540,0.009250687901,0.009093552711
541,0.009543714696,0.009128690348
542,0.009101128613,0.008874618507
543,0.009737554588,0.008977223886
544,0.009087865939,0.009659648989
545,0.009719475696,0.009627589723
546,0.009595449897,0.009374283953
547,0.009016829368,0.009133371525
548,0.00943152071,0.009434566018
549,0.009657679242,0.009441243776
550,0.008924816502,0.009203876136
551,0.009573074058,0.009376389207
552,0.009451509104,0.008873260522
553,0.00995868165,0.009258906124
554,0.009204678005,0.008433386683
555,0.009129857994,0.008999996237
556,0.009947700775,0.009384119767
557,0.009732576436,0.009278914542
558,0.009047656204,0.009142228402
559,0.00888676336,0.008598553715
560,0.009598929202,0.009788455791
561,0.009558729362,0.009093391767
562,0.009818405961,0.00946234446
563,0.008899674518,0.009373736219
564,0.009266284411,0.009760481305
565,0.009033357492,0.009475944273
566,0.009205287672,0.009339015814
567,0.0095723907,0.009033346083
568,0.009932639194,0.008920787717
569,0.009188624565,0.009375981812
570,0.00966682937,0.00933608372
571,0.009224381414,0.009368893807
572,0.009577263729,0.008989105758
573,0.009078170173,0.008616488311
574,0.008945529291,0.00890010572
575,0.009700004244,0.009454544808
576,0.009198738728,0.009097486152
577,0.008937595878,0.009399087634
578,0.009061269695,0.009064188227
579,0.009380334755,0.00955638208
580,0.008536873735,0.008781420591
581,0.008989468974,0.00860396598
582,0.009098678827,0.009062127559
583,0.009163426235,0.009099547518
584,0.009474198858,0.008863818657
585,0.009074508096,0.009070846485
586,0.009428070509,0.008959171362
587,0.009665865451,0.008514769783
588,0.009724517469,0.008639841282
589,0.009284108295,0.009218273219
590,0.008975291974,0.008751627291
591,0.009290498216,0.009187051444
592,0.009084365563,0.008358858177
593,0.009417229798,0.00945027225
594,0.009337474592,0.009010898764
595,0.0091861033,0.009071155102
596,0.009106642741,0.00860765815
597,0.008401680505,0.008683036373
598,0.008988855057,0.009006643901
599,0.008736710646,0.009436859167
600,0.009269938862,0.008997269615
601,0.008605027455,0.008419699152
602,0.009337156429,0.009305576212
603,0.009284450847,0.008896426007
604,0.009191923193,0.008945594891
605,0.009311095811,0.008837008558
606,0.008637754014,0.008620492532
607,0.009268047055,0.00936950685
608,0.009793854086,0.009113989538
609,0.00935131812,0.009454593412
610,0.009646487073,0.008722434926
611,0.008689667447,0.008882976603
612,0.009110300103,0.009065248538
613,0.009181695466,0.00863981311
614,0.009089518688,0.009042984457
615,0.009241156513,0.009024922852
616,0.009380088886,0.008975728415
617,0.009258238948,0.00845814636
618,0.00918209611,0.009034331946
619,0.009085948695,0.008889833349
620,0.009206249611,0.008983154199
621,0.008985179535,0.009055239847
622,0.008819790441,0.008777721145
623,0.009723313095,0.008702710154
624,0.009154655621,0.008902531117
625,0.008782609075,0.008899245993
626,0.009269092698,0.008692664385
627,0.009130229242,0.008756797004
628,0.009020259487,0.009342730511
629,0.009116770816,0.00911334157
630,0.009008543624,0.00891234295
631,0.0089208805,0.008646089525
632,0.009117684502,0.008590398531
633,0.008529833634,0.009067384177
634,0.009147164063,0.009111789288
635,0.00871202827,0.008522557095
636,0.009082017117,0.009188369848
637,0.008919689863,0.009035071475
638,0.008916216088,0.008740303223
639,0.009602599428,0.008579015266
640,0.008517355251,0.009327026317
641,0.009492534329,0.008831952699
642,0.009781894507,0.008393769385
643,0.009149752208,0.009159744368
644,0.00897408626,0.008174564107
645,0.008800948155,0.009422246017
646,0.00877355889,0.008170203073
647,0.009519088315,0.008870598394
648,0.009441683535,0.008687813766
649,0.009106125333,0.008736188407
650,0.008987627341,0.008542957192
651,0.008899518987,0.008650796022
652,0.008115867444,0.008740058402
653,0.008859602618,0.008656648279
654,0.009031185764,0.008415591205
655,0.00929223327,0.009039143682
656,0.008366846188,0.008523140103
657,0.008914794191,0.008701980696
658,0.009289247566,0.009100528318
659,0.008735437877,0.008363112167
660,0.008910619654,0.008957989514
661,0.00936945877,0.008644517511
662,0.008499725489,0.008806301281
663,0.008598159824,0.008741564816
664,0.008799844712,0.008267071389
665,0.008905135153,0.008334917715
666,0.009306474938,0.009033434268
667,0.008857714012,0.008899322711
668,0.009205168928,0.008742637117
669,0.008727430948,0.009478511172
670,0.0093908282,0.009040698409
671,0.009237875114,0.008624116192
672,0.009423619602,0.00863406522
673,0.00893671962,0.008357161656
674,0.009067171719,0.008321713074
675,0.009530409705,0.008608021715
676,0.009022076963,0.008406284964
677,0.0095704298,0.008630842436
678,0.008443843108,0.008573404222
679,0.009216519771,0.008521578507
680,0.008293263149,0.00910108001
681,0.008249017177,0.009469047014
682,0.008838763344,0.008404461842
683,0.009038359218,0.008491354354
684,0.008192489098,0.009143303265
685,0.009207873023,0.00874352135
686,0.008827348705,0.00844933145
687,0.008909243392,0.00858805672
688,0.009052631911,0.009091103682
689,0.009100543568,0.008596095664
690,0.008581282687,0.008569688071
691,0.008921111003,0.008674464305
692,0.008719459351,0.008269505342
693,0.009066185507,0.007647034945
694,0.008737665135,0.008417120669
695,0.008458641765,0.009330546833
696,0.008933103934,0.008292056678
697,0.008858275949,0.008544555167
698,0.00839028717,0.008714091266
699,0.009051871835,0.008014946594
700,0.008638649771,0.009259785118
701,0.008414416807,0.008495160902
702,0.008575813146,0.008366397698
703,0.008841979434,0.008906956995
704,0.008671016316,0.008356257749
705,0.008769747801,0.008884698153
706,0.009049464716,0.008592423867
707,0.009058363677,0.008576468972
708,0.008734187228,0.008590050042
709,0.009325751686,0.009015507414
710,0.008989522466,0.00927332195
711,0.009270297654,0.008959210769
712,0.008853563922,0.008494249021
713,0.008607011812,0.008282005496
714,0.008980633283,0.00808651041
715,0.009001767379,0.00850284734
716,0.008514696558,0.008570987673
717,0.008677352453,0.008386385336
718,0.009202516638,0.008607573225
719,0.008331263612,0.008922921552
720,0.008728546614,0.008797035902
721,0.008572569757,0.0085763635
722,0.008736047079,0.008226782491
723,0.009105222882,0.008220289426
724,0.009035303665,0.008555897162
725,0.009161750553,0.008750072273
726,0.009095159825,0.008774940157
727,0.008305908588,0.008478699601
728,0.008525890589,0.008310685866
729,0.00875586149,0.00872912386
730,0.008665218716,0.008639052336
731,0.009523981251,0.008833042055
732,0.008927616873,0.008357073704
733,0.008325924049,0.008237829607
734,0.008675941557,0.008595295367
735,0.009043004015,0.008760594996
736,0.009153970052,0.008600379224
737,0.008648071147,0.008530520136
738,0.009110000217,0.008164620784
739,0.009209616052,0.008722772298
740,0.008401290223,0.008941739914
741,0.009213580284,0.008747409272
742,0.009214467718,0.008422302024
743,0.009098201001,0.008444498759
744,0.008688416565,0.008497346134
745,0.008585025265,0.008738704026
746,0.009272454423,0.008965093468
747,0.008821828582,0.008398092759
748,0.008833158819,0.008182131569
749,0.008690656978,0.008879874717
750,0.009033986076,0.009205555776
751,0.009041326935,0.008187389118
752,0.008802760334,0.009041953657
753,0.008587867545,0.008258438669
754,0.009482160793,0.008687714057
755,0.008620176872,0.00809231837
756,0.008512704575,0.008340702043
757,0.008786481689,0.008356628881
758,0.00896105048,0.008386248024
759,0.008097348444,0.008120806247
760,0.009035692085,0.00834129029
761,0.009159982961,0.008626621624
762,0.008563132433,0.008700666775
763,0.009127634927,0.008745818399
764,0.008477268391,0.008412370284
765,0.009068787331,0.008643576875
766,0.008657348924,0.008618707827
767,0.008817782451,0.008479789598
768,0.008622752386,0.008758999698
769,0.009262216045,0.008149967121
770,0.009214976977,0.008486292849
771,0.009260727908,0.008096128702
772,0.008760518627,0.008246768848
773,0.008871173544,0.008331940451
774,0.008258725866,0.008582708135
775,0.008842816809,0.008284624782
776,0.008722158265,0.008534202469
777,0.009023381106,0.00851574383
778,0.00891833019,0.009146018885
779,0.008796010865,0.008122915053
780,0.009358690819,0.008861242328
781,0.008557022433,0.008861100592
782,0.008526823192,0.008719535137
783,0.009476013831,0.008330620883
784,0.009006856591,0.008167400025
785,0.009058055584,0.00847588497
786,0.008583294693,0.008083867957
787,0.008796102076,0.008809541003
788,0.008767270541,0.008249467006
789,0.008516360191,0.008299364359
790,0.008843845164,0.008585028059
791,0.008902334492,0.008732399903
792,0.009006455424,0.008414664364
793,0.008649380296,0.008988499118
794,0.008687586116,0.00882642041
795,0.008934584097,0.008378735627
796,0.008779177617,0.008493044239
797,0.008371117525,0.008074547281
798,0.0087522057,0.008300682064
799,0.008666180307,0.008085277979
800,0.008722161176,0.008332925732
801,0.008778119227,0.008805640507
802,0.009075336566,0.008525395708
803,0.008225392783,0.008734003699
804,0.008561055118,0.0083382632
805,0.008599060064,0.008109381772
806,0.008391704818,0.008575101267
807,0.008882807102,0.008889832476
808,0.00916038279,0.008854102809
809,0.008746498323,0.008496712311
810,0.008318627428,0.008788302948
811,0.009226585156,0.008692558738
812,0.008543583914,0.008404403867
813,0.009104714263,0.007851999311
814,0.009331471985,0.008763807826
815,0.008878494147,0.008807662118
816,0.008611526224,0.008543626638
817,0.008330040611,0.007841074723
818,0.008425408858,0.00925414043
819,0.009001241357,0.008307166921
820,0.008547328762,0.008262005576
821,0.00896817341,0.008151088376
822,0.009036485804,0.008713675023
823,0.008591620426,0.007919455005
824,0.008896230487,0.008310833189
825,0.008636423969,0.008630594413
826,0.009066608443,0.008787548053
827,0.008684378583,0.008923861897
828,0.008456193784,0.008770779066
829,0.00913346489,0.008653027238
830,0.008278829395,0.008549095422
831,0.009023680468,0.008757956966
832,0.008237849048,0.008558001951
833,0.00864798855,0.008788740844
834,0.009087992832,0.00940417219
835,0.008849929844,0.008249667939
836,0.008091629599,0.008281313116
837,0.008424179978,0.008720046259
838,0.008822681091,0.008507273393
839,0.008996301098,0.008419983322
840,0.008781179436,0.008705193584
841,0.008460399462,0.008363283065
842,0.008676112047,0.00842923543
843,0.008546618163,0.008896602783
844,0.008738549193,0.008091015276
845,0.00890983385,0.008517674461
846,0.008496483264,0.008538583643
847,0.009028371074,0.008313421335
848,0.008761483361,0.008241693838
849,0.008160628728,0.008982460073
850,0.008465742751,0.00851440744
851,0.00882430264,0.008155321586
852,0.009133198299,0.008752214024
853,0.008684766828,0.00853867369
854,0.009063300095,0.008239033865
855,0.009334425908,0.008587035642
856,0.008561598661,0.008735084324
857,0.009098292794,0.009042539634
858,0.008517251175,0.008962025167
859,0.008108247537,0.009370572865
860,0.009499839973,0.008545547782
861,0.008980226121,0.008984987508
862,0.0080596318,0.008467762149
863,0.008626688039,0.008390261908
864,0.008608304081,0.00842928252
865,0.008382390777,0.009124749806
866,0.008644640096,0.008244467783
867,0.008503092104,0.00909131486
868,0.008469541091,0.008689754992
869,0.009180653957,0.008341077482
870,0.008625191171,0.008451227448
871,0.008722254715,0.008010236197
872,0.009112300409,0.008592186903
873,0.00868837873,0.008685832319
874,0.008263225143,0.008269660408
875,0.008575445274,0.008837650181
876,0.008735628566,0.008425084641
877,0.008450912195,0.008018094988
878,0.008914049366,0.008885478834
879,0.008581795206,0.008430662914
880,0.008929033298,0.008663850487
881,0.00881399482,0.008142924518
882,0.008626208233,0.008802554454
883,0.009111062915,0.008737260709
884,0.008533376793,0.008522500517
885,0.008856076165,0.008511344611
886,0.008554972184,0.008317202446
887,0.008768954664,0.008765861392
888,0.008806595404,0.008264126955
889,0.008818279137,0.008594637387
890,0.008266059682,0.008426164335
891,0.008112580399,0.00839300087
892,0.008514723857,0.008464968472
893,0.008595710853,0.008655778831
894,0.008915525861,0.008719581645
895,0.008849674894,0.00798345654
896,0.008082640241,0.008976601297
897,0.008586231212,0.008138603007
898,0.00833830511,0.008250109095
899,0.008127364039,0.008348260599
900,0.008923755609,0.008522382239
901,0.008362504945,0.008886274067
902,0.0088853169,0.008783520898
903,0.008240291616,0.007997351582
904,0.008573988918,0.008835478162
905,0.008954543737,0.007641920936
906,0.0086621308,0.008167909691
907,0.008468304179,0.008570465376
908,0.008699016355,0.008343452122
909,0.008275890374,0.008740182966
910,0.008447308792,0.008441756712
911,0.00798070262,0.008768721251
912,0.008397918195,0.008395402227
913,0.008630979806,0.008566752309
914,0.008430401795,0.008452309354
915,0.008718879079,0.008405130706
916,0.008454249357,0.008487553743
917,0.008305944677,0.008522657736
918,0.008233300643,0.008116747544
919,0.008554996166,0.008155297895
920,0.008697747835,0.008335463994
921,0.008535537228,0.008249569335
922,0.009027361637,0.008323338698
923,0.008250807005,0.008205082617
924,0.008442244958,0.008708622423
925,0.008484995808,0.007974096457
926,0.008939262189,0.008686982677
927,0.008052277262,0.008986839443
928,0.008026735042,0.008368400217
929,0.008778783027,0.007981506409
930,0.008221794793,0.008744518796
931,0.00852022419,0.008921390749
932,0.008740907244,0.007925580605
933,0.008581781469,0.009132999112
934,0.008850414131,0.008565212775
935,0.009070587694,0.008417881618
936,0.00821779028,0.008199134085
937,0.008951417927,0.007932914537
938,0.008461944526,0.008598293061
939,0.008783803962,0.00826371205
940,0.008424634754,0.009183739196
941,0.009013749543,0.00836435426
942,0.008745419036,0.008264271426
943,0.008438118501,0.008442574588
944,0.008767632884,0.008645587717
945,0.008582102018,0.009026179789
946,0.008822998381,0.008184045262
947,0.008311775397,0.007977086003
948,0.008678969694,0.007956814545
949,0.008711200324,0.008923096873
950,0.008188230044,0.008993326977
951,0.008422924904,0.008349445008
952,0.008897312859,0.008296047396
953,0.00831832597,0.007871493988
954,0.009187817224,0.008326018869
955,0.008867622411,0.008701990242
956,0.008777760901,0.008148093184
957,0.009464962641,0.008359591127
958,0.008634269179,0.008391770942
959,0.007858558616,0.008495379647
960,0.008411823772,0.008653868164
961,0.008586967655,0.008905052557
962,0.008983655367,0.008656513179
963,0.008687650843,0.008587381802
964,0.008486370207,0.008335792343
965,0.008231362852,0.008000392525
966,0.008832163352,0.008670531446
967,0.008047728916,0.008409162052
968,0.009181927075,0.008370534983
969,0.00855497818,0.008552290092
970,0.008241085452,0.008432358794
971,0.008117798017,0.008400133869
972,0.008902953938,0.008403330052
973,0.008369873278,0.007865639171
974,0.008172897738,0.008093100681
975,0.008487040934,0.00891326007
976,0.008344737173,0.008266297402
977,0.008776395873,0.009178654407
978,0.008914081613,0.008208361571
979,0.008477141324,0.008447345055
980,0.008324210532,0.008829398546
981,0.008701998973,0.008516561589
982,0.008537880145,0.008105613699
983,0.008494812006,0.008054593869
984,0.008235984249,0.008452315815
985,0.008854162821,0.008570056001
986,0.008945039124,0.008710261784
987,0.00861558324,0.008906107396
988,0.0090151896,0.008585182251
989,0.008339460474,0.00777193479
990,0.008041632012,0.007792220451
991,0.008694329183,0.008235559973
992,0.008420537575,0.00837392098
993,0.008569531899,0.008856856148
994,0.008967131667,0.008599394816
995,0.008707507805,0.00899653323
996,0.007893613132,0.008552541083
997,0.009047127096,0.008858994697
998,0.008617392159,0.00861942349
999,0.008466499799,0.008450344787
1000,0.008591336489,0.008196795534
1001,0.008074828598,0.008219500072
1002,0.008068138792,0.007983106887
1003,0.008527513244,0.008474802715
1004,0.008501003205,0.008304738963
1005,0.00865140307,0.00882704393
1006,0.008842377458,0.008597139677
1007,0.008185786253,0.00779149431
1008,0.009193343751,0.008169837121
1009,0.008625542338,0.008380309446
1010,0.009245340712,0.008275455737
1011,0.008239505172,0.007869136811
1012,0.008793550776,0.008412316733
1013,0.008097910497,0.008103118744
1014,0.008770313638,0.008414407028
1015,0.009028771834,0.00816511875
1016,0.008549431455,0.008221074939
1017,0.008055757731,0.008350514749
1018,0.008679166727,0.008511073771
1019,0.00824452535,0.008757892065
1020,0.008795286645,0.008523635508
1021,0.008351990778,0.008544553828
1022,0.008732323011,0.008145509695
1023,0.008706388471,0.008346417337
1024,0.008572318533,0.008468519198
1025,0.008709662361,0.007949124847
1026,0.008129140479,0.007839643222
1027,0.008817548049,0.0085159351
1028,0.008326619514,0.008570010832
1029,0.008874032763,0.007886890729
1030,0.008302189293,0.008339357388
1031,0.008774055808,0.008616246923
1032,0.008663022832,0.007997716602
1033,0.008236127091,0.008817696362
1034,0.008651133045,0.007993303996
1035,0.008873842889,0.008113039425
1036,0.008440172242,0.008129945549
1037,0.008308899822,0.0083771426
1038,0.008568593184,0.008446343185
1039,0.008651536773,0.008131629205
1040,0.009058158845,0.00839758513
1041,0.008077761566,0.008016679261
1042,0.009036628995,0.008320515393
1043,0.008168205852,0.008104397275
1044,0.008515103022,0.008483655984
1045,0.008295703912,0.007953537803
1046,0.008761118632,0.008023527043
1047,0.00828409096,0.007974606415
1048,0.008849356556,0.007701844967
1049,0.008673861856,0.008670301875
1050,0.008477493189,0.007994215179
1051,0.008615443367,0.007948096143
1052,0.00890169997,0.008567551617
1053,0.008317376021,0.008622002031
1054,0.00862382038,0.008132117218
1055,0.008053262951,0.008220795367
1056,0.008158563287,0.008676224097
1057,0.008300549292,0.008255297493
1058,0.008466765226,0.008659941377
1059,0.00798583962,0.007791277603
1060,0.008887523552,0.008314485429
1061,0.008377353952,0.008618409629
1062,0.008436689619,0.008142355713
1063,0.008256345813,0.00859982206
1064,0.009214466147,0.008145099098
1065,0.008521773038,0.007669503102
1066,0.009222872905,0.008547515841
1067,0.008099955565,0.007722625858
1068,0.008655792568,0.007592468231
1069,0.007915233087,0.008439120487
1070,0.008511853521,0.008742563485
1071,0.007869488094,0.008403478772
1072,0.009174043196,0.008182759106
1073,0.009025355335,0.007834509481
1074,0.008639520325,0.008461304475
1075,0.008342279179,0.007722447801
1076,0.008646126487,0.008270013554
1077,0.007788968622,0.008477869618
1078,0.00838279014,0.007983225747
1079,0.008105565794,0.007893152477
1080,0.007870419009,0.008064167108
1081,0.00820293877,0.007777499675
1082,0.008056822233,0.008348213683
1083,0.00878189184,0.008058132604
1084,0.008434346586,0.008506566111
1085,0.008307601791,0.008772955276
1086,0.008166754444,0.00843155873
1087,0.008578825451,0.008368716575
1088,0.008350100426,0.008202721074
1089,0.008325890813,0.008437499811
1090,0.009020252619,0.00781596906
1091,0.008367173607,0.007733149512
1092,0.008463460021,0.008071650693
1093,0.007786066271,0.008531562751
1094,0.008277934801,0.00817319518
1095,0.008882733062,0.008002207556
1096,0.008877750894,0.007691059087
1097,0.008701710438,0.007908118831
1098,0.008384888642,0.008672687458
1099,0.008658539853,0.007986081881
1100,0.0085484765,0.007859070553
1101,0.0084586991,0.008243153046
1102,0.00820002571,0.008582493581
1103,0.008935002785,0.008811999694
1104,0.008078366751,0.00840767764
1105,0.008176941017,0.008175629482
1106,0.008331319317,0.008159372024
1107,0.008433103852,0.008275805274
1108,0.007995098946,0.007680505689
1109,0.008299931826,0.007984524476
1110,0.008768704429,0.008290637517
1111,0.009071775712,0.008678553859
1112,0.008482456789,0.00820390007
1113,0.008599376481,0.007657856855
1114,0.008666328155,0.007661199605
1115,0.008574436593,0.008024678624
1116,0.00834430824,0.00791051652
1117,0.008621511981,0.007754782157
1118,0.007988003083,0.008416830096
1119,0.00805021741,0.007960960735
1120,0.008591936203,0.008300813904
1121,0.008406447887,0.007911230088
1122,0.008671200834,0.008036112296
1123,0.008110229275,0.007733475009
1124,0.007992385072,0.00776255317
1125,0.009076576214,0.00757528696
1126,0.007995776192,0.008001332637
1127,0.008295711596,0.008128724585
1128,0.00888571149,0.008345492708
1129,0.008458438853,0.00820854964
1130,0.008057678351,0.008473588969
1131,0.008391442068,0.008004540869
1132,0.008465889725,0.008246094454
1133,0.008474652073,0.008461104706
1134,0.008109844988,0.007720467984
1135,0.007829162816,0.008184979437
1136,0.008072567114,0.008688780363
1137,0.008379901294,0.007794108242
1138,0.007830509217,0.008492065244
1139,0.007696802611,0.008449795132
1140,0.008588944969,0.008184519887
1141,0.008625565504,0.008203915553
1142,0.008354891615,0.007569793146
1143,0.008808821905,0.008442986757
1144,0.008280678827,0.007910850807
1145,0.008175741415,0.008308648597
1146,0.007730847283,0.007991180231
1147,0.008064014546,0.007911906054
1148,0.00821304589,0.008065391972
1149,0.008372132317,0.008481023659
1150,0.008425250882,0.007927565312
1151,0.008713631774,0.008556932036
1152,0.007976654451,0.008294112282
1153,0.008660700638,0.008001777693
1154,0.008274536172,0.008127480804
1155,0.008309644822,0.008019929461
1156,0.008273743559,0.007281503349
1157,0.008039763721,0.007901282108
1158,0.007734137296,0.008227235056
1159,0.008515842026,0.008463478938
1160,0.008407260291,0.007829279406
1161,0.008470633475,0.007941955642
1162,0.007752925565,0.008370338997
1163,0.008158117766,0.008489704749
1164,0.008253199921,0.008605185605
1165,0.008526490245,0.007855543809
1166,0.007963116048,0.008201456163
1167,0.007786805218,0.008456315205
1168,0.007723773539,0.008294494764
1169,0.008401565719,0.007998612185
1170,0.008007860219,0.008268330537
1171,0.008006318065,0.008229244442
1172,0.00825244264,0.008136342454
1173,0.008431419847,0.00806055899
1174,0.008363489294,0.00800317002
1175,0.008079265011,0.008130880888
1176,0.008083917317,0.007899075164
1177,0.008955669589,0.008393679862
1178,0.007773656864,0.00757756969
1179,0.008362755354,0.00774973107
1180,0.007788858085,0.008116490324
1181,0.008443377446,0.008206877275
1182,0.008426221437,0.00832792162
1183,0.008092435193,0.007894170121
1184,0.008516382659,0.008185358136
1185,0.007875786279,0.008141068101
1186,0.008062240551,0.007546129462
1187,0.008745632716,0.007733020291
1188,0.008225120662,0.008165451582
1189,0.008216576593,0.008361399523
1190,0.007908654981,0.007924981881
1191,0.008699224505,0.008160250611
1192,0.007771705452,0.008256667061
1193,0.00769266201,0.00812787225
1194,0.008049399825,0.007391133811
1195,0.007545585337,0.007722150534
1196,0.0077183065,0.008235331043
1197,0.00779996335,0.008019982313
1198,0.008120813,0.008073342324
1199,0.008444054052,0.008090962947
1200,0.008537821763,0.00798432366
1201,0.007573071227,0.007985888456
1202,0.008805300458,0.00808154064
1203,0.008308410994,0.008174169983
1204,0.007657170703,0.008402057749
1205,0.008145467145,0.007943476667
1206,0.007901918376,0.008043027425
1207,0.008548809681,0.007793996425
1208,0.007742175309,0.00778661645
1209,0.008113887336,0.00748142926
1210,0.008220577147,0.007814727025
1211,0.008220582095,0.007620316523
1212,0.00826873054,0.008087987604
1213,0.008341409964,0.007827216003
1214,0.00835909642,0.008399911749
1215,0.008243179007,0.008153514005
1216,0.008128862653,0.007381224132
1217,0.008456816839,0.007974229928
1218,0.008700055885,0.007728429744
1219,0.008390833624,0.007949685853
1220,0.008642198925,0.007798814215
1221,0.008022219001,0.007958942966
1222,0.008086710819,0.00822759833
1223,0.007927304308,0.007826991903
1224,0.008095117402,0.008036331157
1225,0.008349434414,0.008383986831
1226,0.007944083191,0.008075787046
1227,0.008239637711,0.007943306293
1228,0.008141707454,0.007738172193
1229,0.007958619739,0.007989605307
1230,0.008312699327,0.00713737827
1231,0.00813258125,0.008052242338
1232,0.00734946673,0.007637138071
1233,0.007521856693,0.008054193691
1234,0.008033283171,0.007427566976
1235,0.007207069662,0.007098152884
1236,0.008166111831,0.007623691927
1237,0.008000449627,0.008035179228
1238,0.007728960481,0.007831641124
1239,0.008157122124,0.007938468771
1240,0.008041727298,0.00769837288
1241,0.008448263165,0.007203905028
1242,0.008752807917,0.007728991972
1243,0.007767127245,0.008582978277
1244,0.008310202335,0.008057020372
1245,0.007693018881,0.007758052496
1246,0.007802769367,0.007910442306
1247,0.007533612777,0.007920821663
1248,0.0081833523,0.007257190475
1249,0.007894649636,0.007377166068
1250,0.008421740844,0.008013243263
1251,0.008185618906,0.007574202144
1252,0.008195667411,0.00723621936
1253,0.008400468214,0.007832896779
1254,0.008269608486,0.007840123435
1255,0.008172483591,0.007708403165
1256,0.008166826912,0.007816794619
1257,0.007514974859,0.007781461871
1258,0.007960046874,0.007846563414
1259,0.008095595054,0.007545792207
1260,0.007871099515,0.007828838658
1261,0.007892592286,0.007582465769
1262,0.007671008934,0.007522463799
1263,0.007805764035,0.008176008589
1264,0.007708662539,0.007774591737
1265,0.008146779553,0.008283862611
1266,0.008412203169,0.007659202791
1267,0.007822772081,0.007667020138
1268,0.007581163896,0.007397586131
1269,0.008158869168,0.007877384545
1270,0.008137150959,0.007754747756
1271,0.00858113158,0.007663713535
1272,0.007739521039,0.007904278871
1273,0.007804333174,0.008177126932
1274,0.008049051627,0.007936233131
1275,0.008152343857,0.007950304833
1276,0.007851495524,0.007794346777
1277,0.007613930095,0.007967366546
1278,0.007695918146,0.008458438795
1279,0.00764451077,0.007611904177
1280,0.007777410501,0.007487712603
1281,0.00812091562,0.007838428661
1282,0.007332344481,0.007731895952
1283,0.008230452251,0.008241535863
1284,0.007898464974,0.00753138517
1285,0.007651836844,0.007662616321
1286,0.008029395773,0.008124946035
1287,0.007852490235,0.007468354423
1288,0.007795012381,0.007934883179
1289,0.007885730884,0.007666340971
1290,0.008338719781,0.007512019016
1291,0.007354673988,0.007199890097
1292,0.007928724517,0.008092154458
1293,0.007897849369,0.007881501399
1294,0.00838531449,0.007581769198
1295,0.008225699654,0.007456029765
1296,0.007574754418,0.007317070616
1297,0.007716932101,0.007138262736
1298,0.007522459782,0.007672043634
1299,0.007949698076,0.008098798571
1300,0.008157828415,0.00748658384
1301,0.00785780634,0.007229832467
1302,0.007682574273,0.00792991207
1303,0.007805008383,0.007699917885
1304,0.008064759837,0.007623962651
1305,0.008020361536,0.00739460974
1306,0.007618726173,0.007209293137
1307,0.007560447266,0.007175746257
1308,0.007632544904,0.007393673994
1309,0.008063310117,0.007498615363
1310,0.007195743849,0.007094393077
1311,0.007371495245,0.007832828502
1312,0.007681064948,0.007577725453
1313,0.007778147294,0.007407107041
1314,0.007552103722,0.007366505626
1315,0.007461324742,0.007592168346
1316,0.007855661446,0.007314374321
1317,0.007853853283,0.007698559551
1318,0.006996487791,0.007627679443
1319,0.007646215265,0.007435242354
1320,0.0071868386,0.007916154573
1321,0.007077742775,0.00787620357
1322,0.007845474,0.007591892791
1323,0.007286434935,0.007032075431
1324,0.008295567415,0.007733783394
1325,0.007449754572,0.007434253523
1326,0.007942248136,0.007286224398
1327,0.007632853172,0.007631314569
1328,0.007339352334,0.008207835141
1329,0.008328910335,0.00718813343
1330,0.007822765096,0.007573044568
1331,0.007155050698,0.007208660652
1332,0.007700617949,0.00722075149
1333,0.007699997688,0.007226064045
1334,0.007363385928,0.007415847271
1335,0.007951030042,0.007293683011
1336,0.007683092088,0.00667381403
1337,0.006959763239,0.008046918199
1338,0.007060080767,0.007432461774
1339,0.007288686174,0.00719224877
1340,0.007893836533,0.007202778128
1341,0.007278067293,0.007489903248
1342,0.007031294284,0.007110433071
1343,0.007225248206,0.007022200909
1344,0.007655973895,0.007007594861
1345,0.007275806158,0.007304589031
1346,0.00802120741,0.007163945527
1347,0.007623168873,0.006840412621
1348,0.00793907739,0.007388145896
1349,0.007337248418,0.007775003498
1350,0.007621345576,0.0076692148
1351,0.007497154409,0.007414508611
1352,0.007765029324,0.007938211609
1353,0.006854903419,0.007233992743
1354,0.007132338942,0.007450880366
1355,0.007467220712,0.007426987926
1356,0.007664560631,0.007371487969
1357,0.007460910128,0.007961635478
1358,0.007742706162,0.007087865903
1359,0.00728162122,0.007409322483
1360,0.00668738957,0.007330060238
1361,0.007792824239,0.00725716626
1362,0.007859816425,0.007165383489
1363,0.007205082453,0.007663785014
1364,0.007393253734,0.007880448538
1365,0.007643297489,0.006770785258
1366,0.007039571879,0.007256438199
1367,0.007080220908,0.007366462902
1368,0.006630929885,0.007046622166
1369,0.006923640671,0.007531181676
1370,0.007397011505,0.007175443287
1371,0.007773856923,0.007817151956
1372,0.006921657827,0.007632200664
1373,0.007396594388,0.007505915884
1374,0.007615011767,0.006173517264
1375,0.007284409308,0.007186449307
1376,0.00703434553,0.007008317858
1377,0.007332692039,0.00721610582
1378,0.007770063297,0.00714060961
1379,0.007897461997,0.007626356615
1380,0.007433957944,0.007436629443
1381,0.007156111533,0.006495469541
1382,0.006843068113,0.007089313469
1383,0.006962610874,0.00676193228
1384,0.007049961772,0.006537366426
1385,0.007078934636,0.007218712941
1386,0.0070401376,0.007704254531
1387,0.006802730903,0.007114731707
1388,0.006775583723,0.006561009504
1389,0.006656787707,0.007237748418
1390,0.007494000078,0.0071864723
1391,0.00696161401,0.007199424144
1392,0.007371664164,0.006905771501
1393,0.007239124156,0.007701665803
1394,0.006871167745,0.006830289261
1395,0.006815644272,0.007790581498
1396,0.007307126827,0.006513694883
1397,0.006908296724,0.007311990252
1398,0.007110668404,0.006588308956
1399,0.006884805625,0.006700398517
1400,0.006924899935,0.007610963308
1401,0.007360229094,0.006619367981
1402,0.007413480722,0.006827166711
1403,0.006592989259,0.007794659876
1404,0.006702287821,0.007520814193
1405,0.007126219454,0.007131303428
1406,0.007063314493,0.007178462576
1407,0.006655626348,0.006682194013
1408,0.006864901865,0.007018892269
1409,0.006717027223,0.00703351089
1410,0.00656522013,0.007431541686
1411,0.006697402277,0.007296333148
1412,0.006896465435,0.006750073517
1413,0.006751952867,0.006851642218
1414,0.006627086201,0.007459649467
1415,0.007006600907,0.007320527162
1416,0.006895762985,0.00655973301
1417,0.007051340421,0.006307070784
1418,0.006727023807,0.006742044934
1419,0.006874567363,0.006685371976
1420,0.006797350827,0.007114215987
1421,0.006299955887,0.00677017041
1422,0.006469441869,0.007214031939
1423,0.007073052402,0.006651614734
1424,0.006791226508,0.006145306805
1425,0.006719399826,0.007267027337
1426,0.007093137305,0.007251534262
1427,0.006652387907,0.00672898232
1428,0.007228037866,0.006343851972
1429,0.006433493691,0.007099496259
1430,0.006494993926,0.006417992408
1431,0.006544443022,0.007205353002
1432,0.006775291928,0.006385355955
1433,0.00667783583,0.007164029928
1434,0.00667305442,0.007723642513
1435,0.006442029437,0.006891888333
1436,0.006738324708,0.007619733224
1437,0.007362701581,0.006894665188
1438,0.00702147733,0.006539258466
1439,0.006826688827,0.006563726463
1440,0.007070258667,0.006007995224
1441,0.006499886338,0.006500750838
1442,0.007057948911,0.006246480974
1443,0.006447973137,0.007217293838
1444,0.006449701847,0.00688262441
1445,0.006495861686,0.006310217956
1446,0.006875206309,0.006144523679
1447,0.006645644025,0.006351682008
1448,0.006945671572,0.006712713861
1449,0.006840391492,0.007210773067
1450,0.006411406444,0.007275049458
1451,0.006247013283,0.005662909825
1452,0.007092232874,0.006483128062
1453,0.00683006231,0.007302012818
1454,0.006504560588,0.006412901566
1455,0.006210278312,0.006571815175
1456,0.006291489932,0.007291348767
1457,0.006404653715,0.0066566405
1458,0.006569086108,0.00630588393
1459,0.005811614392,0.006321984867
1460,0.006221135671,0.006935858517
1461,0.006105482695,0.007975768531
1462,0.006902575202,0.006837438501
1463,0.006141468766,0.007721772417
1464,0.00672796031,0.006601203699
1465,0.005996399792,0.007041018282
1466,0.007115753542,0.007422484283
1467,0.00597310887,0.006812980166
1468,0.006228135782,0.006788573228
1469,0.006637216487,0.007065310783
1470,0.006279681518,0.006561770744
1471,0.005643176846,0.007428951561
1472,0.006383587897,0.006889765093
1473,0.006632332341,0.006283112452
1474,0.006216086913,0.006758595759
1475,0.005936498754,0.006636992504
1476,0.006432818773,0.006895231782
1477,0.005862695514,0.007208108553
1478,0.00653001701,0.006465078739
1479,0.006151627109,0.006279204914
1480,0.006057864462,0.008302823
1481,0.006452969101,0.006820703682
1482,0.006074925768,0.006338196632
1483,0.005665864621,0.006709925598
1484,0.005962573923,0.006306746451
1485,0.005896121846,0.005844814412
1486,0.006513229862,0.006070646108
1487,0.006103040767,0.00841176312
1488,0.006697446923,0.00660051778
1489,0.006435706629,0.006024131202
1490,0.00609415886,0.006774967478
1491,0.005977292603,0.007665249752
1492,0.006242883042,0.006694976881
1493,0.006237591035,0.006764062739
1494,0.005745644332,0.007362449833
1495,0.005904343619,0.007022628561
1496,0.00559092249,0.005974573432
1497,0.006321910769,0.006416226679
1498,0.005539644451,0.0063334679
1499,0.005571639165,0.006604435621
1500,0.005636098096,0.007361114898
1501,0.005906918435,0.007147177006
1502,0.0056340585,0.006121151004
1503,0.005836750031,0.007168048993
1504,0.006113102136,0.006673546101
1505,0.005755532882,0.006816267152
1506,0.006141116202,0.006543560012
1507,0.006099077815,0.00641051837
1508,0.006229862862,0.006347703689
1509,0.005897264171,0.006263860094
1510,0.005984381831,0.006722214748
1511,0.005602196441,0.007490391494
1512,0.005859398283,0.006582604081
1513,0.006326462782,0.006629948737
1514,0.006025579816,0.007084041776
1515,0.006036830717,0.007234690071
1516,0.00568995811,0.006506589823
1517,0.005729034834,0.006734498427
1518,0.005433500453,0.006900604756
1519,0.006144591549,0.007425639778
1520,0.005714202009,0.006812773645
1521,0.005550160073,0.006465072394
1522,0.005596268747,0.007867980283
1523,0.005502956221,0.006275348016
1524,0.006013832404,0.00599430711
1525,0.005633273046,0.008297293796
1526,0.005556406686,0.00757559156
1527,0.005750749086,0.006328668795
1528,0.005321416393,0.005842146114
1529,0.005882946367,0.006917477876
1530,0.005189408374,0.006580026064
1531,0.005591700086,0.006610833225
1532,0.005691637227,0.006667166715
1533,0.005122494942,0.006747706677
1534,0.005221113795,0.006557191606
1535,0.006206205115,0.00566712243
1536,0.005278385303,0.005853947892
1537,0.005627615144,0.006875505962
1538,0.006171115383,0.006758385396
1539,0.005186052877,0.007143220166
1540,0.00568505266,0.007348132611
1541,0.00552446238,0.00665409537
1542,0.005257342593,0.006575008563
1543,0.005306693725,0.007458517153
1544,0.005904512538,0.006459828233
1545,0.005563276005,0.005908270075
1546,0.00562877566,0.007161238522
1547,0.005336684524,0.005901191616
1548,0.005355716334,0.006342998589
1549,0.005401537521,0.006761608529
1550,0.005215235753,0.005957374466
1551,0.005538414,0.006030332472
1552,0.005706510798,0.007891962479
1553,0.005282970495,0.0066056301
1554,0.005413384992,0.005914119538
1555,0.005046466773,0.006529319333
1556,0.005435930914,0.00707687973
1557,0.005243514956,0.006274385436
1558,0.005059371353,0.007044502127
1559,0.005691035476,0.007041585515
1560,0.00525849167,0.006265961099
1561,0.005494756682,0.006130418798
1562,0.005240835424,0.006255992455
1563,0.005214006116,0.00651950133
1564,0.005439385714,0.006066227856
1565,0.005520409439,0.006332432444
1566,0.005214924226,0.006575897161
1567,0.005791004922,0.006583412178
1568,0.005207776499,0.005639104056
1569,0.005215273355,0.007187511306
1570,0.004773868626,0.0066231612
1571,0.005305557919,0.006198525138
1572,0.005437478307,0.007005272608
1573,0.005514926568,0.005363907607
1574,0.005159800407,0.007189684082
1575,0.004965308064,0.007089917024
1576,0.00486899502,0.005864091741
1577,0.004986363085,0.006803717173
1578,0.005925935053,0.005733234633
1579,0.005516728037,0.005799829494
1580,0.005202351836,0.00624852028
1581,0.005306932202,0.007563804975
1582,0.004963290237,0.007381054689
1583,0.005226054112,0.005826503213
1584,0.005348863429,0.005871817877
1585,0.00560992246,0.006583509385
1586,0.005560419639,0.006866083713
1587,0.004957451485,0.006378550577
1588,0.00522675243,0.005433913029
1589,0.004943008476,0.006743334699
1590,0.005058431474,0.006459485798
1591,0.005332814238,0.005309175584
1592,0.005440424255,0.006908309122
1593,0.004889725533,0.007572893519
1594,0.004997651908,0.006200006988
1595,0.005212342774,0.005405406293
1596,0.005019995617,0.00596200343
1597,0.004726912099,0.006503576704
1598,0.005389473983,0.007000776299
1599,0.005125152471,0.006104257889
1600,0.005038081494,0.005629600957
1601,0.005134372623,0.006808434031
1602,0.005034453119,0.006689060305
1603,0.005218497536,0.005887273757
1604,0.005255330587,0.005567330169
1605,0.004675670469,0.006382103486
1606,0.004501167074,0.006873313687
1607,0.005160985631,0.005418412329
1608,0.005416696134,0.00676637236
1609,0.004925849789,0.005759526975
1610,0.005142586655,0.006506554084
1611,0.004696986551,0.006684925349
1612,0.005105684337,0.00623104602
1613,0.005613046815,0.005493741366
1614,0.004871094308,0.005762442073
1615,0.005567277083,0.0065229584
1616,0.00483479246,0.005680500704
1617,0.004704302934,0.004950920411
1618,0.004866846197,0.006211916334
1619,0.004622911627,0.00635130005
1620,0.00508438953,0.006550175021
1621,0.004741203797,0.005196583981
1622,0.004570993886,0.006292388542
1623,0.00513240727,0.005612812878
1624,0.00475835643,0.006213881017
1625,0.005030582979,0.006121297774
1626,0.005271559115,0.005476877152
1627,0.005914904701,0.005450848548
1628,0.005025361141,0.005979330104
1629,0.004571133264,0.007739197463
1630,0.004819553578,0.00558970042
1631,0.005070400483,0.00571363169
1632,0.005010575522,0.00637117197
1633,0.005139550252,0.005843900144
1634,0.004904762027,0.006306257681
1635,0.005227647431,0.005943361728
1636,0.004783124838,0.007465618721
1637,0.004723204765,0.006548278558
1638,0.004719772609,0.004986087908
1639,0.004894937621,0.007361463911
1640,0.004704258405,0.005977410357
1641,0.004901989305,0.004989251611
1642,0.004704989493,0.005980348506
1643,0.005476969178,0.005668750382
1644,0.004738287214,0.006410909875
1645,0.004837749002,0.006711603608
1646,0.00497975375,0.005562916573
1647,0.004517196678,0.00641674106
1648,0.005010042922,0.005376183632
1649,0.004773488472,0.005053670378
1650,0.004951278155,0.006169596512
1651,0.004587569652,0.005930944229
1652,0.004709802481,0.005753385252
1653,0.004634025798,0.00623847649
1654,0.004273870058,0.006133890478
1655,0.004673476913,0.006500944146
1656,0.004906164308,0.007703837357
1657,0.004741280922,0.005940163333
1658,0.004478363699,0.005370907427
1659,0.004812234489,0.006025659502
1660,0.004351224547,0.00626902486
1661,0.004606695496,0.006005215982
1662,0.004314525315,0.005315758812
1663,0.004809626989,0.006437656819
1664,0.004771832842,0.005259294587
1665,0.004871168057,0.00599377061
1666,0.005056463764,0.006648796727
1667,0.004485676152,0.007192597957
1668,0.005004904117,0.00582619413
1669,0.004437199823,0.006415451935
1670,0.004709840578,0.00592962635
1671,0.004556439118,0.005737647356
1672,0.004355842771,0.007322619087
1673,0.004985097272,0.00614363444
1674,0.004552877246,0.005488454364
1675,0.005039073294,0.005652193446
1676,0.005019186268,0.005798116559
1677,0.004229756218,0.006015333754
1678,0.004759099684,0.006094933196
1679,0.004730511515,0.005964097974
1680,0.004807702731,0.005433095794
1681,0.004522866569,0.005035134644
1682,0.004656327015,0.005541758146
1683,0.004555917985,0.005664683005
1684,0.004294110026,0.005754401587
1685,0.004407380009,0.005671595398
1686,0.004858028085,0.005377583031
1687,0.005081029318,0.006197396258
1688,0.00440343513,0.00560255337
1689,0.004129290348,0.006160149933
1690,0.004791179788,0.005625130783
1691,0.00474177234,0.0053717868
1692,0.004902763321,0.005134984851
1693,0.00450174039,0.006184294703
1694,0.004452059162,0.005709208664
1695,0.004683334235,0.005504991102
1696,0.004545996781,0.005261454498
1697,0.004630778771,0.00543195504
1698,0.004512733081,0.005412528757
1699,0.004568094912,0.005733042024
1700,0.004132199421,0.006417155149
1701,0.004471405467,0.005540292419
1702,0.004631326767,0.005453715625
1703,0.004703634419,0.005304614606
1704,0.005030668166,0.005074864195
1705,0.004789830418,0.00503657604
1706,0.004270827805,0.006411006965
1707,0.004357338505,0.005875659001
1708,0.004477416544,0.005804869346
1709,0.004508435144,0.005947193305
1710,0.004172245681,0.005592571804
1711,0.004374235374,0.005722606089
1712,0.0046857376,0.005997170054
1713,0.004784966295,0.005250762624
1714,0.004485699901,0.005478168139
1715,0.004483143479,0.005476920691
1716,0.004108134744,0.005372063315
1717,0.004614285135,0.005595256865
1718,0.004437279305,0.006156620686
1719,0.004552106722,0.005221369211
1720,0.004493166547,0.005330684769
1721,0.004156323295,0.0050724998
1722,0.00427023528,0.005829593167
1723,0.004067143367,0.005847919732
1724,0.004261202179,0.005084196397
1725,0.004409255052,0.005197943072
1726,0.004231616826,0.005237107165
1727,0.004527573416,0.005409464182
1728,0.004272070451,0.005093756132
1729,0.004005481955,0.006595828338
1730,0.004640762432,0.005817458907
1731,0.004029937292,0.004750274384
1732,0.00489614511,0.005119709531
1733,0.004137505137,0.005790421856
1734,0.004148476117,0.006157310854
1735,0.004467832186,0.005365464487
1736,0.004512241285,0.005377760506
1737,0.004565987532,0.005586763669
1738,0.004411465168,0.004983995925
1739,0.003972109524,0.005473957368
1740,0.004436787072,0.005329229461
1741,0.004506309517,0.00543344405
1742,0.004646735382,0.005079926254
1743,0.00419964621,0.005455651903
1744,0.004486008926,0.005061120901
1745,0.004454535811,0.005883152771
1746,0.004711553425,0.004265906551
1747,0.004307768162,0.005173077807
1748,0.00467173956,0.004843489121
1749,0.004281196132,0.004870884004
1750,0.004671660601,0.004646026006
1751,0.004133072594,0.005635213136
1752,0.003977689688,0.006090466224
1753,0.004324396927,0.00484948192
1754,0.004298398737,0.005519117636
1755,0.004237922723,0.005543481093
1756,0.004435062932,0.00538206991
1757,0.004617710074,0.005046192324
1758,0.004384663451,0.005426175892
1759,0.004497893678,0.004686176893
1760,0.004275945626,0.004271708691
1761,0.004090723523,0.004613408179
1762,0.004481550015,0.005726940464
1763,0.003872765054,0.005546049273
1764,0.004776933085,0.004182370001
1765,0.004616885883,0.00548074313
1766,0.004271778831,0.005675756955
1767,0.004165453633,0.004924916197
1768,0.004138986231,0.004684820946
1769,0.00431515029,0.006022747897
1770,0.004635369114,0.005967275123
1771,0.004532815539,0.004613878671
1772,0.004606592905,0.00532699324
1773,0.004733316746,0.006437259843
1774,0.003890566179,0.005293965572
1775,0.004254443222,0.005049310392
1776,0.004297462117,0.004814574495
1777,0.004321878107,0.005464486137
1778,0.004011757293,0.005969918217
1779,0.004171761451,0.005144013383
1780,0.004553207575,0.004620431457
1781,0.003945333068,0.004937135411
1782,0.003948007245,0.005469281867
1783,0.00386930813,0.005949331739
1784,0.004035418737,0.004791605519
1785,0.004271138401,0.005962319119
1786,0.004560096771,0.004578274878
1787,0.004057098646,0.005951815925
1788,0.004121835053,0.004897029838
1789,0.004155846138,0.005014671362
1790,0.004223284428,0.005002478691
1791,0.004293145001,0.005835843418
1792,0.004119754914,0.004599525768
1793,0.004104450141,0.005093090644
1794,0.003854878683,0.005310786713
1795,0.004220470553,0.004399073281
1796,0.00408790831,0.004518549336
1797,0.00430776435,0.004998466029
1798,0.004421229503,0.00454596855
1799,0.00381136543,0.00563753437
1800,0.004161711229,0.005416369357
1801,0.004351727548,0.005090264691
1802,0.004174946866,0.005331677443
1803,0.003762233304,0.004475057009
1804,0.004245910706,0.004982966988
1805,0.004137683602,0.005537018355
1806,0.003814181575,0.00523632468
1807,0.00404527408,0.004849576653
1808,0.004259086767,0.004669944639
1809,0.004517910944,0.004931134812
1810,0.004336061655,0.004968748544
1811,0.003952475497,0.005025425344
1812,0.003951121762,0.005111969076
1813,0.003936035035,0.004623032291
1814,0.004454825743,0.005448758078
1815,0.004252568673,0.005626684462
1816,0.004238475376,0.004228178033
1817,0.004319519532,0.004796238645
1818,0.004684615211,0.00522559919
1819,0.003999032546,0.005088808131
1820,0.004352210468,0.005595113034
1821,0.004303474794,0.005371166684
1822,0.004096148565,0.004585901537
1823,0.003971858969,0.004923894448
1824,0.004172592977,0.005339860334
1825,0.00441997507,0.005538172496
1826,0.004189973028,0.005004076695
1827,0.003689169796,0.004864945688
1828,0.004239318281,0.005481072993
1829,0.004312692792,0.004684483691
1830,0.004324751586,0.00506920286
1831,0.004241607152,0.005364359939
1832,0.003722341848,0.005480418477
1833,0.004323868983,0.004649020935
1834,0.00419088552,0.004684975225
1835,0.004282843613,0.004760438809
1836,0.004451579036,0.005036625254
1837,0.003784001194,0.005078651302
1838,0.003836319491,0.004571543977
1839,0.004032012657,0.004751344677
1840,0.003980084206,0.004470024433
1841,0.004415055562,0.005369051592
1842,0.003925737285,0.004905487673
1843,0.003723130067,0.004364011344
1844,0.004246677097,0.00504697999
1845,0.003637761867,0.004880725988
1846,0.004021390399,0.004946642555
1847,0.00378410233,0.005019890465
1848,0.00367013723,0.005047037615
1849,0.004310182703,0.00455736107
1850,0.004156461771,0.004422617261
1851,0.003773850563,0.004695867799
1852,0.004120907251,0.004364179069
1853,0.004513665102,0.005218216975
1854,0.004190796346,0.004884964845
1855,0.004168688261,0.004187319544
1856,0.003983884497,0.005557828059
1857,0.003963644645,0.00535476004
1858,0.004547050223,0.005130544945
1859,0.00431185565,0.003945536038
1860,0.003880615783,0.004718906886
1861,0.00383007247,0.005088173813
1862,0.003683467803,0.005020653014
1863,0.00373259242,0.00499057956
1864,0.004243609932,0.004120631376
1865,0.004024262715,0.004119245656
1866,0.004120523459,0.004845506162
1867,0.003861961915,0.00460349652
1868,0.003953905863,0.005371886189
1869,0.003896338487,0.004795257933
1870,0.00377888279,0.004603532201
1871,0.00415157745,0.005165797193
1872,0.003924985649,0.005227494723
1873,0.004009982193,0.004645460722
1874,0.003857436881,0.004635660851
1875,0.00440456238,0.005047633633
1876,0.00441788169,0.004262509989
1877,0.003964709031,0.00423392505
1878,0.003767825023,0.004853643972
1879,0.004081698135,0.004821623879
1880,0.004437283729,0.004029002244
1881,0.00393763592,0.004312919511
1882,0.003922504373,0.004579109256
1883,0.003944841097,0.004949648108
1884,0.003698886692,0.004133357783
1885,0.004406936787,0.004302972317
1886,0.003752475983,0.004242432624
1887,0.003983814677,0.004558663437
1888,0.004078108002,0.004488106119
1889,0.003912218439,0.004210114304
1890,0.003840365505,0.004400087899
1891,0.003997202963,0.004974362353
1892,0.003688550583,0.005063020333
1893,0.003969053505,0.004182114382
1894,0.003621606826,0.004656389065
1895,0.003653721913,0.004804858065
1896,0.004129884706,0.004237178684
1897,0.00364050272,0.004641775362
1898,0.003412702703,0.004699888639
1899,0.003697615117,0.004789157887
1900,0.003986132535,0.004939741339
1901,0.003750152217,0.004311172088
1902,0.004291413032,0.004024816793
1903,0.004109700734,0.004817196401
1904,0.003841675498,0.004548848228
1905,0.003820040729,0.004900950706
1906,0.00382346625,0.005342103774
1907,0.004295639344,0.003907961771
1908,0.004223490861,0.004233597894
1909,0.003935403278,0.0047154809
1910,0.003559782985,0.004923859728
1911,0.004014257749,0.004606135335
1912,0.00416415534,0.004811357765
1913,0.00406496643,0.004295216
1914,0.00372863654,0.00456907152
1915,0.00414486407,0.004415694217
1916,0.003799843427,0.004479818686
1917,0.004048779374,0.004419301258
1918,0.004024770111,0.004458751646
1919,0.003563251405,0.004777614638
1920,0.003753765894,0.005046723352
1921,0.003634107037,0.004711771471
1922,0.004068811017,0.004177128314
1923,0.003669158381,0.004787937418
1924,0.00336753155,0.004427828331
1925,0.003889357904,0.004304786766
1926,0.003963094525,0.004433128779
1927,0.00415104453,0.004628809314
1928,0.004062669614,0.004441627942
1929,0.003484289511,0.004966681532
1930,0.003511850548,0.004438709555
1931,0.003405373165,0.004233494226
1932,0.003846139618,0.00425549355
1933,0.004070132651,0.004529803933
1934,0.004084115411,0.003780668369
1935,0.004140648758,0.003645141813
1936,0.00358315857,0.004113011091
1937,0.003587720566,0.004397169832
1938,0.003920270159,0.003955044493
1939,0.00396172711,0.003898219002
1940,0.003643599281,0.004030451062
1941,0.004080731451,0.004514096945
1942,0.003694641026,0.003839515703
1943,0.003892076435,0.004385253706
1944,0.003750276344,0.0038808182
1945,0.003573812399,0.003992013895
1946,0.003589839354,0.004827518656
1947,0.003655068169,0.00405908408
1948,0.003788213216,0.004353443364
1949,0.003553147544,0.005118781497
1950,0.003671637067,0.004972572729
1951,0.004168187414,0.004351144715
1952,0.003616786184,0.004299315042
1953,0.003668233025,0.004561264475
1954,0.003763401357,0.004319416301
1955,0.003712811391,0.004520772229
1956,0.00396355,0.004443378712
1957,0.003542550025,0.004471190216
1958,0.004003902432,0.005002277117
1959,0.003730059805,0.004905495618
1960,0.003456884908,0.004223214783
1961,0.003777786507,0.004615323385
1962,0.003623125929,0.004355073179
1963,0.003721071786,0.004717463278
1964,0.003920075222,0.005083575728
1965,0.00337338532,0.004442991689
1966,0.003641054005,0.004673996125
1967,0.003794271121,0.004690208414
1968,0.003619519644,0.003729055781
1969,0.00359043057,0.004101808649
1970,0.003730084398,0.004557201319
1971,0.003817077406,0.003936582158
1972,0.003990453115,0.004221473238
1973,0.003558134224,0.004889724252
1974,0.003530698916,0.004099834448
1975,0.003797715181,0.004580599343
1976,0.003636824345,0.004806384328
1977,0.00393616379,0.00450766107
1978,0.004096597695,0.004208464321
1979,0.003866400104,0.004351688229
1980,0.003782862972,0.004604577582
1981,0.003973575222,0.003664529679
1982,0.003893781977,0.003942294541
1983,0.003564001498,0.005185012124
1984,0.00357755585,0.004504436889
1985,0.003638490336,0.003518252808
1986,0.003834017873,0.004055680707
1987,0.003753898956,0.003672052757
1988,0.003380928218,0.004212135798
1989,0.003508667462,0.004035555146
1990,0.00348969936,0.004801602394
1991,0.003798332327,0.004090779432
1992,0.003753948666,0.003950286307
1993,0.003687005112,0.004012628808
1994,0.003988388053,0.00472126744
1995,0.003395700303,0.003908633807
1996,0.003894578607,0.004090637085
1997,0.003778792656,0.004652669537
1998,0.003266558517,0.004491311993
1999,0.003707775759,0.003938307491
2000,0.003638285765,0.003937315341
2001,0.003609839914,0.004618262989
2002,0.003725637682,0.004197797942
2003,0.00397837616,0.004045353679
2004,0.003612984641,0.004338158498
2005,0.003309739928,0.004271828453
2006,0.003781713574,0.004312641366
2007,0.003682490002,0.003856720374
2008,0.004020229913,0.004028115975
2009,0.003170207812,0.004234121181
2010,0.003490008326,0.004551493825
2011,0.003808729525,0.004149740533
2012,0.00387014079,0.003809277841
2013,0.003703011171,0.003743571666
2014,0.003254890762,0.00485968162
2015,0.003415141953,0.003467000177
2016,0.003370841703,0.004581673216
2017,0.003287545755,0.004127062857
2018,0.003547188186,0.004053745739
2019,0.003832140588,0.003773141798
2020,0.003785777633,0.004413303774
2021,0.003872751986,0.004123383551
2022,0.003238930454,0.004915682744
2023,0.003659395385,0.003800388949
2024,0.003492728807,0.003897766845
2025,0.003960558592,0.004096713586
2026,0.003288258042,0.004494497611
2027,0.003713363636,0.004444673512
2028,0.003969349054,0.003854979645
2029,0.003674869571,0.003616005095
2030,0.003668146499,0.003620577423
2031,0.004101888422,0.004526536388
2032,0.003596291062,0.003691695369
2033,0.003567357111,0.004200356576
2034,0.003506533103,0.003451280005
2035,0.00370073365,0.00418911397
2036,0.003836731164,0.003869470238
2037,0.003627686325,0.003853877861
2038,0.003584476101,0.003971030848
2039,0.003396523767,0.004635043879
2040,0.003697119537,0.003891072847
2041,0.003478840081,0.004028013034
2042,0.003629495623,0.003888132895
2043,0.003733140096,0.004084778659
2044,0.003612126253,0.003775440244
2045,0.003587449057,0.004141763231
2046,0.003384581243,0.004237574438
2047,0.003433241975,0.004384487023
2048,0.003283307218,0.004139408353
2049,0.003670773323,0.003929114289
2050,0.003438160231,0.003915257053
2051,0.003365223703,0.003779570514
2052,0.00342722697,0.003905599064
2053,0.003220821964,0.003936010384
2054,0.0034137771,0.00387280056
2055,0.003407130309,0.004407629051
2056,0.003327664745,0.004055844474
2057,0.00330529947,0.003582094825
2058,0.003930018953,0.003374508524
2059,0.003449012234,0.003738938627
2060,0.003244517022,0.004292226513
2061,0.003613035922,0.003756737075
2062,0.003262221668,0.003877748619
2063,0.003408511548,0.003588348482
2064,0.003461238375,0.004799851944
2065,0.003541603277,0.003830847738
2066,0.003376236215,0.003798866121
2067,0.003838067671,0.004600084241
2068,0.003389028221,0.004226938472
2069,0.003395980486,0.004241065879
2070,0.003466460592,0.004098331177
2071,0.003411077836,0.003976375388
2072,0.003190585441,0.004264108487
2073,0.003485342022,0.004065930232
2074,0.003109032288,0.004183524812
2075,0.003511990886,0.00390448721
2076,0.003391034523,0.004383353313
2077,0.003119987261,0.004458447103
2078,0.003145056951,0.003707976255
2079,0.003321200871,0.003583128302
2080,0.003429637523,0.003629321116
2081,0.003346057318,0.003783170192
2082,0.003556313604,0.003526521701
2083,0.003650680243,0.003797685582
2084,0.00340572276,0.004030021315
2085,0.003484600806,0.003667650541
2086,0.003442373243,0.004547212098
2087,0.003450791526,0.003971363738
2088,0.003618461487,0.003739723878
2089,0.003367048601,0.003709574521
2090,0.003449987271,0.003841577505
2091,0.003483269626,0.003833433468
2092,0.003563305974,0.004309946205
2093,0.003268843881,0.004490041872
2094,0.003750447475,0.003723058966
2095,0.003582166857,0.003928657825
2096,0.003598729993,0.00445966472
2097,0.00353005444,0.003759406711
2098,0.002952339157,0.003755066486
2099,0.00318677054,0.003854614886
2100,0.003327962128,0.003625488462
2101,0.003209439048,0.00402829409
2102,0.003338051145,0.004140421835
2103,0.003353544686,0.003866035579
2104,0.003359340277,0.004254961299
2105,0.003318046278,0.003511381336
2106,0.003629712941,0.004147312022
2107,0.003550614842,0.003832961083
2108,0.003265078296,0.004314748163
2109,0.003433582722,0.003716058447
2110,0.002857744141,0.003400691436
2111,0.003659733542,0.003961803013
2112,0.00349833307,0.003669425729
2113,0.003084222379,0.004310817923
2114,0.003120054986,0.003486511792
2115,0.003547099885,0.003285323852
2116,0.003254337586,0.003809040762
2117,0.003524628672,0.003710974561
2118,0.003279813565,0.003305126593
2119,0.003482810949,0.003396046988
2120,0.003395919135,0.003511628835
2121,0.003289956279,0.004405227432
2122,0.003499314043,0.003564818704
2123,0.002947686648,0.004285304574
2124,0.003160516208,0.003875010443
2125,0.003014702292,0.003899658506
2126,0.003064716497,0.004062228661
2127,0.003467103234,0.00342640825
2128,0.003592381516,0.003460898384
2129,0.003358879185,0.00406592837
2130,0.003324991296,0.004125396372
2131,0.003370954975,0.003628305538
2132,0.003359482711,0.003402324597
2133,0.003644241922,0.003075776767
2134,0.003261691716,0.003694340645
2135,0.003347063699,0.003914392903
2136,0.003249465342,0.003563516075
2137,0.003442656482,0.003601513628
2138,0.003405870491,0.003887969215
2139,0.003213194927,0.003608012339
2140,0.003032982466,0.004466723156
2141,0.003537216631,0.003762545995
2142,0.003357080685,0.003726889729
2143,0.003290751949,0.003580601304
2144,0.003438073065,0.004005514784
2145,0.003189998912,0.004208222905
2146,0.003583449463,0.003505564237
2147,0.003261194681,0.003415041952
2148,0.003608368454,0.003361177631
2149,0.003378653782,0.003632808599
2150,0.00359741674,0.004598858388
2151,0.003446599207,0.003810923226
2152,0.003509073926,0.003343879565
2153,0.003169755044,0.004003225098
2154,0.003454346384,0.003428490425
2155,0.003543685743,0.003404424831
2156,0.003480493062,0.003788101021
2157,0.003177237726,0.003636239126
2158,0.003347532154,0.003385043732
2159,0.003423105576,0.004055446625
2160,0.003273858834,0.003986676747
2161,0.003685802338,0.004055563972
2162,0.003136854415,0.003364936769
2163,0.003291049565,0.00417038711
2164,0.003534604039,0.003267921362
2165,0.003442245768,0.003582608391
2166,0.003184216039,0.003465686808
2167,0.003429665492,0.003711699217
2168,0.00355318698,0.003655453183
2169,0.002932440169,0.0037949908
2170,0.003153537051,0.003678499052
2171,0.0034152015,0.003769995557
2172,0.003061577008,0.003578040923
2173,0.003212007286,0.00361559412
2174,0.003211134142,0.003500176157
2175,0.003030453518,0.003822631523
2176,0.002987570624,0.003741324326
2177,0.003317987896,0.003601403558
2178,0.00343327751,0.003445653943
2179,0.003214508237,0.003579015814
2180,0.003319138545,0.003553902905
2181,0.003482905013,0.003258799552
2182,0.003191350086,0.003620722826
2183,0.003303856036,0.003315678012
2184,0.00331416569,0.003835561511
2185,0.003459524363,0.003144463903
2186,0.003155660641,0.003339555638
2187,0.003130822472,0.003696663262
2188,0.003384621814,0.003623467492
2189,0.003328893683,0.003291241475
2190,0.003203371365,0.003482853936
2191,0.003357008653,0.003440537228
2192,0.003294791211,0.003454743477
2193,0.003221874562,0.003547819477
2194,0.00293897753,0.003620668489
2195,0.003463572008,0.003723152447
2196,0.003345557925,0.003188156843
2197,0.002862629364,0.003643571836
2198,0.003053935507,0.003853518778
2199,0.00320659281,0.003250172682
2200,0.003271377776,0.003086278186
2201,0.003239522019,0.003197444195
2202,0.003267380496,0.003166298906
2203,0.003423405287,0.002923380962
2204,0.003361102281,0.003080911061
2205,0.003028086619,0.003900076728
2206,0.003166166629,0.003482006141
2207,0.003096773726,0.003296679235
2208,0.003281492216,0.003415971238
2209,0.003022671124,0.003481023217
2210,0.003259805118,0.003298485972
2211,0.003427858668,0.003685590025
2212,0.002915779565,0.00336315998
2213,0.003304288111,0.002851520665
2214,0.003207858594,0.003127112024
2215,0.003299592907,0.004166162398
2216,0.003365857672,0.003561913094
2217,0.002959129459,0.003353350388
2218,0.003303233534,0.003215508565
2219,0.003074673907,0.003161659086
2220,0.003129534132,0.003767191985
2221,0.00310196614,0.002959360048
2222,0.00301419216,0.003579662589
2223,0.003049435181,0.003846742358
2224,0.003100299306,0.003136934945
2225,0.003287431464,0.004105118831
2226,0.003244350373,0.003673556261
2227,0.003104604955,0.003145212453
2228,0.002908051974,0.003429083881
2229,0.00323210613,0.003706149932
2230,0.003038900875,0.003951819293
2231,0.002951448987,0.003099383408
2232,0.003335942456,0.003587925283
2233,0.002921106876,0.003161306464
2234,0.00319440366,0.003462370223
2235,0.00324814333,0.003406221484
2236,0.003241415689,0.00341464192
2237,0.003103493334,0.00376206488
2238,0.003224103129,0.003427616
2239,0.003344680794,0.003217893682
2240,0.003551328176,0.003669896309
2241,0.003085187112,0.003223158041
2242,0.003204582288,0.003506076668
2243,0.003293144662,0.003413462196
2244,0.003085978213,0.003298222378
2245,0.003311997658,0.003513848351
2246,0.002775822126,0.003309847962
2247,0.002854779945,0.003152727761
2248,0.003322417906,0.002980235906
2249,0.003460651438,0.003055067093
2250,0.003257674252,0.003502132458
2251,0.003175865044,0.003178394749
2252,0.00345553903,0.003259360587
2253,0.00327043765,0.003134506929
2254,0.003023513185,0.003173289108
2255,0.002877835097,0.003222743486
2256,0.003105247073,0.00302406351
2257,0.003360364644,0.00324495745
2258,0.003076444002,0.003905067279
2259,0.003609453561,0.003326125821
2260,0.003485235531,0.003624453006
2261,0.002935419121,0.003200379608
2262,0.003362084186,0.00358620772
2263,0.002828268509,0.003352096595
2264,0.002894329402,0.003417266445
2265,0.003117662302,0.003463522735
2266,0.003300984361,0.003572744492
2267,0.003393911029,0.003412323102
2268,0.003168325347,0.003177239356
2269,0.003104699921,0.00338645064
2270,0.003065247613,0.003060504387
2271,0.00307308248,0.003124612878
2272,0.003039237956,0.003195801837
2273,0.002902974607,0.003448188945
2274,0.003143203532,0.003083004034
2275,0.003180819884,0.003342542914
2276,0.003221043095,0.003384883777
2277,0.003073497355,0.002691878792
2278,0.003101786395,0.003682845214
2279,0.003076546505,0.003443986934
2280,0.002974873874,0.0031921271
2281,0.003217118123,0.003039952397
2282,0.002661507693,0.003324226651
2283,0.003148971125,0.003309447115
2284,0.003145910508,0.003054108383
2285,0.003017414332,0.003601843579
2286,0.003002419544,0.00300202347
2287,0.0030374403,0.002967259294
2288,0.003177816136,0.003369821003
2289,0.002867867443,0.00323860877
2290,0.00322624328,0.003332395805
2291,0.00317817094,0.003321410128
2292,0.003258654848,0.003306345025
2293,0.003146021947,0.003580111836
2294,0.00341757937,0.003316073795
2295,0.002977570519,0.003342986834
2296,0.002907039277,0.003325057623
2297,0.003264570405,0.003272765854
2298,0.003055263864,0.003377364279
2299,0.003038354538,0.003548135282
2300,0.003139004693,0.002997433185
2301,0.002933497686,0.003208950511
2302,0.002925253735,0.003526554618
2303,0.002871049888,0.003353668173
2304,0.002947715024,0.003370701248
2305,0.002912202501,0.00310733894
2306,0.003694934159,0.003372717998
2307,0.003056634334,0.002845859184
2308,0.002864404058,0.003270229849
2309,0.002987938846,0.003072179126
2310,0.003323305136,0.003079724644
2311,0.002941869519,0.00327615079
2312,0.003329484054,0.003018804011
2313,0.003023766854,0.003520921775
2314,0.00287431592,0.002625207533
2315,0.003237188648,0.003271180904
2316,0.002843220514,0.003100689908
2317,0.003379104368,0.002913152959
2318,0.003165627335,0.003036837967
2319,0.003163846704,0.002992819936
2320,0.003060120391,0.003559818899
2321,0.003500824969,0.003579883196
2322,0.00287718937,0.003515711578
2323,0.003023326193,0.00317562549
2324,0.003099668276,0.003391371894
2325,0.003496339661,0.00337234835
2326,0.002838723798,0.003037696995
2327,0.002961356076,0.002969855035
2328,0.003035262896,0.002973682916
2329,0.002927015099,0.003185552458
2330,0.003122705501,0.002979521349
2331,0.003270235233,0.002960916259
2332,0.002952870826,0.002853945829
2333,0.003021818527,0.003137016582
2334,0.002712317772,0.002748392813
2335,0.002962067199,0.003306944505
2336,0.002875547507,0.003310291155
2337,0.002991277492,0.003042004042
2338,0.002854272898,0.003454969788
2339,0.00290053658,0.003273306065
2340,0.002650596522,0.003106733464
2341,0.003014611721,0.00357527344
2342,0.003078875452,0.00319308124
2343,0.003077566187,0.002902584558
2344,0.002859402186,0.003168233961
2345,0.003006484942,0.002753156325
2346,0.003507204994,0.003171649849
2347,0.002910703741,0.003220380924
2348,0.00314718936,0.003117995395
2349,0.002654767712,0.003532114381
2350,0.002885150403,0.003090769053
2351,0.002979370969,0.003246405453
2352,0.003188984527,0.003389214573
2353,0.003032943787,0.003186552174
2354,0.003268620087,0.003183751745
2355,0.002801955474,0.003128507116
2356,0.003303119971,0.003113988729
2357,0.00299264802,0.002932373201
2358,0.00292700337,0.002722712728
2359,0.002896266582,0.002856091058
2360,0.002830467216,0.003186927061
2361,0.002668096859,0.003308510844
2362,0.003062244621,0.00334322892
2363,0.003761948872,0.003167330986
2364,0.003148118849,0.002841685171
2365,0.003090516897,0.00315946748
2366,0.002803908545,0.00332730345
2367,0.003137968422,0.003340381722
2368,0.002972645481,0.002925288049
2369,0.002948018213,0.003335257876
2370,0.002961482707,0.0030480891
2371,0.002796263376,0.002959585923
2372,0.003070276958,0.003140673507
2373,0.002782338444,0.00283309826
2374,0.00279372526,0.003272574657
2375,0.002955107484,0.003176107566
2376,0.003069398226,0.002539738663
2377,0.002762726741,0.003315653797
2378,0.003023850702,0.003103986266
2379,0.003003424557,0.002974270945
2380,0.002919389124,0.003108498378
2381,0.003018721036,0.003102521354
2382,0.003044205223,0.002929616108
2383,0.002919401188,0.003073251457
2384,0.003112730017,0.003266258049
2385,0.003167906514,0.002827703138
2386,0.003458480234,0.003096579458
2387,0.003239189944,0.002816834138
2388,0.003074980399,0.002675848664
2389,0.003283979604,0.003247943067
2390,0.002968348912,0.003291142522
2391,0.002841782771,0.002785384422
2392,0.002850724035,0.00281599228
2393,0.003201468673,0.003329786268
2394,0.002782660042,0.002978005359
2395,0.002903959627,0.003294422248
2396,0.002895130689,0.00318816214
2397,0.002869516204,0.003234146308
2398,0.002830648707,0.003020112199
2399,0.003012852452,0.002950088383
2400,0.003292846843,0.00277649879
2401,0.003153439815,0.003137560445
2402,0.002929525508,0.003239498445
2403,0.00306317737,0.002846660878
2404,0.002897340892,0.003214739903
2405,0.002820235357,0.00309888873
2406,0.002894633537,0.003005629522
2407,0.002938453079,0.002772637352
2408,0.002948519279,0.003212885262
2409,0.003020335193,0.003347942344
2410,0.002732535271,0.003167896939
2411,0.002923168882,0.003233884898
2412,0.002698787343,0.002975636482
2413,0.002731822431,0.002963194915
2414,0.002728606254,0.003352473665
2415,0.00294736732,0.002921924257
2416,0.003131157369,0.003259689052
2417,0.002974250383,0.002892784105
2418,0.00264752045,0.002911147691
2419,0.002966960514,0.003067559941
2420,0.002872398356,0.002941504557
2421,0.002951446659,0.002528552926
2422,0.003127391479,0.002965550229
2423,0.002901908534,0.003452615289
2424,0.003080620547,0.002855699917
2425,0.002888468851,0.002884833026
2426,0.002934901713,0.003046487487
2427,0.002947223518,0.00311429234
2428,0.002966269356,0.002896224323
2429,0.002865205897,0.002826045704
2430,0.002841548121,0.003258464247
2431,0.003066577308,0.002842944261
2432,0.00316016603,0.00265826087
2433,0.002864031296,0.002946685127
2434,0.002885800612,0.002935943688
2435,0.002730496839,0.002674427873
2436,0.003145809169,0.003222314612
2437,0.003073182801,0.002910639538
2438,0.002774495428,0.002711541674
2439,0.002918649931,0.002943399129
2440,0.003118845692,0.002954551106
2441,0.003050180152,0.00311485515
2442,0.002910409879,0.002886941307
2443,0.002866201568,0.003307083331
2444,0.003090925195,0.002968477376
2445,0.002942660547,0.003123843693
2446,0.002895052981,0.002907700342
2447,0.00282365884,0.003128982469
2448,0.002865547518,0.002720529941
2449,0.002777002228,0.003017223848
2450,0.002924842993,0.003169758536
2451,0.002813170577,0.003065347031
2452,0.002898202103,0.002864229376
2453,0.002543424343,0.002944735839
2454,0.002590160118,0.003239641897
2455,0.00253916785,0.00314031943
2456,0.002746661805,0.00273263178
2457,0.003033215849,0.002863514819
2458,0.002586585091,0.003126665717
2459,0.002690966852,0.003111789381
2460,0.003110104706,0.00281045906
2461,0.002787801815,0.002990508365
2462,0.002892565099,0.003307833686
2463,0.002850330813,0.002918413171
2464,0.002808935533,0.002597885337
2465,0.00292618727,0.003099528054
2466,0.002806378994,0.003109837708
2467,0.002905384899,0.002877042221
2468,0.002957970224,0.002959689358
2469,0.002652652969,0.00254296021
2470,0.003165697184,0.002762630102
2471,0.002635738318,0.00298215494
2472,0.002780504088,0.002973125404
2473,0.002686874213,0.002440964599
2474,0.002727690706,0.002819448942
2475,0.003275276482,0.002907020156
2476,0.002864051989,0.002764893536
2477,0.003337063419,0.002839200111
2478,0.002606509457,0.002921677456
2479,0.003085453674,0.003457889456
2480,0.003128137614,0.003093771054
2481,0.002805970609,0.003118722059
2482,0.002768520353,0.003261860198
2483,0.002826505428,0.003223750071
2484,0.003005410603,0.002730662512
2485,0.00280880637,0.002706790372
2486,0.002869755437,0.002608536364
2487,0.002701036399,0.003584481776
2488,0.002936042933,0.002558033564
2489,0.002894504971,0.002804485091
2490,0.002783254065,0.002828014083
2491,0.002431559522,0.003078757873
2492,0.00259340569,0.002882648638
2493,0.002669186593,0.00287906162
2494,0.003065895406,0.003214871336
2495,0.002804273565,0.002928362868
2496,0.002724776772,0.002873729492
2497,0.002567672957,0.002669428854
2498,0.00265470022,0.00298315275
2499,0.002828751632,0.002937853511
2500,0.00260565427,0.003515328513
2501,0.002826071781,0.002991774818
2502,0.002993521397,0.002714840535
2503,0.002966015076,0.003052414715
2504,0.002562612237,0.00300346085
2505,0.002970426169,0.002753434092
2506,0.003028536172,0.002724008256
2507,0.0026810501,0.002967585693
2508,0.002690966328,0.002905474044
2509,0.002633378055,0.002881122229
2510,0.003162230132,0.002898478677
2511,0.002816740802,0.00292617589
2512,0.002619525912,0.002575343329
2513,0.002829310586,0.0029192371
2514,0.002815166546,0.003417737171
2515,0.002780387324,0.003668172634
2516,0.002786547964,0.002948335517
2517,0.002920017694,0.002731540211
2518,0.002900987587,0.002824516414
2519,0.00294342413,0.002701561956
2520,0.003107011667,0.002867541567
2521,0.002800089103,0.002644412598
2522,0.002441505814,0.002686825377
2523,0.002704317303,0.003261761711
2524,0.002947094326,0.002982244274
2525,0.0027354552,0.002721553203
2526,0.002972420116,0.002610801661
2527,0.002882161047,0.002463845361
2528,0.002575129649,0.003364743403
2529,0.002973460927,0.003022701945
2530,0.002870534634,0.002635839133
2531,0.002833004488,0.002968366462
2532,0.002666574554,0.002879969223
2533,0.002802794334,0.002996983036
2534,0.002871969045,0.003269405715
2535,0.002611589167,0.00283369486
2536,0.002846559044,0.002742176774
2537,0.002676557429,0.002917437349
2538,0.002639271435,0.002805670752
2539,0.002464819263,0.003048779821
2540,0.00278888426,0.002619308667
2541,0.002946722467,0.002875759557
2542,0.00283453177,0.003023752011
2543,0.002912819255,0.002850606339
2544,0.002814486448,0.00293015028
2545,0.002533655497,0.003147504583
2546,0.002891882585,0.002988678782
2547,0.002737175237,0.002993012196
2548,0.002850248435,0.002657093384
2549,0.002516691486,0.002794909058
2550,0.002703426813,0.002918067898
2551,0.00261563863,0.002435210685
2552,0.002840047178,0.002712083806
2553,0.002812559454,0.00301487348
2554,0.002699001518,0.003284809878
2555,0.002784601005,0.003216370213
2556,0.00249225265,0.002466757942
2557,0.002658747777,0.002888093877
2558,0.002819128335,0.002977551019
2559,0.002864184411,0.00261937984
2560,0.002550624326,0.002804559452
2561,0.002645994464,0.002725070983
2562,0.002574486076,0.002802225586
2563,0.002664794039,0.003099215275
2564,0.002647795482,0.002947397807
2565,0.002471233762,0.002767287602
2566,0.003196409336,0.003056854155
2567,0.002788280515,0.002372702424
2568,0.002595159283,0.002405616047
2569,0.002627044247,0.003005086706
2570,0.002774650202,0.003191042953
2571,0.00263300573,0.002781348187
2572,0.00269480361,0.00245867169
2573,0.002706953834,0.00269106144
2574,0.002709040244,0.003431163845
2575,0.002469641884,0.002714269678
2576,0.002739499119,0.002533236373
2577,0.003064962133,0.002796841407
2578,0.002916139289,0.002492119631
2579,0.002591317985,0.002521461109
2580,0.002961790597,0.002902806998
2581,0.00243832884,0.002710814646
2582,0.002802311938,0.002844108691
2583,0.002733281493,0.002631650568
2584,0.00265572677,0.002791199877
2585,0.002922215412,0.002636466932
2586,0.002744340221,0.002731690271
2587,0.002548699151,0.003148462361
2588,0.00300450268,0.002981586411
2589,0.002431140878,0.002526610842
2590,0.002550527628,0.002521661459
2591,0.002831115999,0.002677920274
2592,0.002409510809,0.002876399129
2593,0.002880117652,0.002585621638
2594,0.002757282069,0.002557854692
2595,0.002628336326,0.002834992018
2596,0.002795691253,0.0028559856
2597,0.002653539079,0.003042986355
2598,0.002533894265,0.002953397605
2599,0.00251613291,0.002908692317
2600,0.00274287918,0.002591635755
2601,0.002679783182,0.00269155619
2602,0.002564880997,0.002862696274
2603,0.002591367374,0.002296356746
2604,0.002830275596,0.00268840685
2605,0.002757153765,0.002958614874
2606,0.002463843412,0.002885597612
2607,0.002495423571,0.003091040213
2608,0.002622444139,0.002588031071
2609,0.002776406618,0.002820431546
2610,0.00319403215,0.002535930398
2611,0.002634652745,0.002706191008
2612,0.002803672949,0.002563487375
2613,0.002890992124,0.002708822212
2614,0.002885800903,0.002647576825
2615,0.002812751482,0.002751654538
2616,0.002521378803,0.002525706615
2617,0.002839846507,0.002592447825
2618,0.003155718412,0.002427585772
2619,0.002736532624,0.002923845866
2620,0.002732596186,0.002796447923
2621,0.002666443936,0.002841725684
2622,0.002593252953,0.002576004394
2623,0.00253205972,0.002842813381
2624,0.002760969597,0.002973206923
2625,0.002815544081,0.00275181263
2626,0.002799131093,0.002562529044
2627,0.002467661106,0.002555743529
2628,0.002618149214,0.00271412477
2629,0.002724435588,0.003176601225
2630,0.002869039425,0.002821219474
2631,0.002799844457,0.002695382515
2632,0.002580178858,0.002628375732
2633,0.002446870116,0.002550053207
2634,0.002640284933,0.002751260879
2635,0.002518013906,0.002726684615
2636,0.002988642169,0.002321114705
2637,0.002644893742,0.003099616282
2638,0.002778986236,0.002322286222
2639,0.002605404821,0.002741423421
2640,0.002741195902,0.002545188661
2641,0.002711193782,0.002694538707
2642,0.002688855122,0.002341342944
2643,0.002753238252,0.002525095973
2644,0.002641601226,0.002826231546
2645,0.002612496435,0.002919892053
2646,0.002673562223,0.002561479763
2647,0.002737766918,0.002458753996
2648,0.002523600211,0.002918060782
2649,0.002293963946,0.002399408258
2650,0.002791162202,0.002657180943
2651,0.002815370783,0.00259668348
2652,0.002515264438,0.00261563636
2653,0.002646527166,0.003079861257
2654,0.002834824583,0.002859703643
2655,0.0026814702,0.002478680661
2656,0.00271036636,0.002498283269
2657,0.002617923165,0.002810920414
2658,0.002844661518,0.002581076231
2659,0.002597235056,0.00279953584
2660,0.002494741173,0.002564536568
2661,0.002485620149,0.002589078722
2662,0.002597051731,0.002426243445
2663,0.002647637783,0.002494529064
2664,0.002355212186,0.002636868216
2665,0.002508872189,0.002795618813
2666,0.002504013391,0.00252114152
2667,0.00276292846,0.002341401821
2668,0.002446142695,0.00243595046
2669,0.002624994726,0.002712738875
2670,0.002791193721,0.002909675241
2671,0.002681043639,0.002762181306
2672,0.002336845151,0.002363193926
2673,0.002739642659,0.002361372812
2674,0.002547247685,0.002796777262
2675,0.002343183471,0.002589953394
2676,0.002801159222,0.00248238226
2677,0.002664097497,0.00284372954
2678,0.002343338943,0.003118361084
2679,0.002810221253,0.002553421597
2680,0.002911106771,0.002710463101
2681,0.002937007317,0.003248353838
2682,0.002481937234,0.003020432603
2683,0.002743583667,0.002565032963
2684,0.002772569133,0.002789709135
2685,0.002603187138,0.002295539656
2686,0.002454248199,0.002277823442
2687,0.002625357622,0.003029628308
2688,0.002662688697,0.002575811901
2689,0.002291420547,0.002718867181
2690,0.002565984614,0.002719396798
2691,0.002566783922,0.002283150476
2692,0.002543585695,0.002751370572
2693,0.00257642068,0.002392125083
2694,0.002321841093,0.002662951942
2695,0.002690915077,0.002416042073
2696,0.002514036372,0.002717532276
2697,0.002397439937,0.002416289921
2698,0.002630736039,0.002803603536
2699,0.002440308192,0.003155915561
2700,0.002636085672,0.002983288461
2701,0.002432832916,0.002546587319
2702,0.002845992363,0.002291500918
2703,0.002439976015,0.002970213973
2704,0.003007834603,0.002612934826
2705,0.002400889905,0.002692956739
2706,0.002608273964,0.003084760407
2707,0.002675783806,0.002739678675
2708,0.002395990596,0.002695944044
2709,0.002543887269,0.0028090993
2710,0.002421661746,0.002862337074
2711,0.002892662771,0.002834283514
2712,0.002640518127,0.002544889547
2713,0.002690842666,0.002685108135
2714,0.002361867169,0.002530855229
2715,0.002522015493,0.002415321636
2716,0.002688481894,0.002349547984
2717,0.002785663353,0.002283824186
2718,0.002309556818,0.002597373095
2719,0.002735290909,0.00269820416
2720,0.002621515538,0.002553716622
2721,0.0028145877,0.002564177179
2722,0.002614420271,0.002453936118
2723,0.002550550198,0.00252918723
2724,0.002705217848,0.002864838112
2725,0.002847346739,0.002339689789
2726,0.002642031395,0.002401276783
2727,0.002446869403,0.002611374162
2728,0.002527127261,0.002542153146
2729,0.002501466661,0.00235030365
2730,0.002616980608,0.002856525796
2731,0.002506312012,0.002612145414
2732,0.002561249959,0.002648606824
2733,0.002620891901,0.002426712861
2734,0.002769949991,0.002418609889
2735,0.002715100782,0.002521458009
2736,0.002634222852,0.002759894734
2737,0.002883911016,0.002452053886
2738,0.002412331014,0.002359333972
2739,0.00256871953,0.002784867538
2740,0.002446179831,0.002609317366
2741,0.002833880659,0.002696122421
2742,0.002756978589,0.002594535195
2743,0.00257542984,0.002330702046
2744,0.002736173949,0.002383686253
2745,0.002610770011,0.002368398491
2746,0.002856793202,0.002470162377
2747,0.002845082287,0.002603541303
2748,0.00250075449,0.002513485728
2749,0.002328824077,0.002417979355
2750,0.002313402394,0.002533820545
2751,0.002766713398,0.002644611537
2752,0.002627361464,0.002482857526
2753,0.00286542697,0.002733093716
2754,0.002461265016,0.002301914516
2755,0.002174390131,0.00264233115
2756,0.002439188436,0.002600915803
2757,0.002872398007,0.002408198765
2758,0.002277798922,0.002314656464
2759,0.002547505384,0.002540922666
2760,0.002596877108,0.002678173929
2761,0.002408774497,0.002585388662
2762,0.002656987257,0.00236487278
2763,0.002459879906,0.002153120309
2764,0.002335762954,0.002792986139
2765,0.002326254238,0.002455754016
2766,0.002657922189,0.002781669813
2767,0.00250560198,0.00286004864
2768,0.002383770261,0.0021704502
2769,0.002629206923,0.002439937103
2770,0.002528395329,0.002260233261
2771,0.00258678713,0.002581277833
2772,0.002577512932,0.002488830389
2773,0.002333846554,0.002365577617
2774,0.002511124098,0.002522507551
2775,0.002598249528,0.002771852014
2776,0.002227639547,0.002421134704
2777,0.002312142053,0.002490741841
2778,0.002452693792,0.002722450561
2779,0.002533331775,0.002616051788
2780,0.002329121751,0.002297197832
2781,0.002501810566,0.002474467445
2782,0.002432698107,0.002430424458
2783,0.002311602453,0.002542315749
2784,0.002429950691,0.002639298706
2785,0.002416794014,0.00252708589
2786,0.002602133289,0.002374542892
2787,0.002281185225,0.002672730625
2788,0.002856218431,0.002231454389
2789,0.002119881858,0.002126883628
2790,0.002328332048,0.002465970611
2791,0.002384772029,0.002518374327
2792,0.002878039377,0.002468822393
2793,0.002449290303,0.002284236703
2794,0.002277940657,0.002482995915
2795,0.002791875449,0.002699818477
2796,0.002531837177,0.002455453767
2797,0.002116097152,0.002322876942
2798,0.002513540996,0.002546673437
2799,0.002222390598,0.002490409155
2800,0.002630686329,0.002717660245
2801,0.002328264382,0.002605959278
2802,0.002439678414,0.002002422421
2803,0.002417561947,0.002509407248
2804,0.002595629252,0.002657361212
2805,0.002272989455,0.002109248089
2806,0.002567727657,0.002169886648
2807,0.002279910797,0.002204015109
2808,0.002741901728,0.002497745125
2809,0.002430296343,0.002239311929
2810,0.0023770892,0.00254372746
2811,0.002613482153,0.002573449747
2812,0.002343342494,0.002611897915
2813,0.002323958441,0.00268492414
2814,0.002341656786,0.002473768953
2815,0.002130979658,0.002523940071
2816,0.002530109021,0.002349663118
2817,0.002217414643,0.002598780644
2818,0.002366347122,0.002318328727
2819,0.002432735826,0.002632242496
2820,0.002337515238,0.002677961224
2821,0.002417801443,0.002105558771
2822,0.002933590236,0.002289800555
2823,0.002350086681,0.002246446762
2824,0.00233872197,0.002568599331
2825,0.002593990415,0.002514393855
2826,0.002545187963,0.00252694427
2827,0.002211881234,0.002660259197
2828,0.00209377626,0.002426472507
2829,0.002586941817,0.002007873481
2830,0.002532821905,0.002659120626
2831,0.002527705816,0.002545755808
2832,0.002435639064,0.002165261336
2833,0.002252419989,0.002549685509
2834,0.002463465746,0.002251806596
2835,0.002770503692,0.002491884938
2836,0.002459505093,0.002420514822
2837,0.002283822439,0.002413831913
2838,0.00258532993,0.002119308861
2839,0.002322446526,0.002552622085
2840,0.00207069052,0.002423204773
2841,0.002465711412,0.0024609947
2842,0.002357586985,0.002727126557
2843,0.002230311773,0.00244965899
2844,0.00236777337,0.002530708283
2845,0.002597293511,0.002658168931
2846,0.002525748729,0.00245273461
2847,0.002356740471,0.002512362844
2848,0.002337018508,0.002291575292
2849,0.002407098189,0.002602289896
2850,0.002456096176,0.002278463668
2851,0.002590661461,0.002413121183
2852,0.002571013683,0.002147174804
2853,0.002611588628,0.002271031059
2854,0.002384551379,0.002382360035
2855,0.002189464707,0.002460126401
2856,0.0022876367,0.002085182728
2857,0.002182012147,0.002897556988
2858,0.002352467025,0.002827425196
2859,0.002443016827,0.002518795518
2860,0.002209256112,0.002488460246
2861,0.002416790638,0.002398418001
2862,0.002368182293,0.002743965815
2863,0.002693387607,0.002270110053
2864,0.002733428002,0.002076648903
2865,0.002334910372,0.002318259823
2866,0.002521589049,0.002622523883
2867,0.002518741661,0.002468749371
2868,0.002452911605,0.002294900652
2869,0.002498919668,0.001962431968
2870,0.002634336648,0.00224560585
2871,0.00223810281,0.002347788148
2872,0.002101579841,0.002619273291
2873,0.002155362279,0.002121802114
2874,0.002449905645,0.002528531171
2875,0.00229933417,0.00231324487
2876,0.002502398187,0.002470968626
2877,0.002339494618,0.002175524787
2878,0.002210051156,0.00234161652
2879,0.002483308199,0.002117929951
2880,0.00274027267,0.002574704849
2881,0.002321259366,0.001839048142
2882,0.00213319507,0.002407641878
2883,0.002456172384,0.002643053391
2884,0.002451558248,0.002254315972
2885,0.002434252689,0.002457944938
2886,0.002248013916,0.002293429308
2887,0.002672071045,0.002560074092
2888,0.002289668584,0.002309396092
2889,0.00248769371,0.002435955248
2890,0.00271499189,0.002080998835
2891,0.002195866371,0.002398289405
2892,0.002239754846,0.002454493413
2893,0.002280344575,0.002184852099
2894,0.002460777672,0.00262928856
2895,0.00229080701,0.002490120882
2896,0.002612507116,0.002280046028
2897,0.002480539522,0.002515226486
2898,0.002295102066,0.002693079237
2899,0.002550522389,0.00264255768
2900,0.002184095676,0.002651074668
2901,0.002587382682,0.002465999511
2902,0.002429803557,0.002340406485
2903,0.002269292148,0.002635975528
2904,0.002464907811,0.002376535296
2905,0.002535674997,0.00231980985
2906,0.002216718523,0.002125517261
2907,0.002517715431,0.002222586481
2908,0.002414095943,0.002784895172
2909,0.002400333906,0.002546951815
2910,0.002055041143,0.002368975009
2911,0.00239490153,0.002401410442
2912,0.002477671689,0.001996365158
2913,0.002359630365,0.002181014104
2914,0.002406941392,0.002062305561
2915,0.002514860927,0.002389599336
2916,0.002302188499,0.002186387646
2917,0.002399011806,0.002408134038
2918,0.002482123033,0.002580192071
2919,0.002408235363,0.002533510124
2920,0.002411028196,0.00209962402
2921,0.002713529437,0.002280664543
2922,0.002254961189,0.001992224919
2923,0.002270035067,0.002582964604
2924,0.002328414717,0.002375245764
2925,0.002209900384,0.002315463382
2926,0.002378727426,0.002615738049
2927,0.002345179339,0.002206460122
2928,0.002680265752,0.002409122797
2929,0.002711368725,0.00265096323
2930,0.002468876119,0.002129291228
2931,0.002508318023,0.002553352242
2932,0.002574768238,0.002654538024
2933,0.002214637236,0.002349227216
2934,0.002449935098,0.002435679446
2935,0.002323042878,0.002216970737
2936,0.002411257839,0.002083829648
2937,0.002287502954,0.002013152014
2938,0.002315008576,0.002016072962
2939,0.002462041593,0.002536696978
2940,0.002075054406,0.003025151178
2941,0.002293973419,0.002486229278
2942,0.002481110714,0.00254933798
2943,0.002377314973,0.002239011475
2944,0.002618069644,0.002384246473
2945,0.00237864838,0.002519981179
2946,0.002183390621,0.002374260614
2947,0.002038726001,0.002267185642
2948,0.002559230692,0.002466559265
2949,0.002379310405,0.002400777987
2950,0.002492377505,0.002227133315
2951,0.002414747098,0.002140555094
2952,0.002284553368,0.002099749094
2953,0.00238624349,0.00226956408
2954,0.002114782532,0.002673688548
2955,0.002317342733,0.002510313498
2956,0.002418892924,0.002355873963
2957,0.002202420714,0.002347981179
2958,0.002526568656,0.00210725436
2959,0.002333610362,0.002338459017
2960,0.002519450994,0.002374852891
2961,0.002065091525,0.002302422698
2962,0.002341738218,0.002313480843
2963,0.002239043402,0.002365094449
2964,0.00250896228,0.002613480465
2965,0.002046527719,0.002263375965
2966,0.002319648076,0.002281011242
2967,0.002363924214,0.002505108161
2968,0.002581518012,0.002413275026
2969,0.002499158043,0.002684951731
2970,0.002203514334,0.002096145487
2971,0.002208730613,0.002398317069
2972,0.002230855476,0.002485640071
2973,0.002235991647,0.002418067073
2974,0.002275853549,0.00253449766
2975,0.002354913275,0.002445287595
2976,0.002288317046,0.002637215744
2977,0.002311060409,0.002604001522
2978,0.002157493436,0.002164030229
2979,0.002340738691,0.002625126828
2980,0.002199406765,0.002040004998
2981,0.002532453043,0.002483839082
2982,0.002578101674,0.00227234709
2983,0.002319376756,0.002262450042
2984,0.002383224681,0.001999604065
2985,0.002028887873,0.002307647315
2986,0.002360948085,0.002313191406
2987,0.001982089147,0.002494132292
2988,0.002282443937,0.002511863713
2989,0.002179206946,0.001968685407
2990,0.00196745478,0.002236195738
2991,0.002484956523,0.002411652094
2992,0.002035358833,0.002819348942
2993,0.002028138158,0.002187018414
2994,0.00234047421,0.002287322946
2995,0.002203366501,0.002252377308
2996,0.002178177223,0.002103905368
2997,0.00214470124,0.002266902506
2998,0.001886611164,0.002717288968
2999,0.002318808503,0.002415544397
3000,0.002152846122,0.002354289536
3001,0.002696100128,0.002156872128
3002,0.002208118851,0.002443414269
3003,0.002270895682,0.00244490875
3004,0.002372578412,0.002381966493
3005,0.002452400135,0.00207112178
3006,0.002290287943,0.002490687242
3007,0.002306171882,0.002149812863
3008,0.002281787747,0.002577725536
3009,0.002190495332,0.002467793413
3010,0.002414568284,0.002460391668
3011,0.002227270714,0.002294413629
3012,0.001994657214,0.002073174255
3013,0.002319360472,0.002453109599
3014,0.002290201242,0.002394276569
3015,0.002365227861,0.002242168062
3016,0.002425003462,0.002089702597
3017,0.002256236781,0.002208672289
3018,0.002236942848,0.002302544424
3019,0.002102001148,0.002206378515
3020,0.002369454887,0.002504039992
3021,0.00208741831,0.002442048732
3022,0.002210089151,0.001950774968
3023,0.002140681376,0.002018494357
3024,0.002228151207,0.002649722941
3025,0.002505802826,0.002007643983
3026,0.0022413509,0.002264827766
3027,0.002330589385,0.002416637624
3028,0.002229536738,0.002377923083
3029,0.002253710365,0.002413970826
3030,0.002317081628,0.002195055073
3031,0.002271431164,0.002374372314
3032,0.002251998507,0.002312798984
3033,0.002347292,0.002369544993
3034,0.002064510627,0.002296452061
3035,0.002336394973,0.002223975011
3036,0.00205505293,0.002613337158
3037,0.002155191571,0.002246691016
3038,0.002457085735,0.002256601176
3039,0.002168066261,0.002226865676
3040,0.002402601414,0.00233580159
3041,0.001900230287,0.002065502384
3042,0.002153540816,0.002697201824
3043,0.002655170596,0.002103982348
3044,0.002227896155,0.002138740558
3045,0.002324099449,0.002215876622
3046,0.002054780256,0.002356131328
3047,0.002482840879,0.002138773867
3048,0.001991023382,0.002270531681
3049,0.002162003992,0.002146001236
3050,0.002315303296,0.002365038876
3051,0.00211849295,0.002273617298
3052,0.002487941441,0.002319529784
3053,0.002205116092,0.00189373277
3054,0.002212224252,0.002080738021
3055,0.002172315988,0.002536549175
3056,0.002391791277,0.002226967146
3057,0.002148353888,0.002134393784
3058,0.002181243195,0.002281645604
3059,0.002280859786,0.002511388258
3060,0.00222294635,0.002411479043
3061,0.002206937788,0.002688145862
3062,0.002317948776,0.002566372103
3063,0.002571137476,0.002119833516
3064,0.002125174462,0.002133095302
3065,0.002143505451,0.002142769677
3066,0.002506503995,0.002073988624
3067,0.002194566652,0.002262399372
3068,0.002133711459,0.001860327873
3069,0.002405940904,0.002511955827
3070,0.002223564952,0.002467829327
3071,0.002220306196,0.002102037659
3072,0.002267129399,0.00211720349
3073,0.002545367548,0.002153264766
3074,0.002341581683,0.002102166953
3075,0.002484636672,0.002036802136
3076,0.002264708673,0.001715950813
3077,0.002096148222,0.002074138014
3078,0.002061029139,0.002381864528
3079,0.002212690117,0.00235668075
3080,0.002240475995,0.002039494022
3081,0.002326315676,0.002232892992
3082,0.002498248927,0.00241857933
3083,0.002287838797,0.002273579987
3084,0.002297324041,0.002085623608
3085,0.002043805041,0.002097723293
3086,0.002108392655,0.002053282748
3087,0.002348874666,0.002600713051
3088,0.002538353845,0.002208580816
3089,0.002288041171,0.002111532318
3090,0.002093148796,0.001940834089
3091,0.002108378816,0.002218377049
3092,0.00229113517,0.002157313356
3093,0.002177893693,0.00232796307
3094,0.002110092348,0.002726578095
3095,0.002231383274,0.002184985657
3096,0.002169563086,0.002032808901
3097,0.002348489608,0.002067400448
3098,0.00217716326,0.002073419178
3099,0.00215369169,0.002036967722
3100,0.002322526139,0.001986119314
3101,0.002383077663,0.002343857195
3102,0.002562458511,0.002480668423
3103,0.002126124236,0.002335643832
3104,0.002524913129,0.002064969434
3105,0.001859853452,0.002346127192
3106,0.002084310254,0.002322579181
3107,0.001723689202,0.002324458357
3108,0.002210003833,0.002498703529
3109,0.002125843559,0.002236909262
3110,0.002661432314,0.002257545799
3111,0.00202598366,0.001965014875
3112,0.002220306618,0.002232139639
3113,0.002320088184,0.002137125295
3114,0.002171431304,0.002177461065
3115,0.002191367908,0.00208862657
3116,0.001959514033,0.002312738274
3117,0.002327465554,0.002284145216
3118,0.002312573866,0.002283411974
3119,0.002243909898,0.002063175329
3120,0.002184560261,0.002238209912
3121,0.002075083743,0.00231340625
3122,0.002249027544,0.002136262541
3123,0.002100070589,0.001960064663
3124,0.002168944193,0.002190795305
3125,0.002086486013,0.002088649184
3126,0.00245387858,0.002017451523
3127,0.002246117554,0.00211425664
3128,0.00252400976,0.002433312809
3129,0.002207367172,0.001933435706
3130,0.002115458075,0.002194136207
3131,0.001931350198,0.002201993659
3132,0.002048414273,0.002211443658
3133,0.001827746906,0.002314543846
3134,0.002087848654,0.00221286148
3135,0.002288380274,0.002020385757
3136,0.002232326529,0.002320280386
3137,0.002252874096,0.001971429287
3138,0.002288622883,0.002007743591
3139,0.002174870926,0.002384002612
3140,0.002179102579,0.002112000599
3141,0.001982572547,0.002094767537
3142,0.001987059164,0.002186588856
3143,0.002112970775,0.002194776331
3144,0.002025052163,0.002423552985
3145,0.002179435294,0.002382289851
3146,0.002175958449,0.002199550378
3147,0.002161330878,0.002347068323
3148,0.002294899285,0.002564488852
3149,0.002236963643,0.002281780908
3150,0.002018786719,0.002497437876
3151,0.002003697227,0.001956798296
3152,0.00238442744,0.002060231098
3153,0.00223177523,0.002307383096
3154,0.002412644229,0.002177436851
3155,0.001933879903,0.002144364902
3156,0.002148604151,0.00195082456
3157,0.002059458595,0.00231478404
3158,0.002093520234,0.002233457868
3159,0.002140320852,0.002130178967
3160,0.002105576088,0.002289838027
3161,0.0025522551,0.001913564935
3162,0.001972460537,0.002101716687
3163,0.002098437209,0.002002790468
3164,0.002139370132,0.002327713242
3165,0.002207259909,0.002109038091
3166,0.002233212173,0.002023016132
3167,0.002132320078,0.001942151255
3168,0.002146285216,0.002493435473
3169,0.002259600369,0.001896629692
3170,0.002068674425,0.002290385877
3171,0.00236124103,0.002298883672
3172,0.002264107505,0.001931956358
3173,0.002038317674,0.002245797004
3174,0.002225290853,0.001904143908
3175,0.002121701618,0.002267851451
3176,0.002189410676,0.002363315522
3177,0.002275086415,0.002081416154
3178,0.002189673687,0.002433753936
3179,0.001919615795,0.002014152182
3180,0.002525001735,0.002249423414
3181,0.00221721,0.002254408129
3182,0.002445446269,0.002196695335
3183,0.002197035399,0.00210992308
3184,0.002085532222,0.001920942901
3185,0.002201339958,0.001996902458
3186,0.002247971308,0.002227682315
3187,0.002146419487,0.002116865886
3188,0.002189761391,0.002129959423
3189,0.002167498285,0.002072957985
3190,0.002298629028,0.002015835984
3191,0.002190061554,0.002030382035
3192,0.002224219512,0.001968278782
3193,0.002252776772,0.002060810482
3194,0.002130302382,0.001706340641
3195,0.001993066122,0.002244579096
3196,0.002167559986,0.002111270718
3197,0.002254224208,0.001863602331
3198,0.002324336965,0.00219942462
3199,0.002232103536,0.001979842476
3200,0.002065829583,0.00220448029
3201,0.002015918508,0.002110749891
3202,0.001776824502,0.002032804783
3203,0.002022941291,0.001823019426
3204,0.002126733423,0.002133936534
3205,0.00240430476,0.002077697456
3206,0.002115703479,0.001901377138
3207,0.001867705505,0.001907931801
3208,0.001823181025,0.002225871547
3209,0.001989521625,0.002039058498
3210,0.001999129701,0.002178487121
3211,0.002090368202,0.002142072801
3212,0.002361713909,0.001960649563
3213,0.002056298501,0.002357271078
3214,0.002267354357,0.00199665963
3215,0.001914924709,0.002127850254
3216,0.002132613445,0.001914073451
3217,0.00196800541,0.001978684013
3218,0.002060108745,0.002687386252
3219,0.002261768561,0.00183680981
3220,0.00202288563,0.002274765386
3221,0.001971801423,0.002125228624
3222,0.002130531604,0.002206533929
3223,0.002085617438,0.001952450097
3224,0.001924489232,0.002332957418
3225,0.002331358788,0.002453545036
3226,0.002250851656,0.001966849362
3227,0.002279154141,0.002111948314
3228,0.002370449307,0.002075472366
3229,0.002011996708,0.001854753784
3230,0.002083818021,0.002340935622
3231,0.001876080365,0.002216309265
3232,0.002083978383,0.001912259526
3233,0.001980100555,0.002145861174
3234,0.001972869548,0.002392251947
3235,0.002187593185,0.002099537567
3236,0.002071091818,0.001821941056
3237,0.002268899829,0.002109427704
3238,0.002213295564,0.001887656996
3239,0.002204414137,0.002205339144
3240,0.002123993516,0.001981210982
3241,0.001841583333,0.001997955085
3242,0.002111504538,0.001968106313
3243,0.002046018199,0.002292601188
3244,0.002220014241,0.001957251516
3245,0.002214674794,0.002179258372
3246,0.00200857273,0.001717713298
3247,0.001869193322,0.002172006134
3248,0.001867807412,0.002140610712
3249,0.002023612222,0.001857278112
3250,0.002184312645,0.00211740825
3251,0.002244888543,0.002244965624
3252,0.001863259415,0.001769820592
3253,0.002151374094,0.001959936548
3254,0.002044500099,0.00204456615
3255,0.002061047955,0.001893025881
3256,0.002126190491,0.002118661941
3257,0.001789297123,0.002350141076
3258,0.002319755135,0.002186314756
3259,0.002202761621,0.002308182069
3260,0.002453610054,0.002051030664
3261,0.002140589946,0.002055186356
3262,0.001852556932,0.001625857651
3263,0.002137176576,0.002041763699
3264,0.00202842096,0.001782131716
3265,0.002277142688,0.001925162011
3266,0.00209477426,0.00192181491
3267,0.002017970764,0.001994699749
3268,0.001955145504,0.002171323809
3269,0.002309630072,0.002217021174
3270,0.002123024213,0.002231397724
3271,0.002017320687,0.00181682111
3272,0.002112197108,0.002026042202
3273,0.002125494721,0.002079772079
3274,0.001942924777,0.001780401537
3275,0.001764491986,0.002100699538
3276,0.001838161828,0.002181006392
3277,0.001865739352,0.001890462925
3278,0.002063420834,0.002278435888
3279,0.001977109496,0.002212258332
3280,0.001889909574,0.002211961997
3281,0.001810221467,0.002050391297
3282,0.002112805232,0.001771226584
3283,0.002046099311,0.002249536177
3284,0.002068805086,0.002297455634
3285,0.002157831914,0.001740276333
3286,0.002230238126,0.002053016564
3287,0.001887086866,0.002125601939
3288,0.001923500764,0.001880113588
3289,0.001972600221,0.00186403851
3290,0.002139576551,0.002295039507
3291,0.00178432645,0.001984882227
3292,0.00204320086,0.002076899298
3293,0.002032616292,0.001851941735
3294,0.001970265526,0.002115710537
3295,0.002078954203,0.002253737344
3296,0.001992020101,0.002045982183
3297,0.001964310053,0.001843437494
3298,0.002039058323,0.001984529095
3299,0.001808516085,0.001742618333
3300,0.00198536519,0.002217445857
3301,0.002370066693,0.002090311827
3302,0.001917129557,0.001913674554
3303,0.002003122165,0.001827067696
3304,0.001900602423,0.001925430013
3305,0.002074916381,0.002004549809
3306,0.002552924212,0.001672612576
3307,0.002261275979,0.00194318073
3308,0.002133683258,0.002349759554
3309,0.002305267,0.002008880037
3310,0.002221935545,0.001783802916
3311,0.002190246276,0.002045297791
3312,0.001805436506,0.002186626836
3313,0.001905942423,0.002030406045
3314,0.001886633676,0.001949262747
3315,0.002102891507,0.001994549413
3316,0.001861813726,0.001929974678
3317,0.002149132895,0.001875179136
3318,0.001950212027,0.002169810497
3319,0.002012346289,0.002054771001
3320,0.001907694808,0.002132080393
3321,0.00203325045,0.001973659586
3322,0.001997525978,0.00183496697
3323,0.001998941909,0.001881758973
3324,0.001878158597,0.001768237213
3325,0.001986894466,0.00197309276
3326,0.002082608378,0.001935308246
3327,0.002174240275,0.002041202213
3328,0.002069191236,0.002063935564
3329,0.002086577078,0.001994493636
3330,0.002069126233,0.002145041901
3331,0.002060657236,0.001853244379
3332,0.002064594824,0.001793134157
3333,0.001945168595,0.002057672769
3334,0.001929822058,0.002098376164
3335,0.001727370967,0.001785628308
3336,0.002174879817,0.001848737738
3337,0.001925992139,0.00178744275
3338,0.002074440796,0.002274301936
3339,0.002026253773,0.00180654935
3340,0.002189424267,0.001740240899
3341,0.001981686641,0.002033639001
3342,0.001635565553,0.001907349841
3343,0.002128935477,0.002200533403
3344,0.001875039816,0.00208488325
3345,0.00199049573,0.001789345755
3346,0.002116619056,0.001906775797
3347,0.002160095464,0.001748823182
3348,0.002057753445,0.001881569508
3349,0.002041875152,0.001889492953
3350,0.002169168496,0.001865462065
3351,0.001960129492,0.001647613215
3352,0.001939837864,0.001881859891
3353,0.001864260543,0.001852961097
3354,0.001934708329,0.002091198039
3355,0.001790917726,0.001891813139
3356,0.002104107334,0.00186746291
3357,0.002276011772,0.002040712468
3358,0.002198624235,0.002162135046
3359,0.00179467439,0.001871553119
3360,0.001663212941,0.001804479441
3361,0.002210076011,0.002170968102
3362,0.001838900615,0.00177151442
3363,0.001757980528,0.001568228749
3364,0.001756341066,0.001714000522
3365,0.00215453851,0.002217300702
3366,0.001820904945,0.001927160018
3367,0.002342500084,0.001549798326
3368,0.001892208398,0.001958121327
3369,0.002335729092,0.001767367488
3370,0.001936828412,0.002235797307
3371,0.001739159081,0.002170970256
3372,0.002000357781,0.002035964397
3373,0.001875196205,0.001916620502
3374,0.001884454818,0.00183960807
3375,0.001801914303,0.002225303193
3376,0.001858203133,0.002183147226
3377,0.002015109116,0.00187416251
3378,0.001897715163,0.002212854
3379,0.001961600181,0.001933625696
3380,0.00170591801,0.001903169381
3381,0.00201551299,0.002422887017
3382,0.001923424687,0.001935468448
3383,0.001859866286,0.001776713136
3384,0.002133176706,0.001887954801
3385,0.002375789525,0.001821627608
3386,0.002078035861,0.001698634369
3387,0.002109447363,0.002219730522
3388,0.001832219976,0.002078871679
3389,0.001606764112,0.00216587157
3390,0.002244253192,0.002030390155
3391,0.001624711818,0.001843542501
3392,0.001986833959,0.002099148158
3393,0.001966005424,0.001799280901
3394,0.002099794583,0.002057308695
3395,0.00204555066,0.00183954135
3396,0.002064290966,0.001751097181
3397,0.001903146112,0.002143435515
3398,0.001857630923,0.001801573235
3399,0.001990427132,0.001602417193
3400,0.002030802207,0.002056983096
3401,0.002028672534,0.001686263495
3402,0.002049098432,0.00201307454
3403,0.001775143202,0.002036345497
3404,0.002156189134,0.001935280161
3405,0.001995462866,0.002024078029
3406,0.002085827538,0.001713903664
3407,0.001803489213,0.00184082755
3408,0.002015438382,0.002068164118
3409,0.002091797214,0.002124650506
3410,0.002115014737,0.00218620013
3411,0.001782080741,0.001698490742
3412,0.001877544375,0.001769444236
3413,0.001851053516,0.002049104078
3414,0.001988522679,0.001578276497
3415,0.001927914316,0.001966287105
3416,0.002220241746,0.002022869536
3417,0.001926251047,0.002144423663
3418,0.001825295694,0.002061810068
3419,0.001824007108,0.002128848049
3420,0.001820855468,0.001929456776
3421,0.001824630875,0.002005866903
3422,0.001804372921,0.00185057096
3423,0.002275245948,0.001826905645
3424,0.002058509883,0.001892625514
3425,0.001680803805,0.001680711182
3426,0.002056046505,0.002168647436
3427,0.001792647075,0.001931663734
3428,0.001952097562,0.00187373381
3429,0.001802793791,0.00185008203
3430,0.001574464666,0.001807312714
3431,0.002024401459,0.001871294065
3432,0.002137216943,0.002125203464
3433,0.001907787926,0.001703619986
3434,0.001692644131,0.001976192645
3435,0.002165801547,0.001923786112
3436,0.002171165179,0.002154128975
3437,0.001899487528,0.001993993064
3438,0.001990331933,0.001902942429
3439,0.00177444522,0.001744469977
3440,0.002028569565,0.001651040089
3441,0.001944711621,0.00167733313
3442,0.002033217155,0.001862412319
3443,0.001934657994,0.002306946568
3444,0.00191927042,0.001751373624
3445,0.001600335992,0.001619676143
3446,0.001898797753,0.001958662193
3447,0.002012804354,0.002139413438
3448,0.002238610381,0.001889111794
3449,0.002215433939,0.002099128556
3450,0.001827501765,0.001868422929
3451,0.002278067928,0.001799327714
3452,0.001716787447,0.001904967721
3453,0.001945849894,0.00192222606
3454,0.001874189897,0.001787202928
3455,0.001943722076,0.001986144271
3456,0.001907600148,0.001875724643
3457,0.001765260589,0.001710382916
3458,0.001972716796,0.001579365911
3459,0.001737883009,0.001916446068
3460,0.001706738374,0.001762231994
3461,0.001866203791,0.00183086365
3462,0.00180730554,0.001816182019
3463,0.002114421804,0.001751261807
3464,0.001896826419,0.001738486375
3465,0.001960603273,0.001988399366
3466,0.001981522786,0.002091650284
3467,0.00194612534,0.001793013595
3468,0.001719626162,0.001818986675
3469,0.001790781753,0.002016034225
3470,0.001918717273,0.001916807712
3471,0.001782444393,0.001469840485
3472,0.001958345179,0.00200698385
3473,0.00183843718,0.001819604055
3474,0.001812766015,0.00192199889
3475,0.001831813759,0.001851699388
3476,0.001944695105,0.001951916711
3477,0.001889997991,0.001976654516
3478,0.001876446375,0.00166320501
3479,0.001841182617,0.002005020782
3480,0.002067112684,0.001985371069
3481,0.001949886879,0.001732039258
3482,0.001994393155,0.00211079749
3483,0.001849909691,0.001916979876
3484,0.002133323142,0.001698358683
3485,0.002061489897,0.001811634924
3486,0.002015918013,0.001706430528
3487,0.001692279722,0.001936706598
3488,0.002106615793,0.002131551548
3489,0.00186605427,0.002361276885
3490,0.001662422903,0.001664432522
3491,0.001729913463,0.001657664601
3492,0.001836173018,0.001864879057
3493,0.001877024974,0.001905665937
3494,0.001856784802,0.00174538228
3495,0.001760996369,0.001988740551
3496,0.001974462532,0.00190748414
3497,0.002001763292,0.001673327803
3498,0.001979277076,0.001578736963
3499,0.001924921162,0.001788270441
3500,0.002111042239,0.001703553076
3501,0.002162547607,0.001682175789
3502,0.001839386197,0.002076918361
3503,0.002097323595,0.001867041283
3504,0.001870614855,0.001902476535
3505,0.001739435393,0.001813665993
3506,0.001852852947,0.001917604197
3507,0.001775138619,0.001842063139
3508,0.001660419424,0.00165868277
3509,0.001727377457,0.001894492409
3510,0.001792287614,0.002007791976
3511,0.002058318743,0.001946328804
3512,0.001896223825,0.001631755513
3513,0.001690948891,0.001599759082
3514,0.001913160333,0.001880892014
3515,0.001835567164,0.00157035829
3516,0.001817241558,0.00163421029
3517,0.001720663699,0.001726362621
3518,0.001825072177,0.001826348671
3519,0.001901850876,0.001908608217
3520,0.001780065475,0.002010870739
3521,0.001806990404,0.001702550173
3522,0.001724067537,0.001900072442
3523,0.001605485057,0.00189105513
3524,0.001841387362,0.00176300267
3525,0.00192846889,0.001952874562
3526,0.001825243555,0.001893686698
3527,0.002070240647,0.001595489855
3528,0.002045479559,0.001559709577
3529,0.001869908112,0.001907981539
3530,0.001981927067,0.002272755708
3531,0.001853106834,0.001486660083
3532,0.00172210687,0.001738590348
3533,0.001971554739,0.001833702569
3534,0.001789355869,0.00184353839
3535,0.002131589426,0.001917502916
3536,0.001694191262,0.001874146445
3537,0.001868480802,0.001936606262
3538,0.001987267562,0.001753136516
3539,0.001977074717,0.00170700546
3540,0.001852575821,0.00174088066
3541,0.001664950352,0.001613506072
3542,0.0015878946,0.00153390161
3543,0.001866149541,0.001700972847
3544,0.002056252153,0.00165570894
3545,0.002024430039,0.001788718524
3546,0.00178015788,0.001620747818
3547,0.001854714777,0.001817932935
3548,0.001822082937,0.001784410299
3549,0.001791785689,0.001872926165
3550,0.001909350147,0.001901152027
3551,0.001576386145,0.001955103216
3552,0.001914716355,0.001724441769
3553,0.001983810609,0.001306664693
3554,0.001748282433,0.001746115639
3555,0.001981666181,0.001811481299
3556,0.00180731836,0.001713120961
3557,0.002011731965,0.001973171864
3558,0.001908714403,0.001690645033
3559,0.001751369215,0.001657205532
3560,0.001782232386,0.001653992906
3561,0.001819762925,0.00160465698
3562,0.001770165152,0.001871955392
3563,0.001857579351,0.001806409986
3564,0.002041475556,0.002005542003
3565,0.00196957092,0.00145164541
3566,0.001689366269,0.001535207906
3567,0.001729374693,0.001714617552
3568,0.001713829915,0.00158956724
3569,0.001833212038,0.001711704084
3570,0.002012542318,0.001691368903
3571,0.001715899227,0.001717005696
3572,0.001868652762,0.001690805439
3573,0.001758016253,0.001613841363
3574,0.001797855235,0.001819378362
3575,0.001699353816,0.002164117905
3576,0.001962888287,0.001875830858
3577,0.001702062451,0.001614176319
3578,0.001660144844,0.001684658055
3579,0.002089536123,0.002039163737
3580,0.001853526701,0.001507064226
3581,0.001725752474,0.0017744488
3582,0.001711307588,0.001669559322
3583,0.001700804234,0.001761657913
3584,0.001767288573,0.001616065201
3585,0.002028885778,0.001490435883
3586,0.001925581251,0.001733145502
3587,0.001722141518,0.001875225018
3588,0.001698617052,0.001425335184
3589,0.001675082822,0.00177559047
3590,0.001894777903,0.002065155102
3591,0.00165809496,0.001911292406
3592,0.002016212326,0.001560567543
3593,0.001847844105,0.001732496574
3594,0.001940149334,0.001706301089
3595,0.002130971014,0.001835398492
3596,0.001707937394,0.001710031094
3597,0.001737873201,0.001534057665
3598,0.00197509212,0.002029981726
3599,0.001681863418,0.001813849682
3600,0.001939738606,0.001818877761
3601,0.001835917312,0.001883534918
3602,0.001800805985,0.001472642092
3603,0.001928368307,0.001821819998
3604,0.001785341388,0.00157524339
3605,0.001828799621,0.001758771599
3606,0.001760075931,0.001933154985
3607,0.001941755734,0.00168336794
3608,0.001962407376,0.001812184637
3609,0.001801750812,0.001514554402
3610,0.00157908391,0.001698471693
3611,0.001644252494,0.001533562259
3612,0.001992099555,0.002002616966
3613,0.001577517251,0.001712250276
3614,0.001848773478,0.001613070126
3615,0.001794949858,0.001749764764
3616,0.001823274273,0.001589723164
3617,0.001827828339,0.001766706802
3618,0.001646408033,0.001522340535
3619,0.001697821979,0.001908474893
3620,0.001687868498,0.001652085877
3621,0.00175447535,0.00173618336
3622,0.001749043658,0.001635403903
3623,0.001916614827,0.001556623785
3624,0.001745287715,0.001486086359
3625,0.001810781192,0.001727597148
3626,0.001793190007,0.001610313717
3627,0.001655119049,0.001725606868
3628,0.001818568329,0.001797335251
3629,0.001472892414,0.002199282069
3630,0.001712082769,0.001993605882
3631,0.001671087492,0.001642015384
3632,0.001857862037,0.001707258256
3633,0.001908561535,0.001708290336
3634,0.001719566921,0.00189970588
3635,0.00183259265,0.001505926091
3636,0.001736714607,0.001780513892
3637,0.001701909889,0.001886265876
3638,0.001656647684,0.001710364173
3639,0.001751733522,0.001905559562
3640,0.001878226016,0.001424322429
3641,0.002079364276,0.001689862096
3642,0.001828964174,0.001562399804
3643,0.001948103833,0.00158039463
3644,0.001600475778,0.001834887822
3645,0.001694406732,0.00170136083
3646,0.001768649003,0.001994517923
3647,0.001736677492,0.001580905679
3648,0.001667908276,0.001555770017
3649,0.001837004311,0.001700661058
3650,0.00187689079,0.00161991753
3651,0.001867023762,0.001665953416
3652,0.001675673455,0.001532428287
3653,0.001696340521,0.001693597624
3654,0.00183649527,0.001826558859
3655,0.001635976034,0.00188035889
3656,0.001854293834,0.001554062561
3657,0.001577691815,0.001594480767
3658,0.00196595717,0.001661965107
3659,0.001794816781,0.001730901073
3660,0.00178281196,0.001761371896
3661,0.0017248644,0.001802160768
3662,0.001600707503,0.001733937839
3663,0.001659709349,0.001831199028
3664,0.001774391814,0.001577673072
3665,0.001698013715,0.00169984893
3666,0.001602824006,0.001698916705
3667,0.001903585755,0.001453555451
3668,0.002020133979,0.001626889876
3669,0.001878117881,0.001513167896
3670,0.001893872643,0.001442405752
3671,0.001839702556,0.001607529382
3672,0.001524157589,0.001948543766
3673,0.001745367423,0.001776064339
3674,0.00180321568,0.00156404842
3675,0.001702485402,0.001633874228
3676,0.00175443702,0.00169390376
3677,0.001519857018,0.001767090143
3678,0.001679853187,0.001591737149
3679,0.001694123363,0.001533444927
3680,0.001757350983,0.001674500556
3681,0.001566007384,0.001739715357
3682,0.001630988714,0.001520663791
3683,0.001752529075,0.001659785383
3684,0.001687921671,0.001687226933
3685,0.001803606705,0.00166097263
3686,0.001577442905,0.001945546785
3687,0.001683914437,0.001508000365
3688,0.001592852015,0.001679349327
3689,0.002041102605,0.002002366135
3690,0.001758066297,0.001594697984
3691,0.001596454604,0.001453337041
3692,0.001578061172,0.001635974564
3693,0.001859617099,0.001881004457
3694,0.001706778348,0.001804753279
3695,0.001640202157,0.001794967175
3696,0.001787123038,0.001593039618
3697,0.00151623039,0.00198989475
3698,0.001674833518,0.001464603425
3699,0.00172372708,0.0017247059
3700,0.00153313046,0.001659190573
3701,0.002057496502,0.001571139219
3702,0.001889354491,0.001488543014
3703,0.001770108531,0.001673583727
3704,0.001786679117,0.001770223447
3705,0.001680719812,0.001817751341
3706,0.001766785776,0.001515081298
3707,0.001720520755,0.001519572877
3708,0.001635408946,0.001582872719
3709,0.001957293513,0.001658196212
3710,0.001789028523,0.001449491625
3711,0.001622391137,0.001512625677
3712,0.001849500128,0.00164881855
3713,0.001873621528,0.00151096817
3714,0.001652105944,0.001637793539
3715,0.001761227424,0.001814202406
3716,0.001941548398,0.002089813846
3717,0.001792235329,0.001697371947
3718,0.001779285638,0.001639406706
3719,0.001365507967,0.001532884009
3720,0.00153478283,0.001520154881
3721,0.001775762677,0.001612311396
3722,0.001650558188,0.001380506321
3723,0.001557947544,0.001353282802
3724,0.001687594689,0.001837022457
3725,0.001656324195,0.001667797231
3726,0.001808215209,0.001766897607
3727,0.001678391011,0.001823966522
3728,0.001719469015,0.001617700531
3729,0.001842461425,0.001559502183
3730,0.001691070604,0.001765884197
3731,0.001930353028,0.001673695631
3732,0.001739485029,0.001658554407
3733,0.001697587853,0.001752533964
3734,0.001580266093,0.001481570958
3735,0.001591157474,0.001584889847
3736,0.001685431591,0.002111375696
3737,0.001720357192,0.001640087779
3738,0.001732601231,0.001820072925
3739,0.001750694399,0.001640840637
3740,0.001360883354,0.001703789312
3741,0.00179457062,0.002069111972
3742,0.001519961457,0.001699785396
3743,0.001580202312,0.001482334876
3744,0.001924301017,0.001477547739
3745,0.001765251844,0.001488459573
3746,0.001589750129,0.001424292372
3747,0.001691624566,0.001837525124
3748,0.001708136377,0.001563790545
3749,0.001783996049,0.001659575675
3750,0.001830144931,0.001569972577
3751,0.001722212663,0.00161773841
3752,0.001794415846,0.001642673102
3753,0.001769255206,0.001728706338
3754,0.001631571242,0.001567508567
3755,0.001585753926,0.001527810069
3756,0.001821278129,0.00168213193
3757,0.001770920644,0.001370253653
3758,0.00176790345,0.00181205626
3759,0.00166780586,0.001833841525
3760,0.00177363315,0.001912111635
3761,0.001557406969,0.001443780959
3762,0.00182504738,0.001620628427
3763,0.001717658699,0.001683978582
3764,0.001725210299,0.001836766503
3765,0.001916858368,0.001631162275
3766,0.001667691875,0.001992027464
3767,0.001751675998,0.001760291518
3768,0.001709215707,0.001385361
3769,0.001685555835,0.001655875225
3770,0.001959760557,0.001414995553
3771,0.001943449184,0.001592052329
3772,0.001700982742,0.001389928657
3773,0.001550061643,0.001592012341
3774,0.001665017931,0.001483433938
3775,0.001547153151,0.001609205909
3776,0.001771384239,0.00155984734
3777,0.001653890402,0.001610706793
3778,0.001596850765,0.001553885333
3779,0.001704047303,0.001662767965
3780,0.0016805739,0.001700828507
3781,0.001598877279,0.001543122664
3782,0.001499969119,0.001665064075
3783,0.001570756183,0.001377133332
3784,0.001695346247,0.001491663032
3785,0.001457982362,0.001499018777
3786,0.001749980511,0.001532810791
3787,0.001810292422,0.001494321696
3788,0.001830979454,0.001507069552
3789,0.001916800102,0.001664358992
3790,0.001691638739,0.001644117292
3791,0.001556486633,0.001506685949
3792,0.001911068466,0.001535376097
3793,0.001915010216,0.001596044429
3794,0.001916041016,0.002033279336
3795,0.001796787808,0.00164595987
3796,0.001690510035,0.001474757373
3797,0.001375307562,0.001643095049
3798,0.00173863626,0.001452664255
3799,0.001490318566,0.001685362644
3800,0.001633926484,0.001594551533
3801,0.001810215239,0.00164157353
3802,0.001898284027,0.001643830619
3803,0.002113286988,0.001740217078
3804,0.00160980002,0.001747050381
3805,0.001704172493,0.001563698432
3806,0.001714950122,0.001611800093
3807,0.001815491036,0.001508970301
3808,0.001752361466,0.001571105233
3809,0.001584448706,0.001660980764
3810,0.001726928997,0.001533878254
3811,0.001503024934,0.001395022904
3812,0.001632257699,0.001770824805
3813,0.001659957794,0.001382038477
3814,0.001536822587,0.001490542287
3815,0.001501386272,0.001693009224
3816,0.00147981249,0.00133381028
3817,0.001605759186,0.001518173187
3818,0.001639503666,0.001336206682
3819,0.001698905224,0.001325232493
3820,0.001694228355,0.001817948913
3821,0.001836149793,0.001348673977
3822,0.001986458374,0.001537331482
3823,0.001459371822,0.001807068387
3824,0.002028821138,0.001485743807
3825,0.001446853887,0.0017454708
3826,0.001745269634,0.001787641508
3827,0.001405938514,0.002013290548
3828,0.001379502603,0.001546774103
3829,0.001677460183,0.001831139904
3830,0.001636437504,0.001395670624
3831,0.001508663961,0.001411178848
3832,0.001646629375,0.001691069163
3833,0.001952033184,0.001316994814
3834,0.001692453472,0.001481410261
3835,0.001465179099,0.001876737151
3836,0.001699253015,0.001442039982
3837,0.001592507004,0.001671877733
3838,0.001553899143,0.001536424701
3839,0.001464746441,0.001484543667
3840,0.001451968521,0.001650949067
3841,0.001594018744,0.001649227255
3842,0.001636120956,0.001599172188
3843,0.001550541056,0.001492027783
3844,0.001658903609,0.001655332017
3845,0.00160610392,0.001509629859
3846,0.001620319003,0.001547980428
3847,0.001960581387,0.001354622727
3848,0.001574917958,0.001504639906
3849,0.001416540115,0.001435974729
3850,0.001695318191,0.001237339384
3851,0.002036703649,0.001600503187
3852,0.001491611547,0.001794196331
3853,0.001613759567,0.001794560158
3854,0.001623635893,0.001765086359
3855,0.00159884998,0.001396175132
3856,0.001599029507,0.001428863965
3857,0.001662831244,0.001539411947
3858,0.001431764089,0.001789398477
3859,0.001558422358,0.001501838211
3860,0.001777301557,0.001505001579
3861,0.001674920291,0.001388399207
3862,0.001479067665,0.001524291278
3863,0.00158356929,0.001726926697
3864,0.001509814698,0.001489142676
3865,0.002123346319,0.001530258451
3866,0.001853548951,0.001470702016
3867,0.001718451589,0.001958791807
3868,0.001585030623,0.001616995898
3869,0.001780354098,0.001504742482
3870,0.00171429872,0.00149056701
3871,0.001620802985,0.001918878552
3872,0.001662795476,0.001592773631
3873,0.001548771441,0.001369877369
3874,0.001879281728,0.0015104185
3875,0.00163697364,0.001501010709
3876,0.001772117976,0.001347444115
3877,0.001709469929,0.001396552558
3878,0.001650108359,0.001778760095
3879,0.001619977018,0.001598574658
3880,0.001690411023,0.001367457218
3881,0.001641368755,0.001639343609
3882,0.001826791704,0.001596432194
3883,0.001531270034,0.00147872683
3884,0.00167880216,0.001647947967
3885,0.001627577891,0.001578946918
3886,0.001429452481,0.00143269336
3887,0.00136476093,0.001514780466
3888,0.001653554355,0.001585070801
3889,0.001797297038,0.001602468503
3890,0.001501824794,0.001494046162
3891,0.001809110341,0.001496872428
3892,0.001732805307,0.001533853218
3893,0.001526763226,0.00161528177
3894,0.001551380294,0.001362657684
3895,0.001783885513,0.001710914425
3896,0.001833931354,0.001674137195
3897,0.001573277841,0.001632234766
3898,0.001383134426,0.001467343965
3899,0.001647516881,0.001807769469
3900,0.001760732572,0.001335860237
3901,0.001460239793,0.001743137269
3902,0.001693397222,0.001311090658
3903,0.001506338929,0.001698273889
3904,0.001671824793,0.001403910952
3905,0.001420573273,0.001827709217
3906,0.00176595911,0.001471333329
3907,0.001539605932,0.001652762759
3908,0.001936139146,0.001620792362
3909,0.00157910111,0.001492545358
3910,0.001692976381,0.001379909954
3911,0.001388393532,0.001631955529
3912,0.001555550931,0.001606871068
3913,0.001543592269,0.001638364542
3914,0.001457769235,0.001724253932
3915,0.001680350411,0.001766328496
3916,0.00154513646,0.001394558654
3917,0.001593929235,0.001637039735
3918,0.001613044064,0.001490585673
3919,0.001608728926,0.001504120402
3920,0.00183406139,0.00148643108
3921,0.001481751373,0.001669528167
3922,0.001476950856,0.001661321425
3923,0.001570502674,0.001371565115
3924,0.001646219142,0.001587502222
3925,0.001560970442,0.001397702486
3926,0.001727023933,0.001493414864
3927,0.00179659648,0.001366817349
3928,0.001497425154,0.001611196712
3929,0.001513667281,0.001349428581
3930,0.001773886397,0.001487486734
3931,0.001342066142,0.001477153084
3932,0.001273941714,0.00161502519
3933,0.001586908082,0.001525462532
3934,0.001531323505,0.001543476465
3935,0.001730083924,0.001316849106
3936,0.00161060931,0.00167330457
3937,0.00165577697,0.001461073203
3938,0.001428588555,0.001541554273
3939,0.001578874668,0.001367838595
3940,0.001696472958,0.001463428067
3941,0.001582810364,0.001631307809
3942,0.001595599359,0.001666942044
3943,0.001799937178,0.001323903911
3944,0.001736812046,0.001411558122
3945,0.001694779348,0.001477871949
3946,0.00164652105,0.001557501033
3947,0.001621950709,0.001501866216
3948,0.001459406922,0.001572805595
3949,0.001900983931,0.001370829079
3950,0.001592238768,0.001441108077
3951,0.001332347951,0.001567979649
3952,0.001751554068,0.001539575387
3953,0.001416454055,0.001310337109
3954,0.001635026216,0.001662538009
3955,0.001733904108,0.001354349763
3956,0.001523340179,0.001446028749
3957,0.001747211383,0.00153239951
3958,0.001545880223,0.001672720406
3959,0.00145312016,0.001610348452
3960,0.001665059128,0.001545009625
3961,0.001419991197,0.001289992477
3962,0.001758938262,0.001663937641
3963,0.001475160025,0.001369227881
3964,0.001618664042,0.00141750538
3965,0.001471401287,0.001900668256
3966,0.001501532999,0.001471689524
3967,0.001353984844,0.001381438036
3968,0.001580369935,0.001329444749
3969,0.001639173148,0.001473910634
3970,0.001543726532,0.00131988628
3971,0.001505750974,0.001559083568
3972,0.001469336887,0.001413159902
3973,0.001583168079,0.001455226215
3974,0.001521207829,0.001397171
3975,0.001542558704,0.001551475594
3976,0.001656377062,0.001802124185
3977,0.001576340612,0.00159772973
3978,0.001547228399,0.001446513714
3979,0.001634442917,0.001432198726
3980,0.001618416762,0.001675343898
3981,0.001715185877,0.001548138469
3982,0.001693547078,0.001456243015
3983,0.001475143872,0.001469585215
3984,0.001566798048,0.001378326546
3985,0.00149068165,0.001603898912
3986,0.001529932269,0.001715238846
3987,0.001514186646,0.001530099064
3988,0.001805597931,0.001317652619
3989,0.001488373455,0.001695402287
3990,0.001620392126,0.001502203406
3991,0.001595149719,0.001518252204
3992,0.00153904286,0.001468878574
3993,0.00147845126,0.00151026409
3994,0.001489736416,0.001273998765
3995,0.001330413019,0.001213556323
3996,0.001597613358,0.001393438433
3997,0.001681247813,0.001562089725
3998,0.001543823571,0.001522460567
3999,0.00146511753,0.001598693518
4000,0.001479747021,0.001464854256
4001,0.001340180272,0.001525535772
4002,0.001767787398,0.001297769755
4003,0.001476071106,0.001609208062
4004,0.001827071726,0.001468414994
4005,0.001664956988,0.001453710196
4006,0.001518513585,0.001539663805
4007,0.001374434425,0.001410384939
4008,0.001520213802,0.001403995921
4009,0.001492654133,0.00143148021
4010,0.001614030552,0.001502463259
4011,0.001659440124,0.001313967296
4012,0.001778697639,0.001202669868
4013,0.001439604326,0.001301670593
4014,0.001478340782,0.001738167746
4015,0.001831940201,0.001631536521
4016,0.001596278278,0.001206935893
4017,0.001569409636,0.001571785833
4018,0.0016094608,0.00121728643
4019,0.001448009163,0.001438170628
4020,0.00162416388,0.001538319586
4021,0.001795472315,0.00147576983
4022,0.001693573577,0.001489381102
4023,0.001643706331,0.001291762732
4024,0.001677874185,0.001472461532
4025,0.001628800615,0.001606437974
4026,0.001532038834,0.001659818881
4027,0.001497483507,0.001457496081
4028,0.001527492524,0.001404316135
4029,0.001433457321,0.001349483588
4030,0.001604336692,0.001320255091
4031,0.00148866637,0.001591687178
4032,0.001707562507,0.001322164193
4033,0.001505414955,0.001282122896
4034,0.001377359353,0.001243055754
4035,0.001386768534,0.001481173502
4036,0.001639967886,0.001486515306
4037,0.001222351544,0.001639695533
4038,0.0015456564,0.001371248632
4039,0.001492277428,0.001669888094
4040,0.001495773169,0.001254587638
4041,0.001658928784,0.001661028269
4042,0.001631207371,0.001344425
4043,0.001338390546,0.001398865345
4044,0.00154719119,0.001419533539
4045,0.001665766125,0.001438338375
4046,0.001472446544,0.001587948442
4047,0.001448917239,0.001426775241
4048,0.001473947908,0.001467669805
4049,0.001232944072,0.00130936793
4050,0.001617166155,0.0016092187
4051,0.001391487036,0.001309651096
4052,0.001405369723,0.001330889398
4053,0.001416638828,0.001526705601
4054,0.001722672787,0.001539834564
4055,0.001719205451,0.001396265856
4056,0.001761150335,0.001375390435
4057,0.001400942441,0.001668466721
4058,0.001472311436,0.001062021664
4059,0.001574694499,0.001453066252
4060,0.001485912406,0.001342556643
4061,0.00171562715,0.001494623881
4062,0.001510800917,0.001381247617
4063,0.001654963664,0.001362843192
4064,0.001685226322,0.001295183378
4065,0.001449971358,0.001310205742
4066,0.001917728601,0.001503245519
4067,0.00160934274,0.001351385159
4068,0.001440792432,0.001419114851
4069,0.001474175777,0.001164881454
4070,0.001606652411,0.001438516374
4071,0.001637593712,0.001498461599
4072,0.001812219241,0.001545527513
4073,0.001500447106,0.001420485089
4074,0.001370604128,0.001349214581
4075,0.001602105025,0.001681177964
4076,0.00126461235,0.001329697632
4077,0.001848903557,0.0013746814
4078,0.001659530142,0.001500181635
4079,0.001795923687,0.001491784147
4080,0.00159608393,0.001640070564
4081,0.001598517396,0.00143532161
4082,0.001589222244,0.00143852624
4083,0.001346632125,0.001377748376
4084,0.001250806228,0.00128665987
4085,0.00135863031,0.001385009833
4086,0.001410372119,0.001208781367
4087,0.001511251161,0.001348841259
4088,0.001684282703,0.001325331665
4089,0.001391214551,0.001097031287
4090,0.001231559887,0.001381638882
4091,0.001611288011,0.001330734463
4092,0.00144952508,0.001266215164
4093,0.001618829076,0.001316137961
4094,0.001383036375,0.001475661818
4095,0.001370138649,0.00142677749
4096,0.001949667829,0.001350484978
4097,0.001278024196,0.001438358173
4098,0.001392882245,0.001150223281
4099,0.001575176007,0.00140646677
4100,0.001404139854,0.001339937851
4101,0.001597667302,0.001506646746
4102,0.00142962781,0.001416058294
4103,0.001467172726,0.001381165566
4104,0.001448689567,0.00144989125
4105,0.001404412367,0.001580264056
4106,0.001367782046,0.001434932448
4107,0.001565408398,0.001446167909
4108,0.001752377677,0.001423052323
4109,0.001323903154,0.001441009874
4110,0.001692678401,0.001312907654
4111,0.00150090958,0.001275678878
4112,0.00139761201,0.001198468293
4113,0.001630221013,0.001522518665
4114,0.001658441804,0.001404578667
4115,0.001302743985,0.001481930456
4116,0.001670074664,0.001410766214
4117,0.0014720092,0.001290126565
4118,0.001747321323,0.001655898508
4119,0.001522704755,0.001117594496
4120,0.001455034631,0.001206468354
4121,0.001475209981,0.001438399137
4122,0.001602904376,0.001517524361
4123,0.001562116609,0.001475372919
4124,0.0015190868,0.001419019987
4125,0.001439730826,0.001320862262
4126,0.001556484203,0.001375530839
4127,0.001677124412,0.001333108172
4128,0.001324516234,0.001338841721
4129,0.001581635661,0.001458533778
4130,0.001583893536,0.00147602112
4131,0.001481504471,0.001360490205
4132,0.001426348819,0.001438519641
4133,0.001610072148,0.001382721814
4134,0.001452968347,0.001435462618
4135,0.001336071582,0.001350047023
4136,0.001620656534,0.00164663035
4137,0.001528744731,0.001315901143
4138,0.001384414732,0.001249836816
4139,0.001339754897,0.001488133727
4140,0.001317674192,0.001489650705
4141,0.001436540799,0.001404711591
4142,0.001455681035,0.001272686874
4143,0.001522194798,0.001499158258
4144,0.001476893929,0.001386425603
4145,0.001602687655,0.001435969272
4146,0.001587916428,0.001273556976
4147,0.001385342417,0.001509688271
4148,0.001512493269,0.00144142627
4149,0.001379754751,0.00128940896
4150,0.001594475842,0.001498256897
4151,0.001484206281,0.001305065198
4152,0.001707712217,0.00146036112
4153,0.001810392932,0.001290394226
4154,0.00147010872,0.001291705441
4155,0.001512568662,0.00135354769
4156,0.001593048175,0.001518814242
4157,0.001557778422,0.001213729578
4158,0.001544941333,0.001493894408
4159,0.001679416615,0.001577256335
4160,0.001450058073,0.001440335349
4161,0.001222602805,0.001506709421
4162,0.001488044727,0.001335637178
4163,0.001269742701,0.001431836783
4164,0.001282252728,0.001425292343
4165,0.001373761595,0.001453535631
4166,0.001444723486,0.001337958151
4167,0.001462029308,0.001309811931
4168,0.00155184351,0.00140608981
4169,0.001326427504,0.001368822799
4170,0.00162219083,0.001363190524
4171,0.001473101816,0.00145389948
4172,0.001286218416,0.001246439868
4173,0.001764796543,0.001252785332
4174,0.001565332903,0.001353552412
4175,0.001586119295,0.001352195199
4176,0.001459914776,0.001480548541
4177,0.001517887678,0.001381416965
4178,0.001429082389,0.001315068235
4179,0.001451903634,0.001406625699
4180,0.001720157539,0.001361648785
4181,0.001461473687,0.001456716745
4182,0.001405028175,0.001091914557
4183,0.001383431772,0.001395941479
4184,0.001411364778,0.001361397008
4185,0.001457580031,0.001357415371
4186,0.00163543025,0.001307090723
4187,0.001646480319,0.001254095485
4188,0.001423277063,0.001374429346
4189,0.00137910081,0.001411721925
4190,0.001590159256,0.001408651937
4191,0.001606418795,0.001575715884
4192,0.001417117397,0.001252728231
4193,0.001257839795,0.001314190791
4194,0.001275511218,0.001385494084
4195,0.001431995668,0.001183746986
4196,0.001759189574,0.001474021599
4197,0.001276269628,0.00128272851
4198,0.001392618899,0.001146176342
4199,0.001389575555,0.001241796665
4200,0.001459332765,0.001385333162
4201,0.001295195056,0.001416420171
4202,0.001336165107,0.001248318767
4203,0.001331534731,0.001255512114
4204,0.001462720786,0.001300043165
4205,0.001437295519,0.001300559888
4206,0.001511094117,0.001240145903
4207,0.00151467367,0.001091111168
4208,0.001672696832,0.001358580274
4209,0.001354969034,0.001321391734
4210,0.001439056039,0.001377786961
4211,0.001501634513,0.001285455757
4212,0.00124216004,0.001375990294
4213,0.001376049142,0.001383017123
4214,0.001542547165,0.001507335022
4215,0.001246472704,0.001303443823
4216,0.001321182543,0.001675183681
4217,0.001741041357,0.001250906746
4218,0.001407381766,0.001114250772
4219,0.00158476628,0.00145225611
4220,0.001402329683,0.001415521867
4221,0.001290538821,0.001346320474
4222,0.001785514964,0.001291731751
4223,0.001379879322,0.00125942054
4224,0.001444433939,0.001233724208
4225,0.001407139425,0.001263806393
4226,0.00158058251,0.001363234493
4227,0.001313293906,0.00131618703
4228,0.001530973517,0.001309578744
4229,0.001452592784,0.001443163979
4230,0.001397345171,0.001179360435
4231,0.001392606086,0.001069110906
4232,0.001632714513,0.001579298332
4233,0.001552607748,0.001207733338
4234,0.001350371916,0.001362683412
4235,0.00153184776,0.00149603546
4236,0.001363029209,0.001602257733
4237,0.001490996285,0.00125655951
4238,0.001676675442,0.001192675678
4239,0.001334261156,0.001155291713
4240,0.001700595909,0.001223615407
4241,0.001659683112,0.001262448022
4242,0.001435155733,0.001437664687
4243,0.001414202095,0.001340051786
4244,0.001443327033,0.001426827985
4245,0.001621729971,0.001200830942
4246,0.001378762419,0.001481082669
4247,0.001571621091,0.001247263011
4248,0.001344845528,0.001220068276
4249,0.001396107444,0.001401969224
4250,0.001391852042,0.001536008931
4251,0.001504000982,0.001107630473
4252,0.001508000758,0.001405166528
4253,0.001613648405,0.001340207185
4254,0.001610884501,0.001212606323
4255,0.001467371367,0.00146726027
4256,0.001567085972,0.001160265245
4257,0.001322815428,0.001664349002
4258,0.001544328334,0.001388628814
4259,0.001467117632,0.00101777503
4260,0.001634559172,0.001155229664
4261,0.001496947545,0.001220815597
4262,0.001381332593,0.001342980162
4263,0.001359213653,0.001276970142
4264,0.001285325983,0.001397500513
4265,0.001485207918,0.001230935071
4266,0.001597536582,0.001553261493
4267,0.001421636967,0.001418041851
4268,0.001344031305,0.001310221684
4269,0.00138437729,0.001455879283
4270,0.001561536119,0.001388056407
4271,0.001506767236,0.001456125334
4272,0.001274715287,0.001277566626
4273,0.001472422962,0.001402478389
4274,0.001377623877,0.001105938391
4275,0.001536930271,0.001196765064
4276,0.00133106664,0.001443312118
4277,0.001595397051,0.001165084534
4278,0.001401527159,0.001057429487
4279,0.001328308528,0.001262391801
4280,0.00132930222,0.001219917125
4281,0.001531634916,0.001213964897
4282,0.001297962168,0.001393128841
4283,0.001556651623,0.001377194509
4284,0.001679481662,0.001273264039
4285,0.001672799408,0.001111727193
4286,0.001455360936,0.00134644068
4287,0.001302660356,0.00126510745
4288,0.001502182509,0.001498562138
4289,0.001478881582,0.001342744901
4290,0.001813485302,0.00117313848
4291,0.0012656787,0.001353715663
4292,0.001788097186,0.001131748118
4293,0.001480054358,0.001368489786
4294,0.001228517081,0.001570868233
4295,0.001398163717,0.001254525181
4296,0.001490029797,0.001270342305
4297,0.001468993869,0.001257660719
4298,0.001354105858,0.001382846895
4299,0.001530893314,0.001168381939
4300,0.001653992353,0.001207873029
4301,0.001327590522,0.001379079535
4302,0.001327393067,0.001344398028
4303,0.001484320936,0.001279842749
4304,0.001533190312,0.001368769183
4305,0.001340959527,0.001651295759
4306,0.001362780669,0.001315246525
4307,0.001559638113,0.001464432433
4308,0.001502567262,0.001413523409
4309,0.001480293548,0.00113089411
4310,0.001333811997,0.001270118068
4311,0.001482329521,0.00130288746
4312,0.001443686226,0.001436026185
4313,0.001376168104,0.001180151681
4314,0.001361072325,0.001188428629
4315,0.001291944383,0.001360229544
4316,0.001308822182,0.001363644304
4317,0.001662759634,0.001239102021
4318,0.001495797871,0.001205353852
4319,0.001584995844,0.001285482125
4320,0.0013541628,0.001128915268
4321,0.001308095118,0.001339135604
4322,0.001615063622,0.00119257858
4323,0.001439425199,0.001215326469
4324,0.00139887938,0.001374663494
4325,0.001602121534,0.001532037728
4326,0.001548313594,0.001180125837
4327,0.00152455816,0.001295746973
4328,0.001659649148,0.001365462973
4329,0.001256485513,0.001278016549
4330,0.001426423652,0.001242662875
4331,0.001336474103,0.001413382655
4332,0.001523544561,0.001206029876
4333,0.001584885897,0.001361027491
4334,0.001388740639,0.001176624894
4335,0.001315689136,0.001226008033
4336,0.001152008743,0.001065919532
4337,0.001405767049,0.001339210627
4338,0.00162702403,0.001039197152
4339,0.001382837341,0.001267125175
4340,0.001510075919,0.001352654304
4341,0.001362768773,0.001430148979
4342,0.001448896641,0.001449533615
4343,0.001373667925,0.001284338679
4344,0.001331187843,0.001126574556
4345,0.001129049764,0.001195629869
4346,0.001554834525,0.001292428249
4347,0.001269153843,0.001345848599
4348,0.00148917755,0.001169802868
4349,0.001448486044,0.001233971765
4350,0.0013407937,0.001121416106
4351,0.001381704249,0.001340620693
4352,0.001302004566,0.001459846375
4353,0.001380992391,0.001148684605
4354,0.001359783819,0.001427088646
4355,0.001435099723,0.001270764267
4356,0.001691398589,0.001201659208
4357,0.001569871485,0.001177782062
4358,0.001285731545,0.001246371095
4359,0.001239987207,0.001340072326
4360,0.001451057295,0.001352837862
4361,0.001496008212,0.001255699586
4362,0.00137202011,0.001328280545
4363,0.001247476437,0.001339317074
4364,0.001199436883,0.00141549953
4365,0.001536265307,0.001410572848
4366,0.001396667329,0.00139852448
4367,0.001434833386,0.001132248297
4368,0.001237227341,0.001444460839
4369,0.001422464004,0.001449741801
4370,0.001425306036,0.001257857191
4371,0.001201586143,0.001052594693
4372,0.001541395803,0.001322659489
4373,0.001361120325,0.00126366342
4374,0.001256096613,0.001450691983
4375,0.001584743091,0.001291024564
4376,0.001476387988,0.001181315492
4377,0.0012591083,0.001483484099
4378,0.001081268005,0.001408597847
4379,0.001426191935,0.001225867971
4380,0.001543039609,0.001479656959
4381,0.001382845709,0.001236452445
4382,0.001486971392,0.001292728695
4383,0.001382901741,0.00147077041
4384,0.001327932725,0.001377866072
4385,0.0013650978,0.001334882953
4386,0.00147210079,0.00128735257
4387,0.00140275601,0.001200951418
4388,0.001216076475,0.001233370262
4389,0.001178795144,0.001157323197
4390,0.001274490911,0.001244622224
4391,0.001530341047,0.001382231494
4392,0.001354264845,0.001140622146
4393,0.001387412951,0.001040675124
4394,0.001321283416,0.00126310726
4395,0.001394420658,0.001440768479
4396,0.001281216879,0.001405167248
4397,0.001357417685,0.001316188522
4398,0.001339809402,0.001266205873
4399,0.001276340467,0.001411592879
4400,0.001608841325,0.001325707504
4401,0.001358255555,0.001365994882
4402,0.001316321577,0.00126788488
4403,0.001465620262,0.001350084807
4404,0.001312940585,0.001116414969
4405,0.001527274173,0.001168879688
4406,0.001558048505,0.001294009395
4407,0.001226949826,0.001044526813
4408,0.001431454162,0.001244833416
4409,0.001233919,0.001231531285
4410,0.001345242817,0.001447474599
4411,0.001404985996,0.001430407428
4412,0.001486199064,0.00133456826
4413,0.001454563891,0.001296927512
4414,0.001541513338,0.0009808106115
4415,0.001204263594,0.001301289645
4416,0.001322682408,0.001415888786
4417,0.001566245453,0.001507491586
4418,0.001505973109,0.001272204441
4419,0.001661434188,0.001492896772
4420,0.001471509153,0.001477120051
4421,0.001189936418,0.001109125435
4422,0.001435410537,0.001371889666
4423,0.001316206013,0.001374481304
4424,0.001556340168,0.00135790676
4425,0.001316636408,0.001149593547
4426,0.001575353686,0.0009509142183
4427,0.001512014656,0.001470901654
4428,0.001329688086,0.001586898041
4429,0.00154320008,0.001191852498
4430,0.001038377479,0.001130346653
4431,0.001440681386,0.001098401975
4432,0.001184610082,0.001356941015
4433,0.001205741355,0.001292788074
4434,0.001181520347,0.001324368772
4435,0.001437234067,0.00103640875
4436,0.00159814363,0.001027458475
4437,0.001384827352,0.001368916346
4438,0.001329376755,0.001259973404
4439,0.001250939997,0.001258713535
4440,0.00132875039,0.00129918968
4441,0.001476185367,0.001473381315
4442,0.001377093169,0.001167367394
4443,0.001476360296,0.001107141848
4444,0.001351167331,0.001272303147
4445,0.001644753938,0.001096026266
4446,0.001549586712,0.001261655045
4447,0.001367754332,0.001300930431
4448,0.00123806356,0.001254411189
4449,0.001273271919,0.001246616928
4450,0.00150574241,0.001337588896
4451,0.001298283503,0.001356521396
4452,0.001410953621,0.001306063234
4453,0.001514224037,0.001038245391
4454,0.001328690945,0.001083090618
4455,0.001281066026,0.001252438728
4456,0.001334065644,0.001283356331
4457,0.001382389128,0.001397761094
4458,0.001204291897,0.00134451878
4459,0.001360241455,0.001050740953
4460,0.001383981675,0.001266832856
4461,0.001515123236,0.001192192416
4462,0.001305463789,0.001312064967
4463,0.001534955634,0.001351046958
4464,0.001670929676,0.001150055905
4465,0.001391840458,0.001389177298
4466,0.001183932829,0.001069305348
4467,0.001442514767,0.001345962788
4468,0.001232995332,0.001323520861
4469,0.001381312468,0.001296776587
4470,0.001368397381,0.001220403945
4471,0.001304040576,0.0011545241
4472,0.001522070554,0.001535437921
4473,0.001251642796,0.00114595543
4474,0.001482328807,0.001364722564
4475,0.001350933446,0.001414166967
4476,0.001383974915,0.001356638983
4477,0.001410629091,0.001213182797
4478,0.001302865727,0.001393239261
4479,0.001350285209,0.001322077194
4480,0.001133732192,0.001050528241
4481,0.001169112147,0.001361275885
4482,0.001356983434,0.001211968338
4483,0.001575143833,0.001155259408
4484,0.001321601347,0.001480844643
4485,0.001462621367,0.001159410356
4486,0.001500596103,0.001208101137
4487,0.001213388372,0.001211484057
4488,0.001453072298,0.001180096435
4489,0.001442791574,0.001332238928
4490,0.001235837379,0.001199321421
4491,0.001316573005,0.001322303127
4492,0.001324082354,0.001232013012
4493,0.001104928495,0.001197885249
4494,0.001418152533,0.001225724351
4495,0.001266804466,0.001171645643
4496,0.001171349249,0.001232605602
4497,0.001519678684,0.001245810199
4498,0.001293934256,0.001344094177
4499,0.001554856062,0.001220725768
4500,0.001265908475,0.001276116491
4501,0.001481111642,0.001260029072
4502,0.001377194989,0.001241024016
4503,0.001378566369,0.001026011814
4504,0.001311693923,0.001341868265
4505,0.001222324543,0.001390346195
4506,0.001142423447,0.001258320219
4507,0.001185731657,0.001123189621
4508,0.001461956766,0.001298334842
4509,0.001424912633,0.001082697614
4510,0.001459413281,0.001272462716
4511,0.001435692553,0.001328323153
4512,0.001466466587,0.001273990456
4513,0.001339335955,0.001163516557
4514,0.001297453702,0.001300214702
4515,0.001258758166,0.001160096384
4516,0.001259278826,0.0009762138216
4517,0.001274148854,0.00116001752
4518,0.001629398044,0.001385104239
4519,0.001205449014,0.001304391553
4520,0.001238619057,0.0011645513
4521,0.001257478943,0.001596317656
4522,0.001434527956,0.001436587583
4523,0.001271283603,0.001323581011
4524,0.001663482501,0.001366108496
4525,0.00148786154,0.001148049749
4526,0.001297436349,0.001304253768
4527,0.001401744463,0.001093106614
4528,0.001034930479,0.001021707452
4529,0.001503101928,0.001126141993
4530,0.001543646948,0.001186588044
4531,0.001238584387,0.001368752484
4532,0.001194281584,0.001376088498
4533,0.001550017965,0.001208001479
4534,0.001145936163,0.001373401377
4535,0.001488767215,0.001373448904
4536,0.00121095642,0.001342455398
4537,0.001231653019,0.001111767684
4538,0.001359580376,0.001017646617
4539,0.001249994741,0.001094151725
4540,0.001211377778,0.001198320708
4541,0.001307020051,0.001410999714
4542,0.001512948118,0.001083247837
4543,0.001416320563,0.001496057368
4544,0.001413802638,0.001208997812
4545,0.00150507348,0.001306738348
4546,0.001326971404,0.001294155889
4547,0.001469136128,0.001538065131
4548,0.0015146968,0.001372504863
4549,0.001622711468,0.001320183233
4550,0.001362876836,0.001217251847
4551,0.001454790712,0.001240595782
4552,0.001229523143,0.001088406461
4553,0.001197095349,0.001110100806
4554,0.001264060993,0.001321170217
4555,0.001290769709,0.001281127254
4556,0.001484006163,0.001257063544
4557,0.001286756276,0.001267285494
4558,0.001509073321,0.00122557352
4559,0.001196371821,0.001151694814
4560,0.001231205519,0.001235804892
4561,0.001236887692,0.001235579286
4562,0.00116368696,0.001325175333
4563,0.001281963472,0.001268991909
4564,0.001259314842,0.001227382832
4565,0.001227143759,0.001524604173
4566,0.001554503935,0.001118588974
4567,0.001436602106,0.001431598597
4568,0.00131167681,0.001378053603
4569,0.001220692684,0.001528801258
4570,0.001416933708,0.001351854786
4571,0.001430071614,0.001152070639
4572,0.001288716565,0.001165179594
4573,0.00154985991,0.001241463848
4574,0.001424234782,0.001170320567
4575,0.001559339195,0.001199577026
4576,0.001329062652,0.001299609074
4577,0.001397232059,0.001330232568
4578,0.001329363702,0.001256313728
4579,0.0011325909,0.001177619291
4580,0.001280844634,0.001352719257
4581,0.001201642619,0.001122197318
4582,0.001350572275,0.001380715621
4583,0.001640932678,0.001075196174
4584,0.001592652712,0.001296879607
4585,0.001293861831,0.001011996697
4586,0.001410914512,0.001279553297
4587,0.001358250025,0.001301761651
4588,0.001046424666,0.001397776839
4589,0.0014845486,0.001093679268
4590,0.001366732839,0.001301189892
4591,0.001293847134,0.001040865573
4592,0.001255854528,0.00130135777
4593,0.001515455151,0.001245780164
4594,0.001229819754,0.001295628201
4595,0.001324944242,0.001106370699
4596,0.001365379008,0.001166616144
4597,0.001326917751,0.001159116851
4598,0.001209138769,0.001308039995
4599,0.00127542828,0.001153820653
4600,0.001300522468,0.001269173634
4601,0.00133740926,0.001353196145
4602,0.001370537946,0.001316646449
4603,0.00115052038,0.001035168832
4604,0.001367283978,0.001282496043
4605,0.001292533379,0.001242242404
4606,0.001237947683,0.001388387027
4607,0.001317100687,0.001317358445
4608,0.001195787801,0.001351063431
4609,0.001101614253,0.001129531985
4610,0.001237570534,0.001215352735
4611,0.001446829883,0.001273913498
4612,0.001414355589,0.001177849474
4613,0.001236412165,0.001254110641
4614,0.001247752647,0.001430032629
4615,0.00122840402,0.001167146416
4616,0.001228443994,0.001274529997
4617,0.00147515659,0.001402767404
4618,0.001541456833,0.001242174527
4619,0.001267558509,0.001162225497
4620,0.001233776042,0.001112903461
4621,0.001194487348,0.001221758102
4622,0.001455963815,0.001219459518
4623,0.001349362996,0.001304361263
4624,0.001427391951,0.001266013904
4625,0.00125534369,0.001101574038
4626,0.001326775178,0.001340204428
4627,0.001405769886,0.001300008589
4628,0.001455863283,0.00125508308
4629,0.001108127202,0.001115068444
4630,0.001303569501,0.001062114025
4631,0.001349802915,0.001091177823
4632,0.001130146236,0.00100509468
4633,0.001329937353,0.001513162206
4634,0.001307449631,0.001059984046
4635,0.001294066351,0.001103822215
4636,0.001417009436,0.001319901792
4637,0.001169732415,0.001335911656
4638,0.001230638081,0.001241808983
4639,0.00132756526,0.001371118589
4640,0.00137344197,0.001242564729
4641,0.00131458119,0.001228987487
4642,0.001349997045,0.001103310286
4643,0.001066563804,0.001055610745
4644,0.001342883668,0.001407589778
4645,0.00109064002,0.001148721341
4646,0.001518040386,0.001322533855
4647,0.001210913229,0.001166705479
4648,0.001455522339,0.001141163113
4649,0.001275740367,0.001307568193
4650,0.001348143247,0.00140162398
4651,0.001260574849,0.001085184544
4652,0.001098990106,0.001114928193
4653,0.001192436022,0.001444109512
4654,0.001196094367,0.001186105932
4655,0.001358491987,0.001155131256
4656,0.001224808213,0.001212998897
4657,0.001096000698,0.001079765134
4658,0.001178261082,0.001106643562
4659,0.001391440142,0.001194607852
4660,0.001508852758,0.001108124758
4661,0.001220263614,0.00109885339
4662,0.001317152972,0.001228877416
4663,0.001266911175,0.001190414012
4664,0.001364340293,0.001010932225
4665,0.001291290362,0.001168863062
4666,0.001356706547,0.001333360837
4667,0.00114493697,0.001080916161
4668,0.001454752026,0.00114808428
4669,0.001362261508,0.001246390078
4670,0.001361595874,0.001024271587
4671,0.001206525551,0.001262177961
4672,0.001222258361,0.00136862784
4673,0.001230940048,0.001321356562
4674,0.001220601538,0.001100664762
4675,0.001324980942,0.001086027325
4676,0.001188689639,0.001164752131
4677,0.001209782378,0.001155284168
4678,0.001311422006,0.001294387213
4679,0.001361833834,0.001045804944
4680,0.001708631578,0.0009954962734
4681,0.001267774853,0.001202788539
4682,0.001272151632,0.001259059281
4683,0.001537053031,0.0009648380437
4684,0.001449448682,0.001164667905
4685,0.001150495176,0.001259360884
4686,0.001480153966,0.001182379528
4687,0.001366134478,0.001166812181
4688,0.001499664882,0.001088966332
4689,0.001181713524,0.001275721683
4690,0.001269396911,0.001107933174
4691,0.001270363522,0.001109901605
4692,0.001384499672,0.001096513111
4693,0.001442892804,0.001242837126
4694,0.001289600012,0.001463558641
4695,0.001151219207,0.001134444145
4696,0.001205681183,0.001310988038
4697,0.001073061685,0.001178910956
4698,0.001338390299,0.001339601316
4699,0.001530262569,0.001305458536
4700,0.001336369176,0.001200686653
4701,0.001267120315,0.001041863114
4702,0.001254498704,0.00116231924
4703,0.001274109665,0.0009984814824
4704,0.001196540688,0.001422273141
4705,0.001188545422,0.001253736526
4706,0.001262203863,0.001029450235
4707,0.001284455197,0.001306887112
4708,0.001190272349,0.0009069269072
4709,0.001259258148,0.001293583584
4710,0.001404735624,0.00114580166
4711,0.001201518207,0.001075569198
4712,0.001338815688,0.001164617723
4713,0.001266850057,0.00118735517
4714,0.001152075893,0.001273423768
4715,0.001224933418,0.001128209435
4716,0.001453688739,0.001195005694
4717,0.001310158572,0.0009359405085
4718,0.001440187596,0.00106468163
4719,0.001463548106,0.001067101082
4720,0.001291775057,0.001238117897
4721,0.00108696166,0.001252803515
4722,0.001314948924,0.0009966710204
4723,0.0009877057091,0.001447219896
4724,0.001482726948,0.001148055802
4725,0.001298234143,0.001299935597
4726,0.001510828799,0.001381325419
4727,0.001391110447,0.001226209424
4728,0.001473716766,0.0009947161743
4729,0.001104087678,0.001274513568
4730,0.001172624572,0.001054097374
4731,0.001162449786,0.00115119313
4732,0.001642755844,0.001512178482
4733,0.001135717437,0.001170807336
4734,0.001331989675,0.001056700487
4735,0.001296654402,0.00127700172
4736,0.001292889618,0.001100384037
4737,0.001348743201,0.001075500881
4738,0.001283493402,0.001281909033
4739,0.001195502271,0.001055278102
4740,0.001318687209,0.0009963308839
4741,0.00142274089,0.001327227466
4742,0.001383918767,0.001211684641
4743,0.001152533754,0.001097870903
4744,0.001316540023,0.0011556678
4745,0.001089483369,0.001196885612
4746,0.001374306885,0.00114793142
4747,0.001378090004,0.001298314477
4748,0.001153413352,0.001260752819
4749,0.001232355484,0.001106369862
4750,0.001508025758,0.00131972332
4751,0.001253787537,0.001057305693
4752,0.00112717507,0.001234009535
4753,0.001278014308,0.001187319016
4754,0.001360224429,0.001208518232
4755,0.001449650823,0.001113765393
4756,0.001364147669,0.001255626994
4757,0.00152022898,0.001276191688
4758,0.001236030133,0.001005241058
4759,0.001198590937,0.001149926844
4760,0.00142007762,0.001153670775
4761,0.0009966159269,0.001281390956
4762,0.001189629635,0.001158306179
4763,0.001282144127,0.001172205404
4764,0.001359822039,0.001039117786
4765,0.001212690164,0.00113082795
4766,0.001157348583,0.001349446415
4767,0.001286220177,0.0009304584528
4768,0.001335607871,0.001212668147
4769,0.001330526109,0.0009560253384
4770,0.00126478821,0.001164126763
4771,0.001271441331,0.00109381607
4772,0.001188556038,0.001128995369
4773,0.001225045591,0.001000264514
4774,0.001356146298,0.001135269653
4775,0.001399240282,0.001123836475
4776,0.001364709642,0.001335896901
4777,0.00112642131,0.001046857971
4778,0.001161365341,0.001217736448
4779,0.001235388896,0.001193533761
4780,0.001476387159,0.001115694875
4781,0.001279383061,0.00110795677
4782,0.001294367299,0.001164394183
4783,0.001504504129,0.001546515108
4784,0.001106488606,0.001107113436
4785,0.001091409162,0.001340004717
4786,0.001379975445,0.001129390097
4787,0.001207608468,0.00103449422
4788,0.001267993328,0.001144072412
4789,0.001186592017,0.001094912084
4790,0.001258062024,0.001214764532
4791,0.001094118845,0.001103899034
4792,0.001370344762,0.001178225975
4793,0.00126887294,0.001304442143
4794,0.001372046456,0.001178326827
4795,0.001322762357,0.001125743824
4796,0.001077325331,0.001284682789
4797,0.001121670539,0.001184648856
4798,0.001185482353,0.001147836956
4799,0.001187664981,0.001100368958
4800,0.001510605987,0.001046613346
4801,0.001352358682,0.001261370482
4802,0.001333078406,0.001068035002
4803,0.001227021465,0.001200701343
4804,0.00116499819,0.001197661462
4805,0.001340770097,0.001112938276
4806,0.001251107329,0.0008705045839
4807,0.001233276176,0.001288424333
4808,0.001375288251,0.001290554595
4809,0.001138479347,0.001037308684
4810,0.001068220183,0.001113966515
4811,0.001300632634,0.001396002343
4812,0.001388392382,0.001161346379
4813,0.00140445077,0.00125913127
4814,0.00128945522,0.001058855589
4815,0.001269350956,0.0009931355744
4816,0.001150307624,0.001185861016
4817,0.001378061206,0.001123627248
4818,0.001216568846,0.0009941828102
4819,0.001556725809,0.001136767874
4820,0.001087717639,0.001063361378
4821,0.001176138896,0.0010058587
4822,0.00150685243,0.00139415852
4823,0.001274360809,0.0009784331778
4824,0.001188777649,0.0011645173
4825,0.001040247887,0.001439615131
4826,0.001296909977,0.001098012668
4827,0.001450875905,0.001066479497
4828,0.001213693475,0.0009749306846
4829,0.001056474714,0.001233256728
4830,0.001342057381,0.0011377384
4831,0.001108324053,0.001102101793
4832,0.001298968156,0.001137955442
4833,0.001174740901,0.001046729623
4834,0.001204843909,0.00109677828
4835,0.00132583332,0.001122327521
4836,0.001147376672,0.001079982874
4837,0.001129856777,0.001374274441
4838,0.001062598669,0.001080761605
4839,0.001390229605,0.001190899835
4840,0.001281927565,0.001101897862
4841,0.001365000629,0.001300924087
4842,0.001192210708,0.001023950688
4843,0.001251969647,0.00116262037
4844,0.001320509291,0.001017816598
4845,0.001267240703,0.001073157488
4846,0.001279198375,0.001222138024
4847,0.001493221345,0.001246360021
4848,0.001329438666,0.001246083164
4849,0.001268828397,0.001284241269
4850,0.001118839871,0.001156794759
4851,0.001231492599,0.001136455416
4852,0.001089738296,0.001381146525
4853,0.001082816445,0.001174491081
4854,0.0009333619309,0.001184400113
4855,0.001222310872,0.001117902168
4856,0.00109237276,0.001020494034
4857,0.001165751055,0.0009541583859
4858,0.001175363643,0.00102506909
4859,0.001275631483,0.001165170492
4860,0.001367932113,0.001056262729
4861,0.001112337457,0.001095171428
4862,0.001287153158,0.001137391089
4863,0.00139258377,0.001066587021
4864,0.001128643737,0.001275563613
4865,0.001376801316,0.00122208926
4866,0.001163359382,0.001052914289
4867,0.001076186898,0.001183369866
4868,0.001208052861,0.0009963502525
4869,0.001143167261,0.001005917431
4870,0.001388369419,0.001328630096
4871,0.001377119559,0.001209821974
4872,0.001276748735,0.001031547079
4873,0.001225637359,0.001233089562
4874,0.001038410919,0.001256158197
4875,0.001322727825,0.001073006853
4876,0.001293427275,0.001301017619
4877,0.001299715441,0.001244417341
4878,0.001263833146,0.001145037364
4879,0.001374391526,0.0009955283094
4880,0.001150071475,0.0009112606422
4881,0.001301073578,0.001144707981
4882,0.001091732978,0.001179055667
4883,0.001256622898,0.001216726021
4884,0.001239470497,0.001048312275
4885,0.001314991634,0.001263365222
4886,0.001477605983,0.001109381679
4887,0.00113525593,0.001097814886
4888,0.001104368072,0.001281264034
4889,0.001111730489,0.00105409597
4890,0.001268311797,0.00110926143
4891,0.001167705384,0.001073415377
4892,0.001307193583,0.001215026168
4893,0.001059912182,0.001020600648
4894,0.001308102976,0.001297276147
4895,0.001273312169,0.001154234749
4896,0.001197961989,0.0009909530054
4897,0.001194610304,0.001062460571
4898,0.001025327598,0.001231659706
4899,0.001115053194,0.001033043729
4900,0.001303562123,0.001261994097
4901,0.001166461421,0.001045369369
4902,0.001248502449,0.0009488213254
4903,0.001303913501,0.001145358656
4904,0.001006096165,0.001287356623
4905,0.001150782628,0.001272638896
4906,0.001116295469,0.001222193881
4907,0.001285210885,0.001018075323
4908,0.001246318498,0.001314443849
4909,0.001227621564,0.001336829941
4910,0.00127863996,0.001201311235
4911,0.001183982698,0.001127394738
4912,0.001386141113,0.00105948111
4913,0.001209547227,0.001315586887
4914,0.001120793459,0.0009227039845
4915,0.00115753444,0.001086318247
4916,0.001300433978,0.001162521512
4917,0.001204659304,0.001192739488
4918,0.001247631022,0.001149029638
4919,0.001688799537,0.001193295051
4920,0.001389104626,0.0009886887929
4921,0.001102265494,0.0009848785267
4922,0.001260175755,0.001048368606
4923,0.001270192799,0.0009833712902
4924,0.001125955168,0.001097765053
4925,0.001515826611,0.001013798617
4926,0.001256150543,0.001098950997
4927,0.001052971696,0.001235015705
4928,0.001235727425,0.001057299429
4929,0.001412894489,0.001140105676
4930,0.001279464275,0.0009209291093
4931,0.001186199879,0.001319054965
4932,0.001607090977,0.001104696952
4933,0.00122555119,0.001230705646
4934,0.001330118917,0.0008924813155
4935,0.001305556558,0.001145523784
4936,0.001148431504,0.001058293361
4937,0.001344731281,0.0009229800489
4938,0.001027710932,0.00132674061
4939,0.001026716644,0.001167238435
4940,0.001250976355,0.0009864784151
4941,0.001314460693,0.001023310491
4942,0.001158976665,0.001171864445
4943,0.001329015206,0.001194825658
4944,0.00138931386,0.001243247047
4945,0.001256599855,0.001428936783
4946,0.001303563593,0.001221753802
4947,0.001359260394,0.001077966968
4948,0.001091130915,0.0009756667641
4949,0.001196642064,0.001027632083
4950,0.001182228036,0.00113007523
4951,0.001009670996,0.001215353113
4952,0.001300845106,0.001164792171
4953,0.001198468643,0.0012612258
4954,0.001169270719,0.001000254953
4955,0.00109168468,0.001057619505
4956,0.00129807544,0.001049591621
4957,0.001269385481,0.001070902705
4958,0.001359360831,0.001117159045
4959,0.001273373935,0.00107488373
4960,0.001400605026,0.001469700539
4961,0.001206746834,0.001170978241
4962,0.001102440685,0.001058638292
4963,0.001371165061,0.0009973299166
4964,0.001100301881,0.001215304197
4965,0.001265510204,0.001001350312
4966,0.001301618584,0.001136499704
4967,0.001303991652,0.001208840586
4968,0.001384466508,0.001212910211
4969,0.001204902401,0.001049044025
4970,0.001066343168,0.001144313974
4971,0.001059318936,0.001262917991
4972,0.001231523303,0.0008532212523
4973,0.001083146562,0.001069674094
4974,0.0011473173,0.0009419263661
4975,0.001271121713,0.001097077453
4976,0.001139108463,0.00116235645
4977,0.001548438253,0.001063624863
4978,0.001138140593,0.001272353911
4979,0.001189832197,0.001076880144
4980,0.001440525237,0.0009988887468
4981,0.001176210622,0.001062638956
4982,0.001311532178,0.001152311226
4983,0.001195971228,0.001099927496
4984,0.001331652398,0.001119164233
4985,0.001204929315,0.00107623644
4986,0.00120067213,0.001151482364
4987,0.001062436895,0.001279639306
4988,0.001215729026,0.001215647433
4989,0.001414081198,0.001184181703
4990,0.001018865136,0.0013690368
4991,0.001334884495,0.001275402195
4992,0.001173226396,0.001009132618
4993,0.001341354975,0.001284470047
4994,0.001196954807,0.001195534926
4995,0.001305876402,0.001162337729
4996,0.00129544318,0.00103499549
4997,0.001118149739,0.001250306879
4998,0.001227455832,0.001339914874
4999,0.001173556331,0.001081056245
5000,0.001100657806,0.001248432112
5001,0.001179294428,0.001095770975
5002,0.001107717486,0.001111894788
5003,0.001036686619,0.00119355155
5004,0.00146256655,0.001025693673
5005,0.001485546563,0.00117871078
5006,0.001222204024,0.001283814345
5007,0.001171663564,0.001126406612
5008,0.0009798689134,0.0009798237079
5009,0.001219240956,0.001299047668
5010,0.001221739672,0.00131799197
5011,0.001166885173,0.0009768592427
5012,0.001101258415,0.001299184354
5013,0.001137923631,0.001048488368
5014,0.001210751725,0.001025528574
5015,0.001012492823,0.0009490198718
5016,0.001431432705,0.001383175171
5017,0.001351552812,0.001118685686
5018,0.001578236923,0.001232321003
5019,0.001165813359,0.001032299042
5020,0.001349022568,0.001209584305
5021,0.001249435489,0.0009962228869
5022,0.001264076323,0.001091430306
5023,0.001206390771,0.00126786239
5024,0.001066838398,0.001208017115
5025,0.001161045315,0.001092883111
5026,0.001086271106,0.0009722035174
5027,0.001174424593,0.001204228771
5028,0.001205435656,0.0009700211958
5029,0.001134321297,0.001227195498
5030,0.001141351247,0.001096550266
5031,0.001018449104,0.001133453705
5032,0.001187057234,0.001141272012
5033,0.001068909543,0.001195320401
5034,0.001232035123,0.001199202314
5035,0.001206657471,0.0009619270204
5036,0.001048295497,0.001165899201
5037,0.001489182308,0.00115030742
5038,0.001145596572,0.000923839485
5039,0.001406744937,0.001202813255
5040,0.00115012296,0.00102984059
5041,0.00117321228,0.001050844119
5042,0.001068477039,0.001126296993
5043,0.001210007569,0.001052228166
5044,0.001243710307,0.001047707083
5045,0.00120371511,0.001156161226
5046,0.001289757689,0.001046853802
5047,0.001025931677,0.001054113702
5048,0.001151290766,0.001007846004
5049,0.001149565323,0.001116081949
5050,0.001372377803,0.001130767771
5051,0.001275508934,0.001167883223
5052,0.00102934715,0.001133789498
5053,0.001155175894,0.001120883426
5054,0.001181287247,0.001132340098
5055,0.00129080069,0.001038855553
5056,0.001020844065,0.001423964139
5057,0.001072885352,0.001043117991
5058,0.001098519882,0.001248032866
5059,0.001329247287,0.001153656529
5060,0.001110564037,0.0009285534979
5061,0.001171632532,0.001162697146
5062,0.001121396293,0.001133341473
5063,0.001128497039,0.0009232512384
5064,0.001216454075,0.001145446382
5065,0.001241800986,0.001148730698
5066,0.001229015383,0.001042990923
5067,0.001171203752,0.001049328457
5068,0.001136681458,0.001111211284
5069,0.001194302138,0.001021438824
5070,0.001277096409,0.001138927022
5071,0.00130641205,0.00102614057
5072,0.00117965768,0.001262487385
5073,0.001281390818,0.001038677736
5074,0.001325671219,0.001024570374
5075,0.001069441023,0.001069659309
5076,0.001307521998,0.001153182944
5077,0.001027793267,0.0009882853192
5078,0.001140731176,0.001058217043
5079,0.001246762724,0.001197987775
5080,0.001368935285,0.00156741825
5081,0.001087144919,0.001217045843
5082,0.001140633663,0.001030581632
5083,0.001076050379,0.001186745612
5084,0.001098993751,0.001007402956
5085,0.001215919103,0.001186948692
5086,0.001380195972,0.0007814455457
5087,0.000944422085,0.001103219161
5088,0.00129358728,0.0009406121171
5089,0.001346065976,0.001108409502
5090,0.001063847521,0.001132927311
5091,0.001032240449,0.001129499593
5092,0.001273943773,0.001004227248
5093,0.001131185432,0.001263305974
5094,0.001277340751,0.0009862829611
5095,0.001188292445,0.001190949057
5096,0.001234414354,0.0009640185599
5097,0.001234465337,0.001167125818
5098,0.0009751615216,0.00120332306
5099,0.001023739853,0.001008446343
5100,0.0010343498,0.001090747879
5101,0.001203052816,0.001038106733
5102,0.001217122161,0.0008531016283
5103,0.001131098208,0.001212487725
5104,0.001149739051,0.001228727313
5105,0.001332958149,0.0009712750834
5106,0.001163234869,0.0009347641026
5107,0.001104101138,0.001073541483
5108,0.00147957186,0.001180716084
5109,0.001056590496,0.001022145494
5110,0.001247764652,0.001099418929
5111,0.001100706373,0.0009213429003
5112,0.001179870123,0.001275896531
5113,0.001120956178,0.001036734684
5114,0.001127810116,0.001159202104
5115,0.001209428388,0.001132763457
5116,0.001089123201,0.001122494621
5117,0.001115799234,0.001100553127
5118,0.001217229175,0.001024319645
5119,0.001187166461,0.0008560195129
5120,0.001087402532,0.001125292183
5121,0.001230286805,0.001130646357
5122,0.001186852191,0.000946145592
5123,0.001191741758,0.001049448343
5124,0.001161585307,0.00110653798
5125,0.00132614794,0.001262883598
5126,0.001124585098,0.001079560338
5127,0.001111800913,0.000974284776
5128,0.001435433194,0.001013445748
5129,0.001079931746,0.001008820873
5130,0.001201324332,0.001125288247
5131,0.001100817259,0.000957242497
5132,0.001263563478,0.001293211331
5133,0.001228122237,0.001275452218
5134,0.001387639248,0.0009855021344
5135,0.001186590351,0.001111917583
5136,0.001277755859,0.0009155871812
5137,0.001034345711,0.001034435227
5138,0.001111988022,0.0009045396364
5139,0.001008009902,0.001271716581
5140,0.001230185248,0.001082993622
5141,0.001139423948,0.0009320751487
5142,0.001197397512,0.001062774521
5143,0.001345750323,0.001025202728
5144,0.0009905899351,0.001126734249
5145,0.001156618746,0.0008047103838
5146,0.0013741191,0.001191548879
5147,0.001060431088,0.0009398022885
5148,0.0009701843228,0.001024836703
5149,0.001036564594,0.001104602838
5150,0.001011022228,0.001188556969
5151,0.001075177817,0.001071912877
5152,0.001017537055,0.001246884305
5153,0.001016727438,0.001279369426
5154,0.001302589939,0.001077477777
5155,0.001152558936,0.0009847252004
5156,0.001124369883,0.0009532801996
5157,0.001288628322,0.001018549636
5158,0.001137060695,0.001067407109
5159,0.00111714637,0.0009738787485
5160,0.001172631739,0.0009705021585
5161,0.001095006344,0.001264918305
5162,0.001211865914,0.001013897279
5163,0.001242583734,0.001119260116
5164,0.0009636058603,0.001261219302
5165,0.001302120458,0.00110567885
5166,0.00144650272,0.001029358689
5167,0.001188749251,0.00107315604
5168,0.001325338271,0.001107625139
5169,0.001061090501,0.001082197734
5170,0.001211409559,0.001139069216
5171,0.001258899763,0.001115098799
5172,0.001059908325,0.00113652517
5173,0.001036850816,0.001441072534
5174,0.001122841692,0.001018667157
5175,0.001446702096,0.001054257118
5176,0.001046672711,0.0008847282006
5177,0.001090121375,0.001056916873
5178,0.00112105997,0.001052713742
5179,0.001076329107,0.001081626084
5180,0.001310280917,0.001123439622
5181,0.001118932349,0.001169550436
5182,0.001284791309,0.001103415547
5183,0.001095374268,0.001106506556
5184,0.00131195665,0.00114010206
5185,0.001186481553,0.001046532161
5186,0.001165157155,0.001114208477
5187,0.001086803997,0.001133950282
5188,0.001146948613,0.001128620868
5189,0.001093194776,0.001036901733
5190,0.001172509692,0.0009868704801
5191,0.0009950676613,0.0009777746673
5192,0.001485326662,0.001049704042
5193,0.001418207954,0.001020898984
5194,0.001329617829,0.001178108971
5195,0.00111977182,0.001046448684
5196,0.00118472438,0.00119398017
5197,0.001345294047,0.0009296280623
5198,0.001163798181,0.0009561074912
5199,0.0009892123271,0.001217052362
5200,0.001017164104,0.0009662419179
5201,0.001139550208,0.0009975432913
5202,0.001292187852,0.001075989516
5203,0.001237831115,0.001100261143
5204,0.001054908113,0.001020790573
5205,0.001183338878,0.001130470977
5206,0.001289635838,0.0009477435742
5207,0.001208861126,0.0008581190195
5208,0.001150386568,0.0009549730021
5209,0.001168536743,0.001214279204
5210,0.001035241374,0.001088577483
5211,0.0008722780403,0.0009293503826
5212,0.001055060333,0.001194713092
5213,0.001120945024,0.00109066772
5214,0.001177564955,0.001175506113
5215,0.001035344161,0.001011159751
5216,0.0009889007197,0.0008491471817
5217,0.001142742134,0.001044368662
5218,0.00106360051,0.001082433984
5219,0.001336431327,0.001052332591
5220,0.001147600145,0.001028259212
5221,0.001030475702,0.001231550923
5222,0.001174315606,0.001021877251
5223,0.001227334811,0.001082075098
5224,0.0009169792829,0.001227614928
5225,0.001179693289,0.000988187312
5226,0.001112354788,0.0009968769009
5227,0.00104221877,0.001037319511
5228,0.001134284226,0.001027352315
5229,0.001056591005,0.001007464423
5230,0.0009794313519,0.00116482086
5231,0.001225309483,0.001184105095
5232,0.001115418265,0.001242146041
5233,0.001210769922,0.001007565203
5234,0.001083832394,0.0009928425789
5235,0.001062780575,0.001064259508
5236,0.001034196575,0.001250542438
5237,0.001042641437,0.001071051382
5238,0.001109466211,0.0009801959532
5239,0.001138318446,0.0009441751245
5240,0.001211494797,0.001178738712
5241,0.001060864452,0.001074157582
5242,0.001039838295,0.001504686916
5243,0.001249449124,0.001136744737
5244,0.001218262158,0.0009388442195
5245,0.001177970989,0.001105974341
5246,0.001081706738,0.001000445161
5247,0.00124781968,0.0009647679326
5248,0.001080306261,0.001065000441
5249,0.001107212309,0.001086292432
5250,0.001168585928,0.0008328619806
5251,0.0009581687482,0.001348126476
5252,0.001106447831,0.0009781539266
5253,0.001107718301,0.001114246705
5254,0.001163833811,0.001048312079
5255,0.001163321234,0.001186194386
5256,0.001552522532,0.0008102710053
5257,0.001328622981,0.001161249973
5258,0.001095188185,0.00107833973
5259,0.001146016242,0.001023600846
5260,0.001187045549,0.00105738001
5261,0.00118101672,0.001116445361
5262,0.001134717626,0.001043749835
5263,0.001073506653,0.001147412731
5264,0.001071630257,0.0009883456587
5265,0.001077397705,0.0009488797004
5266,0.001205057612,0.001188651855
5267,0.00129511625,0.0009665998223
5268,0.001139656633,0.001096299733
5269,0.001292469125,0.001051936597
5270,0.001402404429,0.001067265744
5271,0.00117203909,0.001084610325
5272,0.001343048207,0.000897987833
5273,0.001056672452,0.001048356498
5274,0.00108671737,0.001074422398
5275,0.001151660814,0.000890928095
5276,0.001295231566,0.0009039728975
5277,0.001228349516,0.0009848240807
5278,0.001166816481,0.0009976938309
5279,0.001241158607,0.001146781506
5280,0.001192824464,0.001015563197
5281,0.001157846018,0.00105430877
5282,0.00104440283,0.0009249433788
5283,0.001120247493,0.00114147237
5284,0.001202627194,0.0009219493732
5285,0.001115440951,0.001036362439
5286,0.001039059971,0.001019743977
5287,0.001056314017,0.001215415788
5288,0.001185640576,0.001215354394
5289,0.0009139019821,0.001137027655
5290,0.001094651103,0.000998590127
5291,0.00118874116,0.001016924332
5292,0.001136965766,0.0009789041142
5293,0.001331921012,0.001035303278
5294,0.001323353194,0.001147224124
5295,0.001059256494,0.0009530593379
5296,0.001144917042,0.001409857396
5297,0.0009638875999,0.001094476051
5298,0.001029487619,0.001052769105
5299,0.0009293624753,0.0009740131136
5300,0.00100981984,0.0009056093186
5301,0.001120636014,0.001145346658
5302,0.001403668684,0.001050867133
5303,0.001169728566,0.001484795721
5304,0.001177067388,0.001310141975
5305,0.001065163364,0.001070497827
5306,0.000965391293,0.001030514592
5307,0.00110685463,0.0009866855253
5308,0.001111694713,0.0009631978537
5309,0.001278019568,0.001060357245
5310,0.001071426013,0.001019309493
5311,0.001065436103,0.001118375862
5312,0.00108488831,0.0009513637706
5313,0.00108989924,0.001175161204
5314,0.00110909385,0.001065709097
5315,0.001121088266,0.0009761887413
5316,0.0011172581,0.0008981273713
5317,0.0009816708771,0.00102437938
5318,0.001011285327,0.001156451806
5319,0.0009142627896,0.001159914369
5320,0.001404492534,0.000897512924
5321,0.001085263735,0.0009481468878
5322,0.001196555539,0.0008637299616
5323,0.001118203669,0.001116577499
5324,0.001260180368,0.001283287223
5325,0.001161270571,0.001041226307
5326,0.001245741507,0.001062566756
5327,0.001054346336,0.001016536597
5328,0.0009022009399,0.001150387121
5329,0.001125736475,0.001049443868
5330,0.001388736062,0.0008946871312
5331,0.0008990341521,0.0008869213198
5332,0.001068307465,0.001009199026
5333,0.001022523531,0.000867773444
5334,0.0009833286022,0.0011786291
5335,0.001095548723,0.001357432797
5336,0.001073014115,0.001125371833
5337,0.001086521304,0.001140305852
5338,0.001075868386,0.00105388635
5339,0.001099517031,0.001115634506
5340,0.001112582941,0.001199724851
5341,0.00103672986,0.001029320701
5342,0.001122347261,0.0008894132407
5343,0.001201680381,0.0009972592961
5344,0.00112192089,0.00107630626
5345,0.001380851929,0.0009005934699
5346,0.001240734171,0.0009469709403
5347,0.001211757975,0.0008104923254
5348,0.001244237887,0.0009756288709
5349,0.001157794963,0.0008888067314
5350,0.00108137085,0.0009549191964
5351,0.001014367765,0.001054409026
5352,0.00110224176,0.001140032851
5353,0.0009907743879,0.001115758656
5354,0.001011924047,0.0009957338407
5355,0.001061953219,0.0009143149073
5356,0.001031323518,0.001065758493
5357,0.001196450721,0.0009354731592
5358,0.001255599855,0.0009862538427
5359,0.001134075072,0.001018887146
5360,0.001152514633,0.001038586874
5361,0.001092583014,0.000977693795
5362,0.001047872705,0.00103828789
5363,0.001213125171,0.0009587920504
5364,0.001163444482,0.001129247896
5365,0.001126299408,0.0008939609324
5366,0.001255650815,0.001014190486
5367,0.001072942083,0.001061388102
5368,0.001297599687,0.001162139284
5369,0.001205960725,0.000969481247
5370,0.001170908341,0.001031099033
5371,0.001036500769,0.0009603229773
5372,0.001222248946,0.001157323175
5373,0.001228804067,0.000993982183
5374,0.001239259385,0.001000398282
5375,0.001204428372,0.001183643646
5376,0.001318422044,0.001253373703
5377,0.001162795248,0.0009212326113
5378,0.001249368463,0.0009240399013
5379,0.001014343754,0.001002413352
5380,0.0009936979332,0.001052314619
5381,0.0009873160889,0.001185016714
5382,0.0009788645766,0.001112347032
5383,0.001057196154,0.001195277138
5384,0.001287076841,0.001123307484
5385,0.001140893481,0.001012070454
5386,0.001227162524,0.0009444263851
5387,0.001083874937,0.0009964859346
5388,0.001033637578,0.00100181163
5389,0.001134927697,0.0009542310036
5390,0.001003441088,0.0009734691848
5391,0.0009293781768,0.001046632184
5392,0.001065002427,0.001078711182
5393,0.001129434844,0.001024893776
5394,0.001049971739,0.0009774819991
5395,0.001107652322,0.001046881924
5396,0.001124113158,0.001086938646
5397,0.001070245416,0.001072399871
5398,0.001283194331,0.0009171535712
5399,0.0009533810298,0.001085569391
5400,0.001100993708,0.0008112148207
5401,0.001028786253,0.001050947278
5402,0.0008763333899,0.0009482638343
5403,0.001130558769,0.001118451881
5404,0.001147128372,0.001082133749
5405,0.001042370917,0.0009880731013
5406,0.001194812212,0.001080561757
5407,0.001010056083,0.001059104703
5408,0.001295500828,0.0008704757493
5409,0.001171186916,0.0009813207362
5410,0.0009884552346,0.00118073971
5411,0.001004484657,0.0009419842463
5412,0.001187505863,0.001118194741
5413,0.001194878467,0.000995018876
5414,0.0011982465,0.001084124204
5415,0.001082669914,0.000939676087
5416,0.001079016045,0.001047223879
5417,0.001095320404,0.0008534230728
5418,0.001051076637,0.0009009282949
5419,0.001224912194,0.001041810705
5420,0.001094591367,0.001067865538
5421,0.001295058813,0.0009799551917
5422,0.001042869553,0.001082506184
5423,0.001179403749,0.0008494715003
5424,0.0008376669139,0.0009823733635
5425,0.001152629702,0.001170477815
5426,0.001358764443,0.000984294973
5427,0.001135459897,0.00129686424
5428,0.001256333831,0.00103057643
5429,0.001205626621,0.001308574989
5430,0.001268060951,0.0009097439251
5431,0.00116875222,0.001014604393
5432,0.001062947689,0.001145911592
5433,0.001066538956,0.0009834473894
5434,0.0009790398326,0.0009589311376
5435,0.001180389467,0.001167040798
5436,0.0009829200717,0.0009943870391
5437,0.001102195216,0.0009094810011
5438,0.001062631141,0.0009803668218
5439,0.0009498379004,0.0009588486428
5440,0.0009546087822,0.00122944334
5441,0.001158828898,0.0009628656262
5442,0.001291582252,0.0009527509246
5443,0.001117174412,0.0009890332367
5444,0.001277684227,0.000982293328
5445,0.0009700912415,0.001116130123
5446,0.001068623096,0.001104103983
5447,0.001171959222,0.001084971049
5448,0.001184727887,0.0009371320848
5449,0.001076055261,0.0008984496671
5450,0.000978937831,0.001034146531
5451,0.001191783675,0.0009399908231
5452,0.0009970678439,0.0008652484903
5453,0.001129021039,0.001035612557
5454,0.001161255132,0.001059802438
5455,0.0009395961461,0.001085354452
5456,0.00117454135,0.0009399329865
5457,0.001101254318,0.001124283837
5458,0.001253153241,0.000976437761
5459,0.0009062931495,0.0008733690629
5460,0.001102439623,0.0009225270696
5461,0.0009357192102,0.0009620091805
5462,0.001019079638,0.0008368682611
5463,0.001048489867,0.0008973222502
5464,0.0009136357985,0.0009264056498
5465,0.001124037852,0.000802777482
5466,0.001231765746,0.001187857633
5467,0.001030440479,0.00103904085
5468,0.001026164951,0.001288002073
5469,0.001064214935,0.000897175174
5470,0.001101639289,0.001060631897
5471,0.00105317316,0.001010786142
5472,0.0009788456009,0.0009889341018
5473,0.001064229982,0.0008741363417
5474,0.001226634624,0.0008258036469
5475,0.0009830011331,0.001037758993
5476,0.00101615968,0.00102492109
5477,0.0009735900749,0.0008833194879
5478,0.001056939014,0.001265187071
5479,0.001101936607,0.001271259433
5480,0.001115829189,0.0009777063678
5481,0.001221739076,0.0009455987674
5482,0.001393601575,0.0008398275386
5483,0.001155345075,0.0009655562171
5484,0.001087233752,0.001158711908
5485,0.001078677175,0.0008409190668
5486,0.001043901269,0.001126544441
5487,0.00125022365,0.0009088359293
5488,0.0009519482846,0.001061599156
5489,0.001213103453,0.001087174423
5490,0.0009592349088,0.0008918600652
5491,0.001033195178,0.000910999559
5492,0.001008140236,0.0008847745048
5493,0.001229982983,0.001006083381
5494,0.0009673279055,0.0008920604887
5495,0.001024972007,0.0007874545736
5496,0.0009964952624,0.001064508411
5497,0.0009062983154,0.001180663377
5498,0.0007709095735,0.001168428586
5499,0.001152720572,0.0009936919087
5500,0.00120559131,0.001093141851
5501,0.001045979523,0.00101982394
5502,0.001108946446,0.001034673063
5503,0.0009532539916,0.001081369395
5504,0.001037663205,0.0009140276161
5505,0.0008816230766,0.001026853715
5506,0.001221279679,0.0009908806824
5507,0.0008493954956,0.001042049284
5508,0.001107392156,0.0009873483796
5509,0.001141879729,0.0009343406491
5510,0.0009479519067,0.001178215862
5511,0.001105059448,0.000935157841
5512,0.001078784313,0.00106869189
5513,0.001094127343,0.001021591881
5514,0.001009977488,0.0009522287946
5515,0.00102191099,0.0008564512536
5516,0.001167395487,0.001001042605
5517,0.001094619816,0.001006238563
5518,0.001058624293,0.0009706448327
5519,0.0008967921458,0.0009914805123
5520,0.001333855245,0.0009892246235
5521,0.001153265606,0.0008167465967
5522,0.001112780061,0.001135942424
5523,0.001135507133,0.001000835597
5524,0.001110673133,0.0009113905253
5525,0.001117671578,0.00106438568
5526,0.001083845651,0.0009419927519
5527,0.0009558885431,0.001026316721
5528,0.0008514957008,0.001032713706
5529,0.0009278606449,0.001188169037
5530,0.0010976474,0.001010066582
5531,0.0008968136826,0.0009340067991
5532,0.001169163057,0.00102698768
5533,0.0009170810008,0.0009475664992
5534,0.001080193993,0.001125341587
5535,0.001114174935,0.0008869695375
5536,0.001096808926,0.001001633151
5537,0.001030871608,0.001113725259
5538,0.001235587486,0.0008858230358
5539,0.001168062547,0.0009710833619
5540,0.001210954004,0.001017057584
5541,0.001117457636,0.001007687286
5542,0.001371401086,0.00127342809
5543,0.001043186145,0.001001231532
5544,0.0009575880758,0.0009055846967
5545,0.001149293508,0.001013396817
5546,0.001241683276,0.001002926845
5547,0.001062335272,0.0009904256876
5548,0.0008348635529,0.0008555160093
5549,0.0009821894637,0.001114229875
5550,0.0009860998907,0.0009307246874
5551,0.0008964249137,0.001018343137
5552,0.001121257621,0.001000263816
5553,0.001193519252,0.0009495486811
5554,0.001070489627,0.0009842653235
5555,0.00112948758,0.0009708948419
5556,0.001099450892,0.0009190448909
5557,0.001111894118,0.0009360059266
5558,0.001157950028,0.00100929926
5559,0.0009296559947,0.001138267566
5560,0.0009268553404,0.001174510726
5561,0.0009791662669,0.001182430533
5562,0.001121465495,0.0009351530171
5563,0.001206366745,0.0008747580141
5564,0.001002808101,0.001149479038
5565,0.001261066354,0.001023305835
5566,0.001036650268,0.000928780828
5567,0.001122070513,0.001163118839
5568,0.001215247663,0.001042620759
5569,0.0009893427487,0.001188650058
5570,0.001155344384,0.001017569324
5571,0.001389550765,0.0009611400819
5572,0.001354707638,0.001179473591
5573,0.00108410242,0.001113914419
5574,0.001087305063,0.0008964590452
5575,0.0009827986651,0.0008344667585
5576,0.000958657758,0.000978658456
5577,0.001033961395,0.0009076338938
5578,0.001274815833,0.0009158429893
5579,0.001066775782,0.001203677639
5580,0.001089047044,0.001015371061
5581,0.001238532474,0.0009204098242
5582,0.001046762125,0.001099526198
5583,0.001032357548,0.0009173244835
5584,0.001205274784,0.001004267957
5585,0.001038249437,0.0009913230824
5586,0.0009088556326,0.000887847782
5587,0.001149435964,0.001030337466
5588,0.001143854213,0.0008953556971
5589,0.001056974259,0.00105003269
5590,0.001223879466,0.0008849258156
5591,0.001128712473,0.001041758762
5592,0.0009698278736,0.00102759806
5593,0.001134001097,0.001165865848
5594,0.0009921619639,0.001061259951
5595,0.001153518038,0.001085839824
5596,0.001017687493,0.0009638623524
5597,0.001037954949,0.0009691409978
5598,0.001096665161,0.0008042668742
5599,0.001176314741,0.000983933438
5600,0.001081386959,0.001058125934
5601,0.0008783138765,0.0009799681357
5602,0.001098586632,0.0009713559557
5603,0.001047072845,0.001239031611
5604,0.001062568939,0.00106835262
5605,0.0009923638208,0.001074503532
5606,0.001108213371,0.00109996985
5607,0.001076854671,0.001051438427
5608,0.001285403567,0.0009249041977
5609,0.001182947868,0.001005516227
5610,0.001048248145,0.001067400932
5611,0.00111465517,0.001032636894
5612,0.000905766341,0.000879676496
5613,0.0009048817301,0.001042273856
5614,0.0009888479763,0.000890235402
5615,0.001091047205,0.0009726736898
5616,0.0009655432295,0.0009898762946
5617,0.001037776099,0.0009694877226
5618,0.001135327191,0.001114812876
5619,0.0008539723422,0.00110410239
5620,0.001168761344,0.0009747273652
5621,0.0009592499628,0.001005412814
5622,0.001184882451,0.0009524516208
5623,0.001116877196,0.0009649149069
5624,0.001056500827,0.001057291825
5625,0.001089877056,0.0008775634124
5626,0.001009103522,0.001067049016
5627,0.0008970781128,0.0009551461117
5628,0.001151961471,0.0008781519282
5629,0.0009939709998,0.001198820937
5630,0.001149592557,0.0008985416207
5631,0.001237589502,0.001094893632
5632,0.001028665414,0.001085380783
5633,0.00102736368,0.001000835618
5634,0.00117819618,0.0009769974204
5635,0.001120256173,0.001065590543
5636,0.0009024712926,0.001097558234
5637,0.001055322748,0.001005170459
5638,0.001140687782,0.0009700840747
5639,0.0009678605857,0.001036466063
5640,0.001024932091,0.0009829482588
5641,0.001052059735,0.0009507823997
5642,0.001070888458,0.0008397146084
5643,0.001054921013,0.001060132105
5644,0.001001785233,0.0009170981648
5645,0.0009521698448,0.0008174079048
5646,0.000871165721,0.00120532389
5647,0.0009010416616,0.0008433367366
5648,0.001022617667,0.000937141871
5649,0.001053965105,0.0008515378358
5650,0.001349260856,0.001109031211
5651,0.0009840068378,0.001092419443
5652,0.001123011592,0.001008730462
5653,0.0009830538256,0.001010162145
5654,0.0008893136983,0.000820010966
5655,0.001342061121,0.0009521934699
5656,0.001039871968,0.000905706409
5657,0.001123225215,0.001156738101
5658,0.001202742053,0.0008934265788
5659,0.001049146595,0.001042982447
5660,0.00092461842,0.0009567231464
5661,0.001390731915,0.001200592771
5662,0.001041930773,0.001176810358
5663,0.0009417593901,0.0009494850019
5664,0.0009874562093,0.001024982987
5665,0.000965120249,0.001179066145
5666,0.00108973153,0.001108451572
5667,0.001017149574,0.000855483464
5668,0.0009765025243,0.001038256443
5669,0.001334235596,0.0009985907454
5670,0.001042585405,0.001020148564
5671,0.001016856077,0.001092838356
5672,0.001128686796,0.0009283556356
5673,0.001004892969,0.0008355129467
5674,0.001006162958,0.0007762657697
5675,0.0008693339332,0.0008215529961
5676,0.001016861963,0.000819792629
5677,0.001034592045,0.001050422768
5678,0.001012938446,0.0008633290417
5679,0.001120884219,0.0009762088521
5680,0.000863337038,0.001009454849
5681,0.00110133869,0.0009316003852
5682,0.0009853923693,0.0008504007128
5683,0.0009220856082,0.001174406956
5684,0.0009128134188,0.001116926811
5685,0.00126693448,0.0008814806497
5686,0.0008905963768,0.000949229383
5687,0.000998145566,0.001016490511
5688,0.001134032362,0.001088088182
5689,0.001082137649,0.001117653555
5690,0.00101698465,0.0008772464862
5691,0.001098370944,0.0008466152358
5692,0.0009787857343,0.0008542663127
5693,0.001102226772,0.0009384435689
5694,0.0010459732,0.0008126025859
5695,0.0009400913732,0.0008658950028
5696,0.001012073313,0.001004915852
5697,0.0007969370563,0.001066471334
5698,0.001070168371,0.001052663756
5699,0.001281658711,0.001028844126
5700,0.0009624136292,0.0009737121582
5701,0.001042572309,0.0009539747916
5702,0.0008510304615,0.001024985206
5703,0.001039419833,0.001009585147
5704,0.001065581571,0.0008975700184
5705,0.0009824194349,0.0008619152941
5706,0.001105103969,0.0007457319225
5707,0.0009572805502,0.0009836705285
5708,0.001121538058,0.0009747450895
5709,0.001008187552,0.0007686676254
5710,0.00098767483,0.0008745675004
5711,0.001138043081,0.0008986545326
5712,0.001014667134,0.0009836052413
5713,0.001008845393,0.001110623649
5714,0.00108848558,0.0009376023881
5715,0.001000806231,0.0008661434549
5716,0.0009597225217,0.001034589608
5717,0.001184574896,0.001071667099
5718,0.001116192157,0.0008410580049
5719,0.001164779766,0.0009954576672
5720,0.0008571699291,0.0009366793165
5721,0.000832050493,0.0009486185518
5722,0.001022521821,0.0008769277119
5723,0.001051212043,0.000845510549
5724,0.001173503275,0.00086840734
5725,0.0009089990635,0.0009528576484
5726,0.001178162544,0.0008123644948
5727,0.001166135,0.00111836275
5728,0.001106083022,0.001058828762
5729,0.001010593027,0.001024359881
5730,0.0007972375679,0.001055775923
5731,0.000868714058,0.001134013466
5732,0.000929670452,0.0009177221509
5733,0.0009870036738,0.0009360317199
5734,0.001600384916,0.001063203345
5735,0.0009839784616,0.001034520254
5736,0.00106624201,0.001070019462
5737,0.001329049053,0.00107122973
5738,0.001092581384,0.0008281327973
5739,0.0009730558813,0.001012171837
5740,0.001142976267,0.0009693613756
5741,0.001130952311,0.001079559959
5742,0.0009567972593,0.0009969307575
5743,0.0009882948216,0.001176340011
5744,0.0008930861077,0.0009976415677
5745,0.001010603533,0.0009156265587
5746,0.0007801719985,0.001131271194
5747,0.0009527394286,0.001208678092
5748,0.001008641935,0.001087166922
5749,0.001046998324,0.00113903061
5750,0.001014880392,0.0009608646651
5751,0.0009377511087,0.0008971614443
5752,0.001144055685,0.000876141974
5753,0.0009623326114,0.001057369904
5754,0.0009714980115,0.0009327518419
5755,0.001064769283,0.001019002433
5756,0.0008991237482,0.0008477138399
5757,0.000956668322,0.0008824516117
5758,0.0009205492388,0.0008623272079
5759,0.0009973910201,0.0009681341908
5760,0.000964857747,0.001124847528
5761,0.001029118554,0.001197506681
5762,0.00118409784,0.001033629869
5763,0.001055820656,0.0008552174477
5764,0.0009723376206,0.001005944141
5765,0.001062318341,0.001154949692
5766,0.001076715656,0.00100157132
5767,0.001032126318,0.0009715741326
5768,0.001130311073,0.001166110589
5769,0.001071377803,0.001034283712
5770,0.0009965755671,0.0009485443661
5771,0.0009092979963,0.0007834957723
5772,0.001083105461,0.0008751779096
5773,0.0009472928577,0.0009969433886
5774,0.0009604035149,0.001088745659
5775,0.001099845816,0.001050003004
5776,0.001015726892,0.0009186148527
5777,0.001128933043,0.000824034425
5778,0.001087359138,0.000886766029
5779,0.0009120716568,0.001025736259
5780,0.0009402763972,0.001153139383
5781,0.0009936256174,0.0007586370775
5782,0.0009348248932,0.000919205886
5783,0.001074703789,0.0009470804944
5784,0.001006353101,0.001040715222
5785,0.001084978678,0.0009054410912
5786,0.0009210872158,0.001108032156
5787,0.00103541305,0.001075584805
5788,0.001109124991,0.0009258293867
5789,0.000900285544,0.001046160018
5790,0.001104811519,0.0009572470517
5791,0.0009418073241,0.0008184730214
5792,0.001159728978,0.0009595193842
5793,0.0009898313438,0.0009569150498
5794,0.0009100752141,0.001065141034
5795,0.001126901174,0.0008825532568
5796,0.0010251247,0.000910481147
5797,0.001053464046,0.0009228156196
5798,0.0009427906843,0.0009283608015
5799,0.001047553873,0.0007465035815
5800,0.001131861129,0.001087061617
5801,0.001007195176,0.00107659433
5802,0.0009196892352,0.001089427817
5803,0.001172996286,0.0009330342655
5804,0.001149721669,0.0008447746586
5805,0.0009063952821,0.001125055351
5806,0.001086990909,0.0008171657937
5807,0.001010002728,0.0008528019098
5808,0.00104519575,0.0008727769891
5809,0.0009541710533,0.0008848758152
5810,0.001018080096,0.001098853201
5811,0.001063097472,0.0009577811288
5812,0.001060873568,0.001048345541
5813,0.001463649154,0.0009493566249
5814,0.0009546622969,0.0008957487953
5815,0.001038098235,0.0008650556265
5816,0.0009691407977,0.001094410152
5817,0.0008900970279,0.0008557965193
5818,0.0008200935408,0.0009479728324
5819,0.001092126295,0.0009548412563
5820,0.001044291101,0.001080276073
5821,0.001070406674,0.0009829051269
5822,0.0009102045151,0.0009788776733
5823,0.001082413488,0.0009920616285
5824,0.0008960971172,0.0008916867737
5825,0.001231751929,0.00118993246
5826,0.001090270925,0.0009567056986
5827,0.0009685130572,0.0009284675689
5828,0.0009680904477,0.0007771653618
5829,0.001226401087,0.0009479406945
5830,0.00115864251,0.001002060395
5831,0.001022152297,0.001046606609
5832,0.000839288994,0.0009009920832
5833,0.001088827812,0.0009942475735
5834,0.001056059446,0.0009331227484
5835,0.001024162906,0.0009408933511
5836,0.001167036702,0.0009140252514
5837,0.001074637017,0.0008092293501
5838,0.001262776517,0.001141915054
5839,0.001072196523,0.0009868024208
5840,0.00111952654,0.001001491066
5841,0.00114871667,0.0009552865231
5842,0.0008478329837,0.001084627067
5843,0.001098092936,0.000903913613
5844,0.001066389203,0.001188542919
5845,0.001131503152,0.001096017892
5846,0.0009443155068,0.0009820057458
5847,0.0009764732604,0.001032133347
5848,0.001078712026,0.0008848980433
5849,0.001161030326,0.001031878433
5850,0.001071812658,0.0009408328769
5851,0.0008403447355,0.0009478800566
5852,0.0009910802328,0.0008463233899
5853,0.001198750804,0.0008157941811
5854,0.001123540911,0.001087041142
5855,0.0008894863931,0.0008867155266
5856,0.0009378594477,0.001021227901
5857,0.0011985479,0.000908469141
5858,0.0009857730474,0.0009658653507
5859,0.00117154287,0.000798242676
5860,0.001283478079,0.00100233683
5861,0.001186361231,0.0009525371643
5862,0.0009595707234,0.0009792284181
5863,0.001197357975,0.0008376485348
5864,0.0009315841889,0.0008926788068
5865,0.0009946479695,0.001027123551
5866,0.001122442816,0.0009113323758
5867,0.001107586424,0.0008240976895
5868,0.001109131532,0.0008972965807
5869,0.001103606824,0.001072545056
5870,0.0009171397978,0.0009741771428
5871,0.001064400392,0.0008277784727
5872,0.0009522279797,0.000944588428
5873,0.00126096516,0.000951479371
5874,0.0009325210121,0.0009014078605
5875,0.001016970054,0.001219865546
5876,0.0008871083628,0.0009511670141
5877,0.0009421566356,0.0007206139344
5878,0.001124681185,0.0009236385231
5879,0.0009060946613,0.0008654788035
5880,0.0009015210671,0.0009492140671
5881,0.0009999683025,0.0009873917879
5882,0.001175947167,0.0009981997136
5883,0.001074064763,0.0009297554934
5884,0.001192377196,0.0009403131116
5885,0.001041281321,0.001102426177
5886,0.0009030520014,0.0009655491267
5887,0.001009755098,0.0009584555301
5888,0.001002757686,0.001071709943
5889,0.001062371855,0.0009377187453
5890,0.00112073429,0.0009182330105
5891,0.001089152305,0.001003782716
5892,0.0009035272233,0.0008838840586
5893,0.001155262595,0.001052982327
5894,0.001003717291,0.0007560575832
5895,0.0009646168401,0.0009954224079
5896,0.000835984436,0.0008961396452
5897,0.0008673819175,0.0009553168202
5898,0.0009105547433,0.0008942960922
5899,0.00113918131,0.0009092583059
5900,0.001155894366,0.0009757666921
5901,0.0009275470002,0.001031726577
5902,0.000986397652,0.001037738606
5903,0.000908353446,0.0008637515857
5904,0.0008593741659,0.0009115950816
5905,0.0009743104092,0.0009559144819
5906,0.0009777472587,0.0008088508184
5907,0.000983442791,0.0007696583853
5908,0.0009517783401,0.000754265362
5909,0.001036485737,0.00110555494
5910,0.001193372824,0.0008986710964
5911,0.001168703544,0.0009089829036
5912,0.001153419995,0.001111401521
5913,0.001222497296,0.0009783048736
5914,0.00118185379,0.0009959002491
5915,0.0008834329856,0.001154829311
5916,0.000944330779,0.0009663387827
5917,0.0009846237153,0.001070584083
5918,0.0009941076933,0.0009089125306
5919,0.001153970719,0.001126870302
5920,0.00101395927,0.00101175654
5921,0.0008663513945,0.0008884975832
5922,0.0009946496502,0.000876982318
5923,0.0009282262981,0.0007876673117
5924,0.0008605164112,0.0008914556747
5925,0.000827950942,0.0009377608658
5926,0.0009636606192,0.0008889224337
5927,0.0009696214111,0.0009048269058
5928,0.001092720544,0.0008179165889
5929,0.0009557216545,0.0008070539698
5930,0.0008495467628,0.001022918455
5931,0.001231607072,0.0009501995737
5932,0.001297326766,0.0009210728458
5933,0.001161163076,0.000965494808
5934,0.001096630614,0.001028582352
5935,0.001229521855,0.001110864374
5936,0.0008452550828,0.0009005488682
5937,0.001167872157,0.001076523695
5938,0.001018189148,0.0009585216321
5939,0.0009174696024,0.001020601572
5940,0.0009065984777,0.0009835072124
5941,0.001104607712,0.001029796207
5942,0.0009320518293,0.0008209206862
5943,0.001071637642,0.0008849928126
5944,0.001020322408,0.001037145317
5945,0.001134476734,0.0009864003587
5946,0.001137993866,0.0009416610701
5947,0.001042204793,0.0009232405428
5948,0.0008754120718,0.0009521162647
5949,0.001102702445,0.0009675174224
5950,0.0009202493748,0.0008575607426
5951,0.0008863161493,0.001041443233
5952,0.0008760883793,0.0009254666365
5953,0.00109436061,0.001007598396
5954,0.001069390324,0.001165336929
5955,0.0007770767916,0.0009579635007
5956,0.001054359724,0.0009236720653
5957,0.0009125775177,0.001061500305
5958,0.0009446124532,0.0007730810394
5959,0.001112966704,0.0008353547455
5960,0.0009430472055,0.000974754148
5961,0.001053774817,0.0009195473103
5962,0.0009614150476,0.001009431675
5963,0.00108825176,0.0009966171419
5964,0.0009705021803,0.0008415578704
5965,0.000946532411,0.001019934658
5966,0.0012489972,0.0008225625643
5967,0.0009411343053,0.0009536035432
5968,0.0008492537236,0.0008880924433
5969,0.001186089838,0.0009635636598
5970,0.001250330475,0.0009114216955
5971,0.001015357309,0.0009660314536
5972,0.0008559868584,0.0009296193457
5973,0.001078027773,0.0008574387321
5974,0.0008114055527,0.0008467418083
5975,0.0009748925877,0.0008630849916
5976,0.0009806026646,0.0008954801451
5977,0.0006838132249,0.0009943290497
5978,0.001126999647,0.0009025906838
5979,0.001007716477,0.0008720927799
5980,0.001061856536,0.0008966723253
5981,0.001030992535,0.0008494200811
5982,0.001022138887,0.0009055054543
5983,0.0009929005755,0.001038374183
5984,0.0009052308305,0.0009342120247
5985,0.0008611464254,0.0008781976212
5986,0.0009021379374,0.0008626573181
5987,0.0008333448495,0.0009156538363
5988,0.0008735447409,0.001073404412
5989,0.001284341066,0.001017744435
5990,0.001059238806,0.001065003715
5991,0.00102845225,0.0009552176634
5992,0.0007801922548,0.0008173586393
5993,0.001201707993,0.001111057674
5994,0.0009484648981,0.0008013334082
5995,0.001189673152,0.000956349897
5996,0.000945164611,0.001094038118
5997,0.001141776804,0.0009908963766
5998,0.0008869088051,0.00076940703
5999,0.001004323371,0.0008840063456
6000,0.001069058271,0.0009007625558
6001,0.0008918672465,0.0009031974114
6002,0.0008551089486,0.0008828698556
6003,0.000973367627,0.0007729660756
6004,0.0009698485592,0.001078733156
6005,0.0008361952787,0.0009412785439
6006,0.0009917727875,0.0009322411061
6007,0.001148087591,0.0008466688159
6008,0.0009854358141,0.0009735991844
6009,0.0009573235584,0.0009141000119
6010,0.0009775578874,0.00103091621
6011,0.0009838070691,0.001160730782
6012,0.000922603067,0.0009741970134
6013,0.0008801523509,0.0009216219114
6014,0.001004252743,0.001106984571
6015,0.001287763967,0.0008706916924
6016,0.001151146833,0.0008361929795
6017,0.001024565099,0.001088519966
6018,0.0007555696066,0.0008811472071
6019,0.001298349409,0.0008329915581
6020,0.0009765346476,0.0008947058668
6021,0.001060879484,0.001020036514
6022,0.001079719113,0.0008513703142
6023,0.001042179269,0.0008289461985
6024,0.0008735990705,0.0009486973759
6025,0.001183877343,0.001039784533
6026,0.0008311538913,0.0008675803692
6027,0.0008715646181,0.001043628843
6028,0.0009997891757,0.0008549528793
6029,0.0009410114872,0.0009706307756
6030,0.00095402835,0.001070389866
6031,0.001008074178,0.0009261562082
6032,0.0008303472241,0.001087441793
6033,0.0009462618691,0.0008394821307
6034,0.0009627283071,0.0008521727868
6035,0.00106582859,0.0009632900183
6036,0.0008029929377,0.0008311429956
6037,0.0009686577032,0.0008310577687
6038,0.0008685562643,0.001009047279
6039,0.0009008937632,0.0009852986186
6040,0.0008908013333,0.0008503721256
6041,0.001095852065,0.0007587819564
6042,0.0009302223261,0.0008395580298
6043,0.0009531372707,0.001067614074
6044,0.0008814784742,0.0008845912962
6045,0.00107041392,0.0007471985882
6046,0.0007998457804,0.0008580458889
6047,0.001037441078,0.0008958238759
6048,0.0008072190321,0.0008272470368
6049,0.0009552455813,0.000978523567
6050,0.0008856759305,0.001001835
6051,0.000974758419,0.0007804254419
6052,0.0009658227355,0.0008178092539
6053,0.001083058363,0.000830272882
6054,0.0009011042566,0.0009509776282
6055,0.0008633445832,0.001009612955
6056,0.0008054472237,0.0008204664555
6057,0.0007789946612,0.001036757836
6058,0.000969329667,0.000834919927
6059,0.001052435546,0.001000034114
6060,0.0009367208186,0.0009370661501
6061,0.001128008851,0.0008838398135
6062,0.001018757546,0.0009935916023
6063,0.0008922235356,0.001224480977
6064,0.001114957435,0.0007377305519
6065,0.0009557962403,0.0009971490508
6066,0.0008788127743,0.001031482148
6067,0.0008941829874,0.0009047107378
6068,0.0008699820464,0.001010092463
6069,0.0008608370481,0.0008779153795
6070,0.0009847232941,0.0009258637656
6071,0.0009052585738,0.0009048974534
6072,0.001017987983,0.0008035727587
6073,0.001008474399,0.0008238496666
6074,0.0008874265113,0.0008698993188
6075,0.001318014081,0.0007588135122
6076,0.00110067027,0.0009085606471
6077,0.001079349051,0.0009330362955
6078,0.001021632736,0.001048347774
6079,0.001163541216,0.0009423238153
6080,0.000844190552,0.0009420084971
6081,0.001056296758,0.001007979736
6082,0.001048083075,0.0008412185271
6083,0.0009555952201,0.000856398965
6084,0.001073188607,0.001082939547
6085,0.0007835105898,0.0009200263885
6086,0.001152923687,0.0008001430033
6087,0.001026912032,0.001013913818
6088,0.001054284534,0.0008524984587
6089,0.001029005325,0.001009255953
6090,0.000875213067,0.0008484289938
6091,0.001133001526,0.001049498213
6092,0.001075903347,0.0009560738254
6093,0.001002437966,0.001168738665
6094,0.001015273607,0.001179797422
6095,0.001146257957,0.0008707688903
6096,0.001136623439,0.0008757625692
6097,0.001047647042,0.0008181250669
6098,0.001081935785,0.0007426420998
6099,0.0009987789163,0.0009601382844
6100,0.001089260826,0.001087012039
6101,0.001007107872,0.0009516543287
6102,0.0009366355989,0.001059740483
6103,0.001012316694,0.0009401732168
6104,0.0009079632364,0.0009058838768
6105,0.001120880799,0.0009650013017
6106,0.0009127825615,0.0007402211995
6107,0.001156847487,0.0009515463607
6108,0.001080261965,0.001100933041
6109,0.0009754095954,0.0008040510584
6110,0.001067092016,0.0009084877674
6111,0.0009446739132,0.0009150936894
6112,0.000968567052,0.0009125002471
6113,0.0008003669936,0.0008340796703
6114,0.001171370626,0.0008870899765
6115,0.000783027077,0.0008792225854
6116,0.001113922051,0.001164938672
6117,0.001079384761,0.0008630186931
6118,0.0008640487213,0.001001911529
6119,0.0009745505813,0.000995031176
6120,0.0009038371572,0.0007540051665
6121,0.0009199233682,0.0008514525034
6122,0.000793638399,0.000787949808
6123,0.001031689215,0.0009552494084
6124,0.001018183568,0.0008011217215
6125,0.001073613297,0.0007513421006
6126,0.0009255752302,0.001019668329
6127,0.0009048861466,0.001027029655
6128,0.0008520389674,0.0008710231778
6129,0.0009231617223,0.0008621731831
6130,0.0008214191912,0.0008856784625
6131,0.0008160746984,0.0009491730161
6132,0.001036385802,0.001009609136
6133,0.001161370594,0.0008527036043
6134,0.00104752984,0.0008393276439
6135,0.001000327356,0.001003856807
6136,0.001007768267,0.0009282767496
6137,0.001126410614,0.0008425526685
6138,0.0009275009288,0.0008262783595
6139,0.0009656708135,0.0008246012003
6140,0.001122785718,0.0009145894146
6141,0.001024107725,0.0008855252017
6142,0.001087215438,0.0008632463432
6143,0.0007818306476,0.0008351474826
6144,0.001138426742,0.0009787554445
6145,0.0009934542832,0.0008202057943
6146,0.001138469968,0.0008333536534
6147,0.001043996686,0.0009049898799
6148,0.0009691514424,0.0008692566844
6149,0.0009933972833,0.000863393936
6150,0.001307252212,0.0007741056834
6151,0.0008660521707,0.001009106367
6152,0.001091502025,0.00102064768
6153,0.0009926019557,0.0008853430481
6154,0.001009089443,0.0008991590585
6155,0.0009592799761,0.0008577704066
6156,0.0009492883182,0.001073050094
6157,0.0008494151916,0.0009101769901
6158,0.001261852893,0.0008718333993
6159,0.0009213683297,0.0008884296112
6160,0.001084716227,0.001025466132
6161,0.0009833300574,0.0009438476918
6162,0.001046248326,0.0009221621585
6163,0.0009016812182,0.0009873536474
6164,0.001093678453,0.0008810370564
6165,0.00105106621,0.001057794441
6166,0.0009990548642,0.0008209509906
6167,0.0009426417819,0.0008644640184
6168,0.0008557643014,0.0009294098563
6169,0.0009163661161,0.00108303412
6170,0.0008505335281,0.0008256663132
6171,0.0008716053635,0.0009042498568
6172,0.001052906868,0.0008859272784
6173,0.0009815041994,0.0009684855759
6174,0.0008871737737,0.001113678314
6175,0.001003980658,0.0007929173444
6176,0.0008743842336,0.0007464724695
6177,0.001271375062,0.001077515284
6178,0.001213435266,0.000910180388
6179,0.001070584942,0.000852100573
6180,0.0008521239215,0.0009043164318
6181,0.0008828318823,0.0008404291366
6182,0.0007777942155,0.0008394572142
6183,0.0009784851645,0.000850276374
6184,0.0008852735264,0.0008572904335
6185,0.001142155459,0.001092849147
6186,0.0009917324278,0.0008197602801
6187,0.0009846606554,0.0008781760334
6188,0.000863577734,0.001057834997
6189,0.001029157516,0.0008441380851
6190,0.0008547937177,0.001129703203
6191,0.001005019811,0.0008705241708
6192,0.0007814260243,0.0009948367369
6193,0.001037138201,0.00085642044
6194,0.001089812366,0.0009207238691
6195,0.001134138765,0.0008938676547
6196,0.001060887509,0.0008237842339
6197,0.001092706341,0.001050161751
6198,0.001234832394,0.0008279293615
6199,0.0008370897704,0.001018356656
6200,0.0009157654567,0.00102690838
6201,0.001041624844,0.0008039997629
6202,0.001042391297,0.000830697536
6203,0.0007847995003,0.001039443909
6204,0.0008661149914,0.0008697530066
6205,0.00113728139,0.0008744717416
6206,0.001064795673,0.001050528888
6207,0.001132288606,0.0007818661034
6208,0.001138590276,0.0008956437741
6209,0.0008800046198,0.00110739666
6210,0.001218121994,0.0009506549395
6211,0.0009117825903,0.0009876294498
6212,0.0008164096071,0.001042207135
6213,0.000888497314,0.001023070872
6214,0.00121376579,0.001051832827
6215,0.001127594143,0.001118710075
6216,0.0008943700814,0.0009815178637
6217,0.001008730731,0.001028388564
6218,0.001254113107,0.0009489990553
6219,0.001092214407,0.0009983957825
6220,0.0009118552189,0.000870175405
6221,0.001079785652,0.0009146318262
6222,0.0008934224679,0.001210565853
6223,0.0008432105533,0.0009660043725
6224,0.0009112464249,0.0009391258209
6225,0.0009230668657,0.0009924375117
6226,0.001029577659,0.0008105032903
6227,0.001074885433,0.001127411291
6228,0.0009016190816,0.001221010585
6229,0.0008804915342,0.0007545321787
6230,0.0009764192291,0.00113613646
6231,0.001004264297,0.001040667135
6232,0.0008702366758,0.0009524558336
6233,0.0008199753865,0.0008227041035
6234,0.000759919476,0.0009567082961
6235,0.000943739491,0.0008893847771
6236,0.0008925303118,0.0009327315202
6237,0.001021317294,0.0008710071634
6238,0.0009024395622,0.001034793182
6239,0.0007880359553,0.0009699779257
6240,0.001127157637,0.001039413939
6241,0.000876222497,0.001047974816
6242,0.0009113812921,0.001016265916
6243,0.001018750867,0.0008831576088
6244,0.000907277441,0.001061226234
6245,0.001076027278,0.0009206136747
6246,0.000777461144,0.00113715059
6247,0.001111277408,0.001037789454
6248,0.001025572034,0.0008029706587
6249,0.0009127560479,0.0008047327938
6250,0.001006026403,0.0007934552632
6251,0.0009737161818,0.0008237134389
6252,0.001006011094,0.0008739069526
6253,0.0007894153096,0.0009859688507
6254,0.0009427858604,0.0008196049166
6255,0.0009661502409,0.000806967284
6256,0.0007946984879,0.0008963891523
6257,0.0009217468505,0.0008748807595
6258,0.0009178103792,0.0008604646064
6259,0.000959330042,0.0008978417172
6260,0.0009186543175,0.0008809090723
6261,0.0008451612302,0.0007646264967
6262,0.001034353474,0.0006803060387
6263,0.0009198251209,0.0009581305276
6264,0.0009287976791,0.0008983491571
6265,0.001179266466,0.0008595534819
6266,0.000951287082,0.0009386879537
6267,0.001160194966,0.001014031579
6268,0.0008501526318,0.0008400156221
6269,0.001005983686,0.0008675831414
6270,0.0008678517625,0.0008914837526
6271,0.0008980086059,0.0008580533176
6272,0.0009342000631,0.0009765738287
6273,0.001143784764,0.001078050787
6274,0.0009291269453,0.000950912523
6275,0.001144241549,0.0009239431456
6276,0.0009931534005,0.0008547556936
6277,0.001113734645,0.0009553174605
6278,0.001011019849,0.0008443174302
6279,0.00095564605,0.001019962256
6280,0.0008773852169,0.000943832536
6281,0.001137839638,0.0008257800073
6282,0.0008455362549,0.00105612828
6283,0.0007771972669,0.0008633652069
6284,0.0008716682496,0.0008696247896
6285,0.0009057910866,0.0008420680388
6286,0.000722593657,0.0007691875289
6287,0.001104183873,0.0008695006472
6288,0.001007336337,0.0009334147107
6289,0.0008794183741,0.00106675829
6290,0.0008809768624,0.0008322805515
6291,0.0009849933485,0.0007673999826
6292,0.0009687086931,0.0008984667656
6293,0.0009318440061,0.0008940542975
6294,0.0008198969081,0.0009134395004
6295,0.0008122701765,0.0006604411174
6296,0.0009838570986,0.0009917997741
6297,0.0008742097634,0.0008150727663
6298,0.0009600846679,0.0007402974552
6299,0.0008579097484,0.0008551050196
6300,0.0009735021085,0.0007477045037
6301,0.0009328615706,0.000756690948
6302,0.0009118533344,0.0008587288903
6303,0.001028057704,0.001107441843
6304,0.0009673275854,0.0011720861
6305,0.001171428987,0.0009047474668
6306,0.0009677678827,0.001083657975
6307,0.0008916333318,0.001200614388
6308,0.0009383371362,0.0009683183744
6309,0.0009182666472,0.0006471584129
6310,0.0009359384712,0.000732065826
6311,0.0008612643214,0.000946557615
6312,0.0008705816072,0.001013231755
6313,0.001036505382,0.0008251155377
6314,0.001065192686,0.0009571186529
6315,0.0008509497347,0.001179166153
6316,0.0009192256548,0.0008839976799
6317,0.0008471157198,0.0008698679085
6318,0.0009537025544,0.0009660786236
6319,0.0008590416001,0.001049241175
6320,0.001006507788,0.0007830729082
6321,0.0009022047598,0.0009293546973
6322,0.001012572116,0.0009072162793
6323,0.001062645759,0.0008785391838
6324,0.0008684543136,0.0009121964831
6325,0.0008891951657,0.0009185763192
6326,0.001098619257,0.0008614298422
6327,0.0009178731852,0.0009422182484
6328,0.001007003797,0.0008353230223
6329,0.0008236430003,0.0009694302134
6330,0.0009075133057,0.0007742899979
6331,0.0009283251202,0.0007631518238
6332,0.0009094344496,0.0008798855779
6333,0.0009639496202,0.0009635769966
6334,0.0009759634704,0.0009115618086
6335,0.0008728637113,0.0007362204633
6336,0.0008847086865,0.0008778289193
6337,0.001176217993,0.000936870405
6338,0.0008685787761,0.0009561706247
6339,0.0009631369612,0.0009112877633
6340,0.0009717705325,0.0009012604714
6341,0.0008893728518,0.0009877197008
6342,0.0008547852558,0.0007684668381
6343,0.0009906378255,0.0009038099161
6344,0.0009419624475,0.0009487377101
6345,0.0009260083243,0.001005168386
6346,0.0008179864017,0.0009613206857
6347,0.001026803475,0.000873411489
6348,0.0009441109796,0.0008950919218
6349,0.00102885774,0.0008268944366
6350,0.0009321630641,0.0007930848951
6351,0.000861254397,0.0009816028614
6352,0.0008266855511,0.0008640207016
6353,0.0009241887165,0.000897830585
6354,0.0009112704138,0.001158699226
6355,0.0008249532912,0.0009032560265
6356,0.001009795131,0.0008706710214
6357,0.0009180184788,0.000863407513
6358,0.000854812999,0.0007880995072
6359,0.000935656768,0.0007764480397
6360,0.0009477802523,0.000755211644
6361,0.0008567967961,0.0008408759095
6362,0.0009674444591,0.001040538773
6363,0.0009164634721,0.0008958066974
6364,0.0007698268018,0.000814130537
6365,0.0009410602652,0.0008584298339
6366,0.0009689400395,0.0009659417483
6367,0.001113374907,0.0009290524249
6368,0.0009161121561,0.0008899045351
6369,0.0008045266804,0.0007209699979
6370,0.0008840757873,0.0007520396393
6371,0.0006988637906,0.001032317799
6372,0.0008004237243,0.0007075712856
6373,0.0009764292117,0.0007249931587
6374,0.0008588053897,0.0009039710312
6375,0.0008932590863,0.0008071115444
6376,0.0008888846496,0.0009020732905
6377,0.0009701698,0.0009202498986
6378,0.0009785069924,0.0007953765671
6379,0.0008804673198,0.0007710594582
6380,0.0009943592158,0.0008549250852
6381,0.0008252810148,0.0009194242957
6382,0.0009448927231,0.00106658625
6383,0.0008666917347,0.0009656249968
6384,0.0008683014748,0.0007521341322
6385,0.00096800951,0.0008829524741
6386,0.0008034199782,0.0009562168707
6387,0.001119032488,0.0008529921251
6388,0.001029392166,0.0009264888868
6389,0.0009765382201,0.0009129901664
6390,0.0009483858958,0.0008205035192
6391,0.0008816026457,0.0009116171132
6392,0.001156526931,0.0008315722662
6393,0.001029234278,0.0009047429921
6394,0.0008971928037,0.0009074090849
6395,0.0008842955431,0.0007655352238
6396,0.001012975808,0.0008981576684
6397,0.0009150460537,0.0008187392414
6398,0.0009553200143,0.0009814766308
6399,0.0008579843343,0.0007475524581
6400,0.0009978481103,0.0008144306921
6401,0.0008194228212,0.0009232237862
6402,0.0008918344756,0.001046660735
6403,0.0009137721499,0.0009007694825
6404,0.0008883167538,0.0008409523361
6405,0.001302103388,0.0009167746321
6406,0.0009040771838,0.0007742267699
6407,0.0009270439405,0.0009197018881
6408,0.0009233534438,0.0007946348705
6409,0.0007301807491,0.001106906406
6410,0.0008798721028,0.001029220723
6411,0.0009255740661,0.0007963809658
6412,0.0008470856774,0.001033809218
6413,0.0007675082597,0.0009357198433
6414,0.0008495860675,0.0007535496334
6415,0.0008971836287,0.0009337162337
6416,0.0008942701024,0.0007780272572
6417,0.001069937491,0.000773102518
6418,0.001088222401,0.0008621955058
6419,0.001065161014,0.0007640909826
6420,0.001076375869,0.0008614500475
6421,0.001098322777,0.0009618101321
6422,0.000950295369,0.0007579953162
6423,0.0008611399899,0.0009898864228
6424,0.0006960709616,0.001045830737
6425,0.001033289096,0.0008516646012
6426,0.0009678272691,0.0009381507844
6427,0.000871607881,0.0008272571649
6428,0.0009366618033,0.0009568064925
6429,0.0008866333446,0.001000502154
6430,0.001012638531,0.00101680401
6431,0.0007579052908,0.0008556500688
6432,0.0009227866249,0.000886550406
6433,0.0009037645505,0.0008616128544
6434,0.0008745173618,0.0008642472822
6435,0.001149170523,0.0007578221921
6436,0.0009418203954,0.0008383021413
6437,0.0009471508019,0.0008103841938
6438,0.0009763061098,0.0007885501473
6439,0.0008936208978,0.0007384545897
6440,0.0009057389689,0.0008262893243
6441,0.0008343351874,0.000874509773
6442,0.0009587605382,0.0007988189172
6443,0.001243411214,0.0008877931432
6444,0.0009656890252,0.0007776673083
6445,0.0009419870912,0.0009096426693
6446,0.000917528414,0.0008946530943
6447,0.0009580163096,0.0008178727439
6448,0.0009818860999,0.0008905468931
6449,0.0009004961103,0.0008740920603
6450,0.0008080972912,0.0008220062446
6451,0.0009817312384,0.0007061588731
6452,0.001107471442,0.0008674527708
6453,0.0009725867931,0.001014051784
6454,0.0008368590279,0.0007418337482
6455,0.0007248633046,0.00100503242
6456,0.0008955812445,0.0008478842719
6457,0.0009266765264,0.0007864063591
6458,0.0007731173682,0.001009622625
6459,0.0008450633395,0.0008423442268
6460,0.0008795927497,0.0006549866812
6461,0.001039583847,0.0008376749029
6462,0.001018490162,0.0009278112848
6463,0.0009117895534,0.001051002597
6464,0.0008505642618,0.0009835168166
6465,0.0008613414029,0.0009343754937
6466,0.001034271248,0.0007353562323
6467,0.0009349572247,0.0008278605746
6468,0.0007544457767,0.0009923391444
6469,0.001039154726,0.0008598299246
6470,0.001025552949,0.0007712190345
6471,0.0009483104732,0.001165859823
6472,0.0008166963453,0.0009292051618
6473,0.0008462551195,0.0008566918259
6474,0.00102678527,0.0007071084256
6475,0.001118246153,0.0008260927425
6476,0.0008327070318,0.00079493464
6477,0.0009300513047,0.0008279428803
6478,0.0009600285193,0.0009579246907
6479,0.00105338003,0.001051872925
6480,0.0009087514918,0.0008377561026
6481,0.0009433333616,0.0008118869519
6482,0.0008772317487,0.00075476239
6483,0.0007378554146,0.0008255152643
6484,0.0008504692232,0.001037731832
6485,0.0007994074767,0.0008594286264
6486,0.0009732529143,0.0009665942125
6487,0.0009292570612,0.0008338942498
6488,0.0007884156366,0.0009246717818
6489,0.0008561790601,0.0008766006285
6490,0.0008978316473,0.0008645652051
6491,0.001113370985,0.0007964168763
6492,0.001059514092,0.0008585140313
6493,0.0008228883889,0.0009101107353
6494,0.0008837029673,0.001088465026
6495,0.0008707836241,0.0008100150662
6496,0.001099412817,0.0009330398389
6497,0.0008879160814,0.0007940148789
6498,0.0009579008474,0.00081329354
6499,0.0008889355086,0.0009253077151
6500,0.001003635451,0.0008967956237
6501,0.0009581072154,0.000974873823
6502,0.001096954576,0.0005776312355
6503,0.0008872771068,0.0008207058709
6504,0.0009201493667,0.0008418150392
6505,0.0008211752356,0.0008779346099
6506,0.0009002203369,0.0009120397299
6507,0.00096759812,0.000818685774
6508,0.0009448942437,0.0009977037334
6509,0.0008801820732,0.0009475745828
6510,0.0008042525078,0.0007554441036
6511,0.0008524578443,0.0008864374031
6512,0.001046438949,0.0007382945696
6513,0.0009944781777,0.0007764723996
6514,0.0008775840251,0.0009305951244
6515,0.001208046837,0.001010338769
6516,0.0008959027036,0.0009802262502
6517,0.001051764484,0.0007933255329
6518,0.0009466146876,0.0008928777534
6519,0.0009235378384,0.0009712992396
6520,0.000848270487,0.0009457470514
6521,0.001038074079,0.0009393791042
6522,0.0008826574704,0.0008482467529
6523,0.0009386323291,0.0008959817133
6524,0.001036706133,0.001057291367
6525,0.000844644157,0.00093336801
6526,0.0009803159555,0.0009166584059
6527,0.0008195145929,0.00100912185
6528,0.0008457027216,0.000864422349
6529,0.0007919981581,0.0009261567502
6530,0.0007795723432,0.0009106477373
6531,0.0008244738201,0.0008473743328
6532,0.0009029268331,0.0009762085901
6533,0.0008780861608,0.0009808619434
6534,0.0009476682753,0.0009388220205
6535,0.001021929296,0.0009127283993
6536,0.0009473523824,0.000985006096
6537,0.0009153951978,0.000803246985
6538,0.0008487071609,0.0009197407853
6539,0.001063272153,0.0008339666601
6540,0.0007413265921,0.0009640430508
6541,0.0008842070456,0.0007242919964
6542,0.0008955643352,0.0008693053824
6543,0.0008110674316,0.0008373467062
6544,0.0007538607642,0.0007528066199
6545,0.0009144729629,0.0009170011108
6546,0.0009603600556,0.0008144690801
6547,0.000846382798,0.0007361126045
6548,0.0009530064126,0.000873907371
6549,0.0008731270573,0.0009541357576
6550,0.0009086572536,0.0008696447549
6551,0.0008539275877,0.001160609514
6552,0.0008922300476,0.000956148433
6553,0.0009753613631,0.0007602146216
6554,0.001006187194,0.0009937654322
6555,0.001030025676,0.000982199701
6556,0.0007709165584,0.001083754076
6557,0.0008389886862,0.0009344586069
6558,0.000817472639,0.0007780119122
6559,0.000983191414,0.001039610004
6560,0.0009032386952,0.0009267734204
6561,0.0008459593228,0.0009590703994
6562,0.0007453083381,0.0007798994338
6563,0.001145629598,0.0007321642552
6564,0.0009213745143,0.0008315774976
6565,0.0008724517393,0.0008604423274
6566,0.000810798716,0.0008785426689
6567,0.0009193354927,0.0009002190418
6568,0.0008563026931,0.0009014468305
6569,0.0009130335347,0.0008049034295
6570,0.0009498980507,0.0009583264036
6571,0.0009480525405,0.001051664869
6572,0.0008361448272,0.0008310098056
6573,0.0009570842885,0.0008546284225
6574,0.001090563324,0.0007007612367
6575,0.001048636106,0.0009681285883
6576,0.0008917008963,0.0008911479235
6577,0.000778373811,0.0008690502
6578,0.0009042556921,0.0009136340668
6579,0.001010647102,0.0008255885914
6580,0.0007930851571,0.000955399395
6581,0.0008835792032,0.0007597259391
6582,0.0009110209139,0.000980747529
6583,0.0008564969321,0.001058603208
6584,0.0008524833756,0.001055531138
6585,0.001053717875,0.0008329217817
6586,0.0009454731626,0.0009582918356
6587,0.0008613658647,0.0007998421861
6588,0.0009485511546,0.000867650655
6589,0.001006196137,0.0008755604431
6590,0.0007362200122,0.0009295829004
6591,0.0009745637581,0.0008786925391
6592,0.0008432955947,0.001035364818
6593,0.001101477741,0.0008883582268
6594,0.0009826219903,0.0008232412874
6595,0.001022426062,0.0008251814579
6596,0.000819996676,0.0007595985808
6597,0.0008844113399,0.000899689112
6598,0.0009687794591,0.0009019997597
6599,0.000853158017,0.0008694416174
6600,0.0008708647001,0.0009718213114
6601,0.0009252609962,0.0007105672776
6602,0.001043876662,0.0009672632586
6603,0.0009889573848,0.0009909599685
6604,0.000824101633,0.0008910925753
6605,0.0008476783332,0.0007647856764
6606,0.0009465077237,0.0009323041741
6607,0.0008106636451,0.0008942554196
6608,0.0007982688621,0.0007231955533
6609,0.001066150991,0.000827490745
6610,0.0008725759762,0.001072589177
6611,0.0009690990555,0.0009796980157
6612,0.0009735263302,0.0008101138228
6613,0.0008012147155,0.0008622666501
6614,0.0008479416065,0.0008798283307
6615,0.00092338385,0.0009502566245
6616,0.0009922377576,0.0006934603734
6617,0.001003078396,0.000864913236
6618,0.001002160519,0.0008317228821
6619,0.000820498768,0.0008486898769
6620,0.0006805374869,0.0009724992124
6621,0.0007661705458,0.0009050101144
6622,0.0008005758427,0.000864263413
6623,0.001002367557,0.001021397198
6624,0.0007891352652,0.0008733620489
6625,0.001007619627,0.0009175126324
6626,0.001170954049,0.0009128633028
6627,0.0008503854115,0.0007371421889
6628,0.0009307963555,0.0007625781072
6629,0.001042958349,0.0009529319868
6630,0.0007200706532,0.0007906271931
6631,0.0007660258852,0.0007948174753
6632,0.0008959837214,0.0009046169071
6633,0.001013612142,0.000770608367
6634,0.0009891941736,0.0008494052454
6635,0.00103743629,0.0008825234836
6636,0.000828774937,0.001233419192
6637,0.0008567332989,0.0009385325902
6638,0.0007769738586,0.0007281352118
6639,0.0009416948742,0.0008325162635
6640,0.0009201334469,0.00084213847
6641,0.001018665826,0.0008791224172
6642,0.001082797236,0.0009751359758
6643,0.000820168294,0.0007896723837
6644,0.0009318604789,0.0008456180876
6645,0.0008660752646,0.0008476200601
6646,0.001101735237,0.001053123291
6647,0.00102408688,0.0008552869986
6648,0.0009608854598,0.0008357670849
6649,0.0008453041955,0.0008300444424
6650,0.0007660844785,0.0009301172176
6651,0.0008650813106,0.0009117849841
6652,0.00113151675,0.0009585363732
6653,0.0008643529436,0.0009076610622
6654,0.001064730488,0.0007871872003
6655,0.0009148000099,0.0009589991823
6656,0.0009217277329,0.000936389828
6657,0.001332595042,0.0008605196927
6658,0.0007360297095,0.0007571525857
6659,0.0008580896974,0.0009151536433
6660,0.0007409742902,0.0008506453305
6661,0.0010646136,0.0008079575491
6662,0.0008735599476,0.0007547366185
6663,0.0008432298055,0.001025147227
6664,0.0009144585929,0.0009641831784
6665,0.0008628902433,0.0007585677413
6666,0.0008337920881,0.0008274791617
6667,0.0008293121937,0.0007892471986
6668,0.0007952875385,0.0006709371446
6669,0.0009668499115,0.0007891296482
6670,0.0009447231569,0.0008304281655
6671,0.0007367017606,0.0009888860222
6672,0.0009329118402,0.0008113332515
6673,0.0008238149894,0.0007783357796
6674,0.0009413902371,0.0008168543463
6675,0.0008026604119,0.0008713234492
6676,0.001022646196,0.0008957057435
6677,0.0007655004083,0.0008461102407
6678,0.001028714541,0.0006152146452
6679,0.0008441743121,0.0009135407381
6680,0.0008765495222,0.0008002871327
6681,0.0008970195922,0.0008385501606
6682,0.0008270253456,0.0008199507902
6683,0.0009267339337,0.0008728707471
6684,0.0007228050454,0.000944227686
6685,0.000940507729,0.0008284841679
6686,0.0009563591229,0.0008593805906
6687,0.0007541240338,0.0008372880402
6688,0.001052712782,0.0008443013576
6689,0.0009087895814,0.0007160244131
6690,0.001146400311,0.0008874732084
6691,0.001175334219,0.000773050393
6692,0.0008258120506,0.0008754661976
6693,0.0009664975514,0.0007502613116
6694,0.0008962650099,0.0006320653192
6695,0.0008969326955,0.0007859471225
6696,0.0009943322584,0.0008704062493
6697,0.0007958886563,0.0007197026498
6698,0.001050270985,0.0008712203198
6699,0.0009420156566,0.0009025973486
6700,0.0009675404581,0.0009308453518
6701,0.0008337903055,0.0007831895346
6702,0.0008254347631,0.0008670391908
6703,0.000685197585,0.0007489585696
6704,0.0009338892487,0.000956000913
6705,0.0009778023814,0.0007962328018
6706,0.000852367426,0.000829978344
6707,0.0009031746667,0.0008861502502
6708,0.0009265951085,0.0009415008826
6709,0.0009259379149,0.0008742988939
6710,0.0009289772788,0.0006833328807
6711,0.0008457270742,0.0009174355655
6712,0.0008795469766,0.0008744079823
6713,0.0008582831942,0.0007789302545
6714,0.0009315326606,0.0008702105624
6715,0.0009789269097,0.001108316741
6716,0.0009307384971,0.0007931093423
6717,0.0008246708239,0.0009986363802
6718,0.0008149205969,0.0008368323251
6719,0.0008979535269,0.0008236090289
6720,0.0009805225782,0.000803768773
6721,0.0009183007569,0.0009812830758
6722,0.001036380803,0.0007357010036
6723,0.0007954739849,0.0009118499147
6724,0.0009500787637,0.0009246759291
6725,0.0008303022041,0.0008680628562
6726,0.0007583723127,0.0007918522751
6727,0.0008755866802,0.000730874548
6728,0.0007574252377,0.0008870779275
6729,0.0009134438442,0.0008970093404
6730,0.000825342795,0.0009169709447
6731,0.000823629307,0.0007374941888
6732,0.0008807787781,0.001053025597
6733,0.0007620532924,0.0008670652678
6734,0.0009020214857,0.0008358349114
6735,0.0009987327066,0.0008556511748
6736,0.001082261027,0.0007028930995
6737,0.001344735778,0.0007768467622
6738,0.001013980363,0.0010154716
6739,0.0009995227665,0.001010429187
6740,0.001083120485,0.0007735047329
6741,0.0009540378014,0.0008292688581
6742,0.0009360690819,0.001009161519
6743,0.0008744853913,0.0007942191442
6744,0.001016680544,0.0009001834769
6745,0.0009091634493,0.0008913359707
6746,0.0008990739516,0.000881498825
6747,0.001162436296,0.0008391693409
6748,0.0009212840014,0.0007515403267
6749,0.0007475520833,0.0008557898982
6750,0.0007999482914,0.0008692913252
6751,0.0007910217028,0.0009099121598
6752,0.0007999351074,0.0008828481732
6753,0.0008117890029,0.0007330491571
6754,0.001066610959,0.0008929531687
6755,0.0008764080776,0.0008689589085
6756,0.0009628513799,0.0008911165132
6757,0.001088777179,0.000841385212
6758,0.001189216564,0.0007842071427
6759,0.0008445749918,0.0009230091309
6760,0.0007649809559,0.0007971979976
6761,0.0009466559422,0.0009461712252
6762,0.0009673614986,0.0006979082536
6763,0.0007464123773,0.0009200248169
6764,0.0008820516741,0.0008223588629
6765,0.0009430641439,0.000907668953
6766,0.001103715927,0.0008282331692
6767,0.0009188661134,0.0008177420532
6768,0.0009481644593,0.001015601854
6769,0.0008746009917,0.0009160165282
6770,0.0008562376097,0.0008208516592
6771,0.0008947199603,0.0009204373346
6772,0.0008151603179,0.000916664354
6773,0.0007897545001,0.0008644720947
6774,0.0008837710557,0.0007546786728
6775,0.0009058019277,0.0007373270419
6776,0.0009947022336,0.000833856735
6777,0.0007409910831,0.0009229755597
6778,0.001008402942,0.0008240062234
6779,0.0009759201057,0.0008605310941
6780,0.000848800315,0.0009502329121
6781,0.000864951915,0.0008203656762
6782,0.001037180235,0.0009951955217
6783,0.001055082605,0.0008185032857
6784,0.0007996452405,0.0008785683603
6785,0.0009421867944,0.0007944020035
6786,0.0009568150272,0.0008896061554
6787,0.0007968728896,0.0007905696402
6788,0.0007337433562,0.0008475345603
6789,0.000780922077,0.0008705896325
6790,0.0007893780421,0.0008542091164
6791,0.0008453150003,0.0009081664321
6792,0.0008551747887,0.000947645327
6793,0.000775743647,0.0007881374695
6794,0.0007658149698,0.0008133711817
6795,0.0007931842629,0.000738576975
6796,0.0009224973692,0.0009246100672
6797,0.00096434242,0.0008653587574
6798,0.0009495861232,0.0007634548456
6799,0.0008241964533,0.0009424087984
6800,0.0009606171734,0.000823681672
6801,0.0008200656521,0.0008295943917
6802,0.0008636938801,0.0009880838188
6803,0.0009921125529,0.000784787102
6804,0.0008091461423,0.0008088142131
6805,0.0009151908744,0.0008827478814
6806,0.000788723286,0.0008185037077
6807,0.0008157444609,0.0009951307438
6808,0.00104073454,0.0005979415
6809,0.0007945558536,0.0007543383326
6810,0.0007964977049,0.0007976854758
6811,0.000784500844,0.0007298603377
6812,0.0009995689106,0.0009570027833
6813,0.0007566827699,0.0007810527241
6814,0.0009224724126,0.0008111775605
6815,0.0007790017698,0.0007571798633
6816,0.0008706559966,0.0007804931374
6817,0.0008639642474,0.0009035930489
6818,0.0009341913246,0.0008289917387
6819,0.0009316712312,0.0007763131725
6820,0.001052489293,0.0008992586299
6821,0.0008667351722,0.0007812751428
6822,0.0009845640961,0.0007753913451
6823,0.0007664659788,0.0008174702161
6824,0.00088926834,0.0008009305056
6825,0.0009312641123,0.0008027985023
6826,0.0008670730967,0.0008021489048
6827,0.0008763976948,0.0008655767451
6828,0.001182213608,0.0009626873289
6829,0.000792405197,0.0007640786243
6830,0.0006698748912,0.0008290191145
6831,0.001000162541,0.0008974684606
6832,0.0007652713612,0.0008165454637
6833,0.0007815118661,0.0007623913334
6834,0.0009390758569,0.0007273120864
6835,0.001132525598,0.001074301501
6836,0.0009198330372,0.0008655029815
6837,0.0008845842822,0.0008246978032
6838,0.0009523333065,0.0009524768102
6839,0.000793267769,0.0007749966899
6840,0.0007762660025,0.0009108860904
6841,0.0008678726954,0.0007263525331
6842,0.0008749273184,0.0007750912628
6843,0.001063650212,0.00100843727
6844,0.0009197953259,0.0007192194098
6845,0.0008513456705,0.0008029135643
6846,0.001054005479,0.0009857509867
6847,0.0008503579666,0.000787006953
6848,0.000768875514,0.0009851795839
6849,0.0007783223555,0.0008695019933
6850,0.0007923736048,0.0007585898857
6851,0.0009452377199,0.0007159713605
6852,0.0008135608005,0.0009529321032
6853,0.0009669591673,0.0008710055845
6854,0.0008016908178,0.0008441272148
6855,0.001021570213,0.0007299575009
6856,0.0007377129441,0.0007814397395
6857,0.0009276173005,0.0008539291812
6858,0.0008218392541,0.0008982104919
6859,0.00101550707,0.000859038737
6860,0.0008813334425,0.0009075882117
6861,0.0008616975974,0.0007321385201
6862,0.0008577356566,0.0007695546337
6863,0.0008159910503,0.0007138807268
6864,0.0007663573342,0.0009611111818
6865,0.0009071577006,0.0009431270446
6866,0.0007549260263,0.0009556891237
6867,0.0007631513872,0.0008645404814
6868,0.001107533237,0.0007066409307
6869,0.0009820727209,0.0008271055704
6870,0.001084822186,0.0009421050199
6871,0.0008893422491,0.0008460298559
6872,0.0009815805897,0.001026236576
6873,0.0008723697174,0.0008925948932
6874,0.0008219668525,0.0008410325536
6875,0.0009160838163,0.0007428651952
6876,0.0008500015429,0.0009600388512
6877,0.0007360048912,0.0007114464534
6878,0.0009262654639,0.0007571030001
6879,0.0008601166846,0.0009197182808
6880,0.001130694844,0.0007389304592
6881,0.0008349146156,0.0007280161044
6882,0.0008174549657,0.000867025301
6883,0.0009381489945,0.000842785048
6884,0.0009492758036,0.0007322988895
6885,0.00093454132,0.0008351811121
6886,0.001013615751,0.0009147361779
6887,0.000761078285,0.0009117177178
6888,0.0008372575976,0.0006528289305
6889,0.000748866034,0.001107810342
6890,0.0008266204313,0.000679875935
6891,0.0008316924432,0.0007091848165
6892,0.0008858764049,0.0007463051916
6893,0.001113901199,0.0007830929062
6894,0.0009001298022,0.0007898990516
6895,0.0006796515227,0.000697219999
6896,0.0006981882179,0.0007355897942
6897,0.001126036041,0.0008326003808
6898,0.0008088593313,0.0007828678936
6899,0.0009473372629,0.001134754362
6900,0.0009901141311,0.0007967815327
6901,0.0008582524824,0.0008179372235
6902,0.0008401903542,0.001037645692
6903,0.00109553615,0.0007816776779
6904,0.000877401144,0.0008333369551
6905,0.0007933052984,0.0008149450296
6906,0.001034622204,0.0007153404149
6907,0.001000518016,0.000892126096
6908,0.0008376702972,0.001006992374
6909,0.0009186386742,0.0009622946964
6910,0.0008987135661,0.0008344171511
6911,0.001035530709,0.0007207959352
6912,0.001109493911,0.0008759120974
6913,0.001040380885,0.0007694244778
6914,0.00112056515,0.0008881258982
6915,0.0008870036108,0.0008453841947
6916,0.0008667285801,0.0007842102132
6917,0.0008534280569,0.0009107520455
6918,0.0007965193217,0.0007064342062
6919,0.0008551002538,0.0008648327785
6920,0.0009441384536,0.0008263434138
6921,0.000867035691,0.0006529351704
6922,0.0008292470447,0.0006975453507
6923,0.0007722008086,0.0009036116389
6924,0.0008154520328,0.0007770182347
6925,0.0009756012369,0.0007358805087
6926,0.0008254504355,0.0009694430628
6927,0.0008309477271,0.0008542026189
6928,0.0007846914086,0.0009026584885
6929,0.0007331844317,0.0008353065496
6930,0.0009080069358,0.0007345566628
6931,0.0008491660992,0.0008524711448
6932,0.001072758991,0.0006963817614
6933,0.0007584773011,0.0009739584566
6934,0.0008015349049,0.0009249479699
6935,0.001003277335,0.0007652154236
6936,0.001037470247,0.0007081920521
6937,0.0008771937064,0.0007952259766
6938,0.0007733904058,0.0008044899587
6939,0.0008423069303,0.0009916545387
6940,0.0009102396943,0.0008726315173
6941,0.0007537331621,0.0009504252303
6942,0.0009754259227,0.0007737497872
6943,0.000770254177,0.0009045387342
6944,0.0008664267007,0.0008783586236
6945,0.0008444510677,0.0007504130408
6946,0.0008022766924,0.00078618931
6947,0.0009197996987,0.001076135202
6948,0.0008778343472,0.0008067912531
6949,0.001032072789,0.0008038629676
6950,0.001051613115,0.0007773869729
6951,0.0008784067977,0.0007870099726
6952,0.0009368177489,0.0008333847254
6953,0.000868485411,0.0007180882567
6954,0.0007924719866,0.0008487110135
6955,0.001032301916,0.0008441436003
6956,0.0008328713593,0.0008602403323
6957,0.0009067425635,0.0007634831854
6958,0.0008850389022,0.001243524712
6959,0.0009012573646,0.0008868604637
6960,0.0007790771488,0.00090565149
6961,0.0007990893937,0.0008182525053
6962,0.0007822553089,0.0008394995057
6963,0.0007707063705,0.0009092883738
6964,0.0008182225647,0.000974945804
6965,0.0009557066478,0.0007409912105
6966,0.000778849957,0.0009351217304
6967,0.0008502638229,0.000821908041
6968,0.0008718988975,0.0008325340823
6969,0.001018981027,0.0009310663881
6970,0.0008576388136,0.0009830598428
6971,0.0009520185922,0.001043255077
6972,0.0009280524755,0.0007780582673
6973,0.001106100797,0.0008347571784
6974,0.0007874858275,0.0009388961553
6975,0.000879444211,0.00119727663
6976,0.0009231588483,0.0008724141153
6977,0.0006855989341,0.0008255883004
6978,0.0008608782155,0.0009030495712
6979,0.0008921427652,0.0008283629213
6980,0.000679905148,0.0008054172795
6981,0.0009341703262,0.0007970058177
6982,0.0009496920757,0.0007720876201
6983,0.0008069687101,0.0007760019798
6984,0.001034904213,0.0007791875032
6985,0.0009141140399,0.0006346304726
6986,0.0007336757917,0.0007879073491
6987,0.0008164325118,0.0008761445861
6988,0.0009276220371,0.0008237645015
6989,0.001019459283,0.0008647146387
6990,0.0007622514022,0.0007109505532
6991,0.0009635996539,0.00063667219
6992,0.0006917942446,0.0009393262735
6993,0.0009325465289,0.0009535323115
6994,0.0008121440187,0.0009360740005
6995,0.0007932620865,0.0009828223774
6996,0.0007252165742,0.0007801945685
6997,0.0009533981356,0.0008221256139
6998,0.001170557072,0.0008952347125
6999,0.0008467574589,0.0009473334212
7000,0.0008276767185,0.0007954538232
7001,0.0008729831461,0.0007640688309
7002,0.0008857668363,0.0009002966181
7003,0.0008766832325,0.0009402855794
7004,0.000812213606,0.0007349373373
7005,0.001230539165,0.0008001168899
7006,0.0007335633563,0.0009703319738
7007,0.0008332917278,0.0008368149502
7008,0.0009138298046,0.0009135152577
7009,0.0006654040772,0.001112395847
7010,0.0007255284509,0.000814362058
7011,0.001051066822,0.0007880172197
7012,0.0007494183883,0.001003984304
7013,0.0007219503022,0.0007980842856
7014,0.0007314829127,0.0007635950024
7015,0.0009220376669,0.000790775448
7016,0.0008346031973,0.0009393972214
7017,0.0008170294532,0.0009359710893
7018,0.0008290935803,0.0009339177923
7019,0.0009753480335,0.0008056347506
7020,0.0008333379192,0.000877968967
7021,0.0007955363071,0.0007257057368
7022,0.001057646303,0.0007867951063
7023,0.001015010945,0.0009303929983
7024,0.0007651371998,0.0009296868375
7025,0.000826195901,0.0008427299181
7026,0.0008791431501,0.0007219112158
7027,0.0009373578796,0.001158182953
7028,0.0009257750862,0.000739369556
7029,0.0007559004662,0.0009107680962
7030,0.0009371342276,0.0007770829907
7031,0.001183602122,0.000921937637
7032,0.0009473157697,0.0008738918623
7033,0.0008450661189,0.0007541198429
7034,0.0008088396353,0.0007332448076
7035,0.0008949004405,0.0007940333526
7036,0.0008893128397,0.0008411233066
7037,0.000966968335,0.000910655137
7038,0.0007536195335,0.0007221316191
7039,0.0007114321998,0.0008262592128
7040,0.0008629490185,0.0007321916273
7041,0.000842012596,0.001001337427
7042,0.0007983786418,0.0008458865632
7043,0.0008688623129,0.000946455104
7044,0.0007460428897,0.0008007692304
7045,0.0008769920532,0.0007508132185
7046,0.0007337915595,0.0009420193746
7047,0.000655527554,0.0008572238803
7048,0.0007627749073,0.0008573993182
7049,0.0008547458929,0.001059454953
7050,0.0010384048,0.0009801534543
7051,0.0008112076757,0.0008004684132
7052,0.0009664733807,0.0007295070609
7053,0.0008837717032,0.0007400199356
7054,0.0007009756955,0.0007150232304
7055,0.0009522635009,0.0007400999784
7056,0.0009491081,0.001064887518
7057,0.0009034254836,0.0007114643049
7058,0.0007221800042,0.0008104261433
7059,0.0006973425807,0.0009791319899
7060,0.001045031808,0.0008493708156
7061,0.0009634068119,0.0008256118381
7062,0.0009730390739,0.0008193076501
7063,0.0008560070055,0.0007001544691
7064,0.0008813087916,0.0008551990468
7065,0.0008390556213,0.0007712157349
7066,0.0008820687435,0.0008512984787
7067,0.0007996027853,0.0008141819053
7068,0.0008350338976,0.0009339011376
7069,0.0009765193536,0.0009519786327
7070,0.0008167331325,0.0007827226873
7071,0.001250555608,0.0009847127294
7072,0.000708994361,0.0009308544759
7073,0.0009575165823,0.0007204887443
7074,0.0007561143211,0.0007550629234
7075,0.0009879910867,0.0008068992611
7076,0.0007948414859,0.0009227873743
7077,0.0008518774484,0.0007512550837
7078,0.001011424931,0.0008512559034
7079,0.0007719901187,0.0009174367078
7080,0.0008132673029,0.0009081856042
7081,0.0007851331102,0.0008724609797
7082,0.000938355457,0.0008378313323
7083,0.0007809332819,0.0008980458588
7084,0.000859614207,0.0008894123384
7085,0.0007823506457,0.0008660324456
7086,0.000953905168,0.0007627319683
7087,0.000842174195,0.000830330413
7088,0.0008293943538,0.0007380673051
7089,0.0009181845162,0.0008168348759
7090,0.0009584631844,0.001047001966
7091,0.001080561615,0.0007491430115
7092,0.0007525753172,0.0006892461388
7093,0.001003919962,0.0007918345073
7094,0.0007253173244,0.0007849865724
7095,0.0008256698347,0.0009191520585
7096,0.0006930782838,0.0006578331377
7097,0.0006658567218,0.001034238543
7098,0.0008232925102,0.0008312529899
7099,0.0007152390608,0.0007340334705
7100,0.001029167404,0.0007420620859
7101,0.0009806212474,0.0009149619145
7102,0.0008576956643,0.0009310119713
7103,0.0007789915981,0.0008723606152
7104,0.000862011424,0.0007162960683
7105,0.001147736788,0.0008080772459
7106,0.001043618831,0.0006872740778
7107,0.0009513127225,0.0009400058261
7108,0.0009693805623,0.0007901894787
7109,0.0009453255843,0.0008378431812
7110,0.0007440204718,0.0007805031892
7111,0.0006605171475,0.001012869681
7112,0.000811779184,0.00088116798
7113,0.0008914635837,0.0007041984136
7114,0.0007191697441,0.0007318235657
7115,0.0008453211922,0.0007930014035
7116,0.0008026524956,0.000720730488
7117,0.0007675469969,0.000866341521
7118,0.0007111314044,0.0008948059403
7119,0.0009161809576,0.001081617556
7120,0.0009593082577,0.0007003198734
7121,0.000640753351,0.0009243630193
7122,0.0009699826842,0.0006912198369
7123,0.000862052053,0.0007463321526
7124,0.0008930449185,0.0008429124864
7125,0.0007910508029,0.000807731034
7126,0.0008620676745,0.0008233694607
7127,0.0008517868555,0.0007938350609
7128,0.0009102775584,0.0008695153447
7129,0.0009534759811,0.0007200293185
7130,0.0008218370713,0.0008154671814
7131,0.0007820578903,0.0007226104026
7132,0.0009675842812,0.0008607014897
7133,0.0008400720108,0.0006122435516
7134,0.0007854722644,0.0007533367243
7135,0.0008700614489,0.0008604843897
7136,0.0008935479855,0.0009320080571
7137,0.0007986773198,0.0007791973621
7138,0.000894616438,0.0007896926545
7139,0.0008376850164,0.000802485185
7140,0.00080338111,0.000861801127
7141,0.001181463034,0.000716579525
7142,0.0008728600369,0.0007172781916
7143,0.0009435499596,0.0006496888527
7144,0.001001996148,0.0007545594199
7145,0.001077558154,0.0009838943006
7146,0.0009890872388,0.0008353483354
7147,0.00093339874,0.0007730179386
7148,0.0009774186328,0.0008358331252
7149,0.0007917753901,0.0007800883322
7150,0.0007792819088,0.0006644066962
7151,0.0009624133745,0.0007591654285
7152,0.0007544728724,0.000784869073
7153,0.001005220962,0.000994970047
7154,0.0009864294188,0.0007853063507
7155,0.0006986529406,0.0009011248621
7156,0.0009164500152,0.0007817790029
7157,0.0008645766284,0.0009510015007
7158,0.000836149622,0.0008256761284
7159,0.0007212150522,0.0008727214081
7160,0.001043168631,0.0008614984399
7161,0.0009945661586,0.0007470228193
7162,0.0009218246742,0.0009014097814
7163,0.0007750071672,0.0009313079718
7164,0.0007761537927,0.0008748994878
7165,0.0008190373555,0.0008492943889
7166,0.0009233399251,0.000836351468
7167,0.0008587085613,0.0007833118289
7168,0.0008509921208,0.0007661597992
7169,0.0008439910089,0.0009150825717
7170,0.000711322311,0.0007912453657
7171,0.0008944594447,0.0009105834106
7172,0.0008552251311,0.0007525074871
7173,0.0009478563843,0.0008673117409
7174,0.0008110493,0.0008867398938
7175,0.0008052602498,0.000837618376
7176,0.0007945244397,0.0008724452891
7177,0.000848157506,0.0007502845037
7178,0.0008911741461,0.0007948914281
7179,0.00071265101,0.0009280547965
7180,0.000828592063,0.0008504041107
7181,0.000691832538,0.0008237371621
7182,0.0006797257083,0.0007891617861
7183,0.000731430664,0.0008666438735
7184,0.001028129031,0.0008090192059
7185,0.0008354136662,0.0006947943402
7186,0.0007935545509,0.0007946363912
7187,0.0007209098549,0.0009621831268
7188,0.0007202883426,0.0007430603073
7189,0.0007909150736,0.0006732858601
7190,0.0007475830134,0.0008760973069
7191,0.0008820676157,0.0007978706271
7192,0.0009152048078,0.0008470328321
7193,0.0008530686246,0.0008437268916
7194,0.0009247613125,0.0008366306647
7195,0.0009404467855,0.0008028340817
7196,0.0008087715651,0.0009937067589
7197,0.0007989473743,0.0007440875706
7198,0.0007128592551,0.0009036934935
7199,0.001088565812,0.0009447802295
7200,0.0006953173724,0.0008637848732
7201,0.0009302662002,0.0008064657377
7202,0.0009659092757,0.0009766171934
7203,0.0007607982407,0.0007745413459
7204,0.0008156298791,0.0008359936182
7205,0.0009127962112,0.0007397400477
7206,0.0007726982403,0.0008727173845
7207,0.0007847043235,0.001029230611
7208,0.0008098992548,0.000771410203
7209,0.000888790848,0.0008162029844
7210,0.0009330050962,0.000789375852
7211,0.0007574307383,0.0006892922102
7212,0.0009135101936,0.000960388199
7213,0.0007627436207,0.0008006126845
7214,0.0008907486699,0.000870464617
7215,0.000847777359,0.001251754664
7216,0.0007459655499,0.0007068156774
7217,0.0008818700517,0.0008682904081
7218,0.0008233255103,0.0007617508272
7219,0.0008859010122,0.0008029885212
7220,0.0006776027876,0.0007964770775
7221,0.0008738116376,0.0007923144731
7222,0.0007448328834,0.0008373348246
7223,0.0009460936271,0.0006824691263
7224,0.0007836625082,0.0008183757818
7225,0.000922514846,0.0008042112604
7226,0.0007527960188,0.0008250335813
7227,0.0008635558625,0.0006493400761
7228,0.0007280599311,0.001052086664
7229,0.001070514074,0.0007610989014
7230,0.0008381494627,0.0009357349118
7231,0.0009602469217,0.0008630641096
7232,0.0007573373441,0.0007413451385
7233,0.0009116454203,0.0007461990681
7234,0.0007771509772,0.000880659667
7235,0.0007168029042,0.0008380236468
7236,0.0006644165587,0.0009114740897
7237,0.0008448802364,0.0008131887153
7238,0.0007972162566,0.0008506905579
7239,0.0006739606761,0.0007596355572
7240,0.000764167642,0.0007848467721
7241,0.001115201536,0.0008097067912
7242,0.0009267270034,0.0009129338578
7243,0.0007258764599,0.00081469625
7244,0.0006840082424,0.0008867853867
7245,0.0007972892781,0.0007721622751
7246,0.0007681334246,0.0009160989939
7247,0.0009009035639,0.0008832059611
7248,0.0008810097606,0.0008726636079
7249,0.0009981650001,0.000743392724
7250,0.0008226504287,0.00106421396
7251,0.0008766505853,0.0009931293389
7252,0.0007671552885,0.00090078215
7253,0.000745687059,0.0008065008005
7254,0.0008975652454,0.0007595561256
7255,0.0008060362088,0.0008786482795
7256,0.0007444963412,0.0007972090461
7257,0.0007701160139,0.0006675031836
7258,0.0007003575192,0.0007871629896
7259,0.0008948869436,0.0008322623471
7260,0.0008470153552,0.0007861270351
7261,0.0009253085009,0.0006899445361
7262,0.0008036385625,0.000685537183
7263,0.0009388844555,0.000830115423
7264,0.0008737892713,0.0006792629065
7265,0.000830406927,0.0008127894471
7266,0.0007497211445,0.0009426240358
7267,0.0007744927279,0.0007445633746
7268,0.0008545194796,0.0007943925229
7269,0.0008016187567,0.000826512216
7270,0.001015969719,0.0007452620121
7271,0.0008043589187,0.0007492310251
7272,0.0006699337064,0.0007649163381
7273,0.0008265181968,0.0008123633233
7274,0.0009219938656,0.0007363122058
7275,0.0007694291926,0.001018719726
7276,0.00080215239,0.0007304434694
7277,0.0007936490729,0.0007260530474
7278,0.001012423352,0.0007688494079
7279,0.0008681074905,0.0007441735579
7280,0.0009037538766,0.0007813879492
7281,0.001049973071,0.0007504808891
7282,0.0009091805769,0.0008775452006
7283,0.0008946242306,0.0008967246467
7284,0.0007134087718,0.000812852646
7285,0.001107438067,0.0007887670436
7286,0.0007880021003,0.0007283820596
7287,0.0009747263757,0.0007797693761
7288,0.0007948617676,0.0008090728588
7289,0.0008115296878,0.0008808309503
7290,0.001178281003,0.000755158253
7291,0.0006950007519,0.0007406451987
7292,0.0008929833639,0.0008420965896
7293,0.0008175424737,0.0007235553494
7294,0.0008275457221,0.0007469139164
7295,0.0008354407655,0.0007997450302
7296,0.001117541644,0.0008978907645
7297,0.0008750278794,0.0007344505066
7298,0.0007707655095,0.0006645845788
7299,0.0007745217008,0.0008448939334
7300,0.0008475697432,0.0008725799344
7301,0.0008561218419,0.0006855859974
7302,0.0007339981894,0.000733853034
7303,0.001003305086,0.0007994815387
7304,0.0009107899241,0.0007688804544
7305,0.0008765449456,0.0007766231865
7306,0.000869141797,0.0009525783826
7307,0.0008340017739,0.0009564411084
7308,0.0006834378,0.0008859210648
7309,0.000714156813,0.0006803947108
7310,0.0008183935643,0.0008397948404
7311,0.0007007895547,0.0009101811156
7312,0.0008409767397,0.0009006348191
7313,0.0008105357192,0.000786509001
7314,0.001101424947,0.0007022703794
7315,0.0006635969476,0.0007402344054
7316,0.001026537007,0.0009301605169
7317,0.0009623162186,0.000820185538
7318,0.0008328465919,0.0007340692537
7319,0.0007760867011,0.00081194831
7320,0.0009607230531,0.000807915796
7321,0.001184323468,0.0007449967088
7322,0.0007266780231,0.0007881753336
7323,0.0008150157555,0.0007512681696
7324,0.0009925415507,0.0007737150736
7325,0.0008290222904,0.000711869834
7326,0.0008661590691,0.0007865999942
7327,0.0008660930471,0.0008497953168
7328,0.0008302703354,0.0008098226026
7329,0.0008604736286,0.0009365438673
7330,0.0009251172305,0.0006735980423
7331,0.0009310493188,0.000881850101
7332,0.0007563441541,0.0008127587789
7333,0.0008344464804,0.000896945603
7334,0.0008667342991,0.0007573481271
7335,0.0007711278886,0.0007916185132
7336,0.0007317478012,0.00092749131
7337,0.0007957646812,0.0007156218671
7338,0.0007705451317,0.0008271987681
7339,0.0008064170106,0.0006992041381
7340,0.0008283352945,0.00080082567
7341,0.0007479354608,0.0009148891477
7342,0.0007809316012,0.0007572069262
7343,0.0009676980189,0.0006663387467
7344,0.0009567406523,0.0008402800086
7345,0.0008815447436,0.0008579114728
7346,0.0008913120619,0.000787470759
7347,0.0008191762608,0.000660050413
7348,0.0008086593225,0.0006919831358
7349,0.0009743179471,0.0007580630408
7350,0.0008710975308,0.0007460589622
7351,0.0007351003514,0.0006951963478
7352,0.0007473893565,0.0007850345646
7353,0.0008313271246,0.0008641410168
7354,0.0007833259297,0.0007691746869
7355,0.0008428555666,0.0007488159681
7356,0.0008899236273,0.0006752839727
7357,0.0007710459467,0.0007783219189
7358,0.0007665733356,0.0007910888453
7359,0.0008597281994,0.00074247679
7360,0.0009244821558,0.0006163110193
7361,0.0007742212183,0.0006365618319
7362,0.0008337303734,0.0008812022388
7363,0.0008552242289,0.0008590815632
7364,0.0008362501794,0.0006264367912
7365,0.0006834370906,0.0008411781891
7366,0.00077281005,0.0008520663396
7367,0.0009159825895,0.0007304570208
7368,0.0007546108536,0.0008136142751
7369,0.0008729257315,0.0008720697952
7370,0.0008391864758,0.0007065957907
7371,0.0008048667878,0.0007185661707
7372,0.0008114958036,0.0008238569062
7373,0.0008303138748,0.0009879480131
7374,0.0007697967012,0.0008616749619
7375,0.0009089900414,0.000806405249
7376,0.0008719791877,0.0008119853483
7377,0.0008694814096,0.000827665528
7378,0.001026071419,0.0008390902294
7379,0.0009407543985,0.0008821737792
7380,0.001057530237,0.0008304898183
7381,0.0008893990889,0.000831938698
7382,0.001070597085,0.0007061721299
7383,0.00111650621,0.0009144372671
7384,0.0007517148188,0.001053013126
7385,0.0009198243715,0.0006831681239
7386,0.0008407584392,0.0008844039039
7387,0.0007459846238,0.0007402823758
7388,0.001183616419,0.0007683122094
7389,0.000790321792,0.0006596653766
7390,0.00103455138,0.000818899447
7391,0.0007386067955,0.0007426144075
7392,0.0007339447038,0.0009197554537
7393,0.0008112987853,0.0008993652227
7394,0.0007378184273,0.0007926070248
7395,0.0007800261228,0.0008079051549
7396,0.0008386138361,0.0007392901389
7397,0.0007657331371,0.00106040937
7398,0.0006891011944,0.00082508177
7399,0.0009452118393,0.0006956820544
7400,0.0008608075877,0.0007921305951
7401,0.0006789679828,0.0008044863498
7402,0.0008112762807,0.0008750516863
7403,0.000792716768,0.0007720779831
7404,0.000793862906,0.0007740774163
7405,0.0008527762402,0.0007565338492
7406,0.0008542846845,0.0008726661872
7407,0.0009797014282,0.0006777140807
7408,0.0008035360042,0.0008314984116
7409,0.001076831606,0.0008611612138
7410,0.0009510212112,0.0009231625809
7411,0.0007735642139,0.0007661005438
7412,0.001148492527,0.0009143961506
7413,0.0008941696506,0.0008925955335
7414,0.0008029761811,0.0007736898333
7415,0.0007455256309,0.0008287979726
7416,0.000883279994,0.0009565764194
7417,0.0009095385467,0.0008161991827
7418,0.0006850967548,0.0009004874009
7419,0.000891166681,0.0007436567394
7420,0.0007761393063,0.0006467055828
7421,0.0007030624402,0.0006911560195
7422,0.0007886730746,0.0009355380171
7423,0.0006866981166,0.0008837876085
7424,0.0008563368465,0.0008164539686
7425,0.0009654288006,0.0006598524997
7426,0.0008215336056,0.0008524975347
7427,0.00100976113,0.0007720253343
7428,0.0007340746997,0.0008315952509
7429,0.001126795425,0.0006745902574
7430,0.0007960888324,0.0007739409775
7431,0.0009426591787,0.0007788931725
7432,0.0007084049103,0.0006880016663
7433,0.001007925588,0.0007258648693
7434,0.0007651993801,0.0007765911396
7435,0.0008235767855,0.0008055122853
7436,0.0009235230609,0.0008214675508
7437,0.0008438576042,0.0007678769471
7438,0.001144623719,0.0006842783405
7439,0.001102994822,0.0009119241367
7440,0.0006181995959,0.0007667228783
7441,0.0008976629324,0.0006683550673
7442,0.0007930461652,0.0007385389399
7443,0.0007213207573,0.0008345758979
7444,0.0008778879637,0.0009409760096
7445,0.0008605742551,0.000851709101
7446,0.0009846873436,0.0007084674799
7447,0.001060656039,0.0007817044316
7448,0.0007925696773,0.0006995478616
7449,0.0007969508879,0.0009992167033
7450,0.0009796385129,0.00079260661
7451,0.000893552824,0.0007224242763
7452,0.0008585792166,0.0007242671418
7453,0.0008261906769,0.0008441488135
7454,0.0008416317505,0.0008002754766
7455,0.0009984186618,0.0008924693175
7456,0.0007066317048,0.0009168051693
7457,0.0007594059643,0.0006290819438
7458,0.0007716027758,0.0008255006105
7459,0.0008239493618,0.0008080909502
7460,0.0007557823483,0.00102069047
7461,0.0008013859988,0.0008823587086
7462,0.0007087772246,0.0006104560453
7463,0.0007406432051,0.0007277430304
7464,0.0009742206239,0.0007464207592
7465,0.0009100023963,0.0006899111795
7466,0.0007138418732,0.0007896388197
7467,0.001081206887,0.0008521972486
7468,0.0009150413243,0.0007392489715
7469,0.0007865296939,0.0006449130742
7470,0.001114499093,0.000956391279
7471,0.0007200647306,0.0009431334693
7472,0.0009262077365,0.0008770673739
7473,0.0007719203059,0.0008314614315
7474,0.0008896497893,0.0007661531345
7475,0.0007673435066,0.000822761438
7476,0.0008932361889,0.0009210727512
7477,0.0009446231707,0.0008301131711
7478,0.0008067791132,0.0007062690056
7479,0.0009741128306,0.0006962175466
7480,0.0007804004053,0.0007658307622
7481,0.0008601602676,0.0008389274881
7482,0.0007424643409,0.0007914598682
7483,0.0006987556844,0.0008772983419
7484,0.0007526880654,0.0007592211768
7485,0.0006965574685,0.0007860997866
7486,0.0006967655718,0.0007555453922
7487,0.0008909969256,0.000899207218
7488,0.0007809243543,0.0009031529953
7489,0.0009085401325,0.0008176165284
7490,0.0008878508816,0.0006800934862
7491,0.0008411982199,0.0008501011471
7492,0.0008966391397,0.0008091448217
7493,0.0009107395017,0.000676761505
7494,0.0008341850917,0.0008283782518
7495,0.0007716310138,0.0008658388979
7496,0.001152053803,0.0006462251768
7497,0.0007213857898,0.0007244391818
7498,0.0008617766798,0.0009288422443
7499,0.001062065116,0.0007626138104
7500,0.0007216460508,0.0009301894534
7501,0.0008987649489,0.0006531894542
7502,0.0008702618507,0.000785120541
